Scenario,Total Return,CAGR,Sharpe,MaxDD,Final Equity
Normal Pool,3.9126294404015827,0.1571643332971422,0.7991368918306995,-0.2589228625256927,491262.9440401583
Toxic Pool (Stress),-0.06979472345863136,-0.006612694989695744,-0.13583640851150025,-0.13474028285221193,93020.52765413687
Merged Pool (Real),4.816004371098383,0.17521627123257222,0.8666192889705375,-0.25772294537277246,581600.4371098382
