Date,Ticker,Sector,Entry,High,Low,Close,ATR,Gap_Pct,Prob
2024-01-03,ABAT,Industrials,4.489999771118164,4.514999866485596,4.199999809265137,4.230000019073486,0.44684612072828833,0.019296153748313345,0.8287388967891663
2024-01-05,ABAT,Industrials,4.380000114440918,4.409999847412109,4.010000228881836,4.150000095367432,0.42189791943688676,0.030588262221392465,0.606165343521994
2024-01-12,ABAT,Industrials,3.6500000953674316,3.7100000381469727,3.4800000190734863,3.559999942779541,0.3730201696859631,0.008287351037779467,0.5353520844871912
2024-01-18,ABAT,Industrials,2.880000114440918,3.369999885559082,2.5199999809265137,2.9700000286102295,0.40323444232809885,0.07063199002931751,0.5722847047090899
2024-01-24,ABAT,Industrials,2.8299999237060547,3.130000114440918,2.680000066757202,2.7100000381469727,0.4236393426055322,0.00711743107963571,0.8139759354415586
2024-02-01,ABAT,Industrials,2.799999952316284,2.799999952316284,2.509999990463257,2.5399999618530273,0.3630345662511027,0.037037001061669086,0.7261724819282379
2024-02-07,ABAT,Industrials,2.740000009536743,2.75,2.4800000190734863,2.4800000190734863,0.3232418792876671,0.007352934086817846,0.7301939632712564
2024-02-08,ABAT,Industrials,2.509999990463257,2.509999990463257,2.299999952316284,2.359999895095825,0.3194388865475848,0.01209676256413027,0.644876018973629
2024-02-09,ABAT,Industrials,2.4200000762939453,2.4700000286102295,2.325000047683716,2.369999885559082,0.31162182594754106,0.025423806722535417,0.7419020300453192
2024-03-04,ABAT,Industrials,2.490000009536743,2.75,2.450000047683716,2.490000009536743,0.24264070692213463,0.020491783255629073,0.50724975869908
2024-03-11,ABAT,Industrials,2.0799999237060547,2.111999988555908,2.0,2.009999990463257,0.24891465769250043,0.009708728874782328,0.6085655254066543
2024-03-12,ABAT,Industrials,2.049999952316284,2.059999942779541,1.8600000143051147,1.9600000381469727,0.23913503846845813,0.019900478628265224,0.6038145746434918
2024-03-21,ABAT,Industrials,2.130000114440918,2.130000114440918,1.9500000476837158,1.9800000190734863,0.2295885778861646,0.03902447023681246,0.8478679581536772
2024-03-25,ABAT,Industrials,1.9199999570846558,1.9199999570846558,1.7000000476837158,1.7200000286102295,0.21704321869587478,0.0105263058828844,0.5678418646138996
2024-03-26,ABAT,Industrials,1.7699999809265137,1.7799999713897705,1.7000000476837158,1.7050000429153442,0.21725441088909375,0.029069739235228063,0.5179681613490634
2024-03-27,ABAT,Industrials,1.7400000095367432,1.7400000095367432,1.590000033378601,1.600000023841858,0.2074505189474481,0.02052783914395287,0.5408448325816216
2024-04-01,ABAT,Industrials,1.8250000476837158,1.850000023841858,1.7200000286102295,1.75,0.2059649873759642,0.04285717010498047,0.5075597199173169
2024-04-03,ABAT,Industrials,1.7200000286102295,2.1050000190734863,1.7200000286102295,1.75,0.2001432833616242,0.0487805143982653,0.6053022227325763
2024-04-04,ABAT,Industrials,1.7999999523162842,1.7999999523162842,1.6399999856948853,1.7200000286102295,0.2190616226485511,0.02857140132359096,0.7203071873150245
2024-04-05,ABAT,Industrials,1.7999999523162842,1.7999999523162842,1.7200000286102295,1.7599999904632568,0.21484293293232595,0.0465115827763649,0.6389668729552562
2024-04-11,ABAT,Industrials,1.8300000429153442,1.8300000429153442,1.7200000286102295,1.7699999809265137,0.191628723285227,0.005494500096186174,0.5985952488379638
2024-04-15,ABAT,Industrials,1.7599999904632568,1.7599999904632568,1.5499999523162842,1.6100000143051147,0.17824108853599296,0.029239737544372344,0.5602562482834972
2024-04-16,ABAT,Industrials,1.6200000047683716,1.6200000047683716,1.4900000095367432,1.5,0.18050958493677724,0.00621117414559334,0.5807792387067082
2024-04-17,ABAT,Industrials,1.5099999904632568,1.5800000429153442,1.3899999856948853,1.4299999475479126,0.1769017571006952,0.006666660308837891,0.6563915847210384
2024-04-18,ABAT,Industrials,1.440000057220459,1.4500000476837158,1.2100000381469727,1.3600000143051147,0.1778373499663926,0.006993083943600166,0.7353040986201508
2024-04-19,ABAT,Industrials,1.3799999952316284,1.3799999952316284,1.3300000429153442,1.340000033378601,0.18227753993570336,0.014705868173635691,0.6055412898104686
2024-04-23,ABAT,Industrials,1.350000023841858,1.3600000143051147,1.2400000095367432,1.2799999713897705,0.16762706103587538,0.007462679264300777,0.5792031246186854
2024-04-24,ABAT,Industrials,1.2899999618530273,1.3799999952316284,1.2879999876022339,1.3700000047683716,0.16422512844533937,0.007812492724042223,0.5649045994294067
2024-04-26,ABAT,Industrials,1.399999976158142,1.399999976158142,1.2899999618530273,1.340000033378601,0.1510920738936168,0.01449273985189887,0.5097501366913827
2024-05-01,ABAT,Industrials,1.309999942779541,1.3300000429153442,1.2799999713897705,1.309999942779541,0.1360638892347318,0.007692300638503318,0.5665997669995072
2024-05-15,ABAT,Industrials,1.3300000429153442,1.3700000047683716,1.2999999523162842,1.309999942779541,0.09334883821640023,0.015267252678933151,0.5967259474341405
2024-05-16,ABAT,Industrials,1.3700000047683716,1.3700000047683716,1.2799999713897705,1.3300000429153442,0.09168106780466362,0.04580157603787616,0.6278490934921048
2024-05-21,ABAT,Industrials,1.4600000381469727,1.4600000381469727,1.399999976158142,1.4199999570846558,0.1056826846601287,0.02816907202197346,0.5240659941462201
2024-05-22,ABAT,Industrials,1.4500000476837158,1.4700000286102295,1.4299999475479126,1.4600000381469727,0.10241964018360741,0.021126825004031707,0.5767216316400869
2024-05-28,ABAT,Industrials,1.4500000476837158,1.4600000381469727,1.3700000047683716,1.3899999856948853,0.09186807174741368,0.006944437545758981,0.526858826002816
2024-05-29,ABAT,Industrials,1.399999976158142,1.399999976158142,1.350000023841858,1.3600000143051147,0.09173464043535563,0.007194237817389377,0.7786459469771109
2024-05-31,ABAT,Industrials,1.3799999952316284,1.3899999856948853,1.3600000143051147,1.3799999952316284,0.08598547421487131,0.02222220063700145,0.5241968397182096
2024-06-03,ABAT,Industrials,1.399999976158142,1.4299999475479126,1.3799999952316284,1.399999976158142,0.08270079476045387,0.01449273985189887,0.5389122577155636
2024-06-12,ABAT,Industrials,1.2699999809265137,1.2790000438690186,1.190000057220459,1.2100000381469727,0.08531422919753075,0.040983566511258146,0.7438439579309849
2024-06-13,ABAT,Industrials,1.25,1.25,1.1699999570846558,1.1799999475479126,0.08557749758688996,0.03305781867105094,0.5373557565876849
2024-06-17,ABAT,Industrials,1.0700000524520874,1.090000033378601,1.0199999809265137,1.0299999713897705,0.08980916998111156,0.009434066238083006,0.733341632476105
2024-06-18,ABAT,Industrials,1.0499999523162842,1.0759999752044678,1.0,1.0,0.0883942330147527,0.019417457749564656,0.7660878409904989
2024-06-20,ABAT,Industrials,1.0499999523162842,1.149999976158142,1.0099999904632568,1.0399999618530273,0.08750892888544663,0.04999995231628418,0.7070416360942163
2024-06-21,ABAT,Industrials,1.0499999523162842,1.090000033378601,1.0299999713897705,1.0299999713897705,0.09197257511921059,0.009615375798129148,0.6907699172904752
2024-06-25,ABAT,Industrials,1.0499999523162842,1.1100000143051147,1.0499999523162842,1.0499999523162842,0.08578247721276007,0.029411737206622428,0.5332887878694097
2024-06-26,ABAT,Industrials,1.0800000429153442,1.159999966621399,1.0700000524520874,1.1150000095367432,0.08608373122460586,0.02857151615376773,0.6418750756791962
2024-06-28,ABAT,Industrials,1.2699999809265137,1.2999999523162842,1.190000057220459,1.25,0.08794974265966962,0.07627121811795395,0.8425368963508776
2024-07-05,ABAT,Industrials,1.059999942779541,1.059999942779541,1.0,1.0099999904632568,0.09696253170872815,0.024154567115350484,0.5642852175974854
2024-07-11,ABAT,Industrials,1.1100000143051147,1.149999976158142,1.0549999475479126,1.100000023841858,0.10180984418473142,0.027777750183035924,0.5364219645796219
2024-07-25,ABAT,Industrials,0.9800000190734863,1.0299999713897705,0.949999988079071,1.0299999713897705,0.07838196898714814,0.005128200112166768,0.596522706154916
2024-08-12,ABAT,Industrials,1.0299999713897705,1.0399999618530273,0.8500000238418579,1.0399999618530273,0.0766974803991844,0.01980196150035633,0.5019639538158662
2024-08-27,ABAT,Industrials,1.090000033378601,1.1299999952316284,1.0800000429153442,1.100000023841858,0.06495835886186628,0.009259250061011975,0.712774809131681
2024-08-28,ABAT,Industrials,1.1200000047683716,1.149999976158142,1.0299999713897705,1.090000033378601,0.06388990125146755,0.018181800448205245,0.5192475045143797
2024-08-30,ABAT,Industrials,1.1100000143051147,1.1299999952316284,1.0800000429153442,1.1050000190734863,0.06661935054038176,0.01834860579271824,0.6134422258921746
2024-09-10,ABAT,Industrials,1.0299999713897705,1.059999942779541,1.0099999904632568,1.0399999618530273,0.060265773148308645,0.009803912402207475,0.6646316114125556
2024-09-18,ABAT,Industrials,1.0099999904632568,1.0299999713897705,0.9900000095367432,0.9900000095367432,0.05560272898978239,0.009999990463256836,0.5388969454433871
2024-09-19,ABAT,Industrials,1.0,1.0149999856948853,0.9900000095367432,1.0099999904632568,0.05448824562287132,0.010101000370632515,0.7272362163464904
2024-09-20,ABAT,Industrials,1.059999942779541,1.2100000381469727,0.9900000095367432,1.0399999618530273,0.05238194066110495,0.049504903750890825,0.660708930912862
2024-09-25,ABAT,Industrials,0.875,0.8799999952316284,0.800000011920929,0.8100000023841858,0.07166294017478167,0.005747120924395414,0.6646696366160852
2024-10-07,ABAT,Industrials,1.0399999618530273,1.1100000143051147,1.0,1.059999942779541,0.08967427832570737,0.009708728874782328,0.5585645744232554
2024-10-10,ABAT,Industrials,1.0,1.0199999809265137,0.9900000095367432,1.0,0.08821588497121421,0.010101000370632515,0.5574082133282559
2024-10-14,ABAT,Industrials,1.0199999809265137,1.0199999809265137,0.9900000095367432,1.0,0.08233920095467243,0.009900980750178165,0.5227165892552893
2024-10-17,ABAT,Industrials,1.0499999523162842,1.0499999523162842,1.0,1.0299999713897705,0.07542609316148904,0.009615375798129148,0.5714528415740837
2024-10-18,ABAT,Industrials,1.0499999523162842,1.0499999523162842,0.9900000095367432,0.9980000257492065,0.07360994024397441,0.019417457749564656,0.5577443589990836
2024-10-22,ABAT,Industrials,1.0199999809265137,1.0299999713897705,0.9869999885559082,1.0099999904632568,0.07030652358830658,0.009900980750178165,0.7261616949288126
2024-10-24,ABAT,Industrials,1.0099999904632568,1.0199999809265137,0.9900000095367432,1.0099999904632568,0.06561633603428985,0.012024012429300113,0.5827126452179364
2024-10-30,ABAT,Industrials,1.0099999904632568,1.0099999904632568,1.0,1.0,0.056060806306415654,0.009999990463256836,0.5779769395327653
2024-10-31,ABAT,Industrials,1.0099999904632568,1.0099999904632568,0.9599999785423279,0.996999979019165,0.05277074803190431,0.009999990463256836,0.8029013418347781
2024-11-01,ABAT,Industrials,1.0099999904632568,1.0099999904632568,0.9900000095367432,0.9929999709129333,0.05257283830969179,0.013039129104978548,0.5854676334381242
2024-11-11,ABAT,Industrials,1.0,1.0099999904632568,0.9399999976158142,0.9539999961853027,0.04322205787268589,0.006036199447211903,0.5031395379023849
2024-11-14,ABAT,Industrials,0.9900000095367432,1.0,0.949999988079071,0.9620000123977661,0.04566722642500724,0.006097542877332978,0.5638571592122066
2024-11-18,ABAT,Industrials,0.8600000143051147,0.9200000166893005,0.800000011920929,0.800000011920929,0.055692663239337956,0.011764694332664312,0.5844870174809504
2024-11-19,ABAT,Industrials,0.8199999928474426,0.8500000238418579,0.7699999809265137,0.800000011920929,0.060286044777126076,0.024999975785613422,0.5814049223000138
2024-12-03,ABAT,Industrials,0.8920000195503235,0.9490000009536743,0.8299999833106995,0.925000011920929,0.07473558052548,0.05812577117486836,0.5720124463358872
2024-12-17,ABAT,Industrials,0.8830000162124634,0.9179999828338623,0.8299999833106995,0.8600000143051147,0.08323590198273101,0.03033841667527932,0.8267827136036257
2024-12-18,ABAT,Industrials,1.1699999570846558,1.2400000095367432,0.8799999952316284,0.8799999952316284,0.08357619466419043,0.3604650437477293,0.9023155943498081
2024-12-27,ABAT,Industrials,3.630000114440918,4.110000133514404,2.9100000858306885,3.359999895095825,0.3143522632887561,0.15605095323769003,0.7539459222251172
2025-01-02,ABAT,Industrials,2.509999990463257,2.6700000762939453,2.0199999809265137,2.130000114440918,0.411360016877069,0.020325183553227627,0.7354464102915923
2025-01-14,ABAT,Industrials,1.899999976158142,1.9900000095367432,1.7200000286102295,1.8200000524520874,0.45160856043649605,0.027027000903735277,0.609559563430598
2025-01-17,ABAT,Industrials,2.0799999237060547,2.0850000381469727,1.9199999570846558,2.0,0.41631414169700987,0.029702942250534495,0.5741069277686168
2025-02-07,ABAT,Industrials,1.3600000143051147,1.4199999570846558,1.2699999809265137,1.309999942779541,0.26694863873458324,0.007407400212333817,0.6523116931517351
2025-02-10,ABAT,Industrials,1.3200000524520874,1.340000033378601,1.2599999904632568,1.2799999713897705,0.25859516283626605,0.007633671839197399,0.536004285772704
2025-02-14,ABAT,Industrials,1.3300000429153442,1.3890000581741333,1.2699999809265137,1.3799999952316284,0.22432832082206522,0.023076993614966818,0.5436584502164102
2025-02-24,ABAT,Industrials,1.0,1.0800000429153442,0.9700000286102295,1.0199999809265137,0.1991717490624499,0.010101000370632515,0.5712459866644141
2025-02-25,ABAT,Industrials,1.0399999618530273,1.0399999618530273,0.9599999785423279,0.9919999837875366,0.19280233943692596,0.01960782480441495,0.689155261999508
2025-02-27,ABAT,Industrials,1.0399999618530273,1.0399999618530273,0.968999981880188,0.9929999709129333,0.1749775246979411,0.029702942250534495,0.9101516463103175
2025-03-10,ABAT,Industrials,1.0299999713897705,1.0299999713897705,0.9300000071525574,0.9380000233650208,0.14292373122674315,0.01980196150035633,0.7760687619649733
2025-03-12,ABAT,Industrials,1.0199999809265137,1.0499999523162842,0.9810000061988831,0.996999979019165,0.13715362288622693,0.019999980926513672,0.7667195047299405
2025-03-25,ABAT,Industrials,1.0299999713897705,1.100000023841858,1.0199999809265137,1.059999942779541,0.11359986945911776,0.01980196150035633,0.5221167047736062
2025-04-08,ABAT,Industrials,1.0,1.0299999713897705,0.9100000262260437,0.9240000247955322,0.10508379396765999,0.015228411651818353,0.9574647180478013
2025-04-14,ABAT,Industrials,1.0299999713897705,1.100000023841858,1.0199999809265137,1.0199999809265137,0.09597225309685069,0.042510118160178315,0.6819594795295558
2025-04-17,ABAT,Industrials,1.100000023841858,1.1699999570846558,1.0449999570846558,1.1699999570846558,0.09700403008027725,0.0280373550646287,0.7745573431460594
2025-04-21,ABAT,Industrials,1.190000057220459,1.2000000476837158,1.059999942779541,1.1299999952316284,0.0990037422174003,0.01709410330718167,0.6826265727621423
2025-04-22,ABAT,Industrials,1.149999976158142,1.190000057220459,1.0700000524520874,1.0700000524520874,0.10193205383788419,0.017699098239742965,0.5034196913233764
2025-04-23,ABAT,Industrials,1.1200000047683716,1.1699999570846558,1.100000023841858,1.1100000143051147,0.10322262176149044,0.0467289251077145,0.7095392706440998
2025-05-12,ABAT,Industrials,1.409999966621399,1.4900000095367432,1.3200000524520874,1.340000033378601,0.14567090575076866,0.007142850452539758,0.8260910915167774
2025-05-20,ABAT,Industrials,1.440000057220459,1.4450000524520874,1.371000051498413,1.3899999856948853,0.16385368971896436,0.035971274849026576,0.7248522374348474
2025-05-29,ABAT,Industrials,1.3899999856948853,1.3899999856948853,1.3300000429153442,1.340000033378601,0.13584650308830612,0.022058802260453536,0.8576950811219121
2025-06-03,ABAT,Industrials,1.399999976158142,1.5390000343322754,1.3899999856948853,1.4800000190734863,0.12465552870478129,0.01449273985189887,0.5014008528804698
2025-06-05,ABAT,Industrials,1.5399999618530273,1.5499999523162842,1.4500000476837158,1.4500000476837158,0.12302950982048785,0.026666641235351562,0.5281727130153577
2025-06-09,ABAT,Industrials,1.4800000190734863,1.4800000190734863,1.4199999570846558,1.4500000476837158,0.11771421762354624,0.013698616715036242,0.5221498915803984
2025-06-20,ABAT,Industrials,1.3600000143051147,1.3600000143051147,1.2599999904632568,1.2699999809265137,0.09264657279064735,0.014925358528601555,0.6460524395055866
2025-06-25,ABAT,Industrials,1.2599999904632568,1.2899999618530273,1.2400000095367432,1.2799999713897705,0.09329610504145708,0.007999992370605469,0.5143652917893026
2025-06-30,ABAT,Industrials,1.5490000247955322,1.7100000381469727,1.4800000190734863,1.6200000047683716,0.1131601799987051,0.06095889337202899,0.5209867686993525
2025-07-07,ABAT,Industrials,1.8799999952316284,1.9700000286102295,1.7799999713897705,1.8799999952316284,0.15224744260234727,0.027322377674172095,0.7501197042480419
2025-07-08,ABAT,Industrials,1.8899999856948853,2.0399999618530273,1.8799999952316284,1.9700000286102295,0.15494405793221241,0.0053191438769257925,0.5938517881161101
2025-07-09,ABAT,Industrials,2.0,2.009999990463257,1.7699999809265137,1.7999999523162842,0.1553051942671543,0.015228411651818353,0.6130829057741567
2025-07-18,ABAT,Industrials,2.4800000190734863,2.4800000190734863,2.2300000190734863,2.4000000953674316,0.19995836309861592,0.05084751242024469,0.7009321941887311
2025-07-21,ABAT,Industrials,2.690000057220459,3.299999952316284,2.5,2.559999942779541,0.20353276573442908,0.12083331263727694,0.6121288380677347
2025-07-25,ABAT,Industrials,3.744999885559082,3.890000104904175,2.890000104904175,3.1549999713897705,0.2822292729365273,0.11127596817048188,0.716573791516377
2025-08-04,ABAT,Industrials,2.380000114440918,2.6500000953674316,2.25,2.2899999618530273,0.3395200062410443,0.08181821038900267,0.6126387587609747
2025-08-07,ABAT,Industrials,2.190000057220459,2.319999933242798,2.049999952316284,2.0799999237060547,0.3223598404115101,0.013888875091517962,0.5571104404499104
2025-08-11,ABAT,Industrials,2.2799999713897705,2.430000066757202,2.1700000762939453,2.25,0.31736128963386967,0.06046505593299618,0.7057961412277185
2025-08-13,ABAT,Industrials,2.4000000953674316,2.490000009536743,2.309999942779541,2.4700000286102295,0.3072145651652474,0.03004299311307958,0.5348402675168952
2025-09-05,ABAT,Industrials,2.5399999618530273,2.7699999809265137,2.3399999141693115,2.4000000953674316,0.2434116275862631,0.011952179881974254,0.5990412931146566
2025-09-08,ABAT,Industrials,2.450000047683716,2.49399995803833,2.369999885559082,2.380000114440918,0.25673937324133017,0.020833312637276943,0.5142014112648061
2025-09-26,ABAT,Industrials,4.460000038146973,4.639999866485596,4.150000095367432,4.380000114440918,0.37515871303984366,0.02764974224425488,0.6206236439925341
2025-09-30,ABAT,Industrials,5.25,5.269999980926514,4.599999904632568,4.860000133514404,0.41240723976638827,0.01744189055219223,0.74977635602661
2025-10-02,ABAT,Industrials,5.25,5.429999828338623,4.849999904632568,5.010000228881836,0.4543205155151347,0.011560682489023788,0.5946315707501021
2025-10-10,ABAT,Industrials,6.400000095367432,7.340000152587891,6.389999866485596,6.75,0.5080237832596806,0.025641078544558448,0.6297033581923642
2025-10-15,ABAT,Industrials,11.414999961853027,11.489999771118164,8.109999656677246,8.949999809265137,0.8998573110617981,0.007502209948750737,0.717891731294094
2025-10-20,ABAT,Industrials,6.014999866485596,6.869999885559082,5.570000171661377,6.71999979019165,1.2277793196927174,0.24020618242492248,0.6565220558873063
2025-11-10,ABAT,Industrials,4.645999908447266,4.690000057220459,4.130000114440918,4.28000020980835,0.8395046775313267,0.04875848498388064,0.6521900418739248
2025-11-12,ABAT,Industrials,4.119999885559082,4.429999828338623,4.0920000076293945,4.349999904632568,0.7895729137452668,0.01477831123772482,0.5004164530593537
2025-11-19,ABAT,Industrials,3.799999952316284,4.21999979019165,3.759999990463257,4.019999980926514,0.6852723520939098,0.029810269211400515,0.6089400718411486
2025-11-20,ABAT,Industrials,4.150000095367432,4.25,3.440000057220459,3.509999990463257,0.6741814507280014,0.03233833707903552,0.8956688846095924
2025-11-21,ABAT,Industrials,3.5399999618530273,3.5799999237060547,3.2300000190734863,3.369999885559082,0.6838827715888257,0.008547000419168392,0.7829101883321519
2025-11-26,ABAT,Industrials,3.619999885559082,3.7100000381469727,3.4700000286102295,3.5799999237060547,0.59462114056069,0.01685391678200277,0.5015932315640279
2025-12-15,ABAT,Industrials,4.139999866485596,4.460000038146973,3.9100000858306885,3.930000066757202,0.4559504169717347,0.012224868467564348,0.6804704919004188
2025-12-18,ABAT,Industrials,3.75,3.9700000286102295,3.7049999237060547,3.7699999809265137,0.46577516849643585,0.030219750529023957,0.5122923682197296
2025-12-26,ABAT,Industrials,4.03000020980835,4.03000020980835,3.765000104904175,3.819999933242798,0.42255981160984146,0.01511339565887214,0.5231507330664981
2025-12-30,ABAT,Industrials,3.5299999713897705,3.559999942779541,3.3399999141693115,3.359999895095825,0.4083551424675747,0.008571420397077287,0.5811890276519798
2026-01-02,ABAT,Industrials,3.4200000762939453,3.7100000381469727,3.3299999237060547,3.700000047683716,0.37976539458890574,0.023952144964210442,0.5277882379849361
2026-01-05,ABAT,Industrials,3.869999885559082,4.699999809265137,3.8399999141693115,4.659999847412109,0.3797821602926209,0.045945901536349976,0.5885572128618648
2026-01-14,ABAT,Industrials,5.25,5.329999923706055,4.599999904632568,5.309999942779541,0.47622551502219646,0.07142855057563488,0.7368707341547857
2024-01-18,ABNB,Consumer Cyclical,137.0,139.53500366210938,135.22500610351562,137.0399932861328,3.584123623838097,0.014965212152905777,0.5898915726841181
2024-01-24,ABNB,Consumer Cyclical,143.80999755859375,144.10000610351562,139.5800018310547,141.19000244140625,3.6862110371938592,0.010611345568887426,0.7748899217892621
2024-01-25,ABNB,Consumer Cyclical,143.1999969482422,143.2899932861328,140.3679962158203,142.11000061035156,3.7457676968557934,0.014236096551312716,0.5810038444846226
2024-02-22,ABNB,Consumer Cyclical,151.02000427246094,155.6999969482422,150.26499938964844,155.25999450683594,5.327705392624292,0.011927088674480167,0.5567566262492344
2024-03-07,ABNB,Consumer Cyclical,165.0,165.38499450683594,162.24000549316406,163.5399932861328,4.970796436509509,0.006895740016373378,0.5148795942898681
2024-03-14,ABNB,Consumer Cyclical,165.74000549316406,166.72000122070312,162.72000122070312,166.44000244140625,4.85414495592342,0.005948112521255662,0.52320250927348
2024-03-21,ABNB,Consumer Cyclical,165.80999755859375,170.10000610351562,165.0,168.17999267578125,4.5520604947775825,0.006678348612039444,0.7129846950331296
2024-04-04,ABNB,Consumer Cyclical,161.22000122070312,163.64999389648438,158.52000427246094,158.83999633789062,4.004679800551822,0.011798700426889868,0.5693433949786952
2024-04-09,ABNB,Consumer Cyclical,161.5500030517578,163.2050018310547,159.91000366210938,162.66000366210938,3.956149347675058,0.007986514913426106,0.5144003246802965
2024-04-15,ABNB,Consumer Cyclical,161.80999755859375,162.89999389648438,154.41000366210938,155.60000610351562,4.337703212079376,0.015310300032399915,0.5237595239558912
2024-04-17,ABNB,Consumer Cyclical,158.4499969482422,159.6999969482422,156.41000366210938,158.3699951171875,4.563274017057999,0.011425975005040485,0.5416593634346644
2024-04-18,ABNB,Consumer Cyclical,159.60000610351562,162.94000244140625,159.2100067138672,160.10000610351562,4.472325393420486,0.00776669207710694,0.7176094830242884
2024-05-03,ABNB,Consumer Cyclical,161.80999755859375,165.5,159.14999389648438,159.7100067138672,4.448422538684307,0.021979382854124995,0.5501063010287333
2024-05-15,ABNB,Consumer Cyclical,147.57000732421875,147.69000244140625,144.75,145.8000030517578,4.628094566264732,0.005930541200239522,0.6079780413699898
2024-05-28,ABNB,Consumer Cyclical,146.0,147.8699951171875,145.11000061035156,147.00999450683594,3.7199535082385236,0.010590425461127637,0.5561015241714332
2024-06-12,ABNB,Consumer Cyclical,149.99000549316406,150.2899932861328,148.62100219726562,149.32000732421875,3.19863269091315,0.015160781679621404,0.6484535498515361
2024-07-09,ABNB,Consumer Cyclical,152.9199981689453,155.66000366210938,151.96499633789062,152.4499969482422,2.91781172111463,0.006317395450539424,0.6888923421770793
2024-07-16,ABNB,Consumer Cyclical,148.47000122070312,151.63999938964844,147.8800048828125,151.25999450683594,3.271764302329392,0.008490694128755489,0.5041356835741643
2024-07-26,ABNB,Consumer Cyclical,141.89999389648438,141.91000366210938,139.02999877929688,140.10000610351562,3.754824981020257,0.01335424647210648,0.6342770435782359
2024-07-29,ABNB,Consumer Cyclical,141.24000549316406,142.42999267578125,140.0,140.2899932861328,3.692337831148275,0.00813704025684429,0.6413156748575926
2024-08-14,ABNB,Consumer Cyclical,117.72000122070312,118.73999786376953,116.18000030517578,116.23999786376953,4.969228767705162,0.007014539641752615,0.6031002674314162
2024-09-10,ABNB,Consumer Cyclical,117.01000213623047,117.40599822998047,112.86000061035156,115.12000274658203,3.2841883005740264,0.0055861251501323995,0.6588695995912918
2024-09-19,ABNB,Consumer Cyclical,127.93000030517578,131.35000610351562,127.44000244140625,128.75,3.4532746469964426,0.04500900358311073,0.5655507184444387
2024-09-26,ABNB,Consumer Cyclical,132.70599365234375,133.33999633789062,129.14599609375,129.25,3.499381609475716,0.015270345313698204,0.7160081452515189
2024-10-24,ABNB,Consumer Cyclical,133.5500030517578,133.75,131.66000366210938,132.75,3.0889059830708976,0.012356010502099992,0.5148841925724356
2024-10-31,ABNB,Consumer Cyclical,137.6999969482422,138.05999755859375,134.25999450683594,134.7899932861328,2.929530374421739,0.0087911864340087,0.5615176112991047
2024-11-06,ABNB,Consumer Cyclical,141.97999572753906,142.9499969482422,139.41000366210938,140.91000366210938,3.0097151749834694,0.030184212612425893,0.5659961159752148
2024-12-19,ABNB,Consumer Cyclical,129.1300048828125,131.0800018310547,127.91000366210938,129.35000610351562,3.921857160698735,0.012466708137615995,0.6728028546152576
2025-01-06,ABNB,Consumer Cyclical,137.0,138.10000610351562,134.5800018310547,135.1999969482422,3.730381120969863,0.009505513391158044,0.501270382312615
2025-02-24,ABNB,Consumer Cyclical,147.0,147.07000732421875,143.8800048828125,144.82000732421875,5.572106168792189,0.006366759972271563,0.6159948088590982
2025-02-26,ABNB,Consumer Cyclical,143.16000366210938,145.1300048828125,142.22000122070312,144.02999877929688,5.3561026070556705,0.011374076832501835,0.5926386384177761
2025-03-03,ABNB,Consumer Cyclical,140.33999633789062,144.75,139.9010009765625,140.97999572753906,5.1328640895089075,0.01058544878224157,0.6182865556237442
2025-03-12,ABNB,Consumer Cyclical,127.0,127.4800033569336,123.53099822998047,126.55000305175781,5.49260236890772,0.012436204785012133,0.7540086223860938
2025-04-08,ABNB,Consumer Cyclical,110.73999786376953,112.97000122070312,104.1500015258789,105.69000244140625,5.854238756889668,0.04176852948771668,0.8524005504992855
2025-04-14,ABNB,Consumer Cyclical,117.30000305175781,118.29000091552734,112.55000305175781,113.22000122070312,6.9807146997661595,0.024096404000083393,0.6174169848588351
2025-04-15,ABNB,Consumer Cyclical,114.2249984741211,115.70999908447266,113.5199966430664,114.63999938964844,6.892092068623543,0.008876499227896118,0.5007993150248073
2025-04-17,ABNB,Consumer Cyclical,113.75,114.0,111.86000061035156,112.69999694824219,6.435681568205995,0.00985440888109212,0.7341572630477137
2025-04-23,ABNB,Consumer Cyclical,119.69999694824219,122.31999969482422,116.72000122070312,118.27999877929688,5.823291870189055,0.041684737041847934,0.6846811947094804
2025-05-08,ABNB,Consumer Cyclical,124.625,127.62999725341797,123.62000274658203,126.38999938964844,5.004162936983922,0.012223824072808911,0.5067901032515234
2025-05-12,ABNB,Consumer Cyclical,133.16000366210938,134.85000610351562,132.13999938964844,134.2100067138672,4.894660557202097,0.04817382479909932,0.7531610169893955
2025-05-29,ABNB,Consumer Cyclical,130.0,130.0,126.95999908447266,128.36000061035156,4.06114250041362,0.010336534157001996,0.7891243520265733
2025-06-06,ABNB,Consumer Cyclical,139.17999267578125,143.8800048828125,138.9499969482422,140.63999938964844,3.881291934268957,0.013766475941982145,0.5088920686599854
2025-06-09,ABNB,Consumer Cyclical,141.47000122070312,141.5260009765625,138.33999633789062,139.00999450683594,4.074771910155438,0.005901605764055331,0.5266023685633371
2025-08-06,ABNB,Consumer Cyclical,130.6750030517578,131.2899932861328,128.3000030517578,130.5,3.257635292588896,0.005501664365598501,0.5692420936358743
2025-08-22,ABNB,Consumer Cyclical,127.16999816894531,130.4250030517578,126.31999969482422,129.9199981689453,3.269290300239003,0.005853024297898679,0.6133268346811476
2025-09-29,ABNB,Consumer Cyclical,124.44000244140625,124.58000183105469,122.83000183105469,122.91999816894531,2.8097885879462035,0.005982259591111317,0.608822314075787
2025-11-07,ABNB,Consumer Cyclical,125.49500274658203,125.76000213623047,117.14700317382812,120.87999725341797,2.926974192430749,0.041193097300005796,0.6257051369534581
2025-11-10,ABNB,Consumer Cyclical,121.94000244140625,122.83000183105469,119.77999877929688,120.19999694824219,3.3331188188572916,0.008769070252095069,0.5857632715074907
2025-11-21,ABNB,Consumer Cyclical,112.16999816894531,115.69000244140625,111.83999633789062,114.26000213623047,3.2910751718630156,0.0056481732853407894,0.7184074507721017
2025-12-15,ABNB,Consumer Cyclical,129.2899932861328,132.25,128.3000030517578,131.80999755859375,3.2514721524863446,0.007009844230569704,0.6095419263275298
2025-12-17,ABNB,Consumer Cyclical,133.9600067138672,136.82000732421875,133.62100219726562,133.77999877929688,3.1997689966103158,0.014771701296679257,0.5094584569519932
2025-12-22,ABNB,Consumer Cyclical,136.08999633789062,138.52000427246094,135.9499969482422,136.9499969482422,3.266371929586831,0.005987563319801798,0.560653772530337
2024-01-18,ACHR,Industrials,5.21999979019165,5.25,4.860000133514404,5.019999980926514,0.28427952401326284,0.03571425192480429,0.6652190340650539
2024-01-22,ACHR,Industrials,5.449999809265137,5.849999904632568,5.150000095367432,5.309999942779541,0.28848589908357813,0.07707507329957841,0.6011142969972572
2024-01-24,ACHR,Industrials,5.550000190734863,5.590000152587891,5.010000228881836,5.010000228881836,0.3168577560592723,0.023985260629333545,0.844002865674911
2024-01-25,ACHR,Industrials,5.050000190734863,5.119999885559082,4.949999809265137,4.980000019073486,0.3356536251768996,0.007984023957211433,0.7067572330528393
2024-01-26,ACHR,Industrials,5.019999980926514,5.150000095367432,4.880000114440918,4.900000095367432,0.32382122882811715,0.008032120823258392,0.6005316660977357
2024-02-06,ACHR,Industrials,4.699999809265137,5.074999809265137,4.670000076293945,5.059999942779541,0.30632220757130524,0.0064239255848147275,0.5152529040178331
2024-02-15,ACHR,Industrials,5.539999961853027,5.550000190734863,5.329999923706055,5.449999809265137,0.32001977456361924,0.01465200057639656,0.5039250930249156
2024-02-22,ACHR,Industrials,5.170000076293945,5.190000057220459,4.860000133514404,4.869999885559082,0.29595027121462153,0.0237623526785689,0.590001825533196
2024-02-29,ACHR,Industrials,4.800000190734863,4.980000019073486,4.78000020980835,4.829999923706055,0.281822522094583,0.016949238156632324,0.5493363806407066
2024-03-04,ACHR,Industrials,4.579999923706055,4.670000076293945,4.420000076293945,4.480000019073486,0.28095922793566724,0.006593347629364868,0.606249790345823
2024-03-06,ACHR,Industrials,4.269999980926514,4.550000190734863,4.184999942779541,4.25,0.2859801587923501,0.014251767751990314,0.5189571054013019
2024-03-07,ACHR,Industrials,4.320000171661377,4.449999809265137,4.0,4.289999961853027,0.29162445087541955,0.01647062862620634,0.5158544914469245
2024-03-08,ACHR,Industrials,4.340000152587891,4.800000190734863,4.340000152587891,4.579999923706055,0.30293697647468504,0.011655056218990302,0.5319435013771113
2024-03-18,ACHR,Industrials,5.050000190734863,5.139999866485596,4.71999979019165,4.869999885559082,0.353103062846612,0.005976137434728164,0.5054059589261378
2024-03-21,ACHR,Industrials,5.099999904632568,5.190000057220459,4.989999771118164,5.110000133514404,0.3501630794580427,0.007905130890387859,0.8143489749319498
2024-03-25,ACHR,Industrials,4.949999809265137,5.110000133514404,4.900000095367432,4.949999809265137,0.33376309873512633,0.012269927283794078,0.582803965197129
2024-03-26,ACHR,Industrials,4.980000019073486,5.047999858856201,4.769999980926514,4.789999961853027,0.3256371821846751,0.0060606486796619405,0.5293834620409514
2024-03-27,ACHR,Industrials,4.840000152587891,4.849999904632568,4.630000114440918,4.739999771118164,0.3222345175950331,0.010438453263686571,0.5036656642648316
2024-04-04,ACHR,Industrials,4.5,4.565000057220459,4.25,4.300000190734863,0.2855007867953114,0.020408198571867254,0.5589189690218399
2024-04-11,ACHR,Industrials,4.199999809265137,4.320000171661377,4.125,4.190000057220459,0.25671673933368194,0.009615375798129148,0.598287307696808
2024-04-15,ACHR,Industrials,4.059999942779541,4.070000171661377,3.8499999046325684,3.890000104904175,0.25142924139032935,0.012468755871280135,0.5484721069202273
2024-04-17,ACHR,Industrials,3.9100000858306885,3.940000057220459,3.7799999713897705,3.7799999713897705,0.24138544252550317,0.01295341764086292,0.58831027984972
2024-04-18,ACHR,Industrials,3.799999952316284,3.859999895095825,3.7149999141693115,3.7799999713897705,0.23557220276158783,0.005291000285156192,0.731417199926269
2024-04-24,ACHR,Industrials,4.050000190734863,4.110000133514404,3.859999895095825,3.9700000286102295,0.23364386377575644,0.009975052261825204,0.5548962836350954
2024-04-25,ACHR,Industrials,4.010000228881836,4.01800012588501,3.869999885559082,3.9800000190734863,0.23481217625024378,0.010075617124267185,0.550104458933583
2024-04-29,ACHR,Industrials,4.059999942779541,4.099999904632568,3.990000009536743,4.070000171661377,0.22085338084803838,0.009950239314132612,0.6613659846014442
2024-05-10,ACHR,Industrials,3.880000114440918,4.130000114440918,3.5739998817443848,3.6500000953674316,0.19921345271915225,0.029177754395471035,0.5936670668385684
2024-05-13,ACHR,Industrials,3.740000009536743,4.0,3.7300000190734863,3.75,0.22469822271753662,0.024657510087065238,0.5686181516095267
2024-05-15,ACHR,Industrials,4.059999942779541,4.090000152587891,3.799999952316284,3.890000104904175,0.2405305986294482,0.014999985694885254,0.5447928832978117
2024-05-22,ACHR,Industrials,3.5,3.5,3.390000104904175,3.4200000762939453,0.2251111731859316,0.005747120924395414,0.7855434370657955
2024-05-31,ACHR,Industrials,3.240000009536743,3.369999885559082,3.200000047683716,3.2699999809265137,0.20740305714587604,0.012499987892806711,0.5138419637553002
2024-06-03,ACHR,Industrials,3.3499999046325684,3.4000000953674316,3.240000009536743,3.299999952316284,0.2047313986265539,0.02446480861549966,0.5368152115790397
2024-06-05,ACHR,Industrials,3.4000000953674316,3.549999952316284,3.2799999713897705,3.450000047683716,0.19142656470714356,0.046153875497671276,0.5000161906120391
2024-06-06,ACHR,Industrials,3.6600000858306885,3.7200000286102295,3.4100000858306885,3.430000066757202,0.19918180667922503,0.060869575433184095,0.6818088169148953
2024-06-12,ACHR,Industrials,3.430000066757202,3.619999885559082,3.359999895095825,3.359999895095825,0.19057324342315787,0.03939397464223305,0.7088599558601976
2024-06-13,ACHR,Industrials,3.4100000858306885,3.4100000858306885,3.200000047683716,3.2699999809265137,0.19981800698170357,0.014881009611887892,0.5250933601999572
2024-06-20,ACHR,Industrials,3.0999999046325684,3.200000047683716,3.0399999618530273,3.119999885559082,0.18516327828101728,0.0130718832029433,0.7389957477262515
2024-06-21,ACHR,Industrials,3.1500000953674316,3.700000047683716,3.119999885559082,3.6600000858306885,0.18336590739170808,0.009615452214343201,0.5225767926062375
2024-06-24,ACHR,Industrials,3.680000066757202,4.03000020980835,3.6600000858306885,3.740000009536743,0.21169692558691705,0.00546447553483442,0.5571436408655246
2024-06-25,ACHR,Industrials,3.759999990463257,3.880000114440918,3.630000114440918,3.6600000858306885,0.22300429690054163,0.005347588469389063,0.5640893355480966
2024-07-02,ACHR,Industrials,3.490000009536743,3.7899999618530273,3.4700000286102295,3.7200000286102295,0.21850528621881565,0.020467816281060643,0.5726881488442129
2024-07-05,ACHR,Industrials,4.760000228881836,4.789999961853027,4.21999979019165,4.400000095367432,0.2565172980336197,0.1306413742877174,0.6297600504742554
2024-07-08,ACHR,Industrials,4.610000133514404,4.619999885559082,4.409999847412109,4.480000019073486,0.27962319986736506,0.0477272803625783,0.6095070238522114
2024-07-11,ACHR,Industrials,4.46999979019165,4.570000171661377,4.300000190734863,4.570000171661377,0.27952336538769296,0.018223217799343223,0.7586822582532432
2024-07-15,ACHR,Industrials,5.320000171661377,5.320000171661377,4.945000171661377,5.050000190734863,0.3024971617145216,0.05346534073837806,0.5977056740491407
2024-07-18,ACHR,Industrials,5.110000133514404,5.210000038146973,4.769999980926514,4.829999923706055,0.3212358866977969,0.007889538559901044,0.5457767186902529
2024-07-22,ACHR,Industrials,4.679999828338623,4.710000038146973,4.510000228881836,4.599999904632568,0.32331052240534663,0.00862068168189925,0.5665216271081757
2024-07-26,ACHR,Industrials,4.5,4.769999980926514,4.5,4.690000057220459,0.30499717015153477,0.022727250560256557,0.5746741998772944
2024-07-29,ACHR,Industrials,4.769999980926514,4.815000057220459,4.380000114440918,4.460000038146973,0.3096402212520739,0.01705755282089844,0.6013422602838843
2024-08-06,ACHR,Industrials,4.079999923706055,4.0980000495910645,3.809999942779541,3.9200000762939453,0.3352099866128577,0.043478218451048795,0.6261331226677065
2024-08-07,ACHR,Industrials,4.0,4.139999866485596,3.8299999237060547,3.8399999141693115,0.33183785234133384,0.02040814340536656,0.76271665074994
2024-08-12,ACHR,Industrials,3.680000066757202,3.75,3.5199999809265137,3.549999952316284,0.34136216621742865,0.010989000192372348,0.5270556642825035
2024-08-22,ACHR,Industrials,3.8499999046325684,3.880000114440918,3.619999885559082,3.680000066757202,0.27939671900952767,0.00785339578901603,0.5378516757123832
2024-08-26,ACHR,Industrials,3.8399999141693115,3.9600000381469727,3.815000057220459,3.930000066757202,0.2688675841089693,0.005235597192677354,0.5138651201926786
2024-08-29,ACHR,Industrials,3.609999895095825,3.700000047683716,3.5299999713897705,3.5399999618530273,0.2531294072461888,0.014044930651668976,0.5956493236250542
2024-08-30,ACHR,Industrials,3.5999999046325684,3.619999885559082,3.3499999046325684,3.4000000953674316,0.24719159789245715,0.01694913656104499,0.7425583692484921
2024-09-03,ACHR,Industrials,3.430000066757202,3.5,3.3499999046325684,3.380000114440918,0.24882076810917547,0.008823520749498234,0.6887564210918099
2024-09-17,ACHR,Industrials,3.140000104904175,3.240000009536743,3.109999895095825,3.130000114440918,0.2173144280245119,0.009646370038679774,0.5565203096716158
2024-09-19,ACHR,Industrials,3.1600000858306885,3.180000066757202,3.0399999618530273,3.049999952316284,0.2092149950142246,0.032679785921928044,0.7270485813360724
2024-09-23,ACHR,Industrials,3.0799999237060547,3.0999999046325684,3.009999990463257,3.0399999618530273,0.19468027850284392,0.00653594160147165,0.5088338834204765
2024-09-26,ACHR,Industrials,2.9600000381469727,3.0,2.821000099182129,2.9200000762939453,0.17957817413784033,0.01718211369124795,0.7471094953209392
2024-09-27,ACHR,Industrials,2.990000009536743,3.180000066757202,2.9800000190734863,3.069999933242798,0.17953686890069967,0.023972579251313426,0.54690715749009
2024-10-01,ACHR,Industrials,3.049999952316284,3.069999933242798,2.9600000381469727,2.9700000286102295,0.18312107305968048,0.00660065383345211,0.6872141861389209
2024-10-02,ACHR,Industrials,3.075000047683716,3.2200000286102295,2.9800000190734863,3.200000047683716,0.17789813177654798,0.03535354143502135,0.6213450473414454
2024-10-23,ACHR,Industrials,3.390000104904175,3.490000009536743,3.0899999141693115,3.119999885559082,0.1708600712497607,0.02727277390556298,0.6417288116237929
2024-10-24,ACHR,Industrials,3.1500000953674316,3.2850000858306885,3.049999952316284,3.0899999141693115,0.1872272158295943,0.009615452214343201,0.6083601402880905
2024-10-30,ACHR,Industrials,3.4100000858306885,3.4800000190734863,3.259999990463257,3.2799999713897705,0.19221034954465047,0.014881009611887892,0.5905897019139595
2024-11-01,ACHR,Industrials,3.2300000190734863,3.3350000381469727,3.1700000762939453,3.2799999713897705,0.1946099495538313,0.025396800407627637,0.6129718545149591
2024-11-13,ACHR,Industrials,4.769999980926514,4.78000020980835,4.150000095367432,4.28000020980835,0.2844267885504982,0.023605179638684307,0.7859270284835463
2024-11-22,ACHR,Industrials,6.079999923706055,6.21999979019165,5.739999771118164,6.039999961853027,0.3870662853145594,0.05190306280415383,0.5498367217398096
2024-11-27,ACHR,Industrials,7.510000228881836,8.539999961853027,7.449999809265137,8.079999923706055,0.51990838720445,0.04016626691376783,0.5228586700827693
2024-12-02,ACHR,Industrials,9.6899995803833,9.720000267028809,6.820000171661377,7.300000190734863,0.6615536881300799,0.012539173394538566,0.7875617502617573
2024-12-18,ACHR,Industrials,9.279999732971191,10.579999923706055,8.760000228881836,8.949999809265137,0.8911157914667862,0.020902043695698792,0.7776695146946637
2024-12-19,ACHR,Industrials,9.140000343322754,9.680000305175781,8.1899995803833,8.420000076293945,0.9574646417066028,0.021229110402988676,0.7413029152735817
2024-12-23,ACHR,Industrials,9.699999809265137,10.140000343322754,9.149999618530273,9.380000114440918,1.0543955591747816,0.022128560928535122,0.5129161947014101
2024-12-26,ACHR,Industrials,11.119999885559082,11.359999656677246,10.600000381469727,11.329999923706055,1.1148105074331527,0.029629600849335268,0.566007725114095
2025-01-06,ACHR,Industrials,11.600000381469727,11.800000190734863,11.270000457763672,11.449999809265137,1.1214146226337727,0.007819300677514747,0.5922284921642607
2025-01-14,ACHR,Industrials,8.680000305175781,8.89900016784668,8.0,8.220000267028809,1.126191645606709,0.0546781030339128,0.6713721264537306
2025-01-28,ACHR,Industrials,9.3100004196167,9.3100004196167,8.789999961853027,9.15999984741211,0.9916521113570462,0.016375608592064345,0.5326377262999659
2025-01-31,ACHR,Industrials,9.329999923706055,10.180000305175781,9.229999542236328,9.449999809265137,0.899085229648224,0.006472433978375153,0.5684721053046661
2025-02-05,ACHR,Industrials,9.319999694824219,9.739999771118164,9.0600004196167,9.149999618530273,0.8614287274567326,0.01635764637756642,0.6056954947453835
2025-02-06,ACHR,Industrials,9.239999771118164,9.460000038146973,8.859999656677246,9.149999618530273,0.8484694863170706,0.009836082660115672,0.6269373740565528
2025-02-18,ACHR,Industrials,11.0,11.84000015258789,10.510000228881836,10.670000076293945,0.8816655978656066,0.06280189319548332,0.5455708221552219
2025-02-19,ACHR,Industrials,10.989999771118164,11.050000190734863,9.979999542236328,10.0600004196167,0.9251180388122179,0.029990599113038204,0.6163317658059866
2025-02-20,ACHR,Industrials,10.229999542236328,10.350000381469727,9.260000228881836,10.130000114440918,0.9354667966469549,0.016898520430291008,0.5971851478102729
2025-02-21,ACHR,Industrials,10.369999885559082,10.59000015258789,9.109999656677246,9.130000114440918,0.9465048934998789,0.023691981086557946,0.7406012631505289
2025-02-26,ACHR,Industrials,8.229999542236328,8.510000228881836,7.945000171661377,8.210000038146973,0.9773438385237565,0.05920200288790258,0.6101776421285011
2025-02-27,ACHR,Industrials,8.600000381469727,8.640000343322754,7.869999885559082,7.920000076293945,0.9603907249117255,0.04750308666390438,0.8470746020540041
2025-03-03,ACHR,Industrials,9.149999618530273,9.399999618530273,7.690000057220459,7.880000114440918,1.0448777595115748,0.030405349167763447,0.7005713389059616
2025-03-12,ACHR,Industrials,7.289999961853027,7.519999980926514,6.940000057220459,7.480000019073486,0.957018764258865,0.07048458489084385,0.7916294200693577
2025-03-13,ACHR,Industrials,7.659999847412109,7.75,7.179999828338623,7.25,0.9393745695365869,0.024064148112250782,0.5561165573633106
2025-04-08,ACHR,Industrials,7.190000057220459,7.28000020980835,6.21999979019165,6.400000095367432,0.7474095900270548,0.07957961290559082,0.9804508094322858
2025-04-14,ACHR,Industrials,7.329999923706055,7.460000038146973,6.989999771118164,7.25,0.7624946507205214,0.04267421122963005,0.6918678872982121
2025-04-17,ACHR,Industrials,7.190000057220459,7.599999904632568,7.039999961853027,7.230000019073486,0.6934222977467269,0.019858136552901667,0.7348444818163244
2025-04-23,ACHR,Industrials,7.809999942779541,8.1899995803833,7.684999942779541,8.050000190734863,0.635274330653085,0.06403266763229437,0.6783183625458321
2025-04-28,ACHR,Industrials,8.739999771118164,8.890000343322754,8.210000038146973,8.529999732971191,0.6268540204217552,0.017462120589728205,0.5331205846516578
2025-05-08,ACHR,Industrials,8.920000076293945,9.020000457763672,8.630000114440918,8.760000228881836,0.6178246475216582,0.04205603259694305,0.5305362666111083
2025-05-12,ACHR,Industrials,9.239999771118164,9.329999923706055,8.840999603271484,9.079999923706055,0.5873692351669404,0.04880809659713649,0.7379486427075723
2025-05-29,ACHR,Industrials,11.199999809265137,11.229999542236328,10.489999771118164,10.600000381469727,0.8172848075611218,0.02283105062599793,0.8065354867344586
2025-06-03,ACHR,Industrials,10.199999809265137,10.4399995803833,9.65999984741211,9.720000267028809,0.7776438570988575,0.04830424348825657,0.5403192478508531
2025-06-11,ACHR,Industrials,11.75,12.520000457763672,11.460000038146973,12.170000076293945,0.7819196025412725,0.032513170636049644,0.5116938572923607
2025-06-20,ACHR,Industrials,10.399999618530273,10.574999809265137,9.970000267028809,10.039999961853027,0.8154506320287898,0.01960782480441495,0.6441896732474945
2025-06-25,ACHR,Industrials,10.829999923706055,11.050000190734863,9.930000305175781,9.930000305175781,0.7928607395580468,0.009319700441374357,0.5168282082618806
2025-07-02,ACHR,Industrials,10.109999656677246,10.109999656677246,9.8100004196167,9.979999542236328,0.7858524206104605,0.02327930562471893,0.5473649218337509
2025-07-09,ACHR,Industrials,10.470000267028809,10.649999618530273,10.25,10.449999809265137,0.6791411974236801,0.00964323843522735,0.643184949348948
2025-07-21,ACHR,Industrials,13.364999771118164,13.48799991607666,11.765000343322754,11.850000381469727,0.7768862414199048,0.005643326522228182,0.6940652083894623
2025-07-28,ACHR,Industrials,11.40999984741211,11.600000381469727,10.670000076293945,10.789999961853027,0.7915805180582786,0.01784119612707842,0.6339611649831574
2025-07-30,ACHR,Industrials,10.25,10.279999732971191,9.979999542236328,10.149999618530273,0.8006485254340644,0.00588816703508071,0.5031892081751252
2025-08-05,ACHR,Industrials,10.5,10.630000114440918,10.100000381469727,10.329999923706055,0.7277163233219486,0.006711379940179112,0.6119085432336839
2025-08-07,ACHR,Industrials,9.920000076293945,10.100000381469727,9.619999885559082,9.800000190734863,0.7026226923123886,0.0071065677272363756,0.5344607966582496
2025-08-08,ACHR,Industrials,9.854999542236328,9.930000305175781,9.550000190734863,9.720000267028809,0.6867211068551212,0.0056121786154108904,0.5487155988752119
2025-08-11,ACHR,Industrials,9.895000457763672,9.899999618530273,9.460000038146973,9.539999961853027,0.664812464539821,0.018004134354654398,0.5507830589365433
2025-08-13,ACHR,Industrials,10.524999618530273,10.57800006866455,9.982999801635742,10.199999809265137,0.6895576775031428,0.026829231076124237,0.505922427095811
2025-08-15,ACHR,Industrials,10.180000305175781,10.260000228881836,9.8100004196167,9.819999694824219,0.6676033403459641,0.019019072913987738,0.5226503596427257
2025-08-18,ACHR,Industrials,10.0,10.229999542236328,9.609999656677246,9.850000381469727,0.652060230983048,0.01832997054680696,0.5032533079155841
2025-08-28,ACHR,Industrials,9.210000038146973,9.319999694824219,9.149999618530273,9.199999809265137,0.5516574907669083,0.006557423182312311,0.517572885481669
2025-09-03,ACHR,Industrials,8.65999984741211,8.699999809265137,8.369999885559082,8.390000343322754,0.5166324688704884,0.006976681776859293,0.645713914915594
2025-09-05,ACHR,Industrials,8.614999771118164,8.6899995803833,8.164999961853027,8.5,0.4852086033025064,0.019526623145258597,0.6845030321477688
2025-09-10,ACHR,Industrials,8.600000381469727,8.600000381469727,8.229999542236328,8.25,0.4619418037970331,0.020166081867110976,0.5662660326003484
2025-09-15,ACHR,Industrials,9.359999656677246,9.520000457763672,8.979999542236328,9.119999885559082,0.4469556503398899,0.06971424647739956,0.6537874034160389
2025-09-16,ACHR,Industrials,9.170000076293945,9.34000015258789,8.899999618530273,9.109999656677246,0.4700302794415886,0.005482477123057346,0.5050569681494046
2025-09-26,ACHR,Industrials,9.40999984741211,9.819999694824219,9.279999732971191,9.279999732971191,0.5290392267780999,0.008574482782447568,0.5034681272513186
2025-10-15,ACHR,Industrials,13.4399995803833,14.619999885559082,12.829999923706055,13.029999732971191,0.9452244022864134,0.032257995994861,0.6589247222498303
2025-10-16,ACHR,Industrials,13.319999694824219,14.300000190734863,11.819999694824219,11.869999885559082,1.0055655136840287,0.022256329071075085,0.7066578704299005
2025-10-20,ACHR,Industrials,11.869999885559082,12.130000114440918,11.40999984741211,11.979999542236328,1.0879621312519472,0.056049833386984584,0.6697730232132918
2025-10-27,ACHR,Industrials,11.579999923706055,11.720000267028809,11.289999961853027,11.34000015258789,0.9681949894182111,0.02568644489219552,0.6403750070919937
2025-10-29,ACHR,Industrials,11.220000267028809,11.489999771118164,10.859999656677246,11.180000305175781,0.9036987992641301,0.007181321475811815,0.5034787584723882
2025-10-31,ACHR,Industrials,11.09000015258789,11.460000038146973,10.760000228881836,11.220000267028809,0.849566870276705,0.011861324269018645,0.5524675297308114
2025-11-05,ACHR,Industrials,9.84000015258789,9.850000381469727,9.430000305175781,9.569999694824219,0.8604658831508388,0.02928867371141996,0.5215443034254138
2025-11-18,ACHR,Industrials,7.599999904632568,7.769999980926514,7.25,7.610000133514404,0.814915679265688,0.024258736723426995,0.6293534053642127
2025-11-19,ACHR,Industrials,7.650000095367432,7.820000171661377,7.364999771118164,7.46999979019165,0.7938502722414613,0.005256236682160845,0.7343736248095466
2025-11-20,ACHR,Industrials,7.75,7.880000114440918,6.860000133514404,6.869999885559082,0.7696467099773008,0.03748329553850843,0.8893980292055905
2025-12-12,ACHR,Industrials,8.609999656677246,8.819999694824219,8.220000267028809,8.300000190734863,0.5703565273519067,0.005841032080555172,0.564143806754187
2025-12-15,ACHR,Industrials,8.460000038146973,8.468000411987305,7.820000171661377,7.829999923706055,0.5724738773835855,0.019277089606662207,0.659766853710869
2025-12-18,ACHR,Industrials,7.880000114440918,8.100000381469727,7.760000228881836,7.820000171661377,0.56571323113527,0.0395778619728779,0.5079673248729089
2025-12-19,ACHR,Industrials,7.96999979019165,8.25,7.855000019073486,8.15999984741211,0.5624480330372986,0.019181536475389317,0.574593326038801
2026-01-02,ACHR,Industrials,7.670000076293945,8.15999984741211,7.505000114440918,8.130000114440918,0.45097392601405883,0.01994682124307009,0.5601237871037982
2026-01-05,ACHR,Industrials,8.25,8.819999694824219,8.180000305175781,8.5600004196167,0.46554719793956834,0.01476013331733319,0.526590836549606
2026-01-06,ACHR,Industrials,8.604999542236328,8.880000114440918,8.470000267028809,8.819999694824219,0.4815795109712635,0.005256906590390551,0.5131325307741212
2026-01-08,ACHR,Industrials,8.489999771118164,9.010000228881836,8.4399995803833,8.710000038146973,0.4724333491766133,0.008313502872915537,0.5378622911369632
2024-01-22,ADBE,Technology,615.0,620.9600219726562,603.1500244140625,603.5900268554688,12.604691049999918,0.005641423065810281,0.6421353881582925
2024-01-24,ADBE,Technology,601.7100219726562,616.9500122070312,597.4600219726562,606.47998046875,12.976747358541862,0.007585701718802269,0.6725522021065127
2024-01-25,ADBE,Technology,615.4199829101562,627.0599975585938,612.239990234375,622.5800170898438,13.461981085163872,0.014740803867089723,0.6515678051776054
2024-02-22,ADBE,Technology,553.9400024414062,555.5499877929688,534.5599975585938,537.5700073242188,16.608342701591187,0.028634001245818934,0.5432338910053671
2024-02-27,ADBE,Technology,565.9099731445312,565.9099731445312,548.5399780273438,552.489990234375,17.116694364182845,0.009688111734588535,0.5155304197862323
2024-03-06,ADBE,Technology,548.0,550.6400146484375,538.1500244140625,543.0900268554688,16.427706068611304,0.00579981827467589,0.5367604513547728
2024-03-07,ADBE,Technology,550.0,558.3800048828125,541.5900268554688,556.0399780273438,16.14644065188014,0.01272343958245837,0.512337463746878
2024-03-27,ADBE,Technology,515.469970703125,516.8599853515625,499.70001220703125,504.3999938964844,17.614049664363563,0.015504264194205785,0.5090810657475018
2024-04-04,ADBE,Technology,503.55999755859375,504.1099853515625,486.70001220703125,487.1099853515625,15.074307060097388,0.013178784459607821,0.5344895420795093
2024-04-15,ADBE,Technology,477.0199890136719,478.5199890136719,468.3500061035156,470.1000061035156,13.762428039803916,0.006180245730586989,0.5331165223875777
2024-04-19,ADBE,Technology,476.5400085449219,476.5799865722656,463.0899963378906,465.0199890136719,12.424944586476924,0.007100925485331917,0.5484321453917053
2024-05-23,ADBE,Technology,488.3800048828125,491.67999267578125,478.69000244140625,483.30999755859375,9.858307735718121,0.009195570174160762,0.6119083572398412
2024-06-03,ADBE,Technology,447.5799865722656,449.8399963378906,436.5799865722656,439.0199890136719,11.907599708114299,0.006340445958994081,0.5264586241627804
2024-06-20,ADBE,Technology,527.6699829101562,533.22998046875,520.4000244140625,522.9500122070312,16.396361085674485,0.010378138650370992,0.5243426525037409
2024-06-28,ADBE,Technology,549.7000122070312,558.47998046875,548.010009765625,555.5399780273438,14.64919469151212,0.0053771351029613815,0.5074681167998315
2024-07-25,ADBE,Technology,536.7999877929688,542.280029296875,527.5900268554688,532.1500244140625,12.118155134786946,0.010846659392804532,0.5453459172889286
2024-07-26,ADBE,Technology,535.3499755859375,545.5,533.3300170898438,542.4400024414062,12.301858513831183,0.006013250070595015,0.5425893057596456
2024-07-30,ADBE,Technology,541.8499755859375,543.6699829101562,530.9500122070312,538.7100219726562,12.14338554273741,0.009764988310722538,0.5513104761925507
2024-08-23,ADBE,Technology,565.4500122070312,566.52001953125,552.5,558.2999877929688,13.133781618662251,0.014369276927640208,0.5085747117394196
2024-09-06,ADBE,Technology,570.9000244140625,573.3099975585938,558.0,563.4099731445312,13.172886923409576,0.005229573673839719,0.5015987266791146
2024-09-09,ADBE,Technology,567.6900024414062,574.5700073242188,564.4400024414062,569.8800048828125,13.325537683065589,0.00759665164069974,0.5508542424536101
2024-09-10,ADBE,Technology,576.75,577.7999877929688,567.1400146484375,574.47998046875,13.170858861395725,0.012055160837938532,0.5328437239202556
2024-09-19,ADBE,Technology,518.8099975585938,527.47998046875,518.02001953125,526.4400024414062,16.254975232846313,0.021018228746882056,0.5280230342765919
2024-09-23,ADBE,Technology,525.7100219726562,532.0,524.9600219726562,527.8699951171875,16.221331507570607,0.006528880450671544,0.5124536921763534
2024-10-04,ADBE,Technology,507.2900085449219,508.55999755859375,503.5899963378906,507.2200012207031,12.910536012236431,0.006927393482564576,0.5090256553012302
2024-10-08,ADBE,Technology,492.45001220703125,500.0,486.3999938964844,496.239990234375,12.948830124878366,0.010568488699101933,0.5267218779731633
2024-10-17,ADBE,Technology,506.510009765625,507.5,495.2300109863281,496.8299865722656,12.623751804506556,0.007899870961912176,0.5024157393659295
2025-01-02,ADBE,Technology,447.760009765625,450.1199951171875,440.55999755859375,441.0,13.20692280747831,0.00692636759146798,0.5491924347444428
2025-03-12,ADBE,Technology,436.69000244140625,443.8999938964844,435.5,438.6000061035156,10.665656975927297,0.0069870376647825,0.5154367861105952
2025-03-19,ADBE,Technology,394.1000061035156,395.260009765625,387.0,387.8900146484375,14.620544293986745,0.006975524491883137,0.5523376921097265
2025-04-08,ADBE,Technology,350.1000061035156,350.739990234375,333.8299865722656,340.0,13.924377774115882,0.027590236453447305,0.9193667212554025
2025-04-14,ADBE,Technology,359.510009765625,362.04998779296875,348.5,350.9100036621094,15.609418398241512,0.019973355237439604,0.5251286604284116
2025-04-17,ADBE,Technology,349.75,351.8800048828125,345.0899963378906,348.79998779296875,14.464343794393407,0.01615386129508589,0.5376547872758061
2025-04-22,ADBE,Technology,349.1400146484375,352.0799865722656,344.3699951171875,349.9100036621094,13.707570188847983,0.017248451158671223,0.5051277032035568
2025-04-23,ADBE,Technology,358.1199951171875,363.0,349.79998779296875,351.9599914550781,13.361314129041878,0.023463151579416128,0.5897371904497369
2025-05-01,ADBE,Technology,378.29998779296875,380.44000244140625,374.07000732421875,374.6300048828125,11.983273850045494,0.0088537434246373,0.5377244099656475
2025-06-06,ADBE,Technology,417.5400085449219,419.6499938964844,415.2799987792969,416.9200134277344,8.744570027903572,0.005635829164484302,0.5205494981365041
2025-06-20,ADBE,Technology,380.4800109863281,382.2900085449219,373.760009765625,376.9200134277344,10.092649275924442,0.006454349767893174,0.5118141955706449
2025-06-24,ADBE,Technology,384.9599914550781,385.0,378.510009765625,382.3399963378906,9.694529228836396,0.01273281174382447,0.5098442659008419
2025-08-04,ADBE,Technology,351.1600036621094,351.2099914550781,338.0400085449219,338.8500061035156,7.4118808610732945,0.00966077052061516,0.5483092837668616
2025-08-06,ADBE,Technology,341.6499938964844,345.6600036621094,339.19000244140625,345.6199951171875,7.649374597884946,0.00859067056150039,0.5034425592281492
2025-10-07,ADBE,Technology,352.5899963378906,353.3299865722656,344.239990234375,348.30999755859375,9.886491811633292,0.006997148531889622,0.5555174071726717
2025-10-16,ADBE,Technology,333.8599853515625,336.6499938964844,327.5,329.2300109863281,8.837616033297262,0.009769169225566277,0.5016209449843858
2025-10-27,ADBE,Technology,355.57000732421875,358.55999755859375,352.4100036621094,357.79998779296875,8.654717935281296,0.005798875238332261,0.5036701034254009
2024-01-11,AMZN,Consumer Cyclical,155.0399932861328,157.1699981689453,153.1199951171875,155.17999267578125,3.0081953120115856,0.008521418038126427,0.5766404937855386
2024-01-18,AMZN,Consumer Cyclical,152.77000427246094,153.77999877929688,151.82000732421875,153.5,3.023501102035138,0.006986998297303878,0.5810283190547267
2024-01-24,AMZN,Consumer Cyclical,157.8000030517578,158.50999450683594,156.47999572753906,156.8699951171875,2.924038509929894,0.01140878560795593,0.8046301929919853
2024-03-21,AMZN,Consumer Cyclical,179.99000549316406,181.4199981689453,178.14999389648438,178.14999389648438,3.501401973936969,0.010328440413805698,0.7927581966512258
2024-04-15,AMZN,Consumer Cyclical,187.42999267578125,188.69000244140625,183.0,183.6199951171875,3.540268234336456,0.006984299999278583,0.5179676366316823
2024-04-17,AMZN,Consumer Cyclical,184.30999755859375,184.57000732421875,179.82000732421875,181.27999877929688,3.613548295307168,0.005400339269156305,0.6582971134589295
2024-04-22,AMZN,Consumer Cyclical,176.94000244140625,178.8699951171875,174.55999755859375,177.22999572753906,3.8466750602361137,0.013227953352826742,0.5021970238251238
2024-04-29,AMZN,Consumer Cyclical,182.75,183.52999877929688,179.38999938964844,180.9600067138672,4.557243660686039,0.01742570408584203,0.5391346578142726
2024-05-01,AMZN,Consumer Cyclical,181.63999938964844,185.14999389648438,176.55999755859375,179.0,4.789052065821723,0.03794285365513393,0.5497668037035686
2024-07-18,AMZN,Consumer Cyclical,189.58999633789062,189.67999267578125,181.4499969482422,183.75,4.321264154150327,0.008833095976187422,0.5617480684361569
2024-07-22,AMZN,Consumer Cyclical,185.0,185.05999755859375,182.47999572753906,182.5500030517578,4.616140180741984,0.010211298352687406,0.5466497181211246
2024-07-25,AMZN,Consumer Cyclical,182.91000366210938,183.89999389648438,176.8000030517578,179.85000610351562,4.737084409633556,0.011502526184775385,0.677010478716991
2024-07-29,AMZN,Consumer Cyclical,183.83999633789062,184.75,182.3800048828125,183.1999969482422,4.794015790510128,0.007342445687071918,0.6237591108368556
2024-07-30,AMZN,Consumer Cyclical,184.72000122070312,185.86000061035156,179.3800048828125,181.7100067138672,4.620871456701369,0.0082969666909458,0.6026738082889744
2024-08-01,AMZN,Consumer Cyclical,189.2899932861328,190.60000610351562,181.8699951171875,184.07000732421875,4.859118167480032,0.012354249713214244,0.5718654403236207
2024-08-07,AMZN,Consumer Cyclical,166.5500030517578,167.5800018310547,161.42999267578125,162.77000427246094,7.108031147629497,0.02853091202953871,0.7642675456633605
2024-08-12,AMZN,Consumer Cyclical,168.13999938964844,168.5500030517578,166.11000061035156,166.8000030517578,6.540880418184852,0.0071881929477230645,0.5121973018566809
2024-08-14,AMZN,Consumer Cyclical,172.11000061035156,172.27999877929688,168.86000061035156,170.10000610351562,6.104534110677405,0.011043910767768181,0.5990443656356316
2024-09-10,AMZN,Consumer Cyclical,177.49000549316406,180.5,176.7899932861328,179.5500030517578,4.933621933372584,0.011915687966974203,0.5431397619114552
2024-09-19,AMZN,Consumer Cyclical,190.0399932861328,190.99000549316406,188.47000122070312,189.8699951171875,4.74294494678857,0.019363840327074854,0.6178804535195471
2024-09-26,AMZN,Consumer Cyclical,194.30999755859375,194.52999877929688,189.5399932861328,191.16000366210938,4.484941401108959,0.009245306137135248,0.6769021963319806
2024-10-08,AMZN,Consumer Cyclical,181.9199981689453,183.08999633789062,180.9199981689453,182.72000122070312,4.414993024883842,0.006194663154219515,0.5513592883277333
2024-11-01,AMZN,Consumer Cyclical,199.0,200.5,197.02000427246094,197.92999267578125,4.14427243658789,0.06759660148118314,0.5183270737782103
2024-12-19,AMZN,Consumer Cyclical,224.91000366210938,226.08999633789062,222.9199981689453,223.2899932861328,5.496780085910019,0.019907488230520912,0.5092775337175673
2024-12-31,AMZN,Consumer Cyclical,222.97000122070312,223.22999572753906,218.94000244140625,219.38999938964844,5.2219920525999335,0.00754630883830007,0.5985959131366964
2025-01-06,AMZN,Consumer Cyclical,226.77999877929688,228.83999633789062,224.83999633789062,227.61000061035156,5.2740101057266076,0.01155268437345925,0.5005743204412533
2025-02-06,AMZN,Consumer Cyclical,238.00999450683594,239.66000366210938,236.00999450683594,238.8300018310547,5.575151795899824,0.0077909825640696964,0.6058191260968198
2025-02-26,AMZN,Consumer Cyclical,214.94000244140625,218.16000366210938,213.08999633789062,214.35000610351562,5.559016010324788,0.010056387965031846,0.6854238596774717
2025-02-27,AMZN,Consumer Cyclical,218.35000610351562,219.97000122070312,208.3699951171875,208.74000549316406,5.544800624612415,0.018661067814797674,0.8196659266861
2025-03-03,AMZN,Consumer Cyclical,213.35000610351562,214.00999450683594,202.5500030517578,205.02000427246094,5.95250632470168,0.00504054706223743,0.6152206147602998
2025-03-12,AMZN,Consumer Cyclical,200.72000122070312,201.52000427246094,195.2899932861328,198.88999938964844,7.103584319064359,0.021008214862133785,0.7512331875107255
2025-04-08,AMZN,Consumer Cyclical,185.22999572753906,185.89999389648438,168.57000732421875,170.66000366210938,9.008982773946752,0.05688691962337274,0.9399048436541471
2025-04-14,AMZN,Consumer Cyclical,186.83999633789062,187.44000244140625,179.22999572753906,182.1199951171875,10.661180291257525,0.010656143629226355,0.608694295059924
2025-04-17,AMZN,Consumer Cyclical,176.0,176.2100067138672,172.0,172.61000061035156,9.919032522899826,0.009579522465465973,0.7341572630477137
2025-04-23,AMZN,Consumer Cyclical,183.4499969482422,187.3800048828125,180.19000244140625,180.60000610351562,9.362246809641983,0.059302487047033864,0.7311646737736082
2025-04-28,AMZN,Consumer Cyclical,190.11000061035156,190.22000122070312,184.88999938964844,187.6999969482422,9.123462113116204,0.005926213474966068,0.5816741858186293
2025-05-01,AMZN,Consumer Cyclical,190.6300048828125,191.80999755859375,187.5,190.1999969482422,8.530880964519781,0.0336731741433934,0.5878681877656142
2025-05-08,AMZN,Consumer Cyclical,191.42999267578125,194.3300018310547,188.82000732421875,192.0800018310547,7.624251462216057,0.014413575672424512,0.5342479906835392
2025-05-12,AMZN,Consumer Cyclical,210.7100067138672,211.66000366210938,205.75,208.63999938964844,7.198869472184222,0.09142240432234884,0.757075965530111
2025-05-29,AMZN,Consumer Cyclical,208.02999877929688,208.80999755859375,204.22999572753906,205.6999969482422,6.160279620676865,0.0161684131440842,0.7916513353536682
2025-06-20,AMZN,Consumer Cyclical,214.67999267578125,214.88999938964844,208.27000427246094,209.69000244140625,4.997160480594448,0.010163694522380598,0.5240342418099538
2025-07-09,AMZN,Consumer Cyclical,221.07000732421875,224.2899932861328,220.47000122070312,222.5399932861328,4.698637295793691,0.007795435398929756,0.5758225944602214
2025-07-28,AMZN,Consumer Cyclical,233.35000610351562,234.2899932861328,232.25,232.7899932861328,3.9152941775819277,0.008252694616147575,0.5631791061798537
2025-07-29,AMZN,Consumer Cyclical,234.14999389648438,234.72000122070312,230.30999755859375,231.00999450683594,3.839201082377973,0.005842178141566092,0.6330422968948435
2025-07-31,AMZN,Consumer Cyclical,235.77000427246094,236.52999877929688,231.39999389648438,234.11000061035156,3.7821182002451494,0.02424085221718111,0.6401015759421109
2025-08-05,AMZN,Consumer Cyclical,213.0500030517578,216.3000030517578,212.8699951171875,213.75,5.262067587503104,0.006614737517819945,0.5236681969843207
2025-08-15,AMZN,Consumer Cyclical,232.5800018310547,234.0800018310547,229.80999755859375,231.02999877929688,5.14766779551916,0.006927033219807359,0.5284182822301178
2025-09-11,AMZN,Consumer Cyclical,231.49000549316406,231.52999877929688,229.33999633789062,229.9499969482422,5.173529428062999,0.0050362681929739615,0.5256351105723983
2025-09-24,AMZN,Consumer Cyclical,224.14999389648438,224.55999755859375,219.4499969482422,220.2100067138672,5.068600481226454,0.01558600461227322,0.5076623241652524
2025-10-06,AMZN,Consumer Cyclical,221.0,221.72999572753906,216.02999877929688,220.89999389648438,4.7290146843814815,0.006787870850762838,0.5085469384934009
2025-10-31,AMZN,Consumer Cyclical,250.10000610351562,250.5,243.97999572753906,244.22000122070312,5.254334086325728,0.12222922650346076,0.6201941169560737
2025-11-10,AMZN,Consumer Cyclical,248.33999633789062,251.75,245.58999633789062,248.39999389648438,7.272930208270217,0.016079508272559766,0.520073517213366
2025-11-20,AMZN,Consumer Cyclical,227.0500030517578,227.41000366210938,216.74000549316406,217.13999938964844,6.921574812440567,0.019578789180258585,0.8476727137878296
2025-12-05,AMZN,Consumer Cyclical,230.32000732421875,231.24000549316406,228.5500030517578,229.52999877929688,6.191958212657626,0.0052813352129706965,0.5016466331875311
2025-12-15,AMZN,Consumer Cyclical,227.92999267578125,227.92999267578125,221.5,222.5399932861328,5.414595618501521,0.0076926045165313555,0.625967674487456
2025-12-17,AMZN,Consumer Cyclical,224.66000366210938,225.19000244140625,220.99000549316406,221.27000427246094,5.275900751133008,0.009435685327785614,0.6066731273179631
2025-12-22,AMZN,Consumer Cyclical,228.61000061035156,229.47999572753906,226.7100067138672,228.42999267578125,5.264385013651932,0.005542091370176803,0.6141520619331958
2026-01-05,AMZN,Consumer Cyclical,228.83999633789062,234.0,227.17999267578125,233.05999755859375,4.609572303901308,0.010331109659561258,0.5332934177226863
2024-01-22,ANET,Technology,66.9175033569336,67.65750122070312,66.25,66.6500015258789,1.4752391402004423,0.01578689047072416,0.6979622751452244
2024-01-25,ANET,Technology,66.4375,67.50499725341797,65.75,66.1050033569336,1.4723078570680708,0.012496661576721763,0.665880078073784
2024-02-22,ANET,Technology,65.33999633789062,67.54499816894531,65.33999633789062,67.19000244140625,2.1122927076816818,0.02699508707654523,0.5013098755806008
2024-03-06,ANET,Technology,71.07749938964844,71.69499969482422,70.125,71.125,2.1340192535283227,0.013691290766134073,0.5191529487624212
2024-03-20,ANET,Technology,72.25749969482422,74.19000244140625,71.4375,74.1449966430664,2.319029085569243,0.0073539148641296685,0.5034876099342387
2024-03-21,ANET,Technology,74.75,76.40750122070312,73.75250244140625,76.1500015258789,2.349991468129029,0.008159732744288552,0.5218806823425514
2024-04-04,ANET,Technology,75.23999786376953,75.875,72.14250183105469,72.19249725341797,2.4445633403273916,0.0072625685200246645,0.5191529487624212
2024-04-15,ANET,Technology,68.82499694824219,69.21749877929688,65.4749984741211,65.80000305175781,2.7892056469863875,0.015043088835272028,0.5444047916119684
2024-04-24,ANET,Technology,64.19750213623047,65.2249984741211,62.64500045776367,63.692501068115234,2.5539229204858978,0.022334644608346395,0.668373101705547
2024-04-25,ANET,Technology,64.16000366210938,67.17749786376953,62.85499954223633,66.19000244140625,2.555785427333864,0.007339994287462117,0.5427535012971938
2024-04-29,ANET,Technology,66.93250274658203,67.8550033569336,65.25499725341797,65.9175033569336,2.5966594802243064,0.011446915903150792,0.5203683455405763
2024-06-03,ANET,Technology,75.0999984741211,75.30999755859375,72.57749938964844,74.09750366210938,2.519915680307134,0.00923903932938223,0.5257133270989528
2024-06-05,ANET,Technology,74.6675033569336,75.4749984741211,73.98999786376953,74.38999938964844,2.494021496687816,0.018725768773807053,0.508370559967695
2024-06-13,ANET,Technology,80.0,82.9375,79.79499816894531,82.9175033569336,2.309543831636527,0.027848308231375265,0.6485581274590628
2024-06-17,ANET,Technology,83.16999816894531,85.46849822998047,81.51499938964844,85.0199966430664,2.443561258819908,0.012724483031297565,0.5083704653489676
2024-06-20,ANET,Technology,85.99500274658203,86.47250366210938,84.2074966430664,85.04750061035156,2.483634441236039,0.010695230321456788,0.5160442988523201
2024-07-18,ANET,Technology,84.66500091552734,84.98999786376953,81.67250061035156,83.15750122070312,2.5911346447335104,0.005880987968996576,0.5435556672241577
2024-07-26,ANET,Technology,79.61000061035156,80.70500183105469,79.29499816894531,79.80249786376953,2.9234298042031446,0.013752729502644688,0.5719507112705902
2024-07-29,ANET,Technology,80.2750015258789,82.00250244140625,79.99250030517578,80.13749694824219,2.8699707504570493,0.005920913188907743,0.5688346150407377
2024-08-07,ANET,Technology,82.84249877929688,84.01750183105469,78.92749786376953,79.3324966430664,4.152850031472063,0.024200984006521938,0.5113401446208329
2024-08-14,ANET,Technology,87.1500015258789,88.47250366210938,86.30249786376953,87.1624984741211,3.7930752696943397,0.0069615056619587844,0.5000829965304838
2024-08-30,ANET,Technology,87.75,88.4175033569336,86.25,88.34500122070312,3.002160009435142,0.012723978501128065,0.513093897764927
2024-09-09,ANET,Technology,79.9800033569336,81.44499969482422,79.74500274658203,81.19249725341797,3.1782137828705235,0.01784867141585213,0.5675715662917686
2024-10-17,ANET,Technology,103.0,104.0,101.83000183105469,101.84750366210938,3.015958076929145,0.014578441744212516,0.5003267120397715
2024-11-18,ANET,Technology,94.9749984741211,94.9749984741211,92.31500244140625,92.61750030517578,3.1332326355927282,0.014717217426914809,0.5257882479454667
2024-12-19,ANET,Technology,110.30999755859375,112.12000274658203,108.12999725341797,109.06999969482422,4.070749268602688,0.020727286666928815,0.5122401494666556
2025-01-02,ANET,Technology,111.31999969482422,114.1500015258789,109.80000305175781,111.79000091552734,3.6184032474567402,0.007147389163595259,0.5266548567766948
2025-01-03,ANET,Technology,112.4800033569336,115.4800033569336,112.19999694824219,115.19999694824219,3.670660049361337,0.006172309113116847,0.5266548567766948
2025-01-07,ANET,Technology,119.69000244140625,120.27999877929688,114.62000274658203,115.29000091552734,3.719038804668943,0.0059673816140574255,0.5098411376055031
2025-01-14,ANET,Technology,114.61000061035156,115.19999694824219,112.77999877929688,114.91000366210938,3.864710868366202,0.017489357522885135,0.5267994655743031
2025-01-16,ANET,Technology,117.31999969482422,119.88999938964844,116.37999725341797,118.12999725341797,3.669265580337121,0.010508193253551725,0.5176870832095944
2025-01-22,ANET,Technology,126.18000030517578,131.1790008544922,125.19999694824219,129.82000732421875,3.533129514095445,0.03851852103025334,0.5010931273581658
2025-01-28,ANET,Technology,105.0199966430664,106.69999694824219,99.68000030517578,106.54000091552734,5.963753469501765,0.04705875820235953,0.6079991348582232
2025-01-29,ANET,Technology,107.37999725341797,110.44999694824219,106.62000274658203,107.83999633789062,6.039199410470668,0.007884328239837684,0.5073688751723974
2025-01-31,ANET,Technology,115.4000015258789,118.33999633789062,113.31099700927734,115.2300033569336,6.1201768885568395,0.013525390016442129,0.5194824393271323
2025-02-26,ANET,Technology,95.75499725341797,97.73999786376953,94.52999877929688,96.37999725341797,5.488299236945074,0.030953919950661934,0.6017943307659008
2025-02-27,ANET,Technology,97.93000030517578,98.08999633789062,91.38999938964844,91.56999969482422,5.443420763616967,0.016082206847156184,0.6811928094478761
2025-03-12,ANET,Technology,82.44000244140625,83.0,79.33999633789062,80.25,5.43289706326423,0.04182996717904357,0.5852768757323733
2025-04-08,ANET,Technology,72.63999938964844,74.45999908447266,67.78500366210938,69.5,5.231237771918246,0.06557138537139383,0.9202379632501647
2025-04-17,ANET,Technology,72.51000213623047,72.51000213623047,70.41000366210938,71.19999694824219,5.023013675191219,0.008904958469322925,0.534269476934597
2025-04-23,ANET,Technology,73.20999908447266,73.63999938964844,70.36000061035156,70.76000213623047,4.606807798299305,0.06611331056625064,0.5751794394099882
2025-05-01,ANET,Technology,87.7699966430664,89.33999633789062,86.37000274658203,87.83999633789062,4.364690541963597,0.06685304758017796,0.5752055881851857
2025-05-08,ANET,Technology,87.5199966430664,88.69000244140625,86.62000274658203,87.2699966430664,4.665126294496102,0.012377093494460503,0.5208893141803709
2025-05-14,ANET,Technology,99.1500015258789,99.47000122070312,96.4209976196289,98.22000122070312,4.609085748536547,0.01953729075453888,0.5220644482718169
2025-06-06,ANET,Technology,96.11000061035156,97.62999725341797,95.26000213623047,97.25,3.4982463058170143,0.009770963460747214,0.5304504847244059
2025-06-24,ANET,Technology,94.6500015258789,95.12000274658203,92.69999694824219,94.97000122070312,3.8496416301719467,0.029363835424122162,0.5194740328365853
2025-07-24,ANET,Technology,114.0,114.5999984741211,112.80000305175781,114.04000091552734,3.5532777467723604,0.008492560834195724,0.5449189369733524
2025-07-31,ANET,Technology,124.54000091552734,125.80999755859375,121.34600067138672,123.22000122070312,3.347286723200922,0.020067201663731722,0.7330645718278982
2025-09-08,ANET,Technology,143.8000030517578,144.10000610351562,139.83999633789062,140.00999450683594,4.541618624719299,0.006650310869106834,0.5051983961033413
2025-09-11,ANET,Technology,151.99000549316406,156.32000732421875,150.36000061035156,153.0399932861328,4.822230600198906,0.008426249085555924,0.5266294619581267
2025-10-06,ANET,Technology,151.60000610351562,153.72999572753906,149.5,149.5,5.273669377586783,0.04192444057399055,0.5260946168811282
2025-10-07,ANET,Technology,150.47999572753906,151.5500030517578,143.27999877929688,145.2899932861328,5.484835545440518,0.006555155368154264,0.5542690773076684
2025-10-10,ANET,Technology,159.86000061035156,162.67999267578125,153.74000549316406,154.10000610351562,6.1490013274159985,0.010301491037257271,0.5222329780353996
2025-10-15,ANET,Technology,140.4199981689453,145.38999938964844,140.11000061035156,143.3800048828125,7.356849538801967,0.011744397735159786,0.5034765921605168
2025-10-27,ANET,Technology,157.41000366210938,157.6999969482422,155.00999450683594,156.80999755859375,6.5332734475885825,0.023338942705442095,0.5038151184816821
2025-11-03,ANET,Technology,160.5,160.89999389648438,155.4199981689453,157.58999633789062,6.314255665919385,0.01781975721408132,0.5526157351505232
2025-11-10,ANET,Technology,137.5,138.97999572753906,134.58700561523438,137.25999450683594,6.781495642028781,0.021166032177518255,0.5210677333365362
2025-11-12,ANET,Technology,136.22000122070312,136.59800720214844,133.7779998779297,134.97999572753906,6.485109728515289,0.009560576706037428,0.505911302345595
2025-11-20,ANET,Technology,129.88999938964844,131.7899932861328,118.9000015258789,119.58999633789062,6.32194223065614,0.040701882304498976,0.5655168425323145
2025-11-24,ANET,Technology,118.91500091552734,122.41999816894531,118.19999694824219,122.16999816894531,6.697796624536278,0.012645836723940726,0.5462221001204136
2025-11-26,ANET,Technology,127.4749984741211,128.47500610351562,125.24600219726562,127.6500015258789,6.3732534626527135,0.019473748726527514,0.5075075686844386
2025-12-15,ANET,Technology,125.5,127.36000061035156,123.61000061035156,125.88999938964844,5.705753310602911,0.005931371041189129,0.5156076530955271
2025-12-22,ANET,Technology,133.42999267578125,134.0,130.22000122070312,130.72999572753906,5.54926190406267,0.01761743170085697,0.521001087122554
2026-01-02,ANET,Technology,134.0500030517578,136.08999633789062,132.18499755859375,133.60000610351562,4.30730124210698,0.023048189732091388,0.5056849087418638
2026-01-09,ANET,Technology,124.56999969482422,124.83000183105469,121.9000015258789,122.88999938964844,4.803996519078975,0.006870340007552928,0.5119025985281715
2024-01-10,APP,Communication Services,39.38999938964844,41.2599983215332,39.150001525878906,40.529998779296875,1.4170042476052005,0.006387327641760741,0.5298077021201698
2024-01-18,APP,Communication Services,42.0099983215332,43.119998931884766,40.97999954223633,43.09000015258789,1.444810514100252,0.02015536693070646,0.5913572980811823
2024-01-24,APP,Communication Services,45.41999816894531,45.599998474121094,42.88999938964844,43.310001373291016,1.6572159066480636,0.015425858121403574,0.7913165163206837
2024-01-25,APP,Communication Services,43.91999816894531,44.56999969482422,43.25,44.06999969482422,1.7324147050641059,0.01408443260938056,0.6326194804542721
2024-02-07,APP,Communication Services,46.5,47.83000183105469,45.71500015258789,47.689998626708984,2.0210476117996174,0.009991291818535086,0.6105764215721526
2024-02-22,APP,Communication Services,57.7599983215332,58.34000015258789,56.45000076293945,57.79999923706055,2.925240586024349,0.04222302832732885,0.5733955388343328
2024-03-21,APP,Communication Services,71.5199966430664,73.4800033569336,71.02999877929688,71.91000366210938,2.9221686200205492,0.01418037503690552,0.7157830763217157
2024-04-11,APP,Communication Services,77.20999908447266,78.875,75.22000122070312,78.23999786376953,3.2362205734463543,0.01139642112021184,0.5925457165445067
2024-04-17,APP,Communication Services,72.75,73.18800354003906,70.36000061035156,70.9000015258789,3.333191194351957,0.0059458007050649285,0.7106893404235731
2024-04-18,APP,Communication Services,71.47000122070312,71.83000183105469,68.30999755859375,68.86000061035156,3.297106318304496,0.00803948776526,0.6953212433057925
2024-04-23,APP,Communication Services,68.86000061035156,71.66999816894531,68.86000061035156,71.18499755859375,3.2357740975486067,0.01488580926963023,0.7164483968783785
2024-04-24,APP,Communication Services,71.80000305175781,72.9800033569336,68.45999908447266,69.69999694824219,3.2775044973540077,0.008639538024256299,0.5054878520393126
2024-05-03,APP,Communication Services,73.0,75.27999877929688,72.5,75.06999969482422,3.384755808043165,0.007313354082647176,0.5293032725489848
2024-05-10,APP,Communication Services,85.73999786376953,87.95999908447266,84.80999755859375,86.43000030517578,4.076501706624886,0.012398103578869685,0.6321666092475369
2024-05-13,APP,Communication Services,87.05000305175781,87.12999725341797,83.51000213623047,86.37000274658203,4.0188942020849945,0.007173466902613246,0.5384979716397683
2024-05-23,APP,Communication Services,81.51000213623047,81.78500366210938,77.9000015258789,79.26000213623047,3.687379207688701,0.01887502670288086,0.7860678929824602
2024-05-31,APP,Communication Services,82.98999786376953,83.09500122070312,78.22000122070312,81.4800033569336,3.5186394615879624,0.005939368045691288,0.5482498085502144
2024-06-03,APP,Communication Services,83.05000305175781,83.41999816894531,79.06999969482422,82.69999694824219,3.615522357188822,0.01926852761586955,0.510012531956637
2024-06-12,APP,Communication Services,79.1500015258789,79.3499984741211,73.62999725341797,76.54000091552734,4.067335015284933,0.023270886713204493,0.6451111574431981
2024-06-20,APP,Communication Services,81.5999984741211,82.66000366210938,76.33999633789062,77.18000030517578,3.8135328336422583,0.009401313343135905,0.6623703871968731
2024-07-05,APP,Communication Services,87.51000213623047,91.91000366210938,85.31999969482422,86.80000305175781,3.4713958285908983,0.0063247821705188995,0.5353700565350317
2024-07-08,APP,Communication Services,87.31999969482422,87.91999816894531,83.12000274658203,85.18000030517578,3.6941535527833453,0.005990744525162498,0.5990405249606338
2024-07-09,APP,Communication Services,85.6500015258789,86.20500183105469,84.04000091552734,84.70999908447266,3.773142257753341,0.005517741477098426,0.7167526343179178
2024-07-11,APP,Communication Services,85.0,85.05999755859375,80.87100219726562,82.01000213623047,3.6262553094121803,0.007586526612351697,0.7426888431065163
2024-07-18,APP,Communication Services,81.98999786376953,82.25900268554688,78.80000305175781,80.93000030517578,3.8839533444281296,0.022446631345079626,0.5342158629066213
2024-07-22,APP,Communication Services,83.25,83.87999725341797,81.91000366210938,83.23999786376953,3.752484965288955,0.01772612340032215,0.5939595261643775
2024-07-26,APP,Communication Services,78.81999969482422,78.81999969482422,76.56500244140625,77.52999877929688,3.813140275393299,0.03479062084262092,0.5568739061875956
2024-07-29,APP,Communication Services,78.22000122070312,79.0999984741211,76.30000305175781,76.8499984741211,3.730058936142271,0.008899812359993277,0.6301088485008914
2024-08-01,APP,Communication Services,78.88999938964844,81.62999725341797,74.61000061035156,75.08999633789062,3.672156828491204,0.02321661414984547,0.6724793721586247
2024-08-06,APP,Communication Services,68.98999786376953,70.5,67.31999969482422,69.0,4.412437165911832,0.02755434153915593,0.5390417605369778
2024-08-07,APP,Communication Services,72.0,73.0,66.97000122070312,67.19000244140625,4.337263126228956,0.043478260869565216,0.7795723056807476
2024-08-22,APP,Communication Services,91.4000015258789,92.5,88.69999694824219,89.0,4.499704244895113,0.005611201888604627,0.5313830200192895
2024-09-10,APP,Communication Services,87.9000015258789,88.27999877929688,85.2300033569336,86.2300033569336,4.206331068498613,0.01842201381370381,0.66384081354841
2024-09-19,APP,Communication Services,126.5,128.19000244140625,122.41300201416016,124.0,5.431485587655262,0.027119164002738554,0.7243980784172632
2024-09-26,APP,Communication Services,133.0500030517578,133.0500030517578,125.62000274658203,128.1300048828125,4.94491872269389,0.017902197365906584,0.7801349990275517
2024-10-17,APP,Communication Services,146.30999755859375,146.74000549316406,142.72000122070312,143.0,4.738526660816625,0.010079333058741858,0.5671013000979048
2024-11-01,APP,Communication Services,171.13999938964844,171.17999267578125,163.02000427246094,163.52999877929688,5.463391167587497,0.010331188419066398,0.6449290732790385
2024-11-06,APP,Communication Services,175.22999572753906,176.99000549316406,166.97000122070312,168.5500030517578,5.816044578992406,0.06084273820912542,0.5634155009961248
2024-11-07,APP,Communication Services,230.0,257.42999267578125,228.10000610351562,246.52999877929688,6.2441851674488635,0.36458021854424005,0.5248971129196803
2024-11-20,APP,Communication Services,327.6600036621094,342.5069885253906,319.5199890136719,325.2200012207031,16.69522810561129,0.020143843742096015,0.6042216232262755
2024-11-25,APP,Communication Services,344.0,344.7699890136719,317.8599853515625,319.5899963378906,18.486093352499445,0.03207225261680612,0.7151088049256502
2024-11-29,APP,Communication Services,332.5,343.75,331.8080139160156,336.75,18.923918737110327,0.01199172897091226,0.5016471046571065
2024-12-04,APP,Communication Services,373.0,384.5,368.0,373.70001220703125,19.34001886221278,0.017596541868320246,0.5421980219842697
2024-12-19,APP,Communication Services,315.3999938964844,331.0,312.7099914550781,318.739990234375,25.32001693920174,0.007442381952138473,0.6268470465661569
2024-12-23,APP,Communication Services,347.6050109863281,350.20001220703125,331.5400085449219,344.82000732421875,25.336598025851487,0.019399457290245902,0.5005402859903281
2025-01-06,APP,Communication Services,358.8800048828125,362.45001220703125,346.0400085449219,354.92999267578125,21.656853457886296,0.02347072901634703,0.5603340196081772
2025-01-14,APP,Communication Services,324.5199890136719,328.5,316.82000732421875,321.0899963378906,21.823682817995344,0.028003030103240442,0.5925093305033179
2025-01-31,APP,Communication Services,371.0400085449219,379.0,364.5,369.5899963378906,21.355499616405194,0.015129541275334323,0.5561397631307654
2025-02-13,APP,Communication Services,499.3399963378906,525.1500244140625,449.0,471.6700134277344,20.254435702823773,0.3129469570929215,0.6783719754987745
2025-02-18,APP,Communication Services,514.0999755859375,519.7899780273438,487.989990234375,496.0,30.941070867984052,0.007782272489611712,0.5839339515602422
2025-02-19,APP,Communication Services,502.739990234375,507.0,481.1199951171875,494.1700134277344,31.002422076911532,0.013588689988659274,0.5748250918186434
2025-02-21,APP,Communication Services,452.7699890136719,456.760009765625,412.18499755859375,415.30999755859375,33.263211457878285,0.00613315079254422,0.7749996003089289
2025-02-27,APP,Communication Services,346.44000244140625,349.92401123046875,310.0,320.489990234375,38.388126079102705,0.04664653305560801,0.864564273286253
2025-03-03,APP,Communication Services,350.239990234375,359.70001220703125,332.0,337.3399963378906,37.566557825181356,0.07521336260362711,0.8616244249368056
2025-03-12,APP,Communication Services,285.0,292.42999267578125,261.010009765625,272.5899963378906,35.971204148892795,0.10567966015808143,0.8173107216441
2025-03-28,APP,Communication Services,286.80999755859375,286.9100036621094,264.07000732421875,272.3800048828125,32.509576784590784,0.09594950011579653,0.803767277556528
2025-04-08,APP,Communication Services,255.0500030517578,261.60699462890625,227.1999969482422,235.27999877929688,34.7999135914062,0.0983119529370639,0.9790490029584528
2025-04-14,APP,Communication Services,258.94000244140625,262.0799865722656,234.38999938964844,236.07000732421875,35.33082205232091,0.03596721585488016,0.6866370303083073
2025-04-17,APP,Communication Services,231.38999938964844,239.9499969482422,226.10000610351562,238.22000122070312,32.66955656259567,0.0068752528081457405,0.7075706134831293
2025-04-23,APP,Communication Services,255.5050048828125,268.0,250.10000610351562,252.35000610351562,29.282096019628852,0.07486011386287683,0.8356532676468268
2025-04-28,APP,Communication Services,278.6400146484375,286.8280029296875,273.5,284.9800109863281,27.78087327417227,0.0065384104467287275,0.5732565934267921
2025-04-29,APP,Communication Services,286.5,291.3900146484375,281.2699890136719,288.8800048828125,26.748525392423357,0.005333668871760961,0.5882962787995731
2025-05-12,APP,Communication Services,350.55999755859375,358.6700134277344,343.3699951171875,347.8999938964844,25.81980458045764,0.06702376709368424,0.6983002401316161
2025-05-22,APP,Communication Services,360.5199890136719,367.4700012207031,350.8169860839844,351.4700012207031,22.633941462618967,0.00605548450731549,0.516393685290751
2025-05-29,APP,Communication Services,400.0950012207031,402.90301513671875,381.42999267578125,384.2300109863281,22.049224789381505,0.02520112542657045,0.8455309386935524
2025-06-11,APP,Communication Services,386.29998779296875,387.95001220703125,377.8999938964844,383.42999267578125,21.91317596246116,0.007012336863288309,0.5215556538916486
2025-06-25,APP,Communication Services,355.3999938964844,358.23699951171875,336.6700134277344,338.79998779296875,19.78981898888366,0.01693940346816529,0.5269437730891575
2025-06-26,APP,Communication Services,342.4100036621094,347.95001220703125,328.94000244140625,347.45001220703125,19.91675949567657,0.010655301060242674,0.5024512727536752
2025-07-02,APP,Communication Services,342.5299987792969,348.54998779296875,333.2049865722656,336.0,20.747109167108384,0.01734532149913466,0.5725465452779238
2025-07-08,APP,Communication Services,352.1400146484375,359.0,341.5,344.75,19.356379741897957,0.020695694633152174,0.7157866712645444
2025-07-09,APP,Communication Services,350.2699890136719,362.6400146484375,344.75,352.739990234375,19.223781188905246,0.016011570743065626,0.6268225186207956
2025-07-14,APP,Communication Services,342.8999938964844,362.5299987792969,342.1099853515625,355.8999938964844,19.140284099631238,0.023276596988659137,0.5117216713025996
2025-07-28,APP,Communication Services,366.5,371.69500732421875,362.1700134277344,370.9599914550781,17.14956721835857,0.0064809832938601125,0.5952436494879718
2025-07-29,APP,Communication Services,373.9599914550781,379.2300109863281,359.4599914550781,361.6300048828125,16.6049548382247,0.008087125482811774,0.6502312547742922
2025-07-31,APP,Communication Services,380.0,397.9200134277344,377.5199890136719,390.70001220703125,16.21810011003176,0.04593873703878608,0.6582192180873844
2025-08-05,APP,Communication Services,398.0,399.94000244140625,376.90899658203125,377.92999267578125,18.67894841162378,0.007569403712450424,0.6130333261528171
2025-08-08,APP,Communication Services,448.6000061035156,464.9800109863281,447.01800537109375,455.9800109863281,22.30754151714022,0.025746581286668947,0.6589327219960258
2025-08-13,APP,Communication Services,470.3800048828125,472.04998779296875,438.7699890136719,446.3999938964844,22.03011271299057,0.007237697821868308,0.5623631915275279
2025-09-03,APP,Communication Services,487.69000244140625,499.8699951171875,485.0799865722656,487.3500061035156,23.11914494748632,0.012372057623886079,0.6590304383851238
2025-09-05,APP,Communication Services,506.0,507.8699951171875,469.79998779296875,490.239990234375,22.82681226723031,0.012060721172418975,0.6677363973524221
2025-09-18,APP,Communication Services,616.3250122070312,632.8809814453125,613.780029296875,621.52001953125,23.56181494091413,0.015931558847376587,0.548010159793617
2025-10-02,APP,Communication Services,710.1900024414062,710.989990234375,674.4000244140625,683.6400146484375,28.4719559191368,0.008663630151360836,0.5345729065154576
2025-10-07,APP,Communication Services,595.2150268554688,644.469970703125,592.260009765625,631.8499755859375,36.64054463860347,0.013994935017834328,0.5076202774032303
2025-10-16,APP,Communication Services,612.8099975585938,616.280029296875,594.6799926757812,605.6799926757812,35.986374362216374,0.01744979242675604,0.6850963433856729
2025-10-22,APP,Communication Services,568.72998046875,571.5819702148438,553.239990234375,564.8200073242188,34.002122206811215,0.029114731821488077,0.5238201833527365
2025-10-27,APP,Communication Services,634.25,645.7000122070312,620.72998046875,643.0999755859375,33.083725358376014,0.022983870967741935,0.5764490058060744
2025-11-03,APP,Communication Services,646.9849853515625,654.9000244140625,620.5999755859375,632.1400146484375,30.40910981073971,0.01514908760426029,0.5503665695483595
2025-11-06,APP,Communication Services,651.469970703125,656.2999877929688,607.22998046875,621.3599853515625,30.549793093060938,0.055781514611592156,0.6798112284228919
2025-11-10,APP,Communication Services,635.9500122070312,675.0,635.4099731445312,651.3200073242188,33.680336121914635,0.02584165909138123,0.5553858533528534
2025-11-12,APP,Communication Services,602.0,603.0,578.0,584.8599853515625,37.57330103243612,0.011917814754378397,0.5677693543836884
2025-11-20,APP,Communication Services,554.25,562.5599975585938,519.2000122070312,520.8200073242188,34.34099403889771,0.0456560942634782,0.8538727595917689
2025-12-08,APP,Communication Services,697.6749877929688,706.6900024414062,683.530029296875,689.760009765625,34.56930615904782,0.008288269692932143,0.5550423033939379
2025-12-15,APP,Communication Services,682.5700073242188,691.9000244140625,661.5599975585938,675.1649780273438,34.42177478433697,0.0177434874339033,0.6321474424135425
2025-12-17,APP,Communication Services,684.5900268554688,688.989990234375,656.8699951171875,657.1300048828125,33.75963530661181,0.010763382834621218,0.5747500016151327
2025-12-19,APP,Communication Services,702.0,732.0,700.0040283203125,721.3699951171875,34.59662399663691,0.010988385063390877,0.5581805670562927
2025-12-22,APP,Communication Services,731.969970703125,738.010009765625,722.030029296875,733.5999755859375,34.81329405993517,0.014694228561884556,0.5082726548106412
2026-01-02,APP,Communication Services,683.3699951171875,683.5,610.5800170898438,618.3200073242188,29.814241489896908,0.014172906249685797,0.514847999616525
2026-01-14,APP,Communication Services,672.5499877929688,675.0,596.760009765625,617.760009765625,34.04213838940879,0.005862708645334105,0.5772125418582672
2024-01-10,BE,Industrials,14.109999656677246,14.229999542236328,13.15999984741211,13.470000267028809,0.7233020359381273,0.05930930780426364,0.6284889646191584
2024-01-12,BE,Industrials,13.149999618530273,13.220000267028809,12.609999656677246,12.729999542236328,0.7653471951701688,0.01387813013073279,0.5141145588911195
2024-01-24,BE,Industrials,12.270000457763672,12.569999694824219,11.824999809265137,11.869999885559082,0.7381019223597929,0.02849959294974896,0.8661974099667044
2024-01-25,BE,Industrials,12.180000305175781,12.619999885559082,12.0,12.470000267028809,0.738594634016885,0.026116295080494692,0.6592418605687225
2024-01-26,BE,Industrials,12.649999618530273,12.859999656677246,12.425000190734863,12.470000267028809,0.739409303015679,0.014434590829752465,0.5927139919734573
2024-01-31,BE,Industrials,11.529999732971191,12.239999771118164,11.289999961853027,11.319999694824219,0.7551097362290925,0.014964795900677839,0.7788640667336784
2024-02-01,BE,Industrials,12.039999961853027,12.420000076293945,11.510000228881836,12.010000228881836,0.7690304557316672,0.06360426558650972,0.6091960065252108
2024-02-07,BE,Industrials,11.539999961853027,11.609999656677246,11.069999694824219,11.300000190734863,0.7703460153909495,0.020335944624493913,0.6722492528845536
2024-02-22,BE,Industrials,9.039999961853027,9.039999961853027,8.444999694824219,8.600000381469727,0.8594050476146049,0.008928562875609045,0.669752505528796
2024-02-29,BE,Industrials,9.15999984741211,9.375,8.739999771118164,8.770000457763672,0.7453779904454652,0.018909908856738596,0.606070078438659
2024-03-06,BE,Industrials,9.779999732971191,9.8100004196167,8.949999809265137,9.539999961853027,0.7021206778590895,0.07236840522960702,0.5830180437476847
2024-03-08,BE,Industrials,10.619999885559082,10.920000076293945,10.289999961853027,10.3100004196167,0.7302979582778999,0.0172414092347284,0.5069550229324824
2024-03-12,BE,Industrials,10.529999732971191,10.619999885559082,10.029999732971191,10.300000190734863,0.7064814621622028,0.006692131411943996,0.5066563506427674
2024-03-15,BE,Industrials,9.100000381469727,9.270000457763672,8.994999885559082,9.260000228881836,0.734179979146751,0.00775201002973922,0.6426248055855854
2024-03-21,BE,Industrials,9.640000343322754,10.0,9.529999732971191,9.819999694824219,0.683788255634021,0.005213784143827211,0.8008088343623184
2024-03-26,BE,Industrials,10.25,11.220000267028809,10.239999771118164,10.800000190734863,0.6278800351993402,0.020916338540325465,0.500897010278074
2024-04-01,BE,Industrials,11.75,11.755000114440918,11.09000015258789,11.729999542236328,0.6323551293812536,0.04537368676753102,0.5362223299745216
2024-04-04,BE,Industrials,12.0,12.5,11.690999984741211,11.789999961853027,0.6296279807427647,0.024765154646311842,0.5503843025993014
2024-04-09,BE,Industrials,12.0,12.510000228881836,11.774999618530273,11.880000114440918,0.6144000346073638,0.02827762823895826,0.6065249974651022
2024-04-11,BE,Industrials,11.510000228881836,11.614999771118164,10.880000114440918,11.380000114440918,0.6444061487857092,0.007880923991823453,0.6028515183316783
2024-04-17,BE,Industrials,9.949999809265137,10.039999961853027,9.744999885559082,9.800000190734863,0.6450061642791979,0.007084989272611951,0.7419324486478203
2024-04-18,BE,Industrials,9.859999656677246,10.079999923706055,9.59000015258789,9.75,0.6200057294231084,0.006122394364758037,0.7587770768774839
2024-04-29,BE,Industrials,10.789999961853027,11.1899995803833,10.720000267028809,10.989999771118164,0.6428323584724863,0.017924488070344455,0.6027737032028202
2024-05-03,BE,Industrials,11.84000015258789,12.229999542236328,11.600000381469727,11.800000190734863,0.6437286853349166,0.03496508626543041,0.5370911798308354
2024-05-10,BE,Industrials,12.5,13.539999961853027,11.130000114440918,11.15999984741211,0.6259534529448835,0.0647359662435028,0.5725576345129075
2024-05-31,BE,Industrials,16.829999923706055,17.709999084472656,15.84000015258789,16.31999969482422,1.1182966455643353,0.011418301744398767,0.5602140056039406
2024-06-03,BE,Industrials,16.889999389648438,17.0,15.6899995803833,15.75,1.1719896660157947,0.03492645254184597,0.5909030407504349
2024-06-12,BE,Industrials,15.59000015258789,16.239999771118164,15.15999984741211,15.3100004196167,1.0858590609118637,0.056949162887314615,0.6795691825347333
2024-07-01,BE,Industrials,12.319999694824219,12.4399995803833,11.359999656677246,11.369999885559082,0.9447017769251105,0.00653594160147165,0.6679368916065995
2024-07-08,BE,Industrials,12.319999694824219,12.8100004196167,12.255000114440918,12.40999984741211,0.9376373495028375,0.0131578823536055,0.6086440447688224
2024-07-11,BE,Industrials,13.449999809265137,13.59000015258789,12.975000381469727,13.369999885559082,0.8761404624134234,0.05078121944097848,0.5654296532047526
2024-07-17,BE,Industrials,16.440000534057617,17.225000381469727,15.229999542236328,15.279999732971191,0.9317357217840422,0.0901857173230893,0.690507420845879
2024-07-22,BE,Industrials,14.609999656677246,14.789999961853027,14.0649995803833,14.25,0.998669278344787,0.0303243541782233,0.5923414883869318
2024-07-26,BE,Industrials,14.880000114440918,15.239999771118164,14.369999885559082,14.510000228881836,1.0194176227771654,0.027624349782459506,0.6398780937784061
2024-07-29,BE,Industrials,14.619999885559082,14.630000114440918,13.470000267028809,13.789999961853027,1.008744927261588,0.007580954854727997,0.6100576383140677
2024-07-30,BE,Industrials,13.869999885559082,13.895000457763672,12.9399995803833,13.069999694824219,1.0195488501294825,0.005801299777183228,0.6433814146144082
2024-08-06,BE,Industrials,11.109999656677246,11.170000076293945,10.625,10.649999618530273,1.0769214101968834,0.019266059219852385,0.7498624414832744
2024-08-07,BE,Industrials,10.899999618530273,10.930000305175781,9.819999694824219,9.899999618530273,1.0389270292038164,0.02347417924457171,0.8679149767126637
2024-08-09,BE,Industrials,12.100000381469727,12.270000457763672,10.895000457763672,11.489999771118164,1.0247892034738753,0.14800763048033608,0.7469016622515348
2024-08-12,BE,Industrials,11.5600004196167,11.744999885559082,11.029999732971191,11.140000343322754,1.0751614386479302,0.006092310695644422,0.5197904479860825
2024-08-14,BE,Industrials,11.930000305175781,12.09000015258789,11.40999984741211,11.40999984741211,1.038761631502891,0.005902247093162807,0.6809405462114014
2024-08-26,BE,Industrials,12.020000457763672,12.085000038146973,11.765000343322754,11.869999885559082,0.8040299104692423,0.013490793062236257,0.5500386393659658
2024-08-30,BE,Industrials,12.0600004196167,12.239999771118164,11.699999809265137,11.90999984741211,0.7538322052280639,0.013445445900458517,0.6197508913786923
2024-09-17,BE,Industrials,9.930000305175781,10.489999771118164,9.800000190734863,10.09000015258789,0.6860457602302089,0.015337482239278062,0.5531319721478791
2024-09-19,BE,Industrials,10.84000015258789,10.84000015258789,10.229999542236328,10.239999771118164,0.6943456305502708,0.06903350942449331,0.6960200050656459
2024-09-23,BE,Industrials,11.010000228881836,11.289999961853027,10.710000038146973,10.859999656677246,0.715481654474102,0.009165937934769724,0.5256326449314515
2024-09-26,BE,Industrials,10.380000114440918,10.600000381469727,10.140000343322754,10.40999984741211,0.6892649572146091,0.01964634609720508,0.7413348160922368
2024-09-27,BE,Industrials,10.600000381469727,10.84000015258789,10.515000343322754,10.699999809265137,0.6728888915669209,0.018251732645783916,0.5113678233775389
2024-10-18,BE,Industrials,10.260000228881836,10.33899974822998,10.069999694824219,10.15999984741211,0.5799455869647223,0.009842557379092681,0.511808994472949
2024-10-24,BE,Industrials,9.180000305175781,9.484999656677246,9.045000076293945,9.1899995803833,0.5567726417580222,0.015486763707248568,0.6324889282708519
2024-10-25,BE,Industrials,9.300000190734863,9.720000267028809,9.1899995803833,9.5,0.5487888598341791,0.011969599061393487,0.5577293676996591
2024-11-01,BE,Industrials,9.8100004196167,10.300000190734863,9.649999618530273,9.9399995803833,0.5600704881819883,0.021875003104408458,0.5072731890565437
2024-11-13,BE,Industrials,13.710000038146973,14.220000267028809,13.479999542236328,13.600000381469727,0.8024536408209162,0.01255539710287265,0.6799776810091098
2024-11-15,BE,Industrials,20.950000762939453,22.5,17.799999237060547,21.139999389648438,0.808136133662468,0.5775603301350534,0.7177583353317094
2024-11-25,BE,Industrials,26.299999237060547,26.920000076293945,25.06999969482422,25.950000762939453,1.7227949119891195,0.020962694230618438,0.7071283803970518
2024-11-27,BE,Industrials,26.950000762939453,28.700000762939453,26.825000762939453,27.209999084472656,1.7035324437283963,0.02980514651782788,0.6355246121907157
2024-11-29,BE,Industrials,27.665000915527344,27.920000076293945,26.969999313354492,27.450000762939453,1.7625658896510472,0.016721861314370038,0.7044244566446461
2024-12-04,BE,Industrials,26.440000534057617,26.670000076293945,25.165000915527344,26.280000686645508,1.6636979912890988,0.011476708164269565,0.5432392647707126
2024-12-05,BE,Industrials,26.450000762939453,26.90999984741211,25.479999542236328,25.959999084472656,1.6523623605374917,0.006468800298788913,0.5631891656742435
2024-12-06,BE,Industrials,26.719999313354492,27.5,25.709999084472656,27.079999923706055,1.6364793565830837,0.02927581878600341,0.5797602554479928
2024-12-09,BE,Industrials,27.68000030517578,28.485000610351562,26.209999084472656,26.579999923706055,1.6474451822219596,0.02215658726588405,0.6472726989849036
2024-12-11,BE,Industrials,24.670000076293945,25.200000762939453,23.549999237060547,23.600000381469727,1.8467512715471712,0.05112913498283102,0.5292189904803427
2024-12-12,BE,Industrials,24.100000381469727,26.030000686645508,23.924999237060547,24.809999465942383,1.8384119985498706,0.021186440335509083,0.565816622908577
2024-12-19,BE,Industrials,24.0,24.18000030517578,21.90999984741211,22.8799991607666,1.9897488888408907,0.02301794273661124,0.6983491597852396
2025-01-06,BE,Industrials,24.889999389648438,26.09000015258789,24.5,25.479999542236328,1.6961769761138594,0.023437487745755443,0.5774690985495642
2025-01-14,BE,Industrials,23.690000534057617,24.420000076293945,22.170000076293945,22.299999237060547,1.7090012060780853,0.028658264339298346,0.5109997175271034
2025-01-16,BE,Industrials,23.270000457763672,23.729999542236328,22.81999969482422,23.559999465942383,1.730669423630317,0.0273731059459342,0.5091288655743851
2025-01-17,BE,Industrials,24.25,25.219999313354492,23.69099998474121,23.920000076293945,1.6841930307785842,0.02928695032676299,0.5351303680527408
2025-01-22,BE,Industrials,26.950000762939453,27.559999465942383,25.469999313354492,25.530000686645508,1.7458602854361083,0.04660197137628944,0.5704627963010438
2025-01-28,BE,Industrials,22.790000915527344,22.790000915527344,19.81999969482422,20.399999618530273,2.4176131829656833,0.016503159588506122,0.679635381573065
2025-02-05,BE,Industrials,23.889999389648438,25.309999465942383,23.690000534057617,24.260000228881836,2.262811018987641,0.03375156896133934,0.6557555625945174
2025-02-20,BE,Industrials,27.25,27.799999237060547,25.479999542236328,25.989999771118164,1.7983007655805576,0.02830188679245283,0.6318339884213608
2025-02-21,BE,Industrials,26.5,26.6299991607666,24.0,24.170000076293945,1.8355649748122478,0.01962294087622819,0.7701869938298843
2025-02-26,BE,Industrials,22.90999984741211,23.950000762939453,22.700000762939453,23.399999618530273,1.9417368162220892,0.04278564239582095,0.6113005167402616
2025-02-27,BE,Industrials,23.790000915527344,24.760000228881836,22.700000762939453,23.040000915527344,1.9444700043194372,0.016666722365594886,0.7984097494596242
2025-03-03,BE,Industrials,24.3799991607666,25.309999465942383,23.049999237060547,23.420000076293945,1.9482419145016021,0.014987456125820846,0.661208878395957
2025-03-07,BE,Industrials,22.959999084472656,23.424999237060547,21.559999465942383,23.079999923706055,2.0953103008031073,0.02545778072185864,0.5237082469559683
2025-03-12,BE,Industrials,25.489999771118164,25.860000610351562,24.200000762939453,24.549999237060547,2.061822681476666,0.019599990844726564,0.717019586816187
2025-03-20,BE,Industrials,25.200000762939453,26.530000686645508,24.549999237060547,25.40999984741211,1.8467601203347417,0.03661050253184649,0.5588043806483233
2025-03-24,BE,Industrials,24.489999771118164,24.540000915527344,23.0049991607666,23.030000686645508,1.895318777949862,0.02254693072971891,0.5812820313230488
2025-04-01,BE,Industrials,19.860000610351562,21.3799991607666,19.719999313354492,21.239999771118164,1.7185904814367041,0.010172978865296363,0.5199513623471809
2025-04-08,BE,Industrials,18.56999969482422,18.56999969482422,16.360000610351562,17.020000457763672,1.965603903016013,0.07714616829254126,0.9776941336217487
2025-04-14,BE,Industrials,18.200000762939453,18.420000076293945,17.329999923706055,17.899999618530273,1.9890513617394852,0.03174611069542539,0.6978430500103815
2025-04-23,BE,Industrials,18.0,18.700000762939453,17.15999984741211,17.260000228881836,1.6449110128991529,0.06635076391689429,0.8409015194356542
2025-05-01,BE,Industrials,18.850000381469727,19.0,16.75,16.809999465942383,1.4520008479916469,0.028930168966937484,0.5888905820568178
2025-05-05,BE,Industrials,16.915000915527344,17.299999237060547,16.290000915527344,16.31999969482422,1.4712149841933517,0.028892966304088677,0.6633678431043877
2025-05-08,BE,Industrials,16.770000457763672,17.7189998626709,16.469999313354492,17.239999771118164,1.3171825176127678,0.014519041811780353,0.6095825215467099
2025-05-09,BE,Industrials,17.3700008392334,17.635000228881836,17.1299991607666,17.6200008392334,1.3123123770201706,0.007540665304011351,0.5438883146691994
2025-05-12,BE,Industrials,18.610000610351562,19.190000534057617,18.45199966430664,18.90999984741211,1.2546472835269609,0.056186136433875246,0.786684430283777
2025-05-29,BE,Industrials,19.770000457763672,19.809999465942383,18.469999313354492,18.56999969482422,1.1190890708676011,0.009188376915454119,0.8192306794018858
2025-06-20,BE,Industrials,21.709999084472656,21.84000015258789,21.40999984741211,21.75,1.0988684957164654,0.009767399277797965,0.5296802179582236
2025-06-27,BE,Industrials,22.649999618530273,22.780000686645508,21.860000610351562,22.18000030517578,1.0754030589023293,0.014330483471453107,0.5047191129488393
2025-07-18,BE,Industrials,24.440000534057617,25.01799964904785,24.040000915527344,24.989999771118164,1.5375349417337574,0.005347637637646277,0.5202045723004655
2025-07-21,BE,Industrials,25.3799991607666,26.3700008392334,25.200000762939453,25.360000610351562,1.4975680697185254,0.015606218216103137,0.5409293033904935
2025-07-28,BE,Industrials,34.900001525878906,34.900001525878906,33.5099983215332,34.779998779296875,1.8629137698716778,0.016307553022792094,0.5870604977758229
2025-08-04,BE,Industrials,37.720001220703125,37.79999923706055,35.0,36.099998474121094,2.2119363368257887,0.027233114563084204,0.5764755785301852
2025-08-05,BE,Industrials,36.5099983215332,39.150001525878906,36.380001068115234,37.61000061035156,2.2539408296997,0.011357336973463443,0.6126964002694691
2025-08-07,BE,Industrials,39.349998474121094,39.854000091552734,35.849998474121094,36.79999923706055,2.2986022007509135,0.012609311787787392,0.5258451270091935
2025-08-08,BE,Industrials,37.15999984741211,37.86000061035156,36.470001220703125,36.79999923706055,2.420416444799537,0.009782625484106343,0.6197054016242016
2025-08-11,BE,Industrials,37.125,38.56999969482422,36.79999923706055,37.650001525878906,2.3468152265744586,0.008831542654276778,0.5170515323834377
2025-08-13,BE,Industrials,43.0,46.5,42.650001525878906,44.08000183105469,2.43128448987723,0.04242424242424243,0.5046590685769292
2025-08-15,BE,Industrials,46.11000061035156,47.209999084472656,43.720001220703125,45.279998779296875,2.713148513757543,0.022168033395471208,0.5042637678312447
2025-09-03,BE,Industrials,51.8849983215332,53.349998474121094,50.04999923706055,52.45000076293945,2.9395049958843904,0.010418692566889437,0.6146803377241391
2025-09-05,BE,Industrials,56.439998626708984,57.33000183105469,54.369998931884766,57.06999969482422,2.953450631148453,0.027863754936232863,0.5949561627432522
2025-09-08,BE,Industrials,57.47999954223633,58.749000549316406,53.31999969482422,53.439998626708984,2.953918650292844,0.007184157168469251,0.5122350461078461
2025-09-18,BE,Industrials,80.5,84.0199966430664,77.61000061035156,80.97000122070312,4.441473379200825,0.010417997365766417,0.6055024803717634
2025-10-07,BE,Industrials,88.83000183105469,92.33999633789062,83.47000122070312,86.05999755859375,6.827923648175176,0.021386691781588606,0.5153617957010851
2025-10-08,BE,Industrials,88.1500015258789,90.0,85.5,87.58000183105469,6.97378589596177,0.024285429079430102,0.5253125566496492
2025-10-15,BE,Industrials,120.80999755859375,125.74500274658203,115.93000030517578,116.58000183105469,8.746752958284722,0.05917938054077599,0.7206851707989781
2025-10-16,BE,Industrials,119.44000244140625,122.9000015258789,112.72000122070312,115.08999633789062,8.956628117549261,0.02453251471462675,0.7482416384862112
2025-10-20,BE,Industrials,116.13999938964844,119.5999984741211,108.20600128173828,109.05999755859375,9.022296560846346,0.04161434430177971,0.7458348435372143
2025-10-27,BE,Industrials,112.66000366210938,113.16500091552734,103.0,108.52999877929688,9.847042137740686,0.02065597450103945,0.6602223287809037
2025-10-31,BE,Industrials,131.69000244140625,135.00999450683594,121.30000305175781,132.16000366210938,11.135738933379976,0.030035228886314262,0.5206115233108846
2025-11-10,BE,Industrials,141.97000122070312,147.86000061035156,135.50999450683594,139.22999572753906,12.249441980479695,0.04999625893918863,0.7082180552037751
2025-11-12,BE,Industrials,130.33999633789062,131.01499938964844,118.63999938964844,126.72000122070312,12.378191391919913,0.0257338211294542,0.5535522419650013
2025-11-20,BE,Industrials,113.0999984741211,118.58000183105469,92.36000061035156,93.37999725341797,13.549244370970783,0.03828144824440229,0.8888972920549941
2025-11-21,BE,Industrials,94.0199966430664,94.5,76.0,89.98999786376953,14.45429843166595,0.00685370966451824,0.8701396834451988
2025-11-26,BE,Industrials,99.86000061035156,102.6500015258789,92.0,101.13999938964844,13.990223719053567,0.059073068625954066,0.515036867955642
2025-12-15,BE,Industrials,96.4800033569336,97.0,89.11000061035156,89.58000183105469,12.127320434384675,0.015792797925717268,0.7322632722362086
2025-12-17,BE,Industrials,88.30000305175781,90.5,75.69999694824219,76.97000122070312,11.427893904545373,0.0078758410752108,0.6602935462538716
2025-12-18,BE,Industrials,82.91000366210938,85.30000305175781,78.7300033569336,80.20999908447266,11.668758843631975,0.07717295501105603,0.6719315110873094
2025-12-22,BE,Industrials,93.9000015258789,96.48999786376953,89.4000015258789,92.26000213623047,11.334542468977077,0.05719434641419744,0.6009852054507764
2025-12-26,BE,Industrials,92.5,92.54499816894531,88.33000183105469,90.18000030517578,10.054399767380202,0.006747962180190062,0.5747026830201072
2025-12-30,BE,Industrials,88.91999816894531,90.16999816894531,85.87999725341797,87.26000213623047,9.441778236949679,0.005768515843354842,0.693251696013494
2026-01-02,BE,Industrials,90.56999969482422,98.8499984741211,88.86000061035156,98.69000244140625,8.771380558613998,0.0423524033953923,0.5789104780381505
2026-01-05,BE,Industrials,104.0,107.3499984741211,100.51000213623047,103.87000274658203,8.99913902474676,0.05380481738002161,0.5605052620207592
2026-01-08,BE,Industrials,121.11000061035156,128.02000427246094,116.16000366210938,121.83999633789062,9.003207243156936,0.12138889454029224,0.58842213761787
2024-05-03,BND,Unknown,67.05993403472097,67.15379551815371,66.80652664707972,66.96607971191406,0.30816784419907395,0.006480144686386609,0.5241208488541201
2024-05-15,BND,Unknown,67.59490080528943,67.72630542907963,67.51982165535534,67.67937469482422,0.27947310469921827,0.005163873040030118,0.5274523833138391
2024-06-12,BND,Unknown,68.17873811109288,68.32937119658844,67.99045393680429,67.99987030029297,0.2837545615537141,0.007232011336266074,0.5483468075418723
2024-07-11,BND,Unknown,68.77568917697184,68.87956625505245,68.71902436776777,68.7379150390625,0.27902686367049845,0.005522679591075922,0.5961092443169485
2024-08-05,BND,Unknown,70.84242056151075,70.8518947630441,70.27409132338225,70.41616821289062,0.31402703613933236,0.0051068762740697675,0.8857587145708313
2024-11-13,BND,Unknown,69.70368408287712,69.70368408287712,69.21618412564818,69.28309631347656,0.3652050102308981,0.005654179274037319,0.6525858469274941
2025-04-03,BND,Unknown,71.62814331054688,71.86120460233695,71.49219027292892,71.62814331054688,0.30131034884987656,0.005178652205683573,0.7620454544779155
2025-04-04,BND,Unknown,72.05541566872589,72.19136869607605,71.57958007300033,71.6864013671875,0.32279442935146474,0.005965146357717982,0.7938120380255653
2025-04-23,BND,Unknown,70.71530440607825,71.01634219532527,70.40455356943748,70.43368530273438,0.43270333208277595,0.006078980086979918,0.6904359121450007
2025-08-01,BND,Unknown,72.3116052645002,72.41982731503893,72.19354279862951,72.400146484375,0.2354691912579459,0.00742907495340153,0.5305795409344977
2025-09-05,BND,Unknown,73.33029272420201,73.40926105934018,73.29080855663292,73.310546875,0.23068955204059913,0.005005409837784784,0.5337463813458839
2024-01-25,BRK-B,Financial Services,379.239990234375,380.989990234375,377.8900146484375,380.8500061035156,4.338112324357264,0.007036814366430226,0.6114678407868316
2024-02-22,BRK-B,Financial Services,411.29998779296875,416.260009765625,411.0,415.1600036621094,4.656526010984055,0.005009133275427611,0.5766015989769342
2024-02-23,BRK-B,Financial Services,417.67999267578125,420.55999755859375,416.5199890136719,417.2200012207031,4.824631993458409,0.006069922418930425,0.5027559050263171
2024-04-04,BRK-B,Financial Services,423.8399963378906,424.5199890136719,414.54998779296875,415.32000732421875,4.614560680772323,0.008566548132432234,0.5296681902782124
2024-04-15,BRK-B,Financial Services,406.989990234375,409.05999755859375,399.8599853515625,400.260009765625,5.20694413460841,0.009249566975207553,0.5215675545262841
2024-04-17,BRK-B,Financial Services,398.94000244140625,399.2799987792969,395.6600036621094,397.739990234375,5.439151619592998,0.005089158886768118,0.5453829633680022
2024-05-06,BRK-B,Financial Services,403.9599914550781,405.1499938964844,399.260009765625,404.9200134277344,5.122398087090438,0.007708225548253661,0.5044023381800281
2024-06-12,BRK-B,Financial Services,411.0899963378906,411.8900146484375,407.1600036621094,408.7699890136719,5.297122020005079,0.006340260313073745,0.5749367176326429
2024-07-26,BRK-B,Financial Services,435.6600036621094,439.0,434.1000061035156,437.6600036621094,6.18909542510254,0.005469766369980322,0.5688516137156139
2024-08-06,BRK-B,Financial Services,416.4100036621094,427.4599914550781,415.1000061035156,422.1400146484375,7.6685573694010705,0.00650198789874614,0.5291005812620382
2024-08-07,BRK-B,Financial Services,426.07000732421875,433.1700134277344,425.6000061035156,427.0199890136719,8.102231145470636,0.009309690006653807,0.7956342117090404
2024-08-12,BRK-B,Financial Services,434.1600036621094,434.1600036621094,429.010009765625,430.3900146484375,7.838264239052594,0.005768272423194038,0.5169463808530709
2024-09-19,BRK-B,Financial Services,462.0,462.19000244140625,457.25,459.7099914550781,7.651271717977913,0.011826530495621905,0.6551206836046808
2024-11-06,BRK-B,Financial Services,461.0,469.260009765625,459.4800109863281,468.8999938964844,6.047042853788449,0.03581540135902169,0.5705901564069183
2024-12-19,BRK-B,Financial Services,451.7300109863281,453.79998779296875,448.8900146484375,449.3399963378906,6.643626264960256,0.011509471082170318,0.664536626886608
2025-02-24,BRK-B,Financial Services,483.5,503.9599914550781,483.239990234375,498.4200134277344,6.399187655876969,0.009942787029958912,0.580280647302322
2025-02-25,BRK-B,Financial Services,503.1499938964844,507.0,491.8999938964844,499.82000732421875,7.743531481935981,0.009489948921234073,0.5006624597827388
2025-04-08,BRK-B,Financial Services,509.0299987792969,516.0,484.19000244140625,492.6400146484375,13.983890519369417,0.038031717669526954,0.9333876258820398
2025-04-14,BRK-B,Financial Services,531.0,536.52001953125,526.97998046875,529.52001953125,17.220453877152906,0.013146123601930263,0.54933297252522
2025-04-23,BRK-B,Financial Services,527.5,532.27001953125,523.8900146484375,526.8099975585938,16.123566001706994,0.012884314706040569,0.707564616522702
2025-04-28,BRK-B,Financial Services,533.6300048828125,536.8200073242188,526.5800170898438,530.9400024414062,14.681323644837414,0.0050285949971083715,0.5276349764363168
2025-05-12,BRK-B,Financial Services,520.2999877929688,520.2999877929688,510.25,514.2999877929688,12.806547075946916,0.012769100485249343,0.9031047401886925
2025-08-22,BRK-B,Financial Services,491.5,493.1400146484375,486.57000732421875,489.0,6.740310417754765,0.005955921496388815,0.5571861271922667
2024-01-18,CCJ,Energy,48.09246994102615,48.36142166487398,46.27953947646401,47.624298095703125,1.704231841711213,0.007512533835042433,0.6175403926516502
2024-01-24,CCJ,Energy,47.60437246671207,48.62041098475743,47.0565095657735,47.25572967529297,1.7547220330086077,0.009932416457236798,0.8438941423548303
2024-01-25,CCJ,Energy,47.61433345877969,47.62429674449892,45.39299572840913,45.8014030456543,1.7410919891497019,0.007588577849729247,0.690755476118815
2024-02-01,CCJ,Energy,49.71614014405577,51.130626576422934,49.16827720611902,50.363616943359375,1.6847104425774744,0.04523569850585372,0.5306092861976295
2024-02-29,CCJ,Energy,40.98020125191241,41.63763749339143,40.02393104610293,40.3725700378418,1.5894497347893959,0.009322873819848808,0.6832838529533669
2024-03-04,CCJ,Energy,42.06596772574399,42.62379391448623,41.01008366130048,41.13957977294922,1.6233865690046494,0.006194840953904893,0.5774471119645892
2024-03-08,CCJ,Energy,44.18769420757006,44.297267545396544,40.54191080288138,41.06985092163086,1.6139406816067672,0.006580478578312377,0.5048079087234202
2024-03-21,CCJ,Energy,42.27514896368216,42.832975123950824,41.83685942339383,42.47437286376953,1.738343359256429,0.010957488823770073,0.7917231589571875
2024-03-25,CCJ,Energy,43.251344961386714,44.02831784683805,41.767134590237575,41.80698013305664,1.6438224971392985,0.005325275439058259,0.5800310459991399
2024-04-09,CCJ,Energy,49.17823490619069,49.30773102132424,46.75767326115345,47.71394729614258,1.8574762935752644,0.012717967375221484,0.5159239593544735
2024-04-12,CCJ,Energy,50.90151395872632,52.43553314539743,48.969050746866394,49.39738082885742,1.9753616401833025,0.012482604940394817,0.7074583413628953
2024-04-17,CCJ,Energy,48.40126693802252,49.467110541442054,47.79363569123789,48.22196578979492,2.1660333845363446,0.008300509939522032,0.6491183724467466
2024-04-29,CCJ,Energy,49.467108240987486,50.40345568272466,48.23192303284819,49.2280387878418,1.8859195284055124,0.006281633078984823,0.6054330518271359
2024-05-01,CCJ,Energy,47.4848339733343,48.01277788245833,46.44887652499027,46.73774719238281,2.077527583389552,0.044707323673356704,0.6188414591904144
2024-05-03,CCJ,Energy,48.749905948531634,48.89932483868138,47.335423334603,48.22196578979492,2.104860166043064,0.010739359331389014,0.5292639502172508
2024-05-10,CCJ,Energy,52.5351472489927,52.963473533120634,50.303846257883876,50.71225357055664,2.0484995067198013,0.009764539630495953,0.5439764817640962
2024-06-12,CCJ,Energy,51.39957166167798,52.435532963356465,50.90151378201102,52.23630905151367,1.9790840368214764,0.015548040981238173,0.5982269511995445
2024-06-24,CCJ,Energy,51.65856600194476,52.017168297967,50.06477844183263,50.24407958984375,1.7991519497027584,0.005623472924754138,0.5226689113583254
2024-06-28,CCJ,Energy,52.10681647803448,52.116775963630765,48.62041133780753,49.00889587402344,1.70501771824431,0.01062597515497494,0.6143611230793509
2024-07-18,CCJ,Energy,48.14227568733715,48.14227568733715,45.97074306341709,46.26957702636719,1.9431744090795222,0.01811666841442964,0.6170956301594042
2024-07-22,CCJ,Energy,46.94694038600322,47.68406397626049,46.45884195471366,47.42507553100586,1.909173016082932,0.01072278066098334,0.5628828495202255
2024-07-26,CCJ,Energy,45.25353859746582,45.51252701920789,44.506451788746766,45.014469146728516,1.8531163753899342,0.019066821575703146,0.6121978252516316
2024-08-07,CCJ,Energy,39.48603110996017,40.36261410913828,37.93209283855393,37.96197509765625,2.128640613535817,0.0382399674626185,0.7867923177471011
2024-08-09,CCJ,Energy,39.4461864110399,39.67529640200863,38.79871338402006,39.39638137817383,2.108324794603051,0.011494301081616394,0.5195977618110269
2024-08-12,CCJ,Energy,39.77490111649456,40.63156124610704,38.240881991368944,38.93816375732422,2.0203432391305878,0.009607982385164917,0.5122551381049527
2024-08-14,CCJ,Energy,39.63544880148154,40.3227673391231,39.42626539435762,39.695213317871094,1.975304738483914,0.014533440124129706,0.6135808662690803
2024-08-23,CCJ,Energy,42.48434169998507,43.32107914978164,41.687445995508085,42.444496154785156,1.6640496582367936,0.05673936533298887,0.5186252783083506
2024-08-26,CCJ,Energy,43.370879872974946,44.27734503688497,41.97631632855339,42.16558074951172,1.767892077188518,0.021825767817138998,0.5227655401901068
2024-09-10,CCJ,Energy,37.09535362835571,37.56352546493966,36.716828564834074,37.553565979003906,1.70203092236897,0.005399591293645694,0.6466366797301109
2024-09-19,CCJ,Energy,41.29896195843412,41.488226400617506,40.54191558934174,40.920440673828125,1.534064663583778,0.03365746894325425,0.6825752126439103
2024-09-23,CCJ,Energy,45.26349859602654,46.64810268911277,44.69571291895465,45.84124755859375,1.69984042817206,0.023423316138219987,0.5288961409832593
2024-09-26,CCJ,Energy,48.15223654796839,49.08858400525389,47.454954747918286,47.87332534790039,1.716811971302729,0.015759578004385485,0.7358152638311979
2024-10-24,CCJ,Energy,54.69671504432819,54.99554900587645,52.97343527285723,53.640830993652344,2.0015301991257832,0.015347581724356076,0.5137290838572336
2024-11-01,CCJ,Energy,52.83398115401921,53.46153135084481,52.05700827242357,52.296077728271484,1.9472265489710885,0.015702797306598727,0.5187457323051399
2024-11-05,CCJ,Energy,51.38961404895418,51.77809860127212,50.76206003373584,51.06089401245117,1.9412794316128839,0.008602123510700369,0.5066989154085351
2024-11-06,CCJ,Energy,52.3956857639582,52.3956857639582,50.582755443296186,51.011085510253906,1.8751907984645548,0.02614117471545912,0.5789546031475631
2024-11-13,CCJ,Energy,55.42387962175643,55.782481899088516,52.17654395457813,52.77421188354492,2.075593935487602,0.022606124906114727,0.6644723392837303
2024-11-20,CCJ,Energy,58.1432767866341,59.00990024774948,56.46980197880595,57.38623046875,2.401620429306034,0.01583708375848907,0.5143163974535195
2024-11-25,CCJ,Energy,60.265004902453775,60.54391610587538,57.67510538527559,57.8842887878418,2.46490180074021,0.006488130310503222,0.5776498397524911
2024-12-02,CCJ,Energy,59.98320786356265,60.93136251715182,58.05695807285845,58.71567916870117,2.3884580086030422,0.010933529502672892,0.57289292932617
2024-12-04,CCJ,Energy,59.93330326997613,60.592020530852885,58.65579192943554,59.49415969848633,2.3855353927798104,0.011112984393813008,0.5157758010585708
2024-12-06,CCJ,Energy,61.38048880477591,62.42844760827864,60.55209989259711,60.94134521484375,2.3400377069217724,0.005888151228060796,0.5553771145311093
2024-12-09,CCJ,Energy,61.550155244917114,61.77971163775715,57.218592794927375,57.40822219848633,2.306916993261755,0.009990098313830359,0.5911088419419401
2024-12-19,CCJ,Energy,52.497779557586576,53.186441099677,51.65941179868646,52.80717849731445,2.3147081921009747,0.01290189161269779,0.6985302483050451
2024-12-31,CCJ,Energy,51.49972542819374,51.69933753442233,50.75118288529974,51.29013442993164,1.9585526757999607,0.00526005844272358,0.6210235745150597
2025-01-06,CCJ,Energy,54.07471439960692,56.05086628507588,53.8451618066129,54.7034912109375,1.8413088276903034,0.019954839032970503,0.5403937038145606
2025-01-07,CCJ,Energy,55.49195146297801,55.49195146297801,51.2102910775666,51.479766845703125,1.9265077015123475,0.014413344278159384,0.5838779387590463
2025-01-28,CCJ,Energy,48.006525848168,48.57541786378312,46.44955982955155,48.50555419921875,2.6696478736163147,0.012418464036881056,0.6430644881531543
2025-01-30,CCJ,Energy,51.010678734940214,51.53964756956683,49.87289470189509,50.20225143432617,2.566935354748815,0.02077095214818512,0.5365161720432637
2025-01-31,CCJ,Energy,50.691300484849364,51.230252014238324,48.565438657115656,49.34392166137695,2.502636605671881,0.00974157605586592,0.611245291455338
2025-02-06,CCJ,Energy,50.63141581643619,50.75118155411823,48.08637199880883,48.60536193847656,2.4911909054511514,0.007547149175734176,0.6532336098858977
2025-02-20,CCJ,Energy,48.4057523895955,48.715151352811155,45.99045688136372,46.449562072753906,2.207015005972304,0.0418905350324743,0.6668850486355999
2025-02-26,CCJ,Energy,44.58319271949971,45.42156053284944,43.984360198800324,44.63309860229492,2.202035301429944,0.024776336624464258,0.6704824858070425
2025-02-27,CCJ,Energy,45.55130627472254,46.16012145880412,43.10606664679935,43.395503997802734,2.1816234618808066,0.020572348799023515,0.8443313232297717
2025-03-03,CCJ,Energy,44.553252296629765,44.663039147274596,40.62091010881052,41.030113220214844,2.2034253855572565,0.013623980000646834,0.6941874421323102
2025-03-07,CCJ,Energy,42.267700591283905,42.267700591283905,40.6408708780742,41.748714447021484,2.2952316730698645,0.005221886340692382,0.5540686927524169
2025-03-12,CCJ,Energy,43.43542991210488,43.754807765281186,42.06809324023856,42.517215728759766,2.2130133820009577,0.04289484035863506,0.7576081980273575
2025-03-24,CCJ,Energy,45.271852803079184,46.120199480448285,44.97243655267151,45.65111541748047,1.8723336225951672,0.018639196566695715,0.5006838690978769
2025-04-01,CCJ,Energy,41.76867114676029,42.20781852905313,40.42129613194253,41.71876907348633,1.7500839879809802,0.016763818137090183,0.5845963003963404
2025-04-08,CCJ,Energy,38.71461904986713,38.89426955461746,35.94001892499208,36.60871887207031,2.121329962343351,0.04386434257020705,0.9339818394111068
2025-04-14,CCJ,Energy,41.85849788264446,41.95830584000803,40.45123804573444,41.2297248840332,2.4045928196819304,0.026934381580198598,0.5955683107233408
2025-04-23,CCJ,Energy,41.519159254619154,42.49725821950011,41.21974299123805,41.88844299316406,2.0637863274617088,0.0353410032329092,0.7220698608291369
2025-05-01,CCJ,Energy,45.91060783443794,46.43957666289511,44.4334843870736,45.42155838012695,1.89826297346768,0.018826048227245262,0.5820129534183676
2025-05-08,CCJ,Energy,50.31203832920197,50.87095145442924,49.054488556545834,49.14431381225586,1.9721867507353683,0.01347002942208619,0.5675489508503945
2025-05-12,CCJ,Energy,52.348075278839104,52.49778150119131,50.60147603374055,51.06058120727539,1.972834648931792,0.033905015557170425,0.7989953775385836
2025-05-20,CCJ,Energy,51.59953155370681,52.507762987894125,51.35999627327666,52.29817199707031,1.8187896626345634,0.010160190160405135,0.555720217523341
2025-05-29,CCJ,Energy,60.77167364497577,61.06111101025464,58.39629756292605,59.035057067871094,2.0863050689482976,0.007945705455244942,0.8310998135753431
2025-06-17,CCJ,Energy,69.6443939320844,69.78412125815909,68.42676356380355,69.11542510986328,2.594709954136656,0.0060553347865232214,0.6449767261871059
2025-07-31,CCJ,Energy,79.7946348939407,79.90442174667561,73.71647288222717,74.78439331054688,2.484875414758633,0.028295854861958604,0.6772748607938899
2025-08-22,CCJ,Energy,73.49689847750712,75.43313100960833,72.6086285789711,74.76443481445312,2.812975973736991,0.03093940979756841,0.6141516607104183
2025-08-29,CCJ,Energy,80.83261142503659,82.85866534340084,76.12178249970988,77.23960876464844,2.801379445954983,0.030014014429131233,0.5785217380864957
2025-09-03,CCJ,Energy,75.85231026218345,77.51906314702711,75.27343554058089,77.02003479003906,3.1610133753771694,0.007690266067408587,0.6099983220892972
2025-09-05,CCJ,Energy,76.88030577302106,77.63883099108521,74.48496818910202,75.70259857177734,3.0334882146693847,0.009435197856586511,0.6240615977320453
2025-09-24,CCJ,Energy,87.6094162077248,88.9567912344258,82.78880050271816,82.92852783203125,3.4888245570074026,0.010242837215654915,0.5029403624676867
2025-10-08,CCJ,Energy,87.00059870612763,88.30805813089697,84.97454487015939,86.04246520996094,3.630970266789758,0.008328516316035761,0.5118636637029861
2025-10-10,CCJ,Energy,87.24013837081519,91.40203291404276,86.18219310826436,86.48161315917969,3.50159489916049,0.007840393977136208,0.5203519337148511
2025-10-15,CCJ,Energy,95.8134463630947,97.59996882882146,90.104560632296,93.27838134765625,4.255662128987575,0.030153488042934145,0.6880306682647185
2025-10-16,CCJ,Energy,94.06684337287061,95.78350210421307,90.22432662538054,90.9529037475586,4.487072562383139,0.00845278416952471,0.7292779485944619
2025-10-28,CCJ,Energy,100.33464087094845,109.94593196052375,97.8095585869828,106.7022476196289,4.39182388784729,0.1605864246038003,0.5343693190894017
2025-10-31,CCJ,Energy,105.7640707893628,106.5325711057423,100.5542135442244,102.0113754272461,5.582375849104445,0.011936568681291929,0.6223988108850207
2025-11-03,CCJ,Energy,103.07929262275421,103.44857633535044,100.17495164548266,100.65401458740234,5.610660257133979,0.010468608927538165,0.6066820600126464
2025-11-10,CCJ,Energy,96.05297529020713,96.77157733713372,93.31830204679724,94.0568618774414,5.472507248249342,0.043138936120142225,0.6016830004854009
2025-11-12,CCJ,Energy,92.8492113584256,93.83728533567674,90.54370287331695,92.39010620117188,5.289978124882182,0.005512323062224461,0.522041486014815
2025-11-20,CCJ,Energy,87.37986964403613,89.69536095005128,81.55121438881756,81.82069396972656,4.878461291368151,0.015190222414785468,0.8631344994863528
2025-12-15,CCJ,Energy,92.41999816894531,93.48999786376953,89.44000244140625,89.77999877929688,4.425025816540012,0.01016504893311475,0.6293591599628238
2025-12-17,CCJ,Energy,88.20999908447266,88.23999786376953,84.29000091552734,84.8499984741211,4.312649834555607,0.013325628857533047,0.6128958094679569
2025-12-19,CCJ,Energy,88.26000213623047,91.68000030517578,87.94000244140625,89.98999786376953,4.2376926581874566,0.007764333077858675,0.5667596670624848
2026-01-05,CCJ,Energy,100.16999816894531,100.88999938964844,96.43000030517578,100.16999816894531,3.9188358813575386,0.016335233870053822,0.5182756672256329
2026-01-12,CCJ,Energy,108.5,111.12000274658203,107.08000183105469,109.79000091552734,4.1905687111128715,0.008739331189498956,0.636020394732345
2024-01-25,CEG,Utilities,116.43471398538904,119.09127694132772,115.58540165462061,119.0517807006836,2.670257506127307,0.019278909798804946,0.5400061618879713
2024-01-31,CEG,Utilities,121.25407715735491,122.63667932975336,119.85666200916376,120.48377227783203,2.6327973584604454,0.0073842920178842555,0.5334380500624195
2024-02-07,CEG,Utilities,130.31997411365813,132.1371025080441,129.1842575653052,130.85325622558594,3.2588166094575577,0.007251401613732138,0.5746655760576169
2024-02-22,CEG,Utilities,130.75450669716784,132.3938795820662,130.0138278108867,131.73220825195312,2.9447371950080257,0.007610213258324963,0.5248537114883978
2024-03-05,CEG,Utilities,175.18537935764587,183.273595658308,173.2398615022349,174.57308959960938,5.416271521280628,0.007954989011536866,0.56301442327577
2024-03-07,CEG,Utilities,179.84394190053408,180.14079874460734,174.36204792154857,177.6967010498047,5.744792389955295,0.01181908969596898,0.6455259884728416
2024-03-21,CEG,Utilities,175.59891176118356,175.945232110193,170.56228117731402,172.3038330078125,5.660823701787085,0.00995950887299487,0.7185161136009137
2024-04-01,CEG,Utilities,184.07901966319875,186.82986336214955,181.4765968082058,184.029541015625,6.3610179061072385,0.006383400863014019,0.5284189518540539
2024-04-04,CEG,Utilities,191.41133450533323,193.44972820256032,181.04124588611876,181.18966674804688,6.149729138230489,0.01671399843943074,0.6262812591225959
2024-04-15,CEG,Utilities,192.054526179247,193.94449915698067,182.84216488509304,183.45565795898438,7.115327397317013,0.012625912849396714,0.562798523654003
2024-04-17,CEG,Utilities,185.94923431865726,187.05748376794907,180.7147185103776,183.45565795898438,7.236593083950156,0.006804275633242394,0.6240783096857868
2024-05-10,CEG,Utilities,218.20733634973132,218.20733634973132,209.63815307711974,212.6759490966797,7.1041275117153795,0.021351450675942053,0.5307146059162918
2024-05-13,CEG,Utilities,214.7242324062423,216.38166901714925,210.36047825299275,211.34999084472656,7.208774351779394,0.009631005848392776,0.5054874747942087
2024-05-23,CEG,Utilities,221.4331402673441,225.6583635230584,218.42502844585854,218.8406219482422,7.006669948207052,0.01667337804685078,0.7184643097415797
2024-06-10,CEG,Utilities,197.739291912984,212.84252407559018,196.35384339835667,212.7037811279297,9.300354897316982,0.007727354363056299,0.5205567211997492
2024-06-12,CEG,Utilities,219.28418225877513,219.77969493113164,210.2460208321363,216.17236328125,9.76637284046482,0.013558741483289378,0.6601876289333726
2024-06-20,CEG,Utilities,221.81129249317266,225.72583944948886,217.3219339196805,220.31483459472656,9.412109107267073,0.01547121992365595,0.7588567539573248
2024-07-01,CEG,Utilities,206.3215817439521,211.6731128888922,201.3169004180863,203.2097625732422,9.240072260888159,0.039546633991059385,0.6008588714229297
2024-07-16,CEG,Utilities,212.21816416233875,213.08035136288964,202.2286269930263,203.04127502441406,8.344915825016166,0.005918706236693729,0.5153630927650548
2024-07-18,CEG,Utilities,188.66149263338502,191.10932647829992,176.4718928229452,185.59922790527344,9.267867366507472,0.019821039900691385,0.5748403047467544
2024-07-22,CEG,Utilities,190.5147176972527,195.05361559032062,186.91729085722244,188.71104431152344,9.212609949719806,0.015531059673492525,0.6041988574140613
2024-07-25,CEG,Utilities,175.11416933200044,175.2529122705895,164.38136340521433,168.9004364013672,9.20493935241573,0.009252887292105575,0.7360489952537899
2024-07-26,CEG,Utilities,174.95560845806367,175.48086580513032,169.90138825129435,173.4690704345703,9.32398288905569,0.035850541216526206,0.6167871037415197
2024-07-29,CEG,Utilities,174.4700147132314,175.560133517759,169.59219087687828,171.1302490234375,9.128014782963366,0.0057701599262251204,0.6270299208635304
2024-08-06,CEG,Utilities,172.0816406488788,182.18019135434372,166.87875757710844,179.41522216796875,11.562741533895748,0.02159212339943276,0.521373902190008
2024-08-07,CEG,Utilities,188.3840100938145,188.3840100938145,175.31238296493322,178.04762268066406,11.829790979848571,0.0499890021452537,0.8186730058098156
2024-08-13,CEG,Utilities,187.99022990297752,189.48947511521996,185.7364231806204,188.0597381591797,11.194575345282297,0.01072967912303165,0.5167570109500222
2024-08-28,CEG,Utilities,195.784289829434,196.04243090783655,191.03836633025313,192.388671875,7.928882416809073,0.005353395050802031,0.510183641724654
2024-09-10,CEG,Utilities,175.58930090840147,179.9132513119432,172.62061017536496,178.96505737304688,7.451859484884826,0.011033758027527254,0.6439621348645451
2024-09-19,CEG,Utilities,203.6478086578988,207.15264271684126,201.0266293445535,207.01364135742188,7.4018935548543565,0.023860543227955253,0.6145415740511316
2024-09-23,CEG,Utilities,257.70965658905715,269.9120526107069,250.3127688822463,255.28704833984375,10.244261052816261,0.017962187540503993,0.543489458990324
2024-10-03,CEG,Utilities,270.2099408805344,277.51749001697397,266.0895307002198,275.3927307128906,10.745252490209147,0.025510635565835948,0.5173881559285887
2024-10-17,CEG,Utilities,282.96833621367347,282.96833621367347,268.61142490241946,269.2667236328125,11.816528470221337,0.018584761154013578,0.5814511043818812
2024-10-24,CEG,Utilities,265.88102665310106,265.89093476255727,260.69823700671975,262.6144714355469,10.619403475710207,0.006540311150403294,0.5811612741666254
2024-10-30,CEG,Utilities,264.9774985898491,266.0895096028716,259.5663378603767,259.9138488769531,9.437456147387142,0.007094454995179669,0.5555518018278296
2024-11-05,CEG,Utilities,228.70790761584703,235.17149425703872,225.3817827357328,232.0836639404297,10.579117224889352,0.019473379842535585,0.5930826511782573
2024-11-06,CEG,Utilities,237.11751802260497,240.2748413099611,232.09357679647678,233.3148193359375,10.597196733184619,0.021689825111806883,0.5654545255553627
2024-11-08,CEG,Utilities,241.51593482762416,246.23207332888302,235.14170313445064,237.66358947753906,10.628153465073606,0.00687121440114288,0.5286535164679713
2024-11-13,CEG,Utilities,229.35326189020302,231.11064826876802,224.00168638543215,224.3491973876953,10.647298163417117,0.010056850195742787,0.677578849565089
2024-11-14,CEG,Utilities,226.57320432974643,229.8893904947144,223.51515922222688,223.7733154296875,10.394559857697027,0.009913148644823712,0.5801859428962511
2024-11-25,CEG,Utilities,252.08769871733733,254.1859440749535,241.64619640360146,247.54315185546875,10.198368722056582,0.01444638923749219,0.5423064499911995
2024-12-03,CEG,Utilities,250.0699886139653,252.76389576954625,245.20624627281225,246.1310577392578,10.836437006206861,0.0075767063962064625,0.5438970542896231
2024-12-04,CEG,Utilities,251.27224702381784,256.2245130797362,249.60161402214302,252.78378295898438,10.60223789838737,0.02088801523782673,0.5384624804342921
2024-12-12,CEG,Utilities,241.60642154736598,246.74761648681283,237.58892080408975,237.68836975097656,10.315068314330569,0.02688078539651636,0.5936595674677664
2024-12-13,CEG,Utilities,240.6418129457555,242.0638387409856,235.18239377567545,237.7380828857422,10.397260301539124,0.012425695030317346,0.5246183480415544
2024-12-19,CEG,Utilities,227.58497198240593,232.48749860129467,223.72658344709393,223.91552734375,10.075302923114185,0.013731463734871021,0.6922064978867514
2025-01-06,CEG,Utilities,256.4433093176448,266.32793423014255,250.10878740717138,262.8076477050781,9.289577935961704,0.02171170873117107,0.5260421177425769
2025-01-17,CEG,Utilities,318.3762898193537,318.3762898193537,309.3071051136802,314.5974426269531,16.312247542600918,0.01560704800859619,0.5603126086488933
2025-01-21,CEG,Utilities,324.1837511914151,328.4995680410298,316.5564698273309,321.8369140625,15.794885911391816,0.030471667170636735,0.5295710867182934
2025-01-28,CEG,Utilities,279.9813829740934,282.78567913770183,257.6465232979384,277.2467041015625,19.831178348986683,0.023818106524664425,0.5706889758887728
2025-01-31,CEG,Utilities,310.26180068760686,310.26180068760686,296.2851105073536,298.30877685546875,19.957421816262524,0.011181322120102949,0.604217237024942
2025-02-05,CEG,Utilities,308.7999706217841,316.5962886855219,301.1627648059868,312.0815734863281,19.42966582479396,0.013710762956566109,0.6268631256148208
2025-02-18,CEG,Utilities,322.03583676373415,327.7339250280455,314.05555127181566,323.7860412597656,16.258085501847027,0.020611556138294896,0.5113437106430645
2025-02-24,CEG,Utilities,288.3943120194499,288.3943120194499,261.18672370276107,266.2284851074219,17.08707383777487,0.01958243505017253,0.7047277473263351
2025-02-26,CEG,Utilities,271.23042354631997,278.39032220975446,266.5565965927509,268.6349792480469,17.922213379881047,0.03193213044867366,0.5144463908766593
2025-02-27,CEG,Utilities,274.85018406561255,279.03672071678176,247.4039285947217,248.34864807128906,17.752973769235844,0.023136245454568313,0.8197698919901969
2025-03-12,CEG,Utilities,218.60596381862905,223.49775167691703,209.22091324859645,214.5510711669922,17.341920589881827,0.051970527827384996,0.7573847455267244
2025-03-13,CEG,Utilities,215.9657794935585,215.9657794935585,202.96419243853512,209.09136962890625,17.22403941020298,0.006593806867853848,0.5059763616633909
2025-04-08,CEG,Utilities,188.2390357475635,192.58286077215504,181.31482326169072,184.25387573242188,15.24380289311132,0.05089277571121849,0.9432101199966128
2025-04-14,CEG,Utilities,214.17245838397025,216.40415341369678,203.11363351646563,205.93313598632812,16.068459572835348,0.03226884756911858,0.6576294029627097
2025-04-17,CEG,Utilities,207.57702567041687,208.04528318228154,202.84863118482133,205.9132080078125,14.55393314264885,0.020373154692711993,0.726124743459126
2025-04-23,CEG,Utilities,212.45884979933385,216.53367239080737,207.4973296854837,209.0216522216797,13.904851221942529,0.06157900819608791,0.7397967974494563
2025-05-01,CEG,Utilities,231.33853180764697,243.0748266315692,229.45554434138927,239.72232055664062,12.207927607150038,0.0392051250912553,0.5288987426626531
2025-05-08,CEG,Utilities,270.7418207103821,272.9635584643568,264.08661048269846,269.58612060546875,13.685618445762671,0.013538764000548046,0.5652263970663022
2025-05-09,CEG,Utilities,271.0606353966546,273.92995554391484,265.0729225949672,270.36322021484375,13.342141984040934,0.005469550093581325,0.547807955799609
2025-05-12,CEG,Utilities,285.29759850724275,290.9067162430133,282.3984212746553,284.22161865234375,13.02177705296284,0.055238202446809964,0.7697748958577173
2025-05-29,CEG,Utilities,313.14273248316795,313.76127129450384,299.3951015279091,302.65740966796875,11.365293171570551,0.01892553377919598,0.848581285513036
2025-06-03,CEG,Utilities,341.19669384940596,341.19669384940596,308.77303142219637,312.29473876953125,11.12842454770033,0.09115277772644254,0.6299534593007485
2025-06-11,CEG,Utilities,296.13277814177053,297.76894064557723,289.1192917589195,291.5036926269531,12.739395417946445,0.019964368824082878,0.5195443468547882
2025-07-08,CEG,Utilities,319.9317375989255,319.9317375989255,307.0271231758494,312.10516357421875,10.640229222814565,0.0076511709038920095,0.6377859241566342
2025-07-21,CEG,Utilities,323.65797790986136,324.8751134495845,315.90620950558355,317.1333312988281,12.21199443332546,0.009333536503111,0.562173065605377
2025-07-28,CEG,Utilities,329.30964106806135,331.22015136963716,321.7424663153855,327.88800048828125,11.804567389581738,0.008354816656705464,0.5440531999410364
2025-07-29,CEG,Utilities,331.22018702958565,338.4431717269413,327.9279503609638,329.74365234375,11.638361508486733,0.01016257544143793,0.5514095523576236
2025-07-31,CEG,Utilities,348.6591116096612,353.1784697999191,343.4663206705278,347.02294921875,11.990464515024172,0.012193403061563508,0.6207330323674087
2025-08-08,CEG,Utilities,337.91440833871303,341.39623151263163,331.46959051377036,334.9763488769531,13.60878277763927,0.006836891759280769,0.5804021506522907
2025-09-05,CEG,Utilities,310.69349209493316,312.63127109138946,292.8190126033643,301.2343444824219,9.962317193573327,0.006438856005377189,0.6207193131383102
2025-10-08,CEG,Utilities,368.387275757002,376.0674581631687,363.29311516684686,370.57476806640625,13.781189805859109,0.029735230069622066,0.5033562996821024
2025-10-15,CEG,Utilities,396.5200182404685,412.22700132789134,395.24648566205065,403.4870300292969,16.212340542890086,0.019034352354801037,0.5958412875328732
2025-10-16,CEG,Utilities,406.43364094763524,411.21815960648325,394.26760790711205,396.0755310058594,16.70528096517254,0.007302864030411123,0.7150862112501496
2025-10-20,CEG,Utilities,395.48619926873897,398.0432627085093,367.7080758957444,369.575927734375,16.89674597470924,0.024424352533014875,0.6083223732903481
2025-10-22,CEG,Utilities,360.5862467249354,362.5240256694891,343.0763396198956,349.6587829589844,17.637091080307755,0.006159579312990507,0.5068215851585346
2025-10-27,CEG,Utilities,392.29986298492736,395.1795543433272,383.7097134850452,390.7016906738281,18.282945414066287,0.009147245103989413,0.5836980433727698
2025-10-28,CEG,Utilities,396.5749612352367,400.54041242291726,375.06963806684644,384.5088195800781,17.796295088653125,0.01503262131085012,0.5148299265013002
2025-10-31,CEG,Utilities,387.5552939660353,388.02475649504044,371.72046704539184,376.5679016113281,18.893334261389427,0.014432113190228843,0.5806760746039956
2025-11-03,CEG,Utilities,380.48341181230194,384.53973133978286,374.73000403523076,377.2770690917969,18.708402489122225,0.01039788623570784,0.5933832979695813
2025-11-05,CEG,Utilities,364.5117464355063,370.55483082047084,356.6507711191979,362.83367919921875,18.01117039686965,0.005815528013590545,0.5127122011092458
2025-11-10,CEG,Utilities,366.7791602982924,378.3458749226003,352.26581450787614,360.5163269042969,18.21764356010162,0.02458218541837133,0.5895755576934933
2025-11-12,CEG,Utilities,354.2235439914304,354.58311674404507,345.80321339243386,353.6142272949219,18.517346081952663,0.00841697985773556,0.5422698838814272
2025-11-20,CEG,Utilities,368.25,379.20001220703125,345.0,345.7799987792969,18.062362038511363,0.03012752792514537,0.8292197604327983
2025-12-08,CEG,Utilities,362.7650146484375,364.25,354.0,357.6700134277344,15.649581771807203,0.008184668068124203,0.5133224438215206
2025-12-15,CEG,Utilities,356.6499938964844,360.9599914550781,350.6700134277344,357.1400146484375,16.824910111855075,0.013267750339202203,0.6834138314729696
2025-12-17,CEG,Utilities,368.5150146484375,372.0,334.17999267578125,340.9700012207031,16.464691881164264,0.007904313568376068,0.5734837362234452
2025-12-18,CEG,Utilities,351.989990234375,371.239990234375,348.7799987792969,361.04998779296875,17.990071555668155,0.03231952656896304,0.5279884099829351
2025-12-22,CEG,Utilities,363.2749938964844,363.95001220703125,355.3999938964844,357.80999755859375,18.551694494816786,0.022158132063147172,0.5027049240891263
2026-01-02,CEG,Utilities,358.0,373.2300109863281,358.0,366.25,14.169944179615834,0.013389223917758463,0.5359295914099218
2026-01-14,CEG,Utilities,335.9700012207031,336.5899963378906,325.79998779296875,330.3800048828125,15.411824537952032,0.0073156910932645845,0.5610798125097728
2024-01-02,CIFR,Financial Services,4.690000057220459,4.769999980926514,4.090000152587891,4.130000114440918,0.47931928413858627,0.13559320272690809,0.8795057169896174
2024-01-08,CIFR,Financial Services,3.994999885559082,4.065000057220459,3.5199999809265137,4.039999961853027,0.48918185251393886,0.021739078737215718,0.5560302706248248
2024-01-11,CIFR,Financial Services,4.0,4.119999885559082,3.309999942779541,3.509999990463257,0.468242553632078,0.05540898159911809,0.761194198660288
2024-01-18,CIFR,Financial Services,2.880000114440918,2.890000104904175,2.5999999046325684,2.630000114440918,0.4501641462039443,0.02857148695965302,0.77079503737087
2024-01-24,CIFR,Financial Services,2.799999952316284,2.859999895095825,2.2149999141693115,2.2850000858306885,0.3969731360711008,0.02189778925938227,0.869032239367639
2024-01-30,CIFR,Financial Services,3.190000057220459,3.2100000381469727,3.009999990463257,3.0799999237060547,0.415374453699431,0.025723525666604186,0.746582253138399
2024-02-14,CIFR,Financial Services,3.9600000381469727,4.059999942779541,3.680000066757202,4.019999980926514,0.41148966537778364,0.13142858232770646,0.5193992563084263
2024-02-22,CIFR,Financial Services,3.2300000190734863,3.430000066757202,3.1500000953674316,3.244999885559082,0.44127332447330714,0.03194885015217656,0.5719701720852386
2024-02-27,CIFR,Financial Services,3.5999999046325684,3.680000066757202,3.240000009536743,3.450000047683716,0.42604498382211803,0.05882347166332156,0.6785348427524044
2024-02-28,CIFR,Financial Services,3.569999933242798,3.7200000286102295,3.1600000858306885,3.2699999809265137,0.4270417747791424,0.034782575043628874,0.8033265236839012
2024-02-29,CIFR,Financial Services,3.299999952316284,3.309999942779541,2.9200000762939453,2.9600000381469727,0.4365387867791709,0.009174303230812371,0.5753976293371789
2024-03-01,CIFR,Financial Services,3.0,3.0899999141693115,2.825000047683716,3.0899999141693115,0.43321457818677267,0.013513500451867638,0.5521808991791923
2024-03-05,CIFR,Financial Services,3.0799999237060547,3.190000057220459,2.809999942779541,2.8499999046325684,0.4157564407062273,0.07317074791662029,0.838073772238157
2024-03-08,CIFR,Financial Services,3.549999952316284,3.799999952316284,3.2799999713897705,3.509999990463257,0.44628168771191545,0.03801165880768405,0.5093302564613359
2024-03-11,CIFR,Financial Services,3.6600000858306885,3.700000047683716,3.1500000953674316,3.1600000858306885,0.45154728008438677,0.04273507002136326,0.7404381057198334
2024-03-12,CIFR,Financial Services,3.200000047683716,3.240000009536743,3.0450000762939453,3.134999990463257,0.4585796138152366,0.012658215432456961,0.5184274341837487
2024-03-20,CIFR,Financial Services,4.300000190734863,4.710000038146973,4.119999885559082,4.550000190734863,0.45809041910405646,0.04878055872057842,0.5114552263280823
2024-04-04,CIFR,Financial Services,4.440000057220459,4.590000152587891,4.150000095367432,4.159999847412109,0.518572080825855,0.020689690703681214,0.5876786830212888
2024-04-08,CIFR,Financial Services,4.320000171661377,4.550000190734863,3.9100000858306885,4.289999961853027,0.4998912483325528,0.06666665881749571,0.6166270099242345
2024-04-18,CIFR,Financial Services,3.490000009536743,3.8350000381469727,3.4100000858306885,3.680000066757202,0.4404373445255295,0.020467816281060643,0.5135675467704933
2024-04-26,CIFR,Financial Services,4.480000019073486,4.619999885559082,4.390999794006348,4.5,0.45914979954790447,0.011286725208207239,0.5241407888443654
2024-05-03,CIFR,Financial Services,4.099999904632568,4.400000095367432,4.065000057220459,4.139999866485596,0.4388204450107957,0.043256955467596156,0.5091349958498311
2024-05-10,CIFR,Financial Services,4.050000190734863,4.090000152587891,3.6700000762939453,3.7200000286102295,0.4357385766013601,0.0253164916060666,0.5828793744524766
2024-05-13,CIFR,Financial Services,3.8399999141693115,3.990000009536743,3.7049999237060547,3.7200000286102295,0.43461439800797336,0.03225803350434739,0.5827443391570438
2024-05-15,CIFR,Financial Services,3.890000104904175,4.190000057220459,3.700000047683716,4.159999847412109,0.41436139716882053,0.048517537710621284,0.5408558156155229
2024-05-17,CIFR,Financial Services,4.130000114440918,4.175000190734863,3.8299999237060547,3.8499999046325684,0.41299527334296043,0.014742000061157,0.5269688781020369
2024-05-23,CIFR,Financial Services,4.210000038146973,4.260000228881836,3.869999885559082,3.9000000953674316,0.39649427526573433,0.019370441038567467,0.7516164385672782
2024-05-31,CIFR,Financial Services,3.819999933242798,3.859999895095825,3.569999933242798,3.7100000381469727,0.36382351165704707,0.01595743163077738,0.533040804160365
2024-06-03,CIFR,Financial Services,3.7799999713897705,3.880000114440918,3.630000114440918,3.640000104904175,0.35855040095675994,0.01886790634044322,0.5433177955127033
2024-06-14,CIFR,Financial Services,5.099999904632568,5.230000019073486,4.840000152587891,4.949999809265137,0.4000646261760942,0.022044115943868143,0.5991522998096026
2024-06-20,CIFR,Financial Services,5.3379998207092285,5.889999866485596,5.105000019073486,5.239999771118164,0.4111195128476729,0.06546897741371913,0.8889134180581636
2024-06-26,CIFR,Financial Services,4.329999923706055,4.550000190734863,4.179999828338623,4.210000038146973,0.4550729711834695,0.02122645222788679,0.5313261388243954
2024-06-28,CIFR,Financial Services,4.21999979019165,4.309999942779541,4.059999942779541,4.150000095367432,0.4415680301216356,0.007159840706802395,0.511539100983248
2024-07-08,CIFR,Financial Services,4.75,4.864999771118164,4.585000038146973,4.619999885559082,0.4385782079254424,0.010638338885950083,0.67430334283386
2024-07-09,CIFR,Financial Services,4.699999809265137,4.78000020980835,4.309999942779541,4.369999885559082,0.42725117400013873,0.017316001231106874,0.7030921217695912
2024-07-10,CIFR,Financial Services,4.460000038146973,4.5,4.315000057220459,4.429999828338623,0.43030468064504374,0.020595001131533515,0.578545208417948
2024-07-11,CIFR,Financial Services,4.610000133514404,4.715000152587891,4.340000152587891,4.360000133514404,0.4127829136546507,0.04063212463899497,0.7145770224607018
2024-07-18,CIFR,Financial Services,7.074999809265137,7.099999904632568,5.889999866485596,6.0,0.5820528555646571,0.04351026406017263,0.7679239964508985
2024-07-19,CIFR,Financial Services,6.090000152587891,6.389999866485596,5.901000022888184,6.190000057220459,0.6269062257491083,0.015000025431315104,0.5909651781238758
2024-07-22,CIFR,Financial Services,6.300000190734863,6.519999980926514,5.954999923706055,6.460000038146973,0.61705576988113,0.017770619143386318,0.6084128199443408
2024-07-24,CIFR,Financial Services,6.25,6.309000015258789,5.690000057220459,5.71999979019165,0.6095276788402577,0.019575837409266758,0.8233674440079133
2024-07-26,CIFR,Financial Services,5.880000114440918,6.010000228881836,5.610000133514404,5.820000171661377,0.5986896710353227,0.06715061164964188,0.7054540836884089
2024-07-29,CIFR,Financial Services,6.03000020980835,6.179999828338623,5.460000038146973,5.570000171661377,0.5916404088185139,0.03608247971701108,0.6821772329087615
2024-08-06,CIFR,Financial Services,4.210000038146973,4.230000019073486,3.9049999713897705,3.9700000286102295,0.6103766154192973,0.039506133302941344,0.79576356957858
2024-08-07,CIFR,Financial Services,4.179999828338623,4.420000076293945,3.8499999046325684,3.880000114440918,0.5899925748667558,0.05289667461335203,0.868800112848035
2024-08-14,CIFR,Financial Services,4.0,4.119999885559082,3.6500000953674316,3.6500000953674316,0.5267284685202868,0.02040814340536656,0.665416263448909
2024-08-20,CIFR,Financial Services,4.130000114440918,4.209000110626221,3.869999885559082,3.950000047683716,0.48071797659351934,0.03508774550615338,0.6638427267488775
2024-08-22,CIFR,Financial Services,4.079999923706055,4.079999923706055,3.759999990463257,3.7899999618530273,0.44905275364868463,0.007407341125519311,0.5513140546502096
2024-08-29,CIFR,Financial Services,3.640000104904175,3.8399999141693115,3.555000066757202,3.5899999141693115,0.3949650988528242,0.031161511163156453,0.5603438483992254
2024-08-30,CIFR,Financial Services,3.609999895095825,3.6700000762939453,3.490000009536743,3.509999990463257,0.388896159133304,0.005571025460913265,0.7007361497245927
2024-09-05,CIFR,Financial Services,2.990000009536743,3.049999952316284,2.864000082015991,2.890000104904175,0.3662641626835291,0.005042052230259622,0.5465035077667625
2024-09-06,CIFR,Financial Services,2.9700000286102295,2.9800000190734863,2.6549999713897705,2.700000047683716,0.35338814179901223,0.02768163349554871,0.7172156887393308
2024-09-10,CIFR,Financial Services,2.9800000190734863,3.119999885559082,2.8299999237060547,3.109999895095825,0.3448346757673825,0.010169481662661638,0.5582256746386307
2024-09-17,CIFR,Financial Services,3.130000114440918,3.140000104904175,2.9700000286102295,2.9800000190734863,0.30813389593392887,0.03986715094945645,0.553714880340559
2024-09-18,CIFR,Financial Services,3.0299999713897705,3.1449999809265137,2.8499999046325684,2.9000000953674316,0.29826719453107287,0.01677850738129515,0.5373592294504482
2024-09-19,CIFR,Financial Services,3.0999999046325684,3.109999895095825,2.9100000858306885,2.930000066757202,0.29803382894270664,0.06896544920278584,0.8163129473052534
2024-09-26,CIFR,Financial Services,4.010000228881836,4.230000019073486,3.809999942779541,4.139999866485596,0.31770142219476044,0.03886019115611581,0.7160345817590162
2024-10-15,CIFR,Financial Services,4.449999809265137,4.599999904632568,4.159999847412109,4.380000114440918,0.32267030518423356,0.030092507508805207,0.5279434867879493
2024-10-24,CIFR,Financial Services,5.269999980926514,5.590000152587891,5.25,5.585000038146973,0.3861619193890825,0.023300948220763194,0.5154707393909109
2024-10-29,CIFR,Financial Services,5.809999942779541,5.849999904632568,5.329999923706055,5.389999866485596,0.37786360345337294,0.02650178434828322,0.6478715425368681
2024-11-01,CIFR,Financial Services,5.090000152587891,5.320000171661377,4.869999885559082,5.25,0.39951397492059415,0.032454427955464375,0.6163105363645226
2024-11-13,CIFR,Financial Services,7.400000095367432,7.747000217437744,6.619999885559082,6.619999885559082,0.5598562128909631,0.006802747127023646,0.7317559727684383
2024-11-14,CIFR,Financial Services,6.730000019073486,7.025000095367432,6.329999923706055,6.420000076293945,0.6003665071043702,0.01661633465498382,0.5384461724320622
2024-11-15,CIFR,Financial Services,6.590000152587891,6.670000076293945,6.269999980926514,6.630000114440918,0.607126054572728,0.026479762347928315,0.5683854333880626
2024-12-04,CIFR,Financial Services,6.340000152587891,6.914999961853027,6.21999979019165,6.849999904632568,0.6735262325603039,0.024232648462169364,0.5003208669076293
2024-12-05,CIFR,Financial Services,7.2230000495910645,7.534999847412109,6.863999843597412,6.889999866485596,0.6772029234226085,0.05445257666445233,0.5352548754800256
2024-12-10,CIFR,Financial Services,6.519999980926514,6.579999923706055,6.119999885559082,6.130000114440918,0.6782776531220299,0.021943552347077653,0.5311263238925047
2024-12-17,CIFR,Financial Services,7.460000038146973,7.559999942779541,7.079999923706055,7.230000019073486,0.6926454337553675,0.009472283210563356,0.6899042573010749
2024-12-19,CIFR,Financial Services,6.534999847412109,6.630000114440918,5.699999809265137,5.739999771118164,0.7147809993996139,0.0389506974634234,0.7227970024998264
2024-12-31,CIFR,Financial Services,4.839000225067139,4.869999885559082,4.510000228881836,4.639999866485596,0.6191657942472736,0.03841209946700655,0.7916967153933104
2025-01-06,CIFR,Financial Services,5.739999771118164,5.96999979019165,5.5,5.849999904632568,0.5980128313763075,0.030520573468147835,0.5358469054062419
2025-01-14,CIFR,Financial Services,5.099999904632568,5.244999885559082,4.880000114440918,4.949999809265137,0.5498318199101447,0.06029105307752788,0.6550706025089681
2025-01-15,CIFR,Financial Services,5.25,5.409999847412109,5.070000171661377,5.239999771118164,0.5416295429722445,0.060606101473648435,0.5637108333607793
2025-01-17,CIFR,Financial Services,5.5,5.710000038146973,5.349999904632568,5.429999828338623,0.5189560676162646,0.05769234648823175,0.5997726288516119
2025-01-28,CIFR,Financial Services,4.699999809265137,4.75,4.260000228881836,4.489999771118164,0.6286400801795354,0.042128507924800565,0.6355886295929879
2025-01-30,CIFR,Financial Services,4.599999904632568,4.875,4.59499979019165,4.699999809265137,0.5902559573344935,0.022222201029459637,0.518139363742775
2025-01-31,CIFR,Financial Services,5.599999904632568,6.289999961853027,5.5,5.730000019073486,0.5748805318106012,0.19148938976407112,0.7854216214227152
2025-02-05,CIFR,Financial Services,5.889999866485596,6.050000190734863,5.650000095367432,5.710000038146973,0.6405906044591831,0.013769350171074566,0.6081509832452812
2025-02-06,CIFR,Financial Services,5.809999942779541,6.369999885559082,5.710000038146973,5.889999866485596,0.6234055680954866,0.01751311803231102,0.6501259274050821
2025-02-10,CIFR,Financial Services,6.079999923706055,6.150000095367432,5.90500020980835,5.960000038146973,0.62273233651214,0.01842548364827883,0.524354916653817
2025-02-21,CIFR,Financial Services,6.179999828338623,6.434999942779541,5.46999979019165,5.489999771118164,0.5090557092689282,0.016447352942006877,0.761499526514397
2025-02-24,CIFR,Financial Services,5.610000133514404,5.619999885559082,4.75,4.965000152587891,0.541623169505997,0.021857990418786378,0.6826517219606272
2025-02-27,CIFR,Financial Services,4.5279998779296875,4.880000114440918,3.940000057220459,3.9700000286102295,0.5868790319374841,0.08455081941749347,0.9290041382607461
2025-03-03,CIFR,Financial Services,4.510000228881836,4.599999904632568,3.809999942779541,3.8499999046325684,0.5862375364352082,0.10539223363151239,0.858889450119855
2025-03-12,CIFR,Financial Services,3.3299999237060547,3.430000066757202,3.069999933242798,3.200000047683716,0.56948401914965,0.04716976534589024,0.5588212552630695
2025-04-08,CIFR,Financial Services,2.380000114440918,2.3889999389648438,2.0899999141693115,2.109999895095825,0.3744926373475883,0.0672646161813726,0.9800020804728302
2025-04-14,CIFR,Financial Services,2.5199999809265137,2.5399999618530273,2.390000104904175,2.440000057220459,0.370518729684655,0.04132227333881368,0.7119569260948896
2025-04-15,CIFR,Financial Services,2.4600000381469727,2.509999990463257,2.200000047683716,2.319999933242798,0.3547673816320977,0.00819671330225163,0.5014173943122961
2025-04-17,CIFR,Financial Services,2.3399999141693115,2.380000114440918,2.25,2.369999885559082,0.3364575759324331,0.006451555345359816,0.708312367361763
2025-04-23,CIFR,Financial Services,2.9200000762939453,2.990000009536743,2.809999942779541,2.859999895095825,0.31920456246544826,0.06569345479222648,0.8376928083752728
2025-05-12,CIFR,Financial Services,3.180000066757202,3.3299999237060547,3.0999999046325684,3.1500000953674316,0.2711526555290052,0.06711410953141468,0.7002992064834569
2025-05-22,CIFR,Financial Services,3.6500000953674316,3.700000047683716,3.5,3.569999933242798,0.3079896091890927,0.04136946539005822,0.537388573316646
2025-05-29,CIFR,Financial Services,3.390000104904175,3.4200000762939453,3.234999895095825,3.25,0.28856651901884556,0.011940358629948591,0.8102139235581064
2025-06-10,CIFR,Financial Services,4.199999809265137,4.204999923706055,3.9800000190734863,4.059999942779541,0.3098183907192377,0.01449274026921029,0.5463360894713932
2025-06-20,CIFR,Financial Services,3.9549999237060547,4.03000020980835,3.744999885559082,3.7899999618530273,0.29609388554795657,0.038057738347557726,0.6170665736206129
2025-07-08,CIFR,Financial Services,5.940000057220459,6.21999979019165,5.840000152587891,6.03000020980835,0.44392742762068715,0.025906752393039002,0.6487752929160299
2025-07-09,CIFR,Financial Services,6.139999866485596,6.380000114440918,5.980000019073486,6.260000228881836,0.4429325991005397,0.01824206514923856,0.6342423219377015
2025-07-11,CIFR,Financial Services,6.409999847412109,6.46999979019165,5.860000133514404,5.869999885559082,0.4427327079326359,0.027243602969472945,0.7587669511379659
2025-07-21,CIFR,Financial Services,6.414999961853027,6.840000152587891,6.21999979019165,6.25,0.48195748015707346,0.00864777156981462,0.5907488018661624
2025-07-28,CIFR,Financial Services,6.590000152587891,6.635000228881836,6.079999923706055,6.159999847412109,0.5222197745144139,0.018547197262379765,0.6929547896711464
2025-07-31,CIFR,Financial Services,5.610000133514404,5.739999771118164,5.420000076293945,5.460000038146973,0.5287798541113009,0.029357858687859586,0.7882944310779152
2025-08-08,CIFR,Financial Services,4.960000038146973,4.980000019073486,4.550000190734863,4.75,0.46721896676073577,0.018480524579634255,0.6237944097083885
2025-08-11,CIFR,Financial Services,4.934999942779541,5.099999904632568,4.739999771118164,4.760000228881836,0.464560456873442,0.03894735637464022,0.5489495759999665
2025-08-13,CIFR,Financial Services,4.840000152587891,4.949999809265137,4.710000038146973,4.900000095367432,0.43658530620109276,0.025423806722535417,0.5426465726438596
2025-08-14,CIFR,Financial Services,4.989999771118164,5.329999923706055,4.909999847412109,5.320000171661377,0.4225434822665979,0.01836728040797797,0.5226315610189107
2025-08-28,CIFR,Financial Services,7.28000020980835,7.309999942779541,7.0,7.019999980926514,0.4968973858078317,0.041487903889272267,0.5852246995024447
2025-08-29,CIFR,Financial Services,7.25,8.710000038146973,6.949999809265137,7.639999866485596,0.48426187051165637,0.032763535569572816,0.5583105491709263
2025-09-03,CIFR,Financial Services,8.694999694824219,8.729999542236328,8.0,8.109999656677246,0.6457156035247316,0.04507211703785079,0.773209744282184
2025-09-05,CIFR,Financial Services,7.78000020980835,7.860000133514404,7.083000183105469,7.519999980926514,0.6608975882976968,0.05135136615455001,0.6001337253468292
2025-09-18,CIFR,Financial Services,12.640000343322754,12.6899995803833,11.420000076293945,11.850000381469727,0.8703705645029928,0.021001633802777843,0.7699521586259401
2025-09-23,CIFR,Financial Services,14.34000015258789,14.734000205993652,13.449999809265137,14.149999618530273,0.9990903410349593,0.027220638495883454,0.7247934963577358
2025-09-24,CIFR,Financial Services,14.805000305175781,15.539999961853027,13.869999885559082,14.140000343322754,1.0194410592987848,0.04628980242428735,0.6824843651124728
2025-09-30,CIFR,Financial Services,12.720000267028809,12.760000228881836,12.140000343322754,12.59000015258789,1.2007993743868846,0.005533648269522091,0.5502675136202609
2025-10-01,CIFR,Financial Services,12.880000114440918,13.699999809265137,12.40999984741211,12.600000381469727,1.1593136966134703,0.02303415078143724,0.5800350670047629
2025-10-10,CIFR,Financial Services,18.780000686645508,20.200000762939453,16.809999465942383,16.969999313354492,1.4019776780820539,0.043913336608021616,0.7361890093768666
2025-10-15,CIFR,Financial Services,21.510000228881836,22.0,19.75,21.030000686645508,1.7577680200815657,0.029679313420211285,0.7400796300885968
2025-10-20,CIFR,Financial Services,20.0,20.989999771118164,19.15999984741211,19.90999984741211,1.8774221321086602,0.06609806801649877,0.7753339295386755
2025-10-27,CIFR,Financial Services,20.90999984741211,21.110000610351562,19.649999618530273,20.540000915527344,2.119773511223557,0.012100677727319308,0.6478193577710821
2025-10-31,CIFR,Financial Services,20.030000686645508,20.270000457763672,18.579999923706055,18.649999618530273,2.0423451441760525,0.05034090231694354,0.635566262740845
2025-11-03,CIFR,Financial Services,22.940000534057617,25.110000610351562,21.020000457763672,22.760000228881836,2.0171776720247356,0.2300268634464144,0.7097764091152714
2025-11-10,CIFR,Financial Services,21.868000030517578,22.1200008392334,19.549999237060547,19.649999618530273,2.550879387081345,0.0569356919310305,0.6631783625179984
2025-11-19,CIFR,Financial Services,14.899999618530273,15.699999809265137,14.260000228881836,14.619999885559082,2.3053261759270574,0.021947852983450415,0.6599689910410066
2025-11-20,CIFR,Financial Services,16.799999237060547,17.55500030517578,14.300000190734863,14.5600004196167,2.2435171333882176,0.1491107639237919,0.9324980511099914
2025-12-17,CIFR,Financial Services,15.65999984741211,16.0,14.305000305175781,14.390000343322754,1.9943107758068765,0.04469647008166481,0.6598462255572255
2025-12-18,CIFR,Financial Services,15.399999618530273,15.979999542236328,14.829999923706055,15.149999618530273,1.9729314128795439,0.07018757825646468,0.660397281811151
2025-12-19,CIFR,Financial Services,15.529999732971191,16.5,15.420000076293945,16.209999084472656,1.9455791118819747,0.025082516436246777,0.5597112877876703
2025-12-22,CIFR,Financial Services,16.649999618530273,17.239999771118164,16.264999389648438,16.34000015258789,1.9030377739953857,0.0271437729123062,0.5918371079438189
2026-01-02,CIFR,Financial Services,14.970000267028809,16.434999465942383,14.779999732971191,16.200000762939453,1.498063478300719,0.014227644640279351,0.5778779702091159
2026-01-05,CIFR,Financial Services,16.719999313354492,18.309999465942383,16.639999389648438,18.15999984741211,1.5107017467835637,0.03209867443985765,0.5116235539773493
2024-01-18,DDOG,Technology,128.2100067138672,128.63999938964844,123.91999816894531,126.91999816894531,3.5615254054680676,0.017297531981952424,0.5115242415478646
2024-01-22,DDOG,Technology,133.39999389648438,136.0749969482422,131.7899932861328,132.97999572753906,3.66111107623008,0.023712657476654554,0.6601493724501062
2024-01-24,DDOG,Technology,130.4949951171875,130.4949951171875,122.22000122070312,122.58000183105469,3.8670036361162348,0.011510740823052092,0.683672481755045
2024-01-25,DDOG,Technology,123.61000061035156,123.68900299072266,119.33999633789062,122.19000244140625,4.181860083285388,0.008402665719620938,0.6652581595046878
2024-02-22,DDOG,Technology,130.1999969482422,132.52000427246094,129.75999450683594,131.1199951171875,5.38836627183673,0.03464717686930478,0.5004934888962398
2024-03-06,DDOG,Technology,126.75,127.0,122.19000244140625,124.58999633789062,5.047923098742587,0.026066552679694384,0.5369046875605388
2024-03-18,DDOG,Technology,121.52999877929688,122.8499984741211,120.55999755859375,120.87000274658203,4.541169487244761,0.009217743125973711,0.5030623309184278
2024-03-20,DDOG,Technology,122.63999938964844,124.08000183105469,121.2300033569336,123.44000244140625,4.3024882580672505,0.0068139056538067426,0.5007577209893609
2024-03-21,DDOG,Technology,125.01000213623047,127.45999908447266,122.37999725341797,122.86000061035156,4.198738987785383,0.012718727023433563,0.505938281226952
2024-03-26,DDOG,Technology,123.56999969482422,124.29000091552734,122.37000274658203,123.44999694824219,3.986163467945487,0.0074188488956971116,0.5667495615300352
2024-04-04,DDOG,Technology,122.58999633789062,125.55500030517578,120.55999755859375,120.72000122070312,3.867829063217862,0.008888109478010912,0.5205419407074362
2024-04-11,DDOG,Technology,127.79000091552734,131.3300018310547,127.0,130.8000030517578,4.068504546920136,0.01565729792943374,0.5079365393886486
2024-05-01,DDOG,Technology,127.0199966430664,129.6199951171875,123.38999938964844,126.41999816894531,4.7527858427709635,0.012111527036385707,0.5169089527371785
2024-05-08,DDOG,Technology,114.0999984741211,117.75,113.37000274658203,117.27999877929688,5.618805870160628,0.015124527803950086,0.5054706444292529
2024-05-09,DDOG,Technology,118.11000061035156,118.31999969482422,115.75,115.87000274658203,5.59960534187209,0.007077096177470335,0.5027675499868258
2024-05-23,DDOG,Technology,124.54000091552734,125.44000244140625,122.01000213623047,122.12000274658203,4.063669391442525,0.014582492183522148,0.6116373979882989
2024-06-03,DDOG,Technology,111.0,111.43800354003906,108.29000091552734,109.33999633789062,4.42395451263561,0.007442364245352963,0.5334159157113048
2024-06-05,DDOG,Technology,110.0,110.63999938964844,108.06800079345703,110.4800033569336,4.231185159245298,0.010657880385333504,0.5124823975906153
2024-06-13,DDOG,Technology,120.41999816894531,121.2699966430664,118.81999969482422,119.54000091552734,4.036939359682305,0.01099821637042206,0.6573876717258245
2024-06-28,DDOG,Technology,129.88999938964844,131.12899780273438,128.3000030517578,129.69000244140625,3.759974902712543,0.011210607050356619,0.5185476159131055
2024-07-25,DDOG,Technology,118.2699966430664,121.98999786376953,116.51000213623047,120.30999755859375,4.3320500087786025,0.008097485089612546,0.554084491589187
2024-07-26,DDOG,Technology,121.43000030517578,121.45999908447266,117.5199966430664,118.30999755859375,4.414046131547207,0.009309307366884153,0.5427332731809223
2024-07-29,DDOG,Technology,119.0,119.94999694824219,117.41000366210938,117.91999816894531,4.38018586796571,0.005832156670145497,0.55468836471909
2024-08-07,DDOG,Technology,108.69999694824219,111.25,107.2699966430664,108.04000091552734,4.667224997022854,0.03062478136110075,0.5422438011998899
2024-08-12,DDOG,Technology,113.05000305175781,113.19999694824219,110.0999984741211,112.16000366210938,5.1023661917558165,0.006857893487997769,0.5465104069673462
2024-08-30,DDOG,Technology,117.22000122070312,117.97000122070312,114.66000366210938,116.26000213623047,3.497698618215242,0.017711416132334158,0.5008540218771476
2024-09-09,DDOG,Technology,108.2699966430664,109.0199966430664,106.73999786376953,107.69999694824219,3.627368665288824,0.009981340720940795,0.5646872699330765
2024-09-10,DDOG,Technology,108.45999908447266,110.19999694824219,107.0199966430664,108.12000274658203,3.5311279591465423,0.007056658846478017,0.551298491545775
2024-10-04,DDOG,Technology,119.55000305175781,122.81999969482422,118.37000274658203,122.69000244140625,3.0352161371376867,0.017187137696259083,0.5082122115868329
2024-10-14,DDOG,Technology,131.27999877929688,131.27999877929688,128.5540008544922,129.1199951171875,3.260861660673578,0.011324252741315972,0.5088837363683933
2024-10-17,DDOG,Technology,127.33000183105469,127.91000366210938,124.76000213623047,126.22000122070312,3.260326307965194,0.010555570087735616,0.5003267120397715
2024-11-18,DDOG,Technology,126.91500091552734,127.56999969482422,124.81900024414062,125.97000122070312,4.5162718153839325,0.006542982009658455,0.5130965904995678
2024-11-25,DDOG,Technology,155.6999969482422,157.14999389648438,153.33999633789062,156.6300048828125,5.501530178208281,0.005619034469409937,0.511914060483081
2024-12-11,DDOG,Technology,156.08999633789062,159.53500366210938,153.50999450683594,156.47999572753906,5.887820022413597,0.007617278728848636,0.5190421424335059
2025-01-02,DDOG,Technology,145.0,145.72000122070312,141.63999938964844,143.6300048828125,4.85215413473663,0.01476660801570708,0.5308165854211565
2025-01-03,DDOG,Technology,144.6300048828125,146.22999572753906,144.1300048828125,144.8300018310547,4.797000398759349,0.006962333537591247,0.5371992504363095
2025-01-06,DDOG,Technology,147.19000244140625,147.63999938964844,144.8300018310547,146.0399932861328,4.640071144899864,0.016294970520711043,0.5037763955183371
2025-01-14,DDOG,Technology,139.5,141.0500030517578,138.02000427246094,139.16000366210938,4.418021134384816,0.010869565217391304,0.5658645137852064
2025-01-17,DDOG,Technology,139.4199981689453,140.86000061035156,137.9199981689453,138.39999389648438,4.523375227233098,0.01922658828786651,0.5144931148467151
2025-01-22,DDOG,Technology,139.99000549316406,140.39999389648438,138.58999633789062,140.1199951171875,4.4030645170203435,0.011488523604046754,0.5099033780660375
2025-01-28,DDOG,Technology,143.39999389648438,153.4199981689453,143.39999389648438,151.88999938964844,4.570993862267138,0.008722497203378315,0.5196578197679304
2025-01-31,DDOG,Technology,145.74000549316406,146.00999450683594,141.82000732421875,142.7100067138672,5.520477513490201,0.021948004133065715,0.5187553831012823
2025-02-26,DDOG,Technology,115.83999633789062,117.62999725341797,112.8499984741211,113.37000274658203,5.363441147641019,0.007479500398754958,0.5731728413693217
2025-02-27,DDOG,Technology,116.78500366210938,118.0,113.30999755859375,113.52999877929688,5.3217666927592955,0.030122614737524138,0.6934325802307262
2025-03-12,DDOG,Technology,104.41999816894531,104.70999908447266,101.05000305175781,102.02999877929688,5.220073506552308,0.02412709990743111,0.5691347030092891
2025-04-08,DDOG,Technology,91.0,92.5,85.73999786376953,87.0,5.154141794664999,0.031746067444888004,0.9178780574653398
2025-04-14,DDOG,Technology,94.0999984741211,95.87999725341797,90.5,91.87999725341797,5.6522286780158275,0.022603802509608254,0.5375710774619539
2025-04-23,DDOG,Technology,95.23999786376953,97.26000213623047,93.91999816894531,94.58000183105469,4.731201945219001,0.04178516485818356,0.5715589159439022
2025-05-01,DDOG,Technology,106.66000366210938,106.80000305175781,103.5,106.31999969482422,4.185169904804697,0.04404854971309116,0.5817200237450095
2025-05-08,DDOG,Technology,107.375,110.18000030517578,106.37999725341797,109.22000122070312,4.253827713934291,0.012780639500446632,0.5000330201989867
2025-06-06,DDOG,Technology,122.63999938964844,123.1500015258789,121.54000091552734,122.16000366210938,3.391638769852567,0.007310056588488193,0.5368679346036024
2025-07-24,DDOG,Technology,145.0,147.86000061035156,144.71499633789062,146.55999755859375,4.373149989128389,0.006944444444444444,0.6138492686245551
2025-07-25,DDOG,Technology,147.46499633789062,150.39999389648438,146.55499267578125,149.83999633789062,4.336496462072901,0.0061749371886763455,0.5842468152735446
2025-07-28,DDOG,Technology,150.89999389648438,151.64999389648438,149.66000366210938,150.77000427246094,4.301389659117917,0.007074196372799191,0.5244483205222235
2025-08-04,DDOG,Technology,137.1999969482422,139.13999938964844,136.14999389648438,139.1300048828125,4.607926266190218,0.01179934198163049,0.5233490034743878
2025-08-07,DDOG,Technology,147.75,149.0,131.1999969482422,136.3800048828125,4.703153618853986,0.07878207328563402,0.5048286274838124
2025-10-06,DDOG,Technology,153.11000061035156,159.67999267578125,153.00999450683594,157.36000061035156,4.898986534104751,0.008496859596232078,0.5310006388856273
2025-10-27,DDOG,Technology,158.27499389648438,159.30999755859375,156.52999877929688,157.6199951171875,5.576540990200602,0.011535710754135437,0.5038151184816821
2025-11-26,DDOG,Technology,159.92999267578125,161.72000122070312,157.05999755859375,158.39999389648438,7.6949523510987,0.005912240707845017,0.5002182750345491
2025-12-08,DDOG,Technology,152.8350067138672,156.10000610351562,152.52000427246094,154.27999877929688,6.246166565294084,0.009411551530887532,0.5263177445396287
2025-12-22,DDOG,Technology,142.17999267578125,143.41000366210938,140.6269989013672,141.83999633789062,5.113424733326128,0.012750148115356403,0.5363313805717632
2026-01-02,DDOG,Technology,137.25,137.35000610351562,132.27000427246094,133.77000427246094,4.084829876068179,0.009265346392674973,0.5274520135277149
2024-01-18,DOCN,Technology,34.90999984741211,35.119998931884766,33.56999969482422,34.4900016784668,1.4112022643065545,0.01719114679004115,0.5286403025161199
2024-01-22,DOCN,Technology,35.5099983215332,36.650001525878906,34.599998474121094,34.849998474121094,1.3874652215854448,0.024523902996628516,0.6798798922096433
2024-01-24,DOCN,Technology,34.650001525878906,34.95000076293945,32.58000183105469,32.650001525878906,1.4080187823819692,0.011678876667997263,0.6968520712662156
2024-01-25,DOCN,Technology,33.099998474121094,33.349998474121094,32.63999938964844,33.13999938964844,1.4767316502035974,0.013782448000362659,0.6752197227048004
2024-02-01,DOCN,Technology,34.040000915527344,34.900001525878906,33.65999984741211,34.63999938964844,1.4452167203532604,0.009489907569390834,0.5016810580774307
2024-02-22,DOCN,Technology,38.5,39.68000030517578,36.70000076293945,38.959999084472656,1.9182008628988316,0.07391915310099255,0.5214611034741661
2024-02-27,DOCN,Technology,36.54999923706055,38.43000030517578,36.349998474121094,37.540000915527344,2.037546267477822,0.009947516551876142,0.5091085607099199
2024-03-06,DOCN,Technology,38.79999923706055,39.7400016784668,37.970001220703125,39.11000061035156,1.8879463549325073,0.03521877563890328,0.5231853033763423
2024-03-21,DOCN,Technology,40.0,41.13999938964844,39.810001373291016,39.83000183105469,1.7552309152848073,0.01858924200985099,0.504529852993855
2024-04-04,DOCN,Technology,37.13999938964844,38.06999969482422,36.599998474121094,36.77000045776367,1.5249786486830625,0.010887253481430244,0.5312457274069604
2024-04-08,DOCN,Technology,37.70000076293945,37.86000061035156,37.099998474121094,37.47999954223633,1.4845478775410361,0.01018223663511807,0.5024893461003328
2024-04-11,DOCN,Technology,36.279998779296875,37.11000061035156,36.040000915527344,36.47999954223633,1.4185321621934153,0.010022289217787365,0.5127800612733321
2024-04-17,DOCN,Technology,33.77000045776367,34.20000076293945,33.08000183105469,33.22999954223633,1.4364300860999737,0.010775235318639118,0.5594515974375541
2024-04-24,DOCN,Technology,33.02000045776367,33.41999816894531,32.56999969482422,33.02000045776367,1.3370316878661206,0.009477266339581538,0.6842984214975714
2024-04-29,DOCN,Technology,33.810001373291016,34.189998626708984,33.5099983215332,34.040000915527344,1.3275468801553967,0.008952642995658804,0.5075075686844386
2024-05-01,DOCN,Technology,35.68000030517578,36.59000015258789,34.834999084472656,35.529998779296875,1.2804869036848907,0.08581861358626579,0.5369354468353643
2024-05-03,DOCN,Technology,36.0,36.45000076293945,33.939998626708984,34.2400016784668,1.4700626460999404,0.018675717163622554,0.5062658304755278
2024-05-10,DOCN,Technology,33.810001373291016,35.97999954223633,33.5,35.90999984741211,1.4159919124798448,0.03775320666384721,0.5039558256134987
2024-05-23,DOCN,Technology,38.15999984741211,38.25,36.20100021362305,36.36000061035156,1.5554381615113408,0.010325638997133573,0.6111285296661251
2024-05-28,DOCN,Technology,36.650001525878906,37.41999816894531,36.150001525878906,37.33000183105469,1.5392144467586926,0.012710774153785957,0.5403568481101111
2024-06-20,DOCN,Technology,34.970001220703125,34.970001220703125,33.7400016784668,33.77000045776367,1.4466787734763966,0.006330970379946043,0.5466031561896095
2024-07-18,DOCN,Technology,34.310001373291016,34.439998626708984,32.81999969482422,33.380001068115234,1.3345877692540105,0.008524424210028572,0.5129201811568408
2024-07-26,DOCN,Technology,32.91999816894531,32.93000030517578,31.649999618530273,32.18000030517578,1.409815049783383,0.01982649980950148,0.550163251869915
2024-07-29,DOCN,Technology,32.56999969482422,32.810001373291016,32.005001068115234,32.470001220703125,1.4005425952735346,0.012119309693906703,0.5553605862418357
2024-08-07,DOCN,Technology,28.639999389648438,29.059999465942383,27.610000610351562,27.700000762939453,1.5734529589397936,0.02984537718968737,0.5455677738951916
2024-08-09,DOCN,Technology,30.31999969482422,33.90999984741211,29.56999969482422,32.56999969482422,1.6197323539723174,0.0419243744797805,0.5676151464835093
2024-08-30,DOCN,Technology,37.79999923706055,37.970001220703125,36.9900016784668,37.43000030517578,1.6139108291507815,0.012319204140141801,0.511128884304526
2024-09-09,DOCN,Technology,36.91999816894531,39.400001525878906,36.779998779296875,38.880001068115234,1.5174409899945045,0.014285621463414225,0.5379175690448186
2024-10-04,DOCN,Technology,40.70000076293945,42.939998626708984,40.5,42.900001525878906,1.6560000034432485,0.02959782493733204,0.5497982408747436
2024-11-06,DOCN,Technology,36.95000076293945,38.84000015258789,36.584999084472656,38.81999969482422,1.6302464299156716,0.03068346821862249,0.5494616311396915
2024-11-07,DOCN,Technology,39.29999923706055,39.810001373291016,38.20000076293945,38.77000045776367,1.7273718048121807,0.012364748738015198,0.5008450793492537
2024-12-19,DOCN,Technology,35.720001220703125,36.005001068115234,34.58000183105469,35.45000076293945,1.6483489399354998,0.02673182755682846,0.5484529491066961
2024-12-31,DOCN,Technology,34.43000030517578,34.7599983215332,33.9900016784668,34.06999969482422,1.4594676853550308,0.007609076680219616,0.527480232915365
2025-01-02,DOCN,Technology,34.68000030517578,34.83000183105469,33.79999923706055,34.2599983215332,1.4102197537629864,0.01790433272132466,0.549336050061052
2025-01-03,DOCN,Technology,34.5,35.999000549316406,34.20000076293945,35.720001220703125,1.3830613852080689,0.007005303275684933,0.549336050061052
2025-01-06,DOCN,Technology,36.06999969482422,36.638999938964844,35.439998626708984,35.599998474121094,1.4127712710058464,0.00979838919821303,0.5103324379037117
2025-01-14,DOCN,Technology,33.79999923706055,34.220001220703125,32.9900016784668,33.560001373291016,1.3731236655199037,0.009557936057332576,0.5486621225298587
2025-01-15,DOCN,Technology,34.56999969482422,34.97999954223633,33.91999816894531,34.2400016784668,1.3629005138567911,0.030095300363635207,0.5007542984566656
2025-01-16,DOCN,Technology,35.849998474121094,37.0,35.11000061035156,35.27000045776367,1.3669789177916856,0.04702093214752405,0.5108623175843034
2025-01-17,DOCN,Technology,35.70000076293945,36.349998474121094,34.90999984741211,36.130001068115234,1.4664803037732224,0.01219167279826698,0.5097546941289074
2025-01-22,DOCN,Technology,37.5,38.724998474121094,37.23500061035156,38.27000045776367,1.4571181736214962,0.006441269170108784,0.5162549929337977
2025-01-28,DOCN,Technology,40.5,42.814998626708984,39.619998931884766,41.970001220703125,1.697309894136081,0.008968625207413476,0.5191231857279286
2025-01-31,DOCN,Technology,42.060001373291016,42.650001525878906,40.861000061035156,41.47999954223633,1.7534113624559324,0.008633108003957406,0.5150996836803118
2025-02-04,DOCN,Technology,40.58000183105469,41.20500183105469,40.31999969482422,40.81999969482422,1.8326709771787004,0.008449307614463428,0.5024613705971989
2025-02-10,DOCN,Technology,45.45000076293945,46.15999984741211,45.02000045776367,45.93000030517578,1.797498386139855,0.01496208132887087,0.5586054185443383
2025-02-25,DOCN,Technology,45.0,45.0,40.400001525878906,40.83000183105469,2.153280096224348,0.2106538126654113,0.5999481188891683
2025-02-26,DOCN,Technology,41.40999984741211,44.0099983215332,39.720001220703125,43.939998626708984,2.558760220140801,0.014205192024171894,0.5705274731409457
2025-03-03,DOCN,Technology,43.220001220703125,43.244998931884766,39.95000076293945,40.349998474121094,2.724637537877626,0.008634836867158616,0.5875725727304572
2025-03-12,DOCN,Technology,37.2599983215332,37.849998474121094,35.880001068115234,36.099998474121094,2.648978924956293,0.027295226117308197,0.5632655954448531
2025-04-08,DOCN,Technology,29.690000534057617,29.868000030517578,25.450000762939453,25.90999984741211,2.4319133447945136,0.05508177604934,0.9132255799745467
2025-04-14,DOCN,Technology,28.649999618530273,28.690000534057617,27.014999389648438,27.59000015258789,2.738916576127219,0.03654125366081213,0.5330176118612117
2025-04-22,DOCN,Technology,26.18000030517578,27.1299991607666,26.049999237060547,26.68000030517578,2.285595459208283,0.01042070472225956,0.5103585018195257
2025-04-23,DOCN,Technology,28.489999771118164,29.889999389648438,27.920000076293945,28.25,2.2094814487901555,0.06784105866712649,0.604933588794726
2025-05-01,DOCN,Technology,31.639999389648438,32.15999984741211,31.360000610351562,31.479999542236328,2.0055265207909314,0.023948212953193604,0.5230726516150063
2025-05-08,DOCN,Technology,28.799999237060547,30.385000228881836,28.6200008392334,29.889999389648438,2.0877422774075427,0.006289252010796579,0.5314478773341502
2025-05-27,DOCN,Technology,28.90999984741211,29.065000534057617,28.200000762939453,28.81999969482422,1.6033141125797146,0.032868884738014865,0.5099491825119011
2025-05-29,DOCN,Technology,28.950000762939453,28.950000762939453,27.81999969482422,27.920000076293945,1.5037504026655926,0.0240537776499765,0.5401705103406791
2025-06-06,DOCN,Technology,28.5,28.8799991607666,28.020000457763672,28.6299991607666,1.4810480334920662,0.026287343543497918,0.5516647139197705
2025-06-16,DOCN,Technology,27.350000381469727,28.15999984741211,27.1299991607666,28.149999618530273,1.3087183216598344,0.02128452876061586,0.5264983473843067
2025-07-21,DOCN,Technology,29.709999084472656,30.3700008392334,28.969999313354492,29.139999389648438,1.108924052886397,0.006436267742638713,0.5009946474830979
2025-07-28,DOCN,Technology,29.06999969482422,29.739999771118164,28.4950008392334,29.149999618530273,1.0303404616894818,0.009375016142925054,0.5245929949158425
2025-07-29,DOCN,Technology,29.420000076293945,29.729999542236328,28.239999771118164,28.459999084472656,1.0456732095605736,0.009262451502470556,0.7468631293984973
2025-07-31,DOCN,Technology,28.25,28.68000030517578,27.68400001525879,27.860000610351562,1.0898815345015032,0.016187078247813444,0.7008413126691556
2025-08-04,DOCN,Technology,26.25,27.1299991607666,26.200000762939453,27.010000228881836,1.1700918322520586,0.01981352888177128,0.5484529491066961
2025-08-05,DOCN,Technology,30.989999771118164,35.279998779296875,29.510000228881836,34.810001373291016,1.1857995149232285,0.14735281408774326,0.525172916610914
2025-08-06,DOCN,Technology,35.56999969482422,37.0,34.91999816894531,36.470001220703125,1.6918137317440722,0.021832757585477543,0.5479065972850524
2025-08-07,DOCN,Technology,37.29999923706055,37.400001525878906,33.45000076293945,34.33000183105469,1.7273983670987088,0.022758376434773804,0.5157794972947141
2025-10-06,DOCN,Technology,37.900001525878906,40.91999816894531,37.540000915527344,38.38999938964844,1.6694501695639956,0.014182569150194241,0.5222091291241748
2025-10-07,DOCN,Technology,39.0,39.59000015258789,37.7400016784668,38.290000915527344,1.8037751029566065,0.015889570722838937,0.5042541822496422
2025-10-09,DOCN,Technology,38.880001068115234,40.540000915527344,38.45000076293945,39.540000915527344,1.7809285665943804,0.027484167847082255,0.5377406538726276
2025-10-10,DOCN,Technology,39.79999923706055,40.400001525878906,37.090999603271484,37.290000915527344,1.8465765806190286,0.006575577023598446,0.5222329780353996
2025-10-16,DOCN,Technology,44.0,44.86000061035156,42.13999938964844,43.08000183105469,2.3504281445186352,0.012658210066814706,0.5000748487997544
2025-10-27,DOCN,Technology,40.0,40.95000076293945,39.709999084472656,40.380001068115234,2.139288048600881,0.013941678743317873,0.5038151184816821
2025-10-31,DOCN,Technology,39.0,41.04999923706055,38.84000015258789,40.65999984741211,1.9975099005686452,0.027938888024755918,0.507720390412177
2025-11-03,DOCN,Technology,40.9900016784668,41.79999923706055,39.915000915527344,41.43000030517578,2.0769735226959964,0.008116129667808917,0.5632145085046265
2025-11-19,DOCN,Technology,44.29999923706055,45.93600082397461,43.869998931884766,44.09000015258789,2.844331563130026,0.006589432551408487,0.5287281084077198
2025-11-20,DOCN,Technology,45.18000030517578,46.099998474121094,42.84000015258789,43.18000030517578,2.788736586627156,0.024722162595046223,0.5323578289017958
2025-11-24,DOCN,Technology,44.34000015258789,45.70000076293945,44.119998931884766,45.150001525878906,2.7893697442083822,0.012097666347483646,0.5061200840920171
2025-12-22,DOCN,Technology,48.400001525878906,49.43000030517578,47.880001068115234,49.209999084472656,2.349569504866495,0.018518540817300488,0.521001087122554
2026-01-02,DOCN,Technology,48.63999938964844,49.78900146484375,47.20000076293945,48.970001220703125,1.952180369735682,0.01080632729231244,0.5122401494666556
2024-01-02,EOSE,Industrials,1.1100000143051147,1.1399999856948853,1.0399999618530273,1.0499999523162842,0.160063175945233,0.01834860579271824,0.8019375598558429
2024-01-05,EOSE,Industrials,0.9649999737739563,1.0099999904632568,0.921999990940094,0.9409999847412109,0.14765627219153818,0.0157894588243266,0.5824849368994479
2024-01-08,EOSE,Industrials,0.949999988079071,0.9990000128746033,0.9100000262260437,0.9980000257492065,0.14339510985808282,0.009564297007226033,0.5182967271481924
2024-01-10,EOSE,Industrials,0.9639999866485596,0.9639999866485596,0.9110000133514404,0.9259999990463257,0.13497333612130025,0.014736840784384586,0.62869490392091
2024-01-12,EOSE,Industrials,0.890999972820282,0.8980000019073486,0.7879999876022339,0.7889999747276306,0.1248953742715637,0.022962090829678185,0.553451482326498
2024-01-16,EOSE,Industrials,0.800000011920929,0.8100000023841858,0.7599999904632568,0.7720000147819519,0.12383141998824593,0.013941745938706328,0.6630969055429767
2024-01-18,EOSE,Industrials,0.9200000166893005,0.949999988079071,0.8309999704360962,0.8880000114440918,0.12223219149066746,0.036036041478388486,0.6787473367274726
2024-01-24,EOSE,Industrials,1.100000023841858,1.100000023841858,0.9700000286102295,0.9909999966621399,0.11797519078331066,0.01851850012202395,0.8609740078862512
2024-02-07,EOSE,Industrials,1.2000000476837158,1.2300000190734863,1.1299999952316284,1.1399999856948853,0.11266356989049492,0.016949238156632324,0.7207042965405157
2024-02-09,EOSE,Industrials,1.25,1.25,1.149999976158142,1.159999966621399,0.11163338684545614,0.024590139906754887,0.5099232368057955
2024-02-14,EOSE,Industrials,1.0499999523162842,1.0499999523162842,0.9850000143051147,1.0199999809265137,0.11288577062498364,0.06275301433304724,0.5727204015303077
2024-02-21,EOSE,Industrials,0.9800000190734863,0.9800000190734863,0.9210000038146973,0.9279999732971191,0.10363023364413688,0.019771064829818198,0.6572153816352221
2024-02-26,EOSE,Industrials,0.9779999852180481,1.0199999809265137,0.949999988079071,0.9769999980926514,0.0996365222289246,0.040425518828314716,0.5730432826935725
2024-02-29,EOSE,Industrials,1.0,1.0299999713897705,0.9399999976158142,0.9520000219345093,0.09282413658236585,0.006036199447211903,0.6287734045898608
2024-03-01,EOSE,Industrials,0.9760000109672546,1.0399999618530273,0.9409999847412109,1.0199999809265137,0.09262241066747946,0.02521007193253656,0.5075940259102492
2024-03-04,EOSE,Industrials,1.0499999523162842,1.0700000524520874,1.0,1.0099999904632568,0.09307795112778924,0.029411737206622428,0.5445964307217697
2024-03-05,EOSE,Industrials,1.0399999618530273,1.2200000286102295,1.0299999713897705,1.0800000429153442,0.09142952979381055,0.029702942250534495,0.5557474225434968
2024-03-06,EOSE,Industrials,1.100000023841858,1.1699999570846558,1.0700000524520874,1.1100000143051147,0.09989885181903642,0.01851850012202395,0.5069606583775441
2024-03-08,EOSE,Industrials,1.100000023841858,1.159999966621399,1.0199999809265137,1.0399999618530273,0.09955563835808041,0.0280373550646287,0.5157779815286132
2024-03-11,EOSE,Industrials,1.0499999523162842,1.100000023841858,0.9369999766349792,0.9559999704360962,0.10244452031070933,0.009615375798129148,0.6355557871119127
2024-03-12,EOSE,Industrials,0.972000002861023,1.0199999809265137,0.9300000071525574,1.0,0.10676991508900714,0.016736436108494922,0.5565136222672655
2024-03-22,EOSE,Industrials,1.059999942779541,1.059999942779541,0.9909999966621399,1.0,0.09518705090261605,0.019230751596258297,0.5146082008860196
2024-04-01,EOSE,Industrials,1.0950000286102295,1.1200000047683716,0.9760000109672546,0.9940000176429749,0.08655923817694974,0.06310685342326267,0.6679805127893562
2024-04-05,EOSE,Industrials,1.0,1.0099999904632568,0.9559999704360962,1.0099999904632568,0.0855673245147663,0.01626013453082938,0.5797228794695062
2024-04-11,EOSE,Industrials,0.9200000166893005,0.9589999914169312,0.8999999761581421,0.9210000038146973,0.0828365868121812,0.010989000192372348,0.6031523821739395
2024-04-17,EOSE,Industrials,0.8299999833106995,0.8410000205039978,0.7950000166893005,0.8240000009536743,0.08325850565607724,0.023427859490610322,0.5357155064870383
2024-04-18,EOSE,Industrials,0.8399999737739563,0.8399999737739563,0.7609999775886536,0.7699999809265137,0.08059718409597869,0.019417442720587458,0.6946280975324356
2024-04-24,EOSE,Industrials,0.7900000214576721,0.7900000214576721,0.7009999752044678,0.7599999904632568,0.08230042111832318,0.029986963912768953,0.6064792832036939
2024-05-03,EOSE,Industrials,0.7310000061988831,0.7599999904632568,0.699999988079071,0.7440000176429749,0.08564556927465884,0.05788715244712007,0.5090076795733134
2024-05-06,EOSE,Industrials,0.7599999904632568,0.777999997138977,0.7120000123977661,0.7300000190734863,0.0844566004494722,0.02150533930223632,0.5020930327986972
2024-05-13,EOSE,Industrials,0.7379999756813049,0.753000020980835,0.7020000219345093,0.7200000286102295,0.07983699375326106,0.017930967464744058,0.5361632702485049
2024-05-16,EOSE,Industrials,0.7400000095367432,0.7749999761581421,0.7020000219345093,0.7059999704360962,0.08394055077852988,0.02351316706192873,0.5249595323320035
2024-05-17,EOSE,Industrials,0.7329999804496765,0.781000018119812,0.6909999847412109,0.7139999866485596,0.08315907959603724,0.038243641847325316,0.5814128849345985
2024-05-22,EOSE,Industrials,0.7070000171661377,0.7490000128746033,0.6919999718666077,0.7279999852180481,0.0784105339245435,0.00855926130371093,0.5578019388083094
2024-05-24,EOSE,Industrials,0.699999988079071,0.7200000286102295,0.6899999976158142,0.7089999914169312,0.074389697480971,0.008645507647773998,0.5176665614369139
2024-06-03,EOSE,Industrials,0.7310000061988831,0.7670000195503235,0.699999988079071,0.7369999885559082,0.06298537522204106,0.02668538408746881,0.5267414946924085
2024-06-18,EOSE,Industrials,0.7900000214576721,0.8190000057220459,0.7599999904632568,0.7879999876022339,0.07560882789045428,0.03403144363464131,0.5251578744952616
2024-06-26,EOSE,Industrials,1.340000033378601,1.4900000095367432,1.2799999713897705,1.2799999713897705,0.11515921772903172,0.015151500099837775,0.5903894871085688
2024-06-28,EOSE,Industrials,1.3680000305175781,1.409999966621399,1.2699999809265137,1.2699999809265137,0.1289383096564297,0.005882364800231968,0.6536567863129482
2024-07-02,EOSE,Industrials,1.5099999904632568,1.6200000047683716,1.399999976158142,1.5499999523162842,0.13974782591296592,0.03424654178759061,0.6911273009595147
2024-07-08,EOSE,Industrials,2.0399999618530273,2.0799999237060547,1.840000033378601,1.940000057220459,0.16031194505504462,0.06250000388051082,0.782707062263921
2024-07-11,EOSE,Industrials,2.125,2.2200000286102295,2.0799999237060547,2.119999885559082,0.1700238050825014,0.03155342671163133,0.8800481659159481
2024-07-15,EOSE,Industrials,2.4000000953674316,2.4100000858306885,2.0299999713897705,2.059999942779541,0.1722144117795883,0.03896110598149913,0.7846729454303808
2024-07-22,EOSE,Industrials,1.909999966621399,1.9500000476837158,1.7999999523162842,1.8700000047683716,0.20382049459179324,0.0052631529414422,0.6155022502947198
2024-08-01,EOSE,Industrials,2.049999952316284,2.049999952316284,1.75,1.8200000524520874,0.18710870379553107,0.040609097738182276,0.6681491134112539
2024-08-12,EOSE,Industrials,1.5800000429153442,1.7079999446868896,1.5399999618530273,1.6799999475479126,0.19320943722927938,0.03947372548798166,0.5328563140659719
2024-08-14,EOSE,Industrials,1.809999942779541,1.8300000429153442,1.715000033378601,1.7999999523162842,0.19049180588435047,0.01685391678200277,0.6192154692948225
2024-08-16,EOSE,Industrials,1.9049999713897705,2.0299999713897705,1.8799999952316284,1.9299999475479126,0.18116385332487597,0.013297859692314482,0.5367819658545075
2024-08-20,EOSE,Industrials,1.9900000095367432,2.0199999809265137,1.8200000524520874,1.8899999856948853,0.1761565852126953,0.005050500185316257,0.6605116806573981
2024-09-19,EOSE,Industrials,2.5299999713897705,2.5399999618530273,2.369999885559082,2.4000000953674316,0.232261524016186,0.032653029448586494,0.6916149650073258
2024-09-26,EOSE,Industrials,2.5,2.619999885559082,2.4609999656677246,2.5899999141693115,0.21993738784387737,0.008064508376086847,0.7179485538872725
2024-10-02,EOSE,Industrials,2.9200000762939453,2.997999906539917,2.809999942779541,2.9600000381469727,0.2299524909064234,0.010380612560830766,0.5435570647022439
2024-10-09,EOSE,Industrials,3.180000066757202,3.2300000190734863,2.9200000762939453,2.9700000286102295,0.2314987899505715,0.009523800152860364,0.5189684094806416
2024-10-16,EOSE,Industrials,3.5199999809265137,3.6600000858306885,3.359999895095825,3.450000047683716,0.2340834490490637,0.04761907465063339,0.506876576364739
2024-10-24,EOSE,Industrials,3.0899999141693115,3.2200000286102295,3.009999990463257,3.130000114440918,0.24617014794004885,0.006514651909255246,0.5667366900230767
2024-10-25,EOSE,Industrials,3.1700000762939453,3.4049999713897705,3.0999999046325684,3.3399999141693115,0.24358656866911485,0.012779540060870622,0.5462031867950153
2024-10-29,EOSE,Industrials,3.4749999046325684,3.5799999237060547,3.3499999046325684,3.450000047683716,0.24740373013489,0.007246335247339231,0.6199169266241304
2024-11-01,EOSE,Industrials,3.380000114440918,3.5,3.130000114440918,3.1500000953674316,0.25631196692269315,0.08681679371464208,0.7153238071293418
2024-11-05,EOSE,Industrials,2.990000009536743,3.200000047683716,2.9200000762939453,3.180000066757202,0.2647281825188236,0.023972579251313426,0.5322381770599819
2024-11-08,EOSE,Industrials,2.7799999713897705,2.799999952316284,2.5910000801086426,2.6700000762939453,0.3150684430585828,0.007246369925949435,0.5482464979786178
2024-11-18,EOSE,Industrials,2.2100000381469727,2.2200000286102295,2.059999942779541,2.1500000953674316,0.2684718443586981,0.009132411143357496,0.5514037038324973
2024-11-25,EOSE,Industrials,2.7300000190734863,2.8499999046325684,2.5899999141693115,2.7899999618530273,0.26394298496914054,0.011111100318500725,0.5017978306370343
2024-11-27,EOSE,Industrials,2.7300000190734863,2.8499999046325684,2.640000104904175,2.700000047683716,0.2558998159962443,0.018656698160751942,0.5134016654301782
2024-12-02,EOSE,Industrials,2.9700000286102295,2.9800000190734863,2.819999933242798,2.890000104904175,0.2560054368992979,0.006779654441774426,0.5612884956996553
2024-12-03,EOSE,Industrials,3.299999952316284,3.444999933242798,2.9000000953674316,2.930000066757202,0.24914791182296864,0.14186845416246238,0.7534580484159906
2024-12-18,EOSE,Industrials,4.329999923706055,4.599999904632568,4.0,4.039999961853027,0.2991073679083279,0.10741683597332614,0.7373293659385785
2024-12-19,EOSE,Industrials,4.239999771118164,4.5,4.019999980926514,4.320000171661377,0.3270282572578674,0.049504903750890825,0.7059076852551937
2024-12-27,EOSE,Industrials,5.300000190734863,5.420000076293945,5.065000057220459,5.170000076293945,0.3864774476912491,0.025145089462765936,0.796907268396345
2025-01-06,EOSE,Industrials,5.789999961853027,6.010000228881836,5.480000019073486,5.519999980926514,0.4280252072980305,0.021164000695660833,0.665480813353185
2025-01-07,EOSE,Industrials,5.559999942779541,5.699999809265137,5.355000019073486,5.389999866485596,0.43530913604876764,0.007246369925949435,0.5639415893601409
2025-01-14,EOSE,Industrials,4.869999885559082,4.949999809265137,4.460000038146973,4.599999904632568,0.4309227344259204,0.027426185805542982,0.5421912966094213
2025-01-21,EOSE,Industrials,6.079999923706055,6.139999866485596,5.099999904632568,5.739999771118164,0.5118815575900475,0.009966767935156483,0.5089417195066179
2025-01-28,EOSE,Industrials,5.885000228881836,5.989999771118164,5.264999866485596,5.679999828338623,0.5379196826239853,0.005982961507666197,0.5424767405170173
2025-01-31,EOSE,Industrials,5.860000133514404,6.198999881744385,5.730000019073486,5.739999771118164,0.5711569058208009,0.008605884892822024,0.5472894213416479
2025-02-05,EOSE,Industrials,5.96999979019165,6.079999923706055,5.329999923706055,5.389999866485596,0.5689404990236756,0.0050504600475087145,0.722125930177753
2025-02-06,EOSE,Industrials,5.510000228881836,5.630000114440918,5.340000152587891,5.460000038146973,0.5818733205219846,0.02226351862128769,0.6238945913839603
2025-02-13,EOSE,Industrials,5.005000114440918,5.28000020980835,4.909999847412109,5.230000019073486,0.5446051480561713,0.007042319059719299,0.5065967829513157
2025-02-19,EOSE,Industrials,5.019999980926514,5.110000133514404,4.78000020980835,4.820000171661377,0.5070078775551649,0.008032120823258392,0.620611364641663
2025-02-21,EOSE,Industrials,4.784999847412109,4.829999923706055,4.46999979019165,4.480000019073486,0.49048128120453066,0.0073683889288651315,0.8097421660569397
2025-02-26,EOSE,Industrials,4.119999885559082,4.46999979019165,4.099999904632568,4.28000020980835,0.46699616117482534,0.007334897763319029,0.6147877254063885
2025-02-27,EOSE,Industrials,4.309999942779541,4.34499979019165,4.070000171661377,4.070000171661377,0.4607821237768921,0.0070092830608844145,0.8868127921798334
2025-03-03,EOSE,Industrials,4.449999809265137,4.480000019073486,3.9000000953674316,3.984999895095825,0.4551896507955564,0.01830661917644874,0.7242508595006112
2025-03-12,EOSE,Industrials,4.119999885559082,4.176000118255615,4.0,4.110000133514404,0.4998432764749132,0.04303793311978674,0.7694804438539155
2025-03-24,EOSE,Industrials,4.5,4.579999923706055,4.340000152587891,4.349999904632568,0.4106688003657783,0.025056978783569907,0.5410784121385585
2025-04-08,EOSE,Industrials,3.7799999713897705,3.799999952316284,3.140000104904175,3.299999952316284,0.3650495434148495,0.06779661359406179,0.9810857389669211
2025-04-14,EOSE,Industrials,4.320000171661377,4.420000076293945,4.110000133514404,4.21999979019165,0.4246173284320821,0.021276631721529805,0.6383994732838203
2025-04-17,EOSE,Industrials,4.960000038146973,5.204999923706055,4.715000152587891,4.739999771118164,0.4403404926740267,0.014314963920783401,0.7762229989285501
2025-04-22,EOSE,Industrials,4.679999828338623,4.895999908447266,4.610000133514404,4.650000095367432,0.43575275111393574,0.03539819647948593,0.5057857104383412
2025-04-23,EOSE,Industrials,4.869999885559082,5.090000152587891,4.769999980926514,4.860000133514404,0.4314846922858512,0.04731178186659081,0.640663217538302
2025-04-28,EOSE,Industrials,5.300000190734863,5.578999996185303,5.179999828338623,5.480000019073486,0.42631989907183665,0.01532574784649095,0.5027573942636696
2025-05-01,EOSE,Industrials,5.329999923706055,5.375999927520752,5.119999885559082,5.139999866485596,0.4192258906547471,0.02107282335932157,0.5153557253515287
2025-05-12,EOSE,Industrials,6.460000038146973,6.730000019073486,6.239999771118164,6.329999923706055,0.5042565260899725,0.04025764870600525,0.7132789384079125
2025-06-03,EOSE,Industrials,4.179999828338623,4.179999828338623,3.809999942779541,3.859999895095825,0.5695558215266906,0.007228851152239623,0.5386716586801348
2025-06-09,EOSE,Industrials,3.940000057220459,4.349999904632568,3.9200000762939453,4.179999828338623,0.4933666842249244,0.026041704501647105,0.5129980734207634
2025-06-10,EOSE,Industrials,4.239999771118164,4.329999923706055,4.034999847412109,4.070000171661377,0.49455477752766247,0.014354053886023366,0.5602123355512106
2025-06-20,EOSE,Industrials,4.789999961853027,4.864999771118164,4.480000019073486,4.489999771118164,0.43465656452055945,0.04585153747711077,0.6684115109883628
2025-06-25,EOSE,Industrials,4.420000076293945,4.440000057220459,4.199999809265137,4.210000038146973,0.4147323061119246,0.011441691543309145,0.5578433180594384
2025-06-27,EOSE,Industrials,4.590000152587891,4.599999904632568,4.28000020980835,4.409999847412109,0.4006620640740169,0.011013257963653244,0.6052419337647993
2025-07-07,EOSE,Industrials,5.204999923706055,5.480000019073486,5.079999923706055,5.150000095367432,0.40859934746824156,0.024606299582147967,0.7850655532307421
2025-07-09,EOSE,Industrials,4.840000152587891,4.861000061035156,4.559999942779541,4.659999847412109,0.4084861756523053,0.010438453263686571,0.6271119794972386
2025-07-28,EOSE,Industrials,6.449999809265137,6.539999961853027,6.045000076293945,6.179999828338623,0.46559179425977937,0.012558857950282876,0.671412315661956
2025-07-29,EOSE,Industrials,6.289999961853027,6.309999942779541,5.789999961853027,5.954999923706055,0.46769237220972953,0.017799374849493444,0.6830951494141355
2025-08-07,EOSE,Industrials,6.565000057220459,6.909999847412109,6.510000228881836,6.559999942779541,0.5229289152820649,0.0162538728256115,0.5231590100441066
2025-08-08,EOSE,Industrials,6.599999904632568,6.690000057220459,6.195000171661377,6.369999885559082,0.5177196934237128,0.006097555213709185,0.5765266068192905
2025-08-26,EOSE,Industrials,6.34499979019165,6.940000057220459,6.309999942779541,6.920000076293945,0.4343279616145531,0.011961692104192645,0.5027799878245468
2025-08-28,EOSE,Industrials,7.269000053405762,7.340000152587891,6.864999771118164,7.130000114440918,0.4432215406387297,0.020926990202469613,0.5350206087900239
2025-09-03,EOSE,Industrials,7.670000076293945,8.085000038146973,7.550000190734863,7.619999885559082,0.4918267824289619,0.021304905797044398,0.6600771547000179
2025-09-05,EOSE,Industrials,7.539999961853027,7.619999885559082,7.0,7.210000038146973,0.5072128844546642,0.027247929851148853,0.6585441822254234
2025-09-10,EOSE,Industrials,7.050000190734863,7.369999885559082,6.800000190734863,6.869999885559082,0.5155636679650968,0.010028677861045143,0.5321904442449937
2025-09-22,EOSE,Industrials,10.460000038146973,10.479999542236328,9.850000381469727,10.239999771118164,0.6074612580991918,0.07172129025096681,0.5489706264737014
2025-09-23,EOSE,Industrials,10.300000190734863,10.604999542236328,9.930000305175781,10.15999984741211,0.6154996906174276,0.005859416109161439,0.5606034655763927
2025-09-24,EOSE,Industrials,10.270000457763672,11.354999542236328,10.210000038146973,10.649999618530273,0.6197496582205075,0.010826831890118694,0.5028756538038316
2025-10-02,EOSE,Industrials,12.954999923706055,13.126999855041504,12.180000305175781,12.359999656677246,0.7747111919383262,0.047291838606232345,0.6148376933644656
2025-10-03,EOSE,Industrials,12.470000267028809,13.505000114440918,12.293000221252441,12.600000381469727,0.7870175032188544,0.008899726003805902,0.5337195893814023
2025-10-06,EOSE,Industrials,14.4350004196167,15.1899995803833,13.550000190734863,13.859999656677246,0.8173733882166847,0.14563491925330632,0.5657031509914164
2025-10-07,EOSE,Industrials,14.199999809265137,14.5600004196167,13.569999694824219,13.65999984741211,0.9439895175521769,0.024531036147904292,0.6913194606820424
2025-10-09,EOSE,Industrials,15.050000190734863,15.09000015258789,14.380000114440918,14.640000343322754,1.0246134395419226,0.01551960193298591,0.5596026684642329
2025-10-15,EOSE,Industrials,18.280000686645508,19.045000076293945,16.940000534057617,18.280000686645508,1.2301362309601476,0.07656072906100708,0.6676074546527573
2025-10-20,EOSE,Industrials,16.198999404907227,16.198999404907227,14.59000015258789,15.010000228881836,1.3802748813392967,0.07706113337725054,0.6761777873501787
2025-10-21,EOSE,Industrials,17.024999618530273,17.329999923706055,15.640000343322754,16.299999237060547,1.3966123364092995,0.13424379473167697,0.5479358158604264
2025-10-27,EOSE,Industrials,16.239999771118164,16.950000762939453,15.234999656677246,15.380000114440918,1.550960384543279,0.011207989487017024,0.6993364727848905
2025-10-31,EOSE,Industrials,14.649999618530273,16.290000915527344,14.529999732971191,16.030000686645508,1.5565754294896534,0.023044687900749674,0.5359729919214644
2025-11-05,EOSE,Industrials,14.399999618530273,15.380000114440918,13.890000343322754,14.859999656677246,1.555672898481239,0.021276541059871673,0.5442840779292835
2025-11-06,EOSE,Industrials,15.800000190734863,16.110000610351562,14.520000457763672,15.289999961853027,1.550981960812448,0.06325710334961104,0.8402292736984456
2025-11-12,EOSE,Industrials,19.05500030517578,19.649999618530273,16.040000915527344,17.270000457763672,1.7615997722154828,0.02888768003176992,0.6156686799426017
2025-11-20,EOSE,Industrials,13.34000015258789,14.239999771118164,12.569999694824219,12.880000114440918,1.83659873431338,0.04381850010309085,0.887992178522539
2025-11-21,EOSE,Industrials,12.979999542236328,13.239999771118164,11.579999923706055,12.359999656677246,1.824698830169135,0.00776393066047351,0.7959501476275344
2025-11-26,EOSE,Industrials,13.5,14.359999656677246,13.319999694824219,14.210000038146973,1.7018415549037471,0.007462715247501978,0.5021048131775413
2025-12-08,EOSE,Industrials,15.119999885559082,15.449999809265137,14.329999923706055,15.430000305175781,1.5709750389201225,0.008672456065769555,0.5604474057711503
2025-12-15,EOSE,Industrials,15.09000015258789,15.100000381469727,13.510000228881836,13.630000114440918,1.5760763135314948,0.016846361012766126,0.6801795840526574
2025-12-17,EOSE,Industrials,13.449999809265137,13.630000114440918,12.204999923706055,12.270000457763672,1.5276372559939333,0.011278166645047659,0.5667054543389904
2025-12-18,EOSE,Industrials,12.699999809265137,13.15999984741211,12.220000267028809,12.3100004196167,1.5203060370468569,0.03504477061607514,0.518419195503515
2025-12-19,EOSE,Industrials,12.449999809265137,13.289999961853027,12.449999809265137,13.069999694824219,1.4788555758566029,0.011372817617888976,0.5063331376320971
2025-12-22,EOSE,Industrials,13.4350004196167,13.491999626159668,12.755000114440918,12.890000343322754,1.4432230020265833,0.02792660545638899,0.5478531905621539
2026-01-02,EOSE,Industrials,11.6899995803833,13.119999885559082,11.630000114440918,12.970000267028809,1.0617542111384008,0.020069768016642866,0.5757802652873123
2026-01-05,EOSE,Industrials,13.284000396728516,13.760000228881836,12.899999618530273,13.460000038146973,1.1044860423008087,0.024209724227834482,0.5085238579737311
2026-01-07,EOSE,Industrials,14.329999923706055,15.039999961853027,13.829999923706055,13.979999542236328,1.0711640777066413,0.012720869966671947,0.504408716986438
2026-01-13,EOSE,Industrials,16.584999084472656,17.760000228881836,16.200000762939453,16.81999969482422,1.1664666969897861,0.0282083042392688,0.5681325591159597
2024-01-18,FUBO,Communication Services,2.609999895095825,2.6489999294281006,2.4200000762939453,2.5199999809265137,0.20217249316837035,0.011627896231359918,0.6785294616777782
2024-01-19,FUBO,Communication Services,2.5399999618530273,2.630000114440918,2.4700000286102295,2.5999999046325684,0.2040887331659264,0.007936500427734288,0.504263690692847
2024-01-24,FUBO,Communication Services,2.880000114440918,2.9549999237060547,2.680000066757202,2.700000047683716,0.2025703254446772,0.032258119648186465,0.8618533152437045
2024-01-25,FUBO,Communication Services,2.740000009536743,2.8299999237060547,2.625,2.680000066757202,0.20774386340926115,0.014814800424667634,0.7819998940102626
2024-01-26,FUBO,Communication Services,2.7300000190734863,2.799999952316284,2.6700000762939453,2.6700000762939453,0.207547867716175,0.018656698160751942,0.6082789369301336
2024-02-01,FUBO,Communication Services,2.549999952316284,2.5899999141693115,2.4800000190734863,2.5399999618530273,0.19571544750643352,0.02409636246977518,0.5093723695570855
2024-02-29,FUBO,Communication Services,2.130000114440918,2.1700000762939453,2.049999952316284,2.069999933242798,0.1718300182850743,0.044117722681788325,0.7456224387632364
2024-03-01,FUBO,Communication Services,2.3299999237060547,2.434999942779541,1.850000023841858,1.899999976158142,0.1688421680104917,0.12560386417788377,0.8397721623344726
2024-03-04,FUBO,Communication Services,1.9500000476837158,1.9700000286102295,1.850000023841858,1.850000023841858,0.19856772164814826,0.026315827448943133,0.6591367547562915
2024-03-08,FUBO,Communication Services,1.690000057220459,1.7899999618530273,1.649999976158142,1.6799999475479126,0.18024626446151223,0.030487848757137746,0.5316478851456248
2024-03-12,FUBO,Communication Services,1.6299999952316284,1.6299999952316284,1.5099999904632568,1.5399999618530273,0.17436539474154053,0.01242234829118668,0.6594025384557881
2024-03-14,FUBO,Communication Services,1.6299999952316284,1.6399999856948853,1.5299999713897705,1.5499999523162842,0.1697334335456062,0.01242234829118668,0.634907328030368
2024-03-21,FUBO,Communication Services,1.6399999856948853,1.659999966621399,1.559999942779541,1.590000033378601,0.14963104044317646,0.024999975785613422,0.8095382773755634
2024-03-25,FUBO,Communication Services,1.5199999809265137,1.5700000524520874,1.5,1.5399999618530273,0.14136554462069284,0.006622510282393388,0.5438840860308286
2024-03-26,FUBO,Communication Services,1.559999942779541,1.5800000429153442,1.4900000095367432,1.5,0.13626800946579246,0.012987000923330156,0.6543297225356708
2024-03-27,FUBO,Communication Services,1.5399999618530273,1.559999942779541,1.5099999904632568,1.559999942779541,0.13296315403099307,0.026666641235351562,0.5948227060296024
2024-04-01,FUBO,Communication Services,1.590000033378601,1.590000033378601,1.5099999904632568,1.5800000429153442,0.12505496303404226,0.006329107716228481,0.5191863908134063
2024-04-04,FUBO,Communication Services,1.600000023841858,1.6699999570846558,1.5499999523162842,1.559999942779541,0.11678781902014668,0.025641078544558448,0.5719223155739986
2024-04-11,FUBO,Communication Services,1.5299999713897705,1.5499999523162842,1.4600000381469727,1.4900000095367432,0.10983001931479498,0.013245020564786776,0.6052491951323201
2024-04-17,FUBO,Communication Services,1.4299999475479126,1.4800000190734863,1.3799999952316284,1.3899999856948853,0.10065402622308506,0.04379557851876454,0.617128171055759
2024-04-18,FUBO,Communication Services,1.399999976158142,1.4800000190734863,1.3600000143051147,1.399999976158142,0.10132159680037289,0.007194237817389377,0.6955070069563895
2024-04-29,FUBO,Communication Services,1.409999966621399,1.4600000381469727,1.3799999952316284,1.399999976158142,0.1010117558051886,0.014388475634778753,0.6591929770158982
2024-05-03,FUBO,Communication Services,1.6299999952316284,1.690000057220459,1.3600000143051147,1.3700000047683716,0.10266781016301327,0.05161293250092945,0.5902775737540029
2024-05-06,FUBO,Communication Services,1.4299999475479126,1.4600000381469727,1.3700000047683716,1.409999966621399,0.11890582678817976,0.04379557851876454,0.5442610685594008
2024-05-14,FUBO,Communication Services,1.559999942779541,1.6200000047683716,1.440000057220459,1.4600000381469727,0.11472804478014514,0.08333325054910777,0.5288533402929428
2024-05-15,FUBO,Communication Services,1.5,1.5,1.3600000143051147,1.3799999952316284,0.1193903235492714,0.027397233430072485,0.6025829710187741
2024-05-16,FUBO,Communication Services,1.409999966621399,1.440000057220459,1.3200000524520874,1.3300000429153442,0.12086244227395809,0.021739109777848306,0.5720191792476207
2024-05-17,FUBO,Communication Services,1.340000033378601,1.340000033378601,1.2899999618530273,1.3200000524520874,0.12080083959498764,0.007518789579387513,0.5232746004444294
2024-05-20,FUBO,Communication Services,1.340000033378601,1.3450000286102295,1.2899999618530273,1.2999999523162842,0.11574364187574379,0.015151500099837775,0.5622554873139751
2024-05-23,FUBO,Communication Services,1.25,1.2599999904632568,1.2000000476837158,1.2200000286102295,0.1086602707251965,0.0162601468425821,0.8543383368718298
2024-05-24,FUBO,Communication Services,1.2300000190734863,1.2799999713897705,1.215000033378601,1.25,0.10518453301479254,0.00819671330225163,0.5125218708932436
2024-06-03,FUBO,Communication Services,1.2699999809265137,1.2999999523162842,1.2400000095367432,1.2799999713897705,0.08875847402998675,0.015999984741210938,0.5409374594295342
2024-06-12,FUBO,Communication Services,1.2899999618530273,1.340000033378601,1.2300000190734863,1.25,0.08043787798433064,0.02380950128320286,0.6641853754051661
2024-06-14,FUBO,Communication Services,1.2100000381469727,1.2100000381469727,1.159999966621399,1.1799999475479126,0.08022449437625688,0.008333325054910776,0.5762362831396044
2024-07-17,FUBO,Communication Services,1.440000057220459,1.5800000429153442,1.4049999713897705,1.4500000476837158,0.07621998008575591,0.006993083943600166,0.6762414686144489
2024-07-22,FUBO,Communication Services,1.4500000476837158,1.4600000381469727,1.3300000429153442,1.4500000476837158,0.0875183432838897,0.006944437545758981,0.6239146339022061
2024-07-26,FUBO,Communication Services,1.4800000190734863,1.5,1.440000057220459,1.4800000190734863,0.09344547942660664,0.020689634760835754,0.616542553044201
2024-07-29,FUBO,Communication Services,1.4900000095367432,1.5099999904632568,1.4199999570846558,1.440000057220459,0.0910565125232448,0.006756750225933819,0.6417914727943619
2024-07-30,FUBO,Communication Services,1.4500000476837158,1.4600000381469727,1.399999976158142,1.4500000476837158,0.09098104972719882,0.006944437545758981,0.623356557876098
2024-08-06,FUBO,Communication Services,1.4500000476837158,1.5099999904632568,1.2300000190734863,1.3300000429153442,0.09949854958206612,0.10687031375522382,0.6414490792714277
2024-08-07,FUBO,Communication Services,1.340000033378601,1.3700000047683716,1.2400000095367432,1.2400000095367432,0.11239150828261643,0.007518789579387513,0.7839706046320848
2024-08-09,FUBO,Communication Services,1.2899999618530273,1.2899999618530273,1.2200000286102295,1.2599999904632568,0.10910287841939453,0.02380950128320286,0.6194924275886721
2024-08-14,FUBO,Communication Services,1.2899999618530273,1.350000023841858,1.25,1.2899999618530273,0.10753244028555917,0.02380950128320286,0.6242515375078996
2024-08-19,FUBO,Communication Services,1.7400000095367432,2.180000066757202,1.7300000190734863,1.7999999523162842,0.1191431475093693,0.13725492946004425,0.5027430761211555
2024-08-22,FUBO,Communication Services,2.049999952316284,2.109999895095825,1.9700000286102295,1.9800000190734863,0.17149690424700778,0.014851471125267248,0.5188030110194182
2024-08-26,FUBO,Communication Services,2.0899999141693115,2.0899999141693115,1.899999976158142,1.9600000381469727,0.16930089872536885,0.009661826846140193,0.5879829007279136
2024-09-04,FUBO,Communication Services,1.690000057220459,1.7699999809265137,1.6549999713897705,1.7300000190734863,0.15638676723176279,0.02424247372139546,0.5301832127485976
2024-09-10,FUBO,Communication Services,1.6799999475479126,1.7300000190734863,1.6100000143051147,1.7100000381469727,0.14505525247460885,0.01204818152329224,0.6224990214390249
2024-09-19,FUBO,Communication Services,1.6699999570846558,1.6799999475479126,1.5499999523162842,1.559999942779541,0.13384770841618643,0.037267044873560036,0.7049573861822518
2024-09-23,FUBO,Communication Services,1.4900000095367432,1.4900000095367432,1.3799999952316284,1.3799999952316284,0.1304605176465155,0.006756750225933819,0.5191898868928481
2024-09-24,FUBO,Communication Services,1.3899999856948853,1.440000057220459,1.3650000095367432,1.4299999475479126,0.12899905312212973,0.007246369925949435,0.5209681894531928
2024-09-26,FUBO,Communication Services,1.4199999570846558,1.440000057220459,1.3899999856948853,1.4199999570846558,0.12120326358636431,0.036496315432303784,0.7813593684544828
2024-10-04,FUBO,Communication Services,1.4900000095367432,1.5099999904632568,1.4299999475479126,1.5,0.10575206745321623,0.027586179681114337,0.6143290470806191
2024-10-24,FUBO,Communication Services,1.590000033378601,1.6699999570846558,1.559999942779541,1.600000023841858,0.09896240508305515,0.012738840928875715,0.5537869851527127
2024-10-29,FUBO,Communication Services,1.809999942779541,1.8270000219345093,1.7400000095367432,1.7899999618530273,0.10912187111120396,0.01117317394007622,0.5607503755537058
2024-10-30,FUBO,Communication Services,1.8200000524520874,1.8650000095367432,1.7699999809265137,1.809999942779541,0.1075417383459584,0.016759827507484212,0.5778248952663991
2024-10-31,FUBO,Communication Services,1.840000033378601,1.850000023841858,1.7200000286102295,1.7400000095367432,0.10664590193626348,0.01657463621407091,0.7482704095791977
2024-11-01,FUBO,Communication Services,1.75,1.75,1.5,1.5199999809265137,0.10831405145736099,0.005747120924395414,0.7779669585256619
2024-11-08,FUBO,Communication Services,1.4500000476837158,1.4700000286102295,1.3899999856948853,1.4199999570846558,0.11099769401520926,0.013986084524057727,0.5176257052893992
2024-11-13,FUBO,Communication Services,1.5499999523162842,1.6299999952316284,1.5299999713897705,1.5399999618530273,0.10752256807027111,0.019736823530408253,0.732083735814509
2024-11-14,FUBO,Communication Services,1.559999942779541,1.6299999952316284,1.5,1.5700000524520874,0.10769952851561708,0.012987000923330156,0.5447997564918863
2024-11-27,FUBO,Communication Services,1.4800000190734863,1.5299999713897705,1.4600000381469727,1.5,0.11646003478634182,0.013698616715036242,0.5384936123499614
2024-12-02,FUBO,Communication Services,1.6299999952316284,1.7999999523162842,1.6200000047683716,1.7000000476837158,0.11434563747087213,0.01242234829118668,0.5700290938883219
2024-12-19,FUBO,Communication Services,1.409999966621399,1.4199999570846558,1.309999942779541,1.3200000524520874,0.11364131411205092,0.007142850452539758,0.628062917127468
2025-01-07,FUBO,Communication Services,5.429999828338623,6.449999809265137,5.059999942779541,5.460000038146973,0.3710037528765311,0.07312250785438448,0.5849849551710447
2025-01-10,FUBO,Communication Services,5.699999809265137,5.989999771118164,4.989999771118164,5.110000133514404,0.5228042270153794,0.06542054408814162,0.6505569330540552
2025-01-15,FUBO,Communication Services,4.050000190734863,4.269999980926514,3.9100000858306885,3.930000066757202,0.5917568920748896,0.06299219201043685,0.6197856981143385
2025-01-16,FUBO,Communication Services,4.0,4.130000114440918,3.859999895095825,3.990000009536743,0.5823456882228956,0.01781168754548077,0.6655255765092141
2025-01-17,FUBO,Communication Services,4.070000171661377,4.300000190734863,3.7799999713897705,3.819999933242798,0.5600352975887668,0.020050165898100377,0.7450612799139058
2025-01-31,FUBO,Communication Services,4.150000095367432,4.269999980926514,3.9100000858306885,4.039999961853027,0.45916792339327095,0.007281604524675514,0.6258521155822439
2025-02-10,FUBO,Communication Services,4.010000228881836,4.079999923706055,3.809999942779541,3.8499999046325684,0.422019864378031,0.015189919107293249,0.5630328282216954
2025-02-14,FUBO,Communication Services,3.930000066757202,4.079999923706055,3.869999885559082,4.059999942779541,0.38020642043591374,0.007692300168250153,0.5508449068832009
2025-02-21,FUBO,Communication Services,4.159999847412109,4.190000057220459,3.75,3.759999990463257,0.3427016275606311,0.08051946765155217,0.8347901159032131
2025-02-24,FUBO,Communication Services,3.819999933242798,4.289999961853027,3.7300000190734863,4.010000228881836,0.34965151539347594,0.01595743163077738,0.6008746424771192
2025-02-26,FUBO,Communication Services,3.859999895095825,3.9200000762939453,3.5,3.5999999046325684,0.3614852266481155,0.0052083284826948155,0.623738293346488
2025-02-27,FUBO,Communication Services,3.6500000953674316,3.7899999618530273,3.450000047683716,3.5199999809265137,0.3656648587656748,0.013888942238726675,0.8824751108504624
2025-03-12,FUBO,Communication Services,3.1500000953674316,3.194999933242798,3.0399999618530273,3.0999999046325684,0.3572763807106816,0.019417534907683012,0.7333917265448624
2025-04-08,FUBO,Communication Services,2.880000114440918,2.890000104904175,2.5199999809265137,2.609999895095825,0.2608378012170273,0.05109492861930496,0.9508567610908145
2025-04-14,FUBO,Communication Services,2.940000057220459,2.9800000190734863,2.859999895095825,2.880000114440918,0.26871766762796356,0.03157900196473647,0.6316208596268229
2025-04-23,FUBO,Communication Services,3.049999952316284,3.1050000190734863,2.819999933242798,2.9200000762939453,0.23775837753673487,0.016666650772094727,0.6934821904249001
2025-05-01,FUBO,Communication Services,3.0799999237060547,3.0799999237060547,2.9000000953674316,2.930000066757202,0.21108218396575787,0.026666641235351562,0.585183960189554
2025-05-08,FUBO,Communication Services,2.630000114440918,2.7300000190734863,2.5950000286102295,2.700000047683716,0.2236390512330873,0.007662919597304609,0.5727073526191941
2025-05-09,FUBO,Communication Services,2.7300000190734863,2.869999885559082,2.6700000762939453,2.690000057220459,0.217307689749528,0.011111100318500725,0.5929232828647885
2025-05-12,FUBO,Communication Services,2.8499999046325684,2.930000066757202,2.809999942779541,2.8399999141693115,0.2160714125720715,0.05947949591400198,0.8883402698149335
2025-05-29,FUBO,Communication Services,3.8399999141693115,3.9100000858306885,3.609999895095825,3.619999885559082,0.21979112110445226,0.018567621643752554,0.8455751068485247
2025-06-09,FUBO,Communication Services,3.4600000381469727,3.494999885559082,3.3399999141693115,3.3399999141693115,0.2208034033507742,0.014662742245680621,0.504000396326931
2025-06-10,FUBO,Communication Services,3.380000114440918,3.4000000953674316,3.2699999809265137,3.2799999713897705,0.2161031582107025,0.011976108173510197,0.5043350567806513
2025-06-11,FUBO,Communication Services,3.299999952316284,3.4200000762939453,3.2699999809265137,3.369999885559082,0.20995294079857504,0.006097555213709185,0.5257717035918358
2025-06-20,FUBO,Communication Services,3.190000057220459,3.234999895095825,3.0799999237060547,3.119999885559082,0.19619799587038456,0.009493661574342721,0.6586516504549499
2025-06-25,FUBO,Communication Services,3.4800000190734863,3.549999952316284,3.359999895095825,3.380000114440918,0.19974562520535008,0.01754384252662341,0.5417480988646293
2025-06-27,FUBO,Communication Services,3.4700000286102295,3.630000114440918,3.430000066757202,3.5299999713897705,0.19233169219693338,0.005797095840604812,0.5391410601151226
2025-07-08,FUBO,Communication Services,3.700000047683716,3.759999990463257,3.5899999141693115,3.609999895095825,0.19950699634319066,0.013698616715036242,0.64332759884285
2025-07-15,FUBO,Communication Services,3.4600000381469727,3.4700000286102295,3.3510000705718994,3.4000000953674316,0.19104027591536352,0.014662742245680621,0.5660740957736878
2025-07-21,FUBO,Communication Services,3.4000000953674316,3.4800000190734863,3.309999942779541,3.319999933242798,0.17989297271021495,0.014925430495003956,0.5696224788709211
2025-07-29,FUBO,Communication Services,3.809999942779541,4.199999809265137,3.5,3.5399999618530273,0.18588349572485252,0.07932010585244673,0.7001913440505894
2025-07-30,FUBO,Communication Services,3.984999895095825,4.349999904632568,3.859999895095825,4.159999847412109,0.22260608954915853,0.12570619718590642,0.525642833900837
2025-07-31,FUBO,Communication Services,4.400000095367432,4.400000095367432,3.930000066757202,3.9800000190734863,0.2645627933513287,0.05769236941309597,0.7304701989493755
2025-08-05,FUBO,Communication Services,4.0,4.090000152587891,3.859999895095825,3.9200000762939453,0.2841889522811605,0.010101000370632515,0.6125202604673357
2025-08-07,FUBO,Communication Services,3.799999952316284,3.869999885559082,3.619999885559082,3.700000047683716,0.27386702593877243,0.016042765408167188,0.5327050220140681
2025-08-13,FUBO,Communication Services,3.6600000858306885,3.869999885559082,3.619999885559082,3.759999990463257,0.2706306379162909,0.005494500096186174,0.5170265344460321
2025-08-19,FUBO,Communication Services,3.799999952316284,3.799999952316284,3.4700000286102295,3.4800000190734863,0.24873470058878625,0.007957552133036809,0.6372625231127211
2025-08-28,FUBO,Communication Services,3.450000047683716,3.515000104904175,3.4000000953674316,3.4800000190734863,0.20739593753397687,0.011730193796544497,0.5108440590455929
2025-08-29,FUBO,Communication Services,3.549999952316284,3.809999942779541,3.5199999809265137,3.5299999713897705,0.20079622839131733,0.02011492323538395,0.5858263205575743
2025-09-03,FUBO,Communication Services,3.799999952316284,3.809999942779541,3.625,3.7100000381469727,0.22073755172271886,0.005291000285156192,0.7087815323055576
2025-09-10,FUBO,Communication Services,4.119999885559082,4.159999847412109,3.9200000762939453,3.930000066757202,0.226512074230387,0.007334897763319029,0.5308344529697845
2025-09-11,FUBO,Communication Services,3.950000047683716,4.170000076293945,3.9000000953674316,4.159999847412109,0.2274754811509425,0.005089053584423077,0.5059051819741034
2025-10-02,FUBO,Communication Services,3.940000057220459,4.010000228881836,3.75,3.950000047683716,0.24698521179472605,0.010256400224333537,0.5140230374487799
2025-10-07,FUBO,Communication Services,3.940000057220459,4.03000020980835,3.809999942779541,3.869999885559082,0.2376102560734186,0.00510203585134164,0.5085608694233964
2025-10-08,FUBO,Communication Services,3.9000000953674316,3.9200000762939453,3.759999990463257,3.880000114440918,0.2363523997130893,0.0077519924277764185,0.5565694704278308
2025-10-15,FUBO,Communication Services,3.9100000858306885,3.9600000381469727,3.809999942779541,3.869999885559082,0.23070768151754018,0.0208877712058079,0.5404456343664915
2025-10-20,FUBO,Communication Services,3.700000047683716,3.740000009536743,3.630000114440918,3.6500000953674316,0.22048644792487773,0.016483500288558522,0.6873996744714646
2025-10-27,FUBO,Communication Services,3.6700000762939453,3.680000066757202,3.5199999809265137,3.5799999237060547,0.20021256738450402,0.013812207821973763,0.5969724285280943
2025-10-29,FUBO,Communication Services,4.300000190734863,4.389999866485596,3.6600000858306885,3.690000057220459,0.1996730881163721,0.18131869967296702,0.7012143971214329
2025-11-03,FUBO,Communication Services,3.930000066757202,4.050000190734863,3.2249999046325684,3.4600000381469727,0.23657132697322086,0.03968256521237009,0.6198401485801677
2025-11-10,FUBO,Communication Services,3.930000066757202,4.019999980926514,3.8499999046325684,3.940000057220459,0.3050567488215634,0.012886585268435962,0.6225137553274299
2025-11-12,FUBO,Communication Services,3.890000104904175,3.950000047683716,3.799999952316284,3.930000066757202,0.28716628814931805,0.007772075291106931,0.5564520913870035
2025-11-20,FUBO,Communication Services,3.509999990463257,3.5199999809265137,3.2200000286102295,3.240000009536743,0.2680448060598155,0.029325484491361242,0.8939015219733055
2025-12-12,FUBO,Communication Services,2.759999990463257,2.799999952316284,2.6600000858306885,2.6600000858306885,0.16612049498989878,0.007299263086460757,0.6561206246826742
2025-12-22,FUBO,Communication Services,2.75,2.7899999618530273,2.619999885559082,2.6500000953674316,0.15045288062248363,0.01476013331733319,0.5319137357013504
2026-01-02,FUBO,Communication Services,2.5399999618530273,2.609999895095825,2.490000009536743,2.5899999141693115,0.13229196116705805,0.007936500427734288,0.5497288183286088
2024-01-25,GLD,Unknown,187.33999633789062,187.63999938964844,186.4600067138672,187.13999938964844,1.7391894867217237,0.005042931717735314,0.7254663124404944
2024-02-29,GLD,Unknown,189.63999938964844,189.9199981689453,189.22999572753906,189.30999755859375,1.4016088695561364,0.0069024268718023505,0.5063996198150448
2024-03-01,GLD,Unknown,190.27000427246094,193.39999389648438,189.44000244140625,192.88999938964844,1.4143512239488902,0.005071083018582015,0.5223036263945187
2024-03-21,GLD,Unknown,203.8800048828125,203.9199981689453,200.60000610351562,201.97000122070312,1.8290338900399536,0.008408409677595617,0.708493479536866
2024-04-09,GLD,Unknown,217.80999755859375,218.86000061035156,216.4499969482422,217.6699981689453,2.3142597084757317,0.00614376319892681,0.5261295418350275
2024-04-11,GLD,Unknown,216.85000610351562,219.83999633789062,215.88999938964844,219.8000030517578,2.3767348152502,0.005751150176957651,0.6528745637116363
2024-04-12,GLD,Unknown,221.8699951171875,225.08999633789062,216.02000427246094,216.88999938964844,2.5091105946994046,0.009417616181480454,0.6733781658324265
2024-04-18,GLD,Unknown,221.30999755859375,221.4600067138672,219.30999755859375,220.33999633789062,3.190012469290997,0.007832784960096727,0.6506290465711734
2024-05-31,GLD,Unknown,217.77000427246094,217.9600067138672,214.64999389648438,215.3000030517578,2.6534951161475306,0.005540919368607296,0.592007039532007
2024-06-12,GLD,Unknown,216.47000122070312,216.5500030517578,214.1999969482422,214.72000122070312,2.8718027238183415,0.010833562411121024,0.722496221988767
2024-07-10,GLD,Unknown,220.13999938964844,220.7100067138672,219.16000366210938,219.36000061035156,2.533119949224929,0.00722914462254743,0.6480774135338948
2024-07-11,GLD,Unknown,222.64999389648438,224.14999389648438,221.47999572753906,223.25,2.5057548925141084,0.014998145865147113,0.5990428566717166
2024-07-26,GLD,Unknown,219.9600067138672,221.0399932861328,219.6999969482422,220.6300048828125,2.791169625555438,0.007465785137829153,0.5415758105694639
2024-08-02,GLD,Unknown,227.9499969482422,228.75999450683594,222.8699951171875,225.33999633789062,2.8245470933219914,0.00965581181967122,0.5202025512681396
2024-08-07,GLD,Unknown,221.94000244140625,222.30999755859375,220.35000610351562,220.5500030517578,3.1317992848352723,0.005618511600862706,0.8242030047840299
2024-08-26,GLD,Unknown,233.4499969482422,233.5,232.05999755859375,232.75999450683594,3.0212983741141075,0.006163230107098914,0.5134768529802348
2024-09-19,GLD,Unknown,238.24000549316406,239.52000427246094,237.38999938964844,239.1699981689453,2.638473248001137,0.011591911383824025,0.6532817679655686
2024-10-24,GLD,Unknown,253.27000427246094,253.32000732421875,251.39999389648438,252.8000030517578,2.530192307119414,0.009566744536955624,0.5553250248918221
2024-11-13,GLD,Unknown,241.30999755859375,241.47000122070312,237.58999633789062,237.6300048828125,3.1314904768745295,0.005248883527671802,0.7520154061906926
2024-11-21,GLD,Unknown,246.22999572753906,246.80999755859375,245.69000244140625,246.66000366210938,2.975837308843625,0.006581639450938083,0.5190220782839257
2025-01-07,GLD,Unknown,245.52000427246094,245.77000427246094,243.80999755859375,244.55999755859375,2.4252759018010246,0.009580993493414985,0.549510104640816
2025-01-10,GLD,Unknown,248.00999450683594,249.0399932861328,247.5500030517578,248.2100067138672,2.4008759458559776,0.008744789274981611,0.5244030090467209
2025-03-03,GLD,Unknown,265.07000732421875,266.8800048828125,265.07000732421875,266.739990234375,3.053453354530562,0.006837157236533322,0.6291001702526617
2025-03-18,GLD,Unknown,279.8999938964844,280.2099914550781,278.9700012207031,279.9599914550781,2.875086805896435,0.011455146837373064,0.5231552502115918
2025-03-27,GLD,Unknown,280.54998779296875,282.07000732421875,279.5899963378906,281.9700012207031,2.7228906191215607,0.008302176680814025,0.536404544129642
2025-03-28,GLD,Unknown,283.82000732421875,284.6400146484375,282.8599853515625,284.05999755859375,2.801971081316003,0.006561003282287434,0.548380503112363
2025-04-08,GLD,Unknown,277.8699951171875,278.32000732421875,274.239990234375,275.20001220703125,3.776281932722143,0.015198581681268744,0.9253397507787745
2025-04-10,GLD,Unknown,288.80999755859375,292.8599853515625,287.2300109863281,292.3500061035156,4.323987824852336,0.012019036432456895,0.815003062664131
2025-04-16,GLD,Unknown,304.6499938964844,308.05999755859375,303.79998779296875,307.4700012207031,4.432077709065675,0.023070707050003306,0.6485619629193541
2025-04-21,GLD,Unknown,315.0199890136719,316.4100036621094,313.95001220703125,315.5899963378906,4.841943776756166,0.029073546447292077,0.5515139937439172
2025-04-22,GLD,Unknown,317.489990234375,317.6300048828125,310.3599853515625,311.1099853515625,5.231091260196574,0.006020450326473977,0.5986405774350546
2025-05-05,GLD,Unknown,305.9200134277344,307.6499938964844,304.67999267578125,306.8800048828125,5.60076676459697,0.026646090840538133,0.6166336987311626
2025-05-19,GLD,Unknown,297.8500061035156,298.5799865722656,296.4800109863281,298.0299987792969,6.061641863997475,0.012268950479046338,0.5088334422372152
2025-05-29,GLD,Unknown,305.739990234375,306.8900146484375,304.4599914550781,305.6099853515625,5.493832183335805,0.006352630562820849,0.7442392483250867
2025-07-11,GLD,Unknown,308.8599853515625,310.2799987792969,308.5199890136719,309.1400146484375,3.7434318673571965,0.008687044541111123,0.5853704499751998
2025-07-31,GLD,Unknown,304.5899963378906,304.6099853515625,302.8599853515625,302.9599914550781,3.6474925807085845,0.012061420075346864,0.7084809887841362
2025-08-01,GLD,Unknown,308.6099853515625,309.54998779296875,307.45001220703125,309.1099853515625,3.647671246121141,0.018649307023505566,0.5287724915600587
2025-09-03,GLD,Unknown,327.760009765625,329.45001220703125,326.7300109863281,328.1400146484375,3.1542611832845826,0.006664865174427471,0.7279641587136595
2025-09-05,GLD,Unknown,329.5299987792969,331.44000244140625,328.92999267578125,331.04998779296875,3.1750533974634125,0.008693245329415903,0.6466479616745446
2025-09-08,GLD,Unknown,333.6600036621094,335.6700134277344,333.2300109863281,334.82000732421875,3.2875495833588833,0.00788405366374117,0.5771293555741519
2025-10-07,GLD,Unknown,366.510009765625,367.2699890136719,364.54998779296875,366.260009765625,4.349093721511179,0.005845559180717192,0.5365952347676518
2025-10-10,GLD,Unknown,367.5400085449219,370.30999755859375,365.44000244140625,369.1199951171875,4.887109566703028,0.005774063189752147,0.7275175543194965
2025-10-15,GLD,Unknown,385.92999267578125,387.760009765625,384.5899963378906,387.3900146484375,5.179468265021294,0.013498211653452588,0.5948637052399258
2025-10-16,GLD,Unknown,391.1499938964844,396.8699951171875,390.3999938964844,396.45001220703125,5.307363476141425,0.009705927117040214,0.6282003235611956
2025-10-20,GLD,Unknown,397.45001220703125,403.29998779296875,394.20001220703125,403.1499938964844,6.066449690724302,0.02174868810263961,0.5217252074995584
2025-11-07,GLD,Unknown,367.94000244140625,370.4200134277344,366.4200134277344,368.30999755859375,6.982306750256041,0.005108299177133333,0.531408054851731
2025-12-15,GLD,Unknown,397.760009765625,398.7099914550781,394.07000732421875,395.79998779296875,5.596570456391445,0.005866900945517048,0.6178068077242473
2025-12-30,GLD,Unknown,403.6000061035156,403.79998779296875,398.55999755859375,398.8900146484375,6.770032672073105,0.012543903470742824,0.5116813462360872
2024-01-24,GLW,Technology,29.095996226547218,29.248530790332477,28.895793475106924,28.95299530029297,0.48904568403689613,0.007260792994837854,0.6666220290222757
2024-01-25,GLW,Technology,29.17226349163871,29.62033354520542,29.086462572264487,29.38199806213379,0.4799904002737596,0.007573247226117633,0.6510761435585816
2024-03-06,GLW,Technology,31.465016997144016,31.88813936119082,31.407316992253453,31.551565170288086,0.5852146614515306,0.006769199561098448,0.540057102517349
2024-03-21,GLW,Technology,31.599652233588365,32.061241348780634,31.561185556892962,31.859296798706055,0.4910534479660363,0.005816006673553923,0.5100690201148373
2024-03-27,GLW,Technology,31.25345382015586,31.77274285634896,31.138057479351904,31.753509521484375,0.480932349658964,0.00588039808068208,0.5047322256467245
2024-04-04,GLW,Technology,31.70542993255293,31.724663268578617,31.032277845188915,31.128440856933594,0.45465969123571615,0.012281296585071948,0.5198323770091151
2024-04-15,GLW,Technology,30.6091538758131,30.81110023736316,30.061016633907332,30.089866638183594,0.5224803586767264,0.0107970953740824,0.5240581284076731
2024-06-17,GLW,Technology,37.20904759750626,37.93578677951704,36.73424303884911,37.54819107055664,0.6525827198485854,0.030872564249620676,0.5037639674062014
2024-07-08,GLW,Technology,39.631515335653305,42.22839722395654,39.55399470787734,41.7148323059082,0.7299506468028613,0.06399584159723849,0.5222331544086435
2024-07-09,GLW,Technology,42.19931751272197,43.65279575331896,42.19931751272197,43.28458023071289,1.0335675191874434,0.011614219212506492,0.5094221648273008
2024-07-12,GLW,Technology,44.07915462562599,44.69930479084292,43.81752808160262,44.20512008666992,1.0911496516055594,0.009767001180348053,0.5011584923911083
2024-07-26,GLW,Technology,41.90862613472781,41.90862613472781,41.298164187256816,41.52103042602539,0.9471297941557384,0.010277957330708618,0.5327383505100873
2024-08-01,GLW,Technology,38.98228937033469,39.205155609770955,38.236170031498496,38.79818344116211,1.1820611338761808,0.005498747939432307,0.5315790853998773
2024-08-30,GLW,Technology,40.86407542563649,40.893339507702045,40.083668893289484,40.82505416870117,0.8552724086388582,0.007213180803904637,0.507265929729587
2024-09-06,GLW,Technology,40.65922188167974,41.11771237537716,39.352039465013824,39.644691467285156,0.8512034961735543,0.007493415530773891,0.5160843657754565
2024-10-17,GLW,Technology,45.35141981665516,45.409947981196396,44.92219342990262,45.38068389892578,0.9587078533684293,0.01043252669842099,0.5003267120397715
2024-12-11,GLW,Technology,47.77208082955954,47.77208082955954,46.69259817367061,46.74166488647461,0.8619587975257883,0.00640887976292495,0.5161101216639574
2024-12-19,GLW,Technology,45.9762067689947,46.62389706654904,45.819191052725465,46.18229293823242,0.9808276186477719,0.007310181759774821,0.5297270475615855
2025-01-03,GLW,Technology,46.17247827045503,46.6435254286509,45.88788610918564,46.61408615112305,0.8998188587123206,0.007278830619702266,0.5665330483274377
2025-01-14,GLW,Technology,46.02528099657924,46.663155758433156,45.98602612840507,46.54539489746094,0.8963126286468549,0.006869877531394118,0.5507784602678263
2025-01-22,GLW,Technology,51.079226694905216,53.31670548588811,51.04978741592854,53.00267028808594,1.0070252138649078,0.0096992752327479,0.5195767831905802
2025-01-28,GLW,Technology,48.93988531507844,51.02034838922222,48.14499483037609,50.27452087402344,1.3902178555748628,0.006864499775261739,0.5121476897284803
2025-01-31,GLW,Technology,49.48944156721159,51.47176744496844,49.302986562701115,51.10866928100586,1.7728900282299613,0.008801686058333738,0.5180758437238893
2025-02-26,GLW,Technology,49.401121371763274,49.92123527608525,48.841752599007485,49.077274322509766,1.3604462777980006,0.013489093614018495,0.5582898552417244
2025-03-03,GLW,Technology,49.813347833593006,49.94165372313724,47.3261345126648,47.622230529785156,1.4072458293535537,0.0063809035499205295,0.6170185783864698
2025-03-12,GLW,Technology,45.30280936678934,45.64825410806751,44.29607985140898,44.8093147277832,1.5432993698682504,0.022044234714907286,0.5533219757648923
2025-03-19,GLW,Technology,47.33600067859196,48.77700399328377,46.95107549665997,48.12559127807617,1.4809586494593603,0.01459696214799971,0.5453369961822155
2025-04-08,GLW,Technology,40.21981129127015,41.31536994357774,38.058306223923495,38.67023849487305,2.0610402279830065,0.028780635303286724,0.9153605567469991
2025-04-14,GLW,Technology,42.0556079157744,42.0556079157744,40.83173972385908,41.06861877441406,2.2969582404929465,0.03271937428406368,0.5559166677214389
2025-04-17,GLW,Technology,41.09823120273793,41.49302840333794,40.762654711747466,40.979793548583984,2.061077711598247,0.008720999316561793,0.534269476934597
2025-04-23,GLW,Technology,42.82546047258671,43.85193013670005,42.18391975631461,42.410926818847656,1.8834376681596097,0.03928142869482237,0.5483673847147389
2025-05-01,GLW,Technology,44.08880683415722,44.700742863957764,44.019717889674105,44.1973762512207,1.797306360408178,0.0065344332541621055,0.5378686044408274
2025-05-29,GLW,Technology,49.43828813261091,49.536985544496716,48.816483895548544,49.30997848510742,1.2099632191547733,0.0129423103891506,0.5288118732402795
2025-06-06,GLW,Technology,50.92784317942735,51.156129679229494,50.32238586912,50.33230972290039,1.0745579599581234,0.008847842247846606,0.5266579786817136
2025-07-29,GLW,Technology,58.4315306792849,62.51091969088494,57.49853323420964,61.518367767333984,0.9884632831779928,0.06244349139788451,0.7125285121070666
2025-07-31,GLW,Technology,62.61017759086873,63.43399372428272,61.895538989325885,62.768985748291016,1.4569941524358478,0.007506749102423244,0.7289827134342066
2025-08-04,GLW,Technology,62.51092435164986,63.06675483334332,62.18338416132517,63.017127990722656,1.485940024320789,0.014987951492928038,0.5821253688086454
2025-08-06,GLW,Technology,63.424072999723414,63.71191398246492,62.67965901515523,63.503475189208984,1.4743366079595701,0.011556140520646048,0.538301293842203
2025-08-07,GLW,Technology,65.99477475818603,66.00470239766321,63.74168524135455,64.27766418457031,1.4427593479131502,0.03923091707271451,0.5734502796052299
2025-09-18,GLW,Technology,77.1866910056295,79.37921625076923,76.92758039939258,79.34931945800781,1.743043350779523,0.007414143976466313,0.5279203996041764
2025-10-02,GLW,Technology,83.51510324283299,84.06322881334621,81.63152939549207,82.23944854736328,1.895181029085306,0.008180912200154804,0.5038447987879999
2025-10-06,GLW,Technology,83.82405161490252,85.8072840775787,83.52506848432719,85.04986572265625,1.9135651744422137,0.006582149810845549,0.5825920120048671
2025-10-27,GLW,Technology,88.32868005726347,89.46480376790535,87.8503161809178,89.06616973876953,2.376554069312286,0.013957174000299123,0.5029896711538347
2025-11-03,GLW,Technology,89.35518247743536,89.58439627805858,86.89357863201094,87.20252227783203,3.009158193407905,0.006511015984034645,0.5524723135320506
2025-11-20,GLW,Technology,84.25,84.58999633789062,77.48999786376953,78.02999877929688,3.183785306612405,0.03133795424268665,0.5453993638792035
2025-11-21,GLW,Technology,78.55999755859375,80.05999755859375,77.38999938964844,79.45999908447266,3.4635148185773112,0.006792243849649985,0.541028744768797
2025-11-24,GLW,Technology,80.05000305175781,82.75,80.0199966430664,82.5999984741211,3.4068350578893116,0.0074251695706406,0.5167323625399319
2025-12-15,GLW,Technology,89.22000122070312,91.05999755859375,87.94999694824219,88.11000061035156,3.6039274339224137,0.010190234703223722,0.5344197026980642
2025-12-22,GLW,Technology,89.80000305175781,89.9800033569336,87.7300033569336,88.4000015258789,3.418646118260689,0.02208061037934572,0.521001087122554
2026-01-02,GLW,Technology,88.91000366210938,90.72000122070312,88.13999938964844,90.66999816894531,2.5992896696923316,0.015418069222903102,0.5063652723858558
2024-01-11,GOOG,Communication Services,143.81636594660668,145.56822619459635,141.15630872935984,142.60047912597656,2.5964744841663676,0.007614812940671126,0.5354166458857186
2024-01-24,GOOG,Communication Services,149.17117734908445,150.4416624752705,148.7245303494736,149.23074340820312,2.6280499595338997,0.010828709066961895,0.7572846617069587
2024-01-25,GOOG,Communication Services,150.61041176967234,153.60791916668836,150.0942785499404,152.4962615966797,2.645225808174684,0.009245201960130253,0.6399342426783721
2024-02-01,GOOG,Communication Services,142.62032911698014,143.54339863638106,141.20096660878144,141.6476287841797,3.236773168236046,0.013328513461811915,0.5520198566122532
2024-02-06,GOOG,Communication Services,144.87342326208224,145.64761542499784,143.44414076279296,144.3275146484375,3.361740222137758,0.007106996238189961,0.5368048301913493
2024-02-22,GOOG,Communication Services,145.03222207561723,145.11162834249177,142.93792911554172,144.23818969726562,3.0033140366790225,0.015850835395547106,0.5679099087813237
2024-02-29,GOOG,Communication Services,137.32006326598392,138.9081430226155,136.545871166272,138.73941040039062,3.040613716540048,0.006694361480479761,0.5074059450956938
2024-04-15,GOOG,Communication Services,159.0868054595389,159.63271405177463,154.98754611125517,155.1662139892578,3.2310310525561485,0.00684710838031383,0.5144579171690686
2024-04-17,GOOG,Communication Services,156.01981749893014,157.49971523593211,154.97266346333592,155.71212768554688,3.2485925065355348,0.007628055280353584,0.6371651625040233
2024-04-26,GOOG,Communication Services,174.67988432899114,175.1066760133104,170.12404212346385,172.39700317382812,3.4966628488172145,0.11421353031298649,0.5344498780928489
2024-06-12,GOOG,Communication Services,178.61490428755323,180.93019248807428,176.6573433446756,178.4261016845703,3.223913962202631,0.00875468388881053,0.5194753480866542
2024-07-09,GOOG,Communication Services,190.53910595467747,191.64209695288102,189.02870045208556,189.2373809814453,3.1938380506485764,0.00666726332100706,0.7420060295340782
2024-07-18,GOOG,Communication Services,182.380984499342,182.88777368187158,177.0846554485796,178.08827209472656,3.4426685302532123,0.005037937029855085,0.5377412236062611
2024-07-22,GOOG,Communication Services,181.19849926480467,183.13618234002132,180.7513288023117,182.1921844482422,3.5740641679182694,0.016500472923671686,0.5676705865964884
2024-07-29,GOOG,Communication Services,169.42332041868983,171.07284142949192,168.64824720396254,170.04934692382812,4.135202533786732,0.010789790855535275,0.663838543225997
2024-08-07,GOOG,Communication Services,162.20917537275696,163.7493752825507,159.22811981197012,159.73489379882812,4.7215496486953485,0.01681850102642753,0.7908632761210094
2024-08-22,GOOG,Communication Services,167.97253171361726,168.35013692400975,163.9878597056695,164.44496154785156,4.018557379982669,0.008411346202834206,0.5450454997162039
2024-08-30,GOOG,Communication Services,163.18297313639766,164.23627694740046,162.37809060770428,164.06735229492188,3.894277955858657,0.005018469903457684,0.5157704847104291
2024-09-10,GOOG,Communication Services,150.69171904726548,151.5374693511312,148.79426929811413,149.25892639160156,4.291331430906687,0.012772446293362721,0.659439983021513
2024-09-17,GOOG,Communication Services,159.28845740813813,160.78094720498908,158.61186932111355,159.47750854492188,3.897866361145488,0.006918546383972261,0.5267395064702295
2024-09-19,GOOG,Communication Services,163.99477468029016,164.16392169020023,161.7082763420371,162.4226837158203,3.672509481020004,0.02493606318543213,0.6091293564135982
2024-09-26,GOOG,Communication Services,164.2037238913834,164.67137190231358,162.68138553491403,163.00973510742188,3.3386404162578716,0.012515932699791383,0.6663389198839378
2024-10-30,GOOG,Communication Services,181.4967298616468,182.86981027924938,174.8650910747521,175.25811767578125,3.1516191334896595,0.06585260075766398,0.6919164409600416
2024-11-06,GOOG,Communication Services,174.4720583941824,177.7455792425123,174.16359775834172,177.4371337890625,3.7243276622087613,0.02298580450248438,0.5422329785259229
2024-12-19,GOOG,Communication Services,192.53044324433023,193.8453314729244,188.78503030160772,188.96432495117188,5.148000692786448,0.01646060307846346,0.6247034629328017
2025-02-24,GOOG,Communication Services,183.08722953293318,184.37222024540685,180.1785550709263,180.4873504638672,4.590947768914809,0.012226098047432986,0.6223903802966019
2025-02-27,GOOG,Communication Services,175.2577171475479,175.90519040477736,169.0937103322737,169.54994201660156,4.545550158059005,0.007097904115455475,0.8352006288899035
2025-03-03,GOOG,Communication Services,173.05626616990452,174.32134533191982,166.98988700026132,168.0059356689453,4.6635922620539505,0.008767843330587511,0.7002941260760008
2025-03-12,GOOG,Communication Services,168.00786255811997,169.06495238328628,165.02605910169666,168.53640747070312,5.313244919764681,0.015001833603244575,0.7651289513740959
2025-03-19,GOOG,Communication Services,163.4653498695458,167.67178157574858,162.60273243314677,165.82386779785156,5.122187088405666,0.007653500635945607,0.5015383992727274
2025-03-25,GOOG,Communication Services,170.71042533673634,172.43569069454404,170.0821638501357,172.31600952148438,4.888942937002049,0.007355984145514403,0.5457033529162482
2025-04-08,GOOG,Communication Services,153.15372459087558,154.0163572830598,144.81168040387425,146.17791748046875,5.586305297684914,0.029047198992596217,0.9276119047353961
2025-04-14,GOOG,Communication Services,161.86477655429636,163.58005976204655,159.48133300190094,161.02708435058594,6.571922407518038,0.018256092924805487,0.6557818869025032
2025-04-17,GOOG,Communication Services,156.1804162395436,156.63916114577415,150.4860721885455,152.9393310546875,6.177371280823206,0.007138396387202897,0.7256818655862118
2025-04-23,GOOG,Communication Services,157.47685003131366,159.5810628232613,155.92113161014544,157.28736877441406,5.991345492253662,0.026056017852297247,0.725664949522069
2025-05-01,GOOG,Communication Services,162.07418118265323,163.4902840282257,160.4885312883131,162.3434295654297,5.586830989116141,0.010131231262662653,0.5861220513694448
2025-05-07,GOOG,Communication Services,165.6144462894935,166.53192073170123,149.07992649888428,152.38084411621094,4.998834810397317,0.005266291306680783,0.5214237818234797
2025-05-08,GOOG,Communication Services,155.49230101963664,156.97821934560366,153.67730129276063,155.32276916503906,5.888346197713005,0.020418950436137492,0.570524295058175
2025-05-12,GOOG,Communication Services,158.66356342699288,159.99988389080556,157.45687600004305,159.14224243164062,5.567328600780812,0.03057389973882314,0.8741303019446938
2025-05-29,GOOG,Communication Services,174.51996262584905,174.91885931079202,171.3087940961788,172.48556518554688,5.348322201313048,0.00934365409370733,0.7812053167941594
2025-06-11,GOOG,Communication Services,180.950104343879,181.46930552237777,177.72509701778952,178.5138702392578,4.747734879942236,0.006777452616005254,0.5133003118217083
2025-06-20,GOOG,Communication Services,174.5949374560243,175.09416523737374,166.01321067580938,167.470947265625,4.331157354507546,0.005086883021533025,0.5657264593177853
2025-07-08,GOOG,Communication Services,178.50388486434102,178.51386393532042,173.65139020434393,174.8894805908203,4.420251718526938,0.00687084430125907,0.6406521504893112
2025-07-09,GOOG,Communication Services,175.83801093756307,180.00156883376084,173.6114592836493,177.3856201171875,4.451839005130477,0.005423598626620565,0.5759849098293222
2025-07-21,GOOG,Communication Services,186.8110341716985,190.96459756247992,186.76110834857775,190.85476684570312,4.116095311286955,0.006238537423730518,0.5342602835173518
2025-09-03,GOOG,Communication Services,226.13021268624902,231.44200361883648,224.77231250489172,230.7430877685547,4.498220442099664,0.06835217411313554,0.5330537023397426
2025-09-18,GOOG,Communication Services,251.6957867895291,253.97429899966014,249.9469277971752,252.1654815673828,5.614095511029672,0.008044802842142373,0.5575641594899391
2025-10-20,GOOG,Communication Services,255.06359074677613,257.71187214774994,254.4340118637041,256.8524169921875,5.906626517845115,0.005674053419655101,0.522027069515952
2025-11-20,GOOG,Communication Services,304.5413108694683,306.68993354598797,288.98148512013125,289.79095458984375,9.311767308604235,0.04010383461526424,0.8464128875794578
2025-11-21,GOOG,Communication Services,296.6764341573702,303.7618077764989,294.1680609326802,299.4546203613281,9.911530245550841,0.02376016041381212,0.5555279610483206
2025-12-15,GOOG,Communication Services,312.625,312.70001220703125,305.739990234375,309.32000732421875,9.140531326723565,0.006778987056564155,0.6085159218103592
2025-12-22,GOOG,Communication Services,311.2250061035156,311.70001220703125,306.5899963378906,311.3299865722656,8.814170667819083,0.008473545497804111,0.5072068251161614
2024-01-18,GRAB,Technology,3.009999990463257,3.0899999141693115,2.9800000190734863,3.0,0.1079937466357951,0.030821887608831547,0.5366142737535763
2024-01-23,GRAB,Technology,3.069999933242798,3.1500000953674316,3.069999933242798,3.130000114440918,0.10999715735426066,0.01320130766690422,0.5127975466333993
2024-01-24,GRAB,Technology,3.190000057220459,3.2200000286102295,3.1500000953674316,3.1700000762939453,0.11071165497021783,0.019169310091305933,0.6890399346072172
2024-01-25,GRAB,Technology,3.2200000286102295,3.2200000286102295,3.1500000953674316,3.1600000858306885,0.10923224491301024,0.015772855240665875,0.670592936104508
2024-02-29,GRAB,Technology,3.119999885559082,3.130000114440918,3.0399999618530273,3.069999933242798,0.12066090290599797,0.012987000923330156,0.508332251229188
2024-03-06,GRAB,Technology,3.1500000953674316,3.1700000762939453,3.0899999141693115,3.0999999046325684,0.11023341935708969,0.019417534907683012,0.5369046875605388
2024-03-07,GRAB,Technology,3.130000114440918,3.200000047683716,3.115000009536743,3.200000047683716,0.10807390098334284,0.009677487332666684,0.5265365590322095
2024-03-18,GRAB,Technology,3.2100000381469727,3.2200000286102295,3.1500000953674316,3.1700000762939453,0.10862767182844539,0.0126182841925327,0.5586310150255058
2024-03-21,GRAB,Technology,3.2200000286102295,3.2699999809265137,3.2100000381469727,3.25,0.10087644264738316,0.0062499939464033556,0.5043848413373854
2024-03-26,GRAB,Technology,3.190000057220459,3.200000047683716,3.1500000953674316,3.1600000858306885,0.09768058440280486,0.015923551161094646,0.5590525002717877
2024-04-04,GRAB,Technology,3.25,3.2799999713897705,3.1500000953674316,3.1600000858306885,0.08663341982424941,0.006191944522728082,0.5198323770091151
2024-04-18,GRAB,Technology,3.259999990463257,3.4200000762939453,3.2300000190734863,3.390000104904175,0.09263761074777442,0.015576308947693192,0.5057013764090544
2024-04-19,GRAB,Technology,3.4200000762939453,3.424999952316284,3.3499999046325684,3.369999885559082,0.10102064127628858,0.008849548808677254,0.5373343511843279
2024-04-24,GRAB,Technology,3.569999933242798,3.569999933242798,3.4100000858306885,3.4800000190734863,0.10708359715312823,0.017094000838336783,0.6687296107880213
2024-06-25,GRAB,Technology,3.569999933242798,3.569999933242798,3.490000009536743,3.5199999809265137,0.07275162384476247,0.011331434044538888,0.5050929774192461
2024-06-28,GRAB,Technology,3.569999933242798,3.5799999237060547,3.509999990463257,3.549999952316284,0.07072714465493242,0.008474568280522494,0.5348844258647475
2024-07-03,GRAB,Technology,3.5299999713897705,3.569999933242798,3.515000104904175,3.5399999618530273,0.0719087087533974,0.008571420397077287,0.5190541106788936
2024-07-05,GRAB,Technology,3.559999942779541,3.569999933242798,3.5199999809265137,3.549999952316284,0.07177236764549744,0.005649712187014997,0.5098738431229055
2024-08-13,GRAB,Technology,3.2799999713897705,3.380000114440918,3.2799999713897705,3.369999885559082,0.08470429265668432,0.006134963492337804,0.5048499204118815
2024-08-23,GRAB,Technology,3.2300000190734863,3.2699999809265137,3.2200000286102295,3.2300000190734863,0.10283116355310158,0.009374990919605032,0.500014571287624
2024-08-30,GRAB,Technology,3.2200000286102295,3.25,3.200000047683716,3.2200000286102295,0.09114879750593696,0.0062499939464033556,0.5093543956978139
2024-09-05,GRAB,Technology,3.3499999046325684,3.369999885559082,3.319999933242798,3.3399999141693115,0.09304805233298066,0.006006000415836378,0.5167640939934885
2024-09-09,GRAB,Technology,3.319999933242798,3.3499999046325684,3.299999952316284,3.3499999046325684,0.08783224195560714,0.009118532443044048,0.5327933767104406
2024-09-26,GRAB,Technology,3.8299999237060547,3.859999895095825,3.7799999713897705,3.799999952316284,0.08468009717314233,0.013227500712890479,0.5915070917375667
2024-09-30,GRAB,Technology,3.880000114440918,3.880000114440918,3.75,3.799999952316284,0.08617825152878278,0.007792262480903291,0.5013370064169329
2024-10-17,GRAB,Technology,3.630000114440918,3.640000104904175,3.6019999980926514,3.619999885559082,0.07712819056178082,0.00833339183418994,0.5115930598149481
2024-11-18,GRAB,Technology,4.760000228881836,4.994999885559082,4.699999809265137,4.989999771118164,0.17138365643643158,0.006342539045956718,0.5526569935571525
2024-11-25,GRAB,Technology,5.210000038146973,5.210000038146973,5.019999980926514,5.139999866485596,0.24936419440949076,0.027613384959653653,0.5159681215124272
2024-12-11,GRAB,Technology,5.510000228881836,5.519999980926514,5.369999885559082,5.400000095367432,0.23142434671971393,0.014733039239835486,0.5169347058177415
2025-01-06,GRAB,Technology,4.989999771118164,5.0,4.830999851226807,4.869999885559082,0.18222524427538492,0.03742200217877904,0.5043685501621943
2025-01-16,GRAB,Technology,4.539999961853027,4.570000171661377,4.440000057220459,4.449999809265137,0.1955978601017358,0.01793720247125666,0.5272990389881532
2025-01-17,GRAB,Technology,4.5,4.630000114440918,4.4710001945495605,4.5,0.19091230684024882,0.01123599839954155,0.5034766805482429
2025-01-21,GRAB,Technology,4.677999973297119,4.677999973297119,4.539999961853027,4.610000133514404,0.1901328781499297,0.03955554962158203,0.5019127712028845
2025-01-22,GRAB,Technology,4.65500020980835,4.679999828338623,4.570000171661377,4.659999847412109,0.18926624208901469,0.009761404553287896,0.5204485283146552
2025-01-28,GRAB,Technology,4.489999771118164,4.579999923706055,4.400000095367432,4.559999942779541,0.17894633922334052,0.011261196678678882,0.5180932748757714
2025-01-31,GRAB,Technology,4.690000057220459,4.710000038146973,4.550000190734863,4.579999923706055,0.18594208663983716,0.010775903485690004,0.5159681215124272
2025-02-21,GRAB,Technology,5.010000228881836,5.289999961853027,4.800000190734863,4.900000095367432,0.28495738483293137,0.047022024795134405,0.5017357302867813
2025-02-26,GRAB,Technology,4.699999809265137,4.889999866485596,4.630000114440918,4.869999885559082,0.2971123693443218,0.030701725491746167,0.5530339732364089
2025-03-03,GRAB,Technology,4.880000114440918,5.0,4.710000038146973,4.730000019073486,0.28323466188890545,0.006185610391392863,0.593072405159414
2025-03-12,GRAB,Technology,4.460000038146973,4.5,4.179999828338623,4.21999979019165,0.2979758758501771,0.034802806811801444,0.5447372442199755
2025-03-17,GRAB,Technology,4.489999771118164,4.510000228881836,4.400000095367432,4.449999809265137,0.2770091190400899,0.02045447131819137,0.6143921494086966
2025-03-18,GRAB,Technology,4.635000228881836,4.679999828338623,4.5,4.599999904632568,0.26507990578825524,0.041573129785650434,0.5295164521537902
2025-04-08,GRAB,Technology,3.7899999618530273,3.950000047683716,3.630000114440918,3.7300000190734863,0.272508744411005,0.08908044283921449,0.9168912567917228
2025-04-11,GRAB,Technology,4.03000020980835,4.070000171661377,3.930000066757202,4.050000190734863,0.3175407443232134,0.01511339565887214,0.5405541876195441
2025-04-14,GRAB,Technology,4.105000019073486,4.159999847412109,3.9600000381469727,3.9800000190734863,0.3048592700789963,0.013580203888494992,0.5002695172323397
2025-04-15,GRAB,Technology,4.010000228881836,4.090000152587891,3.984999895095825,4.059999942779541,0.29736930859229205,0.007537741121753419,0.5485877469918662
2025-04-17,GRAB,Technology,4.079999923706055,4.170000076293945,4.059999942779541,4.110000133514404,0.2772725119949538,0.009900980750178165,0.533562024812361
2025-04-22,GRAB,Technology,4.130000114440918,4.329999923706055,4.130000114440918,4.239999771118164,0.262342117075326,0.014742000061157,0.5510295655668593
2025-04-23,GRAB,Technology,4.489999771118164,4.599999904632568,4.320000171661377,4.380000114440918,0.2621748052874226,0.05896226733381887,0.5907963331997401
2025-05-01,GRAB,Technology,4.929999828338623,4.940000057220459,4.75,4.769999980926514,0.25999107154511103,0.010245842771549472,0.5720611741516203
2025-05-29,GRAB,Technology,5.03000020980835,5.039999961853027,4.849999904632568,4.889999866485596,0.18493136171253757,0.012072519547206161,0.5289564124542768
2025-06-06,GRAB,Technology,5.28000020980835,5.289999961853027,5.050000190734863,5.170000076293945,0.17182781186927923,0.04347831413372682,0.5271182678531956
2025-06-16,GRAB,Technology,4.659999847412109,4.764999866485596,4.659999847412109,4.710000038146973,0.17873231791125405,0.0196935825755153,0.508332251229188
2025-06-24,GRAB,Technology,4.630000114440918,4.800000190734863,4.630000114440918,4.739999771118164,0.17173080729895307,0.015350915030649859,0.5065872529397185
2025-07-17,GRAB,Technology,5.170000076293945,5.309999942779541,5.159999847412109,5.25,0.19137536823857207,0.007797263345165959,0.5097029026727442
2025-07-22,GRAB,Technology,5.425000190734863,5.5,5.210000038146973,5.46999979019165,0.19239857750213715,0.0140187453157433,0.5560027026426683
2025-07-29,GRAB,Technology,5.400000095367432,5.429999828338623,5.269999980926514,5.309999942779541,0.1808800608602274,0.022727250149756663,0.7570206051839988
2025-08-04,GRAB,Technology,4.869999885559082,5.0,4.840000152587891,4.960000038146973,0.19443030204898182,0.01458326917555852,0.5235239013462046
2025-08-07,GRAB,Technology,4.835000038146973,4.960000038146973,4.769999980926514,4.949999809265137,0.19161198112696498,0.013626846431943491,0.5090810657475018
2025-09-05,GRAB,Technology,5.090000152587891,5.179999828338623,5.059999942779541,5.159999847412109,0.14666005213215036,0.007920784226189633,0.5186105624029468
2025-10-03,GRAB,Technology,6.119999885559082,6.21999979019165,6.059999942779541,6.159999847412109,0.258911817686823,0.011570197126839469,0.5134657084700301
2025-10-06,GRAB,Technology,6.275000095367432,6.445000171661377,6.139999866485596,6.389999866485596,0.25256094495610615,0.01866887188376072,0.5222091291241748
2025-10-07,GRAB,Technology,6.550000190734863,6.599999904632568,6.239999771118164,6.269999980926514,0.2563066135432258,0.025039174897082645,0.5535965320330384
2025-10-20,GRAB,Technology,5.789999961853027,5.809000015258789,5.650000095367432,5.670000076293945,0.2656262798348181,0.026595762219565423,0.502508629440347
2025-10-24,GRAB,Technology,5.84499979019165,5.914999961853027,5.769999980926514,5.849999904632568,0.24189414672875306,0.02185314765471553,0.5265365590322095
2025-10-27,GRAB,Technology,6.0,6.130000114440918,5.909999847412109,6.119999885559082,0.23854457708108334,0.025641042361154186,0.5094994771252394
2025-11-10,GRAB,Technology,5.775000095367432,6.0,5.730000019073486,5.900000095367432,0.27164429415914676,0.03866909259002767,0.5123899651011846
2025-11-20,GRAB,Technology,5.409999847412109,5.409999847412109,4.960000038146973,4.980000019073486,0.26166742526056513,0.018832373956716657,0.5462913188226877
2025-11-24,GRAB,Technology,5.170000076293945,5.369999885559082,5.105000019073486,5.25,0.2726111693119213,0.05510203585134164,0.5084608592173798
2025-11-26,GRAB,Technology,5.289999961853027,5.360000133514404,5.210000038146973,5.320000171661377,0.2769453378640317,0.009542021549400514,0.5161997805906946
2025-12-19,GRAB,Technology,4.96999979019165,5.03000020980835,4.909999847412109,4.929999828338623,0.18361007176438593,0.010162543317553771,0.5109093286219811
2025-12-22,GRAB,Technology,5.019999980926514,5.28000020980835,5.010000228881836,5.179999828338623,0.17906652109523266,0.01825560967985268,0.5154098354536877
2026-01-02,GRAB,Technology,5.045000076293945,5.130000114440918,5.010000228881836,5.079999923706055,0.16769153902147307,0.011022105751210631,0.5142130480448156
2026-01-09,GRAB,Technology,4.940000057220459,4.96999979019165,4.829999923706055,4.849999904632568,0.17998502749794296,0.012295069953377443,0.5119025985281715
2024-01-08,HOOD,Financial Services,11.970000267028809,12.579999923706055,11.960000038146973,12.420000076293945,0.5582212077061287,0.006728336534572217,0.5207036145158914
2024-01-11,HOOD,Financial Services,12.529999732971191,12.579999923706055,11.630000114440918,11.710000038146973,0.5486997082067929,0.03212515474622248,0.6292427694802498
2024-01-18,HOOD,Financial Services,10.760000228881836,10.824999809265137,10.529999732971191,10.670000076293945,0.5628282619235021,0.010328696177619475,0.6771335827337793
2024-01-24,HOOD,Financial Services,11.100000381469727,11.225000381469727,10.729999542236328,10.8100004196167,0.519112898491685,0.013698682631726593,0.8800601584590307
2024-01-26,HOOD,Financial Services,10.760000228881836,11.010000228881836,10.710000038146973,10.789999961853027,0.5002912706435948,0.005607515951985795,0.5256330077048401
2024-02-07,HOOD,Financial Services,10.84000015258789,11.079999923706055,10.640000343322754,11.0,0.44659310405486374,0.005565901772073779,0.6504982244894376
2024-02-14,HOOD,Financial Services,13.64799976348877,13.899999618530273,12.765000343322754,13.380000114440918,0.4544230161367724,0.15270266787164705,0.6008905470742006
2024-02-22,HOOD,Financial Services,13.710000038146973,14.09000015258789,13.595000267028809,13.970000267028809,0.602548394423442,0.008830013554946939,0.5879903900416484
2024-03-04,HOOD,Financial Services,17.06999969482422,17.219999313354492,16.540000915527344,16.6299991607666,0.6391391727837866,0.029553665462782257,0.5359044080105746
2024-03-07,HOOD,Financial Services,16.6200008392334,16.6200008392334,16.1299991607666,16.360000610351562,0.6765190623377668,0.013414708891489654,0.5671126557409291
2024-03-08,HOOD,Financial Services,16.579999923706055,17.6200008392334,16.56999969482422,17.0,0.6631963920612689,0.013447390290150154,0.5023941696833172
2024-03-14,HOOD,Financial Services,19.1200008392334,19.229999542236328,17.7450008392334,18.049999237060547,0.737273313985229,0.11421917303320231,0.5021135815298694
2024-03-21,HOOD,Financial Services,18.65999984741211,19.415000915527344,18.399999618530273,19.09000015258789,0.9078726727764862,0.005387951742845002,0.6878761093313795
2024-04-09,HOOD,Financial Services,18.65999984741211,18.75,18.0,18.299999237060547,0.8935331174932574,0.005387951742845002,0.524996334604823
2024-04-15,HOOD,Financial Services,18.079999923706055,18.260000228881836,16.975000381469727,17.190000534057617,0.932600478768004,0.006121347498873581,0.5536874268811013
2024-04-18,HOOD,Financial Services,17.187000274658203,17.594999313354492,16.889999389648438,17.079999923706055,0.9456299247044276,0.006264657577874934,0.6882765286408393
2024-05-03,HOOD,Financial Services,17.8799991607666,18.135000228881836,17.6299991607666,17.950000762939453,0.9050285281953521,0.015332114767578583,0.528098652715771
2024-05-09,HOOD,Financial Services,19.04199981689453,19.469999313354492,17.040000915527344,17.299999237060547,0.846658171868892,0.06677867842861403,0.5012579197367263
2024-05-10,HOOD,Financial Services,17.420000076293945,17.690000534057617,16.219999313354492,16.229999542236328,0.9597539022944819,0.006936465001474061,0.5715273246119341
2024-05-15,HOOD,Financial Services,18.350000381469727,18.579999923706055,17.56999969482422,18.520000457763672,1.0776420767563035,0.018312980872532594,0.5472295586022502
2024-05-23,HOOD,Financial Services,19.920000076293945,19.940000534057617,19.114999771118164,19.239999771118164,1.193133734800621,0.013224833718198648,0.7823237162874273
2024-05-29,HOOD,Financial Services,20.75,21.139999389648438,20.270000457763672,21.084999084472656,1.1726006738047368,0.013678587984262277,0.6799415446838448
2024-06-03,HOOD,Financial Services,21.899999618530273,22.399999618530273,20.729999542236328,21.280000686645508,1.2373299634580504,0.04784689082546126,0.5590909831128396
2024-06-12,HOOD,Financial Services,24.0,24.280000686645508,23.530000686645508,23.700000762939453,1.3048583042493798,0.033591761830798456,0.5961771040181787
2024-06-20,HOOD,Financial Services,22.0,22.06999969482422,21.18000030517578,21.729999542236328,1.1783290285840584,0.006404363483052344,0.7317648694437785
2024-06-26,HOOD,Financial Services,22.68000030517578,23.329999923706055,22.219999313354492,22.309999465942383,1.1657077070324675,0.024390285926557943,0.5642315704261858
2024-06-27,HOOD,Financial Services,22.440000534057617,22.791000366210938,22.270000457763672,22.59000015258789,1.1674429089628353,0.005827031431071488,0.5599856008337629
2024-07-09,HOOD,Financial Services,22.25,23.270000457763672,22.149999618530273,22.600000381469727,1.0231543890461314,0.007243089466134071,0.5899872054022773
2024-07-11,HOOD,Financial Services,22.649999618530273,22.979999542236328,21.979999542236328,22.040000915527344,1.016903614966654,0.014784943020522457,0.613027379813909
2024-07-26,HOOD,Financial Services,21.59000015258789,21.985000610351562,21.125,21.200000762939453,1.119908357692705,0.01935787731371832,0.6041770926956388
2024-07-29,HOOD,Financial Services,21.559999465942383,21.84000015258789,20.950000762939453,21.18000030517578,1.101343518596909,0.016981070285254776,0.6307986008924071
2024-07-30,HOOD,Financial Services,21.299999237060547,21.350000381469727,20.290000915527344,20.399999618530273,1.086247509386304,0.005665671867598668,0.6356362497338502
2024-08-01,HOOD,Financial Services,20.889999389648438,21.299999237060547,19.829999923706055,20.239999771118164,1.0646317859570873,0.015556621272324881,0.6864508966151767
2024-08-07,HOOD,Financial Services,17.600000381469727,17.639999389648438,16.860000610351562,17.1200008392334,1.38202611956383,0.022661320031616992,0.7648540936439285
2024-08-12,HOOD,Financial Services,18.360000610351562,18.790000915527344,18.106000900268555,18.540000915527344,1.3008933951847874,0.02455360112635748,0.5170789053100049
2024-08-14,HOOD,Financial Services,18.729999542236328,19.059999465942383,18.56999969482422,18.649999618530273,1.2136785116712852,0.017381841253475135,0.6151304233594078
2024-08-30,HOOD,Financial Services,20.3799991607666,20.399999618530273,19.834999084472656,20.1200008392334,0.9796480268469024,0.010411456801106849,0.5294965854390213
2024-09-19,HOOD,Financial Services,23.93600082397461,24.059999465942383,22.739999771118164,22.809999465942383,0.9782031038274828,0.042962964194205484,0.7111997618030181
2024-09-26,HOOD,Financial Services,22.780000686645508,22.8799991607666,22.190000534057617,22.43000030517578,0.8998410719105867,0.017418548799844072,0.7504476916375089
2024-10-24,HOOD,Financial Services,26.950000762939453,27.329999923706055,26.690000534057617,27.219999313354492,1.0150071461574437,0.009363295612598216,0.5215879954050494
2024-11-13,HOOD,Financial Services,33.630001068115234,34.099998474121094,31.822999954223633,31.90999984741211,1.6946462245476708,0.019090941458037407,0.6799589794199851
2024-11-14,HOOD,Financial Services,32.849998474121094,33.0,31.591999053955078,32.220001220703125,1.7362428170726558,0.029457807308175776,0.5167929491304307
2024-11-20,HOOD,Financial Services,37.0,38.11000061035156,35.720001220703125,36.08000183105469,1.823061270543224,0.049943196302644904,0.5222400207650739
2024-11-25,HOOD,Financial Services,39.220001220703125,39.7400016784668,37.29999923706055,37.849998474121094,1.99224687169037,0.07012277183698118,0.5173972254237396
2024-11-27,HOOD,Financial Services,37.5099983215332,38.290000915527344,37.040000915527344,37.650001525878906,2.0484678561264285,0.029928616347853484,0.5338754699035383
2024-12-02,HOOD,Financial Services,37.92499923706055,38.790000915527344,37.52000045776367,37.619998931884766,2.00709761886816,0.01025568226275561,0.5651810283808002
2024-12-05,HOOD,Financial Services,42.709999084472656,42.7599983215332,38.790000915527344,38.91999816894531,2.0234526048202395,0.0677499771118164,0.6025893484256039
2024-12-19,HOOD,Financial Services,38.47999954223633,38.68000030517578,36.209999084472656,36.939998626708984,2.643197665254373,0.037756139213810276,0.6487306057859618
2024-12-31,HOOD,Financial Services,38.95000076293945,39.099998474121094,37.029998779296875,37.2599983215332,2.4630424105132818,0.017502664707631548,0.6232514526793461
2025-01-06,HOOD,Financial Services,42.11000061035156,43.119998931884766,41.459999084472656,42.709999084472656,2.4296614864984982,0.0183797379510453,0.591335135729936
2025-01-14,HOOD,Financial Services,41.79999923706055,43.77000045776367,41.279998779296875,41.7599983215332,2.3143704697090355,0.05582215397713745,0.5946728811686139
2025-01-17,HOOD,Financial Services,47.7400016784668,49.27000045776367,46.970001220703125,48.150001525878906,2.5205583826902767,0.0360243008127093,0.6262190297705279
2025-01-21,HOOD,Financial Services,49.93000030517578,50.63999938964844,48.150001525878906,50.0,2.568375542977327,0.036967782406822754,0.5336201675101309
2025-02-06,HOOD,Financial Services,54.79999923706055,54.880001068115234,52.15999984741211,53.16999816894531,2.5449584963329546,0.011070082392533046,0.5911749907892309
2025-02-19,HOOD,Financial Services,61.09000015258789,61.9109992980957,58.650001525878906,59.22999954223633,3.5006253379674583,0.01075449273077357,0.5705927173361285
2025-02-21,HOOD,Financial Services,57.869998931884766,57.869998931884766,51.439998626708984,51.599998474121094,3.591829863037341,0.032286791192554225,0.7801940003427986
2025-02-24,HOOD,Financial Services,52.2400016784668,52.560001373291016,47.970001220703125,49.93000030517578,3.7945563231900867,0.012403163241694347,0.6510678729839325
2025-02-26,HOOD,Financial Services,47.310001373291016,50.52000045776367,46.540000915527344,48.849998474121094,3.998418461563963,0.030270105831270086,0.5142216565197362
2025-02-27,HOOD,Financial Services,51.7599983215332,52.93000030517578,48.41999816894531,48.779998779296875,4.041388734939277,0.05957011132669162,0.8286843545639297
2025-03-03,HOOD,Financial Services,54.720001220703125,54.84000015258789,46.68000030517578,46.88999938964844,4.052370920802034,0.0922156264928525,0.7913357436169954
2025-03-12,HOOD,Financial Services,38.9900016784668,39.67100143432617,36.85100173950195,38.91999816894531,4.583629179650599,0.07233226138523448,0.7982136435159009
2025-03-25,HOOD,Financial Services,48.75,49.880001068115234,47.20000076293945,48.150001525878906,4.033540331079427,0.008064503406250109,0.511806739319687
2025-04-08,HOOD,Financial Services,37.1349983215332,37.849998474121094,33.084999084472656,34.16999816894531,4.220419195426338,0.04871500936329891,0.9608215324798238
2025-04-14,HOOD,Financial Services,45.0099983215332,45.09000015258789,42.5099983215332,44.13999938964844,4.531381640258506,0.030448672322921807,0.6702395396516686
2025-04-17,HOOD,Financial Services,41.029998779296875,41.75,40.119998931884766,41.18000030517578,4.197635711278618,0.009099826199539815,0.720567205688673
2025-04-23,HOOD,Financial Services,45.29999923706055,47.220001220703125,44.27000045776367,44.65999984741211,3.8684816873826184,0.0762651240873253,0.6989802459609394
2025-04-28,HOOD,Financial Services,50.52000045776367,51.06999969482422,47.7400016784668,48.93000030517578,3.784804767930518,0.021638011694959068,0.5512300406203883
2025-05-01,HOOD,Financial Services,51.125,51.29999923706055,46.529998779296875,46.619998931884766,3.5953157216430442,0.041030327114752865,0.5943384039966881
2025-05-08,HOOD,Financial Services,51.729000091552734,54.84000015258789,51.61000061035156,54.06999969482422,3.4783522201909984,0.03478692447884056,0.5426803543553005
2025-05-09,HOOD,Financial Services,54.939998626708984,56.314998626708984,53.742000579833984,54.650001525878906,3.576326952614577,0.016090233711764663,0.5217111894159929
2025-05-12,HOOD,Financial Services,59.18000030517578,59.33000183105469,55.888999938964844,57.43000030517578,3.504660602204607,0.08289110069195046,0.7125053113615935
2025-05-22,HOOD,Financial Services,64.88999938964844,65.875,63.75,64.7699966430664,3.5072010632849935,0.016129012988608,0.5173696348072628
2025-05-29,HOOD,Financial Services,66.32499694824219,66.53500366210938,63.630001068115234,63.95000076293945,3.251915367020049,0.018191550041402993,0.8671524752662556
2025-07-01,HOOD,Financial Services,95.01200103759766,99.18000030517578,89.69999694824219,92.33000183105469,4.252470030041589,0.014760267272455115,0.5505795594730118
2025-07-08,HOOD,Financial Services,95.4000015258789,98.04000091552734,90.69999694824219,91.2699966430664,5.02557768687073,0.02075756965985847,0.6849074360737616
2025-07-09,HOOD,Financial Services,92.91000366210938,94.6500015258789,91.74099731445312,94.54000091552734,5.190893849757475,0.017968741967380762,0.5385011443213913
2025-07-24,HOOD,Financial Services,103.0,103.04000091552734,100.31999969482422,101.93000030517578,5.035937391662053,0.009012521085843392,0.5377138237680095
2025-07-28,HOOD,Financial Services,105.83999633789062,107.12999725341797,104.66000366210938,106.7699966430664,4.904047876482124,0.00944203984908861,0.650006136387708
2025-08-11,HOOD,Financial Services,116.22000122070312,117.47000122070312,113.38999938964844,113.62000274658203,5.632721358316868,0.013870749414484056,0.5822159730539025
2025-08-13,HOOD,Financial Services,115.6500015258789,116.4000015258789,107.27999877929688,108.62000274658203,5.4502545222560785,0.013673461636094253,0.5640872723181475
2025-08-19,HOOD,Financial Services,116.12000274658203,117.45999908447266,106.5,107.5,5.651496833491445,0.009563607508433493,0.6306570085408905
2025-08-28,HOOD,Financial Services,104.0,105.4000015258789,102.76000213623047,103.69000244140625,5.95888080623942,0.010493605229975249,0.5146830998474093
2025-09-03,HOOD,Financial Services,101.58999633789062,102.69000244140625,99.41000366210938,100.81999969482422,5.535291804663441,0.007437525061850756,0.6569379118743779
2025-09-05,HOOD,Financial Services,104.9800033569336,106.02999877929688,95.66000366210938,101.25,5.286756737149416,0.02011465961677325,0.6893845874148885
2025-09-08,HOOD,Financial Services,110.62999725341797,117.30000305175781,110.12000274658203,117.27999877929688,5.649845192866422,0.09264194818190587,0.5469220217174461
2025-09-10,HOOD,Financial Services,120.83000183105469,123.44000244140625,116.69000244140625,117.45999908447266,6.288947982833883,0.019662462709322256,0.5551336412980866
2025-09-18,HOOD,Financial Services,120.08000183105469,124.36000061035156,119.85900115966797,120.91000366210938,5.695828830278003,0.012137579642738037,0.5321233671418794
2025-09-24,HOOD,Financial Services,127.51499938964844,130.07000732421875,125.0,126.80000305175781,5.384256186730687,0.01041998790178708,0.5262153447691792
2025-10-07,HOOD,Financial Services,146.3300018310547,147.1199951171875,141.25999450683594,145.0,6.407746354711264,0.01434914323472167,0.5094689841710298
2025-10-08,HOOD,Financial Services,146.11000061035156,151.35000610351562,144.5500030517578,150.8699951171875,6.368621658685572,0.007655176623114224,0.5167906693994233
2025-10-16,HOOD,Financial Services,135.3800048828125,137.47999572753906,130.57000732421875,131.44000244140625,7.157344195627909,0.009168923162808727,0.6389370091626467
2025-10-27,HOOD,Financial Services,144.99000549316406,149.1999969482422,143.17999267578125,145.86000061035156,7.4887144885249635,0.03719874423620201,0.6067844433721311
2025-10-31,HOOD,Financial Services,143.60000610351562,150.47000122070312,143.3000030517578,146.77999877929688,7.128094021542226,0.04005213649559112,0.5999973133482639
2025-11-03,HOOD,Financial Services,148.7899932861328,149.41200256347656,142.5,147.0800018310547,7.5046582983238075,0.013693926444693803,0.5795581524920862
2025-11-05,HOOD,Financial Services,139.63499450683594,144.77000427246094,135.50999450683594,142.47999572753906,7.6757308317209665,0.020723621285341023,0.5125155533694233
2025-11-10,HOOD,Financial Services,135.4499969482422,138.99000549316406,131.64999389648438,135.8800048828125,8.620474210052382,0.03904569127078111,0.6008293593616275
2025-11-12,HOOD,Financial Services,133.3300018310547,133.83999633789062,128.3300018310547,132.97999572753906,8.361073259102087,0.010611758000426548,0.519533719681439
2025-11-20,HOOD,Financial Services,121.62999725341797,122.62999725341797,105.23500061035156,106.20999908447266,8.394770793644806,0.029366904906599323,0.8580712558025819
2025-11-21,HOOD,Financial Services,107.83999633789062,109.98999786376953,102.0999984741211,107.30000305175781,9.037644068603493,0.015346928419814531,0.6982209174815115
2025-11-26,HOOD,Financial Services,121.33000183105469,128.89999389648438,120.86000061035156,128.1999969482422,8.824734921752647,0.04983994247157923,0.5333495473296783
2025-12-12,HOOD,Financial Services,125.33999633789062,125.6500015258789,117.83499908447266,119.5,8.091160625053094,0.015885873951244224,0.5301722037947318
2025-12-15,HOOD,Financial Services,120.4000015258789,120.66000366210938,114.10099792480469,115.26000213623047,8.071435040506891,0.0075313935219992155,0.6566799049446176
2025-12-16,HOOD,Financial Services,116.69499969482422,120.69999694824219,115.76000213623047,119.4000015258789,7.963404375992448,0.012450091375997618,0.6095680731459492
2025-12-17,HOOD,Financial Services,120.97000122070312,124.69999694824219,115.58999633789062,115.80000305175781,7.78316083570811,0.013149076003017764,0.6144112650606316
2025-12-18,HOOD,Financial Services,121.87000274658203,124.25,117.05000305175781,117.16000366210938,7.877935105325499,0.05241795798667794,0.5759030338904475
2025-12-19,HOOD,Financial Services,119.47000122070312,122.95999908447266,118.19999694824219,121.3499984741211,7.918796665533834,0.01971660538058539,0.5819165405520881
2025-12-22,HOOD,Financial Services,123.51000213623047,124.55000305175781,121.06999969482422,122.37000274658203,7.767453719593081,0.01779978318310415,0.5209743665608652
2026-01-02,HOOD,Financial Services,115.47799682617188,116.02999877929688,110.41000366210938,115.20999908447266,5.970186823638144,0.021025626738579502,0.5570975505650647
2026-01-05,HOOD,Financial Services,117.91999816894531,123.41999816894531,117.55000305175781,123.23999786376953,5.945173130320241,0.02352225593271352,0.5368892818718612
2024-01-18,IONQ,Technology,11.390000343322754,11.399999618530273,10.470000267028809,10.720000267028809,0.7164840495375053,0.04976957998778242,0.5319130086580637
2024-01-22,IONQ,Technology,11.180000305175781,11.864999771118164,11.149999618530273,11.720000267028809,0.7180397724862236,0.030414738442742187,0.6924287251803595
2024-01-23,IONQ,Technology,12.100000381469727,12.119999885559082,11.541999816894531,11.75,0.7392511737120961,0.03242321721697823,0.5521678044205713
2024-01-24,IONQ,Technology,12.050000190734863,12.100000381469727,11.0600004196167,11.069999694824219,0.7277332376372715,0.025531931126371345,0.6878314161827185
2024-01-25,IONQ,Technology,11.449999809265137,11.989999771118164,11.15999984741211,11.279999732971191,0.7500380036526827,0.03432702122102019,0.6895222553436425
2024-02-01,IONQ,Technology,10.470000267028809,10.479999542236328,9.9350004196167,10.239999771118164,0.7220477099679307,0.019474177249324813,0.5137615580615534
2024-02-29,IONQ,Technology,11.710000038146973,11.720000267028809,10.199999809265137,10.359999656677246,0.6103986373600838,0.03996445826980445,0.5205372536040268
2024-03-06,IONQ,Technology,9.890000343322754,10.154999732971191,9.3100004196167,9.920000076293945,0.7040314059155618,0.055496314206480366,0.5586136342677119
2024-03-07,IONQ,Technology,10.399999618530273,11.319999694824219,10.175000190734863,10.899999618530273,0.7141005421611997,0.04838705025652108,0.5297405004455816
2024-03-12,IONQ,Technology,10.010000228881836,10.25,9.609999656677246,9.869999885559082,0.8380753848516549,0.022471937475591928,0.5054875534374076
2024-03-18,IONQ,Technology,9.390000343322754,9.675000190734863,9.069999694824219,9.539999961853027,0.7495965604404388,0.008592902266415618,0.5026090188601464
2024-03-21,IONQ,Technology,9.739999771118164,9.789999961853027,9.329999923706055,9.420000076293945,0.7049812841776802,0.016701445583124065,0.5151133349387781
2024-03-27,IONQ,Technology,9.229999542236328,9.5600004196167,9.145000457763672,9.550000190734863,0.6348582961304426,0.013172326024307495,0.5090810657475018
2024-04-04,IONQ,Technology,9.470000267028809,9.720000267028809,9.09000015258789,9.119999885559082,0.5899658018993975,0.016094482523201302,0.5305377181361453
2024-04-05,IONQ,Technology,9.220000267028809,9.369999885559082,9.027999877929688,9.210000038146973,0.5928253956523633,0.010964954246114692,0.5036630776788864
2024-04-08,IONQ,Technology,9.270000457763672,9.359999656677246,8.319999694824219,8.369999885559082,0.5749092965078655,0.006514703514460695,0.5024893461003328
2024-04-24,IONQ,Technology,8.15999984741211,8.369999885559082,8.010000228881836,8.199999809265137,0.5438244982896184,0.02383940554857783,0.6807329351403785
2024-05-23,IONQ,Technology,8.6899995803833,8.739999771118164,8.270000457763672,8.319999694824219,0.5002826259126113,0.01046502266528894,0.6226930890945455
2024-06-03,IONQ,Technology,8.289999961853027,8.319999694824219,7.769999980926514,7.78000020980835,0.4484063057058949,0.017177957039953923,0.508370559967695
2024-06-05,IONQ,Technology,7.880000114440918,7.96999979019165,7.699999809265137,7.929999828338623,0.44025846296235055,0.022049296427085786,0.5090810657475018
2024-06-13,IONQ,Technology,8.0,8.130000114440918,7.590000152587891,7.710000038146973,0.43119720648912485,0.006289332318799776,0.6669908330355915
2024-06-25,IONQ,Technology,6.829999923706055,6.840000152587891,6.579999923706055,6.590000152587891,0.4243679628648412,0.010354984090850736,0.5138696461406953
2024-06-28,IONQ,Technology,7.179999828338623,7.190000057220459,6.840000152587891,7.03000020980835,0.4063726090413952,0.011267595039523421,0.5385738205329644
2024-07-18,IONQ,Technology,8.630000114440918,8.84000015258789,8.079999923706055,8.210000038146973,0.48070513155668687,0.008177534041213658,0.5122401494666556
2024-07-26,IONQ,Technology,8.119999885559082,8.270000457763672,7.820000171661377,8.210000038146973,0.5533488444690166,0.023959654644817942,0.5809894525865281
2024-07-29,IONQ,Technology,8.34000015258789,8.4399995803833,7.800000190734863,7.889999866485596,0.5459668045856794,0.01583436222130146,0.5448794148738871
2024-07-30,IONQ,Technology,7.940000057220459,8.0,7.610000133514404,7.800000190734863,0.5526834178044479,0.006337159896193334,0.543031132378793
2024-08-09,IONQ,Technology,7.199999809265137,7.519999980926514,6.940000057220459,7.119999885559082,0.5916694359786778,0.012658182005721911,0.5550851880864329
2024-08-14,IONQ,Technology,7.380000114440918,7.440000057220459,7.059999942779541,7.309999942779541,0.5874554850235658,0.013736250240465434,0.5099891679543669
2024-08-30,IONQ,Technology,7.440000057220459,7.539999961853027,7.329999923706055,7.420000076293945,0.4730590406457554,0.01639342660450326,0.5074109216718671
2024-09-09,IONQ,Technology,6.949999809265137,7.0,6.550000190734863,6.619999885559082,0.43370416422316715,0.02205876681219082,0.5427881325128664
2024-09-10,IONQ,Technology,6.699999809265137,6.96999979019165,6.539999961853027,6.900000095367432,0.4348681388690221,0.012084580829157887,0.5570604158337917
2024-09-19,IONQ,Technology,8.130000114440918,8.178999900817871,7.639999866485596,7.71999979019165,0.440430221080794,0.03831420097803382,0.522426871524828
2024-09-26,IONQ,Technology,7.789999961853027,8.09000015258789,7.585000038146973,8.0600004196167,0.47290082420993795,0.026350435473567767,0.5174263254725552
2024-10-24,IONQ,Technology,15.289999961853027,16.139999389648438,14.579999923706055,15.710000038146973,1.0610400171822139,0.03731344635517187,0.6095235889429397
2024-10-28,IONQ,Technology,17.520000457763672,18.200000762939453,16.549999237060547,17.809999465942383,1.1140599221726286,0.03301895067929056,0.5831389847388837
2024-11-06,IONQ,Technology,16.729999542236328,16.829999923706055,15.850000381469727,16.450000762939453,1.270730079305666,0.08990222322290717,0.5009957876717418
2024-11-14,IONQ,Technology,27.899999618530273,28.049999237060547,24.8700008392334,26.15999984741211,2.248191878104148,0.04260087368826126,0.5126088942019391
2024-11-25,IONQ,Technology,33.93000030517578,35.2400016784668,30.461000442504883,30.8799991607666,3.004278297624864,0.0669811672710003,0.5126771510210191
2024-12-19,IONQ,Technology,40.709999084472656,42.400001525878906,36.540000915527344,37.7599983215332,4.566601308550205,0.0855999755859375,0.5816560076348735
2024-12-23,IONQ,Technology,45.33000183105469,45.5,41.29999923706055,41.31999969482422,5.091202123786594,0.020486350734376487,0.5386871025154387
2024-12-24,IONQ,Technology,41.9900016784668,45.400001525878906,39.84000015258789,44.58000183105469,5.027544883726084,0.016214956161447,0.5154486149206884
2025-01-06,IONQ,Technology,48.29999923706055,51.65999984741211,47.13399887084961,51.06999969482422,4.952372819480169,0.011094803730753128,0.5132467740508548
2025-01-10,IONQ,Technology,31.989999771118164,33.97999954223633,28.510000228881836,32.33000183105469,6.332949602772699,0.05752065359068311,0.6356576844328806
2025-01-14,IONQ,Technology,28.200000762939453,30.200000762939453,26.625,29.510000228881836,6.228145398375505,0.012203881735076538,0.6569620263582012
2025-01-15,IONQ,Technology,32.779998779296875,40.5,32.40999984741211,39.38999938964844,6.03863506727293,0.11080984496959262,0.5906389246975937
2025-01-21,IONQ,Technology,39.189998626708984,45.560001373291016,38.79999923706055,45.310001373291016,6.156782296256079,0.0077140458156036715,0.5393279700342372
2025-01-24,IONQ,Technology,41.689998626708984,44.22999954223633,40.5099983215332,40.7599983215332,5.89616268588732,0.0082224949246535,0.5230142272749101
2025-01-28,IONQ,Technology,40.0099983215332,40.36000061035156,35.75,38.86000061035156,5.696385177706554,0.03814212171991967,0.5746576959165863
2025-01-29,IONQ,Technology,39.2599983215332,40.599998474121094,38.38999938964844,39.540000915527344,5.61878628003834,0.010293301721541633,0.5512954127024895
2025-01-30,IONQ,Technology,40.45000076293945,41.67900085449219,38.23099899291992,38.810001373291016,5.375301480355077,0.023014664297965476,0.6337548513005912
2025-02-04,IONQ,Technology,41.88999938964844,44.59000015258789,41.43000030517578,41.86000061035156,5.16244230561193,0.010127758779414655,0.5058856950041013
2025-02-06,IONQ,Technology,42.66999816894531,44.34000015258789,40.650001525878906,41.27000045776367,4.942309838972957,0.008270285364957101,0.6007563901548508
2025-02-07,IONQ,Technology,41.65999984741211,43.970001220703125,40.04999923706055,40.56999969482422,4.852859038096959,0.009449948759936861,0.6007563901548508
2025-02-12,IONQ,Technology,38.0,39.33000183105469,37.5099983215332,38.0,4.723174849562058,0.007957539283539157,0.5042988433427803
2025-02-13,IONQ,Technology,38.58000183105469,38.849998474121094,36.52000045776367,38.650001525878906,4.515805468130589,0.015263206080386513,0.506500847120137
2025-02-20,IONQ,Technology,35.63999938964844,35.70899963378906,32.84000015258789,33.75,4.15394278229988,0.0439367318927022,0.5425472828553782
2025-02-21,IONQ,Technology,34.810001373291016,35.5,31.360000610351562,31.739999771118164,4.062161117935687,0.03140744809751157,0.5426557748239889
2025-02-26,IONQ,Technology,30.780000686645508,31.07200050354004,29.549999237060547,29.93000030517578,3.8980349083725168,0.035317899783936464,0.6039265037192073
2025-03-03,IONQ,Technology,25.31999969482422,25.579999923706055,22.649999618530273,23.110000610351562,3.772580574630412,0.03052503090417176,0.7072202986621948
2025-03-05,IONQ,Technology,22.90999984741211,23.200000762939453,21.65999984741211,22.6299991607666,3.61551074990155,0.02505590408878362,0.5268728423796304
2025-03-12,IONQ,Technology,20.270000457763672,22.190000534057617,19.59000015258789,21.81999969482422,3.060670629088495,0.0839571995064149,0.5853038953891821
2025-03-19,IONQ,Technology,23.59000015258789,24.118999481201172,22.18000030517578,23.299999237060547,2.9124617837911684,0.040123449522372324,0.5698564996362964
2025-04-01,IONQ,Technology,24.309999465942383,24.6200008392334,22.219999313354492,23.190000534057617,2.6021780175874403,0.10149523344322842,0.5481987288725859
2025-04-08,IONQ,Technology,24.049999237060547,24.599000930786133,20.649999618530273,21.280000686645508,2.8949874928348334,0.057142823607057004,0.8991584565818992
2025-04-11,IONQ,Technology,26.239999771118164,27.25,25.371000289916992,26.09000015258789,3.065950556473917,0.013518748154535173,0.532710157073254
2025-04-14,IONQ,Technology,27.700000762939453,28.25,24.75,25.350000381469727,2.981168353160281,0.061709490261994696,0.5027872248978913
2025-04-15,IONQ,Technology,25.59000015258789,26.075000762939453,24.665000915527344,25.399999618530273,3.018227756505975,0.00946744644996528,0.560352960843676
2025-04-17,IONQ,Technology,24.93000030517578,25.8700008392334,24.479999542236328,25.739999771118164,2.8101860979285322,0.014652039675336188,0.5345630055007907
2025-04-22,IONQ,Technology,24.489999771118164,25.93000030517578,23.93000030517578,25.559999465942383,2.676333957457226,0.01914269959752008,0.5020198706067368
2025-04-23,IONQ,Technology,27.09000015258789,27.84000015258789,26.270000457763672,26.799999237060547,2.628024389067424,0.05985918304435683,0.6057701076581609
2025-05-01,IONQ,Technology,28.334999084472656,28.459999084472656,27.15999984741211,27.3799991607666,2.5693397791063917,0.03186453128815913,0.5393189206642595
2025-05-27,IONQ,Technology,46.54999923706055,48.08000183105469,43.599998474121094,48.040000915527344,3.64976672843775,0.01882251337711427,0.5735745912311541
2025-05-29,IONQ,Technology,48.0,48.81999969482422,42.939998626708984,43.20000076293945,3.7505641844782533,0.009251442683012222,0.5758603870540446
2025-06-06,IONQ,Technology,37.66999816894531,39.95000076293945,36.79999923706055,39.02000045776367,3.6461351605625034,0.027550418050656392,0.5543643442174128
2025-07-25,IONQ,Technology,44.2400016784668,44.25,42.939998626708984,43.16999816894531,2.9326598398613557,0.007744877921871179,0.5079410604497475
2025-07-28,IONQ,Technology,43.91999816894531,44.529998779296875,41.435001373291016,42.34000015258789,2.81675566367776,0.0173731765534222,0.5245929949158425
2025-07-29,IONQ,Technology,43.0099983215332,44.209999084472656,40.349998474121094,40.529998779296875,2.836630073844053,0.015824236337523043,0.765215160428882
2025-07-30,IONQ,Technology,40.974998474121094,41.86000061035156,39.22999954223633,39.880001068115234,2.909727969308875,0.010979514143275252,0.5042335729325809
2025-07-31,IONQ,Technology,41.119998931884766,42.275001525878906,39.619998931884766,39.869998931884766,2.8897474763664723,0.03109322544028043,0.7023277504206168
2025-08-04,IONQ,Technology,38.9900016784668,40.69599914550781,38.41999816894531,39.86000061035156,2.8549099095624713,0.022822737958010108,0.529419822638128
2025-08-20,IONQ,Technology,37.380001068115234,37.40999984741211,34.77000045776367,36.790000915527344,2.7284834947112504,0.015760919648894426,0.5038047473699727
2025-08-21,IONQ,Technology,37.25,37.37699890136719,36.45000076293945,37.16999816894531,2.7221632014924784,0.012503372466036338,0.510733940469165
2025-09-15,IONQ,Technology,56.880001068115234,59.88999938964844,55.95000076293945,59.11000061035156,2.9693452367926056,0.02283762711427244,0.5408424793114692
2025-09-17,IONQ,Technology,63.310001373291016,66.38999938964844,61.08000183105469,65.44000244140625,3.252680104710824,0.016864810152021143,0.5237907826563206
2025-09-18,IONQ,Technology,68.56999969482422,70.43000030517578,65.41999816894531,66.80999755859375,3.399631351416747,0.04783002959421509,0.567795355258747
2025-09-23,IONQ,Technology,74.08000183105469,76.12899780273438,71.44999694824219,75.13999938964844,3.907332525011102,0.029747001904697264,0.5719132377146526
2025-10-07,IONQ,Technology,80.95999908447266,82.97000122070312,75.4800033569336,79.2300033569336,4.824809796172621,0.024939881934174714,0.5364629286299896
2025-10-09,IONQ,Technology,74.87000274658203,78.0,73.6500015258789,77.5,5.357739248589709,0.007671597192629369,0.5228202297123851
2025-10-20,IONQ,Technology,65.30999755859375,65.5,58.689998626708984,59.939998626708984,6.280626618370756,0.03765489328878126,0.5313686010948171
2025-10-23,IONQ,Technology,61.099998474121094,62.93000030517578,57.0,59.369998931884766,6.209215476407067,0.10189355515677236,0.5361889300972499
2025-10-24,IONQ,Technology,62.0099983215332,64.11000061035156,59.91999816894531,60.29999923706055,6.299985766823443,0.04446689299552305,0.5798766874995427
2025-10-27,IONQ,Technology,63.0,65.5,62.279998779296875,62.79999923706055,6.188558331940826,0.04477613262190599,0.5324680690448947
2025-10-29,IONQ,Technology,58.849998474121094,62.099998474121094,57.91999816894531,61.11000061035156,6.21666514293986,0.029746227521488127,0.5039863642596504
2025-10-31,IONQ,Technology,61.0,62.970001220703125,59.959999084472656,62.380001068115234,5.948603882342158,0.013794280477194108,0.5264323694422617
2025-11-05,IONQ,Technology,55.0,56.40999984741211,53.099998474121094,55.40999984741211,5.734749464590484,0.03034842449361467,0.5300098178356535
2025-11-06,IONQ,Technology,57.279998779296875,58.9900016784668,54.099998474121094,57.43000030517578,5.561553172354808,0.03374840167901756,0.509751260218673
2025-11-12,IONQ,Technology,54.7599983215332,55.599998474121094,49.88999938964844,50.709999084472656,5.382130554612736,0.006247706064457591,0.510544227648951
2025-11-20,IONQ,Technology,48.56999969482422,49.56999969482422,40.689998626708984,41.0,5.060797862440583,0.014410998565504955,0.5588919621141757
2025-11-21,IONQ,Technology,42.560001373291016,42.7599983215332,38.0,41.709999084472656,5.333598091417344,0.0380488139827077,0.6224877838572919
2025-11-24,IONQ,Technology,42.75,47.334999084472656,42.4900016784668,46.7599983215332,5.292626679282763,0.024934091065816014,0.5692719462359191
2025-11-26,IONQ,Technology,47.400001525878906,48.25,46.0099983215332,46.900001525878906,5.20019841618731,0.007224822411094495,0.5130387845958561
2025-11-28,IONQ,Technology,47.70000076293945,49.849998474121094,47.56999969482422,49.29999923706055,4.988755792064416,0.01705755247404664,0.5119989930555711
2025-12-15,IONQ,Technology,50.779998779296875,51.0,45.18000030517578,46.06999969482422,4.2422699264318675,0.008540224790608343,0.5134901447749445
2025-12-16,IONQ,Technology,46.939998626708984,49.900001525878906,46.900001525878906,49.66999816894531,4.354964909888464,0.018884283430601077,0.5159305704353855
2025-12-19,IONQ,Technology,47.13999938964844,49.439998626708984,46.880001068115234,48.47999954223633,4.35132176421356,0.015073229621864427,0.5105300182863336
2025-12-22,IONQ,Technology,49.880001068115234,55.599998474121094,49.66999816894531,53.86000061035156,4.254798781055449,0.028877919535853315,0.521001087122554
2026-01-02,IONQ,Technology,46.0099983215332,47.09000015258789,43.79999923706055,46.77000045776367,3.795355180302254,0.025406717557070194,0.5242028138132037
2024-01-02,IREN,Financial Services,7.860000133514404,7.889999866485596,6.75,6.800000190734863,0.891211664638715,0.0993007033114573,0.8842971647496851
2024-01-05,IREN,Financial Services,6.789999961853027,6.800000190734863,6.119999885559082,6.190000057220459,0.8796326618587558,0.007418426176974227,0.6456904053921251
2024-01-08,IREN,Financial Services,6.360000133514404,6.71999979019165,5.78000020980835,6.420000076293945,0.865373207809972,0.02746366312156089,0.5649493351216117
2024-01-11,IREN,Financial Services,7.0,7.139999866485596,5.760000228881836,6.039999961853027,0.8382597574775319,0.08527134992233838,0.7736881279810576
2024-01-18,IREN,Financial Services,4.809999942779541,4.875,4.295000076293945,4.329999923706055,0.8140273819037386,0.02123140208548931,0.655859597720257
2024-01-24,IREN,Financial Services,4.25,4.449999809265137,3.9800000190734863,4.0,0.7207953795434096,0.024096362008327758,0.8161230222369418
2024-01-26,IREN,Financial Services,4.300000190734863,4.360000133514404,4.190000057220459,4.269999980926514,0.6662470266143575,0.059113362398476844,0.6234982116992902
2024-02-01,IREN,Financial Services,3.950000047683716,3.9600000381469727,3.640000104904175,3.75,0.593969412971056,0.0076530537770124595,0.6972784979526272
2024-02-07,IREN,Financial Services,3.869999885559082,4.179999828338623,3.759999990463257,4.119999885559082,0.5191316265901628,0.007812492724042223,0.745039431332495
2024-02-14,IREN,Financial Services,8.15999984741211,8.369999885559082,7.699999809265137,8.300000190734863,0.649338402775996,0.17919071639407477,0.5804318612094139
2024-02-15,IREN,Financial Services,8.449999809265137,8.694000244140625,7.409999847412109,7.739999771118164,0.706528503239506,0.01807224278111647,0.6506176577441426
2024-02-20,IREN,Financial Services,7.159999847412109,7.329999923706055,6.461999893188477,6.869999885559082,0.7920781426350669,0.05139499376995793,0.778739784189499
2024-02-22,IREN,Financial Services,6.760000228881836,7.0,6.5,6.630000114440918,0.769822471254206,0.01807234409776483,0.6072451191727862
2024-02-27,IREN,Financial Services,7.320000171661377,7.329999923706055,6.690000057220459,6.769999980926514,0.7696574049358872,0.05933434635354129,0.5411510267235039
2024-02-28,IREN,Financial Services,6.989999771118164,6.989999771118164,5.940000057220459,6.050000190734863,0.7603961521894378,0.03249627633847381,0.7351890425559144
2024-02-29,IREN,Financial Services,6.244999885559082,6.300000190734863,5.550000190734863,5.900000095367432,0.7810821208828854,0.03223135350026049,0.5160603193116994
2024-03-01,IREN,Financial Services,5.949999809265137,6.010000228881836,5.552999973297119,5.989999771118164,0.7788619693912509,0.008474527642290024,0.6191568493944805
2024-03-04,IREN,Financial Services,6.099999904632568,6.210000038146973,5.460000038146973,5.699999809265137,0.7558718469764985,0.01836396289108211,0.6686336374386642
2024-03-11,IREN,Financial Services,5.679999828338623,5.78000020980835,5.070000171661377,5.079999923706055,0.689684404512745,0.061682229829631875,0.8661123550879507
2024-03-12,IREN,Financial Services,5.130000114440918,5.14900016784668,4.815000057220459,4.929999828338623,0.6911355212009042,0.009842557379092681,0.6942045346752928
2024-03-18,IREN,Financial Services,4.650000095367432,4.679999828338623,4.440000057220459,4.610000133514404,0.6087295676107272,0.010869606906841255,0.5573097372095409
2024-03-21,IREN,Financial Services,5.699999809265137,6.139999866485596,5.474999904632568,5.650000095367432,0.6132357171068762,0.0052909581247836575,0.8150573223532424
2024-03-25,IREN,Financial Services,5.150000095367432,5.829999923706055,5.139999866485596,5.579999923706055,0.6192950868892627,0.01980196056547408,0.5789682138098856
2024-03-27,IREN,Financial Services,5.909999847412109,5.940000057220459,5.28000020980835,5.369999885559082,0.6207186888192101,0.038664286112348366,0.5113054619439978
2024-04-04,IREN,Financial Services,5.920000076293945,6.349999904632568,5.710000038146973,5.760000228881836,0.688664533645634,0.06474822611858408,0.6523766744897522
2024-04-08,IREN,Financial Services,6.079999923706055,6.329999923706055,5.295000076293945,5.409999847412109,0.6697668603167666,0.08571429057997108,0.6214747368475506
2024-04-18,IREN,Financial Services,4.550000190734863,4.920000076293945,4.440000057220459,4.679999828338623,0.5774390848072373,0.011111153496636285,0.6474163040193014
2024-05-03,IREN,Financial Services,4.769999980926514,4.989999771118164,4.679999828338623,4.730000019073486,0.4886030293106504,0.043763632768623904,0.5113570323072579
2024-05-10,IREN,Financial Services,5.150000095367432,5.255000114440918,4.764999866485596,4.789999961853027,0.47242645358867524,0.00782778098002071,0.5455071049628094
2024-05-13,IREN,Financial Services,4.929999828338623,5.070000171661377,4.800000190734863,4.849999904632568,0.47368172461486435,0.029227529770467116,0.5848666908874682
2024-05-15,IREN,Financial Services,5.059999942779541,5.230000019073486,4.840000152587891,5.199999809265137,0.44914394584864387,0.03901438638301872,0.5681501457448973
2024-05-30,IREN,Financial Services,7.800000190734863,7.960000038146973,7.28000020980835,7.409999847412109,0.6346572804905937,0.0077519924277764185,0.5099939975198354
2024-05-31,IREN,Financial Services,7.539999961853027,7.920000076293945,7.349999904632568,7.789999961853027,0.6378960339083101,0.017543875454507547,0.5128369831360127
2024-06-03,IREN,Financial Services,8.244999885559082,9.09000015258789,7.960000038146973,8.0,0.6330463294621006,0.0584082061532928,0.6104291434209875
2024-06-04,IREN,Financial Services,8.25,9.390000343322754,8.022000312805176,8.890000343322754,0.6806858909815836,0.03125,0.520037618615995
2024-06-12,IREN,Financial Services,13.010000228881836,13.6899995803833,12.34000015258789,13.550000190734863,0.9711350169303348,0.05344128154055695,0.5432130752557316
2024-06-13,IREN,Financial Services,13.630000114440918,14.949999809265137,12.9399995803833,13.699999809265137,0.9981967605635544,0.005904053326933276,0.6822697639198292
2024-06-20,IREN,Financial Services,14.050000190734863,14.3100004196167,13.289999961853027,13.899999618530273,1.1263698843826395,0.0071684862248750396,0.845479820316805
2024-07-08,IREN,Financial Services,15.418000221252441,15.75,14.229999542236328,14.630000114440918,1.2979786075137092,0.02581506953922936,0.728873382994999
2024-07-09,IREN,Financial Services,14.760000228881836,15.140000343322754,12.640000343322754,12.819999694824219,1.3138373111029924,0.008885858743951616,0.781671209074553
2024-07-10,IREN,Financial Services,13.550000190734863,13.859999656677246,12.8100004196167,12.899999618530273,1.3985632174527787,0.05694231772917791,0.7008460293219552
2024-07-11,IREN,Financial Services,13.229999542236328,13.90999984741211,10.234999656677246,11.199999809265137,1.3736657902819052,0.02558139019105276,0.7497288025037513
2024-07-15,IREN,Financial Services,12.949999809265137,13.140000343322754,11.850000381469727,11.994999885559082,1.5431863072993708,0.051990200473800256,0.5698411209939052
2024-07-18,IREN,Financial Services,11.539999961853027,11.59000015258789,10.109999656677246,10.229999542236328,1.527475388481718,0.024866760859648448,0.6098159934596122
2024-07-22,IREN,Financial Services,11.5,12.029999732971191,10.84000015258789,11.579999923706055,1.5037926390170586,0.017699097866309885,0.629495382752755
2024-07-24,IREN,Financial Services,11.239999771118164,11.489999771118164,10.175000190734863,10.204999923706055,1.4469946456064584,0.032139524036839326,0.7048628691049217
2024-07-26,IREN,Financial Services,9.899999618530273,10.180000305175781,9.470000267028809,9.539999961853027,1.3930973662134725,0.0498408587639734,0.771196231201982
2024-07-29,IREN,Financial Services,9.84000015258789,10.34000015258789,9.420000076293945,9.720000267028809,1.3471618400553673,0.0314465609994187,0.7518267911874646
2024-08-06,IREN,Financial Services,8.625,8.65999984741211,7.659999847412109,7.920000076293945,1.3402516048735234,0.029236262793944784,0.6325086030400268
2024-08-14,IREN,Financial Services,7.429999828338623,7.590000152587891,7.239999771118164,7.25,1.1295468992950193,0.01088434350259409,0.6765527282517697
2024-08-19,IREN,Financial Services,8.0600004196167,8.3100004196167,7.78000020980835,8.119999885559082,1.0024142222004653,0.011292425570174906,0.5353769734265916
2024-08-20,IREN,Financial Services,8.359999656677246,8.550000190734863,7.829999923706055,8.130000114440918,0.9686703641724571,0.02955662247544964,0.6501137146756363
2024-08-29,IREN,Financial Services,8.279999732971191,9.199999809265137,8.239999771118164,8.520000457763672,0.8267133645162099,0.11590291749791849,0.6395111397255588
2024-09-06,IREN,Financial Services,6.909999847412109,7.010000228881836,6.304999828338623,6.440000057220459,0.8303576874491198,0.020679448579028786,0.6102282290359959
2024-09-19,IREN,Financial Services,8.199999809265137,8.300000190734863,7.71999979019165,7.789999961853027,0.7501321515153478,0.06217616996354481,0.761235325533959
2024-09-26,IREN,Financial Services,9.100000381469727,9.40999984741211,8.75,9.130000114440918,0.7359828928980001,0.04238268712882622,0.6999451798609807
2024-10-07,IREN,Financial Services,8.729999542236328,9.0,8.234999656677246,8.350000381469727,0.6941671608160583,0.005760280564821285,0.6205672937122853
2024-10-14,IREN,Financial Services,8.109999656677246,8.65999984741211,7.888999938964844,8.529999732971191,0.6417035379426529,0.04780360419902568,0.5081762700579785
2024-10-18,IREN,Financial Services,9.220000267028809,9.670000076293945,9.130000114440918,9.489999771118164,0.6581907749280075,0.030167649555049653,0.5023357370393211
2024-10-24,IREN,Financial Services,8.829999923706055,9.414999961853027,8.829999923706055,9.239999771118164,0.6871736778105166,0.01728106143508203,0.5822269965979028
2024-10-25,IREN,Financial Services,9.3100004196167,9.6899995803833,8.979999542236328,9.25,0.6905898191581402,0.007575827947240754,0.5328013713116564
2024-10-29,IREN,Financial Services,11.335000038146973,11.350000381469727,10.390000343322754,10.550000190734863,0.7646922472841529,0.03990829677435837,0.6754145596833708
2024-11-01,IREN,Financial Services,9.260000228881836,9.640000343322754,8.895000457763672,9.050000190734863,0.8170950970706846,0.015350915030649859,0.5775475412900835
2024-11-05,IREN,Financial Services,8.699999809265137,9.095000267028809,8.520000457763672,8.9399995803833,0.8053779268143729,0.022326624591438537,0.5326133387611964
2024-11-15,IREN,Financial Services,10.699999809265137,10.824999809265137,10.119999885559082,10.670000076293945,1.0505593764678915,0.03581799499436381,0.5760692372395902
2024-12-05,IREN,Financial Services,15.010000228881836,15.4399995803833,13.829999923706055,14.149999618530273,1.2908181733452695,0.051857025044141684,0.5070912630425066
2024-12-12,IREN,Financial Services,14.199999809265137,14.920000076293945,13.300000190734863,13.430000305175781,1.33185700650774,0.043350489895011037,0.550969600230881
2024-12-17,IREN,Financial Services,14.100000381469727,14.289999961853027,13.300000190734863,13.729999542236328,1.3472812872675086,0.013659276501930797,0.6310559009997123
2024-12-19,IREN,Financial Services,12.65999984741211,12.84000015258789,11.324999809265137,11.414999961853027,1.3952068362924555,0.04369329991515994,0.6385487742738647
2024-12-24,IREN,Financial Services,11.880000114440918,11.9399995803833,11.4399995803833,11.8100004196167,1.3597961089521104,0.056000010172526045,0.6285852496904512
2024-12-31,IREN,Financial Services,10.180000305175781,10.279999732971191,9.770000457763672,9.819999694824219,1.2058862154694157,0.02414494315131809,0.7796310572398737
2025-01-02,IREN,Financial Services,10.3100004196167,11.020000457763672,10.109999656677246,10.460000038146973,1.1561800054507088,0.04989824236458407,0.5037093331021049
2025-01-06,IREN,Financial Services,11.720000267028809,12.020000457763672,11.34000015258789,11.770000457763672,1.175787936968884,0.0335097098172612,0.5610715810445064
2025-01-14,IREN,Financial Services,11.149999618530273,11.399999618530273,10.725000381469727,10.970000267028809,1.1227940715728064,0.06596554281710469,0.6852906054282644
2025-01-15,IREN,Financial Services,11.649999618530273,11.949999809265137,11.289999961853027,11.550000190734863,1.1097373222021274,0.06198717729709232,0.5345708556798645
2025-01-17,IREN,Financial Services,12.029999732971191,12.600000381469727,11.800000190734863,11.989999771118164,1.0597224375654515,0.050655016014649105,0.5453467509584979
2025-01-28,IREN,Financial Services,10.380000114440918,10.399999618530273,9.390000343322754,10.079999923706055,1.3546073506263345,0.028741323832254646,0.5547483345110801
2025-01-30,IREN,Financial Services,10.25,10.739999771118164,10.0649995803833,10.300000190734863,1.2828501729676711,0.027054155325459055,0.5464432677407294
2025-01-31,IREN,Financial Services,10.739999771118164,10.8100004196167,10.09000015258789,10.220000267028809,1.2455037483901115,0.042718405071399186,0.6393279687755483
2025-02-05,IREN,Financial Services,10.75,11.175000190734863,10.75,11.069999694824219,1.1868701556760388,0.006554278354308215,0.6168998425024445
2025-02-06,IREN,Financial Services,11.220000267028809,11.989999771118164,11.220000267028809,11.59000015258789,1.1374508506676848,0.013550187564569008,0.6512886509678086
2025-02-19,IREN,Financial Services,13.109999656677246,13.619999885559082,12.970000267028809,13.0,1.0228445838516735,0.010794093042876152,0.613954068481711
2025-02-20,IREN,Financial Services,13.300000190734863,13.300000190734863,12.09000015258789,12.359999656677246,0.9962128006144307,0.023076937748835638,0.6302137355418375
2025-02-21,IREN,Financial Services,12.5600004196167,12.739999771118164,10.819999694824219,10.880000114440918,1.011483317581041,0.016181291949422236,0.769396199804773
2025-02-24,IREN,Financial Services,10.96500015258789,11.010000228881836,10.020000457763672,10.15999984741211,1.0763773717748197,0.007812503423980018,0.705329861844745
2025-02-27,IREN,Financial Services,8.770000457763672,8.890000343322754,7.800000190734863,7.860000133514404,1.079005497653206,0.0329800582089569,0.8356871663564719
2025-03-03,IREN,Financial Services,8.90999984741211,8.960000038146973,7.480000019073486,7.570000171661377,1.0655200647408536,0.08131069112918514,0.8902404897098425
2025-03-12,IREN,Financial Services,7.329999923706055,7.400000095367432,6.684999942779541,7.039999961853027,1.0062569525915268,0.039716273105803335,0.760172609045901
2025-03-13,IREN,Financial Services,7.159999847412109,7.264999866485596,6.724999904632568,6.75,0.98545289544841,0.017045438382004816,0.5639139120962193
2025-04-08,IREN,Financial Services,6.175000190734863,6.199999809265137,5.190000057220459,5.300000190734863,0.746715339614472,0.05017008002592437,0.9737450353326574
2025-04-14,IREN,Financial Services,5.889999866485596,5.929999828338623,5.59499979019165,5.75,0.739732285181943,0.04618112731077569,0.7102596693377639
2025-04-23,IREN,Financial Services,6.480000019073486,6.550000190734863,5.989999771118164,6.099999904632568,0.6262999449789637,0.0693069439372476,0.8328963349092126
2025-05-01,IREN,Financial Services,6.400000095367432,6.519999980926514,6.230000019073486,6.369999885559082,0.5517183483755356,0.04746316784222762,0.610753889293248
2025-05-08,IREN,Financial Services,6.869999885559082,7.090000152587891,6.760000228881836,6.889999866485596,0.49629562746824096,0.04566205571678748,0.5305362666111083
2025-05-12,IREN,Financial Services,7.445000171661377,7.760000228881836,7.290999889373779,7.510000228881836,0.49670388296533785,0.05752843920495531,0.7338540076616615
2025-05-22,IREN,Financial Services,9.350000381469727,9.670000076293945,9.1899995803833,9.279999732971191,0.5561967029161635,0.05174353435120809,0.5061277965942238
2025-05-29,IREN,Financial Services,9.039999961853027,9.048999786376953,8.5600004196167,8.600000381469727,0.5632016127064452,0.020316062319497483,0.8602203344486828
2025-06-09,IREN,Financial Services,10.279999732971191,10.399999618530273,9.869999885559082,10.34000015258789,0.6027525367378375,0.05435894697140425,0.574529036476506
2025-06-10,IREN,Financial Services,10.569999694824219,10.600000381469727,10.210000038146973,10.489999771118164,0.60612732829444,0.022243669133676362,0.5569883539129046
2025-06-20,IREN,Financial Services,10.244999885559082,10.899999618530273,10.1899995803833,10.470000267028809,0.6051818266498121,0.045408131241153574,0.6168270223073541
2025-07-08,IREN,Financial Services,17.459999084472656,18.299999237060547,16.809999465942383,16.889999389648438,1.1993918174682552,0.030088395196317366,0.8085927310705414
2025-07-09,IREN,Financial Services,17.3700008392334,17.3799991607666,16.55500030517578,16.959999084472656,1.2201495284432489,0.02841926980051549,0.6330426608803833
2025-07-11,IREN,Financial Services,17.614999771118164,17.91699981689453,16.219999313354492,16.229999542236328,1.1839300054303845,0.03435108989346064,0.7629801573871651
2025-07-21,IREN,Financial Services,18.469999313354492,21.540000915527344,18.09000015258789,18.149999618530273,1.3015118127427745,0.029542851924152166,0.5630622912044339
2025-07-24,IREN,Financial Services,19.125,19.360000610351562,17.920000076293945,18.139999389648438,1.4408497459607545,0.0071090168777757125,0.5521719558027121
2025-07-28,IREN,Financial Services,17.84000015258789,17.84000015258789,16.34000015258789,16.579999923706055,1.392875478142485,0.0067720566525621174,0.6829156268799733
2025-07-31,IREN,Financial Services,16.75,17.094999313354492,16.079999923706055,16.110000610351562,1.3593934050868308,0.037794339121400025,0.7155223873402008
2025-08-07,IREN,Financial Services,18.700000762939453,18.959999084472656,17.600000381469727,18.56999969482422,1.3207836577805698,0.020742416727364498,0.5667885553115463
2025-08-08,IREN,Financial Services,18.815000534057617,19.059999465942383,18.1299991607666,18.450000762939453,1.3235847324393097,0.013193367973058418,0.6470309711412765
2025-08-11,IREN,Financial Services,19.06999969482422,19.84000015258789,17.940000534057617,17.969999313354492,1.2954715590633434,0.033604276761340764,0.5830867097817893
2025-08-13,IREN,Financial Services,17.959999084472656,18.424999237060547,17.610000610351562,17.729999542236328,1.3066056463293754,0.00729103540790036,0.5407271044100702
2025-08-19,IREN,Financial Services,20.899999618530273,20.920000076293945,18.549999237060547,18.729999542236328,1.4285879711445069,0.009418000267701288,0.6762830933126329
2025-08-29,IREN,Financial Services,27.5,29.5,25.6200008392334,26.479999542236328,1.6249553186291583,0.19357634146042632,0.662455906298291
2025-09-03,IREN,Financial Services,30.0,30.014999389648438,27.610000610351562,28.209999084472656,2.147435957283799,0.030573664410434683,0.7563004301542409
2025-09-05,IREN,Financial Services,27.155000686645508,27.299999237060547,25.309999465942383,26.149999618530273,2.207559494448069,0.03922700186756664,0.5856782818804743
2025-09-16,IREN,Financial Services,37.459999084472656,37.66999816894531,35.7599983215332,36.45000076293945,2.385135155225297,0.008616039312951853,0.539339945168803
2025-09-18,IREN,Financial Services,38.380001068115234,38.5,36.029998779296875,36.31999969482422,2.4586113920445984,0.012664895063620894,0.5258202962641599
2025-09-22,IREN,Financial Services,41.3849983215332,42.93000030517578,39.64500045776367,41.900001525878906,2.537323114507783,0.07104034615021615,0.5119939956556222
2025-09-23,IREN,Financial Services,43.02000045776367,44.25,40.58000183105469,41.77000045776367,2.66251438600918,0.026730283797078508,0.6287353435115528
2025-09-24,IREN,Financial Services,43.3849983215332,49.29999923706055,43.31999969482422,47.13999938964844,2.7344775133617607,0.038664061433338004,0.5369431340169439
2025-10-07,IREN,Financial Services,60.224998474121094,63.400001525878906,55.459999084472656,61.68000030517578,3.9293627186523525,0.042857116434997296,0.5535365988848541
2025-10-10,IREN,Financial Services,67.87999725341797,70.05000305175781,58.02000045776367,59.77000045776367,4.327431009474622,0.06311666210814813,0.7297421537378356
2025-10-15,IREN,Financial Services,71.38500213623047,74.1500015258789,66.54000091552734,67.9800033569336,5.642565942410242,0.026236409455009383,0.633890743060821
2025-10-16,IREN,Financial Services,68.94000244140625,68.94000244140625,61.099998474121094,61.83000183105469,5.783096990120336,0.014121786364618376,0.7036264068424629
2025-10-20,IREN,Financial Services,63.61000061035156,63.70000076293945,57.43000030517578,59.220001220703125,5.814303378219991,0.04759550941285327,0.6721150219072621
2025-10-27,IREN,Financial Services,64.98999786376953,66.4800033569336,62.560001373291016,64.98999786376953,6.231209940440214,0.033227285964861845,0.678951089071239
2025-10-31,IREN,Financial Services,61.79999923706055,63.18000030517578,59.459999084472656,60.75,5.791167421281252,0.06149086123832593,0.6571063553174612
2025-11-03,IREN,Financial Services,73.06999969482422,75.7300033569336,64.37999725341797,67.75,5.731798254366352,0.20279834888599538,0.6909801048046841
2025-11-10,IREN,Financial Services,65.8499984741211,68.30000305175781,59.779998779296875,60.16999816894531,7.165642731871394,0.05562676092641982,0.6194357264391596
2025-11-12,IREN,Financial Services,58.310001373291016,58.45000076293945,53.540000915527344,55.70000076293945,7.035783805911871,0.01620774290456682,0.5630403596004533
2025-11-19,IREN,Financial Services,49.529998779296875,52.31999969482422,45.52000045776367,45.83000183105469,6.464542779438525,0.013920170448644334,0.6137524259525887
2025-11-20,IREN,Financial Services,48.970001220703125,54.060001373291016,43.20000076293945,43.470001220703125,6.4885039549829555,0.06851405769573317,0.9270997920501926
2025-12-08,IREN,Financial Services,45.31999969482422,46.560001373291016,43.619998931884766,46.34000015258789,5.652531688473154,0.013643494136491935,0.5678454833187544
2025-12-15,IREN,Financial Services,40.34000015258789,40.369998931884766,35.36000061035156,35.47999954223633,5.012397860016092,0.0052329698201654985,0.7455645646103279
2025-12-17,IREN,Financial Services,37.16999816894531,37.38999938964844,33.611000061035156,33.779998779296875,4.898138925204256,0.015851271219970205,0.6490683137830487
2025-12-18,IREN,Financial Services,35.65999984741211,36.92499923706055,35.06999969482422,35.79999923706055,4.818200382590615,0.055654266905049495,0.5861393267470956
2025-12-19,IREN,Financial Services,36.900001525878906,40.36000061035156,36.689998626708984,39.91999816894531,4.6986861022458335,0.03072632157152744,0.5812297079245347
2025-12-22,IREN,Financial Services,42.0620002746582,43.52000045776367,41.0099983215332,42.040000915527344,4.688780050177632,0.053657369838739206,0.5667431207182176
2025-12-26,IREN,Financial Services,42.529998779296875,42.63999938964844,39.529998779296875,40.29999923706055,4.301942370403421,0.01310145886274223,0.5680418501812694
2025-12-30,IREN,Financial Services,39.619998931884766,39.900001525878906,38.119998931884766,38.29999923706055,4.14631766389825,0.005328573592634662,0.6736296756106451
2026-01-02,IREN,Financial Services,39.0099983215332,42.75,38.06999969482422,42.70000076293945,3.823916791580265,0.032830231632010695,0.5765625171335516
2026-01-05,IREN,Financial Services,44.79999923706055,48.29999923706055,44.16999816894531,48.2400016784668,3.906494130912841,0.04918029125525783,0.5507334496487758
2026-01-12,IREN,Financial Services,46.724998474121094,51.625,45.849998474121094,50.33000183105469,4.119464046666246,0.015098842347499952,0.5804560885694193
2024-01-24,KTOS,Industrials,18.219999313354492,18.270000457763672,17.34000015258789,17.389999389648438,0.5584292204030388,0.008859349509607557,0.7951056546972567
2024-01-31,KTOS,Industrials,17.389999389648438,17.479999542236328,16.93000030517578,16.93000030517578,0.5675682543847614,0.006365665430091095,0.6579172341657679
2024-02-01,KTOS,Industrials,17.079999923706055,17.239999771118164,16.709999084472656,17.239999771118164,0.566313324575889,0.008859989121465997,0.5595870295100952
2024-02-15,KTOS,Industrials,21.09000015258789,21.09000015258789,20.450000762939453,20.700000762939453,0.7724241731769019,0.012968321888630627,0.671161283711797
2024-02-26,KTOS,Industrials,18.219999313354492,18.6299991607666,18.020000457763672,18.559999465942383,0.8250244697876585,0.009418287173381062,0.5391919368212087
2024-03-08,KTOS,Industrials,18.780000686645508,18.799999237060547,18.389999389648438,18.489999771118164,0.6777059450369604,0.00805161205776103,0.5017335514578819
2024-03-21,KTOS,Industrials,17.639999389648438,17.8799991607666,17.450000762939453,17.770000457763672,0.5820431484037116,0.007424280929030184,0.7975857263182835
2024-04-01,KTOS,Industrials,18.559999465942383,18.889999389648438,18.350000381469727,18.360000610351562,0.5221458110670825,0.009793270587302557,0.5103279359064142
2024-04-04,KTOS,Industrials,18.3700008392334,18.600000381469727,17.600000381469727,17.639999389648438,0.5051947176873833,0.01491715204824475,0.5662393340825239
2024-04-17,KTOS,Industrials,17.799999237060547,17.899999618530273,17.3799991607666,17.75,0.6131154464751394,0.009642659352602785,0.696962549660475
2024-04-29,KTOS,Industrials,19.0,19.139999389648438,18.600000381469727,18.65999984741211,0.682772618951071,0.007423085106985467,0.6606798519610739
2024-05-03,KTOS,Industrials,18.43000030517578,18.559999465942383,17.989999771118164,18.540000915527344,0.6821452487469896,0.018794922593698898,0.5130079207071909
2024-05-08,KTOS,Industrials,19.110000610351562,20.049999237060547,18.559999465942383,19.84000015258789,0.6600956960465474,0.018656736524495652,0.5139868761569193
2024-05-15,KTOS,Industrials,20.229999542236328,20.520000457763672,20.1299991607666,20.309999465942383,0.6599045511857471,0.008474580300092696,0.5356142815325763
2024-06-12,KTOS,Industrials,20.729999542236328,20.780000686645508,20.360000610351562,20.459999084472656,0.5560641576118401,0.024209475131387014,0.7139779551843376
2024-06-28,KTOS,Industrials,20.15999984741211,20.489999771118164,19.780000686645508,20.010000228881836,0.5809354964441122,0.009514298477244242,0.6647284966797288
2024-07-08,KTOS,Industrials,20.809999465942383,21.280000686645508,20.75,20.780000686645508,0.5749151679563554,0.009214288020176825,0.5310015308883432
2024-07-22,KTOS,Industrials,21.1200008392334,21.520000457763672,20.809999465942383,21.399999618530273,0.5851066039188371,0.007153148821677814,0.5145651360653418
2024-08-07,KTOS,Industrials,20.559999465942383,20.81999969482422,20.020000457763672,20.06999969482422,0.8158637398112079,0.009823126208018658,0.8046140651012763
2024-08-09,KTOS,Industrials,19.899999618530273,20.200000762939453,19.649999618530273,19.729999542236328,0.9186784108090441,0.007594917393937896,0.5643668052562414
2024-08-12,KTOS,Industrials,19.969999313354492,20.049999237060547,19.360000610351562,19.6200008392334,0.8923443203519109,0.012164205610060593,0.5074668580740274
2024-08-14,KTOS,Industrials,19.950000762939453,20.309999465942383,19.690000534057617,19.84000015258789,0.8394702776679602,0.005544385559755867,0.5659050822428374
2024-08-22,KTOS,Industrials,21.290000915527344,21.700000762939453,21.200000762939453,21.649999618530273,0.7792276231965642,0.01622912363752038,0.5288677552860789
2024-09-10,KTOS,Industrials,21.489999771118164,21.489999771118164,20.899999618530273,21.219999313354492,0.7529037134764209,0.006086102858236853,0.6585567938150262
2024-09-19,KTOS,Industrials,23.979999542236328,24.079999923706055,22.3799991607666,22.799999237060547,0.7668351214526777,0.024348556110188532,0.739741577079463
2024-09-26,KTOS,Industrials,23.350000381469727,23.56999969482422,23.149999618530273,23.190000534057617,0.7778788474284082,0.012575928978474172,0.6808203008481547
2024-10-25,KTOS,Industrials,24.170000076293945,24.43000030517578,23.950000762939453,23.950000762939453,0.6652176959504806,0.010029242292414635,0.5021055680043636
2024-11-06,KTOS,Industrials,24.719999313354492,24.920000076293945,23.889999389648438,24.270000457763672,0.6258352455154318,0.06597665994228276,0.592625552885767
2024-11-13,KTOS,Industrials,27.579999923706055,28.6200008392334,27.530000686645508,27.729999542236328,0.8807650145130307,0.011738800151776252,0.5228396740288944
2024-11-15,KTOS,Industrials,25.530000686645508,25.530000686645508,24.3700008392334,24.420000076293945,1.0474963014953218,0.009889240237721425,0.6318687621031173
2024-11-19,KTOS,Industrials,24.639999389648438,25.079999923706055,24.3799991607666,25.049999237060547,1.0137084865103556,0.010664488836416372,0.5055956585462242
2024-12-03,KTOS,Industrials,27.049999237060547,27.079999923706055,26.030000686645508,26.360000610351562,0.9670341862396029,0.005202504289939675,0.5158442837325904
2024-12-09,KTOS,Industrials,28.299999237060547,28.3700008392334,26.84000015258789,27.229999542236328,0.9875050575863482,0.011075365076003311,0.5129697691891729
2024-12-19,KTOS,Industrials,26.020000457763672,26.3700008392334,25.260000228881836,25.600000381469727,1.1229029166067144,0.019992168730144713,0.5515466734382886
2024-12-27,KTOS,Industrials,26.920000076293945,27.270000457763672,26.350000381469727,26.520000457763672,1.0393132437020853,0.006355143039025993,0.7194778376840211
2024-12-31,KTOS,Industrials,26.65999984741211,26.850000381469727,26.25,26.3799991607666,1.0385916190583302,0.005279011584913189,0.650646575769225
2025-01-07,KTOS,Industrials,29.8799991607666,30.389999389648438,28.360000610351562,28.610000610351562,1.1129040032173623,0.011852301591018086,0.7100376360354617
2025-01-13,KTOS,Industrials,29.700000762939453,31.190000534057617,29.3700008392334,30.889999389648438,1.2358746335689232,0.011235952137435083,0.535535013401625
2025-01-17,KTOS,Industrials,33.84000015258789,34.529998779296875,33.20000076293945,33.619998931884766,1.3754021894700224,0.006843187684010051,0.5566970788546501
2025-02-05,KTOS,Industrials,34.599998474121094,34.779998779296875,34.15999984741211,34.279998779296875,1.3124143311581997,0.006398993576817826,0.5881286349849785
2025-02-21,KTOS,Industrials,27.030000686645508,27.219999313354492,25.190000534057617,25.290000915527344,1.3480989841998265,0.04001542611335698,0.8181661027805479
2025-02-24,KTOS,Industrials,25.559999465942383,25.559999465942383,23.899999618530273,24.389999389648438,1.3968061124210445,0.010676098878638933,0.6182783242007514
2025-02-25,KTOS,Industrials,24.559999465942383,25.219999313354492,24.329999923706055,25.110000610351562,1.4156056649204063,0.006970073003203783,0.536717964984493
2025-03-03,KTOS,Industrials,26.770000457763672,26.799999237060547,25.899999618530273,26.010000228881836,1.365722672041277,0.014399434517012191,0.6989484587989593
2025-03-10,KTOS,Industrials,27.670000076293945,30.049999237060547,27.399999618530273,29.18000030517578,1.373732217926271,0.013924483254611814,0.6004600507659166
2025-03-12,KTOS,Industrials,29.479999542236328,30.010000228881836,29.1299991607666,29.600000381469727,1.4739832643118662,0.014452859050674631,0.6943795081637296
2025-03-24,KTOS,Industrials,30.969999313354492,32.59000015258789,30.950000762939453,32.529998779296875,1.4095624543277299,0.005193114254642376,0.5488554732378421
2025-04-08,KTOS,Industrials,29.43000030517578,30.84000015258789,28.270000457763672,28.920000076293945,1.731161108213394,0.04213882945121919,0.9304722758247409
2025-04-14,KTOS,Industrials,33.599998474121094,33.599998474121094,32.36000061035156,32.9900016784668,1.9284938637953273,0.010830227962578785,0.6235318792678014
2025-04-17,KTOS,Industrials,33.470001220703125,33.939998626708984,32.88999938964844,33.09000015258789,1.742113973463777,0.006011444550274488,0.7864667203271039
2025-04-23,KTOS,Industrials,33.15999984741211,33.849998474121094,32.47999954223633,32.959999084472656,1.6359820141179715,0.03237860990384279,0.6722437567562611
2025-05-01,KTOS,Industrials,34.38999938964844,35.15999984741211,33.599998474121094,34.93000030517578,1.528272396309327,0.018058041219510653,0.5355628990653923
2025-05-08,KTOS,Industrials,36.599998474121094,36.75,33.459999084472656,34.220001220703125,1.48594431928491,0.014974960628538526,0.5842742386254106
2025-05-12,KTOS,Industrials,34.43000030517578,34.66999816894531,32.849998474121094,33.93000030517578,1.5737480340734087,0.024397491220862003,0.833728811382211
2025-05-29,KTOS,Industrials,37.529998779296875,37.84000015258789,36.04999923706055,36.43000030517578,1.532680504529724,0.005357539202578094,0.7895631216311647
2025-06-02,KTOS,Industrials,37.70000076293945,38.56999969482422,37.29999923706055,38.040000915527344,1.5338417499372008,0.021957207554693183,0.5648990456108686
2025-06-05,KTOS,Industrials,40.66999816894531,40.939998626708984,39.959999084472656,40.36000061035156,1.5517528766030073,0.014214456770916671,0.5139706019767386
2025-06-06,KTOS,Industrials,40.93000030517578,41.470001220703125,40.15999984741211,40.470001220703125,1.5109133527196732,0.0141228861794919,0.5340444324597403
2025-06-13,KTOS,Industrials,41.650001525878906,42.72999954223633,40.77000045776367,41.7599983215332,1.5662605364850541,0.009941799969086524,0.5436322361279176
2025-06-20,KTOS,Industrials,42.459999084472656,43.7400016784668,40.83000183105469,43.11000061035156,1.717752482592418,0.007115731455083523,0.526191670436503
2025-06-30,KTOS,Industrials,46.38999938964844,47.09000015258789,45.40999984741211,46.45000076293945,2.37642277870195,0.011998238115832484,0.503572420812155
2025-07-07,KTOS,Industrials,45.41999816894531,46.25,43.880001068115234,44.779998779296875,2.307056631261252,0.01701742776824578,0.782317908697185
2025-07-21,KTOS,Industrials,60.0099983215332,61.43000030517578,58.4900016784668,58.779998779296875,2.854325812898357,0.015054117146954827,0.583353687245325
2025-07-28,KTOS,Industrials,61.189998626708984,61.290000915527344,57.349998474121094,59.36000061035156,2.9867808230511956,0.02375770717868324,0.7031237935509198
2025-07-29,KTOS,Industrials,60.599998474121094,60.72999954223633,56.619998931884766,57.09000015258789,3.0548680815051283,0.020889451668120312,0.6971513209040385
2025-08-05,KTOS,Industrials,61.09000015258789,62.79999923706055,57.900001525878906,59.400001525878906,3.04870194581478,0.026722691640132617,0.5921121846307248
2025-08-08,KTOS,Industrials,60.06999969482422,66.12999725341797,60.04999923706055,63.880001068115234,3.057900051438666,0.01675690306511045,0.5727612414081164
2025-08-11,KTOS,Industrials,65.94999694824219,68.68000030517578,64.58999633789062,65.41000366210938,3.343049720790424,0.03240444341758412,0.5419542433606709
2025-08-14,KTOS,Industrials,70.19999694824219,72.69999694824219,68.75,69.12000274658203,3.7163415176696417,0.021090864701704546,0.5126674679002224
2025-09-05,KTOS,Industrials,64.5,65.29000091552734,61.400001525878906,64.80999755859375,3.2185797013394044,0.014310423733739771,0.5983574661178557
2025-09-10,KTOS,Industrials,65.3499984741211,66.75,64.19000244140625,65.66000366210938,3.148647797461826,0.012236693702014936,0.5178614686889199
2025-09-11,KTOS,Industrials,66.08999633789062,69.13999938964844,65.5999984741211,67.66999816894531,3.106601351828392,0.006548776299100136,0.5044213593024397
2025-09-24,KTOS,Industrials,84.37000274658203,85.0,80.8499984741211,81.18000030517578,3.5525671457929686,0.00560192147980061,0.5535700564910087
2025-09-26,KTOS,Industrials,85.0,86.83999633789062,84.43000030517578,86.27999877929688,3.76772342128133,0.00950122423697444,0.5128372455940025
2025-09-29,KTOS,Industrials,88.94999694824219,89.66999816894531,87.80000305175781,88.08000183105469,3.6871717047361234,0.03094573721280564,0.5010469205230712
2025-10-02,KTOS,Industrials,95.0,96.4000015258789,92.52999877929688,95.02999877929688,3.76160575042016,0.021944932612075405,0.5513029311479705
2025-10-03,KTOS,Industrials,95.69000244140625,98.12000274658203,93.86000061035156,96.19000244140625,3.769348393003151,0.006945213833393867,0.5215268898428806
2025-10-06,KTOS,Industrials,98.3499984741211,103.0,98.0199966430664,100.25,3.8043950889479596,0.022455514896473742,0.5094151592992275
2025-10-07,KTOS,Industrials,101.1500015258789,104.70999908447266,100.0,103.69000244140625,4.019080979636945,0.008977571330462905,0.607689615007627
2025-10-09,KTOS,Industrials,107.63999938964844,112.56999969482422,96.80000305175781,98.55000305175781,4.092829684259163,0.01864295689258445,0.5709285363017587
2025-10-15,KTOS,Industrials,97.94999694824219,98.48999786376953,89.16000366210938,90.58000183105469,5.451631912120343,0.027806860562692246,0.5696136617170909
2025-10-16,KTOS,Industrials,91.98999786376953,92.58999633789062,88.48999786376953,88.62000274658203,5.728657789944615,0.015566306074321992,0.6631499777958227
2025-10-20,KTOS,Industrials,87.27999877929688,88.72000122070312,85.19999694824219,86.6500015258789,5.705016315988496,0.05004807381200317,0.736345856885005
2025-10-27,KTOS,Industrials,93.06999969482422,94.5999984741211,88.26000213623047,90.68000030517578,5.802962235389157,0.020728223111676748,0.6944916677769554
2025-10-31,KTOS,Industrials,89.5,92.1500015258789,87.91000366210938,90.5999984741211,5.344578520582512,0.013589998944154044,0.5955429209753405
2025-11-06,KTOS,Industrials,77.94999694824219,79.47000122070312,70.2699966430664,72.41000366210938,5.790994677344223,0.006975755853078822,0.6774626957305937
2025-11-10,KTOS,Industrials,81.43000030517578,82.0,77.05000305175781,79.18000030517578,6.296316924774701,0.04558298891827466,0.6400233028922362
2025-11-20,KTOS,Industrials,74.4800033569336,74.4800033569336,66.91000366210938,67.30999755859375,5.220425836558954,0.05391262610308827,0.8844672081226832
2025-11-26,KTOS,Industrials,75.80000305175781,77.16999816894531,75.30999755859375,75.7699966430664,5.197423474301044,0.009993337368457757,0.5114550497514614
2025-12-01,KTOS,Industrials,76.5999984741211,76.5999984741211,72.93000030517578,73.20999908447266,4.727777774825821,0.006570302365643703,0.8156330804938662
2025-12-08,KTOS,Industrials,77.58999633789062,78.06999969482422,75.1500015258789,77.02999877929688,4.517889001999207,0.014248318142361112,0.5114869533953798
2025-12-22,KTOS,Industrials,77.0,81.87000274658203,76.80999755859375,81.52999877929688,4.154146441198877,0.021355625724711527,0.5084716086048601
2025-12-30,KTOS,Industrials,78.19000244140625,78.19000244140625,75.80000305175781,75.9800033569336,4.00611720156597,0.00929393583784676,0.593497596175381
2025-12-31,KTOS,Industrials,76.80000305175781,76.97000122070312,74.87999725341797,75.91000366210938,3.8906802150004323,0.010792309273429234,0.5136899108513737
2026-01-02,KTOS,Industrials,76.55000305175781,79.7300033569336,74.33000183105469,79.29000091552734,3.7620604830207696,0.008431028306851399,0.5097961607347172
2026-01-05,KTOS,Industrials,84.91000366210938,90.11000061035156,82.12999725341797,89.93000030517578,3.879056271796351,0.07087908540408992,0.5139519955006422
2026-01-08,KTOS,Industrials,99.52999877929688,109.80000305175781,98.7699966430664,104.04000091552734,4.469273481158238,0.08847327342400943,0.5767915322198233
2026-01-12,KTOS,Industrials,116.8499984741211,119.62999725341797,114.5,117.86000061035156,5.886363115858777,0.02770449965194661,0.7271275172877515
2026-01-13,KTOS,Industrials,118.91000366210938,121.56999969482422,117.19999694824219,119.72000122070312,5.8894800579528495,0.008908900783304353,0.5556247069118081
2024-01-18,LRCX,Technology,76.11162549820328,77.3368280570826,75.70748056187088,77.06805419921875,1.7868354709639669,0.030548482208708344,0.5119475066820062
2024-01-24,LRCX,Technology,83.38044345225057,84.22797957960523,82.24843197268146,83.199951171875,2.003377161510889,0.023615475051330184,0.6888952143513897
2024-01-25,LRCX,Technology,86.02899142995048,88.29400216767631,84.82243161711739,84.91071319580078,2.058220022220195,0.034002907672760894,0.7046180983722338
2024-03-06,LRCX,Technology,95.80707278305074,97.09898051586694,95.37251274721538,96.31520080566406,2.5533416688250132,0.014100328015300539,0.5372831684929155
2024-03-07,LRCX,Technology,97.01657527369024,98.81955213835901,96.90278813222487,97.56198120117188,2.5583912244451956,0.007282074502874603,0.5179310085637733
2024-03-18,LRCX,Technology,90.6782252075558,91.91098493800882,90.43836338210866,90.96036529541016,2.610388743994368,0.013537251060599125,0.5168151980142174
2024-03-21,LRCX,Technology,96.64440398452437,98.72848909262196,95.94643388939218,96.5923080444336,2.581816854307845,0.03584524446961779,0.5005062045266676
2024-04-04,LRCX,Technology,97.57732514216302,98.48664899834657,92.80064672312722,93.55072021484375,2.481215498727487,0.014534503791882605,0.5191529487624212
2024-04-15,LRCX,Technology,95.93463457719632,96.46057405920392,92.16067903766638,93.01396942138672,2.585933540784578,0.019685573661002032,0.5238571988215123
2024-04-19,LRCX,Technology,87.97776935443079,88.44373774585844,84.73465845061847,85.55059814453125,2.8314812159812086,0.00677241026197585,0.5612318072370841
2024-04-24,LRCX,Technology,89.19676694522013,90.03432960495158,86.73223733768356,86.98979949951172,2.815025333183137,0.022447160209692413,0.632340209949798
2024-04-25,LRCX,Technology,89.39239950064348,89.7010826102469,87.15495884032099,88.61972045898438,2.849815828474915,0.02761933025429315,0.5298238529285656
2024-05-23,LRCX,Technology,97.44264075723777,97.58419829697799,93.63132737694603,94.18970489501953,2.6659352908466563,0.026351961313372627,0.6130682187920581
2024-06-03,LRCX,Technology,93.09262696965355,93.6254441393607,89.58409329585507,91.97784423828125,2.7065510681390053,0.015582922777746358,0.5115242415478646
2024-07-18,LRCX,Technology,96.93147268656534,96.93147268656534,92.12321524935724,93.82117462158203,3.559569066211058,0.017051153139981248,0.5477787881124156
2024-07-19,LRCX,Technology,94.50469171472596,95.23941861416314,90.16721137479594,90.32577514648438,3.6487610927108465,0.007285318009509355,0.555903089419674
2024-07-26,LRCX,Technology,89.43837936709667,89.49353328785065,87.56116983787038,88.11270904541016,3.862156063903785,0.02712301892634202,0.6292570241671145
2024-07-29,LRCX,Technology,89.5457393282073,91.72630306197021,87.73353467615019,87.88619232177734,3.7589259283932934,0.016263604857031634,0.5772850538797364
2024-07-30,LRCX,Technology,88.64061282192728,89.13995866784643,84.06183067797478,84.19479370117188,3.775628961066632,0.008584061730513674,0.5597098124468909
2024-08-07,LRCX,Technology,78.59369762637242,79.11273058087744,73.21320728305292,73.67512512207031,4.774499863793727,0.03612194437180273,0.5146919462615563
2024-08-30,LRCX,Technology,81.11503005609075,81.13275595536487,79.09106899327446,80.86092376708984,3.612649476380438,0.03294786128922225,0.5127421428352548
2024-09-09,LRCX,Technology,73.16691872689033,73.29199939982325,71.20796272575143,72.3218765258789,3.473451908540495,0.012346054446667141,0.5727006694904136
2024-09-10,LRCX,Technology,72.73849604426086,72.90691840806917,70.5796104850833,72.05104064941406,3.3742079632213047,0.005760629264547234,0.5424778611605612
2024-09-13,LRCX,Technology,74.43744478943177,76.08812516229413,74.26114759306941,75.80940246582031,3.314253572932361,0.010711691388921212,0.5084968015765483
2024-09-19,LRCX,Technology,78.61640073881291,79.09552867880609,77.36276176780446,77.95154571533203,3.076285442634336,0.05282650606635386,0.5021718299167425
2024-10-16,LRCX,Technology,76.21581885595023,76.56157931966875,72.97553644679469,73.24226379394531,3.324086318441164,0.010345704222032683,0.5160449406948541
2024-10-17,LRCX,Technology,75.53418652539528,75.67249073854946,72.14571822908944,72.25438690185547,3.3427975009006565,0.031292352430529836,0.5365803482316224
2024-10-18,LRCX,Technology,73.33119937791,73.33119937791,71.57274593662352,71.95802307128906,3.3559385729406106,0.01490307401704457,0.5119591367894181
2024-10-24,LRCX,Technology,75.25756810589382,76.54182995695194,73.54851264597924,75.6428451538086,2.9221658573708593,0.04556673926111677,0.5213822783272201
2024-12-23,LRCX,Technology,71.69343352863866,73.31855017975822,71.34661123605076,73.13027954101562,2.960631083184351,0.007800583087735152,0.5160707809287356
2025-01-02,LRCX,Technology,72.05015445058746,73.24917277020042,71.08895600953504,71.78260803222656,2.45485283659923,0.006645356180000466,0.5373434677797585
2025-01-03,LRCX,Technology,72.51589717932168,74.59683832158794,72.30780382111088,74.42838287353516,2.4338074026039553,0.010215415226567322,0.5365224862277628
2025-01-07,LRCX,Technology,78.14435667237143,79.4127396342712,76.19223294875806,76.81651306152344,2.6419296743306813,0.01128489317750911,0.5093058945793729
2025-01-14,LRCX,Technology,74.3590147820245,74.44819440539725,72.92216895970282,74.37882995605469,2.567223006434766,0.007924687389651087,0.5267994655743031
2025-01-17,LRCX,Technology,80.67121653534089,81.0675805297467,78.87763695197265,79.5712890625,2.7675129807611563,0.027644626902506724,0.5104348792112996
2025-02-26,LRCX,Technology,80.94867025006462,82.17741520275405,79.91810728452704,80.56221008300781,3.165889433696098,0.017436846369547683,0.561508388354834
2025-03-03,LRCX,Technology,77.23270218998624,79.02627414313784,73.87346681554827,75.09230041503906,3.2976920353948294,0.015637287904847422,0.6178271271852903
2025-03-12,LRCX,Technology,74.85178965445682,77.18749763811708,74.71264206176751,76.1240005493164,3.6788247164160297,0.026581293463341996,0.5392633595784544
2025-04-08,LRCX,Technology,64.25664540229045,65.70776127614042,58.38260432634806,59.88341522216797,3.981146342470574,0.03938900061631087,0.9202379632501647
2025-04-14,LRCX,Technology,68.22237370678957,68.9379942310456,66.5029037754842,67.4471206665039,4.867076646926221,0.017190339319998933,0.5312052702999978
2025-04-23,LRCX,Technology,66.40350498989827,67.59620837069266,65.93636340114358,66.3239974975586,4.045596774168528,0.052457413228191134,0.5595340312179626
2025-05-01,LRCX,Technology,71.74083047245158,73.08261505627686,70.9655774943736,71.29357147216797,3.6118233822273167,0.007115854423521305,0.5194831254016451
2025-05-08,LRCX,Technology,75.63697825980579,75.95503095948875,74.36476746107391,74.44428253173828,3.1448677278012127,0.013855533133395893,0.5000330201989867
2025-05-29,LRCX,Technology,85.32765381808859,85.73516285904871,83.10128496928074,83.64794158935547,2.6387276335825423,0.02202375416640886,0.5284550116590919
2025-06-06,LRCX,Technology,85.73516670919975,87.04713507332194,85.33759892974385,85.82461547851562,2.557565123860862,0.01589911151344416,0.5232335670280043
2025-07-28,LRCX,Technology,98.62257083017688,99.17058013163845,97.56639348942913,98.26387023925781,2.412658046045437,0.020833354696585194,0.5051677963771506
2025-07-29,LRCX,Technology,99.03108984929537,99.8580944414175,97.67600036880535,98.58271789550781,2.423233674927081,0.007807748750069505,0.7452374845331896
2025-07-30,LRCX,Technology,99.16061762586885,100.28654192128272,97.59628739413104,98.73217010498047,2.4060094176188724,0.005862079507420166,0.5077960731840893
2025-08-04,LRCX,Technology,97.07816208599507,98.45317590746605,96.29101401368234,98.05462646484375,2.9288894075059035,0.010999214665068553,0.5442308857040952
2025-09-16,LRCX,Technology,119.54673710902661,120.5331599382248,118.24146255128218,120.03496551513672,3.2663022913380035,0.006459185840121312,0.5044705396436752
2025-09-18,LRCX,Technology,126.09301861751881,128.23524867583086,124.58846924664026,125.86384582519531,3.2366658803369925,0.038146036379155326,0.5157842162405527
2025-09-22,LRCX,Technology,129.3312831781452,132.15106560958984,128.69359488576933,131.7226104736328,3.4394680894190497,0.022691503722242646,0.5562500855014302
2025-10-02,LRCX,Technology,146.728441692449,147.1078220001818,143.47380530447163,146.7484130859375,4.244233143989073,0.029273860065389044,0.5410737231576405
2025-10-06,LRCX,Technology,149.65361346739465,153.44737071247764,148.87489671906346,148.90484619140625,4.19756130779641,0.02805015338408219,0.611554721274613
2025-10-13,LRCX,Technology,137.86303467324433,138.6717009377608,136.35552195999205,137.58349609375,5.122856720786227,0.0511532028202507,0.5018680835253737
2025-10-24,LRCX,Technology,149.6636146837047,152.95819391876722,147.75675026407123,151.43069458007812,5.884990079353318,0.016063504564223834,0.502788315152844
2025-10-27,LRCX,Technology,155.8833749461289,157.98990765757836,155.48403846101573,156.64212036132812,5.8689688814292,0.029404080714271225,0.5063485208277287
2025-11-03,LRCX,Technology,159.72704534918736,161.9733472411579,158.73866703258486,160.97499084472656,5.866710747058539,0.016067580388484933,0.5526157351505232
2025-11-19,LRCX,Technology,146.5287729098994,150.15279627843742,145.27083409790086,148.55543518066406,6.650542018344243,0.024643933302144573,0.5442367452806094
2025-11-20,LRCX,Technology,153.2077787096926,154.1162714493302,138.072692141938,139.36056518554688,6.6860903485852745,0.031317221906897216,0.5453993638792035
2025-11-24,LRCX,Technology,145.36070055810933,152.3092526966946,144.19261014335382,150.13284301757812,7.464545011669535,0.020680141198722878,0.5369412616893445
2025-12-15,LRCX,Technology,163.39999389648438,166.8699951171875,162.16000366210938,164.3000030517578,6.741727350985484,0.01794162439178014,0.5134901447749445
2025-12-19,LRCX,Technology,166.0800018310547,173.5800018310547,166.0800018310547,172.27000427246094,7.3829814414304336,0.008378900475913024,0.5092188903411548
2025-12-22,LRCX,Technology,175.67999267578125,175.9600067138672,171.49000549316406,175.25999450683594,7.489911687243438,0.019794440812383685,0.521001087122554
2025-12-26,LRCX,Technology,178.42999267578125,179.8000030517578,177.8000030517578,178.07000732421875,6.610052473443054,0.006203072426371159,0.5596190683334881
2026-01-02,LRCX,Technology,177.85000610351562,185.77999877929688,177.5,185.05999755859375,5.878008311004533,0.038964912449596434,0.5161315893780956
2026-01-06,LRCX,Technology,197.7899932861328,210.4499969482422,197.14999389648438,206.9600067138672,6.986650646071829,0.015557603536441485,0.5099014690284718
2024-01-02,LTBR,Industrials,3.259999990463257,3.390000104904175,3.240000009536743,3.3399999141693115,0.25678106851878046,0.015576308947693192,0.6813552442562222
2024-01-03,LTBR,Industrials,3.359999895095825,3.359999895095825,3.180000066757202,3.240000009536743,0.25129671125009634,0.005988018395350124,0.7032901229926048
2024-01-10,LTBR,Industrials,3.4000000953674316,3.5899999141693115,3.4000000953674316,3.5199999809265137,0.21864703752606532,0.01796412656886032,0.5714628665428972
2024-01-16,LTBR,Industrials,3.5999999046325684,3.640000104904175,3.430000066757202,3.5,0.22311133481253217,0.008403353487606407,0.6268494877214684
2024-01-18,LTBR,Industrials,3.3299999237060547,3.369999885559082,3.059999942779541,3.0899999141693115,0.22701946706719883,0.015243888034272962,0.6781529911913267
2024-01-25,LTBR,Industrials,3.190000057220459,3.190000057220459,3.0899999141693115,3.0999999046325684,0.22768610603755804,0.022435953278515396,0.71858165566636
2024-01-26,LTBR,Industrials,3.140000104904175,3.1700000762939453,3.049999952316284,3.049999952316284,0.2185656801099573,0.012903290807148434,0.6059027883626006
2024-02-02,LTBR,Industrials,3.25,3.25,3.0199999809265137,3.130000114440918,0.2011910233998109,0.028480984723028163,0.5631760216402666
2024-02-05,LTBR,Industrials,3.1500000953674316,3.2200000286102295,2.9800000190734863,3.0399999618530273,0.20324880880507343,0.006389770030435311,0.6272892867678987
2024-02-22,LTBR,Industrials,2.9800000190734863,2.990000009536743,2.8399999141693115,2.8499999046325684,0.17787244090859405,0.02405495916774713,0.6279911733354933
2024-02-23,LTBR,Industrials,3.0,3.0,2.8299999237060547,2.880000114440918,0.17588155908422531,0.05263161417079772,0.5389351753940258
2024-02-26,LTBR,Industrials,2.9100000858306885,3.009999990463257,2.880000114440918,2.9800000190734863,0.17546145317063389,0.010416656318638471,0.5104616255244201
2024-03-04,LTBR,Industrials,2.880000114440918,2.880000114440918,2.75,2.7899999618530273,0.1658004492378534,0.021276660503010796,0.5691786872377539
2024-03-19,LTBR,Industrials,3.2300000190734863,3.2799999713897705,3.0,3.0199999809265137,0.18059818236890876,0.009374990919605032,0.6548396727041214
2024-03-21,LTBR,Industrials,3.0999999046325684,3.140000104904175,2.9000000953674316,2.9600000381469727,0.18429127846536192,0.026490041129573552,0.809522847380081
2024-04-09,LTBR,Industrials,2.740000009536743,2.7699999809265137,2.690000057220459,2.7300000190734863,0.17617492740637244,0.007352934086817846,0.5908023300790596
2024-04-11,LTBR,Industrials,2.759999990463257,2.859999895095825,2.6600000858306885,2.799999952316284,0.16149775989167975,0.014705868173635691,0.6106563236198003
2024-04-12,LTBR,Industrials,2.8299999237060547,2.940000057220459,2.7699999809265137,2.809999942779541,0.16424790627549812,0.010714275678809638,0.7456961026129572
2024-04-17,LTBR,Industrials,2.630000114440918,2.640000104904175,2.5,2.5199999809265137,0.17427210954393263,0.011538542657211841,0.6276697485541589
2024-04-29,LTBR,Industrials,2.5899999141693115,2.740000009536743,2.569999933242798,2.680000066757202,0.15387555769149586,0.007782093947869452,0.5979307032147649
2024-05-03,LTBR,Industrials,2.5899999141693115,2.6500000953674316,2.509999990463257,2.559999942779541,0.16264031615838065,0.01568625984353196,0.510268663635532
2024-05-15,LTBR,Industrials,2.430000066757202,2.4600000381469727,2.299999952316284,2.359999895095825,0.15568825249465315,0.025316533373572758,0.572564433624355
2024-05-31,LTBR,Industrials,2.809999942779541,2.809999942779541,2.6700000762939453,2.700000047683716,0.20504129681049654,0.018115924814873587,0.5278563766220817
2024-06-03,LTBR,Industrials,2.7200000286102295,2.7899999618530273,2.6600000858306885,2.690000057220459,0.20039548035871793,0.007407400212333817,0.5333072135713928
2024-06-07,LTBR,Industrials,2.440000057220459,2.440000057220459,2.2100000381469727,2.430000066757202,0.20078050762982744,0.016666650109821553,0.6169488707137989
2024-06-12,LTBR,Industrials,2.4600000381469727,2.7300000190734863,2.4000000953674316,2.549999952316284,0.19670729285631283,0.012345666899427295,0.7283801790065928
2024-06-14,LTBR,Industrials,2.440000057220459,2.5,2.3499999046325684,2.450000047683716,0.20578332739014085,0.008264454667762735,0.620121201073948
2024-06-17,LTBR,Industrials,2.4700000286102295,2.5399999618530273,2.4000000953674316,2.450000047683716,0.2017988108170902,0.008163257362146624,0.5815430606824971
2024-06-18,LTBR,Industrials,2.4800000190734863,2.640000104904175,2.450000047683716,2.490000009536743,0.19738460050769774,0.012244886043219935,0.6565803030299519
2024-06-27,LTBR,Industrials,4.199999809265137,4.449999809265137,3.240000009536743,3.640000104904175,0.3122406460206165,0.04218352124226604,0.8061165088448723
2024-07-02,LTBR,Industrials,4.059999942779541,4.099999904632568,3.5,3.609999895095825,0.4025301500308082,0.03307884829875,0.7363289319068429
2024-07-08,LTBR,Industrials,4.010000228881836,4.650000095367432,3.690000057220459,4.079999923706055,0.40939459639226533,0.030848360087799325,0.7124288408265559
2024-07-10,LTBR,Industrials,4.059999942779541,4.21999979019165,3.619999885559082,3.740000009536743,0.4395289949680743,0.017543842876061838,0.8272812662842765
2024-07-11,LTBR,Industrials,3.7699999809265137,3.8499999046325684,3.619999885559082,3.7300000190734863,0.45099120280125243,0.008021382704083594,0.7762661403541606
2024-07-15,LTBR,Industrials,4.039999961853027,4.349999904632568,3.799999952316284,3.9100000858306885,0.43840568259385615,0.009999990463256836,0.5340166866011232
2024-07-17,LTBR,Industrials,4.190000057220459,4.199999809265137,3.549999952316284,3.6600000858306885,0.4330640625872392,0.02195125723934772,0.9249412395387487
2024-07-18,LTBR,Industrials,3.690000057220459,3.8299999237060547,3.259999990463257,3.3299999237060547,0.44855947647021155,0.00819671330225163,0.5443637522432797
2024-07-26,LTBR,Industrials,3.069999933242798,3.2300000190734863,3.009999990463257,3.0899999141693115,0.3984476301064581,0.01655627570598347,0.5747200956710291
2024-07-29,LTBR,Industrials,3.1500000953674316,3.4100000858306885,3.0299999713897705,3.0799999237060547,0.3857013728567275,0.019417534907683012,0.6144716560922335
2024-08-16,LTBR,Industrials,2.5799999237060547,2.690000057220459,2.5199999809265137,2.609999895095825,0.2832712354276873,0.01176469488264897,0.5421991213948307
2024-08-26,LTBR,Industrials,2.7100000381469727,2.859999895095825,2.700000047683716,2.740000009536743,0.2432820894097292,0.014981258692901877,0.5098749864253731
2024-08-30,LTBR,Industrials,2.5799999237060547,2.609999895095825,2.4700000286102295,2.490000009536743,0.23098368105245953,0.0157480167140813,0.7303434549346076
2024-09-10,LTBR,Industrials,2.440000057220459,2.5799999237060547,2.3499999046325684,2.5299999713897705,0.20091028809715436,0.008264454667762735,0.621282807523159
2024-09-16,LTBR,Industrials,2.630000114440918,2.630000114440918,2.4200000762939453,2.490000009536743,0.19626635017013133,0.011538542657211841,0.6007388686717862
2024-09-19,LTBR,Industrials,2.4200000762939453,2.509999990463257,2.390000104904175,2.4800000190734863,0.19364692522485558,0.025423806722535417,0.6912517191872458
2024-09-26,LTBR,Industrials,2.9000000953674316,3.0399999618530273,2.7100000381469727,2.799999952316284,0.21989087686773404,0.006944437545758981,0.739783393538883
2024-10-09,LTBR,Industrials,3.2300000190734863,3.2300000190734863,2.9200000762939453,2.9700000286102295,0.2720729077924794,0.06250001960679129,0.5446236103291278
2024-10-17,LTBR,Industrials,5.039999961853027,5.380000114440918,4.349999904632568,4.449999809265137,0.4297956829947596,0.034907614022341826,0.8012132131482693
2024-10-21,LTBR,Industrials,9.3100004196167,9.779999732971191,7.869999885559082,8.829999923706055,0.6431911990960438,0.3281027269098586,0.6712972226655575
2024-11-01,LTBR,Industrials,10.350000381469727,11.119999885559082,7.0,7.239999771118164,1.6154327879269943,0.06481482480797249,0.8886596938339838
2024-11-13,LTBR,Industrials,8.75,9.199999809265137,7.300000190734863,7.360000133514404,1.5747218890997075,0.035502981953434286,0.7932821822560022
2024-11-14,LTBR,Industrials,7.409999847412109,7.760000228881836,7.289999961853027,7.329999923706055,1.5979560126304622,0.006793439265038462,0.672325085667892
2024-11-18,LTBR,Industrials,6.550000190734863,6.989999771118164,6.460000038146973,6.610000133514404,1.4818600476474175,0.010802495594959213,0.5118293108964252
2024-11-22,LTBR,Industrials,6.920000076293945,7.289999961853027,6.099999904632568,6.300000190734863,1.2963346804552676,0.01615273633460665,0.5567628819770308
2024-11-25,LTBR,Industrials,6.389999866485596,6.630000114440918,6.059999942779541,6.269999980926514,1.28873935022421,0.014285662385072787,0.5711587594968696
2024-11-26,LTBR,Industrials,6.329999923706055,6.340000152587891,5.699999809265137,5.789999961853027,1.2374008374697218,0.009569368893470853,0.5361184681168727
2024-12-02,LTBR,Industrials,6.650000095367432,6.78000020980835,5.699999809265137,5.710000038146973,1.1418839938959577,0.016819592378596458,0.644954344289436
2024-12-04,LTBR,Industrials,6.010000228881836,6.039999961853027,5.599999904632568,5.820000171661377,1.1176448743314291,0.01864409012480768,0.5743618575498295
2024-12-09,LTBR,Industrials,5.940000057220459,6.190000057220459,5.429999828338623,5.489999771118164,0.9980195978181546,0.011925072065773961,0.680555707435804
2024-12-17,LTBR,Industrials,4.71999979019165,4.800000190734863,4.429999828338623,4.760000228881836,0.8156641491574549,0.012875524623216773,0.6073950296519408
2024-12-18,LTBR,Industrials,4.900000095367432,5.5,4.460000038146973,4.489999771118164,0.7838310215316538,0.029411735242391542,0.8059625960015568
2024-12-19,LTBR,Industrials,4.599999904632568,4.849999904632568,4.480000019073486,4.53000020980835,0.8021288029831806,0.024498917399056012,0.7540875491056307
2024-12-27,LTBR,Industrials,5.739999771118164,5.739999771118164,5.050000190734863,5.309999942779541,0.7281489089008116,0.01773047996451114,0.7886395378013563
2025-01-06,LTBR,Industrials,6.949999809265137,7.110000133514404,6.119999885559082,6.369999885559082,0.7648467507300747,0.05303028934695922,0.6758017573542502
2025-01-14,LTBR,Industrials,5.349999904632568,5.489999771118164,5.010000228881836,5.070000171661377,0.7868017711937828,0.030828486637396766,0.5360034878753804
2025-01-17,LTBR,Industrials,5.539999961853027,6.090000152587891,5.5,5.690000057220459,0.7191120231487829,0.010948894629691135,0.5877301497947468
2025-01-31,LTBR,Industrials,8.9399995803833,9.960000038146973,8.399999618530273,9.050000190734863,1.2252081601051656,0.02054787063909024,0.5034936973655587
2025-02-04,LTBR,Industrials,9.380000114440918,9.819999694824219,8.699999809265137,9.579999923706055,1.2634703155229694,0.008602142157561965,0.5037159369892681
2025-02-05,LTBR,Industrials,9.75,10.479999542236328,9.15999984741211,9.470000267028809,1.253222427668406,0.017745310819186334,0.7669937286079545
2025-02-06,LTBR,Industrials,9.6899995803833,9.890000343322754,8.550000190734863,8.960000038146973,1.25799223246525,0.023231183437285845,0.55545494972552
2025-02-14,LTBR,Industrials,15.300000190734863,16.899999618530273,13.380000114440918,13.5600004196167,1.690546339839519,0.007241646701137484,0.7262081735265474
2025-02-18,LTBR,Industrials,14.430000305175781,15.579999923706055,12.829999923706055,13.479999542236328,1.8212215658573647,0.06415928161038172,0.8328389821736686
2025-02-19,LTBR,Industrials,13.550000190734863,14.380000114440918,12.649999618530273,12.970000267028809,1.8875628825818387,0.005192926622824059,0.5787431969072819
2025-02-21,LTBR,Industrials,12.850000381469727,13.729999542236328,11.260000228881836,11.319999694824219,1.825143527892544,0.03047314405001689,0.822348884052952
2025-02-26,LTBR,Industrials,10.010000228881836,10.4399995803833,9.520000457763672,9.859999656677246,1.8098141440455089,0.09279480301627618,0.825610694630313
2025-02-27,LTBR,Industrials,10.350000381469727,12.100000381469727,9.699999809265137,9.989999771118164,1.7719702575402005,0.04969581560387269,0.8487006855713695
2025-03-03,LTBR,Industrials,11.550000190734863,11.859999656677246,9.539999961853027,9.569999694824219,1.8520559871742193,0.06451610918471835,0.8445731721863124
2025-03-07,LTBR,Industrials,9.319999694824219,9.619999885559082,8.699999809265137,9.300000190734863,1.7837174417622106,0.01635764637756642,0.5961971135384484
2025-03-12,LTBR,Industrials,8.859999656677246,9.130000114440918,8.390000343322754,8.630000114440918,1.6514384974434195,0.06875750270773333,0.7800738173861659
2025-03-26,LTBR,Industrials,8.510000228881836,8.739999771118164,7.800000190734863,7.980000019073486,1.244575671642703,0.008293916111232329,0.7083536201811874
2025-03-27,LTBR,Industrials,8.100000381469727,8.100000381469727,7.659999847412109,7.730000019073486,1.2228202365527456,0.01503763936208271,0.6644627894466
2025-04-08,LTBR,Industrials,7.480000019073486,7.550000190734863,6.550000190734863,6.730000019073486,1.1099697221886775,0.07010018082975399,0.982844303315064
2025-04-14,LTBR,Industrials,8.300000190734863,8.4399995803833,7.570000171661377,7.599999904632568,1.0688142113809511,0.031055899885286606,0.6404431166444883
2025-04-17,LTBR,Industrials,7.420000076293945,7.650000095367432,7.300000190734863,7.5,0.9881613167093528,0.02203854578070063,0.7626564707793444
2025-04-23,LTBR,Industrials,8.350000381469727,8.609999656677246,8.229999542236328,8.34000015258789,0.9204520354128887,0.048995017770570644,0.7685833789206452
2025-05-01,LTBR,Industrials,9.130000114440918,9.529999732971191,8.9399995803833,9.34000015258789,0.7944400800303423,0.018973222719885524,0.5099506729634906
2025-05-08,LTBR,Industrials,9.65999984741211,9.920000076293945,9.390000343322754,9.710000038146973,0.7414389751795746,0.03315502174275355,0.544971059983143
2025-05-09,LTBR,Industrials,9.8100004196167,10.050000190734863,9.420000076293945,9.539999961853027,0.7291933122970492,0.010298700419862236,0.6134823415154061
2025-05-12,LTBR,Industrials,10.149999618530273,11.079999923706055,9.550000190734863,10.930000305175781,0.7221080838787541,0.06394126405832408,0.6729180089454136
2025-05-20,LTBR,Industrials,10.329999923706055,10.449999809265137,9.890000343322754,10.010000228881836,0.8662441900098302,0.006822582189342457,0.6110847681552256
2025-05-29,LTBR,Industrials,17.049999237060547,17.139999389648438,14.220000267028809,14.949999809265137,1.2520085038533904,0.01973683835276711,0.8736395098763126
2025-06-03,LTBR,Industrials,15.729999542236328,16.440000534057617,14.069999694824219,14.819999694824219,1.4579820412079898,0.10696688951505225,0.6870738141878924
2025-06-05,LTBR,Industrials,15.699999809265137,16.739999771118164,14.350000381469727,14.6899995803833,1.535045833423424,0.005121634077604301,0.5886900730275885
2025-06-09,LTBR,Industrials,16.260000228881836,16.299999237060547,15.25,15.729999542236328,1.5935344070848068,0.03238096691313244,0.5601937109980692
2025-06-10,LTBR,Industrials,16.139999389648438,16.649999618530273,13.170000076293945,13.430000305175781,1.5547104663687883,0.026064835304745335,0.6564126259729632
2025-06-16,LTBR,Industrials,13.619999885559082,14.289999961853027,13.25,13.430000305175781,1.577387709796351,0.055813975838771374,0.5578697334068908
2025-06-17,LTBR,Industrials,13.600000381469727,13.869999885559082,12.930000305175781,13.029999732971191,1.56400289790538,0.012658233241322345,0.676668873974092
2025-06-20,LTBR,Industrials,13.220000267028809,13.460000038146973,12.760000228881836,13.329999923706055,1.4501861579657154,0.013026825579254829,0.6296742880755463
2025-06-26,LTBR,Industrials,14.069999694824219,14.09000015258789,13.350000381469727,13.5600004196167,1.3991374588056495,0.018826883946954715,0.5120795781386401
2025-06-27,LTBR,Industrials,13.979999542236328,14.100000381469727,12.899999618530273,13.300000190734863,1.3520561953994006,0.03097338566538931,0.59149012588535
2025-06-30,LTBR,Industrials,13.380000114440918,13.859999656677246,13.050000190734863,13.369999885559082,1.341195093080833,0.006015031771336723,0.5093477219361778
2025-07-08,LTBR,Industrials,13.140000343322754,13.289999961853027,11.800000190734863,12.119999885559082,1.1490462003078972,0.017027884344402795,0.7038939109277748
2025-07-09,LTBR,Industrials,12.25,12.25,11.649999618530273,12.119999885559082,1.173400026794345,0.01072608215085979,0.7161568897039787
2025-07-28,LTBR,Industrials,15.170000076293945,15.329999923706055,14.260000228881836,14.989999771118164,1.1873658453001315,0.02777776700909777,0.6086961697357081
2025-08-05,LTBR,Industrials,14.260000228881836,14.960000038146973,13.770000457763672,14.270000457763672,1.1748713671421607,0.005641743440361864,0.5913507570547988
2025-08-07,LTBR,Industrials,14.75,14.869999885559082,13.479999542236328,14.069999694824219,1.1426696059929862,0.006139164633332388,0.5402924100582093
2025-08-11,LTBR,Industrials,14.0,14.399999618530273,13.430000305175781,13.5,1.1495978116344703,0.016702943688476926,0.5021348726444157
2025-08-22,LTBR,Industrials,14.380000114440918,15.600000381469727,13.979999542236328,15.350000381469727,1.3482727972459967,0.011251747145398646,0.535874282883816
2025-09-03,LTBR,Industrials,15.260000228881836,15.34000015258789,14.329999923706055,14.489999771118164,1.2529839343202096,0.008592208424165085,0.626052321349604
2025-09-05,LTBR,Industrials,14.300000190734863,14.5,13.670000076293945,14.229999542236328,1.2137973407989786,0.012747897070443505,0.6589747627194095
2025-09-10,LTBR,Industrials,14.720000267028809,14.890000343322754,13.789999961853027,13.800000190734863,1.1396875606177879,0.019390629832558164,0.5370235207920174
2025-09-18,LTBR,Industrials,15.0600004196167,15.859999656677246,14.899999618530273,15.140000343322754,1.1170314007303885,0.01963439085071879,0.5169694259763506
2025-10-08,LTBR,Industrials,23.34000015258789,23.600000381469727,22.440000534057617,23.09000015258789,1.921197669233948,0.00820736661721292,0.51584779291952
2025-10-10,LTBR,Industrials,24.229999542236328,25.979999542236328,22.049999237060547,22.079999923706055,1.8991960538128296,0.017212420346974105,0.654848519580076
2025-10-16,LTBR,Industrials,27.770000457763672,31.34000015258789,26.020000457763672,26.40999984741211,2.445843639923445,0.019456706721688494,0.6874116747546687
2025-10-20,LTBR,Industrials,24.850000381469727,26.649999618530273,23.959999084472656,26.079999923706055,2.696773251501424,0.048965800813066715,0.5853195712911131
2025-10-27,LTBR,Industrials,26.0,26.09000015258789,23.350000381469727,23.790000915527344,2.7716368975181678,0.02645085188756357,0.686206230662395
2025-10-28,LTBR,Industrials,24.280000686645508,26.200000762939453,23.690000534057617,24.420000076293945,2.7693771027753105,0.02059687903577798,0.5592762487019612
2025-11-03,LTBR,Industrials,27.260000228881836,27.350000381469727,24.329999923706055,24.780000686645508,2.850859420056053,0.016026847051752988,0.6235273589647927
2025-11-05,LTBR,Industrials,23.09000015258789,23.670000076293945,22.40999984741211,23.190000534057617,2.8527309440318596,0.02032704413965636,0.6104397992282568
2025-11-10,LTBR,Industrials,20.309999465942383,20.989999771118164,19.479999542236328,20.549999237060547,2.8888520609203048,0.08319997151692708,0.5768189815020628
2025-11-12,LTBR,Industrials,20.489999771118164,20.850000381469727,19.639999389648438,20.15999984741211,2.7501835950965066,0.019402954340636706,0.567930532239791
2025-11-20,LTBR,Industrials,17.559999465942383,17.799999237060547,14.430000305175781,14.529999732971191,2.3176433021983263,0.029912038223044574,0.9076935632139886
2025-11-26,LTBR,Industrials,15.220000267028809,15.5,15.029999732971191,15.170000076293945,2.1502722434292165,0.00861498430260939,0.51968281963644
2025-12-05,LTBR,Industrials,17.8799991607666,17.90999984741211,16.940000534057617,17.139999389648438,1.8116930878897295,0.0050589230246023305,0.671863455429842
2025-12-08,LTBR,Industrials,17.43000030517578,17.90999984741211,16.700000762939453,16.940000534057617,1.7515721039943555,0.016919540598262065,0.555940988645932
2025-12-15,LTBR,Industrials,15.6899995803833,15.739999771118164,14.4399995803833,14.489999771118164,1.5958458200020558,0.015533965959937408,0.7274051359719277
2025-12-18,LTBR,Industrials,13.5600004196167,14.119999885559082,13.25,13.510000228881836,1.5412074645615816,0.0406754180742146,0.5061765544007997
2025-12-22,LTBR,Industrials,14.489999771118164,14.979999542236328,14.010000228881836,14.779999732971191,1.4576227702065934,0.03499998365129743,0.5407132861838309
2026-01-02,LTBR,Industrials,12.880000114440918,14.130000114440918,12.770000457763672,14.109999656677246,1.1750483383067933,0.018987323148685443,0.5701559067279091
2026-01-05,LTBR,Industrials,15.010000228881836,15.9399995803833,14.789999961853027,15.609999656677246,1.1975448692218913,0.06378459206968758,0.5949605376323082
2026-01-12,LTBR,Industrials,16.65999984741211,16.90999984741211,16.149999618530273,16.510000228881836,1.2875238344128683,0.009085379554863422,0.6644937776548934
2026-01-14,LTBR,Industrials,16.770000457763672,18.010000228881836,16.049999237060547,18.010000228881836,1.2148547663040017,0.025688077461450853,0.7032819534250472
2024-01-19,LUMN,Communication Services,1.4500000476837158,1.4600000381469727,1.309999942779541,1.3200000524520874,0.1259561557940933,0.006944437545758981,0.5047780675806588
2024-01-24,LUMN,Communication Services,1.3899999856948853,1.4299999475479126,1.3200000524520874,1.350000023841858,0.12386140649013896,0.014598526172921514,0.9007743634473884
2024-01-25,LUMN,Communication Services,1.3799999952316284,1.7100000381469727,1.350000023841858,1.3799999952316284,0.12287129853340227,0.02222220063700145,0.71670464483182
2024-01-26,LUMN,Communication Services,1.399999976158142,1.5700000524520874,1.399999976158142,1.399999976158142,0.13980906394566744,0.01449273985189887,0.6699117216529873
2024-02-01,LUMN,Communication Services,1.25,1.2999999523162842,1.2200000286102295,1.2799999713897705,0.13829332899034738,0.024590139906754887,0.5069029394173471
2024-02-07,LUMN,Communication Services,1.5199999809265137,1.5199999809265137,1.399999976158142,1.4500000476837158,0.12590107862506753,0.12592589191285078,0.7600337748102742
2024-02-21,LUMN,Communication Services,1.559999942779541,1.590000033378601,1.5099999904632568,1.5499999523162842,0.1328473407013829,0.006451606948963502,0.5828762738637852
2024-02-28,LUMN,Communication Services,1.5700000524520874,1.6299999952316284,1.5399999618530273,1.6100000143051147,0.1152046072566438,0.019480578793626732,0.6403667879656697
2024-03-06,LUMN,Communication Services,1.7699999809265137,1.7799999713897705,1.6200000047683716,1.7100000381469727,0.1213101254660836,0.041176430164325095,0.5120258854301292
2024-03-07,LUMN,Communication Services,1.7200000286102295,1.7799999713897705,1.6799999475479126,1.7300000190734863,0.12407368554860612,0.0058479475088744695,0.6123344270311193
2024-03-08,LUMN,Communication Services,1.75,1.8300000429153442,1.7300000190734863,1.8200000524520874,0.1223541382838384,0.011560682489023788,0.5049413210074136
2024-03-21,LUMN,Communication Services,1.7899999618530273,1.7999999523162842,1.7000000476837158,1.7100000381469727,0.125625712319636,0.011299424374029993,0.7859135725059583
2024-03-22,LUMN,Communication Services,1.7200000286102295,1.7999999523162842,1.6100000143051147,1.6100000143051147,0.12379529748484548,0.0058479475088744695,0.632878324133053
2024-03-25,LUMN,Communication Services,1.6299999952316284,1.7300000190734863,1.600000023841858,1.6100000143051147,0.1285242003795829,0.01242234829118668,0.5665884899222631
2024-04-09,LUMN,Communication Services,1.3799999952316284,1.4800000190734863,1.3700000047683716,1.4600000381469727,0.10981162686912338,0.007299263086460757,0.5391957994658895
2024-04-11,LUMN,Communication Services,1.409999966621399,1.4600000381469727,1.3700000047683716,1.440000057220459,0.10983757819959158,0.021739109777848306,0.5930945963563699
2024-04-15,LUMN,Communication Services,1.3899999856948853,1.4199999570846558,1.350000023841858,1.3700000047683716,0.10567628512235723,0.007246369925949435,0.5330823469049103
2024-04-23,LUMN,Communication Services,1.3899999856948853,1.4299999475479126,1.3600000143051147,1.3600000143051147,0.09249179435968106,0.022058802260453536,0.6548719911651952
2024-04-24,LUMN,Communication Services,1.3700000047683716,1.3799999952316284,1.2799999713897705,1.2899999618530273,0.09088523285133226,0.007352934086817846,0.55582480149624
2024-04-26,LUMN,Communication Services,1.2300000190734863,1.2599999904632568,1.2100000381469727,1.2100000381469727,0.09142654826627382,0.01652890933552547,0.5429214304897356
2024-04-29,LUMN,Communication Services,1.2400000095367432,1.2899999618530273,1.2200000286102295,1.2200000286102295,0.08846750569841741,0.024793364003288205,0.6748705189181949
2024-05-03,LUMN,Communication Services,1.3799999952316284,1.440000057220459,1.309999942779541,1.3200000524520874,0.09497605024309679,0.06976746979846421,0.5415594910307732
2024-05-06,LUMN,Communication Services,1.3300000429153442,1.3700000047683716,1.2899999618530273,1.3200000524520874,0.09890633918054928,0.007575750049918888,0.5119102301698506
2024-05-15,LUMN,Communication Services,1.350000023841858,1.3600000143051147,1.2699999809265137,1.2999999523162842,0.08910589297082604,0.015037579158775027,0.5478200188270883
2024-06-11,LUMN,Communication Services,1.2300000190734863,1.2400000095367432,1.2000000476837158,1.2300000190734863,0.06149307383035461,0.00819671330225163,0.5380909246600193
2024-06-12,LUMN,Communication Services,1.25,1.2899999618530273,1.2300000190734863,1.2300000190734863,0.05995785154625981,0.0162601468425821,0.6792744483856927
2024-06-17,LUMN,Communication Services,1.1399999856948853,1.149999976158142,1.059999942779541,1.0800000429153442,0.06068054363682636,0.008849549119871482,0.7024206717206412
2024-06-18,LUMN,Communication Services,1.090000033378601,1.090000033378601,1.0299999713897705,1.0700000524520874,0.06277479290409599,0.009259250061011975,0.6057231610841513
2024-06-21,LUMN,Communication Services,1.159999966621399,1.159999966621399,1.0499999523162842,1.0700000524520874,0.06596398472917667,0.045045001506225466,0.8170111577156478
2024-07-22,LUMN,Communication Services,1.3899999856948853,1.440000057220459,1.3899999856948853,1.4299999475479126,0.07757035230410628,0.007246369925949435,0.6111483793024701
2024-07-24,LUMN,Communication Services,1.6200000047683716,1.6799999475479126,1.4700000286102295,1.5199999809265137,0.07586424020192849,0.08724831838896886,0.8068135025491997
2024-07-26,LUMN,Communication Services,1.690000057220459,1.7699999809265137,1.6799999475479126,1.7699999809265137,0.09362782928039674,0.030487848757137746,0.5233500032269521
2024-08-01,LUMN,Communication Services,3.2699999809265137,4.199999809265137,3.140000104904175,3.319999933242798,0.24774351816197734,0.038095200611441456,0.5599544468318489
2024-08-07,LUMN,Communication Services,7.21999979019165,7.829999923706055,6.099999904632568,6.630000114440918,0.5001598877380362,0.4439999580383301,0.7153070310601821
2024-08-19,LUMN,Communication Services,6.070000171661377,6.420000076293945,5.590000152587891,5.760000228881836,0.7575533466283089,0.008305679550378994,0.7438294553695521
2024-08-20,LUMN,Communication Services,5.789999961853027,6.28000020980835,5.590000152587891,6.150000095367432,0.7627281021338622,0.005208286767206453,0.5478412861362845
2024-08-30,LUMN,Communication Services,5.230000019073486,5.380000114440918,5.130000114440918,5.25,0.6829894004510093,0.011605404621686443,0.6917346658316876
2024-09-05,LUMN,Communication Services,5.420000076293945,5.630000114440918,5.28000020980835,5.5,0.6801449592076645,0.007434936989250247,0.5106211615421374
2024-09-09,LUMN,Communication Services,5.869999885559082,5.900000095367432,5.429999828338623,5.679999828338623,0.6432372479832755,0.005136940443040496,0.6120659525400669
2024-09-10,LUMN,Communication Services,5.789999961853027,5.789999961853027,5.289999961853027,5.360000133514404,0.6308631779150994,0.019366221274443048,0.6649970922103315
2024-09-17,LUMN,Communication Services,6.349999904632568,6.380000114440918,6.130000114440918,6.320000171661377,0.5770750128671436,0.015999984741210938,0.5431396767254895
2024-09-18,LUMN,Communication Services,6.369999885559082,6.559999942779541,6.21999979019165,6.380000114440918,0.5537125119480619,0.007911346920827907,0.5532715075303056
2024-09-19,LUMN,Communication Services,6.539999961853027,6.769999980926514,6.449999809265137,6.699999809265137,0.5384473434223354,0.025078345539517318,0.6674587959802141
2024-09-26,LUMN,Communication Services,7.21999979019165,7.409999847412109,6.929999828338623,6.940000057220459,0.5248568669453471,0.009790166977700094,0.7380440284316426
2024-10-01,LUMN,Communication Services,7.150000095367432,7.239999771118164,6.46999979019165,6.710000038146973,0.50729248044395,0.007042280479784152,0.5839094061396369
2024-10-15,LUMN,Communication Services,6.119999885559082,6.420000076293945,6.119999885559082,6.179999828338623,0.4322086401951037,0.00657894117680275,0.5639753653324855
2024-10-21,LUMN,Communication Services,7.510000228881836,7.78000020980835,6.210000038146973,6.570000171661377,0.41355040686615047,0.11424339523915578,0.7586038241373897
2024-10-24,LUMN,Communication Services,6.199999809265137,6.440000057220459,6.139999866485596,6.28000020980835,0.48510215009679847,0.011419199595007352,0.5341916086467452
2024-10-28,LUMN,Communication Services,6.519999980926514,6.579999923706055,6.340000152587891,6.409999847412109,0.4602666596570462,0.01242234829118668,0.503019436545296
2024-10-30,LUMN,Communication Services,6.710000038146973,6.829999923706055,6.5,6.690000057220459,0.4406380644764045,0.016666687136949007,0.5823221478181438
2024-11-01,LUMN,Communication Services,6.5,7.059999942779541,6.480000019073486,7.0,0.4368256566344152,0.017214418750043373,0.5886229574187704
2024-11-13,LUMN,Communication Services,9.430000305175781,9.430000305175781,8.779999732971191,8.890000343322754,0.66466337839089,0.021668556106016354,0.7399862281389963
2024-11-27,LUMN,Communication Services,7.699999809265137,7.730000019073486,7.28000020980835,7.369999885559082,0.5779433576988385,0.00653591023194668,0.5164066801744205
2024-12-19,LUMN,Communication Services,5.880000114440918,6.260000228881836,5.75,6.059999942779541,0.44678905009724507,0.015544067906882515,0.6319211269357917
2025-01-17,LUMN,Communication Services,5.659999847412109,5.730000019073486,5.53000020980835,5.659999847412109,0.3384350717245121,0.02350807100751721,0.5107928245213291
2025-01-21,LUMN,Communication Services,5.78000020980835,5.96999979019165,5.46999979019165,5.480000019073486,0.32854683869169954,0.02120147802673658,0.5219503234538678
2025-01-28,LUMN,Communication Services,5.039999961853027,5.21999979019165,4.760000228881836,5.079999923706055,0.40583096121431,0.014084542176344366,0.5719091775289425
2025-01-30,LUMN,Communication Services,5.079999923706055,5.099999904632568,4.889999866485596,5.0,0.40115013371524677,0.01397199433658344,0.5104374016825031
2025-01-31,LUMN,Communication Services,5.059999942779541,5.110000133514404,4.829999923706055,4.940000057220459,0.38749655546037004,0.011999988555908203,0.6775533286134475
2025-02-05,LUMN,Communication Services,5.489999771118164,5.510000228881836,4.75,4.96999979019165,0.36912897433904224,0.08928567711728472,0.7047347623060988
2025-02-19,LUMN,Communication Services,4.960000038146973,4.980000019073486,4.849999904632568,4.880000114440918,0.3418089056330069,0.006085235467129718,0.6151290920002593
2025-02-21,LUMN,Communication Services,4.860000133514404,5.050000190734863,4.659999847412109,4.659999847412109,0.3183454442539169,0.0362473505799265,0.7934605640545215
2025-02-26,LUMN,Communication Services,4.889999866485596,5.150000095367432,4.639999866485596,4.710000038146973,0.3283946658157842,0.10135130708688478,0.740634522634348
2025-03-03,LUMN,Communication Services,4.760000228881836,5.119999885559082,4.659999847412109,4.789999961853027,0.3464552344560229,0.008474669590729235,0.676496592707568
2025-03-12,LUMN,Communication Services,5.0,5.050000190734863,4.829999923706055,4.980000019073486,0.3853911543278587,0.02669406930098804,0.7493705676735063
2025-03-13,LUMN,Communication Services,5.010000228881836,5.070000171661377,4.610000133514404,4.650000095367432,0.37357751952078366,0.006024138492660298,0.5144618821825939
2025-03-24,LUMN,Communication Services,5.050000190734863,5.130000114440918,4.849999904632568,4.860000133514404,0.3238531603695921,0.026422787078255953,0.560629484550641
2025-04-08,LUMN,Communication Services,3.619999885559082,3.6700000762939453,3.1700000762939453,3.240000009536743,0.3862084397606461,0.05539353210028066,0.9678521421333268
2025-04-14,LUMN,Communication Services,3.559999942779541,3.5899999141693115,3.4200000762939453,3.4700000286102295,0.395250397974599,0.02890170622255947,0.729820204715035
2025-04-23,LUMN,Communication Services,3.3499999046325684,3.440000057220459,3.25,3.2799999713897705,0.32145683547825243,0.04687495459802516,0.7651167069544826
2025-05-01,LUMN,Communication Services,3.6700000762939453,3.75,3.5,3.5199999809265137,0.27002539887849675,0.03672319656547931,0.6452623953306975
2025-05-05,LUMN,Communication Services,3.9600000381469727,4.260000228881836,3.8399999141693115,4.230000019073486,0.27869535854201777,0.047619065640104374,0.5126806598193266
2025-05-08,LUMN,Communication Services,4.300000190734863,4.329999923706055,4.110000133514404,4.159999847412109,0.28800793999832675,0.016548503864240966,0.5107401300732276
2025-05-12,LUMN,Communication Services,4.599999904632568,4.739999771118164,4.360000133514404,4.400000095367432,0.28149664457425705,0.04783600103274894,0.7540512874602798
2025-05-22,LUMN,Communication Services,4.360000133514404,4.460000038146973,3.7100000381469727,3.8399999141693115,0.2400594712338852,0.14435700761024606,0.7064747130500034
2025-05-29,LUMN,Communication Services,4.0,4.010000228881836,3.859999895095825,3.9000000953674316,0.2775527672586934,0.015228411651818353,0.8223467012507295
2025-06-06,LUMN,Communication Services,3.990000009536743,4.090000152587891,3.9200000762939453,3.940000057220459,0.2557879207749688,0.007575750277974386,0.5182803648877982
2025-06-09,LUMN,Communication Services,3.9800000190734863,4.260000228881836,3.9200000762939453,4.199999809265137,0.24966021759775286,0.010152274434545569,0.5125790541437564
2025-06-11,LUMN,Communication Services,4.380000114440918,4.380000114440918,4.119999885559082,4.150000095367432,0.2571049922991531,0.011547388363939745,0.5360215256220966
2025-06-20,LUMN,Communication Services,4.010000228881836,4.059999942779541,3.9100000858306885,3.940000057220459,0.2384723948097482,0.007537741121753419,0.599446206784079
2025-07-08,LUMN,Communication Services,4.440000057220459,4.539999961853027,4.409999847412109,4.519999980926514,0.23472277836965316,0.006802768899403575,0.6635187476480461
2025-07-15,LUMN,Communication Services,4.710000038146973,4.710000038146973,4.53000020980835,4.53000020980835,0.202304700657114,0.023913072998898402,0.5159793565772374
2025-08-08,LUMN,Communication Services,3.799999952316284,3.9000000953674316,3.7100000381469727,3.759999990463257,0.22614874814762995,0.027027000903735277,0.5975356411719208
2025-08-14,LUMN,Communication Services,4.380000114440918,4.380000114440918,4.119999885559082,4.340000152587891,0.2345791962013449,0.016241339348193468,0.5417461731810885
2025-08-15,LUMN,Communication Services,4.429999828338623,4.539999961853027,4.369999885559082,4.429999828338623,0.2363949842499514,0.020737251748036617,0.5119571210465703
2025-08-22,LUMN,Communication Services,4.340000152587891,4.610000133514404,4.329999923706055,4.610000133514404,0.23647458736373533,0.006960605616389479,0.5485016108888908
2025-10-15,LUMN,Communication Services,7.059999942779541,7.429999828338623,6.929999828338623,7.269999980926514,0.4292127078453219,0.02765648622787375,0.6551269439630771
2025-10-16,LUMN,Communication Services,7.309999942779541,7.460000038146973,6.980000019073486,7.019999980926514,0.4385546531977661,0.005502058040986351,0.6558852365034115
2025-10-20,LUMN,Communication Services,7.0,7.170000076293945,6.900000095367432,7.159999847412109,0.431406833207479,0.01449273960151203,0.6401819926559759
2025-11-06,LUMN,Communication Services,10.960000038146973,11.430000305175781,10.600000381469727,10.9399995803833,0.8847448470565937,0.00920813854798251,0.6193822130661055
2025-11-10,LUMN,Communication Services,10.899999618530273,11.390000343322754,10.399999618530273,10.489999771118164,0.8772034545542238,0.03612159165698186,0.6124024789818365
2025-11-12,LUMN,Communication Services,9.369999885559082,9.630000114440918,8.520000457763672,8.550000190734863,0.9134560688957283,0.012972960600981841,0.5608588771860197
2025-11-19,LUMN,Communication Services,7.699999809265137,7.989999771118164,7.480000019073486,7.679999828338623,0.8448210351895723,0.010498677809387534,0.6086109793551147
2025-11-20,LUMN,Communication Services,8.09000015258789,8.15999984741211,7.409999847412109,7.480000019073486,0.8209052292506513,0.0533854600798814,0.9201066960567976
2025-12-08,LUMN,Communication Services,8.350000381469727,8.460000038146973,8.130000114440918,8.369999885559082,0.6840083358312398,0.010895901948428158,0.5533608795160238
2025-12-18,LUMN,Communication Services,7.920000076293945,8.079999923706055,7.630000114440918,7.840000152587891,0.5961133263993181,0.03800785812626123,0.5161716451343642
2025-12-22,LUMN,Communication Services,8.369999885559082,8.369999885559082,7.75,7.769999980926514,0.5759854439369565,0.021978060366073554,0.5139696364470955
2025-12-30,LUMN,Communication Services,7.590000152587891,7.820000171661377,7.590000152587891,7.820000171661377,0.4903780451869958,0.005298008058610928,0.5490033621091092
2026-01-02,LUMN,Communication Services,7.900000095367432,7.989999771118164,7.650000095367432,7.690000057220459,0.4528769921263378,0.01673103150064827,0.5562431423355966
2024-07-26,MCD,Consumer Cyclical,244.23667171133116,245.3472862439535,242.16032783568852,243.3675079345703,4.837773390043146,0.0057265236529128955,0.6102219901740077
2024-07-29,MCD,Consumer Cyclical,244.86445701564992,254.88887228886028,241.6581790391245,252.46487426757812,4.719858034201849,0.006150981672878299,0.5658572934642607
2024-08-01,MCD,Consumer Cyclical,257.6798223167797,259.5630054419817,253.41122084975243,259.543701171875,5.354419297200583,0.005350391378424569,0.5393831742466471
2024-09-10,MCD,Consumer Cyclical,284.4250468142274,287.7471242275643,282.7057434698341,282.92913818359375,4.3792585754119795,0.005218261287097077,0.6018237428765271
2024-09-19,MCD,Consumer Cyclical,285.82378126753514,286.63000013069995,282.56970680100613,285.43524169921875,4.546555479542141,0.007601942223005935,0.6656969330955319
2024-11-01,MCD,Consumer Cyclical,286.07634977687997,288.3784771397278,284.8815616831434,286.75628662109375,5.358596199032064,0.008216264362340584,0.6198353798055579
2024-11-06,MCD,Consumer Cyclical,291.6810955703385,291.7296518986905,284.33758824596146,285.5809326171875,5.129886511095976,0.009955431262131003,0.6591593500748125
2025-01-07,MCD,Consumer Cyclical,287.0838574086551,288.2076394400083,281.70921916810624,282.74505615234375,4.456582590367905,0.005476081967993567,0.631092057998139
2025-02-06,MCD,Consumer Cyclical,284.94381237431253,290.3770814200096,283.70277010340476,287.6506652832031,4.293747351996975,0.009555853916294139,0.5735574531153412
2025-03-03,MCD,Consumer Cyclical,302.82562783337033,304.18196441744425,297.2430520328172,299.0711669921875,5.582737264445684,0.005055991979383832,0.6472000914250282
2025-04-08,MCD,Consumer Cyclical,298.5699187957871,302.9632557726959,289.8618895720798,294.6876525878906,7.448092969711547,0.012971397026291007,0.932008865833527
2025-08-01,MCD,Consumer Cyclical,299.98652980826387,300.1842265723713,297.8910768316064,299.38360595703125,4.354179631307317,0.011430718376805359,0.5134154425425166
2025-11-04,MCD,Consumer Cyclical,296.43116642417056,297.9619888055633,294.651865630357,297.4252014160156,4.288835828982701,0.006208454818745527,0.5363161903598741
2025-11-21,MCD,Consumer Cyclical,304.44308546749676,308.68763428955646,304.3337561796558,307.5047302246094,4.674688999987538,0.006937033735947055,0.6592198983273024
2024-01-18,MGK,Unknown,260.01065723717943,261.70617637487265,259.1083552871344,261.488037109375,2.9529227227381325,0.008887440915798515,0.5749013661605727
2024-01-24,MGK,Unknown,268.74608029635976,270.5705039533041,268.0123226585371,268.2403869628906,2.936163306040867,0.00743374853338217,0.7313424923725941
2024-02-07,MGK,Unknown,274.95308318063314,277.27330541993945,274.76468880855873,277.2435302734375,3.3436032135620564,0.0052563856436187864,0.55305610509909
2024-03-21,MGK,Unknown,289.23551632211746,289.23551632211746,286.37690370462235,286.545654296875,3.809401531001948,0.007823333917101353,0.7012293341076203
2024-04-04,MGK,Unknown,285.30493385855834,286.40667437700296,279.1211986188721,279.1311340332031,3.3156974940234414,0.007607011363431952,0.5209519576222251
2024-04-05,MGK,Unknown,280.7092910241973,284.65973857515144,280.39166070744943,283.4090881347656,3.599253084316829,0.005653819293430861,0.6401795000238617
2024-04-23,MGK,Unknown,270.2178031731562,273.12606227893394,269.7512931015177,272.7786560058594,4.2905550778602555,0.006506685082028114,0.5320492889056658
2024-04-24,MGK,Unknown,275.3296164549663,275.4487202721443,271.815902393716,272.7191467285156,4.316595073249448,0.009351759725116208,0.5876009966985309
2024-04-26,MGK,Unknown,274.6347468830389,277.00697819259636,273.40396730607483,275.8556213378906,4.459911386122835,0.014222231448309948,0.515654650451483
2024-04-29,MGK,Unknown,277.4934012085788,277.4934012085788,274.80350889237536,276.5504455566406,4.5858733113341135,0.005937090796790725,0.7281976637305764
2024-05-23,MGK,Unknown,294.69467403262905,295.04208035363064,289.97005105606434,291.15118408203125,3.3431805899075555,0.011722257417091297,0.6303325305880095
2024-06-13,MGK,Unknown,310.03984343350277,310.3177927337699,307.47902043940036,309.27557373046875,3.756719054843182,0.005310516711281867,0.5254926583659209
2024-07-15,MGK,Unknown,324.35177038934995,326.06066414542806,321.7685546668364,323.3085632324219,3.9043429302384234,0.0070641642628624665,0.5845599163639018
2024-07-18,MGK,Unknown,315.97621462504253,316.08552003023436,308.60411839399,310.97869873046875,4.313156224059329,0.007412202466672949,0.561727540653807
2024-07-22,MGK,Unknown,312.6975862563143,314.7243907646204,311.18738252011906,313.93951416015625,4.538112716563117,0.01179852005861438,0.580756905692412
2024-07-29,MGK,Unknown,302.40447440910145,303.8848427796019,300.0497839361155,301.36126708984375,5.32159374487259,0.0063815307733101675,0.6422926528467627
2024-08-01,MGK,Unknown,307.4615636510188,309.766588853896,297.6155567167694,300.0596923828125,5.654996344984275,0.0079801317116967,0.6788217922868374
2024-08-07,MGK,Unknown,290.6508491278494,293.0353443884617,284.1530745282666,284.4908752441406,7.381032655280145,0.012144077447701719,0.7560153896181457
2024-08-30,MGK,Unknown,311.42581674840307,312.9161300581185,308.9618211609595,312.637939453125,5.626289060825445,0.00622770584996706,0.5273348801701828
2024-09-19,MGK,Unknown,317.1685074159397,319.46358761698326,316.38360053871804,318.25146484375,5.317170795229234,0.021732246492083954,0.5434135654126662
2024-09-26,MGK,Unknown,323.6446517779876,323.77396728236323,318.73084474622516,320.87939453125,4.842062235391016,0.011357901007610931,0.6509622556812837
2024-10-24,MGK,Unknown,324.81839770481605,325.6838098720517,323.27662900111204,325.41522216796875,4.256202706259993,0.006131446083833469,0.527438637790435
2024-11-06,MGK,Unknown,329.2547578481297,331.86085987653564,327.8522310343288,331.5325927734375,4.390069987052704,0.01639702898412623,0.5157338107777097
2024-12-19,MGK,Unknown,347.24881592891677,347.7461645537489,343.5187012426761,343.6778564453125,4.723518112893636,0.011444385186922508,0.5144474221729137
2025-01-06,MGK,Unknown,350.62658076905717,353.3160581786767,349.1822261604641,350.9054870605469,5.455671980307995,0.010884204586748268,0.5262898730143405
2025-01-16,MGK,Unknown,345.4468789592484,345.80549015517687,340.78514620173195,340.84490966796875,6.121460277294622,0.005130012594458614,0.5117584824366268
2025-02-27,MGK,Unknown,343.02635897380867,343.2056493681248,330.9835344461316,331.1429138183594,5.47990796383797,0.008374472958740999,0.7747831753167856
2025-03-12,MGK,Unknown,313.97017396833735,315.4443798923459,308.6908351150609,312.4560852050781,8.132690874380616,0.01821943093450908,0.8519800678605571
2025-04-08,MGK,Unknown,288.60852912190103,291.6099958429838,268.5057438154341,272.8932800292969,10.214538596549367,0.04171477881244235,0.8004523891884912
2025-04-14,MGK,Unknown,306.8366612505134,307.3552048831048,298.0317355933743,300.8935852050781,13.21195271963719,0.02676111529874152,0.5768680255771536
2025-04-17,MGK,Unknown,294.4020418244965,294.48183181030487,289.97464097199656,291.6798095703125,12.409282986819946,0.01016198109566379,0.7282228361704707
2025-04-23,MGK,Unknown,301.9405781310598,304.6927544120244,297.62288096581585,298.540283203125,11.688294880744591,0.03709292319010806,0.7078859535260978
2025-05-01,MGK,Unknown,321.2855212500525,323.81829013137224,319.16156189836926,319.5803527832031,10.36446715188428,0.021462788123668284,0.5770765330211747
2025-05-12,MGK,Unknown,334.7970862315484,336.2330017089844,331.4665693530679,336.2330017089844,8.32108283629444,0.038541388760994645,0.8520388124409677
2025-05-29,MGK,Unknown,348.8969348190591,348.8969348190591,342.9638103106187,344.36981201171875,6.771958546080411,0.016265337456497903,0.8076115523757533
2025-06-20,MGK,Unknown,351.37983533718267,351.68895302145603,346.2145451724665,347.1817932128906,5.148668422195458,0.006483606840478642,0.5695737975747643
2025-07-15,MGK,Unknown,372.6419203354451,373.1210722919885,370.84515380859375,370.84515380859375,4.136951752003664,0.00837357878633312,0.5180629134195837
2025-07-31,MGK,Unknown,386.73668105079616,386.73668105079616,379.1203301730528,379.8689880371094,3.5794248669560007,0.018293197685522435,0.5378233502352601
2025-09-03,MGK,Unknown,383.0632634353675,384.95985721385506,381.5859009901739,383.93170166015625,4.683660647247586,0.00851486270271062,0.5870030057494666
2025-09-05,MGK,Unknown,390.5298825731277,390.5298825731277,383.7919620830231,386.2774963378906,4.66539797640086,0.008350719838833226,0.5703485838097982
2025-10-27,MGK,Unknown,416.64318494260215,419.39056825143575,416.06371975297486,419.1707763671875,5.42027245332326,0.01233135681791595,0.5547111657015756
2025-11-20,MGK,Unknown,410.9885547486271,412.8967409398313,393.82490975712415,394.45428466796875,6.9995447140312645,0.02135163042874612,0.796814144394193
2025-12-15,MGK,Unknown,411.8877105793517,411.9476510497182,406.51282482052636,407.4819030761719,6.078327523403311,0.006125468409801385,0.6515155722095386
2025-12-19,MGK,Unknown,409.28019569509235,412.72689458620596,409.2002547447743,412.6269836425781,6.210256826877735,0.006164655121880926,0.5582364646075834
2024-01-12,MP,Basic Materials,17.729999542236328,18.420000076293945,17.559999465942383,17.790000915527344,0.8206958939201697,0.013722114022807702,0.5015043563756177
2024-01-18,MP,Basic Materials,16.1299991607666,16.270000457763672,15.640000343322754,15.859999656677246,0.8464646411727988,0.00561086284927428,0.6382369938871001
2024-01-24,MP,Basic Materials,16.600000381469727,16.600000381469727,15.914999961853027,16.040000915527344,0.8003161684382707,0.027227756077490287,0.8847961589046615
2024-01-25,MP,Basic Materials,16.264999389648438,16.264999389648438,15.460000038146973,15.800000190734863,0.79207932923673,0.01402733549118981,0.7629508009180401
2024-02-01,MP,Basic Materials,16.100000381469727,16.309999465942383,15.869999885559082,16.15999984741211,0.7356435931111432,0.01834281809968846,0.5818820591756496
2024-02-07,MP,Basic Materials,16.899999618530273,16.950000762939453,16.184999465942383,16.549999237060547,0.7638501841557677,0.011975978829573268,0.6531272154839992
2024-02-29,MP,Basic Materials,15.550000190734863,15.75,15.15999984741211,15.210000038146973,0.7497096489559748,0.021011205391772928,0.5751455833212137
2024-03-01,MP,Basic Materials,15.350000381469727,15.614999771118164,14.90999984741211,15.470000267028809,0.738301827786826,0.009204493292020404,0.5464567358280876
2024-03-05,MP,Basic Materials,15.710000038146973,15.720000267028809,14.039999961853027,14.270000457763672,0.7297857273651844,0.01159048990797012,0.6378725060214901
2024-03-06,MP,Basic Materials,14.59000015258789,14.899999618530273,14.4399995803833,14.739999771118164,0.7976581972087985,0.022424645028663693,0.5504767043510848
2024-03-08,MP,Basic Materials,15.5,15.539999961853027,14.979999542236328,15.239999771118164,0.7917052184493875,0.015062183060995934,0.5586600656354264
2024-03-21,MP,Basic Materials,14.0,14.515000343322754,13.920000076293945,14.220000267028809,0.7705296370958713,0.013024624395845237,0.7958467840634745
2024-04-01,MP,Basic Materials,14.739999771118164,15.359999656677246,14.470000267028809,15.079999923706055,0.7178581171527023,0.030769201015002898,0.526708416389982
2024-04-12,MP,Basic Materials,17.649999618530273,17.649999618530273,16.670000076293945,16.84000015258789,0.844738053278427,0.02023123681531418,0.8214314611499098
2024-04-15,MP,Basic Materials,16.989999771118164,17.18000030517578,16.399999618530273,16.5,0.8543995882039913,0.008907340687121207,0.5529510072624942
2024-04-17,MP,Basic Materials,16.56999969482422,17.190000534057617,16.40999984741211,16.780000686645508,0.8341507354050239,0.013455615181748155,0.668985576077051
2024-04-18,MP,Basic Materials,16.940000534057617,17.0,16.2549991607666,16.459999084472656,0.8345685509180859,0.009535151422219338,0.5906123588065795
2024-04-26,MP,Basic Materials,16.149999618530273,16.350000381469727,15.880000114440918,16.0,0.7782530458705328,0.007485896864916293,0.5163336212038172
2024-04-29,MP,Basic Materials,16.270000457763672,16.6299991607666,16.149999618530273,16.420000076293945,0.7562349902389811,0.016875028610229492,0.6269099901427404
2024-05-10,MP,Basic Materials,16.459999084472656,16.530000686645508,16.0,16.1299991607666,0.7709866886675106,0.00857839413396787,0.5570007232048537
2024-05-13,MP,Basic Materials,16.229999542236328,17.229999542236328,16.229999542236328,16.350000381469727,0.7537734028087961,0.006199651994586583,0.5182846347605051
2024-05-15,MP,Basic Materials,18.850000381469727,19.229999542236328,17.780000686645508,17.93000030517578,0.8750392769618643,0.023344207567576523,0.5970807816029591
2024-05-28,MP,Basic Materials,17.40999984741211,17.440000534057617,16.520000457763672,16.700000762939453,0.7922361439164206,0.015752652705853448,0.5278741185203296
2024-05-31,MP,Basic Materials,16.100000381469727,16.260000228881836,15.864999771118164,16.219999313354492,0.794393972347756,0.008140270022995076,0.5559707103275173
2024-06-03,MP,Basic Materials,16.479999542236328,16.559999465942383,15.920000076293945,16.1299991607666,0.7658658641631786,0.016029607884617398,0.5338342972324855
2024-06-12,MP,Basic Materials,15.079999923706055,15.430000305175781,14.579999923706055,14.640000343322754,0.6904261372393937,0.04071774754364689,0.7074790934446027
2024-06-20,MP,Basic Materials,13.470000267028809,13.6899995803833,13.34000015258789,13.670000076293945,0.6696551454431825,0.005223929141142237,0.5970272250743994
2024-06-28,MP,Basic Materials,13.029999732971191,13.180000305175781,12.6899995803833,12.729999542236328,0.6559985807319416,0.014007731218516688,0.7047570911696318
2024-07-01,MP,Basic Materials,13.25,13.336999893188477,12.680000305175781,12.800000190734863,0.6441415910219802,0.04084842705912002,0.6094538524217731
2024-07-05,MP,Basic Materials,14.239999771118164,14.289999961853027,13.850000381469727,14.069999694824219,0.6631895516584561,0.005649712187014997,0.6090143884090842
2024-07-22,MP,Basic Materials,14.369999885559082,14.489999771118164,13.819999694824219,14.239999771118164,0.6046816697081345,0.005598315179818997,0.5633456551267746
2024-08-07,MP,Basic Materials,11.239999771118164,11.239999771118164,10.361000061035156,10.489999771118164,0.742677972217181,0.023679438954592246,0.7674841647661784
2024-08-09,MP,Basic Materials,11.40999984741211,11.449999809265137,11.069999694824219,11.140000343322754,0.7454570568817336,0.04010935001576562,0.5445312084090808
2024-08-12,MP,Basic Materials,11.239999771118164,11.3100004196167,11.09000015258789,11.140000343322754,0.7264958058356332,0.00897660904071239,0.5003234993886339
2024-08-14,MP,Basic Materials,11.609999656677246,11.6850004196167,11.270000457763672,11.600000381469727,0.6731519999352472,0.01486014707425797,0.6166353691830354
2024-08-26,MP,Basic Materials,13.119999885559082,13.149999618530273,12.720000267028809,12.899999618530273,0.6520879658642278,0.013127419212185468,0.5255530157938232
2024-08-30,MP,Basic Materials,13.020000457763672,13.140000343322754,12.670000076293945,12.899999618530273,0.6001404678440483,0.009302390913331703,0.5080090257214349
2024-09-06,MP,Basic Materials,13.880000114440918,14.5,13.649999618530273,13.90999984741211,0.6426428432528642,0.013878783044659337,0.5445820812166312
2024-09-13,MP,Basic Materials,13.880000114440918,14.128000259399414,13.670000076293945,13.800000190734863,0.6680658224324155,0.006526479538568242,0.5463139379981312
2024-09-18,MP,Basic Materials,14.3100004196167,14.725000381469727,14.085000038146973,14.119999885559082,0.6373536885121457,0.007037324503960165,0.5137761993803052
2024-09-19,MP,Basic Materials,14.779999732971191,14.779999732971191,14.199999809265137,14.199999809265137,0.6375427352843319,0.04674219920406017,0.6835743994689939
2024-09-26,MP,Basic Materials,16.799999237060547,17.079999923706055,16.280000686645508,16.899999618530273,0.7273274352495424,0.03960392300071266,0.7162535339570034
2024-10-18,MP,Basic Materials,18.489999771118164,18.780000686645508,18.385000228881836,18.579999923706055,0.7921909923421833,0.010934874006541508,0.5161631380303303
2024-10-22,MP,Basic Materials,18.239999771118164,18.434999465942383,17.899999618530273,18.299999237060547,0.7759197199863673,0.008849549119871482,0.5880409415957395
2024-11-01,MP,Basic Materials,18.200000762939453,18.420000076293945,18.014999389648438,18.229999542236328,0.7188092076221968,0.011673207031299284,0.5648413351193352
2024-11-13,MP,Basic Materials,20.0,20.100000381469727,18.75,19.1200008392334,0.8023770879132731,0.007556655700132899,0.6832151755314837
2024-11-15,MP,Basic Materials,18.729999542236328,18.729999542236328,18.020000457763672,18.280000686645508,0.8424579240338728,0.008616039312951853,0.6469649722319796
2024-12-09,MP,Basic Materials,20.3700008392334,21.1299991607666,20.149999618530273,20.520000457763672,1.1745911275537981,0.03296153897118656,0.5276704040220929
2024-12-19,MP,Basic Materials,16.950000762939453,17.200000762939453,15.970000267028809,16.18000030517578,1.107715713510721,0.013150103211163451,0.7059510834105085
2024-12-24,MP,Basic Materials,16.420000076293945,16.559999465942383,16.25,16.540000915527344,1.0491331329451528,0.007980304079829035,0.5031097632452354
2025-01-06,MP,Basic Materials,19.25,21.139999389648438,18.799999237060547,20.459999084472656,0.985393353621089,0.057692263354112254,0.568179165519404
2025-01-07,MP,Basic Materials,20.719999313354492,21.1299991607666,20.299999237060547,20.579999923706055,1.1250080159845102,0.012707734140572533,0.6594358766755362
2025-01-10,MP,Basic Materials,19.5,20.059999465942383,19.200000762939453,19.75,1.1457977611549366,0.006191994036631922,0.6268079264977532
2025-01-14,MP,Basic Materials,19.84000015258789,20.100000381469727,19.229999542236328,19.389999389648438,1.0842846637401533,0.01587298796944531,0.5683481860327427
2025-01-17,MP,Basic Materials,21.440000534057617,21.520000457763672,20.898000717163086,20.940000534057617,1.1508644258379905,0.012753918601352155,0.5385104573397653
2025-01-21,MP,Basic Materials,21.200000762939453,21.350000381469727,19.719999313354492,20.8700008392334,1.1130883768924618,0.012416438502900782,0.5054657783424577
2025-01-22,MP,Basic Materials,21.5,21.899999618530273,21.030000686645508,21.079999923706055,1.1500107119798026,0.030186829680536938,0.5678770405830679
2025-02-03,MP,Basic Materials,22.350000381469727,23.670000076293945,21.809999465942383,22.229999542236328,1.0320123260185976,0.01775962264373818,0.8796180817822591
2025-02-06,MP,Basic Materials,24.200000762939453,24.799999237060547,23.674999237060547,24.110000610351562,1.210903576031269,0.02716474157489845,0.6763575406101101
2025-02-14,MP,Basic Materials,24.68000030517578,24.690000534057617,23.514999389648438,23.719999313354492,1.1858463323201125,0.012305215534705805,0.5507076690286414
2025-02-21,MP,Basic Materials,24.56999969482422,24.700000762939453,23.479999542236328,24.299999237060547,1.1156174239730443,0.059965460368784786,0.7910182292591039
2025-02-24,MP,Basic Materials,24.440000534057617,24.84000015258789,23.540000915527344,24.270000457763672,1.1445019263866607,0.0057613704276809515,0.6645408877298475
2025-02-26,MP,Basic Materials,24.110000610351562,25.350000381469727,23.770000457763672,23.770000457763672,1.1766368689912505,0.023344701055882645,0.6245953834696528
2025-03-03,MP,Basic Materials,24.139999389648438,24.6299991607666,22.25,22.530000686645508,1.2233460748306848,0.005414375657115757,0.7041902539086162
2025-03-12,MP,Basic Materials,24.530000686645508,24.729999542236328,23.16200065612793,24.34000015258789,1.535553049299395,0.021657661507981114,0.7372219844838485
2025-03-24,MP,Basic Materials,26.219999313354492,26.920000076293945,26.059999465942383,26.459999084472656,1.3879497033914763,0.012355200754337985,0.5190081790685854
2025-03-25,MP,Basic Materials,26.6200008392334,27.260000228881836,26.559999465942383,26.93000030517578,1.3616676144180617,0.00604692971643506,0.5161437073442323
2025-04-04,MP,Basic Materials,26.100000381469727,26.450000762939453,22.1200008392334,23.059999465942383,1.3755043019889794,0.051571341755996467,0.8900862690333131
2025-04-08,MP,Basic Materials,26.0,26.104999542236328,21.56999969482422,21.940000534057617,1.7396439777327797,0.08378492071941152,0.9610132940825882
2025-04-15,MP,Basic Materials,29.280000686645508,29.719999313354492,24.850000381469727,25.06999969482422,2.230612815693213,0.06125409658249307,0.6444085458296147
2025-04-28,MP,Basic Materials,24.770000457763672,25.670000076293945,24.18000030517578,24.850000381469727,2.543753018762474,0.014748079172549807,0.5629064719081721
2025-05-12,MP,Basic Materials,22.56999969482422,22.579999923706055,20.75,21.139999389648438,2.053296742032687,0.028245964024364707,0.8184755444136542
2025-05-14,MP,Basic Materials,22.145000457763672,22.40999984741211,20.86400032043457,21.079999923706055,1.9696793395302719,0.06620125034643584,0.6269701221203695
2025-05-22,MP,Basic Materials,19.799999237060547,20.770000457763672,19.229999542236328,20.079999923706055,1.6192837166922849,0.015384576259515224,0.5048290249531316
2025-05-29,MP,Basic Materials,19.75,20.139999389648438,19.600000381469727,19.770000457763672,1.491313804647014,0.007653041612799477,0.8603601396434172
2025-06-02,MP,Basic Materials,22.8700008392334,22.8700008392334,20.104999542236328,20.5,1.514551177412352,0.0495640146089419,0.8255427393329615
2025-06-03,MP,Basic Materials,20.700000762939453,22.770000457763672,20.600000381469727,22.0,1.6038690430969746,0.009756134777534299,0.5295362262366818
2025-06-06,MP,Basic Materials,27.09000015258789,27.1200008392334,25.049999237060547,25.700000762939453,1.8537246162128846,0.04473582081603626,0.6200591261501978
2025-06-10,MP,Basic Materials,28.479999542236328,28.53499984741211,26.479999542236328,27.229999542236328,1.9749462224791832,0.028530118921703995,0.5054006254283334
2025-06-20,MP,Basic Materials,38.63999938964844,38.7599983215332,36.70000076293945,37.7400016784668,2.5189435840719856,0.03815148098800861,0.6877387199910739
2025-06-24,MP,Basic Materials,36.79999923706055,37.15999984741211,34.709999084472656,34.90999984741211,2.488078507143164,0.006564492744928128,0.5032555893285405
2025-07-08,MP,Basic Materials,31.25,32.459999084472656,30.594999313354492,31.190000534057617,2.2424920211205497,0.006441248562117094,0.7096325588997295
2025-07-09,MP,Basic Materials,31.549999237060547,31.66900062561035,29.579999923706055,30.030000686645508,2.2155282889775223,0.01154211916764261,0.6748902720945922
2025-07-10,MP,Basic Materials,48.099998474121094,48.1150016784668,42.86000061035156,45.22999954223633,2.2064906041865777,0.6017315142956825,0.6138167449905283
2025-07-16,MP,Basic Materials,61.08000183105469,61.130001068115234,56.72999954223633,58.54999923706055,4.348870908558675,0.04912402182043483,0.7612241362602812
2025-07-21,MP,Basic Materials,63.71500015258789,65.05000305175781,58.79999923706055,59.0099983215332,4.616461376755567,0.00782978364958754,0.7047338431198721
2025-07-28,MP,Basic Materials,62.66999816894531,64.2699966430664,61.25,64.11000061035156,4.279095549871781,0.009503806708901984,0.6723324370854861
2025-07-29,MP,Basic Materials,65.04000091552734,65.83999633789062,60.220001220703125,60.2599983215332,4.189159913671397,0.014506321889281314,0.7600365840374852
2025-08-06,MP,Basic Materials,69.6500015258789,70.94999694824219,66.66500091552734,67.51000213623047,4.154197318067154,0.01842377756215017,0.5010534886079662
2025-08-07,MP,Basic Materials,71.0,72.3499984741211,68.5719985961914,71.06999969482422,4.163540083399131,0.05169601175136922,0.5718724062030824
2025-08-08,MP,Basic Materials,76.94000244140625,79.36000061035156,71.63999938964844,74.31999969482422,4.211858387291381,0.08259466401840329,0.6410786821445257
2025-08-11,MP,Basic Materials,74.93000030517578,82.5,72.54000091552734,72.69000244140625,4.503154282165378,0.008207758515290254,0.5593119551065803
2025-08-13,MP,Basic Materials,75.54000091552734,77.55999755859375,72.83999633789062,75.4000015258789,4.797719528593908,0.0078719678626884,0.5590438253203179
2025-08-25,MP,Basic Materials,68.48999786376953,72.9000015258789,68.16000366210938,72.30999755859375,4.605300376151197,0.00898645602583384,0.5843779375817353
2025-09-03,MP,Basic Materials,68.30999755859375,68.77999877929688,65.41000366210938,65.98999786376953,4.536788744421652,0.014856634025718008,0.6343370062297095
2025-09-05,MP,Basic Materials,64.69999694824219,64.9800033569336,61.4010009765625,63.04999923706055,4.386914687572911,0.008102160183761658,0.6798458638386866
2025-09-10,MP,Basic Materials,63.959999084472656,64.69999694824219,61.595001220703125,62.439998626708984,4.005361971839137,0.012826564355058844,0.5841670456679249
2025-09-15,MP,Basic Materials,66.01000213623047,67.33999633789062,64.41000366210938,65.94000244140625,3.7447779246940835,0.03936394080882276,0.6079285663744498
2025-09-18,MP,Basic Materials,68.06999969482422,72.1500015258789,66.3759994506836,72.12999725341797,3.658796598539185,0.018859484841702332,0.5079050976224229
2025-09-24,MP,Basic Materials,76.41999816894531,77.16999816894531,70.58000183105469,71.2300033569336,3.914982809283612,0.02302545235570588,0.5820673928420711
2025-09-29,MP,Basic Materials,69.31999969482422,69.5,66.16999816894531,68.18000030517578,5.066904871615842,0.010053948259073927,0.5266523561743022
2025-10-07,MP,Basic Materials,75.9000015258789,79.52999877929688,72.19999694824219,73.7699966430664,4.573704109773163,0.02112201878311109,0.5139617976442699
2025-10-08,MP,Basic Materials,75.23999786376953,75.97000122070312,69.61000061035156,70.58999633789062,4.770582518436129,0.01992681696619393,0.5480601301601626
2025-10-09,MP,Basic Materials,73.6500015258789,78.31999969482422,71.5199966430664,72.29000091552734,4.884112382144374,0.04334899202064076,0.5193524710924912
2025-10-10,MP,Basic Materials,74.41000366210938,84.91999816894531,73.43000030517578,78.33999633789062,5.087390308915032,0.029326362148747336,0.5211471008232799
2025-10-14,MP,Basic Materials,97.79000091552734,100.2509994506836,88.5999984741211,98.6500015258789,6.697852014594128,0.02871874002785299,0.6874399083183429
2025-10-16,MP,Basic Materials,91.93000030517578,91.98999786376953,83.33000183105469,83.83999633789062,7.415816451653187,0.023149714706492474,0.6875659954212427
2025-10-20,MP,Basic Materials,83.5,83.98999786376953,78.052001953125,82.9000015258789,7.350780139757026,0.03354374370296375,0.6134899624736687
2025-10-23,MP,Basic Materials,70.875,71.45999908447266,68.0999984741211,68.44999694824219,7.449018418583655,0.015401101736987893,0.5038484741813641
2025-10-29,MP,Basic Materials,65.44000244140625,65.5999984741211,63.29999923706055,64.29000091552734,6.793606979327381,0.007699414555013877,0.5280388305410579
2025-10-30,MP,Basic Materials,66.97000122070312,67.0999984741211,62.880001068115234,64.91999816894531,6.472634997736892,0.04168611396812885,0.7952710689742927
2025-11-06,MP,Basic Materials,56.38999938964844,56.45000076293945,51.84000015258789,51.95000076293945,5.655704492012386,0.026579265908634773,0.7835305173061783
2025-11-10,MP,Basic Materials,61.54999923706055,65.94999694824219,60.41999816894531,64.18000030517578,5.848081953123483,0.05034131125860406,0.6211235322051022
2025-11-13,MP,Basic Materials,60.15999984741211,61.19900131225586,56.689998626708984,57.540000915527344,5.652939509172921,0.00736769286194271,0.7138587667970496
2025-11-20,MP,Basic Materials,64.25,65.23999786376953,56.599998474121094,56.68000030517578,5.4679093754422,0.011014960996745891,0.8456830303010286
2025-11-26,MP,Basic Materials,58.77000045776367,61.034000396728516,58.720001220703125,60.150001525878906,5.306688490857089,0.009620363891062049,0.5010341809220257
2025-12-05,MP,Basic Materials,63.63999938964844,63.88999938964844,61.84000015258789,62.09000015258789,4.642675794150203,0.029773465619793563,0.5313579328000844
2025-12-15,MP,Basic Materials,57.06999969482422,57.81999969482422,53.040000915527344,53.2599983215332,4.116908505789496,0.007236142755316928,0.7168844501698086
2025-12-17,MP,Basic Materials,54.130001068115234,55.75699996948242,52.02000045776367,52.029998779296875,3.9932526939692634,0.013290957010602603,0.6103899758306951
2025-12-18,MP,Basic Materials,53.439998626708984,55.11000061035156,51.40999984741211,52.040000915527344,3.974948895237084,0.027099747847258434,0.5159190291381465
2025-12-22,MP,Basic Materials,54.540000915527344,55.25,53.7599983215332,54.38999938964844,3.846359068804801,0.010561417119360086,0.530060628349049
2025-12-31,MP,Basic Materials,50.869998931884766,51.22999954223633,49.7599983215332,50.52000045776367,3.19675024015649,0.008524986456841169,0.5318572832343087
2026-01-02,MP,Basic Materials,51.47999954223633,55.25,50.90999984741211,54.970001220703125,3.0734110244812496,0.019002357002653753,0.5586098145470573
2026-01-05,MP,Basic Materials,57.22999954223633,58.79999923706055,56.41999816894531,58.619998931884766,3.1917387757494695,0.041113303098891496,0.5603385909949672
2026-01-07,MP,Basic Materials,60.400001525878906,64.08000183105469,59.81999969482422,62.5,3.213233921819447,0.009695784587322068,0.5101515158602618
2026-01-12,MP,Basic Materials,63.369998931884766,67.0,62.22999954223633,65.33999633789062,3.4125846399351145,0.022096756965883316,0.6328813506323966
2024-01-05,MRVL,Technology,58.179853138719366,60.763418523773,58.1500440081203,59.54119110107422,1.8928655512532564,0.008265804645357673,0.5363539725756807
2024-01-22,MRVL,Technology,71.6839362285195,72.09134788109466,68.49423049505975,69.6667709350586,2.3549694977753557,0.014912655340366163,0.7115240654536027
2024-01-24,MRVL,Technology,71.29640327557314,72.77698151355301,70.64057209428945,71.82305145263672,2.401871946986661,0.01628898374560968,0.7393551210677051
2024-01-25,MRVL,Technology,72.99560581023105,73.0651629868429,69.46805245182476,69.55747985839844,2.4176889685522265,0.01632559928712539,0.7236941906456168
2024-02-22,MRVL,Technology,68.42468183987575,69.95494718614464,67.79866729960517,69.42829895019531,2.5741655557981047,0.05097692074504476,0.501173949456172
2024-03-06,MRVL,Technology,81.12388057523145,81.98838326314785,79.27563867772906,80.8555908203125,2.893527154170897,0.036961671848359905,0.5225062615396019
2024-03-21,MRVL,Technology,67.57011916933888,68.12657654829063,66.02991489110191,66.16902923583984,3.225998360064816,0.03753419834011712,0.5190335927177854
2024-03-27,MRVL,Technology,71.09767716435377,72.30995818179404,69.90525879373756,71.85286712646484,3.0353313357701786,0.04819806381189641,0.5009975095167863
2024-04-04,MRVL,Technology,74.54572669500966,75.80770211000214,69.97480901447702,70.43190002441406,2.9976795650393377,0.027248987861474908,0.5199771703580824
2024-04-15,MRVL,Technology,70.76958675538364,71.38618029073612,67.32856324906227,67.50757598876953,3.1509894451444516,0.014253178997021805,0.5129201811568408
2024-04-24,MRVL,Technology,64.41464637579608,65.29977051312714,63.231180280727635,64.49420928955078,2.8996056515499014,0.0142500316113371,0.6653491758974944
2024-05-23,MRVL,Technology,75.44379371188893,75.83165336471873,72.77849726389641,74.6083984375,2.3916783232480947,0.02958736926874201,0.6154241115238706
2024-06-03,MRVL,Technology,69.81484167979283,70.76958127600096,66.7318514791247,67.83576202392578,2.9854117137084915,0.020200489705573366,0.5286403025161199
2024-06-05,MRVL,Technology,67.07993278953843,69.51649542612452,66.65229167944608,69.41704559326172,2.9918520632519834,0.01611935787781414,0.5265667335005119
2024-06-13,MRVL,Technology,74.18076419625902,75.28467487566424,71.25689943428586,72.47020721435547,2.8091221086234732,0.016766426758421424,0.662305447178822
2024-06-18,MRVL,Technology,72.15196437566011,73.72329008974181,71.61492612368158,72.73872375488281,2.8075868259233543,0.010164479173449622,0.5247920343467694
2024-06-28,MRVL,Technology,68.92972784397372,71.90332865418225,68.87005946234271,69.51649475097656,2.5616479798547136,0.008438663736031748,0.5350287401947792
2024-07-18,MRVL,Technology,69.41507470064137,69.60419190837749,65.69250172894543,67.89220428466797,2.996832119508334,0.026645270015655823,0.5444047916119684
2024-07-26,MRVL,Technology,65.60292794710656,65.99111032363449,64.36869965849816,65.41381072998047,3.1139299874395237,0.030004835986971075,0.5875184318622032
2024-07-30,MRVL,Technology,64.57771525232407,65.16497033570919,61.99978595063854,62.507408142089844,3.026586294947967,0.006203446011590899,0.5142903862630692
2024-08-07,MRVL,Technology,60.06881807058013,61.233368825751754,55.76894595302517,55.888389587402344,3.5427186775308104,0.03658530165621068,0.5146919462615563
2024-08-15,MRVL,Technology,66.45891792749443,69.47480765879808,65.64273857810468,69.00699615478516,3.425838639628488,0.046715913760339456,0.5004938423804665
2024-08-23,MRVL,Technology,70.13172693428787,72.24185261772682,69.68382651553327,71.50529479980469,3.3312578296066238,0.02621617283118061,0.5087196915452288
2024-08-30,MRVL,Technology,77.93519594244243,78.63193153879108,72.3712363315926,75.8847885131836,3.276733036248494,0.12113416403108876,0.5188476492861579
2024-09-09,MRVL,Technology,67.52392304148559,68.70838114305266,67.19546631566186,68.60884857177734,3.831981384021989,0.024773423809421692,0.5635286430084656
2024-09-11,MRVL,Technology,72.53049145717542,74.79986741094424,70.619431227927,74.54107666015625,3.731950778054367,0.017737506064630565,0.5349490267567664
2024-09-19,MRVL,Technology,74.48135781397755,75.66580826461805,73.16750819245125,74.53112030029297,3.3329788048658644,0.04584200167739594,0.5021415706800215
2024-10-17,MRVL,Technology,83.80735591822956,83.86713098432789,79.58361858716684,79.60354614257812,3.0548483674590634,0.02999509277432575,0.5253254472727668
2024-12-11,MRVL,Technology,109.46855876417554,111.55054732892994,108.0639702263487,110.93292236328125,4.852522220874056,0.030090092775187347,0.501284677619045
2024-12-19,MRVL,Technology,107.30688262638064,109.95667726836503,106.26090645709462,108.6915512084961,6.216455894259012,0.023176333915619084,0.5331745942905937
2024-12-23,MRVL,Technology,112.21797162092929,113.98118005741685,110.89307054936745,113.32371520996094,6.19515784837208,0.006702411888654257,0.5054881347754635
2025-01-03,MRVL,Technology,114.66853511546259,117.87618710999159,114.2999513893372,117.72676086425781,5.0646732400061545,0.013649226333906785,0.5261209088033492
2025-01-06,MRVL,Technology,121.82100073834982,122.93670810932753,117.36814263113757,118.55358123779297,5.042318975592447,0.03477747832383482,0.5029600432264274
2025-01-14,MRVL,Technology,116.35132568888689,117.30812856864073,113.50084711620649,114.81645202636719,4.876045482804432,0.013807964737547123,0.5267994655743031
2025-01-22,MRVL,Technology,124.3844979620877,126.02899842231288,123.82635723724174,124.79312896728516,4.889524809715673,0.008240463241283462,0.5044363223571586
2025-01-28,MRVL,Technology,102.95608594523887,104.70025966335477,99.71690618302364,103.53414916992188,6.117868729172351,0.029602335132392795,0.5609709753893384
2025-01-29,MRVL,Technology,104.261721100713,106.90289994017006,102.7667150712838,106.43446350097656,6.036831925683692,0.007027361857168752,0.5283302754392126
2025-01-30,MRVL,Technology,110.99920771139058,111.62710745337827,108.67696338316104,109.9626693725586,5.901071421626733,0.04288783971154359,0.5030915406458847
2025-01-31,MRVL,Technology,112.0756143032353,115.40449831006211,110.82977596014022,112.4842529296875,5.850469459539231,0.01921511129852577,0.5140530677336907
2025-02-10,MRVL,Technology,111.41780667635132,113.16198021680016,110.6304359941838,112.42444610595703,6.347981433344831,0.010576755796414499,0.5293184791435922
2025-02-26,MRVL,Technology,95.53087947809402,96.32821903298424,93.64717257375928,94.58404541015625,5.711473718686242,0.030645156201765167,0.6017943307659008
2025-02-27,MRVL,Technology,97.67373314841736,97.73353095992391,86.9894215302371,87.35819244384766,5.563357765968688,0.03266605614998722,0.6934325802307262
2025-03-12,MRVL,Technology,69.48788244580497,71.09252288170563,68.40150742833465,69.61744689941406,6.71306927156618,0.03811799000996515,0.5540025205574297
2025-04-08,MRVL,Technology,54.059416233112486,56.06272251130456,48.37839292490096,49.86343002319336,4.9088114295971845,0.06352939725496294,0.9220325613395656
2025-04-14,MRVL,Technology,55.72729651694818,55.90690136303103,51.22720662220133,52.14518356323242,5.643444677690095,0.04607596770660499,0.5330176118612117
2025-04-22,MRVL,Technology,49.99991118442632,51.3569239343782,49.670634352607166,50.5087890625,4.844071949905914,0.014783314323422838,0.5212603063353151
2025-04-23,MRVL,Technology,54.72949215640594,55.827077722726735,53.24276784160562,53.6518669128418,4.647024599326926,0.08356373558437931,0.589686973782769
2025-05-01,MRVL,Technology,60.01785557289955,61.64427181991781,59.139787814457115,60.816097259521484,4.059006126572317,0.03049522046123558,0.5262789442701218
2025-05-08,MRVL,Technology,57.93244688507242,58.90031326249113,56.565453955835636,57.50339126586914,3.9025925572994247,0.03107797509103873,0.5240969304813569
2025-05-29,MRVL,Technology,67.21201489069142,67.44150533196341,63.190869767335464,63.589988708496094,3.2460750369474645,0.04288594668460832,0.5421654717160376
2025-06-06,MRVL,Technology,66.82287126682598,69.62669539248476,66.16431760182867,68.19983673095703,3.4051883346924705,0.027777689041175665,0.5297724901794709
2025-07-24,MRVL,Technology,73.56832072689508,74.01770421975506,72.29008856908513,73.93781280517578,2.959285888062846,0.005459312323648157,0.5304604389654671
2025-07-28,MRVL,Technology,75.04628359366147,76.47431029043125,74.55696199821116,75.80523681640625,2.769644716760363,0.012666844618439166,0.5245929949158425
2025-07-29,MRVL,Technology,76.29454913483475,78.6512923145285,75.86514234483468,76.23462677001953,2.7408655103875246,0.0064548616820969155,0.757520913116662
2025-07-30,MRVL,Technology,82.99529390392082,85.15230875472018,80.45879864520026,81.62718200683594,2.7483790809400053,0.0886823667976562,0.5137355544875951
2025-07-31,MRVL,Technology,82.6357914468956,83.13510136500372,79.51011410233,80.25907897949219,3.1890435740657654,0.012356293764682346,0.7011075678825954
2025-08-04,MRVL,Technology,75.59551357402717,76.78387353887577,74.71673091883963,76.42436981201172,3.4859136268899364,0.016789822961184146,0.5331745942905937
2025-10-06,MRVL,Technology,88.7273686465294,90.12543790511855,88.12819828395249,88.79727172851562,3.2511910555659034,0.030503371447778364,0.522443345143063
2025-10-10,MRVL,Technology,92.90315539383766,94.5919427162903,85.29862640633827,85.54844665527344,3.4756891402054357,0.025932434714969567,0.5364787356422676
2025-10-24,MRVL,Technology,83.81968354606965,85.72831382470642,82.64053171723398,84.06950378417969,3.7775754400499553,0.013410586924031085,0.508370559967695
2025-10-27,MRVL,Technology,85.9781388833241,89.31573379212576,85.13873887177955,88.6462173461914,3.7283044877229896,0.022703061315125648,0.5052235859912886
2025-10-31,MRVL,Technology,93.33284790837628,97.49984789255234,90.89459980302976,93.67259979248047,3.5587247426217266,0.054533178260509775,0.5003471727524758
2025-11-10,MRVL,Technology,93.10300945199434,94.40207780869815,92.13370565684122,93.16297149658203,4.633215047233134,0.02474700460896093,0.5070585951346535
2025-11-19,MRVL,Technology,79.03312810191288,81.83111786195671,78.7233534414748,81.26152801513672,4.65746192050079,0.005210911884813484,0.5600025327888779
2025-11-20,MRVL,Technology,83.34004009560961,84.37929329001902,76.02530320226312,76.62487030029297,4.553906748838601,0.025578058045939312,0.5429154848687321
2025-11-24,MRVL,Technology,78.43355951047583,84.51918445107198,77.94391398042144,83.72975158691406,4.858972946263996,0.013427983438963674,0.5219565842219566
2025-12-15,MRVL,Technology,84.8089791191092,85.7882702055234,83.60983737439273,84.19941711425781,5.273713404740164,0.005211444703099544,0.5234729431046328
2025-12-17,MRVL,Technology,86.43780222255383,87.11731357388402,81.12162787058548,81.64125061035156,4.850177324105585,0.02890445387143891,0.5087387832492738
2025-12-22,MRVL,Technology,86.51774782956932,87.28719081854531,84.38927449358442,84.73902893066406,4.653170844463836,0.029611189579050783,0.5138312075601426
2025-12-26,MRVL,Technology,87.03737163233146,87.13729820531906,85.90818687214485,86.27791595458984,4.294633057776857,0.007052833557487854,0.5693614135746489
2026-01-02,MRVL,Technology,86.6776331541274,90.01523571049772,86.5377344218631,89.32572937011719,3.6939826891324024,0.020710744340796082,0.5136477880418939
2026-01-06,MRVL,Technology,92.63334455447546,94.13226603674146,86.7076079896275,88.16656494140625,3.940696630974601,0.02737437324605894,0.5121993275951977
2024-01-24,MSFT,Technology,395.64108304053997,399.6709942481896,394.5670995707582,396.6460876464844,5.704658730212884,0.006618383563888306,0.7238671488424655
2024-03-21,MSFT,Technology,424.29861540078343,425.27589583117316,421.6629918116586,423.84454345703125,7.346243109395333,0.010817673347731755,0.5043848413373854
2024-04-04,MSFT,Technology,419.52089960464946,423.1535654935394,412.1964026116657,412.5024108886719,6.306597858711985,0.010797922137048102,0.5198323770091151
2024-04-15,MSFT,Technology,421.1101986920762,421.32736877280126,408.10966683089106,408.3169860839844,6.6643704540637385,0.011140028655710043,0.512095212169091
2024-04-17,MSFT,Technology,411.8805761326661,413.48960513262267,405.04961359830776,406.5401916503906,6.9586277120758835,0.006440405877703408,0.5365224862277628
2024-05-01,MSFT,Technology,387.5575723765422,396.55035342207367,385.28718262896496,389.85760498046875,8.655585863582727,0.008424699243796659,0.5604042779177145
2024-05-23,MSFT,Technology,428.16915515912984,428.79217443912484,420.7028829331948,422.2653503417969,6.999510867368509,0.0056908251325360855,0.6017148589290401
2024-07-29,MSFT,Technology,426.7945193727036,427.3582063126635,419.9908318898155,421.9983215332031,8.662179349720732,0.0148375892136883,0.5746593892078603
2024-08-01,MSFT,Technology,416.1242037023935,422.72022849108816,408.5095707902921,412.4849853515625,8.912454358744657,0.005832476320937847,0.5755431597879768
2024-08-30,MSFT,Technology,411.73253163556785,413.604928025177,408.2948214180594,413.2582092285156,7.872875902354773,0.006003112235421499,0.507265929729587
2024-09-09,MSFT,Technology,403.4503023301037,404.84718480089737,398.40767240518096,401.9444580078125,8.019368615847311,0.013791395484287343,0.5467249388388258
2024-09-10,MSFT,Technology,404.4013853254675,412.45570379102855,403.90603822449737,410.3455505371094,7.938365984254904,0.006112604039454777,0.551298491545775
2024-12-19,MSFT,Technology,438.38609658906347,439.9346705847199,433.12491959024413,433.8297119140625,8.01391110172921,0.009670930541098058,0.5173533545155283
2025-01-02,MSFT,Technology,422.4139505741353,422.9500047735069,411.81216477472935,415.51483154296875,7.8893785190650085,0.009561113308275212,0.5451454086414104
2025-01-03,MSFT,Technology,417.99651176266025,420.9249216883709,416.46781065088146,420.2499084472656,8.121411481901621,0.005972543050932864,0.5485184689568648
2025-01-06,MSFT,Technology,424.8658449852562,431.1395722098291,422.36430932720185,424.7169494628906,7.927745672151658,0.010983789514780622,0.5102177229868288
2025-01-22,MSFT,Technology,434.3558409675422,443.9947282693763,432.8072669314077,442.9325866699219,8.082700623878326,0.021143457399510807,0.5124913153293174
2025-01-31,MSFT,Technology,415.911907348454,417.60937689111034,411.87170384291437,412.0205993652344,10.92397792212403,0.009614724670933383,0.5223849988567564
2025-02-10,MSFT,Technology,410.6804954197058,412.41768060214906,407.91094771202364,409.201416015625,9.159915091584912,0.009664460313324127,0.5089360896429022
2025-03-12,MSFT,Technology,380.9080172396425,383.1659020465141,376.92934634163805,381.2262878417969,9.8590459221698,0.006571143509006135,0.5452243968290433
2025-04-08,MSFT,Technology,366.2963320079612,371.65757505461033,348.38235725741856,352.66937255859375,10.606186435934383,0.02906166030885169,0.9084557013608707
2025-04-17,MSFT,Technology,371.75704543823275,372.3240133010547,364.9336397230584,365.8188781738281,13.590083232772795,0.005758747630550301,0.51372350575105
2025-04-22,MSFT,Technology,361.44235434917846,365.80892977570767,357.94110461161955,364.864013671875,13.068544612770301,0.011862393239228521,0.5017249488438131
2025-04-23,MSFT,Technology,374.05472426245655,378.3616523034824,371.0309260243866,372.3936462402344,12.74964015244998,0.025189413716330003,0.587684600489185
2025-05-01,MSFT,Technology,428.81116623183453,434.65981700987567,422.6342884776108,423.1316223144531,11.564747741003247,0.0906997581184699,0.5950506832795665
2025-05-29,MSFT,Technology,459.93167902845283,460.10109634693043,453.71356774793736,457.0717468261719,8.868254963493188,0.00916125600118804,0.5288118732402795
2025-06-06,MSFT,Technology,468.4417212017894,471.6803257365932,467.1363168836836,468.730712890625,7.4148630245218525,0.005153118270192369,0.5185667300516067
2025-06-24,MSFT,Technology,487.23560408546166,490.1254297173699,485.0931183138473,488.3915100097656,7.309813651227528,0.00606999760812817,0.5556466468990279
2025-07-24,MSFT,Technology,506.98609704492156,511.86891017220256,505.5212500656798,509.0887145996094,6.380536801957473,0.005732662952748489,0.5358769578082299
2025-07-29,MSFT,Technology,513.7224399565682,515.8050777848653,509.7663282358281,510.7727966308594,6.45879698061604,0.005912254894828968,0.7597164650462124
2025-07-31,MSFT,Technology,553.2831833968122,553.5024436401114,530.0350289229713,531.62939453125,6.432964327538011,0.08181354324076205,0.6693462499520645
2025-08-04,MSFT,Technology,526.4177481275262,536.3627358241171,526.2782244119826,533.7619018554688,9.40001951630283,0.007937256009633136,0.533707638468006
2025-09-08,MSFT,Technology,497.1794589519428,500.26371328397477,494.10522614671714,497.2693176269531,8.34075734655841,0.0062827916498384775,0.5306227751658299
2025-10-31,MSFT,Technology,527.8919782690999,528.3311587204174,514.137692119172,516.8426513671875,9.46370226140062,0.005934218344925207,0.5104494272839402
2025-11-20,MSFT,Technology,492.7099914550781,493.57000732421875,475.5,478.42999267578125,10.796909657271424,0.013368709229005113,0.5461475348556224
2025-11-24,MSFT,Technology,475.0,476.8999938964844,468.0199890136719,474.0,11.268817189237701,0.006100154436580552,0.538112618293841
2025-11-26,MSFT,Technology,486.30999755859375,488.30999755859375,481.20001220703125,485.5,11.324029989440769,0.019539209448901113,0.5043535085075711
2024-01-22,MU,Technology,87.60740936217893,89.27479896296556,87.3493664703864,88.57012939453125,2.1781384867334506,0.008684667577609403,0.6654340386126679
2024-01-24,MU,Technology,87.74636320776904,87.90515824698262,85.9598716908331,87.41883850097656,2.2060173175288513,0.01005385257429542,0.6660168588392958
2024-01-25,MU,Technology,88.48080588870263,89.36412458627649,87.83568353475677,88.53042602539062,2.1873936917160424,0.0121480381795991,0.6504575505267725
2024-02-14,MU,Technology,81.56312288729083,82.55561646948122,80.87829989249943,81.21575164794922,2.3100987537282296,0.007972465154011475,0.5084126736497337
2024-03-06,MU,Technology,94.33652321129782,95.70616170418351,93.85019587731168,94.84268951416016,2.738394469511806,0.006139486933826476,0.5191529487624212
2024-03-18,MU,Technology,96.0932391732201,96.3512896539172,92.9867366362211,93.07605743408203,3.19037915518662,0.03828430297337781,0.5095915568027586
2024-03-21,MU,Technology,112.51901075117168,112.64803220306011,107.96346084175396,109.02542877197266,3.215588446403181,0.17787040448731442,0.5050177655588785
2024-03-26,MU,Technology,118.10673696070361,121.54076386620014,117.28296546543237,117.90824127197266,4.708959556878779,0.015965063116379154,0.5488673456060081
2024-04-01,MU,Technology,118.41943624763809,126.54587122619795,118.22074894505056,123.48604583740234,4.457312018663469,0.011112080513003386,0.5328581896378776
2024-04-04,MU,Technology,129.32752936438908,129.68517256707688,122.84029883971486,123.27741241455078,4.865318899076256,0.016951875406441382,0.6230045418715975
2024-04-15,MU,Technology,122.82042880521095,123.96289975621787,119.82020805836903,120.57523345947266,5.122792610909664,0.009059747986816535,0.5129201811568408
2024-05-23,MU,Technology,130.90712984720832,131.085943870249,123.84368791858465,125.4431381225586,4.0338652877752805,0.043474888128769686,0.6139274767848266
2024-06-03,MU,Technology,127.29097233689068,127.99631456137928,124.33048290884291,127.33070373535156,4.426822119241189,0.025040152530872765,0.5292298478168371
2024-06-13,MU,Technology,141.85493787707466,143.275581453377,139.34150670863798,142.20265197753906,4.619452689292455,0.014493590883854376,0.6649818515778174
2024-06-20,MU,Technology,155.98184681415353,156.3792365916521,141.97418686275248,143.2458038330078,5.048907735420945,0.023199732310840118,0.6517732237393836
2024-06-25,MU,Technology,139.15279537133134,140.20585181205593,136.84798001068287,140.19590759277344,5.83960106773914,0.007625498544729555,0.5011067295136482
2024-07-09,MU,Technology,131.00170814895435,134.4420632891703,130.13665428608672,130.39517211914062,5.408049043629549,0.008110599922063437,0.508868132100348
2024-07-10,MU,Technology,132.34406395133706,135.72474756543497,131.9463266500671,135.61537170410156,5.34278192500746,0.014946042867413502,0.5102626815400447
2024-07-18,MU,Technology,119.81561656227593,120.94914129050287,113.44201871213419,116.7829360961914,5.42089328259577,0.008368195753322658,0.5328095588734106
2024-07-26,MU,Technology,109.37526550515223,110.00168474933501,107.1678725693689,108.78861999511719,4.9816452076334885,0.023732001115656147,0.5989294890581511
2024-07-29,MU,Technology,109.9121894897216,110.39940441288188,106.53149825684092,107.23746490478516,4.851666277192805,0.010328005766180693,0.5717259307350558
2024-07-30,MU,Technology,108.38094313184868,108.6295232766465,101.58973175531693,101.9775161743164,4.78139769711053,0.0106630479196688,0.5685190206886227
2024-08-07,MU,Technology,92.84965340131838,93.04852206975333,86.08827798187467,86.3070297241211,5.853705621758788,0.049213478966149034,0.5146919462615563
2024-08-30,MU,Technology,96.369551094754,97.85109425630708,94.45051202607473,95.69341278076172,4.721363055668904,0.014125898512790067,0.5220986712843689
2024-09-09,MU,Technology,87.35106533342477,87.46044120899029,84.52719840153348,85.78003692626953,4.57547448522213,0.017017943581231144,0.5576664751669844
2024-09-10,MU,Technology,86.47605642230124,86.69480814941942,84.38798485755562,86.35673522949219,4.458172222524607,0.00811400322233434,0.5599696098642206
2024-09-11,MU,Technology,87.69906495067474,90.31413271732914,85.59111034851706,90.1351547241211,4.304504441763121,0.015544007281138212,0.5619103465835873
2024-09-13,MU,Technology,87.5896914555699,90.95049968705491,87.37094731223937,90.70191955566406,4.4885779887808495,0.010090565759206306,0.5160039405209897
2024-09-19,MU,Technology,88.84254119628375,89.87663549689722,87.08259712953084,88.74311065673828,4.238385612074431,0.022896339300797937,0.5095445152611522
2024-09-23,MU,Technology,92.15362952986989,94.26159184177675,92.0541989913787,93.03857421875,4.042513994125117,0.019582081212568388,0.5001696999197677
2024-09-26,MU,Technology,112.4576410942484,114.14799040662433,106.91927650515477,109.25592803955078,3.7830254397535796,0.18095429237074975,0.5041783423025954
2024-10-17,MU,Technology,110.83229336946395,113.61952859377666,110.50380391938685,111.5390625,4.2108642900821645,0.019223605482683766,0.5004717351290362
2024-12-11,MU,Technology,99.04628794738035,102.19188224519002,97.8517628893746,101.59461212158203,3.905026284996522,0.014271072867276491,0.5211278145238252
2025-01-02,MU,Technology,84.70240913085375,87.36368552942879,84.46318763553033,87.04473114013672,4.589579072891789,0.00974345754898829,0.5545116776496449
2025-01-03,MU,Technology,87.66269741233285,89.90534750922625,87.22413989775922,89.57643127441406,4.510223931917591,0.00709941043072716,0.5452892457616413
2025-01-06,MU,Technology,95.25781177828836,101.18837253152586,95.16810942145153,98.93576049804688,4.392394820287015,0.06342494809231232,0.5022795994558965
2025-01-07,MU,Technology,103.07220273488886,106.39131911922841,100.82955262425479,101.57710266113281,4.908076708631642,0.04180937424465086,0.5125184846510284
2025-01-14,MU,Technology,96.73297675814872,97.09180138029205,95.0684262481335,97.04196166992188,5.111769457050499,0.020934186878292037,0.5267994655743031
2025-01-28,MU,Technology,92.3074896047393,93.14474209061383,87.75241783556261,87.96173095703125,5.340614106471985,0.01646365786398778,0.5390025891525132
2025-01-29,MU,Technology,89.58639143542192,90.15452914502396,87.47332158436204,88.71923828125,5.34430768851336,0.018470083077199818,0.5167246724334403
2025-02-10,MU,Technology,92.88559071637368,95.9455620403591,92.86565178928166,95.61663818359375,4.46109647705587,0.00964239670183639,0.508370559967695
2025-02-26,MU,Technology,95.6864026010684,99.39425191857532,95.1880359208545,97.39081573486328,4.565919625601915,0.02982186746520575,0.5425431335676418
2025-03-03,MU,Technology,95.49702936978461,95.88575480675875,89.09800244862443,90.24424743652344,4.936859689282697,0.02328330765841421,0.6057811793303371
2025-03-12,MU,Technology,92.16794020884099,96.67317190390702,91.93868817715676,95.32758331298828,5.214434493677364,0.038405418115232355,0.5447372442199755
2025-04-01,MU,Technology,88.35570106399089,88.71499290573567,86.08019114252313,88.53534698486328,4.752281691793674,0.018874491109420636,0.529170709265247
2025-04-08,MU,Technology,71.4590315276293,72.82633699616683,63.39494150948836,65.41096496582031,5.961788983055292,0.04724284336988718,0.917323670253557
2025-04-14,MU,Technology,74.52298012401477,74.63276415374398,69.83223701773662,70.88016510009766,6.809730170975209,0.07361595439216093,0.5330176118612117
2025-04-17,MU,Technology,70.30132136812074,70.34124353052904,66.86809154474606,68.66455078125,6.198551456407283,0.016010419551598844,0.5428529282544613
2025-04-22,MU,Technology,67.40702823491193,70.26139807916097,67.30722663767833,70.07176971435547,5.799588937945786,0.011986912673306017,0.5103585018195257
2025-04-23,MU,Technology,73.54491322875603,75.25154547359537,72.35725379876999,72.78640747070312,5.646246962192741,0.0495655173054524,0.6016759381331794
2025-05-01,MU,Technology,79.24367024840856,79.73270335159208,77.48713339400453,77.61687469482422,4.890341089110151,0.0318387753072016,0.5262789442701218
2025-05-29,MU,Technology,98.39588987879493,99.43384321441896,95.92077682908452,96.60942077636719,3.6220606770218033,0.02505722431062562,0.5273816942589435
2025-06-06,MU,Technology,107.8672169746937,110.83137094084064,107.82729481183956,108.34626770019531,3.9394509397182076,0.016840783902423627,0.5368243810695239
2025-06-11,MU,Technology,115.37239812458063,117.02913346991906,114.50411590700718,115.80155181884766,3.992542172430739,0.01279128320158477,0.5309511446605325
2025-06-16,MU,Technology,117.5780476609707,120.72184731479645,117.08901452818064,119.60404968261719,3.8296024849421757,0.019117651323401715,0.5489809229691706
2025-06-20,MU,Technology,122.52828360614531,123.91555394010966,120.14298971479863,123.35665130615234,3.8706427067015317,0.007798387752765124,0.5023148178278096
2025-06-24,MU,Technology,124.86367477955537,127.84779332856152,124.71396858778488,127.65816497802734,3.922716665333489,0.024819748811966382,0.5789844066729785
2025-07-24,MU,Technology,110.94567412955242,112.61396084997418,110.13651036981018,111.614990234375,3.910790835616923,0.011199111782763846,0.5647688954473002
2025-07-29,MU,Technology,111.93466076948398,113.42312485592635,110.55607643917838,111.8447494506836,3.654471320727713,0.007191093659800457,0.7531945139632384
2025-08-04,MU,Technology,105.91085157128352,107.76893735512536,105.35143051689337,107.65904998779297,3.989031107939407,0.01086948338935102,0.5275965972384921
2025-08-05,MU,Technology,109.1874894491818,110.52610639264236,106.7200308517902,108.9477310180664,3.9181648619236715,0.01419703649216793,0.5082748740239872
2025-08-07,MU,Technology,114.02249680810154,115.16132261380078,110.67594702393131,111.75483703613281,3.7956913037855498,0.0492736919851625,0.5009975095167863
2025-09-18,MU,Technology,162.82222041878873,170.27453241390646,162.4326225020797,168.7161407470703,5.342880686816613,0.018751115812259394,0.5287446237122662
2025-09-22,MU,Technology,164.2107878236834,167.08781271136408,161.42365138623745,164.45053100585938,5.97851739591417,0.01013950472703748,0.5408580604401853
2025-09-23,MU,Technology,165.50944895108734,168.8160545863141,165.0599152099857,166.23870849609375,5.956063390857917,0.006439127552529652,0.6130821068892185
2025-10-02,MU,Technology,184.76959785278888,185.98832788839937,181.0234583264217,183.5608367919922,6.797618096647952,0.015426912383859131,0.5060412771702325
2025-10-03,MU,Technology,185.13521330677412,191.77253126367356,184.84532187608136,187.754150390625,6.666707487028647,0.008576864990902098,0.5536949598459228
2025-10-06,MU,Technology,194.93124102646516,200.91882749602368,189.3534926417827,190.8828887939453,6.777063700218128,0.03822600257255633,0.6215429138530915
2025-10-07,MU,Technology,194.77132560130494,195.22114084061838,183.16601311335563,185.61502075195312,7.233321800588168,0.020370798199502962,0.5465578203528719
2025-10-27,MU,Technology,224.71921308799338,224.88914260699457,215.65288373524083,220.01112365722656,9.558280802417112,0.026435880886444368,0.5001552818554448
2025-11-03,MU,Technology,233.78556365841868,237.52404367708658,231.7064017363582,234.605224609375,9.369287799122034,0.045180338527509946,0.5528478088063221
2025-11-10,MU,Technology,247.8598683435185,256.96618989035056,247.70991976927402,253.1977081298828,11.455099314716463,0.042199098561919,0.5095915568027586
2025-11-20,MU,Technology,230.14703356948263,230.50688881000934,199.5194067459256,201.28868103027344,14.290555368478632,0.019121867330419196,0.5545742237857771
2025-11-21,MU,Technology,204.44740539337903,211.91439007520125,192.5122245685346,207.2862548828125,15.483192989593283,0.015692508624618216,0.5675981483817333
2025-11-24,MU,Technology,213.32382808036323,226.0186967328067,212.27424902289934,223.83956909179688,15.763119597955665,0.02912674166921496,0.5374415924741489
2025-12-15,MU,Technology,247.0102186437451,250.00900725651238,235.90470420435855,237.4040985107422,13.823783589354413,0.024757451194370214,0.5134901447749445
2025-12-19,MU,Technology,251.6483311790547,268.2716200619119,251.6483311790547,265.8126220703125,15.394486171781718,0.012874643573659117,0.5092188903411548
2025-12-22,MU,Technology,277.03807341876205,279.8769228912229,268.181665962978,276.4783020019531,15.71073639698354,0.04223069341485299,0.5242086386355335
2026-01-02,MU,Technology,295.1300048828125,315.6000061035156,294.8599853515625,315.4200134277344,13.663698516459265,0.03405627376751104,0.5161315893780956
2026-01-05,MU,Technology,325.1300048828125,325.5299987792969,309.54998779296875,312.1499938964844,14.844148796812622,0.03078432262289778,0.5081119385857521
2026-01-06,MU,Technology,318.2799987792969,344.54998779296875,318.05999755859375,343.42999267578125,14.925281810349444,0.019638010580404947,0.5100902080915191
2026-01-08,MU,Technology,342.8999938964844,343.6600036621094,321.3599853515625,327.0199890136719,15.669655501244788,0.009866017446474477,0.5130802749376874
2024-01-18,NET,Technology,78.76000213623047,79.68299865722656,76.62999725341797,77.95999908447266,2.813477759650404,0.02192814906057078,0.5286403025161199
2024-01-22,NET,Technology,83.87999725341797,87.16999816894531,83.54000091552734,84.68000030517578,2.87554462659718,0.031100169966219646,0.6680724945990639
2024-01-24,NET,Technology,85.37000274658203,86.23999786376953,82.30000305175781,82.33000183105469,3.029015565025618,0.017157183798049484,0.6872466836634036
2024-01-25,NET,Technology,83.02999877929688,83.60600280761719,81.26000213623047,81.86000061035156,3.0940855112389114,0.008502331260463427,0.669991405760176
2024-02-22,NET,Technology,99.45999908447266,99.93000030517578,97.4000015258789,99.47000122070312,5.172070653750033,0.04595649295277879,0.5004934888962398
2024-03-06,NET,Technology,98.7300033569336,99.36000061035156,95.76499938964844,97.48999786376953,4.709327654621894,0.028759009077047582,0.5199771703580824
2024-03-21,NET,Technology,100.0,100.9000015258789,96.31999969482422,96.41000366210938,4.217097519524611,0.02061641736944746,0.504529852993855
2024-04-24,NET,Technology,89.48999786376953,89.9000015258789,87.16999816894531,87.68000030517578,3.468103059382387,0.018320444477357374,0.638416823496568
2024-04-29,NET,Technology,88.9000015258789,91.0199966430664,88.5,89.6500015258789,3.3447013683319424,0.010112480036880462,0.5075238418481026
2024-05-07,NET,Technology,74.73999786376953,75.08999633789062,73.01000213623047,74.12999725341797,4.250836982888282,0.0059218680207215576,0.5177927265533653
2024-05-23,NET,Technology,76.04000091552734,76.3499984741211,73.47000122070312,73.62000274658203,2.8371805207549947,0.014137070033829618,0.6265511619173388
2024-05-31,NET,Technology,68.48999786376953,68.8550033569336,66.37999725341797,67.69000244140625,3.095538092181186,0.007502125355278035,0.5159827904248152
2024-06-03,NET,Technology,68.55999755859375,68.7699966430664,66.23999786376953,67.43000030517578,3.0512143787050747,0.012852638289392652,0.5306367386875054
2024-06-05,NET,Technology,69.0199966430664,69.87999725341797,68.16000366210938,69.8499984741211,2.913700115698668,0.014701559090740335,0.5181624248303566
2024-06-13,NET,Technology,76.04000091552734,76.55999755859375,73.5,73.51000213623047,2.5949430175963615,0.008220667749065547,0.6575183135703999
2024-06-17,NET,Technology,77.02999877929688,77.94000244140625,75.0199966430664,77.68000030517578,2.6054352247745736,0.019050172128192405,0.5247920343467694
2024-06-20,NET,Technology,80.0,80.0979995727539,77.47000122070312,78.44999694824219,2.6444828413787898,0.011633765144704758,0.5426034681712225
2024-07-11,NET,Technology,83.86000061035156,84.5,81.87000274658203,82.0199966430664,2.5283294208808864,0.018089083575165466,0.5012783635560184
2024-07-26,NET,Technology,79.08999633789062,79.2249984741211,77.22000122070312,78.05999755859375,3.0417367433969607,0.013454579831435744,0.5427332731809223
2024-07-29,NET,Technology,78.61000061035156,78.97000122070312,77.16000366210938,77.37000274658203,2.967683922684176,0.007045901472709715,0.55468836471909
2024-08-07,NET,Technology,78.75,79.9800033569336,76.18000030517578,76.37000274658203,3.6878053487638716,0.032922379414483983,0.516848548598411
2024-08-09,NET,Technology,77.51000213623047,78.9000015258789,76.87000274658203,77.70999908447266,3.598975505897643,0.008982067744693564,0.5263123492215936
2024-08-14,NET,Technology,82.30000305175781,83.36000061035156,80.69999694824219,81.45999908447266,3.5426054578266974,0.006727866076548165,0.5000829965304838
2024-08-30,NET,Technology,82.0999984741211,83.69000244140625,81.66000366210938,82.13999938964844,2.8167306652152733,0.010088579074057318,0.5074109216718671
2024-09-09,NET,Technology,77.01000213623047,77.70999908447266,76.08999633789062,76.23999786376953,2.9469310536212623,0.012623261616693214,0.5614812386290567
2024-09-10,NET,Technology,76.6500015258789,77.20999908447266,74.87999725341797,76.80999755859375,2.8550071235565184,0.005377802644249749,0.5316964758018041
2024-09-26,NET,Technology,84.80999755859375,84.80999755859375,81.18000030517578,82.36000061035156,2.7976711522167816,0.016784484294662002,0.5032146363396863
2024-10-17,NET,Technology,92.05000305175781,92.16000366210938,90.16999816894531,90.4000015258789,3.1332636959722495,0.0077732290599255805,0.5004717351290362
2024-12-02,NET,Technology,106.02999877929688,108.61699676513672,104.61000061035156,105.05000305175781,3.8837115616460522,0.06210554777645531,0.5721798856935079
2024-12-19,NET,Technology,110.37000274658203,111.12999725341797,107.0,108.58000183105469,4.40014211070872,0.011640735932385802,0.5331745942905937
2025-01-02,NET,Technology,114.5,114.75,110.68000030517578,112.54000091552734,3.8564552206308913,0.06333580679323611,0.5293251486256522
2025-01-03,NET,Technology,113.4000015258789,114.80000305175781,112.05999755859375,114.7300033569336,4.0859941116447,0.007641732747070794,0.5469864706424838
2025-01-06,NET,Technology,116.36499786376953,117.08000183105469,112.51499938964844,113.98999786376953,3.9898520674675115,0.014250801525293674,0.5172488105904998
2025-01-14,NET,Technology,112.45999908447266,113.9000015258789,111.31999969482422,112.0,4.264394035119756,0.01580706362995031,0.5267994655743031
2025-01-28,NET,Technology,128.8300018310547,140.25,125.6709976196289,139.97999572753906,4.2174301091143604,0.018660556555487963,0.5095944505892589
2025-01-30,NET,Technology,137.25,139.5970001220703,135.8300018310547,137.25999450683594,5.013574322885417,0.005936657461887697,0.5290102516870477
2025-01-31,NET,Technology,138.72999572753906,142.41000366210938,138.1300048828125,138.39999389648438,4.9245331777518615,0.010709611536738876,0.5378228327303285
2025-02-04,NET,Technology,139.52000427246094,141.6699981689453,137.99400329589844,140.13999938964844,5.196663982701023,0.01958497519944924,0.5001624049247638
2025-02-26,NET,Technology,145.27000427246094,146.8800048828125,144.0500030517578,144.9199981689453,7.178830941350991,0.014880570713251919,0.5498538769941417
2025-02-27,NET,Technology,148.0,150.69000244140625,140.64999389648438,140.72000122070312,6.933200552194783,0.021253118064934507,0.6724207032394178
2025-03-12,NET,Technology,124.97000122070312,126.0,116.0,119.4000015258789,8.395414151733197,0.04080954058743225,0.6054908538320444
2025-04-01,NET,Technology,114.16500091552734,115.7300033569336,111.33999633789062,115.66000366210938,6.968199044996812,0.013088991411532065,0.5331956640560545
2025-04-08,NET,Technology,103.58999633789062,105.26499938964844,95.79000091552734,97.44999694824219,8.243968892962108,0.05317197737988474,0.9132255799745467
2025-04-14,NET,Technology,110.0,111.69000244140625,106.0999984741211,107.12000274658203,8.852351238305037,0.03529411764705882,0.5351128425086618
2025-04-23,NET,Technology,113.18000030517578,118.0,112.12000274658203,112.80000305175781,7.650619072825312,0.05963863769482421,0.5483673847147389
2025-05-01,NET,Technology,125.69999694824219,125.9800033569336,122.5,122.61000061035156,6.806366244387212,0.040735206314546336,0.563663867578795
2025-05-14,NET,Technology,152.0,154.6199951171875,150.4499969482422,154.49000549316406,6.72916848720792,0.010907152055009578,0.5569320073341831
2025-05-27,NET,Technology,160.0,162.8000030517578,159.2760009765625,161.75999450683594,5.641008772436815,0.012401966572591395,0.5604699363289362
2025-05-29,NET,Technology,164.80999755859375,165.49000549316406,159.75999450683594,164.16000366210938,5.302503196861177,0.017471304517225297,0.6088161041802728
2025-06-06,NET,Technology,178.38999938964844,181.80999755859375,176.14999389648438,179.6699981689453,5.7441853974433155,0.011682626536620099,0.5952127386779881
2025-06-16,NET,Technology,174.11500549316406,179.47000122070312,173.8040008544922,179.27000427246094,6.27323810227146,0.012473130529946782,0.5173277409380043
2025-07-24,NET,Technology,190.1999969482422,192.6199951171875,186.72000122070312,191.5800018310547,6.433898386160016,0.005551166194234429,0.5304604389654671
2025-07-28,NET,Technology,200.91000366210938,202.33999633789062,198.6199951171875,199.41000366210938,6.541064517225903,0.012549165992048542,0.5244483205222235
2025-07-31,NET,Technology,204.77000427246094,210.97999572753906,203.0,207.67999267578125,6.08040824995466,0.019517042817140836,0.6789617114768245
2025-08-04,NET,Technology,204.57000732421875,211.75,202.7100067138672,208.8000030517578,7.233973859410643,0.022287775224945326,0.53385199971972
2025-10-06,NET,Technology,219.5,225.37100219726562,219.21499633789062,221.02999877929688,7.952602538504382,0.013061346079155982,0.5242936545683606
2025-10-10,NET,Technology,222.1199951171875,226.9499969482422,213.14999389648438,213.82000732421875,7.835957863316078,0.005295307468229502,0.5218425683368095
2025-10-20,NET,Technology,212.41000366210938,213.4499969482422,208.8000030517578,213.0399932861328,8.785873128468232,0.011428071130182882,0.5148040877935014
2025-10-27,NET,Technology,222.44000244140625,225.44000244140625,219.2899932861328,225.11000061035156,7.9325783127280936,0.021069525863173948,0.5038151184816821
2025-10-31,NET,Technology,236.5,254.3000030517578,234.0,253.3000030517578,7.566357055826321,0.06292134831460675,0.5140863483454644
2025-11-03,NET,Technology,254.91000366210938,260.0,245.1199951171875,248.11000061035156,9.297331769821428,0.006356101819795811,0.5259913549758262
2025-11-17,NET,Technology,213.44000244140625,213.6999969482422,201.38999938964844,202.25,10.38169584594641,0.013485262372189532,0.5558900671783962
2025-11-20,NET,Technology,204.47000122070312,204.47000122070312,189.7899932861328,191.38999938964844,10.381728910524002,0.04215088889447116,0.5710960991944283
2025-11-24,NET,Technology,187.86500549316406,194.16000366210938,187.4600067138672,193.99000549316406,10.670623749225935,0.007967596155420562,0.5253518822609013
2025-12-22,NET,Technology,198.60000610351562,203.6999969482422,197.5,202.05999755859375,7.692039317647938,0.014922391338048005,0.5224070155651768
2026-01-02,NET,Technology,198.89999389648438,200.3000030517578,193.13999938964844,196.02000427246094,6.357210688977578,0.008876490257051976,0.5135028717652228
2024-01-10,NLR,Unknown,71.93595042162028,72.87534138645776,71.77131687215898,72.11995697021484,1.2210522994917485,0.00841691295619752,0.5562909735019239
2024-01-18,NLR,Unknown,74.43453527727434,74.54106460653162,73.11745210521548,74.1246337890625,1.4892809854369897,0.01251475974103598,0.5334953745889521
2024-01-24,NLR,Unknown,74.12463453974313,74.29895459041731,72.79786485468767,72.8172378540039,1.5325214288957085,0.01136367144713294,0.7975627390723606
2024-01-25,NLR,Unknown,73.33051325041345,73.33051325041345,72.05216864461089,72.34269714355469,1.5302763079552748,0.0070488171693444315,0.6950130595377364
2024-01-31,NLR,Unknown,74.07620449709312,74.29894964259012,73.21429080077814,73.38861083984375,1.4547525803754295,0.005256929652838789,0.6102968699202523
2024-02-29,NLR,Unknown,71.92626116034023,72.07152909372478,70.39612677610714,70.77381896972656,1.3791827704453374,0.012818578241715546,0.6995747998768544
2024-03-05,NLR,Unknown,72.38143846960571,73.23367316453233,71.66479261230046,71.79068756103516,1.434774394400374,0.005651224793412909,0.5818631421570787
2024-03-12,NLR,Unknown,72.32333246171449,72.42017529594011,70.91909289385627,71.59700012207031,1.5608855284466738,0.00973499973070802,0.5527320839112498
2024-03-13,NLR,Unknown,72.10058960879273,72.73007913442784,70.52202993317782,70.8028793334961,1.5566138765636142,0.007033667414330442,0.5267385702148125
2024-04-01,NLR,Unknown,74.15368889428777,75.87751645388373,74.06653256063014,75.81941223144531,1.3017210955280154,0.008030488847910675,0.5011011319187569
2024-04-04,NLR,Unknown,78.65694386624675,78.65694386624675,75.99372554094289,76.30362701416016,1.4163691630165995,0.00869348341419671,0.5731112315481924
2024-04-17,NLR,Unknown,74.27957986345075,74.93812144083256,73.46609123831486,73.74694061279297,1.791689039709933,0.006825885947926874,0.6243095330981717
2024-04-29,NLR,Unknown,76.02278196012249,76.89438221191446,75.72256696897418,76.82659149169922,1.5595024086891933,0.008090360268211595,0.566077686831492
2024-05-03,NLR,Unknown,78.38578566188953,78.74410487460268,78.00809344984172,78.51168060302734,1.7314302783020679,0.005965749036172245,0.50818789828911
2024-05-10,NLR,Unknown,82.55977679409266,82.74378335307017,80.49699558806077,80.90373992919922,1.780737795746717,0.0078023829906832655,0.5196251630480393
2024-05-13,NLR,Unknown,81.46543828972099,81.99807757499474,80.58415149991518,80.66162872314453,1.81402707926548,0.00694279845422881,0.5301783374691419
2024-05-15,NLR,Unknown,82.1917658025602,82.90841160372685,81.73659637863197,82.5694580078125,1.7243232571548421,0.009636083161656487,0.5075349291940885
2024-05-31,NLR,Unknown,84.46760596371423,84.87435028088277,83.0827320745253,84.04148864746094,1.7315921579387383,0.00867345668844623,0.5335203637087681
2024-06-12,NLR,Unknown,79.39296564179445,79.57696479969263,78.647260344841,79.4413833618164,1.8592345709356597,0.017626712504446463,0.6656254466698543
2024-06-28,NLR,Unknown,78.97653774499624,79.24770063076164,76.83627199241678,77.44639587402344,1.4582786395308496,0.005796738025537681,0.6172021052998572
2024-07-01,NLR,Unknown,77.94030854667265,78.35673939983658,77.37860974219389,77.64977264404297,1.526360782303279,0.006377477829344428,0.7019915356180014
2024-07-11,NLR,Unknown,82.58882620926961,82.86967559430538,82.1336567710611,82.57913970947266,1.4817696737171593,0.008156987508484205,0.5253774464521723
2024-07-18,NLR,Unknown,78.6763143813569,78.6763143813569,76.83627103687311,77.0687026977539,1.5429482001600576,0.007690370038625064,0.5401086498620319
2024-08-07,NLR,Unknown,70.6188707478922,71.31615097855482,69.48579406738281,69.48579406738281,1.9500640477745361,0.02128854363007723,0.7216675825265357
2024-09-10,NLR,Unknown,68.63356820790989,69.34052756470139,68.44956164636712,69.33084106445312,1.565877458440914,0.00524831814728719,0.6121656819813059
2024-09-19,NLR,Unknown,73.58231123154032,73.79536251068501,72.68165883778614,73.70820617675781,1.4625899104711204,0.023851272554418004,0.65974999402654
2024-09-26,NLR,Unknown,82.62756574160444,83.29579385099368,81.53322768864392,81.83344268798828,1.7361410003513482,0.010421583711496672,0.6132935890510648
2024-10-17,NLR,Unknown,92.4185244913429,93.07706608892266,91.16923201702387,91.58566284179688,2.141844166965913,0.010482797918494378,0.6682159260602429
2024-10-21,NLR,Unknown,94.42320193864126,94.80089415530507,92.34104780278022,93.61939239501953,2.2320472542870062,0.008899019717383822,0.5251501323067348
2024-10-24,NLR,Unknown,90.2879545173553,90.8593324064768,88.92244618387986,89.77467346191406,2.4184247714014875,0.0075651765073662,0.5811299898212668
2024-11-01,NLR,Unknown,89.17423918438963,89.73593793527316,87.05334650801163,87.24703216552734,2.3427734134072358,0.012090528101877319,0.5294760588804072
2024-11-05,NLR,Unknown,84.90340201605783,84.94214062542204,83.7703253995329,84.46760559082031,2.4981883434676093,0.010838149850826791,0.5275918761436574
2024-11-06,NLR,Unknown,86.23986343763748,86.43354910763487,83.9833891778577,85.47479248046875,2.4034474064977194,0.020981509235651553,0.5321947225330247
2024-11-13,NLR,Unknown,87.98305770781322,88.44791366557156,85.5038456361281,85.74595642089844,2.5298826598264066,0.017015556591163564,0.5999883340479377
2024-11-25,NLR,Unknown,94.46194268791909,94.46194268791909,90.355745933306,91.14018249511719,2.710716342293843,0.012666204335053765,0.5001578203040112
2024-12-13,NLR,Unknown,85.07772423606596,85.32952150904508,83.59600748606644,83.78001403808594,2.4466053547185016,0.005954413964008527,0.5296290802583927
2024-12-18,NLR,Unknown,82.80188643029022,83.39263732222868,78.92811396571524,79.2961196899414,2.328616729463126,0.009445216522799399,0.6419516723130465
2024-12-19,NLR,Unknown,80.24519713150916,80.70036657791948,79.33485823868853,80.07087707519531,2.481181488538149,0.011968775335776501,0.6334393961066905
2024-12-31,NLR,Unknown,80.61082493796316,80.61082493796316,78.79605637585782,79.36194610595703,2.184534396058454,0.00854500436019381,0.6674799775179922
2025-01-06,NLR,Unknown,86.91372666246131,88.20162619448051,86.23074501368929,87.14788818359375,2.2980454458340556,0.019455274905171092,0.574460542030922
2025-01-07,NLR,Unknown,87.6064636823817,87.6064636823817,84.29890320366059,84.77698516845703,2.3443679337396057,0.005262037994791954,0.7179803669787261
2025-01-10,NLR,Unknown,83.2939532099963,83.50859694094888,81.74261536539186,82.43534851074219,2.5077173457825013,0.006959294711059811,0.5667086878369124
2025-01-14,NLR,Unknown,81.74261001868089,82.35729424159751,81.27428698050304,81.71334075927734,2.4466576228503505,0.011835607743371931,0.5426149447883317
2025-01-28,NLR,Unknown,84.79650125014253,84.79650125014253,81.7718819847447,84.17205810546875,3.195815928564787,0.021629286275198913,0.5441924809991978
2025-02-06,NLR,Unknown,90.2505610048937,90.2505610048937,87.0210568255649,87.56743621826172,3.033763729388647,0.008284304752652029,0.5519529810741266
2025-02-26,NLR,Unknown,79.82051563599524,81.35233557156569,79.45951817947343,80.08395385742188,2.810846027454087,0.016020821204658586,0.6632233359659627
2025-02-27,NLR,Unknown,81.12793426016127,81.12793426016127,76.63004106000896,76.8056640625,2.8093888771450946,0.013036074674810043,0.8306992236470343
2025-03-03,NLR,Unknown,78.50335439305616,78.50335439305616,73.42981216193965,74.02497863769531,2.8810011307751053,0.014500105398484295,0.6911927834997366
2025-03-12,NLR,Unknown,74.59086257177066,75.26408532305427,73.605429419842,74.16156768798828,2.9528389183368935,0.014060211803897306,0.7627897623577038
2025-04-08,NLR,Unknown,69.17583732892834,69.17583732892834,64.54134903216189,65.26335144042969,2.7656552972098063,0.05820902485827588,0.9229134686550647
2025-04-14,NLR,Unknown,73.66397153666406,73.69324079791254,71.81993363940082,72.41510009765625,3.105285543247661,0.022342646692973145,0.6628155923162885
2025-04-17,NLR,Unknown,72.610229376379,73.39077770369913,71.97603479091394,73.00050354003906,2.870450518308712,0.006764038521955124,0.691370959714826
2025-04-23,NLR,Unknown,73.6737325974397,74.87381700696226,73.48835067895199,73.9469223022461,2.7743037231945964,0.023448217136798906,0.7334112844803793
2025-04-29,NLR,Unknown,78.0545341330427,78.0545341330427,76.991044678533,77.7520751953125,2.5918154883080042,0.007810479765323972,0.5143555789102189
2025-05-01,NLR,Unknown,77.97648058578577,78.9424108396171,77.60572421525681,78.03502655029297,2.4628200752324965,0.012414432248899088,0.6278934625734212
2025-05-08,NLR,Unknown,82.44510322728145,82.8744055551157,81.16696258887023,81.23526000976562,2.393445592579399,0.008955238657538616,0.5425508716681876
2025-05-09,NLR,Unknown,81.81091387326774,82.65975968203774,80.99134477006449,82.42559814453125,2.344445404984118,0.007086256182757461,0.5562718373215034
2025-05-12,NLR,Unknown,84.66966138353804,84.66966138353804,82.513405601418,82.81586456298828,2.2961575126261997,0.027225319433798738,0.8466198263667545
2025-05-27,NLR,Unknown,96.38759936149626,97.64622969118045,95.45094579044633,97.59744262695312,2.6317554329891912,0.018873818539440222,0.6165270842534581
2025-05-29,NLR,Unknown,98.09504074990662,98.09504074990662,94.32890872564657,94.89480590820312,2.618173701184502,0.00903252351353436,0.8444784414935574
2025-06-05,NLR,Unknown,96.76810992748688,96.91446366917751,94.58258503485109,95.23628997802734,2.700048837809474,0.0063926491616780965,0.6609364111581951
2025-06-06,NLR,Unknown,96.05586114896128,97.23644256591797,94.65088455164822,97.23644256591797,2.6737509661321126,0.008605660417085019,0.5257353751677982
2025-06-10,NLR,Unknown,100.20250835595475,100.20250835595475,95.85096883492976,96.9242172241211,2.7006291631669255,0.007356529056729591,0.5233985740275862
2025-06-17,NLR,Unknown,108.73972569575481,108.73972569575481,104.3979449801975,105.37362670898438,3.399316741924393,0.01539718933497221,0.5637710215766225
2025-06-20,NLR,Unknown,107.93966648316044,107.93966648316044,104.18329333325087,104.44673156738281,3.340978984407076,0.016072740605354956,0.5129131411657836
2025-07-18,NLR,Unknown,113.7644908145149,114.92555448163543,112.35951415321232,114.28160095214844,3.2067583149905468,0.0092617226651766,0.5318848838789796
2025-07-21,NLR,Unknown,116.07685938182192,116.10612864340332,111.31552766161802,111.94972229003906,3.1609927445214443,0.01570907665552555,0.6074812755963388
2025-07-23,NLR,Unknown,113.5205700878647,115.54023101197221,112.6912420893989,114.98409271240234,3.257246852260192,0.009544478839992394,0.5063485705254402
2025-08-08,NLR,Unknown,117.17937555647221,118.86730824299728,114.82798643245027,115.14995574951172,3.4127043369550125,0.006705748671195587,0.5543380008684702
2025-08-22,NLR,Unknown,109.58857232710966,112.98394804484548,108.55435206863272,112.35951232910156,3.2801184438496107,0.016838680214345876,0.5802095839533459
2025-09-03,NLR,Unknown,116.31101503563562,117.41353268131894,115.2182488474122,116.59396362304688,3.506885236162409,0.0065011327425028125,0.5918915652478739
2025-09-05,NLR,Unknown,116.33053309686669,116.79885614724586,113.23761643110878,115.89147186279297,3.3715045309264693,0.00837286266417477,0.5907757905169071
2025-09-24,NLR,Unknown,137.70771341723338,138.4004539691701,132.35121556842353,132.4683074951172,3.9808506879871106,0.012264265848860558,0.5074191815967625
2025-10-15,NLR,Unknown,161.7290003519172,164.03160986078956,152.8990924883915,159.12393188476562,5.838355740727838,0.03561162443589595,0.5925287583553551
2025-10-16,NLR,Unknown,162.40221175131992,163.5047368076322,153.18202290436565,153.64059448242188,6.216510142989997,0.020602054183329034,0.6155572203257571
2025-10-20,NLR,Unknown,151.18187583828816,151.18187583828816,144.4106424850887,147.54258728027344,6.703408057399142,0.02310987965355568,0.5753930785882765
2025-10-27,NLR,Unknown,146.25467949437805,146.25467949437805,139.58102030242546,142.5763702392578,6.5651193777489505,0.01318004741344953,0.6003198567846776
2025-10-28,NLR,Unknown,147.8450436737213,152.05999567441506,145.37657021610315,149.59152221679688,6.572872221620639,0.03695334244813582,0.5368697313511054
2025-11-10,NLR,Unknown,138.43948453151438,138.54681012077882,134.01964734332702,136.2539520263672,6.507049573293944,0.03698020901256437,0.6156480134233195
2025-11-12,NLR,Unknown,133.87329202722577,135.3270482257818,131.63897260678814,133.39520263671875,6.282547202789202,0.005938511058048402,0.542351572664445
2025-11-20,NLR,Unknown,130.03885503198163,130.54621368160568,119.59906387997835,119.63809204101562,5.852562453775013,0.028394978782640263,0.8513472566167322
2025-12-15,NLR,Unknown,127.66795797470088,128.57533482078594,123.42373657226562,123.42373657226562,5.25483645435488,0.008167157795739951,0.6350242798373213
2025-12-19,NLR,Unknown,123.45300350347134,128.1948171300022,123.27738050086424,127.02400207519531,5.087177193811425,0.011188345498560699,0.5543940137735619
2024-01-05,NVDA,Technology,48.43501546755193,49.5194103643003,48.27910029347317,49.06966018676758,1.1908856787564175,0.009666957636672581,0.5985802419284717
2024-01-18,NVDA,Technology,57.228121458897405,57.5679323320847,56.075763460461346,57.0752067565918,1.4827862760794537,0.02153319308343041,0.5369556952026504
2024-01-22,NVDA,Technology,60.01556144622368,60.297405908795795,59.03710651176245,59.62078094482422,1.5519078920587352,0.009379533908864224,0.6935680253635482
2024-01-24,NVDA,Technology,60.27042173718701,62.81400277309229,59.90462440869122,61.32783126831055,1.5163061700871825,0.007198460079848408,0.7319708144687557
2024-01-25,NVDA,Technology,62.31528094129938,62.68407876992676,60.81611616664833,61.58269119262695,1.620451050735706,0.01610116732595219,0.7127859154374401
2024-02-01,NVDA,Technology,62.06541944015991,63.15581535659614,61.615673062934434,62.991905212402344,1.6142300483585916,0.009312887227921288,0.5073479750232224
2024-02-02,NVDA,Technology,63.93836661455511,66.56290342904931,63.654524401126274,66.12315368652344,1.6177186813897895,0.015025127418537215,0.513998670495084
2024-02-14,NVDA,Technology,73.16125433620005,74.19467532641171,71.89795802434332,73.8588638305664,2.2373614197345706,0.014890190528284615,0.5358342759618463
2024-02-22,NVDA,Technology,74.98323324060954,78.53125229218321,74.17868109913526,78.49427795410156,2.4257500019646394,0.11194281501661806,0.5050050511931163
2024-02-26,NVDA,Technology,79.65562156391138,80.60110162092384,78.46128722131758,79.04796600341797,3.1719834855534508,0.011203117654322066,0.5222695828100437
2024-03-06,NVDA,Technology,87.9771142527572,89.67824212896674,86.98561575454009,88.6547622680664,3.0759364279544887,0.02394022652095595,0.6129868485263178
2024-03-07,NVDA,Technology,90.11202114454544,92.71969184649807,89.55630492024456,92.62174224853516,3.1246606911964356,0.01643745738184601,0.5816571097640119
2024-03-08,NVDA,Technology,95.08949635927887,97.35034416273697,86.46189342253078,87.4833755493164,3.19182275457038,0.02664335663349866,0.5424253386706013
2024-03-21,NVDA,Technology,92.25293104894116,92.60075314567852,90.35889320815413,91.38836669921875,3.985542035867134,0.02133397525008375,0.504529852993855
2024-04-04,NVDA,Technology,90.35988689456467,90.58777505707383,85.83619439258581,85.8611831665039,3.4906348409222088,0.016208513789394797,0.5192977575336251
2024-04-08,NVDA,Technology,88.65475649731144,88.7846950725735,86.68776556126254,87.08856201171875,3.508844705852341,0.007862806530204422,0.5018088962199482
2024-04-15,NVDA,Technology,89.05256658600005,90.56679344486741,85.88518380835967,85.95714569091797,3.4977088158538456,0.010341803751672351,0.5136477880418939
2024-04-17,NVDA,Technology,88.29494666403578,88.72973001771733,83.90718598900048,83.99214935302734,3.477533182313614,0.01058166225762773,0.5275254375810302
2024-04-18,NVDA,Technology,84.9266740115763,86.14605313921993,82.35998267211264,84.62782287597656,3.573605385628131,0.0111263334221994,0.5221520551632914
2024-04-22,NVDA,Technology,78.06417460921173,80.0321724749778,76.36104864748893,79.47745513916016,3.979608937712983,0.024986841534234517,0.503405910199046
2024-04-24,NVDA,Technology,83.90718362535628,84.0391200894545,79.14261643671647,79.63636779785156,3.920245045490048,0.018526241421334272,0.6647158818670951
2024-05-23,NVDA,Technology,101.97597776870575,106.26578917767765,101.46823355489357,103.74607849121094,3.1509051634606746,0.07454465031943637,0.6064852906433202
2024-05-28,NVDA,Technology,110.18777817721215,114.88038339336015,109.82696222842502,113.84291076660156,3.7186885106595233,0.03545632970458185,0.5107909952786033
2024-06-03,NVDA,Technology,113.56305829627723,114.94135284423828,111.94587959300615,114.94135284423828,4.352009800028878,0.03637580788635185,0.5212849851003644
2024-06-05,NVDA,Technology,118.31063824188061,122.3865539456356,117.408098853795,122.3775634765625,4.290697325785622,0.016609773417828863,0.5374664039759399
2024-06-13,NVDA,Technology,129.33464307228707,129.74447132445016,127.10560139337456,129.55455017089844,4.717297739460091,0.033466429572850884,0.7330878396381023
2024-06-17,NVDA,Technology,132.9331153831068,133.67278906643185,129.52457044327446,130.92396545410156,4.695155685131967,0.008416836502876758,0.5423604347680935
2024-06-20,NVDA,Technology,139.74018988019657,140.69977060471427,129.46458937927747,130.7240447998047,4.7261957031104,0.03112559098381854,0.6121068434801636
2024-07-11,NVDA,Technology,135.69192330087128,136.09174607157163,126.99564839391957,127.34549713134766,5.203974091027039,0.006226395578058477,0.5247920343467694
2024-07-18,NVDA,Technology,121.79786974825338,122.34763750285344,116.51013195140489,121.03819274902344,5.58749092892738,0.03271476480601769,0.5447949014291411
2024-07-26,NVDA,Technology,116.14028513217615,116.1502753623964,111.53225712550028,113.0116195678711,5.948864864467759,0.03482367030527255,0.6159613710772133
2024-08-07,NVDA,Technology,107.76386930019544,108.75345120343057,98.64777632103673,98.86768341064453,7.817175229270062,0.03414854604354902,0.5238105963762872
2024-08-23,NVDA,Technology,125.80614369005178,129.54454879248973,125.16641816339359,129.31463623046875,6.523662093949701,0.01713264296079039,0.5087196915452288
2024-08-30,NVDA,Technology,119.47885915972935,121.69791057687668,117.169849908653,119.31893157958984,6.54880628574493,0.016498010846831664,0.5292873334487482
2024-09-06,NVDA,Technology,107.9937729521253,108.10372649561138,100.90680264312543,102.78600311279297,6.827215246150439,0.007741714416006288,0.5478141565785742
2024-09-09,NVDA,Technology,104.83512245061276,106.50441370678206,103.64563679939363,106.42444610595703,6.853623003745834,0.019935781874611595,0.5699668440523921
2024-09-10,NVDA,Technology,107.76386463370491,109.35318822314704,104.90508784485718,108.05374145507812,6.62967926019178,0.012585628366008551,0.5566129469164446
2024-09-11,NVDA,Technology,109.34319126914343,117.13985668962943,107.37403301447969,116.85997772216797,6.473852197198787,0.011933411992044517,0.544793199224363
2024-09-19,NVDA,Technology,117.30981703007888,119.61903125645314,117.20985279612093,117.82964324951172,5.928698576070184,0.03510617811991685,0.5014611170601347
2024-10-08,NVDA,Technology,130.2153933149511,133.43429200303964,129.3756845929013,132.84449768066406,5.206754426145257,0.019887080275616836,0.5007493560426269
2024-10-17,NVDA,Technology,139.2923118529861,140.8417844676902,136.8231559081479,136.8831329345703,5.158532433025751,0.026672540769523218,0.5004717351290362
2024-11-26,NVDA,Technology,137.6528702588759,139.25232877348597,135.6235662299349,136.87313842773438,5.418780241602954,0.0123512053471959,0.502396156167991
2024-12-11,NVDA,Technology,137.32243273699547,140.13166176303284,135.173026862483,139.2718963623047,4.985502774238357,0.01695412103400949,0.5093378883892856
2024-12-19,NVDA,Technology,131.72394769790225,133.99333094415113,129.51456085077075,130.6442413330078,5.224516906394376,0.02210822297608242,0.5456870544437661
2024-12-23,NVDA,Technology,136.24273302531586,139.75176772445488,135.08304656610844,139.63180541992188,5.348458013156575,0.011729791337854813,0.5075768212267291
2025-01-02,NVDA,Technology,135.96280522543205,138.84202245285945,134.5931847895647,138.2721710205078,5.069090693471178,0.012733577739319284,0.5282037866880762
2025-01-03,NVDA,Technology,139.9717090810043,144.86037131104774,139.69178686675932,144.4304962158203,5.034780059166881,0.012291251724429877,0.5267994655743031
2025-01-06,NVDA,Technology,148.54936300568127,152.11839407781596,147.77958455274808,149.38912963867188,5.145738647122099,0.028517985451674964,0.5054311599596536
2025-01-07,NVDA,Technology,152.98814312185272,153.08812187242287,139.97169998670535,140.10166931152344,5.327321448184496,0.02409153525350733,0.5099861037757807
2025-01-14,NVDA,Technology,136.0128040706775,136.3427156721725,130.0144445990235,131.72396850585938,5.951828993003478,0.021166419739126374,0.5282037866880762
2025-01-28,NVDA,Technology,121.77668294561497,128.96471894622445,116.21820602712087,128.95472717285156,7.194596182517117,0.028626844218643466,0.5578021966846742
2025-02-26,NVDA,Technology,129.95446947322534,133.69343728770713,128.4548795357506,131.24411010742188,6.102810765224915,0.026534100559129237,0.5393505685587283
2025-02-27,NVDA,Technology,134.96308744670299,134.9730792207777,119.97718824289691,120.11714935302734,6.173900155328276,0.028336337045808516,0.6790834462951005
2025-03-12,NVDA,Technology,114.09930053195751,116.73882100614277,112.85951998498375,115.71900177001953,7.144712493371338,0.04937942426977544,0.572789410398488
2025-03-17,NVDA,Technology,122.71772499646224,122.86769930249316,118.00858060635532,119.50830841064453,6.926881781311837,0.008794283590813764,0.5102763346461274
2025-03-19,NVDA,Technology,117.24871784817985,120.42814113812437,115.65901001721268,117.49867248535156,6.6513204388502265,0.0159403453158288,0.5351559343939438
2025-04-08,NVDA,Technology,103.79115551332612,105.83078615825814,94.44285411172834,96.28252410888672,6.717995196458611,0.06319130674465741,0.9144848007216523
2025-04-11,NVDA,Technology,108.4803070767672,111.52975654810143,107.46049556472005,110.90986633300781,8.410975465345945,0.008645531256475271,0.5405541876195441
2025-04-22,NVDA,Technology,98.76206678289148,99.7918785816798,97.26233908492571,98.8720474243164,7.526678205201429,0.019296131890912074,0.5017249488438131
2025-04-23,NVDA,Technology,104.5010295750129,104.78098517141211,102.00148324580945,102.69136047363281,7.196162667255966,0.05693198732437805,0.6016759381331794
2025-05-01,NVDA,Technology,113.05947899879722,114.9191420385801,111.27980327057723,111.5897445678711,6.304866764114954,0.038193202856508554,0.5262789442701218
2025-05-29,NVDA,Technology,142.22419152756274,143.46397204605128,137.88498259688382,139.1647491455078,4.631880611451485,0.055188812788684594,0.5405965599540715
2025-06-06,NVDA,Technology,142.4841247816278,143.24399658328852,141.4843063108272,141.69427490234375,4.766620243090015,0.0180011601453832,0.528198066767969
2025-06-16,NVDA,Technology,143.33393622751285,146.16360555156524,143.18394388862185,144.6737823486328,4.24675763266785,0.009720395937385858,0.5073878032289064
2025-07-24,NVDA,Technology,172.42067791171223,173.81052153075,171.28080627636527,173.7205352783203,4.008889766844095,0.009720105722782988,0.5449189369733524
2025-07-29,NVDA,Technology,177.94006357342778,179.35990260986108,175.00039060425894,175.49032592773438,3.7642597445691,0.006845856124632983,0.7879915216207692
2025-07-31,NVDA,Technology,182.87950237318685,183.2794667127293,175.9102820488597,177.85006713867188,3.847688169271196,0.020248704111496173,0.7219566981155667
2025-08-04,NVDA,Technology,175.14037394842856,180.17980241597786,174.500446281802,179.97982788085938,4.304937715267581,0.008289225912156918,0.5302507555170516
2025-10-09,NVDA,Technology,192.21928773885006,195.28912405123697,191.04935474353755,192.5592803955078,5.100255583273817,0.01649827817707695,0.5305366187048919
2025-11-03,NVDA,Technology,208.06841462190084,211.32822759164594,205.5485506791992,206.8684844970703,6.186403037588013,0.027606284347064993,0.546122319047496
2025-11-10,NVDA,Technology,195.09914200543773,199.9288750287355,193.7792081445882,199.03892517089844,7.179511031756655,0.03699177824370254,0.5095915568027586
2025-11-19,NVDA,Technology,184.7796984316032,187.8495347223247,182.8198161698128,186.50961303710938,7.544146584647966,0.0189126057031258,0.5385903834729426
2025-11-20,NVDA,Technology,195.9390891568929,195.9890894251709,179.83999453744622,180.62994384765625,7.469538645054006,0.05055758770947295,0.5529279260127556
2025-11-26,NVDA,Technology,181.61988829154,182.8998157763143,178.2300777211247,180.2499542236328,8.587258254120915,0.021426138491503488,0.5284581517458236
2025-12-15,NVDA,Technology,177.94000244140625,178.4199981689453,175.02999877929688,176.2899932861328,6.547317029418459,0.016683796695603034,0.5254505533719821
2025-12-19,NVDA,Technology,176.6699981689453,181.4499969482422,176.33999633789062,180.99000549316406,6.146881028460277,0.014528533295993958,0.5081878635066126
2025-12-22,NVDA,Technology,183.9199981689453,184.16000366210938,182.35000610351562,183.69000244140625,6.229960780612668,0.01618869875050595,0.521001087122554
2025-12-26,NVDA,Technology,189.9199981689453,192.69000244140625,188.0,190.52999877929688,5.796915817544095,0.006945536049809295,0.5560751324179389
2026-01-02,NVDA,Technology,189.83999633789062,192.92999267578125,188.25999450683594,188.85000610351562,5.289918975482677,0.017908827549011394,0.5056849087418638
2024-01-18,OKLO,Utilities,10.699999809265137,10.699999809265137,10.604000091552734,10.635000228881836,0.09605309057629247,0.0075329495826866625,0.6385559984621332
2024-01-24,OKLO,Utilities,10.850000381469727,10.850000381469727,10.720000267028809,10.789999961853027,0.10471576004819133,0.006493566811920646,0.7695198322323752
2024-01-25,OKLO,Utilities,10.890000343322754,10.890000343322754,10.75,10.779999732971191,0.10652178536195751,0.00926787597991362,0.5956859305661039
2024-01-31,OKLO,Utilities,11.319999694824219,11.399999618530273,11.09000015258789,11.119999885559082,0.1613313092549787,0.008912604760738674,0.5841295152780307
2024-02-09,OKLO,Utilities,10.699999809265137,10.699999809265137,10.609999656677246,10.609999656677246,0.17968060085057164,0.008482578275226462,0.5078902673234093
2024-03-08,OKLO,Utilities,10.84000015258789,10.84000015258789,10.75,10.760000228881836,0.1117209955011631,0.009311022681643438,0.55678631893241
2024-03-26,OKLO,Utilities,10.920000076293945,11.140000343322754,10.880000114440918,11.050000190734863,0.12542933541263568,0.0064515845495976545,0.5032228733020092
2024-04-04,OKLO,Utilities,13.244999885559082,13.699999809265137,12.65999984741211,12.899999618530273,0.26706339195333145,0.029137529396622036,0.6873165327088018
2024-04-05,OKLO,Utilities,13.15999984741211,13.15999984741211,12.930000305175781,13.100000381469727,0.3222731469461669,0.020155057098479073,0.6249731812201155
2024-04-09,OKLO,Utilities,16.600000381469727,16.989999771118164,13.899999618530273,14.15999984741211,0.6086946748185929,0.03426798570427277,0.6990394007620528
2024-04-15,OKLO,Utilities,12.850000381469727,12.850000381469727,12.369999885559082,12.5,0.8227623201501775,0.007053303367830533,0.5481339756292437
2024-04-17,OKLO,Utilities,12.949999809265137,13.0,12.649999618530273,12.699999809265137,0.7934022048139132,0.018081724638992668,0.6674610239669512
2024-04-24,OKLO,Utilities,13.1899995803833,13.600000381469727,12.930000305175781,13.399999618530273,0.6981333684600141,0.014615352337176982,0.5262791082165631
2024-04-29,OKLO,Utilities,12.949999809265137,15.420000076293945,12.819999694824219,14.420000076293945,0.7180353299664415,0.010928913744143856,0.632475436506456
2024-05-03,OKLO,Utilities,13.600000381469727,14.890000343322754,13.470000267028809,14.829999923706055,0.9610793524481032,0.061670564869245,0.5142826880150586
2024-05-08,OKLO,Utilities,14.510000228881836,16.110000610351562,13.880000114440918,15.170000076293945,1.177088673723179,0.011854956379708684,0.6352983988690268
2024-05-13,OKLO,Utilities,9.149999618530273,10.850000381469727,8.600000381469727,9.770000457763672,2.0676944829646384,0.08284021598410106,0.6308144257489501
2024-05-23,OKLO,Utilities,7.199999809265137,8.15999984741211,7.050000190734863,7.590000152587891,1.7159195412278434,0.00558658697003811,0.5367553690087287
2024-05-24,OKLO,Utilities,8.0600004196167,10.1899995803833,7.849999904632568,10.149999618530273,1.6726395494742292,0.06192361759947489,0.5699840147746761
2024-05-28,OKLO,Utilities,11.600000381469727,12.420000076293945,10.390000343322754,10.789999961853027,1.738879540782885,0.14285722339262652,0.6466114296691865
2024-05-30,OKLO,Utilities,11.199999809265137,11.685999870300293,10.239999771118164,10.279999732971191,1.7554012839509825,0.015412518622804334,0.5389642117591201
2024-05-31,OKLO,Utilities,10.399999618530273,10.59000015258789,9.86400032043457,10.069999694824219,1.7333011993246359,0.011673140921804177,0.6041721124130002
2024-06-05,OKLO,Utilities,8.680000305175781,9.1850004196167,8.380000114440918,9.09000015258789,1.5881037219715939,0.0128355442553862,0.6904415975103547
2024-06-11,OKLO,Utilities,9.25,9.760000228881836,8.970000267028809,9.449999809265137,1.381892320984109,0.022099425972376324,0.6575321055087359
2024-06-12,OKLO,Utilities,9.579999923706055,10.75,9.520000457763672,10.199999809265137,1.339614295331889,0.013756626144421817,0.7077352742046024
2024-06-20,OKLO,Utilities,10.079999923706055,10.649999618530273,9.220000267028809,9.34000015258789,1.216080533840487,0.019211281474987938,0.7078948726058883
2024-06-26,OKLO,Utilities,9.5,10.0,8.8100004196167,8.9399995803833,1.17274736490125,0.009564309675588573,0.5942709748333632
2024-06-27,OKLO,Utilities,9.0,9.0,8.3149995803833,8.5600004196167,1.173979666007111,0.006711456647979699,0.5964542498213262
2024-07-01,OKLO,Utilities,8.65999984741211,8.65999984741211,7.739999771118164,8.0,1.0855488460037621,0.022432063092478596,0.5693555724509197
2024-07-03,OKLO,Utilities,8.149999618530273,8.649999618530273,7.880000114440918,8.25,1.02417223249301,0.014943946394713106,0.5696266254956189
2024-07-10,OKLO,Utilities,7.880000114440918,8.140000343322754,7.5,7.78000020980835,0.957222899693149,0.026041704501647105,0.5246686043595351
2024-07-15,OKLO,Utilities,8.930000305175781,9.0600004196167,8.529999732971191,8.720000267028809,0.9668946566850067,0.03716616274779611,0.5987723712447559
2024-07-18,OKLO,Utilities,9.069999694824219,9.289999961853027,8.369999885559082,8.470000267028809,0.9351339624391417,0.021396348866518353,0.5741138957833714
2024-07-22,OKLO,Utilities,8.720000267028809,9.170000076293945,8.60200023651123,9.010000228881836,0.9051920250287394,0.012775913442256015,0.6056828440835256
2024-07-26,OKLO,Utilities,8.789999961853027,9.300000190734863,8.789999961853027,9.199999809265137,0.8472746746544114,0.04518431882705087,0.6661463252984623
2024-07-29,OKLO,Utilities,9.430000305175781,9.430000305175781,8.729999542236328,8.789999961853027,0.8503265081307216,0.025000054421633316,0.5637984445487683
2024-08-06,OKLO,Utilities,7.789999961853027,8.069999694824219,7.630000114440918,7.880000114440918,0.8215110157840433,0.019633520679160923,0.5957650274201446
2024-08-07,OKLO,Utilities,7.949999809265137,7.989999771118164,7.429999828338623,7.460000038146973,0.7942601989697046,0.008883209874062952,0.8243434098472332
2024-08-19,OKLO,Utilities,7.630000114440918,7.630000114440918,7.179999828338623,7.269999980926514,0.672511366871109,0.015978679347783298,0.5285918378265583
2024-08-29,OKLO,Utilities,6.5,6.53000020980835,6.400000095367432,6.440000057220459,0.5658996626004604,0.017214418750043373,0.5519808013846554
2024-09-16,OKLO,Utilities,6.349999904632568,6.46999979019165,6.159999847412109,6.210000038146973,0.4857992108059826,0.006339138227536568,0.6042943908897854
2024-09-17,OKLO,Utilities,6.340000152587891,6.489999771118164,6.230000019073486,6.300000190734863,0.4732421202326653,0.02093399575561182,0.5837730793019618
2024-09-19,OKLO,Utilities,6.570000171661377,6.809999942779541,6.421999931335449,6.610000133514404,0.45912200908076883,0.056270159690623135,0.6963807724023298
2024-09-20,OKLO,Utilities,7.159999847412109,8.4399995803833,7.0,8.40999984741211,0.46847044790270614,0.08320721676071756,0.5926711597718132
2024-09-23,OKLO,Utilities,8.460000038146973,8.649999618530273,7.949999809265137,8.3100004196167,0.565722519257434,0.005945325997865403,0.6086609233554201
2024-09-26,OKLO,Utilities,8.520000457763672,8.760000228881836,8.079999923706055,8.579999923706055,0.6120510879158224,0.03523705123421454,0.6791301670708628
2024-09-27,OKLO,Utilities,8.850000381469727,8.859999656677246,8.35200023651123,8.84000015258789,0.6169046034343909,0.03146858510076159,0.5140510582262321
2024-10-01,OKLO,Utilities,8.140000343322754,8.710000038146973,7.900000095367432,8.600000381469727,0.6291881390259634,0.006180493175747202,0.5518867795363884
2024-10-03,OKLO,Utilities,10.220000267028809,10.220000267028809,9.220000267028809,9.40999984741211,0.7098101882028179,0.07578950179250617,0.66846913306458
2024-10-21,OKLO,Utilities,19.3700008392334,22.93000030517578,18.549999237060547,22.309999465942383,1.6652254731241043,0.06253435686357801,0.6069847816708299
2024-10-22,OKLO,Utilities,22.46500015258789,22.5,18.399999618530273,20.829999923706055,1.8819951366823435,0.006947588093048864,0.6072384990317753
2024-10-24,OKLO,Utilities,18.989999771118164,19.440000534057617,17.600000381469727,18.059999465942383,2.2368222916985947,0.03770494878820821,0.6603181464215634
2024-10-25,OKLO,Utilities,18.360000610351562,20.149999618530273,18.110000610351562,19.110000610351562,2.2084778531906877,0.016611359539346775,0.5567392274975071
2024-10-30,OKLO,Utilities,26.399999618530273,28.1200008392334,22.639999389648438,22.889999389648438,2.5589160108816,0.06280191048146425,0.8046456824797853
2024-10-31,OKLO,Utilities,23.059999465942383,23.59000015258789,21.530000686645508,22.459999084472656,2.7675649707889827,0.007426827471687246,0.81230904543781
2024-11-01,OKLO,Utilities,23.649999618530273,24.799999237060547,21.309999465942383,21.670000076293945,2.7170245775856543,0.05298310697084151,0.6585447730768244
2024-11-05,OKLO,Utilities,21.739999771118164,21.799999237060547,19.950000762939453,20.579999923706055,2.7963630570481306,0.032779123946133214,0.5468021092225154
2024-11-13,OKLO,Utilities,25.479999542236328,25.649999618530273,22.440000534057617,23.079999923706055,2.9988317356155174,0.12793268570728017,0.8161873168911906
2024-11-14,OKLO,Utilities,23.5,24.600000381469727,22.81999969482422,23.8799991607666,3.0139151176767416,0.01819757702263043,0.5214587916393737
2024-11-18,OKLO,Utilities,19.5,22.149999618530273,17.889999389648438,20.670000076293945,3.185722676467789,0.08333333333333333,0.5621244955884771
2024-11-25,OKLO,Utilities,25.75,26.049999237060547,21.899999618530273,22.90999984741211,3.2248073298577946,0.02182536588925056,0.5038536657207456
2024-11-27,OKLO,Utilities,22.399999618530273,23.0,21.010000228881836,21.950000762939453,3.208685843071118,0.016333878768095146,0.6044403726449569
2024-12-02,OKLO,Utilities,23.989999771118164,24.200000762939453,22.15999984741211,22.229999542236328,3.0736626963358495,0.019116348262076498,0.6694533168353034
2024-12-04,OKLO,Utilities,21.059999465942383,21.200000762939453,20.049999237060547,20.34000015258789,2.9448418427240948,0.046199719023752035,0.6326297375821083
2024-12-06,OKLO,Utilities,20.239999771118164,21.959999084472656,19.75,21.90999984741211,2.686879037024479,0.00796811992131617,0.6199513946325546
2024-12-09,OKLO,Utilities,22.260000228881836,22.649999618530273,20.06999969482422,20.09000015258789,2.6528161832707773,0.015974458416578526,0.610578963436036
2024-12-12,OKLO,Utilities,19.450000762939453,20.290000915527344,18.360000610351562,18.3700008392334,2.532479243330628,0.009340960088211161,0.6397166046806441
2024-12-18,OKLO,Utilities,21.40999984741211,22.940000534057617,18.030000686645508,18.3799991607666,2.297008392397637,0.12094237800034173,0.862387165977309
2025-01-06,OKLO,Utilities,27.459999084472656,31.65999984741211,27.170000076293945,30.0,2.8234111780595006,0.0077063884210149085,0.6070890816309533
2025-01-14,OKLO,Utilities,24.059999465942383,24.299999237060547,22.35099983215332,22.809999465942383,3.126243954574384,0.05157344180323147,0.6219415099572334
2025-01-17,OKLO,Utilities,24.989999771118164,26.799999237060547,24.231000900268555,26.049999237060547,3.017878659912588,0.031366085152294276,0.5732276516428296
2025-01-22,OKLO,Utilities,32.43000030517578,34.95000076293945,32.029998779296875,34.16999816894531,3.160466805257159,0.037760009765625,0.5432612067784458
2025-01-24,OKLO,Utilities,39.54999923706055,43.70000076293945,38.83000183105469,41.81999969482422,3.5562189320807405,0.01985560809699522,0.5791486155851127
2025-01-28,OKLO,Utilities,33.04999923706055,34.15999984741211,30.0,34.119998931884766,4.304086880170124,0.06235932461098917,0.5909968124927034
2025-01-31,OKLO,Utilities,42.400001525878906,45.22999954223633,40.369998931884766,41.61000061035156,4.518425271115361,0.01169176044502071,0.577094113027698
2025-02-06,OKLO,Utilities,51.22999954223633,52.9900016784668,46.529998779296875,47.7599983215332,4.945362111446869,0.01445543647992729,0.6595494480602362
2025-02-07,OKLO,Utilities,49.39500045776367,59.13999938964844,48.84000015258789,55.4900016784668,5.0535507391413725,0.034233714273254216,0.5114110489458565
2025-02-13,OKLO,Utilities,55.40999984741211,55.54999923706055,50.79999923706055,55.029998779296875,5.5072453877673375,0.018940764234386835,0.5238141903003195
2025-02-14,OKLO,Utilities,55.380001068115234,57.5,51.70000076293945,52.619998931884766,5.453156431498242,0.006360208914815306,0.6289446363607256
2025-02-21,OKLO,Utilities,43.560001373291016,43.689998626708984,37.83000183105469,38.790000915527344,5.468343279115119,0.02109708225733862,0.8307143880280398
2025-02-26,OKLO,Utilities,34.5,36.47999954223633,33.56999969482422,35.189998626708984,5.400040145644777,0.07577175953537534,0.8909090052247287
2025-02-27,OKLO,Utilities,38.45000076293945,38.676998138427734,32.310001373291016,32.38999938964844,5.3293229814853005,0.09264001885342922,0.9127235908556581
2025-03-03,OKLO,Utilities,34.75,35.06999969482422,29.25,29.3799991607666,5.318910878595694,0.040730776735898644,0.7985246347713775
2025-03-12,OKLO,Utilities,27.469999313354492,28.010000228881836,25.15999984741211,26.190000534057617,4.591644336635651,0.07852375555233546,0.7632590778463464
2025-04-01,OKLO,Utilities,22.8799991607666,24.079999923706055,21.729999542236328,22.530000686645508,3.360936227143297,0.05779010857602354,0.5481439781770494
2025-04-08,OKLO,Utilities,23.8799991607666,24.020000457763672,19.90999984741211,20.229999542236328,3.382768467426441,0.08891923522365815,0.9805402364952598
2025-04-14,OKLO,Utilities,23.924999237060547,24.3700008392334,22.309999465942383,22.549999237060547,3.305751715630721,0.0633332994249132,0.8105263023814806
2025-04-17,OKLO,Utilities,21.959999084472656,22.18899917602539,21.030000686645508,21.979999542236328,2.9866023134557325,0.018552858461900225,0.7453246288935725
2025-04-23,OKLO,Utilities,22.18000030517578,24.239999771118164,22.110000610351562,23.3700008392334,2.7148163575239317,0.03019041327450821,0.750094765248634
2025-04-28,OKLO,Utilities,24.059999465942383,25.25,23.020000457763672,24.489999771118164,2.5479887732141258,0.013479347005450566,0.5780646235572131
2025-05-01,OKLO,Utilities,24.75,26.93000030517578,24.440000534057617,26.309999465942383,2.400109853851663,0.042544239200481865,0.5596035958761634
2025-05-08,OKLO,Utilities,28.200000762939453,28.40999984741211,26.440000534057617,26.950000762939453,2.4912735164892323,0.03982300480402873,0.5085786006829688
2025-05-12,OKLO,Utilities,29.729999542236328,30.2450008392334,28.15999984741211,28.850000381469727,2.4623225055501416,0.058383744419358674,0.718367245814469
2025-05-14,OKLO,Utilities,34.54999923706055,39.369998931884766,34.099998474121094,37.0099983215332,2.5360587855989936,0.07867625831420626,0.5495329569244651
2025-05-20,OKLO,Utilities,41.33000183105469,41.33000183105469,36.849998474121094,37.56999969482422,3.1292626456165356,0.04027189295880616,0.607243340536833
2025-05-27,OKLO,Utilities,49.52000045776367,54.47999954223633,46.119998931884766,53.900001525878906,4.003959272044006,0.013300624925015476,0.50746671163414
2025-05-29,OKLO,Utilities,55.724998474121094,56.0,51.72999954223633,52.93000030517578,4.308311948978832,0.008779811385186007,0.8923272039654534
2025-06-03,OKLO,Utilities,56.0,58.689998626708984,49.33000183105469,49.77000045776367,4.279348250011211,0.06788713704271188,0.6897939569426828
2025-06-09,OKLO,Utilities,51.70000076293945,54.7400016784668,48.7599983215332,54.2599983215332,4.645509031759156,0.028037379632991084,0.5405275420286317
2025-06-11,OKLO,Utilities,53.560001373291016,68.91000366210938,53.36000061035156,68.02999877929688,4.810056414234956,0.019413788351538213,0.5175959364835246
2025-06-16,OKLO,Utilities,67.0,73.55000305175781,64.8010025024414,65.44999694824219,5.755125441636148,0.05246622935271131,0.5036850069870825
2025-06-17,OKLO,Utilities,68.26000213623047,69.4000015258789,61.790000915527344,62.77000045776367,6.050473853258259,0.042933618319500176,0.795707010052281
2025-06-18,OKLO,Utilities,63.26499938964844,63.959999084472656,59.619998931884766,62.02000045776367,6.161868621622067,0.007885915696588815,0.5241703613927668
2025-06-20,OKLO,Utilities,63.0,63.95000076293945,57.529998779296875,57.95000076293945,6.031735159548198,0.01580134690427355,0.6638202486285041
2025-06-25,OKLO,Utilities,63.099998474121094,64.77999877929688,55.3489990234375,55.56999969482422,6.114031648659682,0.0393674753037463,0.5196715579489173
2025-06-27,OKLO,Utilities,59.54999923706055,62.099998474121094,54.04999923706055,55.2599983215332,6.06446095707086,0.06624889640156216,0.6566507744516963
2025-07-08,OKLO,Utilities,57.314998626708984,57.59000015258789,53.25,53.52000045776367,5.376441421671041,0.024579907646681557,0.6892486760937873
2025-07-09,OKLO,Utilities,53.9900016784668,55.400001525878906,51.52000045776367,53.93000030517578,5.302409902450816,0.008781786559849443,0.6057033707010527
2025-07-21,OKLO,Utilities,69.56999969482422,70.9800033569336,62.43000030517578,62.5099983215332,4.909389958809357,0.008553150321517359,0.6712579214962398
2025-07-22,OKLO,Utilities,63.0,63.97999954223633,58.880001068115234,61.31999969482422,5.169433751162819,0.007838772862324699,0.5009110394152194
2025-07-28,OKLO,Utilities,77.5,77.54499816894531,72.27999877929688,75.5,5.761009250126566,0.026490066225165563,0.6377905571672358
2025-07-31,OKLO,Utilities,76.86000061035156,80.41999816894531,75.5,76.58999633789062,5.959065842526713,0.016263432521518514,0.6389043895175819
2025-08-05,OKLO,Utilities,77.0,85.19999694824219,76.69999694824219,84.08999633789062,6.147188864536451,0.007721454123986592,0.5798226768148319
2025-08-07,OKLO,Utilities,83.68499755859375,83.94999694824219,76.5999984741211,79.31999969482422,6.1798206744321,0.00703970030342222,0.5524544718931643
2025-08-08,OKLO,Utilities,79.7300033569336,80.80000305175781,74.29000091552734,75.31999969482422,6.263404802981314,0.005168982144311941,0.566144276519209
2025-08-15,OKLO,Utilities,74.26000213623047,74.53299713134766,68.77200317382812,71.05999755859375,6.483742737066935,0.008145512412317897,0.5115763851140068
2025-08-19,OKLO,Utilities,69.41000366210938,70.04000091552734,65.02400207519531,65.41000366210938,6.214109756997148,0.006087923051819836,0.6441910158503921
2025-08-25,OKLO,Utilities,71.34500122070312,71.9469985961914,67.84600067138672,71.19000244140625,6.058260145987423,0.013711338518676787,0.5286117267661727
2025-08-26,OKLO,Utilities,73.8499984741211,78.69999694824219,72.70999908447266,74.30999755859375,5.918455701617228,0.03736474141722616,0.5704007263369129
2025-08-28,OKLO,Utilities,74.33999633789062,79.79000091552734,74.08000183105469,77.88999938964844,5.829841323661069,0.015573762802947947,0.5167322840511797
2025-09-03,OKLO,Utilities,74.63999938964844,76.5999984741211,71.6520004272461,72.2300033569336,5.800813709567277,0.014268285147572134,0.6303370321906594
2025-09-05,OKLO,Utilities,71.22000122070312,71.87999725341797,66.19999694824219,69.79000091552734,5.644763051921609,0.023128869361224262,0.6318576557568703
2025-09-08,OKLO,Utilities,70.5,71.92900085449219,69.61000061035156,70.72000122070312,5.647279998582621,0.010173364022906767,0.5084115489838921
2025-09-10,OKLO,Utilities,75.44000244140625,76.69999694824219,73.30000305175781,73.75,5.375292485748735,0.019872937629365525,0.5183843543358905
2025-09-11,OKLO,Utilities,74.18000030517578,80.87999725341797,73.12999725341797,79.97000122070312,5.23419972937271,0.005830512612552966,0.5718545112589895
2025-10-01,OKLO,Utilities,112.5999984741211,116.67500305175781,109.19999694824219,115.93000030517578,10.337821308632714,0.00868943155575886,0.6709441836152938
2025-10-08,OKLO,Utilities,135.85000610351562,138.35000610351562,130.5800018310547,134.77000427246094,10.978493772251579,0.012898978894358934,0.5615503585946496
2025-10-15,OKLO,Utilities,185.9600067138672,193.83999633789062,164.0,171.55999755859375,13.65073783584228,0.06787646356751612,0.7115390750018218
2025-10-16,OKLO,Utilities,174.85000610351562,176.35000610351562,157.1999969482422,162.13999938964844,14.807113443131447,0.019177014407442048,0.6764222969495569
2025-10-20,OKLO,Utilities,167.19000244140625,170.0,154.1199951171875,159.0500030517578,15.178226061212312,0.02325725604965368,0.6283490516448298
2025-10-24,OKLO,Utilities,133.52999877929688,138.66000366210938,130.97999572753906,136.0500030517578,16.169388318377163,0.0708099602818728,0.5547954262760466
2025-10-27,OKLO,Utilities,144.8000030517578,145.0,129.6699981689453,137.42999267578125,16.01157534662645,0.06431458878153216,0.7508418608139529
2025-10-31,OKLO,Utilities,140.5800018310547,141.6999969482422,130.11000061035156,132.77000427246094,15.758094145064044,0.02321859273293365,0.5911042310011617
2025-11-05,OKLO,Utilities,116.37000274658203,123.44000244140625,114.32099914550781,121.2300033569336,15.134286018495839,0.03688852593616774,0.5639986091049769
2025-11-10,OKLO,Utilities,116.98999786376953,117.44000244140625,107.5,111.5199966430664,14.93572780905182,0.03852637620154496,0.6484646610396138
2025-11-12,OKLO,Utilities,108.5999984741211,116.9800033569336,106.95999908447266,111.16999816894531,14.100397923550462,0.042026455595050305,0.6264249394439508
2025-11-20,OKLO,Utilities,106.11000061035156,109.69999694824219,87.75,88.0,12.705927160358895,0.031596344358498174,0.8651907962176285
2025-11-21,OKLO,Utilities,89.44999694824219,89.92500305175781,79.01000213623047,88.16999816894531,13.366217859493418,0.016477238048206676,0.7510514442740767
2025-12-08,OKLO,Utilities,108.13999938964844,109.16999816894531,100.5999984741211,104.61000061035156,11.293231240094993,0.033151822694238324,0.5349932783461692
2025-12-15,OKLO,Utilities,89.3499984741211,89.5999984741211,82.0,82.33000183105469,10.684858451636563,0.022077331795934376,0.7014920637635852
2025-12-17,OKLO,Utilities,84.29000091552734,85.58000183105469,75.0,75.94000244140625,10.11490333784537,0.00934018392221398,0.5459170599065284
2025-12-18,OKLO,Utilities,80.50499725341797,81.0,76.06999969482422,77.72000122070312,10.148124658788893,0.06011317705097488,0.6690197383132896
2025-12-19,OKLO,Utilities,78.69999694824219,85.26000213623047,78.52999877929688,83.2300033569336,9.784687008774956,0.012609311787787392,0.5893377615206056
2026-01-02,OKLO,Utilities,73.98999786376953,77.91999816894531,72.12999725341797,77.80000305175781,7.258543147691639,0.031075747786428416,0.5506520853222916
2026-01-05,OKLO,Utilities,81.6500015258789,90.8499984741211,80.4000015258789,89.33999633789062,7.180075496621868,0.04948583962856422,0.5890645984874647
2026-01-09,OKLO,Utilities,114.3499984741211,115.72000122070312,104.02999877929688,105.30999755859375,7.5969550500839365,0.17161885514210645,0.5690924951516015
2024-01-02,ONDS,Technology,1.5700000524520874,1.9850000143051147,1.4800000190734863,1.8200000524520874,0.15901177050753076,0.026143844320456393,0.5044959578642113
2024-01-16,ONDS,Technology,1.6100000143051147,1.6100000143051147,1.350000023841858,1.4199999570846558,0.1817231438735692,0.0062499939464033556,0.5683119538931193
2024-01-23,ONDS,Technology,1.2949999570846558,1.4299999475479126,1.2799999713897705,1.3600000143051147,0.18865267481780532,0.01968502089260163,0.5292196341617443
2024-01-24,ONDS,Technology,1.409999966621399,1.437999963760376,1.2999999523162842,1.3550000190734863,0.1866060528037763,0.03676467043408923,0.7216578122156492
2024-01-29,ONDS,Technology,1.4199999570846558,1.5399999618530273,1.3899999856948853,1.5099999904632568,0.1713963097626632,0.007092191985804456,0.5303282884828616
2024-02-01,ONDS,Technology,1.378000020980835,1.399999976158142,1.3450000286102295,1.3799999952316284,0.166824947865576,0.005839427871984538,0.5078956179978933
2024-02-15,ONDS,Technology,1.6100000143051147,1.656999945640564,1.5,1.590000033378601,0.15731006903784175,0.012578604092237398,0.5128786786560758
2024-02-22,ONDS,Technology,1.340000033378601,1.340000033378601,1.2699999809265137,1.2899999618530273,0.15815727556885356,0.07200002670288086,0.5374894128984277
2024-02-26,ONDS,Technology,1.2999999523162842,1.4600000381469727,1.25,1.399999976158142,0.15026826969158294,0.03174600171093715,0.5011502137704361
2024-02-27,ONDS,Technology,1.409999966621399,1.4299999475479126,1.2699999809265137,1.2999999523162842,0.15453482458125364,0.007142850452539758,0.5295182902484967
2024-02-29,ONDS,Technology,1.2999999523162842,1.4700000286102295,1.2300000190734863,1.2699999809265137,0.15743053939488,0.05691051394903735,0.573916249462475
2024-03-01,ONDS,Technology,1.2799999713897705,1.2899999618530273,1.2300000190734863,1.2699999809265137,0.16332835869072737,0.00787400835704065,0.5508655047092877
2024-03-06,ONDS,Technology,1.2899999618530273,1.2899999618530273,1.1950000524520874,1.25,0.15528148139960096,0.031999969482421876,0.5962011974481098
2024-03-12,ONDS,Technology,1.1299999952316284,1.1399999856948853,1.059999942779541,1.0800000429153442,0.13819733601865603,0.027272700672307866,0.5622516856457667
2024-03-18,ONDS,Technology,0.949999988079071,1.0,0.9290000200271606,0.9300000071525574,0.12267009080540929,0.011714565991227771,0.530379886603117
2024-03-19,ONDS,Technology,0.949999988079071,0.9850000143051147,0.9049999713897705,0.9629999995231628,0.11897936860308288,0.021505355669564928,0.5328838264837881
2024-03-20,ONDS,Technology,0.9800000190734863,1.0499999523162842,0.9570000171661377,1.0199999809265137,0.11619513105395869,0.01765318749609676,0.542377268052445
2024-03-21,ONDS,Technology,1.0299999713897705,1.0700000524520874,0.9750000238418579,0.9750000238418579,0.11453833134654354,0.009803912402207475,0.5345097376590968
2024-03-27,ONDS,Technology,0.9879999756813049,0.9879999756813049,0.9399999976158142,0.9700000286102295,0.10566784686359254,0.018556645917696433,0.5311805080103472
2024-03-28,ONDS,Technology,1.0,1.0199999809265137,0.9599999785423279,0.9700000286102295,0.10154871337801384,0.03092780464424631,0.5107320408908351
2024-04-01,ONDS,Technology,0.9800000190734863,1.340000033378601,0.9800000190734863,1.25,0.09858094830702611,0.010309268214748769,0.5324964721061474
2024-04-04,ONDS,Technology,1.0199999809265137,1.2100000381469727,1.0199999809265137,1.059999942779541,0.12212549474775204,0.009900980750178165,0.5828580214094279
2024-04-09,ONDS,Technology,1.0199999809265137,1.0299999713897705,0.9900000095367432,1.0199999809265137,0.12484319904421218,0.019999980926513672,0.5063938565160249
2024-04-11,ONDS,Technology,0.9800000190734863,0.9900000095367432,0.9210000038146973,0.925000011920929,0.11501275473948044,0.012396719404667819,0.528476338723607
2024-04-12,ONDS,Technology,0.949999988079071,0.9900000095367432,0.902999997138977,0.9610000252723694,0.11172612980966369,0.027027000903735277,0.5230912141239079
2024-04-15,ONDS,Technology,1.0199999809265137,1.0199999809265137,0.921999990940094,0.9440000057220459,0.10995997856595673,0.06139433309319878,0.5309939333070666
2024-04-16,ONDS,Technology,0.9599999785423279,0.9700000286102295,0.9100000262260437,0.9150000214576721,0.10910569366741837,0.01694912364756178,0.663791634096152
2024-04-17,ONDS,Technology,0.9200000166893005,0.9380000233650208,0.8700000047683716,0.8999999761581421,0.10559814429004462,0.00546447553483442,0.620282454561789
2024-04-29,ONDS,Technology,0.8100000023841858,0.8479999899864197,0.7799999713897705,0.8479999899864197,0.08878697114344478,0.018867906138356098,0.6375221886990303
2024-05-01,ONDS,Technology,0.8600000143051147,0.8999999761581421,0.8299999833106995,0.8330000042915344,0.08385203492678807,0.027479093866988356,0.6593767145532952
2024-05-06,ONDS,Technology,0.8429999947547913,0.8880000114440918,0.8140000104904175,0.8309999704360962,0.08543255052630326,0.04981322887649917,0.5506581192979958
2024-05-07,ONDS,Technology,0.8399999737739563,0.8700000047683716,0.8100000023841858,0.8209999799728394,0.08540165678492251,0.010830329311729147,0.5330698184367677
2024-05-08,ONDS,Technology,0.8299999833106995,0.8399999737739563,0.7850000262260437,0.8100000023841858,0.0835872528991556,0.010962245502317612,0.5180265291705634
2024-05-23,ONDS,Technology,0.7919999957084656,0.8199999928474426,0.6899999976158142,0.7200000286102295,0.08049264353396894,0.02857144847650524,0.6359557189559361
2024-05-31,ONDS,Technology,0.75,0.7730000019073486,0.7200000286102295,0.7239999771118164,0.07482808611452238,0.013513500451867638,0.6196236777044838
2024-06-03,ONDS,Technology,0.75,0.75,0.6620000004768372,0.6830000281333923,0.07326893519899358,0.03591163495875095,0.5271659511928984
2024-07-11,ONDS,Technology,0.699999988079071,0.746999979019165,0.699999988079071,0.7310000061988831,0.0762343663146087,0.007194237817389377,0.5446950249948216
2024-07-18,ONDS,Technology,0.8799999952316284,0.8799999952316284,0.824999988079071,0.8349999785423279,0.08618010519986642,0.014994246467341947,0.5286407789104403
2024-07-19,ONDS,Technology,0.8600000143051147,0.8700000047683716,0.8370000123977661,0.8429999947547913,0.08395295533934435,0.029940163359560568,0.5323898667818474
2024-07-22,ONDS,Technology,0.9160000085830688,1.149999976158142,0.8610000014305115,1.1299999952316284,0.08045631754553716,0.08659550923189693,0.5250819882027925
2024-07-29,ONDS,Technology,1.0800000429153442,1.0800000429153442,0.9800000190734863,1.0099999904632568,0.11354008646976285,0.018868020014566025,0.5578979737123665
2024-08-09,ONDS,Technology,0.8600000143051147,0.8600000143051147,0.7519999742507935,0.7900000214576721,0.13187590880618927,0.051344736862622885,0.7486169456952935
2024-08-12,ONDS,Technology,0.800000011920929,0.8199999928474426,0.7599999904632568,0.7699999809265137,0.13017048960962727,0.012658215432456961,0.6093643219318596
2024-08-14,ONDS,Technology,0.7260000109672546,0.7289999723434448,0.5370000004768372,0.5879999995231628,0.12836128660309495,0.05065126917354665,0.6387179356786813
2024-08-15,ONDS,Technology,0.6100000143051147,0.6899999976158142,0.6100000143051147,0.6610000133514404,0.13290690697906016,0.03741499115611014,0.635174390056346
2024-08-16,ONDS,Technology,0.6679999828338623,0.7129999995231628,0.6499999761581421,0.7099999785423279,0.13069927063003095,0.010589968745885837,0.5520957561287285
2024-08-19,ONDS,Technology,0.7200000286102295,0.75,0.6779999732971191,0.7390000224113464,0.12586361011110164,0.014084577986089954,0.6221486947597737
2024-08-21,ONDS,Technology,0.7900000214576721,0.8999999761581421,0.7829999923706055,0.8519999980926514,0.1217293369831362,0.008940011692558782,0.568589621303891
2024-08-28,ONDS,Technology,0.8740000128746033,0.8740000128746033,0.7889999747276306,0.8069999814033508,0.10751185240232679,0.010404628021542014,0.6313690796356611
2024-08-30,ONDS,Technology,0.8539999723434448,0.8849999904632568,0.800000011920929,0.871999979019165,0.10469644573971279,0.03766702064920683,0.537036088907282
2024-09-05,ONDS,Technology,0.8199999928474426,0.8700000047683716,0.7870000004768372,0.7960000038146973,0.09803538060228585,0.012345667202249964,0.5386527327360717
2024-09-09,ONDS,Technology,0.800000011920929,0.9800000190734863,0.7900000214576721,0.8889999985694885,0.09932132301438294,0.0666666825612386,0.5933363171936115
2024-09-10,ONDS,Technology,0.9200000166893005,0.9440000057220459,0.8709999918937683,0.9390000104904175,0.10865551559003318,0.034870661608205726,0.5960755743643964
2024-09-17,ONDS,Technology,0.75,0.7599999904632568,0.7300000190734863,0.7409999966621399,0.1017692689683782,0.01626019608959596,0.5243336506087931
2024-09-18,ONDS,Technology,0.75,0.8429999947547913,0.7409999966621399,0.7699999809265137,0.09664289056990623,0.012145753547099776,0.5184383437559389
2024-09-19,ONDS,Technology,0.7889999747276306,0.8320000171661377,0.75,0.7710000276565552,0.09702554110724516,0.024675317236053596,0.5712598275116055
2024-09-26,ONDS,Technology,0.7289999723434448,0.7289999723434448,0.6899999976158142,0.699999988079071,0.08412086578919417,0.041428549654629394,0.553495636329797
2024-10-01,ONDS,Technology,0.7990000247955322,0.8080000281333923,0.7300000190734863,0.7799999713897705,0.08242730924905803,0.03631646710063382,0.5383416306185025
2024-10-02,ONDS,Technology,0.7990000247955322,0.800000011920929,0.7310000061988831,0.7630000114440918,0.08211107352126146,0.02435904372138404,0.5007289450836722
2024-10-04,ONDS,Technology,0.7480000257492065,0.7699999809265137,0.7300000190734863,0.7409999966621399,0.08016210173508835,0.010810832580220602,0.5185534157561692
2024-10-07,ONDS,Technology,0.7599999904632568,0.828000009059906,0.7400000095367432,0.824999988079071,0.07729337745779828,0.02564101739096231,0.5901987517416054
2024-10-08,ONDS,Technology,0.8489999771118164,0.9829999804496765,0.8040000200271606,0.9229999780654907,0.07805813617675289,0.029090896217619233,0.5371326146719021
2024-10-21,ONDS,Technology,0.9309999942779541,0.9639999866485596,0.8700000047683716,0.9150000214576721,0.08589252603799645,0.01637553008114951,0.6039172419277655
2024-10-22,ONDS,Technology,0.9200000166893005,0.9399999976158142,0.8610000014305115,0.9010000228881836,0.08647163002672442,0.00546447553483442,0.5500778690460972
2024-10-23,ONDS,Technology,0.9100000262260437,0.9100000262260437,0.8100000023841858,0.8560000061988831,0.08593794189519431,0.009988904671733877,0.5962910571344298
2024-11-05,ONDS,Technology,0.7599999904632568,0.7799999713897705,0.7300000190734863,0.7419999837875366,0.07726406313546352,0.027027000903735277,0.6480853254520673
2024-11-18,ONDS,Technology,0.7390000224113464,0.7400000095367432,0.6600000262260437,0.675000011920929,0.0791612796533757,0.036465670274294225,0.5669219485387721
2024-11-20,ONDS,Technology,0.6800000071525574,0.722000002861023,0.6700000166893005,0.7110000252723694,0.07820539206911231,0.013412821589708277,0.5229161543361464
2024-11-21,ONDS,Technology,0.7200000286102295,0.8640000224113464,0.7200000286102295,0.8109999895095825,0.07633357736215589,0.01265823209276595,0.5010816096932464
2024-11-25,ONDS,Technology,0.9399999976158142,0.949999988079071,0.800000011920929,0.8640000224113464,0.09089476743289839,0.059751941199582756,0.6007741595313218
2024-11-26,ONDS,Technology,0.8899999856948853,0.9150000214576721,0.8180000185966492,0.8349999785423279,0.09511656805613007,0.030092549316116053,0.5753198287853545
2024-11-27,ONDS,Technology,0.8399999737739563,0.8899999856948853,0.7860000133514404,0.8669999837875366,0.09525109911362242,0.005988018395350124,0.5188652084769455
2024-11-29,ONDS,Technology,1.1200000047683716,1.2000000476837158,0.9399999976158142,0.984000027179718,0.09587601863003832,0.291810871639917,0.5259760106484495
2024-12-02,ONDS,Technology,1.2100000381469727,1.25,0.7710000276565552,0.8199999928474426,0.11281345043476268,0.2296748015495511,0.5840506121103388
2024-12-11,ONDS,Technology,0.8999999761581421,1.0800000429153442,0.8669999837875366,1.0499999523162842,0.13597706015220443,0.0380622756490066,0.5982914350261496
2024-12-19,ONDS,Technology,1.559999942779541,1.559999942779541,1.2450000047683716,1.3600000143051147,0.2353025855987639,0.20930231698508794,0.6002685984273538
2024-12-23,ONDS,Technology,1.600000023841858,1.9500000476837158,1.5199999809265137,1.9500000476837158,0.2473527300623524,0.08843536918467497,0.5563049071934678
2024-12-24,ONDS,Technology,2.059999942779541,2.200000047683716,1.7999999523162842,2.0199999809265137,0.26397039356314767,0.05641020123383446,0.5985783867267108
2024-12-26,ONDS,Technology,2.1700000762939453,2.6700000762939453,2.130000114440918,2.509999990463257,0.2736868008348822,0.0742574736553369,0.5473674523099487
2024-12-27,ONDS,Technology,2.890000104904175,3.0999999046325684,2.3399999141693115,2.5899999141693115,0.3005663218729215,0.15139446847997137,0.6295242830755213
2024-12-30,ONDS,Technology,2.740000009536743,3.140000104904175,2.549999952316284,2.7899999618530273,0.33338301248651686,0.057915096655723655,0.746141110749271
2025-01-03,ONDS,Technology,3.2300000190734863,3.4000000953674316,2.759999990463257,2.799999952316284,0.36137481255893916,0.22813683594082868,0.5215959339721817
2025-01-06,ONDS,Technology,3.049999952316284,3.130000114440918,2.630000114440918,2.690000057220459,0.3905623245851945,0.08928571580624096,0.6405262937855752
2025-01-14,ONDS,Technology,1.899999976158142,2.130000114440918,1.899999976158142,1.9900000095367432,0.40868060359772423,0.010638287753851585,0.6082917102611982
2025-01-15,ONDS,Technology,2.059999942779541,2.257999897003174,1.9989999532699585,2.2100000381469727,0.39734628328426463,0.035175845682077815,0.536271499540872
2025-01-16,ONDS,Technology,2.2699999809265137,2.2699999809265137,2.005000114440918,2.200000047683716,0.38810725501156224,0.027149294906731947,0.5605439788888613
2025-01-21,ONDS,Technology,2.0999999046325684,2.140000104904175,1.940000057220459,2.009999990463257,0.3650771698768755,0.01449274026921029,0.6765282469446476
2025-01-22,ONDS,Technology,2.069999933242798,2.4600000381469727,1.9900000095367432,2.369999885559082,0.3532859468630784,0.029850717942397832,0.5903917164032979
2025-01-30,ONDS,Technology,1.7400000095367432,1.7699999809265137,1.6799999475479126,1.690000057220459,0.31415759241583197,0.01754384252662341,0.5451982205197313
2025-02-04,ONDS,Technology,1.6200000047683716,1.7000000476837158,1.6200000047683716,1.690000057220459,0.28620781707874066,0.012499987892806711,0.710125790891818
2025-02-05,ONDS,Technology,1.7200000286102295,1.7200000286102295,1.6100000143051147,1.6399999856948853,0.2729072604189633,0.01775146175977735,0.6750230813589502
2025-02-06,ONDS,Technology,1.6799999475479126,1.850000023841858,1.6799999475479126,1.7599999904632568,0.2612710285536884,0.02439022085483674,0.5448402376801355
2025-02-07,ONDS,Technology,1.7799999713897705,1.9199999570846558,1.7599999904632568,1.909999966621399,0.2576088149532087,0.01136362558800321,0.5332820084063916
2025-02-10,ONDS,Technology,2.0,2.119999885559082,1.8209999799728394,2.0999999046325684,0.25063675435807947,0.04712043714733788,0.526769876964298
2025-02-21,ONDS,Technology,1.399999976158142,1.4500000476837158,1.2400000095367432,1.25,0.2358967795748356,0.007194237817389377,0.5669146580101848
2025-02-25,ONDS,Technology,1.1699999570846558,1.2100000381469727,1.0,1.0399999618530273,0.22875793763651758,0.06363630156871836,0.6969836528906029
2025-02-26,ONDS,Technology,1.059999942779541,1.1399999856948853,1.0299999713897705,1.0800000429153442,0.2274180876729787,0.019230751596258297,0.6718460570754871
2025-03-03,ONDS,Technology,0.9940000176429749,1.0,0.8389999866485596,0.8519999980926514,0.20704210076263263,0.010162591653496403,0.6683005509788035
2025-03-24,ONDS,Technology,0.7099999785423279,0.8199999928474426,0.6909999847412109,0.8119999766349792,0.14125551881251147,0.014285700905079517,0.5303880061927393
2025-03-26,ONDS,Technology,0.8999999761581421,0.9729999899864197,0.8090000152587891,0.8450000286102295,0.13785297049622056,0.015801353186927908,0.5225366821195712
2025-04-01,ONDS,Technology,1.149999976158142,1.149999976158142,1.0099999904632568,1.100000023841858,0.1649938743409673,0.0747662801723432,0.5943101951680697
2025-04-08,ONDS,Technology,0.8809999823570251,0.8999999761581421,0.7200000286102295,0.75,0.16598877570231105,0.024418567096046506,0.917579470853806
2025-04-11,ONDS,Technology,0.7850000262260437,0.8299999833106995,0.75,0.8140000104904175,0.16427672363627613,0.012903290807148434,0.6143302180636301
2025-04-14,ONDS,Technology,0.9200000166893005,0.9649999737739563,0.8550000190734863,0.9139999747276306,0.15825695647016352,0.130221136158242,0.5535816008002045
2025-04-15,ONDS,Technology,0.9259999990463257,0.9390000104904175,0.8500000238418579,0.8740000128746033,0.15773859981397603,0.013129129814550642,0.6320579848248129
2025-04-17,ONDS,Technology,0.8820000290870667,0.9190000295639038,0.8510000109672546,0.8880000114440918,0.14648379256050545,0.020833340519464123,0.5918411415548789
2025-04-22,ONDS,Technology,0.8199999928474426,0.8299999833106995,0.7699999809265137,0.8199999928474426,0.1391722497832009,0.02756894158729713,0.5759617937138015
2025-04-23,ONDS,Technology,0.8730000257492065,0.8999999761581421,0.8309999704360962,0.8420000076293945,0.13351708925469982,0.06463418702934591,0.6598610938483473
2025-04-24,ONDS,Technology,0.8600000143051147,0.8790000081062317,0.7829999923706055,0.8009999990463257,0.12969443883012838,0.02137767994373095,0.5507589376705898
2025-04-28,ONDS,Technology,0.75,0.7789999842643738,0.7279999852180481,0.7509999871253967,0.12719571523780812,0.04895108742634554,0.5699227198318655
2025-04-29,ONDS,Technology,0.7599999904632568,0.8289999961853027,0.7310000061988831,0.8069999814033508,0.12268173632728022,0.011984025954926349,0.529860143353991
2025-05-06,ONDS,Technology,0.7789999842643738,0.7789999842643738,0.7350000143051147,0.7570000290870667,0.10629910673719083,0.01963348916619265,0.5143194553812409
2025-05-29,ONDS,Technology,1.100000023841858,1.100000023841858,1.0,1.0700000524520874,0.10567111101832598,0.0280373550646287,0.5689600024873901
2025-06-03,ONDS,Technology,1.590000033378601,1.659999966621399,1.399999976158142,1.4199999570846558,0.12280591090219478,0.08163265471621946,0.5728552743753297
2025-06-05,ONDS,Technology,1.8849999904632568,1.8849999904632568,1.5,1.5800000429153442,0.14956223921046155,0.07714285169328962,0.5558644115607029
2025-06-06,ONDS,Technology,1.659999966621399,1.8700000047683716,1.5800000429153442,1.7000000476837158,0.1663792214428041,0.050632861729827845,0.5764684299046657
2025-06-16,ONDS,Technology,1.8450000286102295,1.899999976158142,1.6649999618530273,1.690000057220459,0.20039540418948643,0.013736250240465434,0.5497651369200809
2025-06-18,ONDS,Technology,1.5700000524520874,1.6100000143051147,1.4600000381469727,1.5499999523162842,0.20116236619576502,0.006410326948300152,0.5034202230509821
2025-06-24,ONDS,Technology,1.5399999618530273,1.600000023841858,1.465000033378601,1.590000033378601,0.1959634532693909,0.07692308974817579,0.5071510400940282
2025-07-17,ONDS,Technology,2.4800000190734863,2.640000104904175,2.2799999713897705,2.4000000953674316,0.21591617939556837,0.033333300219643106,0.5414589072602661
2025-07-31,ONDS,Technology,2.1700000762939453,2.2200000286102295,2.0299999713897705,2.119999885559082,0.23323898015964306,0.04830924940876222,0.7029526627461745
2025-08-04,ONDS,Technology,2.2750000953674316,2.6700000762939453,2.25,2.6700000762939453,0.23228259314964922,0.03409093002642436,0.5533618181370141
2025-08-05,ONDS,Technology,2.75,3.0899999141693115,2.6600000858306885,3.069999933242798,0.2492624099682621,0.029962517385803755,0.5430385426352711
2025-08-11,ONDS,Technology,3.609999895095825,3.759999990463257,3.309999942779541,3.430000066757202,0.31515027322809336,0.01690139255928513,0.5335669741169344
2025-08-12,ONDS,Technology,3.940000057220459,4.389999866485596,3.859999895095825,4.289999961853027,0.3247823999749236,0.14868804097296187,0.5026925682799486
2025-08-21,ONDS,Technology,3.640000104904175,3.890000104904175,3.509999990463257,3.799999952316284,0.43990063770481946,0.008310307667627585,0.5162597361270718
2025-08-25,ONDS,Technology,4.679999828338623,4.980000019073486,4.53000020980835,4.849999904632568,0.455220475162062,0.04231627325298114,0.512642700885419
2025-08-28,ONDS,Technology,5.25,6.010000228881836,5.199999809265137,5.699999809265137,0.46981177789646583,0.0355029235195547,0.5102323709850559
2025-08-29,ONDS,Technology,6.0,6.188000202178955,5.539999961853027,5.860000133514404,0.5033966549910368,0.05263161417079772,0.5614089548297947
2025-09-03,ONDS,Technology,5.619999885559082,5.677999973297119,5.010000228881836,5.03000020980835,0.5213165113038236,0.02930400115279312,0.5058836816539657
2025-09-05,ONDS,Technology,5.449999809265137,5.679999828338623,5.03000020980835,5.630000114440918,0.5288085912418325,0.022514050145735036,0.5112853907320063
2025-09-10,ONDS,Technology,5.610000133514404,6.0,5.385000228881836,5.559999942779541,0.5838346972138404,0.029357858687859586,0.5242278200968528
2025-09-23,ONDS,Technology,7.514999866485596,8.119999885559082,7.230000019073486,7.880000114440918,0.5970205985850644,0.03512391591797981,0.5413468327391097
2025-09-24,ONDS,Technology,7.989999771118164,8.069999694824219,7.25,7.349999904632568,0.6179476891493881,0.013959347091335736,0.5024308246453311
2025-10-06,ONDS,Technology,10.5600004196167,11.630000114440918,10.270000457763672,10.65999984741211,0.8006421068787015,0.06559037156537702,0.590520177908844
2025-10-07,ONDS,Technology,11.0,11.545000076293945,10.449999809265137,11.09000015258789,0.8663105468894234,0.03189494910456601,0.584630814052142
2025-10-08,ONDS,Technology,11.265000343322754,11.699999809265137,10.713000297546387,11.260000228881836,0.8826455268993796,0.01577999894743251,0.5017224220088112
2025-10-13,ONDS,Technology,10.029999732971191,11.21500015258789,9.682999610900879,10.8100004196167,0.9290908635819459,0.08785243410881258,0.501846816210737
2025-10-20,ONDS,Technology,8.0600004196167,8.1899995803833,7.329999923706055,7.769999980926514,1.0653458325058258,0.05913275666323523,0.5784458007990526
2025-10-23,ONDS,Technology,6.849999904632568,7.300000190734863,6.650000095367432,7.059999942779541,1.014793995326666,0.016320495140930147,0.5646343452727985
2025-10-24,ONDS,Technology,7.670000076293945,8.170000076293945,7.40500020980835,7.460000038146973,0.9887372881867207,0.08640228590062078,0.5926571511203277
2025-10-27,ONDS,Technology,8.1850004196167,8.3149995803833,7.519999980926514,7.53000020980835,0.997398919995841,0.09718503723356724,0.5465913297316902
2025-11-03,ONDS,Technology,6.574999809265137,6.690000057220459,5.78000020980835,6.150000095367432,0.879790342465748,0.020962694230618438,0.5766190524729714
2025-11-10,ONDS,Technology,6.369999885559082,6.389999866485596,5.769999980926514,5.880000114440918,0.8468841680778173,0.0963855332693228,0.6182892169196581
2025-11-12,ONDS,Technology,5.985000133514404,6.164999961853027,5.480000019073486,5.510000228881836,0.80670112915942,0.031896540809613565,0.6085566059658539
2025-11-13,ONDS,Technology,6.320000171661377,7.340000152587891,6.309999942779541,6.559999942779541,0.798008187275143,0.14700542815474932,0.5656269770907945
2025-11-17,ONDS,Technology,7.510000228881836,7.514999866485596,5.980000019073486,6.255000114440918,0.9351703360307326,0.045961059670327535,0.5716659460377932
2025-11-20,ONDS,Technology,7.920000076293945,7.96999979019165,6.25,6.269999980926514,1.0160437770527424,0.056000010172526045,0.5927740631922429
2025-11-21,ONDS,Technology,6.559999942779541,6.849999904632568,5.929999828338623,6.735000133514404,1.0663263494198074,0.046251987677067626,0.5849111291126198
2025-11-24,ONDS,Technology,6.784999847412109,8.800000190734863,6.670000076293945,8.720000267028809,1.05587447276796,0.007423862346920938,0.5863798106267745
2025-11-26,ONDS,Technology,8.609999656677246,8.680000305175781,7.684999942779541,8.239999771118164,1.1095550676538315,0.020142190135775433,0.5155651221532741
2025-12-08,ONDS,Technology,9.295000076293945,9.75,8.970000267028809,9.020000457763672,1.0483605457270677,0.024807099122409308,0.5018626226091535
2025-12-17,ONDS,Technology,8.140000343322754,8.5600004196167,7.28000020980835,7.369999885559082,1.0193207762215784,0.006180493175747202,0.5330965925257978
2025-12-19,ONDS,Technology,7.989999771118164,9.239999771118164,7.860000133514404,9.220000267028809,1.0330163876854483,0.024358919966308398,0.5232157697695345
2025-12-22,ONDS,Technology,9.300000190734863,9.65999984741211,9.154999732971191,9.270000457763672,1.062086615735295,0.008676781061724965,0.5511841149551414
2026-01-02,ONDS,Technology,10.135000228881836,11.0600004196167,9.90999984741211,11.020000457763672,0.9766111842873779,0.03842213024650331,0.5677612532854238
2026-01-05,ONDS,Technology,11.300000190734863,12.539999961853027,10.989999771118164,12.529999732971191,0.9997103990336269,0.025408323170615615,0.5253236918476104
2026-01-13,ONDS,Technology,13.5,14.5,12.960000038146973,13.890000343322754,1.2739965348036357,0.02350268608633956,0.5065107304217354
2024-01-08,OPEN,Real Estate,3.690000057220459,3.950000047683716,3.6500000953674316,3.950000047683716,0.32433566256036755,0.017931050267712825,0.5549802478491612
2024-01-10,OPEN,Real Estate,3.740000009536743,3.799999952316284,3.5950000286102295,3.680000066757202,0.32121289383697554,0.010810800361494111,0.5612640852132398
2024-01-12,OPEN,Real Estate,3.6500000953674316,3.7699999809265137,3.490000009536743,3.509999990463257,0.3116325295759322,0.02528094214451622,0.5091575609073925
2024-01-18,OPEN,Real Estate,3.190000057220459,3.2300000190734863,2.9000000953674316,3.009999990463257,0.3057859513946421,0.022435953278515396,0.6720330259767505
2024-01-19,OPEN,Real Estate,3.049999952316284,3.1700000762939453,2.9200000762939453,3.1500000953674316,0.3075155208454573,0.013289023913541977,0.5641667417885481
2024-01-22,OPEN,Real Estate,3.315000057220459,3.5999999046325684,3.299999952316284,3.490000009536743,0.3034072693564961,0.052380938684949765,0.5111068887371434
2024-01-24,OPEN,Real Estate,3.5199999809265137,3.5250000953674316,3.190000057220459,3.2200000286102295,0.31431543421986624,0.04761907465063339,0.8658245905708573
2024-01-25,OPEN,Real Estate,3.319999933242798,3.4649999141693115,3.2799999713897705,3.380000114440918,0.31579290592894527,0.0310558707279667,0.7019253082611128
2024-01-26,OPEN,Real Estate,3.4100000858306885,3.490000009536743,3.3299999237060547,3.3499999046325684,0.31073626161681217,0.008875730879888674,0.6001297184331414
2024-02-01,OPEN,Real Estate,3.490000009536743,3.5950000286102295,3.369999885559082,3.5299999713897705,0.305718941905348,0.020467816281060643,0.5264385244342389
2024-02-07,OPEN,Real Estate,3.299999952316284,3.309999942779541,3.140000104904175,3.2149999141693115,0.2970876177488323,0.006097555213709185,0.6989055273706086
2024-02-14,OPEN,Real Estate,3.380000114440918,3.4749999046325684,3.319999933242798,3.434999942779541,0.2810482923703084,0.04320990879385587,0.5129525500705915
2024-02-22,OPEN,Real Estate,2.9700000286102295,3.069999933242798,2.880000114440918,2.9700000286102295,0.2891948183834915,0.020618536429497538,0.6065325268781354
2024-02-29,OPEN,Real Estate,3.1700000762939453,3.319999933242798,3.0299999713897705,3.0799999237060547,0.2541578781136127,0.046204655520165214,0.5815164366165961
2024-03-08,OPEN,Real Estate,3.049999952316284,3.240000009536743,3.0199999809265137,3.059999942779541,0.2429532803314671,0.026936000988353373,0.5230226567424265
2024-03-21,OPEN,Real Estate,3.0999999046325684,3.180000066757202,3.0199999809265137,3.130000114440918,0.24369106474566476,0.04026841771510836,0.8353477697618035
2024-03-26,OPEN,Real Estate,2.9700000286102295,3.0299999713897705,2.9000000953674316,2.9100000858306885,0.23523661490401795,0.006779654441774426,0.5196974106457215
2024-03-27,OPEN,Real Estate,2.9700000286102295,2.9700000286102295,2.859999895095825,2.950000047683716,0.22771970498389804,0.020618536429497538,0.517581443517419
2024-04-04,OPEN,Real Estate,2.930000066757202,3.009999990463257,2.740000009536743,2.759999990463257,0.21598023141836614,0.020905987313805052,0.5516948753596926
2024-04-09,OPEN,Real Estate,2.7300000190734863,2.7699999809265137,2.680000066757202,2.740000009536743,0.20623852825930067,0.014869873978500495,0.5958392724792918
2024-04-11,OPEN,Real Estate,2.5,2.509999990463257,2.380000114440918,2.4600000381469727,0.208083208971394,0.02040814340536656,0.6319619391929245
2024-04-15,OPEN,Real Estate,2.369999885559082,2.375,2.1600000858306885,2.190000057220459,0.20161255870174707,0.012820501064172197,0.5611350421258533
2024-04-18,OPEN,Real Estate,2.180000066757202,2.2699999809265137,2.109999895095825,2.1549999713897705,0.1905822808666324,0.009259250061011975,0.5936890347414762
2024-04-29,OPEN,Real Estate,2.180000066757202,2.2699999809265137,2.0999999046325684,2.125,0.16903917155838444,0.0186915700430858,0.6595583573738024
2024-05-03,OPEN,Real Estate,2.380000114440918,2.5999999046325684,2.200000047683716,2.2100000381469727,0.16524228817733033,0.1724138660019447,0.5520473179087249
2024-05-10,OPEN,Real Estate,2.319999933242798,2.3499999046325684,2.240000009536743,2.319999933242798,0.19003304273747118,0.008695644061371431,0.5277028864483079
2024-05-13,OPEN,Real Estate,2.369999885559082,2.509999990463257,2.3499999046325684,2.4800000190734863,0.18431638933449648,0.021551704204748126,0.5472776275980397
2024-05-23,OPEN,Real Estate,2.2300000190734863,2.2300000190734863,2.0899999141693115,2.119999885559082,0.18290755339269396,0.013636350336153933,0.8107452237156952
2024-05-31,OPEN,Real Estate,2.180000066757202,2.2300000190734863,2.109999895095825,2.180000066757202,0.1601553828941038,0.033175438455743576,0.5356151974897813
2024-06-03,OPEN,Real Estate,2.2100000381469727,2.259999990463257,2.130000114440918,2.180000066757202,0.1572871501143579,0.013761454344538678,0.525132734303659
2024-06-12,OPEN,Real Estate,2.319000005722046,2.5380001068115234,2.2100000381469727,2.2300000190734863,0.13599612885902443,0.08873233855705054,0.625384622656126
2024-06-21,OPEN,Real Estate,1.8600000143051147,1.9199999570846558,1.7999999523162842,1.8899999856948853,0.14606348784314974,0.005405400180747056,0.5984215337875295
2024-06-28,OPEN,Real Estate,1.909999966621399,1.9299999475479126,1.7899999618530273,1.840000033378601,0.13593444778969346,0.01595743163077738,0.6784662387018877
2024-07-05,OPEN,Real Estate,1.809999942779541,1.8200000524520874,1.7100000381469727,1.7599999904632568,0.1315145726385522,0.005555550404536735,0.687514680068769
2024-07-08,OPEN,Real Estate,1.7799999713897705,1.840000033378601,1.7649999856948853,1.809999942779541,0.12997781847187811,0.01136362558800321,0.6420832831285636
2024-07-09,OPEN,Real Estate,1.8200000524520874,1.940000057220459,1.75,1.899999976158142,0.12640797736069712,0.005524922645682318,0.5328915427877522
2024-07-11,OPEN,Real Estate,2.059999942779541,2.0999999046325684,1.9800000190734863,2.059999942779541,0.13302525571149704,0.08421050980480733,0.6290522724853731
2024-07-18,OPEN,Real Estate,2.759999990463257,2.880000114440918,2.4700000286102295,2.569999933242798,0.19042761294463048,0.014705868173635691,0.6013918215438183
2024-07-22,OPEN,Real Estate,2.5299999713897705,2.5299999713897705,2.369999885559082,2.5199999809265137,0.2074605426953952,0.032653029448586494,0.5586423291784411
2024-07-26,OPEN,Real Estate,2.609999895095825,2.609999895095825,2.4200000762939453,2.5199999809265137,0.21019421229636584,0.056680107232374426,0.6296641417398413
2024-07-30,OPEN,Real Estate,2.509999990463257,2.5199999809265137,2.2799999713897705,2.3399999141693115,0.2052694934905097,0.008032120823258392,0.5954806163555123
2024-08-06,OPEN,Real Estate,1.7899999618530273,1.7999999523162842,1.690000057220459,1.715000033378601,0.23066313260611776,0.046783580070995756,0.813895478143828
2024-08-07,OPEN,Real Estate,1.7699999809265137,1.7799999713897705,1.600000023841858,1.600000023841858,0.22204432992681117,0.032069939637004594,0.8025083426470374
2024-08-14,OPEN,Real Estate,1.809999942779541,1.8700000047683716,1.7100000381469727,1.7599999904632568,0.1949246294126438,0.028409063970008027,0.6136441894970472
2024-08-20,OPEN,Real Estate,1.9900000095367432,2.0899999141693115,1.8899999856948853,1.9450000524520874,0.1836402051295194,0.015306107554024919,0.5271488476896709
2024-08-26,OPEN,Real Estate,2.3399999141693115,2.549999952316284,2.25,2.5,0.1941344125875246,0.039999961853027344,0.5809340930525535
2024-08-30,OPEN,Real Estate,2.130000114440918,2.25,2.0899999141693115,2.1500000953674316,0.20585156344180397,0.0142858148432148,0.6257408116472306
2024-09-06,OPEN,Real Estate,2.0799999237060547,2.0799999237060547,1.8799999952316284,1.8899999856948853,0.2001226270361054,0.045226087305528614,0.5345418914063002
2024-09-10,OPEN,Real Estate,1.9900000095367432,2.0199999809265137,1.809999942779541,1.9600000381469727,0.19439144441850284,0.010152274434545569,0.6707582803629605
2024-09-19,OPEN,Real Estate,2.3399999141693115,2.380000114440918,2.1600000858306885,2.190000057220459,0.2127210053201251,0.06363630156871836,0.7120293470039778
2024-09-26,OPEN,Real Estate,2.069999933242798,2.130000114440918,2.0299999713897705,2.0899999141693115,0.1966897841562001,0.034999966621398926,0.7442774430091919
2024-10-15,OPEN,Real Estate,1.9500000476837158,1.9600000381469727,1.8530000448226929,1.8899999856948853,0.15574892500567994,0.010362746465984925,0.6154993229939038
2024-10-24,OPEN,Real Estate,1.75,1.7899999618530273,1.7100000381469727,1.7699999809265137,0.1337659849057805,0.011560682489023788,0.6267969255788228
2024-10-25,OPEN,Real Estate,1.7999999523162842,1.840000033378601,1.75,1.75,0.12992555196294295,0.01694913656104499,0.5981486462456856
2024-11-01,OPEN,Real Estate,1.7799999713897705,1.8300000429153442,1.75,1.8200000524520874,0.1302507456266794,0.017142840794154575,0.5967339035590618
2024-11-06,OPEN,Real Estate,1.9500000476837158,1.9700000286102295,1.774999976158142,1.7799999713897705,0.12569273832559985,0.015625047536257475,0.5016564297937961
2024-11-13,OPEN,Real Estate,1.7999999523162842,1.9199999570846558,1.7699999809265137,1.809999942779541,0.1422308927306432,0.01694913656104499,0.6876140282630959
2024-11-25,OPEN,Real Estate,2.119999885559082,2.4000000953674316,2.0999999046325684,2.2799999713897705,0.14631984577317678,0.06532657055243023,0.5531467286779929
2024-11-29,OPEN,Real Estate,2.390000104904175,2.4800000190734863,2.259999990463257,2.3399999141693115,0.16449513770310448,0.05286349118323886,0.6904373049272253
2024-12-19,OPEN,Real Estate,1.7599999904632568,1.7999999523162842,1.659999966621399,1.6649999618530273,0.16702882145054956,0.01734102373353568,0.6668442739311388
2024-12-27,OPEN,Real Estate,1.7200000286102295,1.7200000286102295,1.6299999952316284,1.6699999570846558,0.14832438701443174,0.0058479475088744695,0.7527475805925936
2025-01-06,OPEN,Real Estate,1.7200000286102295,1.8300000429153442,1.7000000476837158,1.7200000286102295,0.13235334359907605,0.042424274826400564,0.5681221226461431
2025-01-15,OPEN,Real Estate,1.4600000381469727,1.600000023841858,1.4299999475479126,1.5099999904632568,0.12772056133676776,0.06569345479222648,0.536941991207377
2025-01-30,OPEN,Real Estate,1.4900000095367432,1.5299999713897705,1.409999966621399,1.4299999475479126,0.1273854762143,0.020547925072554363,0.5183415639208988
2025-02-05,OPEN,Real Estate,1.3300000429153442,1.409999966621399,1.3300000429153442,1.3799999952316284,0.11926272546139736,0.007575750049918888,0.5748961565563104
2025-02-06,OPEN,Real Estate,1.399999976158142,1.4299999475479126,1.3600000143051147,1.3899999856948853,0.11717252465481981,0.01449273985189887,0.6323266185500891
2025-02-14,OPEN,Real Estate,1.5299999713897705,1.5800000429153442,1.4600000381469727,1.5499999523162842,0.11438827447861029,0.019999980926513672,0.5479401693124895
2025-02-21,OPEN,Real Estate,1.4900000095367432,1.5,1.3600000143051147,1.3899999856948853,0.1122455060003712,0.006756750225933819,0.764220196365859
2025-02-26,OPEN,Real Estate,1.5,1.590000033378601,1.4500000476837158,1.5399999618530273,0.1164006459412561,0.00671140295251806,0.6179595891841524
2025-02-27,OPEN,Real Estate,1.5499999523162842,1.590000033378601,1.4199999570846558,1.4299999475479126,0.11808631306651532,0.006493500461665078,0.8391328894909079
2025-03-12,OPEN,Real Estate,1.149999976158142,1.2400000095367432,1.1200000047683716,1.2100000381469727,0.12107847384458408,0.03603600120498037,0.7698891010100696
2025-03-25,OPEN,Real Estate,1.2400000095367432,1.25,1.2000000476837158,1.2000000476837158,0.10650554402646795,0.00813007342129105,0.5017782458060006
2025-03-26,OPEN,Real Estate,1.2100000381469727,1.2300000190734863,1.159999966621399,1.2000000476837158,0.10246943033288339,0.008333325054910776,0.6676001995401708
2025-04-08,OPEN,Real Estate,1.0700000524520874,1.0800000429153442,0.9399999976158142,0.968999981880188,0.10765312487016436,0.03883503123630685,0.958795251568234
2025-04-14,OPEN,Real Estate,1.0299999713897705,1.0399999618530273,0.949999988079071,0.953000009059906,0.11540308674079716,0.009803912402207475,0.5980767240746038
2025-04-23,OPEN,Real Estate,1.0299999713897705,1.0700000524520874,0.8199999928474426,0.8410000205039978,0.09720797995025633,0.03830643974120528,0.7542978036172452
2025-04-24,OPEN,Real Estate,0.8619999885559082,0.8650000095367432,0.7269999980926514,0.7770000100135803,0.1081216999255698,0.02497023488694502,0.5124012085687363
2025-04-28,OPEN,Real Estate,0.7689999938011169,0.8379999995231628,0.7519999742507935,0.7770000100135803,0.10688044351448855,0.006544496388730884,0.5066523957235988
2025-05-07,OPEN,Real Estate,0.800000011920929,0.9200000166893005,0.7649999856948853,0.871999979019165,0.0866645719353909,0.141226876202934,0.7503524395414779
2025-05-08,OPEN,Real Estate,0.8999999761581421,0.9120000004768372,0.8700000047683716,0.871999979019165,0.09611710547463675,0.03211008923471736,0.6303925614927348
2025-05-12,OPEN,Real Estate,0.7039999961853027,0.7260000109672546,0.6710000038146973,0.7070000171661377,0.10151934086468362,0.049180316219072207,0.8569941228089861
2025-05-14,OPEN,Real Estate,0.7200000286102295,0.7749999761581421,0.7170000076293945,0.75,0.09425392070810638,0.01265823209276595,0.5386672824659309
2025-05-22,OPEN,Real Estate,0.6990000009536743,0.7039999961853027,0.6710000038146973,0.6800000071525574,0.08361429376426566,0.014513774036286339,0.5289339287843919
2025-05-29,OPEN,Real Estate,0.6840000152587891,0.7110000252723694,0.6819999814033508,0.6859999895095825,0.07035742667122785,0.008849619761032837,0.8220631750142345
2025-06-11,OPEN,Real Estate,0.6200000047683716,0.6600000262260437,0.6010000109672546,0.6079999804496765,0.06695497621150485,0.028192404588826294,0.5129506607168934
2025-06-26,OPEN,Real Estate,0.5170000195503235,0.5400000214576721,0.5080000162124634,0.5379999876022339,0.05236544474858691,0.00976561522293242,0.5694294076517062
2025-07-08,OPEN,Real Estate,0.6480000019073486,0.765999972820282,0.6449999809265137,0.7319999933242798,0.05340622325232259,0.03514379430417622,0.5784700918449216
2025-07-11,OPEN,Real Estate,0.8999999761581421,0.8999999761581421,0.7250000238418579,0.7789999842643738,0.06772429367710522,0.0192525024162494,0.6082661070801427
2025-07-15,OPEN,Real Estate,1.0299999713897705,1.1100000143051147,0.949999988079071,1.0399999618530273,0.0807163546541913,0.1431741900383904,0.5036364230598186
2025-07-16,OPEN,Real Estate,1.1950000524520874,1.4900000095367432,1.1299999952316284,1.4900000095367432,0.08987947156581558,0.14903855411964395,0.6377224578535696
2025-07-17,OPEN,Real Estate,1.909999966621399,2.0199999809265137,1.5399999618530273,1.649999976158142,0.11560236985995131,0.2818791640244608,0.5780751320600376
2025-07-18,OPEN,Real Estate,1.8450000286102295,2.309999942779541,1.7599999904632568,2.25,0.1452021985406527,0.11818185167864383,0.5084528634899378
2025-07-21,OPEN,Real Estate,2.7799999713897705,4.96999979019165,2.615000009536743,3.2100000381469727,0.1819734676892774,0.235555542839898,0.8592407503410013
2025-07-24,OPEN,Real Estate,2.4649999141693115,2.9100000858306885,2.359999895095825,2.4200000762939453,0.4600567393157248,0.07641919442421183,0.5910936924951503
2025-07-25,OPEN,Real Estate,2.549999952316284,2.569999933242798,2.259999990463257,2.5399999618530273,0.4714812667915774,0.05371895534045778,0.626692821472747
2025-07-28,OPEN,Real Estate,2.6449999809265137,2.75,2.2799999713897705,2.3399999141693115,0.45994688650500337,0.041338590807255285,0.8381417056284333
2025-07-31,OPEN,Real Estate,2.0999999046325684,2.0999999046325684,1.8200000524520874,1.840000033378601,0.44557335996110764,0.01449274026921029,0.6533263071351019
2025-08-01,OPEN,Real Estate,1.9550000429153442,2.200000047683716,1.8700000047683716,2.0999999046325684,0.43374668083392004,0.06250000404922851,0.5981837196392523
2025-08-04,OPEN,Real Estate,2.2799999713897705,2.569999933242798,2.140000104904175,2.4600000381469727,0.42847906179614825,0.08571432139597944,0.5072333963462158
2025-08-07,OPEN,Real Estate,1.9249999523162842,1.9299999475479126,1.7000000476837158,1.850000023841858,0.4377764182647539,0.0131578823536055,0.5691827984673374
2025-08-12,OPEN,Real Estate,2.390000104904175,2.6700000762939453,2.2200000286102295,2.4700000286102295,0.4126839511133028,0.034632105673722414,0.5520019986824821
2025-08-13,OPEN,Real Estate,2.484999895095825,2.5999999046325684,2.3499999046325684,2.4200000762939453,0.41534938658261805,0.006072820369170413,0.565523573618595
2025-08-15,OPEN,Real Estate,3.4100000858306885,3.5299999713897705,3.0999999046325684,3.1700000762939453,0.4318573758412777,0.1217105686251812,0.8247155578517571
2025-08-18,OPEN,Real Estate,3.2899999618530273,3.950000047683716,3.2899999618530273,3.7799999713897705,0.4360104211052396,0.0378548525775981,0.6578496408895005
2025-08-19,OPEN,Real Estate,4.025000095367432,4.099999904632568,3.5199999809265137,3.619999885559082,0.4605811032684204,0.06481484810371133,0.6783582252667827
2025-08-27,OPEN,Real Estate,4.90500020980835,4.96999979019165,3.9600000381469727,4.019999980926514,0.6421793125746205,0.04361710826862044,0.5415586281468217
2025-08-29,OPEN,Real Estate,4.519999980926514,4.929999828338623,4.210000038146973,4.449999809265137,0.6549913309628596,0.05854800962920718,0.6561211580192956
2025-09-03,OPEN,Real Estate,5.21999979019165,5.400000095367432,4.920000076293945,5.130000114440918,0.6896608731484667,0.025540203085782722,0.7426038041471437
2025-09-05,OPEN,Real Estate,6.409999847412109,6.849999904632568,5.900000095367432,6.650000095367432,0.7000647487110361,0.07550332321894522,0.6432887904887942
2025-09-08,OPEN,Real Estate,7.0,7.320000171661377,5.980000019073486,6.039999961853027,0.717917253036329,0.05263156385161373,0.6082759154390711
2025-09-11,OPEN,Real Estate,7.610000133514404,10.699999809265137,7.420000076293945,10.520000457763672,0.7519257155309435,0.29863480548258564,0.6882171394921258
2025-09-15,OPEN,Real Estate,9.760000228881836,10.5,9.300000190734863,9.494999885559082,1.0950788005807892,0.07607503387804576,0.6192934410451926
2025-09-16,OPEN,Real Estate,9.800000190734863,9.819999694824219,8.8100004196167,8.920000076293945,1.1190017651947173,0.03212220209077152,0.6204721294268633
2025-09-17,OPEN,Real Estate,9.010000228881836,10.869999885559082,8.765000343322754,10.210000038146973,1.1112158730527746,0.010089703118621902,0.6784212997394732
2025-09-19,OPEN,Real Estate,10.039999961853027,10.279999732971191,9.350000381469727,9.569999694824219,1.1477575200239951,0.010060400974973724,0.5791124520525006
2025-09-24,OPEN,Real Estate,7.599999904632568,8.479999542236328,7.309999942779541,8.229999542236328,1.1641447573739472,0.0719322624920572,0.6186979437559477
2025-10-01,OPEN,Real Estate,8.100000381469727,8.800000190734863,7.860000133514404,8.0600004196167,1.0930715270760822,0.01631124149313812,0.8163320758713873
2025-10-02,OPEN,Real Estate,8.119999885559082,8.329999923706055,7.829999923706055,8.010000228881836,1.0821378506578236,0.007444102086688991,0.5961396763813577
2025-10-06,OPEN,Real Estate,8.305000305175781,9.6899995803833,8.050000190734863,9.279999732971191,1.031231095025213,0.02404447062312565,0.5447029302922086
2025-10-09,OPEN,Real Estate,8.640000343322754,8.699999809265137,8.119999885559082,8.140000343322754,1.0855447635023852,0.017667912396755487,0.5630023082364687
2025-10-10,OPEN,Real Estate,8.220000267028809,8.220000267028809,7.449999809265137,7.570000171661377,1.0494344178026473,0.009828000040771332,0.6762657922091843
2025-10-27,OPEN,Real Estate,8.149999618530273,8.479999542236328,7.849999904632568,8.15999984741211,0.8423621324982309,0.02258467165333447,0.6234202647517029
2025-10-31,OPEN,Real Estate,7.420000076293945,8.020000457763672,7.361999988555908,7.769999980926514,0.7894146771186318,0.010899171940459541,0.5717723518238016
2025-11-05,OPEN,Real Estate,7.139999866485596,7.519999980926514,6.980000019073486,7.230000019073486,0.7512770123072128,0.031791876844815416,0.5753659678712808
2025-11-06,OPEN,Real Estate,7.360000133514404,7.369999885559082,6.519999980926514,6.559999942779541,0.7404715046161668,0.01798065201908219,0.6451756384267271
2025-11-10,OPEN,Real Estate,6.840000152587891,8.119999885559082,6.690000057220459,7.96999979019165,0.7912739203108763,0.04268295918455612,0.5934042195912675
2025-11-20,OPEN,Real Estate,6.954999923706055,6.96999979019165,6.139999866485596,6.159999847412109,0.8791054091949211,0.03961133994305182,0.9131795455048158
2025-11-21,OPEN,Real Estate,6.230000019073486,7.03000020980835,6.230000019073486,6.75,0.875597874517145,0.011363664512229634,0.8271171280226022
2025-12-08,OPEN,Real Estate,7.275000095367432,7.420000076293945,6.949999809265137,7.050000190734863,0.7472544669745852,0.01748251724933388,0.5869727430895335
2025-12-11,OPEN,Real Estate,7.050000190734863,7.170000076293945,6.730000019073486,7.050000190734863,0.7254548551102306,0.007142884390694755,0.6939063549200292
2025-12-15,OPEN,Real Estate,6.664999961853027,6.664999961853027,6.25,6.46999979019165,0.702917690061545,0.016006100608134566,0.71239274162352
2025-12-18,OPEN,Real Estate,6.420000076293945,6.585000038146973,6.239999771118164,6.28000020980835,0.6712985367689542,0.04901963992560717,0.5949207794650321
2025-12-19,OPEN,Real Estate,6.320000171661377,6.426000118255615,6.210000038146973,6.360000133514404,0.6565629378988783,0.006369420464437858,0.5727911273759108
2025-12-22,OPEN,Real Estate,6.570000171661377,6.800000190734863,6.369999885559082,6.420000076293945,0.6250941623424329,0.03301887322932036,0.5227700300272692
2026-01-02,OPEN,Real Estate,5.920000076293945,6.150000095367432,5.849999904632568,6.070000171661377,0.4786002335362089,0.01543741917078426,0.5671998170470653
2026-01-08,OPEN,Real Estate,6.264999866485596,6.71999979019165,6.170000076293945,6.429999828338623,0.5083592158965726,0.02369280778397718,0.5011476483574545
2026-01-14,OPEN,Real Estate,7.050000190734863,6.744999885559082,6.380000114440918,6.639999866485596,0.5514782401396858,0.04135896759190684,0.6250950055832921
2024-01-24,ORCL,Technology,111.08249022288196,113.04127160211313,110.99434864745238,111.95414733886719,1.9840139027955952,0.014217780179938588,0.683672481755045
2024-01-25,ORCL,Technology,112.52220263801941,113.7856176018224,111.99333073650942,112.62993621826172,2.093440608927093,0.0050739996030054035,0.663260005121222
2024-02-22,ORCL,Technology,109.19227900118581,109.58403681849278,107.3999995028725,108.72217559814453,2.0608063164736268,0.030787568282120384,0.505914919598808
2024-03-14,ORCL,Technology,124.60789332345539,125.16614577408056,122.36508752086404,122.94292449951172,3.2354162069661143,0.01362325617384225,0.5122539132774124
2024-03-18,ORCL,Technology,124.5785124694952,126.29244644789242,124.26510769804607,125.16615295410156,3.1468993016515587,0.013222902420662671,0.5069136002646855
2024-03-21,ORCL,Technology,127.8300936164582,130.03372295466008,126.29244286052918,126.35120391845703,3.0712591034272556,0.009903963911226846,0.5014055019430643
2024-04-04,ORCL,Technology,124.9702653322562,125.35222714876569,121.47384045425167,121.63054656982422,2.553628501992218,0.010773096352513313,0.5198323770091151
2024-04-15,ORCL,Technology,120.04814045160255,120.33308128112753,117.35595148806266,117.78826904296875,2.529272780245119,0.008835068133767105,0.5233490034743878
2024-05-23,ORCL,Technology,124.34188782852522,124.48926454762332,121.01103904400138,121.9248046875,2.079738969263632,0.015650092892551763,0.6130682187920581
2024-07-25,ORCL,Technology,138.09337224545428,138.99988499807543,135.6793276125039,135.79757690429688,3.093227907463564,0.00994448075997215,0.536227880920155
2024-07-26,ORCL,Technology,136.83216304782007,137.90617939235173,136.34936311983517,136.97010803222656,3.109465727328419,0.007618590604546077,0.5425893057596456
2024-07-30,ORCL,Technology,137.02923900018985,137.5219018023163,132.97955016531546,133.6791229248047,2.9589222277512746,0.005494985777101803,0.5317593125310798
2024-08-30,ORCL,Technology,138.2707401518489,139.6403421037444,138.0441194786954,139.21664428710938,2.659147332975494,0.00652710940811502,0.5109839320357569
2024-09-06,ORCL,Technology,141.67995961862513,141.82776747768298,137.35438089067088,139.72901916503906,2.725994728362973,0.00827422323220626,0.5358220699176383
2024-09-10,ORCL,Technology,151.9667727833595,158.16447962269677,150.87306069611623,153.6024169921875,2.913921559043951,0.10250922986601875,0.55377641182949
2024-10-04,ORCL,Technology,166.23430840697216,168.39215909889901,165.70222410001585,168.35275268554688,3.8421767175927632,0.011087248192676473,0.5437261980856097
2024-12-19,ORCL,Technology,165.4625313081286,168.86954543921837,165.31439108670904,166.68707275390625,5.3663959825859875,0.01293761714432469,0.5274520135277149
2025-01-02,ORCL,Technology,166.4204391926,166.58831938023684,162.84552997483283,163.96145629882812,4.500584606705995,0.011281828115684291,0.5491924347444428
2025-01-06,ORCL,Technology,165.22551380740236,165.95629971148745,163.13193131013514,163.62570190429688,4.264991433478211,0.005952378101295103,0.5142986357856479
2025-01-14,ORCL,Technology,154.85087101622338,155.67254668422243,152.80164407541847,154.74197387695312,4.249028549157397,0.016242126982086963,0.5601565696111755
2025-01-16,ORCL,Technology,158.54344129552004,159.8799047459006,156.8209058594168,157.93955993652344,4.083176015741538,0.011622706377253128,0.5423746798182948
2025-01-17,ORCL,Technology,160.1472092066032,161.52326482366405,158.9295370699187,159.4146270751953,4.017091741514618,0.013977810695224385,0.5181110338786171
2025-01-28,ORCL,Technology,161.3549651716035,164.16647198026513,155.17755652637018,162.35482788085938,7.471779940164877,0.02975738269320078,0.5415198252007085
2025-02-26,ORCL,Technology,169.2647945361062,172.12580263718152,167.433362040779,170.73985290527344,6.320281139498061,0.014477356004381266,0.5407501134954954
2025-03-03,ORCL,Technology,165.27523650520249,165.4435293359391,159.5136277441643,160.3946990966797,6.437946367194935,0.005359505709528254,0.5981950957611362
2025-03-12,ORCL,Technology,144.7630860488538,150.70289690620683,143.5553232994011,149.3763427734375,7.294158475823203,0.014218396126323165,0.5253514609541046
2025-04-08,ORCL,Technology,131.21040755423184,131.65590542717555,120.479153522021,123.25106811523438,6.9042259468264655,0.042308785815753105,0.9217752463643686
2025-04-14,ORCL,Technology,135.91417483639714,135.91417483639714,132.00961508777254,133.76815795898438,7.794761333082877,0.03362292097535229,0.5260487449766467
2025-04-17,ORCL,Technology,130.05237495730861,130.4497939265495,127.6083127264074,127.78713989257812,7.1272778131607035,0.008785472308142127,0.5264531356102544
2025-04-23,ORCL,Technology,134.0364145341473,134.9901897111487,130.14179971476142,130.54913330078125,6.734715738203258,0.06027975227537081,0.5715589159439022
2025-05-01,ORCL,Technology,145.61097613270562,147.67750930698875,144.39887479817432,144.54791259765625,5.8794145795827415,0.04150085220467399,0.5410627007610038
2025-05-29,ORCL,Technology,163.93157702073114,164.24951220447275,160.44431074897528,161.8451690673828,4.378035366543717,0.007018562764306126,0.5272371037122873
2025-06-06,ORCL,Technology,172.87329847889993,173.65817632458936,171.54197901406775,172.89317321777344,4.121641832649576,0.016711574975490494,0.5232335670280043
2025-06-18,ORCL,Technology,209.7231237643549,213.3296232504068,208.21297714649006,209.50454711914062,6.457617389706813,0.013978421666020409,0.5413473366840167
2025-06-20,ORCL,Technology,211.96848525571826,212.41556830591662,203.31487908328734,203.84144592285156,6.460479258523554,0.01176078596125387,0.5240993743526
2025-07-03,ORCL,Technology,231.70983724704652,236.4489544233375,229.7029130606114,235.78329467773438,7.737934001610641,0.01408826224793792,0.5066238993068013
2025-07-17,ORCL,Technology,242.27801994963468,250.50198165300165,240.95382246871634,247.66441345214844,7.233663093560826,0.008454228026157333,0.563937009954653
2025-07-31,ORCL,Technology,254.6537623629589,259.7314956191338,252.2144577915635,252.66249084472656,6.288553439916377,0.02063045821738168,0.685795431256572
2025-08-04,ORCL,Technology,244.82684699922362,251.80626396120294,244.82684699922362,251.42791748046875,6.937517411366391,0.006055167467005102,0.5177755057504249
2025-09-05,ORCL,Technology,231.53511813906258,233.5960764324474,224.90417978396877,231.78402709960938,7.12454825307087,0.0428251898243853,0.5091406635685162
2025-09-08,ORCL,Technology,238.84305903550808,241.3620162631575,234.28304548554544,237.439208984375,7.442030324826002,0.030455213088799588,0.5047907838862369
2025-10-06,ORCL,Technology,291.103974049413,295.38519545304104,289.5308526107433,290.3174133300781,13.654301571980056,0.02180740551805269,0.5856009997653028
2025-10-07,ORCL,Technology,291.94030071153065,291.94030071153065,269.8172742768502,282.9994812011719,13.428562895515663,0.005590044919583852,0.610318231966669
2025-10-09,ORCL,Technology,290.78132268148715,300.17650045161645,286.50265508657935,296.17706298828125,13.610009467813196,0.01186956559332663,0.548249924333834
2025-10-10,ORCL,Technology,299.488330685771,306.90871805933205,291.2401449439206,292.1876220703125,13.614569174757762,0.011180027460873241,0.5371555086236995
2025-10-27,ORCL,Technology,285.81449478798436,286.2433538320221,279.07230709721875,280.6581115722656,13.50457103795776,0.011435531812402961,0.5052235859912886
2025-10-31,ORCL,Technology,258.82583033285937,265.1092086621758,256.03319406873595,261.9176330566406,12.786887381887697,0.0101989163995879,0.5379742952104365
2025-11-03,ORCL,Technology,264.54069731398414,264.91970033156497,254.5570936929479,257.1701965332031,12.521825039855706,0.01001484408182731,0.5644301837188701
2025-11-10,ORCL,Technology,245.30156492467935,246.58817244149967,236.44498684654965,240.195068359375,11.79155532982196,0.027961242232144377,0.5170306043929863
2025-11-20,ORCL,Technology,230.55057060239145,233.38307953921628,209.74556555267446,210.13453674316406,11.398165518079367,0.02496343758338869,0.5462913188226877
2025-11-26,ORCL,Technology,208.94767119960986,209.44635299244902,201.706817046267,204.41964721679688,12.552258315261207,0.06328987307446796,0.5484204709615823
2025-12-19,ORCL,Technology,187.8933191010791,194.60557155014874,187.62402668062938,191.46388244628906,10.952287624521196,0.04643671047223246,0.5148013290399711
2025-12-22,ORCL,Technology,196.30110985738344,198.27588551211926,192.32162363901878,197.85699462890625,11.244996555871824,0.025264438124257466,0.5322672291191665
2026-01-02,ORCL,Technology,196.94938516426626,198.06642749147284,193.69798540839838,195.19403076171875,8.493190537071467,0.013134272253557896,0.5635000620175094
2024-01-08,OSCR,Healthcare,8.869999885559082,9.78499984741211,8.869999885559082,9.6899995803833,0.4047923619453159,0.005668956061779067,0.5003795301098678
2024-01-19,OSCR,Healthcare,11.180000305175781,11.25,10.65999984741211,10.729999542236328,0.6540329771805958,0.013599326911695549,0.5209685371768215
2024-01-24,OSCR,Healthcare,11.380000114440918,12.039999961853027,11.380000114440918,11.6899995803833,0.6260643224073307,0.018800361388775194,0.781714958497787
2024-01-25,OSCR,Healthcare,11.789999961853027,12.069999694824219,11.524999618530273,11.890000343322754,0.6434882912038844,0.008554352870767825,0.6076907586666479
2024-02-08,OSCR,Healthcare,17.43000030517578,17.549999237060547,15.90999984741211,16.68000030517578,0.6539947857023615,0.2997763239005152,0.5362063381094156
2024-03-01,OSCR,Healthcare,16.3799991607666,16.80500030517578,16.18000030517578,16.579999923706055,0.9076555401147823,0.0073800080071104454,0.5279968137751753
2024-03-04,OSCR,Healthcare,16.81999969482422,17.299999237060547,15.248000144958496,15.350000381469727,0.8874658586780122,0.014475257673253231,0.5523581817664956
2024-03-15,OSCR,Healthcare,14.010000228881836,14.1899995803833,13.729999542236328,13.850000381469727,0.9566553817237454,0.005742995115106365,0.684674852903003
2024-03-18,OSCR,Healthcare,14.029999732971191,14.079999923706055,13.734999656677246,13.829999923706055,0.9211800000396902,0.012996342710740329,0.6216609952893334
2024-03-21,OSCR,Healthcare,14.279999732971191,14.359999656677246,13.739999771118164,13.760000228881836,0.8384393466347491,0.007052145673008892,0.8618573624965955
2024-03-22,OSCR,Healthcare,14.029999732971191,14.069999694824219,13.319999694824219,13.5,0.8228365279864871,0.01962205665684761,0.5580933332151726
2024-03-26,OSCR,Healthcare,13.640000343322754,14.34000015258789,13.604999542236328,13.960000038146973,0.7892315015195488,0.010370395801685474,0.5070883664035575
2024-04-04,OSCR,Healthcare,14.239999771118164,14.399999618530273,13.84000015258789,13.979999542236328,0.8055251676262517,0.01641681216836674,0.571020198637394
2024-04-17,OSCR,Healthcare,15.850000381469727,16.038999557495117,15.270000457763672,15.539999961853027,0.8368518954824855,0.010841841389367213,0.6091894979019609
2024-04-22,OSCR,Healthcare,16.139999389648438,16.360000610351562,15.470000267028809,16.18000030517578,0.929943345554682,0.008119872511437242,0.5562538273023299
2024-04-26,OSCR,Healthcare,18.049999237060547,18.200000762939453,17.520000457763672,17.559999465942383,0.9499152063348273,0.008943535655159885,0.6131240176226198
2024-04-29,OSCR,Healthcare,17.729999542236328,17.84000015258789,17.239999771118164,17.399999618530273,0.9306355705377526,0.00968109803326933,0.6622705032171968
2024-05-03,OSCR,Healthcare,18.329999923706055,18.690000534057617,17.860000610351562,18.020000457763672,0.9185989170636571,0.013266985577323533,0.6090974367467925
2024-05-06,OSCR,Healthcare,18.280000686645508,19.040000915527344,18.040000915527344,18.969999313354492,0.9122704175381142,0.014428425209601943,0.5295785190271889
2024-05-07,OSCR,Healthcare,20.600000381469727,20.600000381469727,18.350000381469727,19.770000457763672,0.9199654204113683,0.08592520438141223,0.5122194096356012
2024-05-13,OSCR,Healthcare,21.8700008392334,22.010000228881836,21.43000030517578,21.950000762939453,1.10980120986388,0.010628533090208074,0.5619375212834986
2024-05-15,OSCR,Healthcare,23.0,23.34000015258789,22.639999389648438,22.649999618530273,1.0839612258715752,0.0074463458984694005,0.5774871869731001
2024-05-23,OSCR,Healthcare,22.420000076293945,22.489999771118164,20.829999923706055,20.959999084472656,1.0542991214672108,0.009000934703866089,0.8003515237125632
2024-06-10,OSCR,Healthcare,19.799999237060547,20.700000762939453,19.750999450683594,20.510000228881836,1.1526496326438092,0.024844697195565632,0.5321701430453536
2024-06-11,OSCR,Healthcare,20.81999969482422,21.170000076293945,19.950000762939453,20.010000228881836,1.1688890208917682,0.015114552046949604,0.6187802281974678
2024-06-12,OSCR,Healthcare,20.600000381469727,20.940000534057617,18.790000915527344,19.059999465942383,1.172539756067677,0.02948526465963264,0.6587583892329371
2024-06-20,OSCR,Healthcare,19.420000076293945,19.420000076293945,18.020000457763672,18.040000915527344,1.1182256055843582,0.009880423223115756,0.7043428012707642
2024-06-25,OSCR,Healthcare,17.889999389648438,18.059999465942383,17.440000534057617,17.639999389648438,1.1033242381782953,0.007887289557658451,0.6408038642587102
2024-06-26,OSCR,Healthcare,17.799999237060547,17.93000030517578,17.329999923706055,17.920000076293945,1.0688010020144716,0.009070286448309121,0.5379179209299769
2024-06-28,OSCR,Healthcare,17.799999237060547,17.799999237060547,15.149999618530273,15.819999694824219,1.001364116442579,0.008498562140068987,0.7185756718601558
2024-07-08,OSCR,Healthcare,16.8799991607666,17.049999237060547,16.0,16.1299991607666,1.0140044898369318,0.005959384387908774,0.7079488580505833
2024-07-09,OSCR,Healthcare,16.25,16.360000610351562,15.545000076293945,15.75,1.0165755432100472,0.007439606043209194,0.5802043135720936
2024-07-12,OSCR,Healthcare,16.68000030517578,16.93000030517578,16.280000686645508,16.520000457763672,0.9496324934010776,0.005424963939729163,0.5677367148480812
2024-07-18,OSCR,Healthcare,15.739999771118164,15.84000015258789,14.680000305175781,14.960000038146973,0.918072093139845,0.009621527714056756,0.5915435046017852
2024-07-19,OSCR,Healthcare,15.170000076293945,15.979999542236328,15.100000381469727,15.25,0.9353526470164353,0.014037435669217044,0.56004303830415
2024-07-22,OSCR,Healthcare,15.5,16.190000534057617,15.289999961853027,15.34000015258789,0.9413988510930725,0.01639344262295082,0.6253929070369261
2024-07-26,OSCR,Healthcare,15.739999771118164,15.850000381469727,15.289999961853027,15.819999694824219,0.90541418570695,0.027415149129267943,0.6387461104783357
2024-07-29,OSCR,Healthcare,16.0,17.350000381469727,16.0,16.899999618530273,0.8807417738433607,0.011378022038437295,0.6213914052010168
2024-08-13,OSCR,Healthcare,18.149999618530273,18.6299991607666,17.950000762939453,18.280000686645508,1.2205754851800321,0.009454954428369298,0.5464428523992807
2024-08-14,OSCR,Healthcare,18.3799991607666,19.18000030517578,17.760000228881836,18.200000762939453,1.1819628360833976,0.005470375840529801,0.5722555272512356
2024-08-26,OSCR,Healthcare,17.989999771118164,18.690000534057617,17.6299991607666,18.100000381469727,1.1662795741159435,0.015237046739623113,0.5480913767491712
2024-08-30,OSCR,Healthcare,17.940000534057617,18.469999313354492,17.829999923706055,18.299999237060547,1.0586545336349984,0.007299330264654537,0.5620913467117357
2024-09-10,OSCR,Healthcare,18.0,18.299999237060547,16.889999389648438,17.420000076293945,1.0085753674443145,0.03033776230548346,0.6534741557479746
2024-09-17,OSCR,Healthcare,22.110000610351562,22.34000015258789,21.670000076293945,21.93000030517578,1.1390091128046422,0.008667907545452023,0.5295267444980154
2024-09-19,OSCR,Healthcare,23.239999771118164,23.56999969482422,22.864999771118164,23.270000457763672,1.11082931289932,0.028318556586095816,0.6675854927370252
2024-09-26,OSCR,Healthcare,21.709999084472656,21.889999389648438,20.309999465942383,20.479999542236328,1.0825301992316319,0.00602405751743284,0.7391944751619173
2024-10-18,OSCR,Healthcare,16.989999771118164,17.110000610351562,16.15999984741211,16.350000381469727,1.092008903666814,0.01130955611226927,0.6817402975172657
2024-10-25,OSCR,Healthcare,17.510000228881836,17.84000015258789,16.030000686645508,16.190000534057617,1.0372650546678461,0.018023223964636872,0.5837079462497428
2024-10-28,OSCR,Healthcare,16.309999465942383,16.59000015258789,15.329999923706055,15.350000381469727,1.0924603697588844,0.00741191648711397,0.6820095953276519
2024-11-11,OSCR,Healthcare,13.729999542236328,13.920000076293945,13.149999618530273,13.800000190734863,1.3305264999652056,0.014032465355878645,0.5051116022926765
2024-11-14,OSCR,Healthcare,14.960000038146973,16.799999237060547,14.8100004196167,15.4399995803833,1.2248603564430782,0.10979232538350019,0.5318690610741426
2024-11-15,OSCR,Healthcare,15.529999732971191,15.699999809265137,14.229999542236328,14.869999885559082,1.3745131663274455,0.005829025585093724,0.6916176222890487
2024-11-20,OSCR,Healthcare,18.209999084472656,18.40999984741211,16.760000228881836,17.0,1.4428744954949024,0.011104878014942556,0.5326640585941081
2024-11-21,OSCR,Healthcare,17.09000015258789,17.209999084472656,15.989999771118164,16.309999465942383,1.4576691471402863,0.005294126622817095,0.6391629770581777
2024-11-25,OSCR,Healthcare,16.850000381469727,17.139999389648438,15.90999984741211,16.850000381469727,1.405643304191169,0.054443107894585445,0.6396187187025925
2024-11-29,OSCR,Healthcare,16.920000076293945,17.3799991607666,16.780000686645508,17.329999923706055,1.3343542274991638,0.00534760267355201,0.503525905117763
2024-12-02,OSCR,Healthcare,17.540000915527344,18.81999969482422,17.329999923706055,18.43000030517578,1.2819002451150159,0.012117772229994328,0.5305615773435614
2024-12-06,OSCR,Healthcare,16.540000915527344,16.783000946044922,15.1899995803833,15.609999656677246,1.3104597972372738,0.008536664649606673,0.5278260372466673
2024-12-09,OSCR,Healthcare,15.850000381469727,17.0,15.831999778747559,16.549999237060547,1.330641337839013,0.015374806538821357,0.5248809296453565
2024-12-11,OSCR,Healthcare,15.149999618530273,15.350000381469727,14.050000190734863,14.359999656677246,1.3545325803646453,0.00798402446380882,0.5123873884080684
2024-12-12,OSCR,Healthcare,14.5,15.0,13.630000114440918,13.640000343322754,1.3506374096768037,0.009749327762529245,0.619320074562318
2024-12-18,OSCR,Healthcare,13.800000190734863,14.1899995803833,13.225000381469727,13.380000114440918,1.2381336958908302,0.022222236350730614,0.7676588619008803
2024-12-27,OSCR,Healthcare,14.300000190734863,14.399999618530273,13.5600004196167,13.800000190734863,1.1610474679601361,0.007751981226527363,0.8205833931588531
2024-12-31,OSCR,Healthcare,13.729999542236328,14.0,13.170000076293945,13.4399995803833,1.0961072160276917,0.011045627347053603,0.6159474152697283
2025-01-06,OSCR,Healthcare,15.234999656677246,15.234999656677246,14.65999984741211,14.720000267028809,1.0213255643070045,0.06167242171995524,0.5314413462640494
2025-01-17,OSCR,Healthcare,15.210000038146973,16.100000381469727,15.09000015258789,15.899999618530273,1.0101821764323147,0.017391319879529563,0.5489968979360565
2025-01-21,OSCR,Healthcare,16.09000015258789,16.149999618530273,15.295000076293945,15.649999618530273,1.020169204701763,0.011949719409815936,0.5001807541881729
2025-01-28,OSCR,Healthcare,16.510000228881836,16.719999313354492,16.149999618530273,16.280000686645508,0.9999007676904159,0.0128834970337802,0.5054452793477456
2025-02-10,OSCR,Healthcare,14.890000343322754,15.199999809265137,14.510000228881836,14.720000267028809,1.0928614475986118,0.012925206566183994,0.5200692555908474
2025-02-14,OSCR,Healthcare,13.5600004196167,13.800000190734863,13.229999542236328,13.460000038146973,1.0550641324112244,0.03828483797358673,0.5603014912353912
2025-02-18,OSCR,Healthcare,15.119999885559082,16.700000762939453,14.711000442504883,15.850000381469727,1.0325595351760057,0.12332836870040903,0.6250305656630231
2025-02-19,OSCR,Healthcare,16.149999618530273,16.31999969482422,15.399999618530273,15.989999771118164,1.1902339058628968,0.01892739620443648,0.6363408291928501
2025-02-20,OSCR,Healthcare,16.75,16.8799991607666,15.739999771118164,16.06999969482422,1.1709314894651146,0.04752972106069579,0.7330417730042299
2025-02-21,OSCR,Healthcare,16.59000015258789,16.649999618530273,14.760000228881836,14.819999694824219,1.1687220537639234,0.03235846096071503,0.7849528225446275
2025-02-26,OSCR,Healthcare,15.789999961853027,15.899999618530273,15.199999809265137,15.670000076293945,1.2260248862813892,0.011531089630664106,0.6049492874373166
2025-02-27,OSCR,Healthcare,15.75,15.847000122070312,14.75,14.789999961853027,1.188451666494514,0.005105291851726345,0.8562615099473381
2025-03-03,OSCR,Healthcare,14.779999732971191,15.40999984741211,14.369999885559082,15.09000015258789,1.1532108647249166,0.01163587134078061,0.6792107476619722
2025-03-12,OSCR,Healthcare,14.920000076293945,15.09000015258789,13.791000366210938,14.1899995803833,1.247969870645393,0.018430065856258296,0.7367706084334774
2025-04-08,OSCR,Healthcare,13.5,13.539999961853027,11.579999923706055,11.720000267028809,0.9962120455615852,0.07655502719835049,0.9642754478224163
2025-04-14,OSCR,Healthcare,12.8100004196167,12.958999633789062,12.270000457763672,12.420000076293945,1.0447097830385246,0.019093136882994705,0.6293459038703716
2025-04-23,OSCR,Healthcare,12.0,12.470000267028809,11.920000076293945,12.010000228881836,0.8651907465732059,0.03448272460139292,0.7415412545353257
2025-04-28,OSCR,Healthcare,12.399999618530273,12.670000076293945,12.274999618530273,12.619999885559082,0.8358943306865932,0.013900252056989021,0.5664587530269882
2025-04-29,OSCR,Healthcare,13.050000190734863,13.569999694824219,12.755000114440918,13.149999618530273,0.8076162023559521,0.03407292464937544,0.5475995621250703
2025-05-01,OSCR,Healthcare,13.15999984741211,13.279999732971191,12.930000305175781,13.050000190734863,0.8015159413438404,0.011529563096953565,0.5063403283074911
2025-05-08,OSCR,Healthcare,17.56999969482422,18.270000457763672,16.969999313354492,17.059999465942383,0.9723005157391587,0.03231487792408753,0.7137942820041124
2025-05-12,OSCR,Healthcare,17.799999237060547,17.799999237060547,16.260000228881836,16.81999969482422,1.0203000212932023,0.040327212279088684,0.8261814812263159
2025-05-29,OSCR,Healthcare,14.180000305175781,14.1899995803833,13.770000457763672,13.800000190734863,1.0217325874527547,0.020878326471203947,0.8094241460955517
2025-06-02,OSCR,Healthcare,13.949999809265137,14.4399995803833,13.569999694824219,14.260000228881836,0.9524122674412889,0.01086953742442563,0.6011692721416335
2025-06-03,OSCR,Healthcare,14.800000190734863,15.057999610900879,14.149999618530273,14.25,0.946525668735417,0.03786815940993643,0.5658823068113442
2025-06-05,OSCR,Healthcare,14.404999732971191,16.72800064086914,14.25,15.649999618530273,0.9089328699489737,0.018021209986958588,0.5189516367578737
2025-06-09,OSCR,Healthcare,15.5,15.5,14.6899995803833,14.760000228881836,1.0168553742763702,0.005188062471480994,0.6084843498067174
2025-06-11,OSCR,Healthcare,14.899999618530273,14.989999771118164,14.074999809265137,14.149999618530273,0.9574314371342078,0.014295442079345057,0.5236087289203227
2025-06-17,OSCR,Healthcare,15.880000114440918,16.540000915527344,15.359999656677246,16.110000610351562,0.9064224594739765,0.06220737906628075,0.6972373985602598
2025-06-20,OSCR,Healthcare,21.549999237060547,22.780000686645508,20.309999465942383,21.219999313354492,1.1120173708772172,0.14810861542344866,0.76896878287739
2025-07-01,OSCR,Healthcare,21.549999237060547,22.09000015258789,20.235000610351562,20.450000762939453,1.4263020459574638,0.0051305363928604315,0.5739347252239355
2025-07-03,OSCR,Healthcare,17.360000610351562,17.3799991607666,16.209999084472656,16.469999313354492,1.6496431093312285,0.044524653053645495,0.555550636063431
2025-07-08,OSCR,Healthcare,17.010000228881836,17.459999084472656,16.295000076293945,16.549999237060547,1.5821412983656284,0.01189772571644998,0.678619690736927
2025-07-09,OSCR,Healthcare,16.71500015258789,17.200000762939453,15.960000038146973,16.079999923706055,1.5523454204951344,0.009969844298110653,0.6470803623980054
2025-07-18,OSCR,Healthcare,13.9399995803833,13.970000267028809,13.050000190734863,13.420000076293945,1.3969809534920037,0.005046841773740732,0.7177248658032782
2025-07-21,OSCR,Healthcare,13.550000190734863,14.449999809265137,13.470000267028809,13.619999885559082,1.3629108908349996,0.009687042749765668,0.5565126885099094
2025-07-25,OSCR,Healthcare,14.279999732971191,14.579999923706055,14.109999656677246,14.449999809265137,1.4556636598374855,0.0056337975197617105,0.5246849291023135
2025-07-31,OSCR,Healthcare,14.199999809265137,14.619999885559082,13.979999542236328,14.050000190734863,1.2532865772320387,0.01428570066179548,0.765822548189684
2025-08-07,OSCR,Healthcare,14.470000267028809,15.239999771118164,14.385000228881836,15.15999984741211,1.1290078175276843,0.009065558790629253,0.5500324557082757
2025-08-13,OSCR,Healthcare,15.140000343322754,15.369999885559082,14.930000305175781,14.930000305175781,1.055675032505911,0.010680961680626303,0.5647826525984609
2025-08-15,OSCR,Healthcare,15.210000038146973,15.979999542236328,15.149999618530273,15.640000343322754,0.9787197842284182,0.036103523293819516,0.5872739043732208
2025-09-05,OSCR,Healthcare,18.790000915527344,19.450000762939453,18.229999542236328,19.43000030517578,1.0836546821702102,0.022306951767218777,0.6388434220848014
2025-09-24,OSCR,Healthcare,17.959999084472656,18.979999542236328,17.6200008392334,18.440000534057617,1.1631425259222334,0.011261196678678882,0.5126584042322174
2025-09-29,OSCR,Healthcare,18.700000762939453,19.520000457763672,18.260000228881836,19.1299991607666,1.1352928518774092,0.015200905835275284,0.5376264792240323
2025-09-30,OSCR,Healthcare,19.5,19.739999771118164,18.46500015258789,18.93000030517578,1.1442005216634397,0.01934139338553799,0.6255257171210548
2025-10-07,OSCR,Healthcare,23.549999237060547,23.799999237060547,22.40999984741211,22.469999313354492,1.2428153075152597,0.05558044826541129,0.6850470992317388
2025-10-08,OSCR,Healthcare,22.780000686645508,22.8799991607666,21.350000381469727,21.799999237060547,1.260471340629753,0.013796234212912232,0.602830632109982
2025-10-10,OSCR,Healthcare,20.969999313354492,21.184999465942383,18.665000915527344,18.770000457763672,1.3058145260509135,0.020934682505397963,0.6367647763366511
2025-10-20,OSCR,Healthcare,19.59000015258789,20.690000534057617,19.399999618530273,20.18000030517578,1.5507279470155284,0.010314634823878628,0.6181584663854478
2025-10-27,OSCR,Healthcare,19.6200008392334,19.780000686645508,19.229999542236328,19.670000076293945,1.6014315956673084,0.017107304719743362,0.6427828230614292
2025-10-28,OSCR,Healthcare,19.809999465942383,20.139999389648438,19.389999389648438,19.540000915527344,1.5263294205774423,0.007117406665247711,0.5942806266990565
2025-11-06,OSCR,Healthcare,18.6299991607666,19.09000015258789,16.43000030517578,16.559999465942383,1.229996301080848,0.09395175628946226,0.7553228679498505
2025-11-17,OSCR,Healthcare,14.149999618530273,14.739999771118164,14.010000228881836,14.25,1.3443494691902973,0.019452413678905142,0.645007650921909
2025-11-20,OSCR,Healthcare,14.289999961853027,14.4399995803833,13.0,13.029999732971191,1.2745574858881958,0.014914775517392027,0.8944806045457746
2025-11-24,OSCR,Healthcare,16.25,16.950000762939453,15.529999732971191,16.489999771118164,1.259490854713559,0.2054896551802204,0.5199760936112473
2025-12-05,OSCR,Healthcare,17.290000915527344,17.3700008392334,16.600000381469727,16.770000457763672,1.2520232242689135,0.006402829359579397,0.5193290610166251
2025-12-08,OSCR,Healthcare,17.020000457763672,17.030000686645508,16.503999710083008,16.729999542236328,1.2175930266613963,0.01490757264018216,0.5718689714857622
2025-12-18,OSCR,Healthcare,15.5,15.869999885559082,14.614999771118164,14.800000190734863,1.060672859598461,0.007147475907950291,0.5100066166063766
2026-01-02,OSCR,Healthcare,14.449999809265137,15.085000038146973,14.260000228881836,14.970000267028809,0.7755150766439616,0.005567148527708022,0.5253748692127784
2026-01-05,OSCR,Healthcare,15.649999618530273,16.959999084472656,15.399999618530273,16.56999969482422,0.779049700402617,0.045424137566593956,0.6027679779594967
2026-01-08,OSCR,Healthcare,17.649999618530273,17.700000762939453,16.790000915527344,16.899999618530273,0.841465806673524,0.07099515223258172,0.6270283526603878
2026-01-13,OSCR,Healthcare,17.895000457763672,18.170000076293945,17.18000030517578,17.3799991607666,0.9040163344570911,0.013306942943490422,0.539488301519698
2024-01-18,PANW,Technology,168.2050018310547,169.2949981689453,166.27999877929688,167.88499450683594,4.241539228980239,0.019238944890279663,0.5115242415478646
2024-01-22,PANW,Technology,173.14500427246094,175.3000030517578,171.22500610351562,172.8249969482422,4.157628041471043,0.025315386266854516,0.66491847150101
2024-01-24,PANW,Technology,173.91000366210938,173.9949951171875,169.9199981689453,170.1199951171875,4.28565913718617,0.010575904253291116,0.7238671488424655
2024-01-25,PANW,Technology,172.22999572753906,172.22999572753906,168.28500366210938,170.09500122070312,4.270611837975886,0.012403013584018059,0.6732360639323466
2024-02-22,PANW,Technology,137.06500244140625,138.40499877929688,132.5,133.91000366210938,8.44319029391805,0.046417542487488396,0.6001908954119349
2024-02-26,PANW,Technology,144.25999450683594,156.94000244140625,143.39500427246094,151.38999938964844,8.361526203410406,0.022794118044793518,0.5168262543752012
2024-02-27,PANW,Technology,158.6999969482422,163.78500366210938,153.77499389648438,157.375,8.899631779771159,0.04828586820836981,0.5216716196016475
2024-03-06,PANW,Technology,149.49000549316406,150.0,138.40499877929688,139.42999267578125,8.22169921704343,0.026963919801655137,0.54740104745538
2024-03-14,PANW,Technology,146.17999267578125,146.3699951171875,141.67999267578125,143.7899932861328,7.246413742337442,0.007720909527349902,0.5106879601375042
2024-03-21,PANW,Technology,141.91000366210938,145.07000732421875,140.78500366210938,143.81500244140625,6.0730802759384535,0.006275552589455297,0.5683580901647585
2024-04-04,PANW,Technology,135.8350067138672,136.69500732421875,132.5,132.60000610351562,4.706531888320691,0.00790237002035826,0.5346338723337202
2024-04-09,PANW,Technology,135.48500061035156,139.7550048828125,134.8249969482422,139.56500244140625,4.299484678947225,0.008898707155882701,0.504515607759648
2024-04-17,PANW,Technology,139.0,140.44000244140625,137.8000030517578,138.6649932861328,4.119172494099777,0.0108356159747355,0.5273808516007916
2024-06-03,PANW,Technology,148.2100067138672,148.5,145.56500244140625,147.24000549316406,5.018788272520738,0.005120239214927008,0.5033964853081573
2024-06-05,PANW,Technology,148.11500549316406,148.47500610351562,145.25,147.7050018310547,4.767807247435771,0.021165895845942036,0.5025246012627631
2024-06-20,PANW,Technology,159.74000549316406,160.5500030517578,154.625,155.52000427246094,4.333119388565726,0.007759832369908254,0.5243426525037409
2024-07-19,PANW,Technology,165.97999572753906,168.4499969482422,163.01499938964844,165.44500732421875,4.794577926003837,0.024947469588896532,0.5110842660753507
2024-07-25,PANW,Technology,163.27999877929688,164.4250030517578,159.36500549316406,160.06500244140625,4.991742187841678,0.007155216488076458,0.5453459172889286
2024-07-26,PANW,Technology,161.61500549316406,164.5800018310547,160.63499450683594,163.40499877929688,4.9966175714668255,0.009683584969332757,0.5425893057596456
2024-07-30,PANW,Technology,162.6199951171875,163.4149932861328,157.5050048828125,158.7550048828125,4.8695585779195385,0.009873913866631948,0.5513104761925507
2024-08-07,PANW,Technology,155.5749969482422,157.38999938964844,152.0850067138672,152.10499572753906,5.676965922414337,0.030536884192898833,0.5441095184669805
2024-08-14,PANW,Technology,167.9949951171875,172.1649932861328,167.7550048828125,169.9550018310547,5.574876296089017,0.008282505047722464,0.5174406071039638
2024-09-09,PANW,Technology,169.4199981689453,172.46499633789062,168.8249969482422,172.02499389648438,5.724134881896828,0.008992879958924588,0.5427881325128664
2024-09-10,PANW,Technology,173.5,174.05499267578125,170.03500366210938,173.7899932861328,5.640624724317144,0.008574370910329497,0.5335686333024441
2024-09-19,PANW,Technology,168.9499969482422,169.58999633789062,166.1999969482422,166.8000030517578,5.187973543230979,0.024715675197829794,0.503668629817275
2024-11-25,PANW,Technology,193.97999572753906,198.0800018310547,191.5850067138672,193.19000244140625,5.5910205033146205,0.011999181655062833,0.5110994632365776
2024-12-02,PANW,Technology,195.1199951171875,196.15499877929688,193.25999450683594,195.0850067138672,5.519723973201142,0.006239964066972792,0.5655028522503147
2024-12-19,PANW,Technology,194.44000244140625,195.3000030517578,188.5,189.36000061035156,6.316394027742521,0.0300911639111359,0.5194773879580542
2024-12-31,PANW,Technology,185.3800048828125,185.80999755859375,181.25999450683594,181.9600067138672,5.5553350125210965,0.006406123529425896,0.5239416789413188
2025-01-02,PANW,Technology,184.5,184.6300048828125,178.82000732421875,180.74000549316406,5.4835255867522905,0.013959074480179383,0.5485184689568648
2025-01-16,PANW,Technology,176.0,178.9499969482422,173.5800018310547,177.1699981689453,5.624291469265523,0.010390938246887011,0.5389942963082924
2025-01-22,PANW,Technology,185.27999877929688,188.97000122070312,182.57000732421875,187.6999969482422,5.768089405139547,0.009645274510620744,0.5036108902615681
2025-02-26,PANW,Technology,189.3699951171875,192.30999755859375,188.4499969482422,189.5500030517578,6.708028522546847,0.007233661241887402,0.5498538769941417
2025-02-27,PANW,Technology,191.3800048828125,193.39999389648438,186.6999969482422,187.5,6.536026703204774,0.009654454242108316,0.6642822860008185
2025-03-03,PANW,Technology,191.5,193.66000366210938,182.25999450683594,183.67999267578125,6.33861431025194,0.005618901251760814,0.5779176557181107
2025-03-12,PANW,Technology,183.63999938964844,184.16000366210938,178.0,179.47999572753906,7.015322166396895,0.02632318172840736,0.532498818267884
2025-03-17,PANW,Technology,183.5,186.16000366210938,182.00999450683594,185.0,6.819869623839711,0.0063617620127610144,0.5130173715577699
2025-04-08,PANW,Technology,157.72000122070312,161.5,150.1199951171875,152.52999877929688,7.504848253334776,0.0346365697634147,0.9217752463643686
2025-04-17,PANW,Technology,171.13999938964844,171.3699951171875,167.1300048828125,167.69000244140625,8.164246318279442,0.008129152494505586,0.5151745114371217
2025-04-23,PANW,Technology,168.74000549316406,172.52000427246094,167.3300018310547,168.32000732421875,7.8464090254554595,0.03122899503676731,0.5907963331997401
2025-05-01,PANW,Technology,188.63999938964844,189.16000366210938,186.02999877929688,186.27000427246094,7.150091771486477,0.009147845615299898,0.5828059275142573
2025-05-29,PANW,Technology,189.0,189.14999389648438,182.88999938964844,185.82000732421875,5.355130052575006,0.00638976000395201,0.5308934693758195
2025-06-06,PANW,Technology,199.0,200.8800048828125,198.1999969482422,199.60000610351562,5.186116621139347,0.009588551487981585,0.5303059968740276
2025-07-29,PANW,Technology,206.0,210.38999938964844,193.10000610351562,193.83999633789062,4.81809469225386,0.007334963325183374,0.7452374845331896
2025-08-04,PANW,Technology,174.47999572753906,174.47999572753906,170.0500030517578,171.0,6.913269854365659,0.009254921330035382,0.5536304776795521
2025-10-06,PANW,Technology,209.3699951171875,213.85000610351562,209.1300048828125,212.5800018310547,4.623813101923116,0.010521707853146807,0.5220643902088553
2025-10-27,PANW,Technology,219.7899932861328,221.08999633789062,218.0,220.2899932861328,5.075396363228964,0.012343939331431566,0.5029896711538347
2025-11-24,PANW,Technology,185.4199981689453,186.5800018310547,181.9199981689453,183.88999938964844,6.19838931118012,0.013778044595710486,0.5460783124443065
2025-11-28,PANW,Technology,187.22999572753906,190.9199981689453,186.9499969482422,190.1300048828125,5.853709970195138,0.010142916439794921,0.5017552652313014
2025-12-22,PANW,Technology,188.49000549316406,190.52000427246094,186.64999389648438,189.49000549316406,4.800110647009171,0.0086151571504996,0.5161447040453921
2026-01-05,PANW,Technology,183.0,185.83999633789062,181.00999450683594,182.1199951171875,4.202877682285997,0.020237525682268737,0.5153368623914789
2024-01-22,PLTR,Technology,17.459999084472656,18.350000381469727,17.43000030517578,17.600000381469727,0.6385820827380103,0.04052433671044664,0.6727855196269978
2024-01-24,PLTR,Technology,17.510000228881836,17.649999618530273,16.735000610351562,16.75,0.6926038312530349,0.010386630465563661,0.6872466836634036
2024-01-25,PLTR,Technology,16.920000076293945,17.0,16.309999465942383,16.459999084472656,0.7084892010334404,0.01014925828620569,0.669991405760176
2024-02-09,PLTR,Technology,25.040000915527344,25.110000610351562,23.56999969482422,24.3799991607666,1.2125386742904949,0.02162385482236639,0.5302002680040693
2024-02-22,PLTR,Technology,23.770000457763672,23.950000762939453,23.049999237060547,23.59000015258789,1.296887513124331,0.04529466565578866,0.5004934888962398
2024-03-06,PLTR,Technology,25.75,26.75,24.530000686645508,26.15999984741211,1.180750479460017,0.08147839469012072,0.5264887306569654
2024-03-07,PLTR,Technology,27.010000228881836,27.5,26.3799991607666,26.459999084472656,1.30641119764556,0.032492369511761036,0.5219641747535388
2024-03-21,PLTR,Technology,25.299999237060547,25.329999923706055,24.440000534057617,24.489999771118164,1.1937979812868864,0.029711011449060205,0.5077434898145508
2024-04-04,PLTR,Technology,23.81999969482422,24.100000381469727,22.399999618530273,22.479999542236328,1.0683381354242403,0.04933915833665089,0.5337385600363675
2024-04-11,PLTR,Technology,22.649999618530273,22.90999984741211,22.25,22.84000015258789,1.0171226059246437,0.010258677138878375,0.5127800612733321
2024-04-17,PLTR,Technology,22.010000228881836,22.110000610351562,21.219999313354492,21.309999465942383,0.9802498112919317,0.005941548130785192,0.5452892457616413
2024-04-24,PLTR,Technology,22.049999237060547,22.25,21.299999237060547,21.59000015258789,0.9590985529676151,0.018946389046953213,0.6647158818670951
2024-05-23,PLTR,Technology,21.389999389648438,21.520000457763672,20.6299991607666,20.719999313354492,0.8738760003832684,0.010392031769562734,0.6226930890945455
2024-06-18,PLTR,Technology,25.149999618530273,26.024999618530273,24.829999923706055,25.81999969482422,0.9086059819762541,0.005195809687775725,0.509500469578238
2024-06-20,PLTR,Technology,26.440000534057617,26.56999969482422,25.155000686645508,25.559999465942383,0.9290626757511087,0.024012426280457373,0.5354110086764674
2024-07-05,PLTR,Technology,26.0,27.25,25.975000381469727,27.229999542236328,0.9439595981768144,0.005802693087687493,0.5407170816116728
2024-07-18,PLTR,Technology,28.420000076293945,29.829999923706055,28.149999618530273,28.639999389648438,1.1015623736873787,0.007087199426146236,0.5122401494666556
2024-07-26,PLTR,Technology,27.0,27.34000015258789,26.770000457763672,27.18000030517578,1.268367027085748,0.013894136345994056,0.5434086863015792
2024-07-29,PLTR,Technology,27.559999465942383,27.799999237060547,26.729999542236328,27.079999923706055,1.2284837388525722,0.013980837251655212,0.546276293015167
2024-07-30,PLTR,Technology,27.25,27.440000534057617,25.889999389648438,26.3700008392334,1.2171634499934043,0.006277698551436325,0.5521271295895367
2024-08-12,PLTR,Technology,30.219999313354492,31.200000762939453,29.270000457763672,29.3799991607666,1.7222894781021119,0.00699763688340634,0.5567919640249149
2024-08-14,PLTR,Technology,30.6200008392334,31.3700008392334,30.329999923706055,31.0,1.718045626818295,0.007568326890566011,0.5000829965304838
2024-09-06,PLTR,Technology,30.600000381469727,31.040000915527344,29.5,30.329999923706055,1.2738674652151754,0.014588877197735517,0.5267972025075438
2024-09-09,PLTR,Technology,32.70000076293945,34.70000076293945,32.470001220703125,34.599998474121094,1.2928769973803302,0.07814048286168955,0.5247154019909102
2024-09-10,PLTR,Technology,34.810001373291016,35.20000076293945,33.709999084472656,34.7599983215332,1.5126715575126923,0.006069448220553899,0.5538077437362873
2024-11-06,PLTR,Technology,53.439998626708984,55.689998626708984,51.61000061035156,55.529998779296875,2.021830145909205,0.045178906910570533,0.605614097993248
2024-11-11,PLTR,Technology,60.132999420166016,62.08000183105469,58.689998626708984,60.2400016784668,2.3204522007296906,0.029851002718567977,0.5051119350133716
2024-11-13,PLTR,Technology,61.52000045776367,63.38999938964844,59.849998474121094,60.70000076293945,2.3648289869009957,0.027903124915945998,0.5051343140779141
2024-11-15,PLTR,Technology,61.0099983215332,66.0,60.90999984741211,65.7699966430664,2.4624290925673566,0.030922575311263953,0.5100574452274359
2024-11-25,PLTR,Technology,66.9000015258789,67.87999725341797,64.08000183105469,64.6500015258789,3.074810659296663,0.03962708799104818,0.5003170482408109
2024-12-02,PLTR,Technology,67.44000244140625,67.87999725341797,65.95999908447266,66.38999938964844,2.9649713905299175,0.005366735249325831,0.5580093208292742
2024-12-09,PLTR,Technology,80.58000183105469,80.91000366210938,71.05000305175781,72.45999908447266,3.248764010606129,0.0555410754068844,0.5209027304310015
2024-12-11,PLTR,Technology,72.9800033569336,73.0,68.06999969482422,72.51000213623047,3.8002094109706546,0.029482352733527385,0.501284677619045
2024-12-19,PLTR,Technology,73.98999786376953,76.58999633789062,73.37000274658203,74.20999908447266,4.275153078204703,0.03468040348837544,0.5363731687614222
2025-01-02,PLTR,Technology,76.19999694824219,76.52999877929688,72.41999816894531,75.19000244140625,4.345330280277989,0.0075366880275598395,0.5267994655743031
2025-01-14,PLTR,Technology,67.18000030517578,68.2300033569336,65.19000244140625,65.91000366210938,4.354907042674606,0.033856522539059554,0.565192395711077
2025-01-16,PLTR,Technology,69.08000183105469,71.43000030517578,68.36000061035156,69.23999786376953,4.180557232551901,0.013795163631143964,0.5095556517179305
2025-02-10,PLTR,Technology,112.02999877929688,116.76000213623047,108.72000122070312,116.6500015258789,5.891753486636782,0.01064501868668282,0.518415908670001
2025-02-18,PLTR,Technology,120.94000244140625,125.0,118.43000030517578,124.62000274658203,5.8283525985246145,0.014937887920381802,0.5428496311149505
2025-02-26,PLTR,Technology,89.16000366210938,91.69000244140625,87.58999633789062,89.30999755859375,7.703521627438552,0.015027406412235381,0.5606376764597215
2025-02-27,PLTR,Technology,91.91000366210938,93.62000274658203,84.16999816894531,84.7699966430664,7.4461276614440575,0.02911215065043345,0.6864283465482677
2025-03-03,PLTR,Technology,88.55000305175781,90.4800033569336,82.52999877929688,83.41999816894531,7.518600065974584,0.04274617241030475,0.6164005854239193
2025-03-05,PLTR,Technology,86.3499984741211,90.30000305175781,82.5,90.12999725341797,7.667313407828433,0.023104228826871232,0.5127138928510466
2025-03-12,PLTR,Technology,83.4800033569336,84.55000305175781,79.86000061035156,83.6500015258789,7.714661336789121,0.06957078914622142,0.5677931707661984
2025-03-17,PLTR,Technology,88.44000244140625,88.81999969482422,84.5,87.3499984741211,7.483035505606663,0.025510257793744304,0.5208536410126644
2025-03-19,PLTR,Technology,84.55000305175781,87.98999786376953,82.86000061035156,86.0999984741211,7.135168022414934,0.007867489175245075,0.5351559343939438
2025-04-08,PLTR,Technology,83.29000091552734,86.11399841308594,75.22000122070312,77.31999969482422,7.219572579394084,0.07001547834071246,0.9093104288190041
2025-04-15,PLTR,Technology,93.52999877929688,98.98999786376953,93.05000305175781,98.4000015258789,7.863565189551586,0.009825048647479396,0.5380797140285039
2025-04-17,PLTR,Technology,94.70999908447266,95.11000061035156,92.2699966430664,93.77999877929688,7.8299614105500615,0.021572646098051422,0.5230083433352642
2025-04-23,PLTR,Technology,98.86000061035156,103.76000213623047,97.83000183105469,100.81999969482422,7.314961639999156,0.05181405316809012,0.5914541939078745
2025-05-01,PLTR,Technology,120.04000091552734,120.19000244140625,116.0,116.19999694824219,7.136464598070275,0.013508936517564097,0.5720611741516203
2025-05-29,PLTR,Technology,125.3499984741211,126.47000122070312,121.52999877929688,122.31999969482422,6.283503732716854,0.012847416858803988,0.5289564124542768
2025-06-06,PLTR,Technology,123.7300033569336,128.1300048828125,121.91999816894531,127.72000122070312,6.920647139985547,0.031857222735047826,0.5534675103536569
2025-07-28,PLTR,Technology,159.8800048828125,160.27999877929688,153.0399932861328,157.8800048828125,5.407299838475439,0.006801018956546756,0.5239141335530754
2025-07-29,PLTR,Technology,158.71499633789062,160.13999938964844,154.91000366210938,156.24000549316406,5.538207385238913,0.005288772670724852,0.7544550242005076
2025-07-30,PLTR,Technology,157.36500549316406,159.3800048828125,156.55999755859375,158.61000061035156,5.516192266831781,0.007200460576335693,0.5072607552495698
2025-07-31,PLTR,Technology,159.99000549316406,160.88999938964844,156.72999572753906,158.35000610351562,5.346464204175828,0.008700617095404229,0.7075029098616876
2025-08-04,PLTR,Technology,158.52999877929688,161.39999389648438,157.92999267578125,160.66000366210938,5.406737767148897,0.0276138872681447,0.5122401494666556
2025-08-05,PLTR,Technology,171.80999755859375,176.3300018310547,169.22000122070312,173.27000427246094,5.529827185497078,0.06940118039542924,0.5125184846510284
2025-08-07,PLTR,Technology,181.00999450683594,184.47999572753906,178.1699981689453,182.1999969482422,6.491044686644922,0.008187597614311953,0.5712486196918686
2025-08-08,PLTR,Technology,184.73500061035156,187.99000549316406,184.41000366210938,186.9600067138672,6.478112748926981,0.013913302440007708,0.5388768234606667
2025-08-21,PLTR,Technology,157.1699981689453,157.97000122070312,153.80999755859375,156.17999267578125,7.828693667145678,0.0074354445417184264,0.5087100707132437
2025-09-05,PLTR,Technology,157.82000732421875,158.97000122070312,148.0399932861328,153.11000061035156,7.344106686140697,0.010759625599701977,0.5076902730414513
2025-09-08,PLTR,Technology,154.91000366210938,158.3000030517578,154.83999633789062,156.10000610351562,7.600242489599956,0.011756273558763977,0.5064220847408949
2025-10-06,PLTR,Technology,179.17999267578125,182.9499969482422,177.8300018310547,179.52999877929688,7.336947030496774,0.03530354823476969,0.526991689536677
2025-10-27,PLTR,Technology,188.97000122070312,192.8300018310547,187.52000427246094,189.17999267578125,7.565602743505245,0.023506451947749703,0.5038151184816821
2025-11-03,PLTR,Technology,205.0449981689453,207.52000427246094,201.82000732421875,207.17999267578125,7.631663597276855,0.02282135441903571,0.5582312430913384
2025-11-10,PLTR,Technology,184.30999755859375,194.92999267578125,183.52000427246094,193.61000061035156,9.264031567120636,0.035856826535355144,0.510999542160381
2025-11-20,PLTR,Technology,172.07000732421875,174.57000732421875,154.39500427246094,155.7449951171875,9.50906726635559,0.04020075703592808,0.5461041353137938
2025-11-26,PLTR,Technology,166.85000610351562,168.33900451660156,163.8800048828125,165.77000427246094,10.135940291854363,0.02017733408854464,0.5161997805906946
2025-12-15,PLTR,Technology,185.0800018310547,187.77999877929688,180.02999877929688,183.25,7.90463329512077,0.008225714695151733,0.5134901447749445
2025-12-22,PLTR,Technology,195.0399932861328,198.8800048828125,192.42999267578125,193.97999572753906,8.31321255212785,0.008584074678901052,0.5216803099742615
2026-01-02,PLTR,Technology,181.3000030517578,181.35000610351562,166.35000610351562,167.86000061035156,6.8746599275022815,0.019971887773602322,0.5234937084404839
2026-01-05,PLTR,Technology,174.8800048828125,175.82000732421875,171.7899932861328,174.0399932861328,7.4550413612521185,0.04182059005680731,0.5257708545386047
2026-01-06,PLTR,Technology,175.75999450683594,180.19000244140625,174.77000427246094,179.7100067138672,7.491110315010338,0.009882792961703541,0.5024893461003328
2024-01-18,POWI,Technology,76.2058299996304,76.54542668804513,75.25495186941657,75.87593078613281,2.134490506538589,0.022922712059892478,0.5199934088060344
2024-01-22,POWI,Technology,80.68853485921521,81.24159448187275,79.6697373109577,79.92201232910156,2.2569317320945212,0.01106401514941586,0.6577536107731172
2024-01-25,POWI,Technology,78.76737094725873,78.76737094725873,75.96326090653388,76.06028747558594,2.1762557602614265,0.021646018555830916,0.6521854840131911
2024-02-14,POWI,Technology,71.02453276620207,73.65399955131386,70.78196263052152,73.01361083984375,2.8186474133783315,0.014271930446168929,0.5085576550659281
2024-02-22,POWI,Technology,71.49997204540726,71.79105175231567,70.09306088606547,70.16098022460938,2.543158208493797,0.014734272990945393,0.5092574471816274
2024-02-29,POWI,Technology,69.75752530568462,70.85706233060081,68.65798085703202,69.53372192382812,2.324408346240797,0.017889926588496866,0.5017755734681248
2024-03-06,POWI,Technology,70.60406455633526,71.74253158633435,69.91320426303707,70.95436096191406,2.1819528879922365,0.014257464962187095,0.5303932333647243
2024-03-18,POWI,Technology,69.19316795091468,69.19316795091468,67.67522149966572,67.75305938720703,2.3224812033394775,0.014697704797345416,0.5183495052911223
2024-04-04,POWI,Technology,68.58014965139444,68.67745257411714,65.94319367606514,66.30322265625,2.0226242178281777,0.013809100424820607,0.5212385835622376
2024-04-08,POWI,Technology,67.55843851470797,68.29795395998941,67.42221296212136,67.66547393798828,2.032386204881925,0.008277725754054955,0.5023443263069913
2024-04-15,POWI,Technology,66.78000564960477,67.66547923446345,64.88257285881677,65.36909484863281,2.058858427243842,0.008671369715343774,0.5233490034743878
2024-04-24,POWI,Technology,64.3182157894788,65.48587320482683,63.85115876232967,65.14530181884766,2.0201564430446832,0.026078973944850776,0.632340209949798
2024-05-23,POWI,Technology,76.87046873985088,76.87046873985088,73.36751215544028,74.17514038085938,2.0315363472846686,0.010101153683216822,0.6119083572398412
2024-06-03,POWI,Technology,75.39622268284803,75.39622268284803,73.30838788637134,74.0888900756836,2.0724162993818314,0.016708319863029623,0.5115242415478646
2024-06-05,POWI,Technology,72.20593096138427,73.89375623446347,71.59128310622057,73.81571197509766,2.142834182439865,0.014808681232206073,0.5018138924034181
2024-06-28,POWI,Technology,68.69369580292528,70.23517620931867,68.1278320438661,68.47905731201172,2.059885823984049,0.017338613899403475,0.5354365956578814
2024-07-03,POWI,Technology,69.32784200004616,69.6790672504241,68.4400279929502,68.95710754394531,2.023971970212828,0.007086102132766071,0.5253672407134639
2024-07-11,POWI,Technology,71.73763585147394,72.80106994612785,71.17177211095795,72.4400863647461,1.8338984237344749,0.021108331854548374,0.5019588188770682
2024-07-26,POWI,Technology,71.06444862438934,72.58642712671259,70.33273062400599,71.18152618408203,2.556718313328881,0.022746385669054348,0.6026200632289807
2024-07-29,POWI,Technology,72.01080522534976,73.1035067875189,71.15225878298715,71.37665557861328,2.595701791105452,0.01165020035006179,0.5448794148738871
2024-08-12,POWI,Technology,60.48868892687659,61.22040693808881,58.605734280287,58.93744659423828,2.788326055579598,0.0271702010069588,0.5744293686530866
2024-08-13,POWI,Technology,59.72770459605406,59.90331722003916,58.761835164136016,59.68867874145508,2.775922241452613,0.013408419391773153,0.519396837434154
2024-08-14,POWI,Technology,60.02039219458071,60.02039219458071,57.91304438870876,58.19597625732422,2.6591765139133656,0.0055573931291470835,0.5305700199870313
2024-08-15,POWI,Technology,60.186246348885305,63.66922763391679,60.098440035452406,63.5716667175293,2.619760177624693,0.03419944503999282,0.5065784946069313
2024-08-30,POWI,Technology,65.52511765249164,66.41562090576517,65.19240707384311,65.66211700439453,2.4760007402654196,0.01132768598265782,0.513093897764927
2024-09-17,POWI,Technology,58.34240677950298,59.37969346879043,57.481266916310204,57.774837493896484,2.1697911286267226,0.01775338358973707,0.5051581093546778
2024-09-19,POWI,Technology,60.58333256540449,60.730119713684864,59.49711812039603,60.142974853515625,2.2147889078386553,0.040504147687925394,0.5014611170601347
2024-09-23,POWI,Technology,58.8610553904817,59.56562407079471,58.303270140963946,59.28184127807617,2.2261277181501056,0.008382244496871931,0.5107560035964708
2024-09-26,POWI,Technology,61.70869288406461,63.02976606546738,61.03347645814129,62.02183532714844,2.118681367834823,0.0426586034933282,0.5003471727524758
2024-11-06,POWI,Technology,64.09640594994,68.04004622071214,64.09640594994,65.00647735595703,1.9728506998147388,0.014245885930959948,0.5077873245416749
2025-01-02,POWI,Technology,61.24182761358811,62.37084268858472,59.189961200225966,59.64156723022461,2.071866067633838,0.011021082077607118,0.5373434677797585
2025-01-06,POWI,Technology,61.713070021523215,63.980919841740494,61.713070021523215,62.174495697021484,2.13137209258168,0.018140572476231062,0.5004740665763032
2025-01-14,POWI,Technology,59.828099444446615,60.61350579848368,59.29795502409517,60.50551223754883,2.1764472320740382,0.013976711317046253,0.5509219834776092
2025-01-17,POWI,Technology,60.868763993967114,61.35964112295072,60.662596498616864,61.08475112915039,2.1842601607809815,0.018062474111806393,0.5069648479013202
2025-02-26,POWI,Technology,63.44096208781479,64.25581241964046,62.213765534932755,63.17588424682617,2.311148693957062,0.01651725739543893,0.5607911581597292
2025-03-03,POWI,Technology,60.67650869627809,60.79472782626691,57.346639176959606,57.563377380371094,2.350519190937308,0.01299345404504431,0.5875725727304572
2025-04-03,POWI,Technology,51.18933537643311,51.18933537643311,44.184789337503474,44.23405075073242,2.242856191958516,0.01247079835934636,0.5746315527220139
2025-04-08,POWI,Technology,43.95820113428271,44.332566077880124,40.17515534531221,41.50513458251953,2.8404259177583504,0.030961160814045766,0.9217752463643686
2025-04-14,POWI,Technology,45.879279780817015,46.440825317540025,43.93849735080908,45.307884216308594,3.3111628010934977,0.03282325712902221,0.5019118618164143
2025-04-15,POWI,Technology,45.71179959290109,45.92853401108186,44.64781628174531,44.88425827026367,3.2533888843533156,0.008914902639552172,0.5571714693963342
2025-04-22,POWI,Technology,45.938391302884014,46.44082539942592,44.76603881408925,45.554176330566406,2.8790624686411603,0.00799826714345573,0.5017249488438131
2025-04-23,POWI,Technology,47.23881305986251,48.62789998679778,46.2437911340166,46.46052932739258,2.7930427626908396,0.03698095026614996,0.5914834410277391
2025-05-27,POWI,Technology,50.18446405802945,50.97260158216757,49.76084145414659,50.42090606689453,2.1398240741671146,0.021660630881042853,0.5053449753542438
2025-05-29,POWI,Technology,50.263277132838354,50.263277132838354,49.15988990828492,49.888912200927734,2.0875245761844763,0.021625962078169653,0.5401705103406791
2025-06-06,POWI,Technology,54.05374630198226,55.49808050759652,53.77675173481458,54.15267562866211,2.0533947497252694,0.016369097020764833,0.5304504847244059
2025-07-21,POWI,Technology,54.17245650884419,54.953981190183036,53.7272877569274,53.737178802490234,1.9412187204042142,0.009400882429187397,0.5265341410565307
2025-07-28,POWI,Technology,51.73885070152967,52.85672751622671,51.679496881800766,51.91691970825195,1.7326913863714697,0.0055758648598661234,0.5213671338752943
2025-07-29,POWI,Technology,52.381878052621786,52.44123187230884,50.16591028928908,50.19559097290039,1.7092681444087026,0.008955815309973606,0.7489956853715344
2025-08-04,POWI,Technology,47.41573801391286,48.87985798279612,47.40584319505069,48.84028625488281,1.7567170905953542,0.006298536937252684,0.5536304776795521
2025-08-22,POWI,Technology,45.3580582856736,47.48499171578365,44.76449739873354,46.91121292114258,1.8580713018211499,0.017758111400096074,0.5214908569345442
2025-09-11,POWI,Technology,44.69996079772855,45.35585158487998,44.123573762206405,45.335975646972656,1.5403242044568253,0.01124105600740735,0.5011827252526816
2025-10-06,POWI,Technology,38.747255715318765,39.0652631395407,38.0913649289926,38.79694366455078,1.4235721755912478,0.010103721870502316,0.5375350786353953
2025-10-07,POWI,Technology,39.17457249714424,39.31370405303543,37.36590397097877,37.4752197265625,1.3914526066595945,0.009733468591199943,0.5625305267164018
2025-10-13,POWI,Technology,35.4777372486363,42.97079510910709,35.428049300256546,42.88135528564453,1.5096374893191316,0.030600496835154666,0.5334574232722399
2025-10-15,POWI,Technology,48.17817012165476,50.09615452585418,47.30364781209993,48.52599334716797,2.209966309101707,0.030831462806392092,0.544436708014187
2025-10-27,POWI,Technology,43.169544865329534,44.17325881359084,42.53353005781008,42.772037506103516,2.246801818487751,0.009997679454544984,0.5038151184816821
2025-11-10,POWI,Technology,36.1833136538241,36.1833136538241,34.68271647959293,35.45785903930664,2.221516508011759,0.03144468702645565,0.520240260540258
2025-11-12,POWI,Technology,35.85537156234452,36.501322456643855,35.189540940065136,35.437984466552734,2.0767765679182686,0.019497065067426263,0.5111418341879781
2025-11-20,POWI,Technology,32.04921466832521,32.07902667816935,30.667869278319515,30.727495193481445,1.8173044821300572,0.020892683174749092,0.551473363265165
2025-12-15,POWI,Technology,36.91999816894531,37.209999084472656,35.7400016784668,36.34000015258789,1.5344851565571285,0.012338824600497553,0.5134901447749445
2026-01-02,POWI,Technology,36.36000061035156,37.720001220703125,36.060001373291016,37.29999923706055,1.1959459666655856,0.02307258507880237,0.5070932613342124
2024-01-10,QBTS,Technology,0.8600000143051147,0.8600000143051147,0.8399999737739563,0.8460000157356262,0.08275733885131391,0.014150972241034157,0.5080025272117126
2024-01-22,QBTS,Technology,0.7229999899864197,0.800000011920929,0.7229999899864197,0.7829999923706055,0.07286705086739881,0.055474434262733616,0.7154297684185763
2024-01-23,QBTS,Technology,0.8149999976158142,0.8429999947547913,0.7900000214576721,0.8109999895095825,0.07587654791520912,0.04086846175863392,0.5741713754006708
2024-01-24,QBTS,Technology,0.8669999837875366,0.8669999837875366,0.75,0.7549999952316284,0.07474250894870745,0.0690505487081667,0.6904932078495739
2024-01-25,QBTS,Technology,0.7699999809265137,0.7749999761581421,0.7099999785423279,0.7179999947547913,0.07776090000862382,0.019867530847180164,0.6988778073623453
2024-02-01,QBTS,Technology,0.8899999856948853,0.921999990940094,0.8450000286102295,0.9200000166893005,0.08220679006681189,0.053254385279332045,0.5288091143494467
2024-02-14,QBTS,Technology,1.5800000429153442,2.0799999237060547,1.5099999904632568,1.850000023841858,0.12638566255933575,0.0972222084248513,0.5180252877606306
2024-02-15,QBTS,Technology,2.0199999809265137,2.0799999237060547,1.600000023841858,1.9800000190734863,0.16307239141121146,0.09189186751015292,0.6486277493714943
2024-02-22,QBTS,Technology,1.9900000095367432,2.005000114440918,1.850000023841858,1.8899999856948853,0.21691874653242849,0.09340656713477272,0.5324829155211819
2024-02-27,QBTS,Technology,1.940000057220459,2.109999895095825,1.7100000381469727,1.8799999952316284,0.21940797930246228,0.02105267450750093,0.5048716689153951
2024-02-29,QBTS,Technology,2.0199999809265137,2.049999952316284,1.8300000429153442,1.850000023841858,0.23499972640521632,0.015075362435176206,0.56120390373081
2024-03-06,QBTS,Technology,1.4900000095367432,1.7000000476837158,1.440000057220459,1.600000023841858,0.24404537090940137,0.09558823078252045,0.6139101786001978
2024-03-07,QBTS,Technology,1.6699999570846558,1.899999976158142,1.5800000429153442,1.840000033378601,0.2508992753714871,0.043749957624823484,0.5632427744275319
2024-03-08,QBTS,Technology,1.8700000047683716,2.0199999809265137,1.7599999904632568,1.8700000047683716,0.25583503664800933,0.016304331981279736,0.5485002182767397
2024-03-12,QBTS,Technology,1.8899999856948853,2.240000009536743,1.8200000524520874,2.2100000381469727,0.2506945000211058,0.027173886635466226,0.5011150186086258
2024-03-14,QBTS,Technology,2.2200000286102295,2.2300000190734863,2.009999990463257,2.059999942779541,0.2697314888513728,0.0230414518702124,0.5566237427238286
2024-03-18,QBTS,Technology,2.140000104904175,2.4200000762939453,2.0999999046325684,2.3499999046325684,0.261452164919985,0.028846242018708522,0.5104821044769677
2024-03-20,QBTS,Technology,2.200000047683716,2.299999952316284,1.9199999570846558,2.049999952316284,0.2708439638802001,0.01382487112212744,0.5145710160925663
2024-03-21,QBTS,Technology,2.130000114440918,2.174999952316284,1.850000023841858,1.899999976158142,0.278640823262445,0.03902447023681246,0.5334918718873318
2024-03-25,QBTS,Technology,2.0399999618530273,2.1600000858306885,1.9700000286102295,2.0799999237060547,0.2753841700697813,0.05154634107374385,0.5325536856893738
2024-03-27,QBTS,Technology,2.0,2.119999885559082,1.940000057220459,2.0999999046325684,0.2684690155596168,0.025641000560833845,0.5221742091092262
2024-04-08,QBTS,Technology,1.9600000381469727,1.9800000190734863,1.809999942779541,1.850000023841858,0.2403607725661033,0.042553214424603074,0.53145987326024
2024-04-09,QBTS,Technology,1.8899999856948853,1.9299999475479126,1.8300000429153442,1.8700000047683716,0.23533500854666345,0.021621600722988223,0.5169756413103943
2024-04-11,QBTS,Technology,1.840000033378601,1.840000033378601,1.6399999856948853,1.7100000381469727,0.21740620104531183,0.010989000192372348,0.528476338723607
2024-04-18,QBTS,Technology,1.7000000476837158,1.7799999713897705,1.6519999504089355,1.6699999570846558,0.2030584869642727,0.01796412656886032,0.5553827292924085
2024-04-24,QBTS,Technology,1.590000033378601,1.6399999856948853,1.4600000381469727,1.5199999809265137,0.1968326076980273,0.02580650470507544,0.6983624344178422
2024-04-29,QBTS,Technology,1.4600000381469727,1.5199999809265137,1.3799999952316284,1.440000057220459,0.18322201733293686,0.013888875091517962,0.5404598870310647
2024-05-03,QBTS,Technology,1.4700000286102295,1.5199999809265137,1.3700000047683716,1.399999976158142,0.16890161121786648,0.013793089840557169,0.5209770999030222
2024-05-06,QBTS,Technology,1.440000057220459,1.5299999713897705,1.3700000047683716,1.409999966621399,0.1675514944278862,0.02857148695965302,0.5424101834003092
2024-05-07,QBTS,Technology,1.4500000476837158,1.4500000476837158,1.350000023841858,1.3799999952316284,0.16701209958456567,0.028368852488815252,0.5439062428264667
2024-05-08,QBTS,Technology,1.3899999856948853,1.4049999713897705,1.2999999523162842,1.3600000143051147,0.16222552274580085,0.007246369925949435,0.5192417103816757
2024-05-10,QBTS,Technology,1.4049999713897705,1.4199999570846558,1.2599999904632568,1.2999999523162842,0.15184242003226983,0.0725191089769513,0.5255323851905374
2024-05-14,QBTS,Technology,1.409999966621399,1.5010000467300415,1.3300000429153442,1.399999976158142,0.15653759737545617,0.02919705234584303,0.5066697656105021
2024-05-15,QBTS,Technology,1.4299999475479126,1.4299999475479126,1.3049999475479126,1.3300000429153442,0.15757062640683053,0.021428551357619275,0.5131723062913737
2024-05-23,QBTS,Technology,1.2699999809265137,1.2699999809265137,1.149999976158142,1.1699999570846558,0.13214312042377754,0.0325202936851642,0.642671513529913
2024-05-28,QBTS,Technology,1.2699999809265137,1.4199999570846558,1.25,1.399999976158142,0.12654177660557991,0.040983566511258146,0.5086069012803143
2024-05-30,QBTS,Technology,1.4800000190734863,1.4900000095367432,1.3300000429153442,1.3700000047683716,0.1430181622304204,0.04225356605785697,0.5110356688931977
2024-06-03,QBTS,Technology,1.3700000047683716,1.409999966621399,1.2899999618530273,1.3200000524520874,0.14035749719550844,0.014814800424667634,0.5112853907320063
2024-06-17,QBTS,Technology,1.1799999475479126,1.2200000286102295,1.149999976158142,1.190000057220459,0.10836075517495826,0.03508768627628134,0.6180360288743015
2024-06-18,QBTS,Technology,1.2200000286102295,1.2400000095367432,1.159999966621399,1.159999966621399,0.10633499001355726,0.025210058779192752,0.544264022329972
2024-06-20,QBTS,Technology,1.190000057220459,1.2400000095367432,1.1299999952316284,1.1399999856948853,0.10445392236368489,0.025862147812329633,0.5674577807800766
2024-06-25,QBTS,Technology,1.159999966621399,1.1699999570846558,1.0700000524520874,1.090000033378601,0.10413093257883266,0.026548647359614444,0.5058586614708048
2024-07-05,QBTS,Technology,1.1100000143051147,1.1200000047683716,1.0700000524520874,1.100000023841858,0.09569011058998234,0.009090900224102623,0.5604596335852282
2024-07-10,QBTS,Technology,1.1399999856948853,1.2200000286102295,1.100000023841858,1.2200000286102295,0.1061483749058076,0.01785712575121809,0.5138586194619863
2024-07-11,QBTS,Technology,1.2599999904632568,1.340000033378601,1.1399999856948853,1.1799999475479126,0.10713777703884789,0.03278685320900652,0.582008583391562
2024-07-12,QBTS,Technology,1.2100000381469727,1.2450000047683716,1.149999976158142,1.2100000381469727,0.11377079637062416,0.025423806722535417,0.5128786786560758
2024-07-18,QBTS,Technology,1.190000057220459,1.190000057220459,1.059999942779541,1.0700000524520874,0.12233555047108169,0.03478267990573966,0.5684290946426852
2024-07-25,QBTS,Technology,0.9950000047683716,1.0499999523162842,0.9800000190734863,1.0299999713897705,0.1168133557681529,0.015306107554024919,0.5762291298801917
2024-07-29,QBTS,Technology,1.0199999809265137,1.059999942779541,0.9819999933242798,0.9900000095367432,0.11143599977840206,0.030303001111897543,0.5942264252278958
2024-07-30,QBTS,Technology,1.0199999809265137,1.0199999809265137,0.9549999833106995,0.9549999833106995,0.10904771046960629,0.030303001111897543,0.5910674891910497
2024-08-07,QBTS,Technology,0.8999999761581421,0.9100000262260437,0.8080000281333923,0.8100000023841858,0.10064888490069562,0.03448272554637248,0.5463073517084315
2024-08-09,QBTS,Technology,0.8299999833106995,0.8519999980926514,0.781000018119812,0.8420000076293945,0.10169215223051468,0.03749996367842013,0.597554631275515
2024-08-13,QBTS,Technology,0.8999999761581421,0.9800000190734863,0.8849999904632568,0.9480000138282776,0.098035578638766,0.02156639521181874,0.5032946210730801
2024-08-14,QBTS,Technology,0.9900000095367432,0.9980000257492065,0.8899999856948853,0.8989999890327454,0.09810446850145851,0.04430379229516924,0.5207155883260053
2024-08-15,QBTS,Technology,0.9290000200271606,0.9480000138282776,0.902999997138977,0.9390000104904175,0.09881129504094871,0.03337044645205502,0.5081816474877932
2024-08-30,QBTS,Technology,1.0199999809265137,1.0299999713897705,0.9599999785423279,1.0099999904632568,0.08605976601266972,0.019999980926513672,0.5074109216718671
2024-09-04,QBTS,Technology,0.949999988079071,0.968999981880188,0.9100000262260437,0.9290000200271606,0.08499030552299022,0.009564297007226033,0.5162292375284683
2024-09-10,QBTS,Technology,0.8510000109672546,0.9399999976158142,0.8500000238418579,0.9359999895095825,0.08227480255044352,0.009489936254140066,0.6073057821682205
2024-09-19,QBTS,Technology,0.9950000047683716,1.0099999904632568,0.9599999785423279,0.9599999785423279,0.07112283814428037,0.03002068700707006,0.5014611170601347
2024-09-23,QBTS,Technology,0.9399999976158142,0.9480000138282776,0.8999999761581421,0.8999999761581421,0.06878449079195385,0.014023745024828518,0.5100758364420187
2024-10-04,QBTS,Technology,0.9300000071525574,1.0099999904632568,0.9279999732971191,1.0,0.06446503608430484,0.010869554654186491,0.5050578368333632
2024-10-17,QBTS,Technology,1.0700000524520874,1.0800000429153442,1.0099999904632568,1.0399999618530273,0.06790551819794062,0.028846242018708522,0.5734408423211648
2024-10-24,QBTS,Technology,1.25,1.350000023841858,1.100000023841858,1.1399999856948853,0.09726839230214628,0.050420117558385505,0.5066933145227336
2024-10-25,QBTS,Technology,1.159999966621399,1.190000057220459,1.0399999618530273,1.0399999618530273,0.10817779285199297,0.01754384313814067,0.517833061583227
2024-10-28,QBTS,Technology,1.0700000524520874,1.2000000476837158,1.0399999618530273,1.2000000476837158,0.11116510017452431,0.028846242018708522,0.5196299777528458
2024-10-29,QBTS,Technology,1.2400000095367432,1.25,1.1200000047683716,1.1399999856948853,0.1146533134356789,0.033333300219643106,0.5355732816560164
2024-11-04,QBTS,Technology,1.0499999523162842,1.0499999523162842,0.9750000238418579,0.9990000128746033,0.11383442868285144,0.009615375798129148,0.5065144094186195
2024-11-06,QBTS,Technology,1.149999976158142,1.159999966621399,1.090000033378601,1.1299999952316284,0.11027049924160941,0.05504581737815471,0.5125780568768233
2024-11-18,QBTS,Technology,1.659999966621399,1.6699999570846558,1.4149999618530273,1.440000057220459,0.2009619877195058,0.01219511042741837,0.5158383999772396
2024-11-19,QBTS,Technology,1.4500000476837158,1.6299999952316284,1.434999942779541,1.4900000095367432,0.20482184539894313,0.006944437545758981,0.5325457055652104
2024-11-21,QBTS,Technology,1.809999942779541,2.0399999618530273,1.7100000381469727,1.9700000286102295,0.20882598105749856,0.08383232891771168,0.5202328474527782
2024-11-25,QBTS,Technology,3.4200000762939453,3.7699999809265137,2.700000047683716,2.890000104904175,0.2781713798987902,0.16723549432510904,0.7231972715110963
2024-11-27,QBTS,Technology,2.890000104904175,2.930000066757202,2.5999999046325684,2.740000009536743,0.34010695681980385,0.07037039032034714,0.525690302149698
2024-12-02,QBTS,Technology,3.240000009536743,3.2899999618530273,2.7100000381469727,2.759999990463257,0.3480003997154322,0.07284769205287714,0.5861901486552615
2024-12-09,QBTS,Technology,5.260000228881836,5.329999923706055,4.429999828338623,4.650000095367432,0.5146196781862742,0.03952574868853288,0.576538535179059
2024-12-11,QBTS,Technology,4.949999809265137,4.980000019073486,3.75,4.119999885559082,0.5598506444857109,0.05769230573291759,0.6504343154777278
2024-12-19,QBTS,Technology,9.289999961853027,9.380000114440918,5.909999847412109,6.369999885559082,1.0414529258693952,0.03683034847110361,0.7365836638553827
2024-12-23,QBTS,Technology,8.020000457763672,8.510000228881836,7.070000171661377,8.149999618530273,1.2909977085745876,0.24534167492308223,0.593267291708179
2024-12-27,QBTS,Technology,10.140000343322754,11.40999984741211,9.109999656677246,9.90999984741211,1.3840933548278351,0.024242498387905022,0.5333901024017391
2025-01-02,QBTS,Technology,8.5,9.680000305175781,7.800000190734863,9.609999656677246,1.4321330538190136,0.011904807858458375,0.5867851559645733
2025-01-07,QBTS,Technology,10.4399995803833,10.579999923706055,9.050000190734863,9.550000190734863,1.4571269253057202,0.022526889459059302,0.5522535128677811
2025-01-10,QBTS,Technology,6.340000152587891,6.760000228881836,5.71999979019165,5.769999980926514,1.7078798379614093,0.0393443035586045,0.6591990436775603
2025-01-14,QBTS,Technology,4.139999866485596,4.860000133514404,4.019999980926514,4.730000019073486,1.6865902954995278,0.08093993445294202,0.6342830448161646
2025-01-15,QBTS,Technology,5.960000038146973,6.349999904632568,5.300000190734863,5.789999961853027,1.6396910036644436,0.26004228628193937,0.606753822655154
2025-01-16,QBTS,Technology,5.985000133514404,6.440000057220459,5.605000019073486,5.809999942779541,1.6382844952283464,0.033678786346480256,0.6408944507024602
2025-01-21,QBTS,Technology,5.400000095367432,6.329999923706055,5.380000114440918,6.289999961853027,1.524413671711447,0.024667953493628433,0.5538983340162471
2025-01-22,QBTS,Technology,6.994999885559082,7.110000133514404,6.110000133514404,6.25,1.4912412625020253,0.11208265945654512,0.6280528042074891
2025-01-24,QBTS,Technology,6.210000038146973,7.105000019073486,6.079999923706055,6.090000152587891,1.412141711729963,0.029850716762138213,0.5750993901185876
2025-01-28,QBTS,Technology,5.880000114440918,5.929999828338623,5.414999961853027,5.739999771118164,1.3510558769201935,0.05376347577718476,0.5989413756275428
2025-01-30,QBTS,Technology,5.670000076293945,6.034999847412109,5.539999961853027,5.639999866485596,1.23695634898542,0.027173930414082108,0.5647678467525608
2025-01-31,QBTS,Technology,5.690000057220459,6.389999866485596,5.659999847412109,5.940000057220459,1.1853880288068612,0.008865282255054284,0.5828133094942944
2025-02-04,QBTS,Technology,5.940000057220459,6.260000228881836,5.619999885559082,5.78000020980835,1.1132682438787975,0.031249968955915412,0.5582827972852197
2025-02-05,QBTS,Technology,5.849999904632568,6.46999979019165,5.650000095367432,6.260000228881836,1.0794633938390803,0.01211067340541494,0.5111854515797263
2025-02-06,QBTS,Technology,6.449999809265137,6.659999847412109,5.920000076293945,5.989999771118164,1.0609302724808758,0.03035136955853412,0.5273228218136398
2025-02-07,QBTS,Technology,6.050000190734863,6.340000152587891,5.710000038146973,5.809999942779541,1.038006665240682,0.010016764926436522,0.5220485603423348
2025-02-12,QBTS,Technology,5.380000114440918,6.110000133514404,5.309999942779541,6.039999961853027,0.9442750176584324,0.00938089895883097,0.54099453387115
2025-02-13,QBTS,Technology,6.210000038146973,6.639999866485596,6.050000190734863,6.5,0.9339696728781774,0.02814570817344683,0.5326545190000409
2025-02-14,QBTS,Technology,6.559999942779541,6.800000190734863,6.324999809265137,6.369999885559082,0.9101146894320625,0.009230760427621694,0.5220485603423348
2025-02-21,QBTS,Technology,7.710000038146973,8.218000411987305,7.130000114440918,7.25,0.8897999534839869,0.043301783145167624,0.5442642013277236
2025-02-26,QBTS,Technology,6.150000095367432,6.590000152587891,6.050000190734863,6.139999866485596,0.8977997638830507,0.03885135407252757,0.6018757621987021
2025-02-27,QBTS,Technology,6.224999904632568,6.320000171661377,5.53000020980835,5.559999942779541,0.8815283576266861,0.013843654722361558,0.7138044472648066
2025-03-03,QBTS,Technology,5.579999923706055,5.769999980926514,4.800000190734863,4.900000095367432,0.8496341412039312,0.018248157716151892,0.6573775607127486
2025-03-12,QBTS,Technology,5.635000228881836,6.389999866485596,5.335000038146973,5.820000171661377,0.8024096819761022,0.047397789780050444,0.5637542988088493
2025-03-17,QBTS,Technology,10.90999984741211,11.949999809265137,10.229999542236328,11.180000305175781,1.0286548770930393,0.07487687265468927,0.6026096275400884
2025-03-19,QBTS,Technology,10.9399995803833,11.15999984741211,9.8100004196167,10.600000381469727,1.1506259342702463,0.012962906219996236,0.5710302776861308
2025-04-01,QBTS,Technology,7.914999961853027,8.09000015258789,7.199999809265137,7.420000076293945,1.102155563985108,0.04144737647015642,0.7093594225478375
2025-04-08,QBTS,Technology,7.139999866485596,7.139999866485596,5.985000133514404,6.21999979019165,1.0265934427542827,0.0818181772205783,0.9127400606956501
2025-04-11,QBTS,Technology,7.28000020980835,7.59499979019165,7.019999980926514,7.25,1.018695634268965,0.011111167036458309,0.5900877102616693
2025-04-14,QBTS,Technology,7.570000171661377,7.769999980926514,6.940000057220459,7.019999980926514,0.9870030753401202,0.04413795471191406,0.5235787087133166
2025-04-17,QBTS,Technology,6.510000228881836,6.644999980926514,6.300000190734863,6.420000076293945,0.91001667976069,0.01086959177630651,0.596231748732269
2025-04-22,QBTS,Technology,6.369999885559082,6.369999885559082,6.170000076293945,6.25,0.8396827559055112,0.02083335243738685,0.5962737853500303
2025-04-23,QBTS,Technology,6.744999885559082,7.400000095367432,6.679999828338623,7.130000114440918,0.7939911168597702,0.07919998168945312,0.61058424628323
2025-04-24,QBTS,Technology,7.199999809265137,7.639999866485596,7.159999847412109,7.349999904632568,0.8194203296103174,0.009817628850025286,0.5151845778349851
2025-05-01,QBTS,Technology,7.010000228881836,7.138000011444092,6.840000152587891,6.980000019073486,0.7524834346890513,0.014471835553972998,0.5365277851544966
2025-05-08,QBTS,Technology,8.670000076293945,10.890000343322754,7.710000038146973,10.420000076293945,0.6869418771318816,0.258345463614106,0.5015622532569997
2025-05-21,QBTS,Technology,17.299999237060547,17.799999237060547,15.100000381469727,15.359999656677246,1.388198454005392,0.04468597795791371,0.5072375914418801
2025-05-27,QBTS,Technology,19.280000686645508,19.43000030517578,16.920000076293945,17.549999237060547,1.7268920236320005,0.025531993035336476,0.6834464600257565
2025-06-06,QBTS,Technology,16.610000610351562,18.790000915527344,16.260000228881836,18.6200008392334,1.6372587419000038,0.008500382685720698,0.5438789764530267
2025-06-16,QBTS,Technology,15.5,16.790000915527344,15.460000038146973,16.0,1.6109445458941998,0.021753455639182448,0.5211136662081876
2025-06-18,QBTS,Technology,15.739999771118164,16.25,15.1899995803833,15.710000038146973,1.573620602541014,0.01221862238281566,0.5037871739923281
2025-06-24,QBTS,Technology,15.279999732971191,15.359999656677246,14.699999809265137,14.970000267028809,1.4720344925258015,0.02275770830906326,0.5193711401408645
2025-07-28,QBTS,Technology,19.299999237060547,19.440000534057617,17.809999465942383,18.350000381469727,1.4246943996698929,0.022787407456449128,0.5239141335530754
2025-07-29,QBTS,Technology,18.81999969482422,19.239999771118164,17.639999389648438,17.670000076293945,1.439359161701703,0.025613041067242093,0.7570206051839988
2025-07-30,QBTS,Technology,17.920000076293945,18.46500015258789,16.770000457763672,17.059999465942383,1.450833534542276,0.014148273849494757,0.5072607552495698
2025-07-31,QBTS,Technology,17.610000610351562,18.58799934387207,17.190000534057617,17.190000534057617,1.4682739745624147,0.032239224010948586,0.69281938170249
2025-08-04,QBTS,Technology,16.760000228881836,17.420000076293945,16.350000381469727,17.18000030517578,1.4445015257449938,0.023199089596134627,0.522814705220054
2025-09-05,QBTS,Technology,15.460000038146973,15.960000038146973,14.899999618530273,15.369999885559082,1.0977675650777192,0.01111838304238574,0.5076902730414513
2025-09-18,QBTS,Technology,22.8700008392334,24.850000381469727,22.34000015258789,24.020000457763672,1.268638056870745,0.014640634884745037,0.5141747343282231
2025-09-23,QBTS,Technology,25.8799991607666,27.989999771118164,25.600000381469727,27.520000457763672,1.724805319555818,0.008180720056428392,0.5012856365302107
2025-09-24,QBTS,Technology,28.440000534057617,29.18000030517578,26.360000610351562,27.719999313354492,1.7723191817052908,0.033430234774374935,0.5637519958057273
2025-10-07,QBTS,Technology,36.959999084472656,37.900001525878906,33.849998474121094,35.720001220703125,2.490206632659738,0.05539687610937484,0.5836786633999717
2025-10-09,QBTS,Technology,34.70000076293945,36.63999938964844,33.599998474121094,35.06999969482422,2.9186478235190316,0.013138708406991332,0.5089443185224924
2025-10-10,QBTS,Technology,35.68000030517578,35.84000015258789,32.4900016784668,33.02000045776367,2.9273159015196257,0.017393801416017377,0.5649189035654004
2025-10-15,QBTS,Technology,46.400001525878906,46.75,41.220001220703125,44.779998779296875,3.6845347463069085,0.07756618778604138,0.6160030703499101
2025-10-20,QBTS,Technology,39.52000045776367,39.68000030517578,33.52000045776367,34.400001525878906,3.9697128945805584,0.031046140617318106,0.504564437191831
2025-10-23,QBTS,Technology,32.599998474121094,33.43000030517578,29.65999984741211,31.059999465942383,4.191027294067358,0.19457667205765797,0.561168406118241
2025-10-24,QBTS,Technology,33.19499969482422,35.189998626708984,32.29999923706055,32.650001525878906,4.330239586608863,0.06873793514461861,0.6101624170308513
2025-10-27,QBTS,Technology,33.9900016784668,37.279998779296875,33.22999954223633,35.040000915527344,4.315936699048702,0.04104135038173843,0.5341824934097436
2025-11-03,QBTS,Technology,37.41999816894531,37.619998931884766,31.959999084472656,33.09000015258789,4.116434804422937,0.009713890510369624,0.5665975630922196
2025-11-05,QBTS,Technology,30.559999465942383,31.6299991607666,29.31999969482422,31.020000457763672,4.185497319506417,0.02757228315854114,0.563279261733079
2025-11-10,QBTS,Technology,30.110000610351562,31.600000381469727,28.5,29.3700008392334,3.9208118102103477,0.02067798679157839,0.5262794662813955
2025-11-19,QBTS,Technology,23.15999984741211,24.440000534057617,22.8799991607666,23.440000534057617,3.4286613955165937,0.010030507595955522,0.6186763167009988
2025-11-20,QBTS,Technology,23.969999313354492,24.690000534057617,20.354999542236328,20.510000228881836,3.295185679643338,0.022610868908761444,0.6052582416266987
2025-11-28,QBTS,Technology,22.75,22.954999923706055,22.219999313354492,22.670000076293945,2.985106817553332,0.015171805216551735,0.5281051975521868
2025-12-02,QBTS,Technology,21.565000534057617,22.905000686645508,21.420000076293945,22.5,2.7190717624574474,0.006769395763174975,0.5211163879179062
2025-12-03,QBTS,Technology,22.860000610351562,25.28499984741211,22.34000015258789,25.079999923706055,2.630923823021313,0.01600002712673611,0.502219847288917
2025-12-15,QBTS,Technology,26.399999618530273,26.6299991607666,23.56999969482422,23.739999771118164,2.643731311372496,0.011494223474170444,0.5301748894773979
2025-12-17,QBTS,Technology,26.0,27.290000915527344,23.770000457763672,23.799999237060547,2.614645867447852,0.018808759154637988,0.5116535280213851
2025-12-19,QBTS,Technology,25.420000076293945,27.059999465942383,25.2450008392334,26.81999969482422,2.633648828403049,0.02129372035524963,0.5017430487111791
2025-12-22,QBTS,Technology,27.65999984741211,32.38999938964844,27.6200008392334,32.189998626708984,2.600531060395256,0.031319916560252445,0.5181353478150542
2025-12-24,QBTS,Technology,29.649999618530273,29.67799949645996,26.940000534057617,27.520000457763672,2.864590466091914,0.018200507006263793,0.5236492326899943
2026-01-02,QBTS,Technology,26.94499969482422,28.350000381469727,25.43000030517578,28.1299991607666,2.582146720277436,0.03040153299775181,0.5309939333070666
2026-01-05,QBTS,Technology,28.655000686645508,31.329999923706055,27.719999313354492,30.639999389648438,2.6062791028500443,0.018663403538636963,0.5246449284180643
2024-01-22,QCOM,Technology,146.5162343110058,148.26196668130356,145.67214264747074,146.63133239746094,3.3109880699040755,0.005198565915127589,0.6524504418717912
2024-01-24,QCOM,Technology,148.4729873668593,149.94056127215646,147.61930900348136,148.07012939453125,3.1862933680059298,0.008403638554477432,0.7264837233197935
2024-01-25,QCOM,Technology,151.168330398509,151.53281259906584,147.398706572913,148.1660614013672,3.1519073613688025,0.02092387584617169,0.707965756405434
2024-03-06,QCOM,Technology,158.89670632016492,163.16749393043014,158.424310643168,161.8563690185547,3.685365408779555,0.020873470486773384,0.5127471436621202
2024-03-07,QCOM,Technology,163.5049137921831,171.20775941398398,163.3410103143244,169.40496826171875,3.959246258121784,0.010185232645614445,0.5179310085637733
2024-04-04,QCOM,Technology,168.71085474658824,169.6267107302716,163.32175154546923,163.65916442871094,3.6370906301712402,0.006267658994990235,0.5198323770091151
2024-04-15,QCOM,Technology,168.0070688916871,168.1131162875004,162.52155440996012,163.73626708984375,3.8066122052591846,0.017397264454419168,0.5120487111282332
2024-04-24,QCOM,Technology,157.98084668327348,159.96681219355125,156.17805531993938,157.74948120117188,3.9770999850036137,0.015618243974501527,0.6588450603277067
2024-05-23,QCOM,Technology,198.4810542391819,200.47665457757847,192.2532083456947,194.5091094970703,4.536285923204566,0.014536884958227244,0.6698705944181941
2024-05-28,QCOM,Technology,209.42319973622537,209.6160092084996,203.7063187115067,205.42234802246094,5.113764227374369,0.032658371791029456,0.5184780196806259
2024-06-03,QCOM,Technology,202.85675761581388,204.23133400314225,195.93547208560128,199.32351684570312,5.641811618371579,0.027003169681604957,0.5115242415478646
2024-06-17,QCOM,Technology,210.1459057661059,215.54741923399686,206.57393599131478,215.11181640625,5.528615316060393,0.0081735179415168,0.5076901784185875
2024-06-18,QCOM,Technology,219.56468171132383,223.25280830624894,218.7709040844424,219.82603454589844,5.774677310819085,0.02070023571677884,0.5079813555834714
2024-06-25,QCOM,Technology,196.64212916088235,196.65180397189957,192.79911697639898,195.70315551757812,6.847285996379899,0.01145192505302555,0.5168510953583991
2024-07-03,QCOM,Technology,196.196835951093,198.30711162983334,194.02849663578257,197.2906951904297,6.227036292301746,0.012589914394263954,0.5238332144386768
2024-07-05,QCOM,Technology,199.2654625943829,200.13666830143978,197.45526841621086,199.1686553955078,6.10722408147811,0.01000943000402087,0.5264306982488851
2024-07-11,QCOM,Technology,203.30207153253417,203.40855354138748,193.37993939837287,193.45738220214844,5.41795121992076,0.005842997920548837,0.5083704653489676
2024-07-18,QCOM,Technology,187.58152117458886,187.69767798518515,180.9699919085904,185.3357391357422,6.630070288394782,0.011377791830293953,0.5450798052629499
2024-07-26,QCOM,Technology,173.2839536784825,175.50071110431674,171.89002775307438,174.2906951904297,7.069061918424081,0.020639583756874746,0.582840753194529
2024-07-29,QCOM,Technology,175.69434456180565,176.7978786971508,172.1611033204976,172.9258270263672,6.97276758188349,0.00805349574079292,0.517558319882442
2024-08-07,QCOM,Technology,158.34755793249275,159.06389282298983,150.52601163272567,151.1261749267578,8.406956388310482,0.030620126676454792,0.5146919462615563
2024-08-30,QCOM,Technology,166.77894430291613,169.8475583461332,165.3366144637245,169.6926727294922,6.449115005079365,0.016520314162273057,0.5320674546394663
2024-09-09,QCOM,Technology,156.74304360171527,157.9885020971804,154.29105554022627,156.4316864013672,6.541414537895485,0.018332410941943933,0.5642277650446507
2024-09-26,QCOM,Technology,170.19012384047446,171.00745319716077,162.2795040425214,168.00083923339844,5.471705753783768,0.03946034338425153,0.5007433843114527
2024-11-18,QCOM,Technology,158.2122967310765,160.68374910743591,157.62848160114694,160.06101989746094,5.381982885479748,0.013084137541241261,0.511385815959531
2024-11-25,QCOM,Technology,154.6510588463011,155.34189141590633,152.97747129179777,154.5343017578125,5.29435314106782,0.013712669578402326,0.5090810657475018
2024-12-19,QCOM,Technology,150.6575676435576,152.0660417521233,146.7744881642797,147.10704040527344,4.608857225486502,0.006403060613579613,0.5421665030417246
2024-12-23,QCOM,Technology,152.25186210796443,155.2155197302153,151.16616471691304,154.77537536621094,4.684039398393883,0.018117598158319037,0.5188714135777461
2025-01-02,QCOM,Technology,151.61609196832984,154.06135513427435,149.44469708299496,150.27609252929688,4.090916324727093,0.009048164514819006,0.5379059636340888
2025-01-03,QCOM,Technology,152.0171067831063,154.9709886347396,151.10747612059612,154.3743438720703,4.1284693051951145,0.011585437340740063,0.5280893869817141
2025-01-07,QCOM,Technology,158.45306967150353,159.8713194706596,155.76327990856134,157.00547790527344,4.418886980957638,0.013450206419641552,0.5063709677346964
2025-01-14,QCOM,Technology,156.6337847324221,157.48473158157398,153.13216590961508,156.03713989257812,4.144451292815223,0.019156150804288948,0.5202566382391904
2025-01-16,QCOM,Technology,161.72972440773205,162.20898647391147,157.74882849853404,157.89553833007812,4.275820453389094,0.0057175255798588166,0.5025227969812609
2025-03-03,QCOM,Technology,155.5089821410337,156.57511343977194,149.18063904071192,150.2565460205078,4.645065181429127,0.011579880278658855,0.6182683515187827
2025-03-12,QCOM,Technology,151.6469291382608,153.26949898849753,149.39498212821925,150.26036071777344,5.255307094119776,0.0072502915845284515,0.51558166975904
2025-04-08,QCOM,Technology,128.95052329323713,133.04136948805996,119.7165854167392,122.58805847167969,6.57416862243037,0.010869636074984442,0.900254746051093
2025-04-14,QCOM,Technology,140.37739967721834,140.73141683703176,134.5557958309806,136.87657165527344,8.504405041350596,0.025134723878860055,0.5312052702999978
2025-04-17,QCOM,Technology,135.09666043382038,135.85385173255804,133.4544187135092,134.3886260986328,7.851075010957067,0.012081928901119605,0.5046419038303144
2025-04-23,QCOM,Technology,140.21021699777037,141.48861303959893,137.45675206271892,138.12545776367188,6.856946004842271,0.027677588125572115,0.5451813919917536
2025-05-08,QCOM,Technology,143.21934212564145,145.04842798724698,141.49842857325038,142.68832397460938,5.882501192177131,0.009286120042607756,0.5006011345870853
2025-05-29,QCOM,Technology,147.3692219328876,147.9985840822662,144.7927729784278,145.87448120117188,4.4456140198336795,0.015311619285446233,0.5300293405486912
2025-06-06,QCOM,Technology,148.19511127067886,148.97664091391317,147.45314644298384,147.64111328125,4.06568292079321,0.015180257928750501,0.5239125169790452
2025-07-28,QCOM,Technology,158.0483969937154,160.2248392486193,157.45483418399783,159.3245849609375,3.145779489283114,0.00858592501913462,0.5244483205222235
2025-07-29,QCOM,Technology,160.3039564688485,161.84725588337633,159.4136047755508,160.34353637695312,3.1726439611413912,0.006147020612990238,0.6996535623081946
2025-08-05,QCOM,Technology,146.92882007669022,147.0574170436344,144.1093478038998,145.13821411132812,3.9283708004904763,0.0068470922324137045,0.5115314885497857
2025-08-07,QCOM,Technology,146.7309544683255,146.7309544683255,143.25854981844248,144.3368682861328,3.7664779355509945,0.017004918689204448,0.505927272334105
2025-10-06,QCOM,Technology,169.67302439889434,170.0113074891402,166.8673682398751,167.76278686523438,3.461005799583988,0.008038818459220621,0.5220643902088553
2025-10-07,QCOM,Technology,169.03628180900412,171.10570963895228,164.30048544778083,164.61886596679688,3.438358188846924,0.007591045472991337,0.5392810843401705
2025-10-13,QCOM,Technology,155.1572011863041,161.56446488617567,154.98806722916072,160.9575653076172,4.405445720436122,0.015365648893971575,0.5074780362979969
2025-11-03,QCOM,Technology,182.01994400971313,182.5174021869363,178.17956627430152,179.80128479003906,6.238799225780289,0.011332247858984554,0.5526157351505232
2025-11-20,QCOM,Technology,166.28036382533708,168.02146732676027,158.04245818738647,158.7786865234375,6.080731757156745,0.006140512207340706,0.5422099127646027
2025-11-21,QCOM,Technology,159.93279379545692,164.42981968200175,158.29118798761743,162.46983337402344,6.35918014160082,0.007268653603889445,0.541028744768797
2025-11-24,QCOM,Technology,163.53439153699404,166.09133378008465,162.88770199801493,164.22088623046875,6.343426681085356,0.006552343538876344,0.5160224028192502
2025-12-15,QCOM,Technology,179.72000122070312,180.30999755859375,176.38999938964844,179.25999450683594,4.8403212007568825,0.00802068533524106,0.5133452260298045
2025-12-22,QCOM,Technology,177.55999755859375,178.32000732421875,173.89999389648438,174.22000122070312,4.667337282781416,0.01318115582649786,0.5147072312718018
2026-01-02,QCOM,Technology,173.8000030517578,174.67999267578125,172.1999969482422,172.97999572753906,3.606028195526261,0.01607717013116849,0.507773573388301
2024-01-24,REMX,Unknown,48.38942673705109,48.8587599816145,47.50822388309163,47.7476806640625,1.5834905066484541,0.03312885896762683,0.8643134273089235
2024-01-25,REMX,Unknown,48.14038975707901,48.59056967563379,47.17298596725889,47.57527160644531,1.6147422072528927,0.008224673692099995,0.7493078042117911
2024-02-06,REMX,Unknown,43.322521039980934,44.34739578596691,43.322521039980934,44.2037239074707,1.5742377382096464,0.02260911837711093,0.5610863097151356
2024-02-07,REMX,Unknown,45.16155169498642,45.49678973678183,44.69221478265223,44.950828552246094,1.6034138353360023,0.021668486336596623,0.7496862157027419
2024-02-21,REMX,Unknown,46.694074069173176,47.36455381221261,46.35883602456378,46.665340423583984,1.6722313994976945,0.013302899747905739,0.5634584724614343
2024-02-23,REMX,Unknown,46.56955149652837,46.61744211965118,45.391424629369666,46.301361083984375,1.6002078661729453,0.0068336518886845865,0.5182312031206205
2024-04-04,REMX,Unknown,51.7801354861318,52.163264142309764,49.96983915790057,50.32423782348633,1.355134879273567,0.013118424855821533,0.5752812257498269
2024-04-11,REMX,Unknown,51.97169740572057,52.40272033619035,51.14796915993666,52.25904846191406,1.4757516775614634,0.00742667630253001,0.5665701873823829
2024-04-15,REMX,Unknown,50.86061883102109,50.86061883102109,49.213158662075074,49.44303512573242,1.5356174845829913,0.017826386724779212,0.5402285749494042
2024-04-17,REMX,Unknown,48.94496133152147,49.67291194366312,48.79170914798958,48.839603424072266,1.5647077255801636,0.01996002582688747,0.7086987286159357
2024-04-29,REMX,Unknown,49.280204799290765,50.42001772767726,48.743820310380436,50.352970123291016,1.36388479283529,0.02184703122801011,0.5315676092906797
2024-05-15,REMX,Unknown,53.93524540397381,53.93524540397381,52.067481825176216,52.32609558105469,1.3249241330415602,0.006434320867175082,0.5511497310081229
2024-05-24,REMX,Unknown,50.630742863748395,51.07134246826172,50.47749066853417,51.07134246826172,1.39171494912668,0.006282140247649512,0.5100016316619526
2024-06-12,REMX,Unknown,47.038891062032164,47.527381291929714,45.937388398120845,46.07148361206055,1.1419298385505188,0.025260943748862744,0.7006869244127
2024-07-05,REMX,Unknown,42.75740313696295,42.75740313696295,41.857046936695895,42.163551330566406,1.1136269550920366,0.00881357022653674,0.5250667179964991
2024-07-26,REMX,Unknown,40.2000050066316,40.305366573423356,39.70193447059266,40.21916198730469,1.0519295639859727,0.02091947286498026,0.5833337264145755
2024-08-07,REMX,Unknown,37.45103624258885,37.49893051820784,36.25375242851861,36.36869430541992,1.1725901935694818,0.03030298157569166,0.8352641488479999
2024-08-26,REMX,Unknown,39.050612664925616,39.318803093039584,38.68663733118484,38.83988952636719,1.0631603068322886,0.005921592295976079,0.5434603696684043
2024-08-30,REMX,Unknown,38.945249001684545,39.06976754539416,38.150254423739376,38.20772171020508,0.9816274290516809,0.00718351776653846,0.5257332713298081
2024-09-19,REMX,Unknown,38.40886575633237,38.70579347663384,38.21730325685577,38.35139846801758,1.0366226153782114,0.03697956823831022,0.6470267404780262
2024-11-13,REMX,Unknown,46.18642215868335,46.89521213934202,45.83202351453373,46.004432678222656,1.3443984507215756,0.010266082106818994,0.6529627954063238
2024-12-19,REMX,Unknown,39.098501780601566,39.39542949584465,38.638745212813184,38.677059173583984,1.0074478483934852,0.005666446661285514,0.609193019765743
2025-01-06,REMX,Unknown,39.91152721418516,40.85431831066541,39.91152721418516,40.471309661865234,0.8336928991332849,0.015492199714737627,0.5369380463145248
2025-01-07,REMX,Unknown,41.10965895071267,41.34535484618825,40.530234567050364,40.707008361816406,0.884977369795178,0.01577288440084586,0.5061513296922259
2025-01-14,REMX,Unknown,41.09001627457676,41.09001627457676,40.58915969581525,40.88378143310547,0.8657998198587094,0.01924478774679419,0.5657271212563482
2025-01-17,REMX,Unknown,42.14083891524723,42.425641569872475,41.92478121224615,42.07209396362305,0.8398495453108146,0.01202831017887675,0.5640147380377512
2025-02-06,REMX,Unknown,40.785571834469536,41.119477470267846,40.59897894099821,40.84449768066406,0.7919400067590551,0.010462246165121578,0.5562087361709845
2025-02-27,REMX,Unknown,40.04901693049518,40.107942778624555,39.607086181640625,39.607086181640625,0.7829032214256607,0.0054240228021802655,0.8911852430233196
2025-03-03,REMX,Unknown,39.65618966811591,40.00973726858914,38.43841501607683,38.56608581542969,0.770005012470959,0.014318059125885298,0.6967547702058411
2025-03-18,REMX,Unknown,43.56484546381692,43.702335357666016,43.09344993648348,43.702335357666016,0.9740657131053936,0.005439712974418697,0.5108756400989767
2025-03-24,REMX,Unknown,42.062272635802984,42.23904268325382,41.689083099365234,41.689083099365234,0.9556079411861219,0.005871313013637494,0.5029597679832601
2025-04-08,REMX,Unknown,35.29577461679408,35.29577461679408,31.779948018514318,32.06475067138672,1.2865390130305296,0.05643739235414649,0.9304440970504474
2025-04-14,REMX,Unknown,36.218926251393086,37.1518982301119,36.218926251393086,36.94565963745117,1.6307850978644216,0.010410967121613818,0.5991855280767449
2025-04-15,REMX,Unknown,37.5447252472995,37.5447252472995,36.091254756984625,36.18946075439453,1.6075976460767134,0.016214776396658755,0.5139273902270594
2025-04-16,REMX,Unknown,36.4251598859186,36.87691346182479,36.09125425452738,36.31713104248047,1.5965885635222967,0.0065129219007622466,0.5434572330892539
2025-04-17,REMX,Unknown,36.739422845360096,36.91619663181079,36.25820448306243,36.49390411376953,1.5386650380776623,0.011627895452029753,0.7103118058134489
2025-04-21,REMX,Unknown,37.15189810267241,37.15189810267241,35.619859792989864,36.06179428100586,1.475759831696998,0.018030243814188482,0.7265370780049438
2025-04-23,REMX,Unknown,36.95548409487856,37.711682310723035,36.54301063790934,36.562652587890625,1.4175728789727204,0.014559294961976709,0.6847310382832238
2025-04-29,REMX,Unknown,37.56436883724665,37.79024563821301,37.338492036280286,37.65275573730469,1.321238277152128,0.0055205498984689455,0.501010115399931
2025-05-02,REMX,Unknown,37.4661634168449,37.633114371589926,37.06351280951522,37.51526641845703,1.2143523341809408,0.018691629375298006,0.5229835067901697
2025-05-06,REMX,Unknown,37.554549372992284,37.77060332391116,37.407236625545,37.74114227294922,1.1339025732101586,0.00923737062465746,0.5501307770836348
2025-05-12,REMX,Unknown,39.38120442859114,39.58744301755629,38.85088679697427,38.95891189575195,0.9989082781694388,0.030318632722736175,0.8885929183979501
2025-05-29,REMX,Unknown,36.17964179412287,36.33677363838205,35.98322605221924,36.169822692871094,0.8556175383706457,0.008486181087388068,0.7353800103696799
2025-06-25,REMX,Unknown,39.282997273498424,39.282997273498424,38.74285681025153,39.253536224365234,0.8383796227410633,0.0050251282840931,0.5351371835213816
2025-07-08,REMX,Unknown,40.56951774685491,42.37653581422524,40.42220500505156,41.80693054199219,0.899583592555471,0.017237144832723893,0.5295935940813448
2025-07-16,REMX,Unknown,46.953004220581754,46.953004220581754,46.196806067376414,46.63874053955078,1.207053822889488,0.009501694257465328,0.5000582106880787
2025-07-25,REMX,Unknown,54.28910208612426,54.28910208612426,53.523084823255594,53.93555450439453,1.3959400782159208,0.007288583907373447,0.5780759749801937
2025-08-05,REMX,Unknown,50.40008817405993,50.69470992171998,49.75191883068032,50.66524887084961,1.439958040872726,0.007657579903834314,0.5152389628760786
2025-09-29,REMX,Unknown,65.49458397355284,65.61242817795151,64.04110968065577,64.36519622802734,1.9382253373233014,0.012756404985893411,0.5480516022632429
2025-10-15,REMX,Unknown,80.24534634363458,80.24534634363458,74.99124665811219,76.49382019042969,3.1610788167591997,0.024962388123759633,0.6742186360251897
2025-10-20,REMX,Unknown,71.62273201441457,71.67183876281669,69.76661081290965,71.200439453125,3.406547675030579,0.02042824311632744,0.585505727368944
2025-10-30,REMX,Unknown,69.60947143307438,70.5522625086363,68.76488635634729,70.27728271484375,3.137016501899707,0.02073723609515883,0.6882823327258033
2025-11-06,REMX,Unknown,63.48132768583039,63.73666928491625,61.87072527800446,62.42068862915039,2.9089307660225012,0.013483875845992761,0.6190472992187934
2025-11-10,REMX,Unknown,66.72217827361752,67.91048813119701,66.33916962087031,67.90066528320312,2.8578493624221477,0.04186484609709071,0.5788656797663059
2025-11-13,REMX,Unknown,69.39342229683211,70.15943958918312,67.78281242216487,68.1952896118164,2.695873139128852,0.032889920539762425,0.7416696844289759
2025-11-17,REMX,Unknown,71.05312080570206,72.99763249447868,70.57190618036374,70.7879638671875,2.731612773594552,0.030479925635749573,0.5342744085066745
2025-11-20,REMX,Unknown,73.67525818128911,74.03862860387012,69.1184310913086,69.1184310913086,2.835022159526649,0.018186674485002982,0.8383275805002709
2025-12-05,REMX,Unknown,71.19061424292357,72.4869529357679,70.78796739140918,70.8567123413086,2.4822643459501146,0.02141749416376955,0.5075707040644389
2025-12-08,REMX,Unknown,72.1039391948833,72.55569276126445,71.0924032209606,72.09412384033203,2.504180622524711,0.017602098832457176,0.5120303930471948
2025-12-17,REMX,Unknown,71.16115525068112,72.47713967736242,70.159442024218,70.36567687988281,2.3524846778631496,0.03410875763031257,0.5369816705408479
2024-01-08,RXRX,Healthcare,12.069999694824219,12.720000267028809,11.609999656677246,12.609999656677246,0.8129494635625052,0.011735070081071108,0.5000255806238855
2024-01-10,RXRX,Healthcare,13.520000457763672,13.640000343322754,12.380000114440918,12.489999771118164,0.8988697827741245,0.008955286764893227,0.5545985650492345
2024-01-18,RXRX,Healthcare,10.399999618530273,10.899999618530273,9.670000076293945,9.890000343322754,0.9883457175130987,0.013645164378684915,0.6410614373549889
2024-01-24,RXRX,Healthcare,10.84000015258789,10.989999771118164,10.319999694824219,10.359999656677246,0.9542886253975235,0.018796973948468784,0.8504079042075977
2024-01-25,RXRX,Healthcare,10.470000267028809,10.640000343322754,10.15999984741211,10.229999542236328,0.9339823004615536,0.010617819883870817,0.7344904828698539
2024-02-01,RXRX,Healthcare,9.520000457763672,9.869999885559082,9.430000305175781,9.550000190734863,0.9140564251102956,0.011689756868786169,0.559431050889776
2024-02-15,RXRX,Healthcare,12.579999923706055,12.920000076293945,11.1899995803833,12.430000305175781,0.869945690852476,0.15201463697933268,0.6925561915632353
2024-02-22,RXRX,Healthcare,12.979999542236328,15.324999809265137,12.850000381469727,15.0,1.0150278769294951,0.04931282638000414,0.5985521720566558
2024-03-04,RXRX,Healthcare,12.920000076293945,12.930000305175781,12.045000076293945,12.300000190734863,1.2927758612100715,0.008587014291490358,0.5041738569975718
2024-03-08,RXRX,Healthcare,11.399999618530273,12.34000015258789,10.880000114440918,11.1899995803833,1.187200013208671,0.022421525430774275,0.5253378269448962
2024-03-11,RXRX,Healthcare,11.350000381469727,11.550000190734863,10.265000343322754,10.369999885559082,1.2066857292756927,0.014298552912094491,0.6513517970329981
2024-03-18,RXRX,Healthcare,11.760000228881836,12.345000267028809,11.170000076293945,11.420000076293945,1.1526128797323065,0.048128337700657275,0.501496171738336
2024-03-21,RXRX,Healthcare,11.199999809265137,11.449999809265137,10.260000228881836,10.649999618530273,1.1238358927687364,0.011743461429515626,0.8551176591526292
2024-03-26,RXRX,Healthcare,10.609999656677246,10.890000343322754,10.3100004196167,10.319999694824219,1.0419742658519289,0.007597333877945081,0.5333473563749671
2024-04-03,RXRX,Healthcare,8.850000381469727,9.350000381469727,8.722999572753906,8.930000305175781,0.8842085603551301,0.00912199766594476,0.5387155897953138
2024-04-04,RXRX,Healthcare,9.020000457763672,9.329999923706055,8.710000038146973,8.729999542236328,0.8658365780951793,0.010078404200694932,0.6012366386483942
2024-04-11,RXRX,Healthcare,8.649999618530273,8.9399995803833,8.5,8.920000076293945,0.7477797097836695,0.008158472662780981,0.5959855612682236
2024-04-17,RXRX,Healthcare,7.639999866485596,7.710000038146973,7.429999828338623,7.46999979019165,0.684314363696122,0.00924698721755194,0.6494677498057108
2024-04-24,RXRX,Healthcare,8.149999618530273,8.270000457763672,7.889999866485596,7.940000057220459,0.5890366524187814,0.058441535118438304,0.6342889159235311
2024-04-29,RXRX,Healthcare,8.300000190734863,8.545000076293945,8.09000015258789,8.199999809265137,0.5700173701114446,0.02216752558037601,0.6465626748835898
2024-05-03,RXRX,Healthcare,9.239999771118164,9.399999618530273,8.699999809265137,8.84000015258789,0.5809786732373358,0.051194517772247164,0.5428391705925608
2024-05-10,RXRX,Healthcare,9.050000190734863,9.34000015258789,8.220000267028809,8.600000381469727,0.5304314166506863,0.047453684157428226,0.5437009264480415
2024-05-13,RXRX,Healthcare,9.420000076293945,10.395999908447266,9.0600004196167,9.479999542236328,0.5725434501441431,0.095348797494365,0.5412494666541802
2024-05-23,RXRX,Healthcare,9.550000190734863,9.5600004196167,8.84000015258789,9.029999732971191,0.6367166141077276,0.020299203101153365,0.7949351091609371
2024-05-31,RXRX,Healthcare,8.930000305175781,9.199999809265137,8.220000267028809,8.279999732971191,0.6093361981251654,0.006764421690059284,0.5116005108072412
2024-06-03,RXRX,Healthcare,8.390000343322754,8.859999656677246,8.319999694824219,8.59000015258789,0.6358121512759627,0.013285098296988705,0.525419599705327
2024-06-12,RXRX,Healthcare,8.949999809265137,9.489999771118164,8.942999839782715,9.300000190734863,0.585548168179516,0.043123530168898166,0.7456242875428293
2024-07-08,RXRX,Healthcare,7.380000114440918,7.559999942779541,7.320000171661377,7.400000095367432,0.6229939971104127,0.00819671330225163,0.5923009702990841
2024-07-10,RXRX,Healthcare,7.480000019073486,7.510000228881836,7.144999980926514,7.230000019073486,0.5738060306231545,0.005376338917391232,0.6385944359014936
2024-07-11,RXRX,Healthcare,7.440000057220459,7.849999904632568,7.440000057220459,7.679999828338623,0.5588913318611665,0.029045648353108005,0.6611906814539728
2024-07-12,RXRX,Healthcare,7.789999961853027,8.609999656677246,7.78000020980835,8.359999656677246,0.5632562285538747,0.014322934371497257,0.515684475347221
2024-07-15,RXRX,Healthcare,8.40999984741211,8.4399995803833,8.109999656677246,8.199999809265137,0.589452199967071,0.005980884304813032,0.528026127949302
2024-07-22,RXRX,Healthcare,7.71999979019165,8.1899995803833,7.5,8.140000343322754,0.5551071406147015,0.014454619546300417,0.6267377622367726
2024-07-26,RXRX,Healthcare,8.25,8.489999771118164,8.140000343322754,8.350000381469727,0.6160746969026296,0.02484469621445801,0.6328153998107923
2024-08-06,RXRX,Healthcare,6.9019999504089355,7.019999980926514,6.605000019073486,6.710000038146973,0.641746241678812,0.019497779889854138,0.586323471113832
2024-08-07,RXRX,Healthcare,7.099999904632568,7.110000133514404,6.360000133514404,6.369999885559082,0.6255500788341131,0.05812218543493447,0.8226520928926052
2024-08-09,RXRX,Healthcare,6.829999923706055,7.03000020980835,6.25,6.289999961853027,0.6212651394305982,0.028614467024232305,0.5544551781852187
2024-08-14,RXRX,Healthcare,6.659999847412109,6.670000076293945,6.244999885559082,6.28000020980835,0.608775334528981,0.018348606461624742,0.6303145043025741
2024-08-22,RXRX,Healthcare,7.699999809265137,7.704999923706055,7.320000171661377,7.349999904632568,0.5485656090363803,0.010498677809387534,0.529438149723236
2024-08-26,RXRX,Healthcare,7.889999866485596,8.164999961853027,7.78000020980835,7.889999866485596,0.540105008194872,0.010243268155208603,0.5463882158465737
2024-08-30,RXRX,Healthcare,7.53000020980835,7.599999904632568,7.195000171661377,7.28000020980835,0.5165489325462906,0.016194381223658124,0.6329839572091506
2024-09-10,RXRX,Healthcare,6.159999847412109,6.320000171661377,6.054999828338623,6.320000171661377,0.5018390803138635,0.00653594160147165,0.6621554945733155
2024-09-17,RXRX,Healthcare,6.730000019073486,7.034999847412109,6.730000019073486,6.760000228881836,0.4437865785465147,0.012030063542673447,0.5425801494487064
2024-09-19,RXRX,Healthcare,7.159999847412109,7.239999771118164,6.900000095367432,6.940000057220459,0.4542598381832295,0.03617945087128019,0.6795119515428517
2024-09-26,RXRX,Healthcare,7.0,7.175000190734863,6.800000190734863,7.170000076293945,0.3958827584609576,0.015965186595934204,0.7434149431107537
2024-10-17,RXRX,Healthcare,7.099999904632568,7.099999904632568,6.539999961853027,6.550000190734863,0.37109752827755044,0.012838755037400085,0.5621792907110835
2024-10-24,RXRX,Healthcare,6.449999809265137,6.449999809265137,6.195000171661377,6.360000133514404,0.37347435575534516,0.01895732812091807,0.6642393034103419
2024-10-25,RXRX,Healthcare,6.420000076293945,6.610000133514404,6.28000020980835,6.480000019073486,0.3650118758873748,0.009433953069178049,0.5943576207825532
2024-11-13,RXRX,Healthcare,7.795000076293945,8.039999961853027,7.309999942779541,7.320000171661377,0.4459116654422134,0.02836413651080508,0.6520481629019997
2024-11-27,RXRX,Healthcare,5.940000057220459,6.449999809265137,5.929999828338623,6.380000114440918,0.49208997977647206,0.00848899692160724,0.5561456077984192
2024-11-29,RXRX,Healthcare,6.5,7.135000228881836,6.440000057220459,7.070000171661377,0.49694069141954844,0.018808759154637988,0.5059885470474177
2024-12-02,RXRX,Healthcare,7.230000019073486,7.980000019073486,7.210000038146973,7.579999923706055,0.5153735073496463,0.022630812380095185,0.5437133326880181
2024-12-09,RXRX,Healthcare,8.8100004196167,9.550000190734863,8.170000076293945,8.270000457763672,0.6148143062581283,0.09987517701313975,0.5450553837339225
2024-12-19,RXRX,Healthcare,6.510000228881836,6.53000020980835,6.03000020980835,6.090000152587891,0.7113905042854723,0.04746581963817152,0.6430219475687144
2024-12-23,RXRX,Healthcare,6.159999847412109,7.010000228881836,6.099999904632568,6.989999771118164,0.6658418110062042,0.021558811456142805,0.5081313048495595
2024-12-24,RXRX,Healthcare,7.239999771118164,7.340000152587891,6.940000057220459,7.239999771118164,0.6882816830110101,0.035765380284126735,0.5073401729737188
2024-12-31,RXRX,Healthcare,6.829999923706055,7.199999809265137,6.650000095367432,6.760000228881836,0.6798998569428822,0.008862620819583765,0.6004281608814281
2025-01-06,RXRX,Healthcare,8.029999732971191,8.65999984741211,7.900000095367432,7.949999809265137,0.6767856868811482,0.02948712007847517,0.5497333076431759
2025-01-07,RXRX,Healthcare,8.050000190734863,8.4399995803833,7.420000076293945,7.489999771118164,0.6898723990094409,0.012578664637599553,0.5881568272852747
2025-01-14,RXRX,Healthcare,6.960000038146973,6.960000038146973,6.199999809265137,6.320000171661377,0.6751917021961872,0.032640990281860294,0.6220087402172663
2025-01-17,RXRX,Healthcare,6.559999942779541,6.789999961853027,6.480000019073486,6.53000020980835,0.6384242742004569,0.024999975785613422,0.5319911498616793
2025-01-22,RXRX,Healthcare,7.170000076293945,8.050000190734863,7.170000076293945,7.489999771118164,0.6220596874234098,0.042151156544943356,0.5735468870314762
2025-01-28,RXRX,Healthcare,7.070000171661377,7.489999771118164,6.889999866485596,7.429999828338623,0.6750118983228306,0.00568989483061734,0.549632939833047
2025-01-31,RXRX,Healthcare,7.909999847412109,7.960000038146973,7.150000095367432,7.239999771118164,0.6829413618783513,0.028608555078628833,0.5858161569300309
2025-02-05,RXRX,Healthcare,7.699999809265137,8.229999542236328,7.599999904632568,7.920000076293945,0.6649381269783323,0.011826501205219995,0.6135544190574462
2025-02-06,RXRX,Healthcare,8.140000343322754,8.279999732971191,7.150000095367432,7.239999771118164,0.6624425205944343,0.02777781122595073,0.6027366947538222
2025-02-14,RXRX,Healthcare,9.170000076293945,10.755000114440918,9.039999961853027,10.529999732971191,0.6943132555294284,0.07882353838752298,0.5291607848959806
2025-02-18,RXRX,Healthcare,11.539999961853027,12.359999656677246,10.414999961853027,10.640000343322754,0.8057908883088205,0.09591645341826137,0.5338471040062454
2025-02-19,RXRX,Healthcare,10.8149995803833,12.050000190734863,10.5600004196167,10.869999885559082,0.8871629459170632,0.016447296185509008,0.6857413770622813
2025-02-24,RXRX,Healthcare,9.529999732971191,9.739999771118164,8.619999885559082,9.0,0.9951920549903992,0.02693965594759313,0.6487164093728236
2025-02-26,RXRX,Healthcare,8.53499984741211,8.6899995803833,8.100000381469727,8.34000015258789,1.017384982687408,0.048525735556433205,0.7162759762172715
2025-02-27,RXRX,Healthcare,8.59000015258789,8.59000015258789,7.650000095367432,7.670000076293945,0.9868574267035627,0.029976018636213735,0.8239672723186683
2025-03-03,RXRX,Healthcare,7.869999885559082,7.889999866485596,6.570000171661377,6.590000152587891,0.9889740053861308,0.04793603804334989,0.7789964199576961
2025-03-12,RXRX,Healthcare,6.230000019073486,6.309999942779541,5.929999828338623,6.170000076293945,0.8416521744470565,0.02805281813517169,0.7240605630231626
2025-04-01,RXRX,Healthcare,5.320000171661377,5.340000152587891,5.0,5.09499979019165,0.5705615031078554,0.005671117206934889,0.5664531315094704
2025-04-08,RXRX,Healthcare,4.489999771118164,4.489999771118164,3.869999885559082,3.9700000286102295,0.5742671000792958,0.06904761310067009,0.9466596862571601
2025-04-11,RXRX,Healthcare,4.994999885559082,6.0,4.860000133514404,5.760000228881836,0.6178938783347595,0.10753872107840048,0.5717275822086839
2025-04-14,RXRX,Healthcare,5.940000057220459,5.960000038146973,5.25,5.510000228881836,0.6801871563907169,0.031249968955915412,0.6557524356922529
2025-04-23,RXRX,Healthcare,5.960000038146973,6.110000133514404,5.565000057220459,5.579999923706055,0.5862067985770086,0.05861455008848166,0.7640805997428429
2025-04-28,RXRX,Healthcare,5.78000020980835,6.070000171661377,5.675000190734863,5.840000152587891,0.5374108570012108,0.008726036748416639,0.5294825027866342
2025-05-08,RXRX,Healthcare,4.320000171661377,4.570000171661377,4.139999866485596,4.389999866485596,0.5091218752822411,0.03102627987245346,0.6126376388577824
2025-05-09,RXRX,Healthcare,4.519999980926514,4.630000114440918,4.309999942779541,4.329999923706055,0.5034703345603511,0.029612783233405715,0.5060420468503904
2025-05-12,RXRX,Healthcare,4.630000114440918,4.679999828338623,4.409999847412109,4.639999866485596,0.49036532292471,0.06928410993552457,0.8673279954623891
2025-05-22,RXRX,Healthcare,4.15500020980835,4.25,4.019999980926514,4.144999980926514,0.423365050427437,0.014652117873219997,0.5537438473847015
2025-05-29,RXRX,Healthcare,4.489999771118164,4.670000076293945,4.360000133514404,4.449999809265137,0.38797868590592854,0.021615424483260953,0.8189941035770704
2025-06-03,RXRX,Healthcare,4.425000190734863,4.429999828338623,4.21999979019165,4.389999866485596,0.3765667398538365,0.012585882520851533,0.512005910790919
2025-06-20,RXRX,Healthcare,5.230000019073486,5.355000019073486,4.900000095367432,5.03000020980835,0.4204745482434241,0.02348334294006213,0.5819455124191529
2025-07-08,RXRX,Healthcare,5.005000114440918,5.630000114440918,5.0,5.360000133514404,0.40402996283490966,0.015213040307056058,0.7027328360094199
2025-07-09,RXRX,Healthcare,5.460000038146973,5.769999980926514,5.429999828338623,5.590000152587891,0.4251707002111515,0.018656698160751942,0.5580350457805446
2025-07-21,RXRX,Healthcare,6.110000133514404,7.150000095367432,6.03000020980835,6.400000095367432,0.4194731144323708,0.046232872238345414,0.5618111553262853
2025-07-22,RXRX,Healthcare,6.510000228881836,6.559999942779541,6.091000080108643,6.539999961853027,0.4830821736000258,0.017187520605511656,0.557966420822635
2025-07-28,RXRX,Healthcare,6.659999847412109,6.684999942779541,6.199999809265137,6.309999942779541,0.4998875957887937,0.026194157517613587,0.620308812137809
2025-07-31,RXRX,Healthcare,5.855000019073486,6.090000152587891,5.784999847412109,5.949999809265137,0.4956698381188663,0.007745279989179654,0.6433343336248585
2025-08-05,RXRX,Healthcare,5.934999942779541,5.960000038146973,5.409999847412109,5.53000020980835,0.4590895520345103,0.023275818552615114,0.5699605574109988
2025-08-07,RXRX,Healthcare,5.545000076293945,5.690000057220459,5.400000095367432,5.409999847412109,0.450184371292783,0.011861324269018645,0.5579819177268359
2025-08-08,RXRX,Healthcare,5.449999809265137,5.579999923706055,5.349999904632568,5.360000133514404,0.4387426277613719,0.007393708499300874,0.6204941991101885
2025-08-12,RXRX,Healthcare,5.355000019073486,5.5,5.289999961853027,5.409999847412109,0.41784442079519213,0.01228734549890057,0.5146011342877639
2025-08-13,RXRX,Healthcare,5.53000020980835,5.820000171661377,5.519999980926514,5.699999809265137,0.40299839346317645,0.022181213637860412,0.5751874480395561
2025-08-25,RXRX,Healthcare,5.0,5.03000020980835,4.829999923706055,4.829999923706055,0.373278964901605,0.012145737264080234,0.6059307054991311
2025-08-26,RXRX,Healthcare,4.869999885559082,4.929999828338623,4.800000190734863,4.829999923706055,0.36090191641594,0.008281565731855211,0.5554776188159004
2025-08-27,RXRX,Healthcare,4.869999885559082,4.940000057220459,4.824999809265137,4.889999866485596,0.34440889650078427,0.008281565731855211,0.5650728087100017
2025-09-03,RXRX,Healthcare,4.71999979019165,4.820000171661377,4.550000190734863,4.630000114440918,0.30879576492977046,0.012875524623216773,0.6459920054409597
2025-09-05,RXRX,Healthcare,4.579999923706055,4.659999847412109,4.449999809265137,4.610000133514404,0.29630859741475063,0.013274323679807222,0.6583641663165587
2025-09-10,RXRX,Healthcare,4.739999771118164,4.739999771118164,4.510000228881836,4.539999961853027,0.2755320597676997,0.008510630526872615,0.5191828431392325
2025-09-15,RXRX,Healthcare,4.929999828338623,5.090000152587891,4.670000076293945,4.769999980926514,0.28288406057581506,0.020703914329638026,0.5424593957598128
2025-09-18,RXRX,Healthcare,4.800000190734863,4.96999979019165,4.789999961853027,4.929999828338623,0.29246219964314274,0.01910831249659583,0.563428285654028
2025-09-22,RXRX,Healthcare,5.119999885559082,5.264999866485596,4.920000076293945,4.980000019073486,0.29013320399088943,0.042769866532207,0.5944399055982311
2025-09-23,RXRX,Healthcare,5.010000228881836,5.130000114440918,4.800000190734863,4.809999942779541,0.2947665479253606,0.006024138492660298,0.5583422192505758
2025-09-24,RXRX,Healthcare,4.880000114440918,5.170000076293945,4.829999923706055,4.880000114440918,0.29728321762398163,0.014553050414575712,0.5163126856424801
2025-09-29,RXRX,Healthcare,4.775000095367432,5.0,4.699999809265137,4.909999847412109,0.2915201372049346,0.011652607546736358,0.514791549556272
2025-10-10,RXRX,Healthcare,6.039999961853027,6.199999809265137,5.300000190734863,5.320000171661377,0.38268162906326625,0.021996635837113067,0.6243370916645224
2025-10-15,RXRX,Healthcare,6.050000190734863,6.820000171661377,6.010000228881836,6.789999961853027,0.44947939948263593,0.02716474157489845,0.5831431298271759
2025-10-20,RXRX,Healthcare,6.21999979019165,7.179999828338623,6.210000038146973,6.679999828338623,0.5088397677402852,0.06143338711177543,0.6540154573096068
2025-10-27,RXRX,Healthcare,6.150000095367432,6.5,5.934999942779541,6.300000190734863,0.553933424482943,0.01821194274985675,0.6645558002125524
2025-10-31,RXRX,Healthcare,5.699999809265137,5.736000061035156,5.409999847412109,5.519999980926514,0.5168580254486134,0.008849506735177053,0.5640289397626479
2025-11-03,RXRX,Healthcare,5.570000171661377,5.760000228881836,5.329999923706055,5.440000057220459,0.5032253246039301,0.009058005599208519,0.5830696666085035
2025-11-05,RXRX,Healthcare,5.070000171661377,5.195000171661377,4.855000019073486,4.960000038146973,0.4959953447130238,0.014000034332275391,0.5636041040940991
2025-11-10,RXRX,Healthcare,4.894999980926514,4.960000038146973,4.46999979019165,4.510000228881836,0.47678636344717634,0.05952383164056138,0.631405738035924
2025-11-20,RXRX,Healthcare,4.150000095367432,4.369999885559082,3.809999942779541,3.8499999046325684,0.39697240838359715,0.02977664499049461,0.8760331190795725
2025-11-21,RXRX,Healthcare,3.9100000858306885,4.260000228881836,3.8499999046325684,4.170000076293945,0.4086172322690217,0.015584463034901384,0.8665637244447538
2025-12-03,RXRX,Healthcare,4.369999885559082,4.670000076293945,4.329999923706055,4.659999847412109,0.3424076674846541,0.011574007386781257,0.5170889500752662
2025-12-08,RXRX,Healthcare,4.974999904632568,5.090000152587891,4.679999828338623,4.820000171661377,0.33744156473990916,0.05626324083637439,0.5309053359741174
2025-12-17,RXRX,Healthcare,4.510000228881836,5.010000228881836,4.480000019073486,4.679999828338623,0.3091242879198266,0.07380962707018295,0.7270364990644567
2025-12-18,RXRX,Healthcare,4.760000228881836,4.960000038146973,4.440000057220459,4.440000057220459,0.34490115446960323,0.01709410330718167,0.5730547314758209
2025-12-19,RXRX,Healthcare,4.510000228881836,4.53000020980835,4.25,4.260000228881836,0.3574082135022397,0.015765804225056395,0.5722434399319611
2025-12-22,RXRX,Healthcare,4.360000133514404,4.53000020980835,4.300000190734863,4.400000095367432,0.3518790703812476,0.023474154755812375,0.591602965709388
2026-01-02,RXRX,Healthcare,4.170000076293945,4.230000019073486,4.119999885559082,4.199999809265137,0.2759114246494391,0.01955988281698128,0.5726663092368018
2026-01-05,RXRX,Healthcare,4.260000228881836,4.420000076293945,4.25,4.369999885559082,0.2662034562091646,0.0142858148432148,0.518319627145787
2026-01-12,RXRX,Healthcare,4.760000228881836,4.980000019073486,4.71999979019165,4.809999942779541,0.26913018526553534,0.021459310030935066,0.684456233049678
2026-01-14,RXRX,Healthcare,4.880000114440918,4.869999885559082,4.610000133514404,4.849999904632568,0.27685205343550073,0.04051173878515111,0.5599415365506696
2024-01-22,SHOP,Technology,80.91000366210938,82.83000183105469,79.69000244140625,80.26000213623047,2.8782937620237017,0.011248612696528897,0.669991405760176
2024-01-24,SHOP,Technology,82.27999877929688,83.36000061035156,80.66999816894531,80.7300033569336,2.839345374435854,0.014049783069062663,0.6872466836634036
2024-01-25,SHOP,Technology,81.2699966430664,81.69999694824219,79.13999938964844,80.48999786376953,2.8286780220765966,0.006688879768099682,0.669991405760176
2024-02-02,SHOP,Technology,81.0,83.02999877929688,79.33000183105469,82.93000030517578,2.760859043550393,0.05578726161623032,0.5094825113849145
2024-02-22,SHOP,Technology,78.27999877929688,78.83000183105469,74.87000274658203,75.02999877929688,3.851731467570245,0.0355867518418948,0.5110796383342189
2024-02-29,SHOP,Technology,76.2699966430664,77.13999938964844,75.02999877929688,76.37000274658203,3.414406474364069,0.009396494274924776,0.5105979500102032
2024-03-06,SHOP,Technology,74.18000030517578,74.8499984741211,72.91500091552734,74.01000213623047,3.199920805695856,0.009663795735348178,0.5312457274069604
2024-04-17,SHOP,Technology,69.5,71.0,68.97000122070312,69.41000366210938,2.4605269560949488,0.01164487754432545,0.5693475841095929
2024-04-19,SHOP,Technology,71.0,71.62999725341797,68.79000091552734,69.66999816894531,2.4741277100305306,0.02143573324669637,0.5485758038266232
2024-04-24,SHOP,Technology,74.4000015258789,74.71600341796875,71.6500015258789,72.26000213623047,2.5737449302852413,0.005269549768834816,0.6632027560839688
2024-05-09,SHOP,Technology,63.56999969482422,63.79999923706055,61.61000061035156,62.45000076293945,3.707568155953078,0.013390724672687357,0.5691962585724682
2024-05-15,SHOP,Technology,59.16999816894531,59.66999816894531,58.349998474121094,58.77000045776367,3.3473715699509246,0.019645001096487192,0.5034297550218989
2024-06-11,SHOP,Technology,63.869998931884766,64.69000244140625,63.22999954223633,63.81999969482422,2.039342918564295,0.0136486372521877,0.5091961679316793
2024-07-18,SHOP,Technology,65.9000015258789,66.08999633789062,62.720001220703125,63.11000061035156,2.337217371786021,0.016818454071066736,0.53385199971972
2024-07-26,SHOP,Technology,61.41999816894531,61.52000045776367,59.810001373291016,59.939998626708984,2.3929063625053,0.033310894817999336,0.5991992079082489
2024-08-01,SHOP,Technology,61.599998474121094,62.0,57.25,58.16999816894531,2.292719233221121,0.00653591023194668,0.5299382740842017
2024-08-14,SHOP,Technology,70.33999633789062,71.76000213623047,69.94000244140625,71.58999633789062,3.4230001714422866,0.006294632366335794,0.5000829965304838
2024-09-09,SHOP,Technology,68.4800033569336,69.48999786376953,67.13999938964844,68.12999725341797,2.5961105146494576,0.021937041842121294,0.5188882264040467
2024-09-19,SHOP,Technology,77.4000015258789,79.30999755859375,76.63999938964844,78.68000030517578,2.5187412744460893,0.02898165740225713,0.5124904085758089
2024-10-17,SHOP,Technology,82.88999938964844,83.18000030517578,81.13999938964844,81.62999725341797,2.300755152429499,0.012706181245148903,0.5003267120397715
2024-12-19,SHOP,Technology,111.30000305175781,111.44000244140625,105.70999908447266,107.06999969482422,4.415268176297159,0.014585288496138497,0.5409289465293351
2025-01-02,SHOP,Technology,107.5,108.31999969482422,104.91000366210938,107.52999877929688,3.8457798303824053,0.01100346232293211,0.5366667325693361
2025-01-03,SHOP,Technology,108.87000274658203,109.69000244140625,107.54000091552734,109.25,3.814652416263294,0.012461675648629803,0.5366667325693361
2025-01-14,SHOP,Technology,103.11000061035156,103.36000061035156,100.75,101.61000061035156,4.389672911579678,0.013266494160581807,0.5660070149992263
2025-02-04,SHOP,Technology,116.30000305175781,120.4800033569336,116.12999725341797,119.19999694824219,4.428159156191401,0.016697295850166934,0.5031418116854841
2025-02-10,SHOP,Technology,121.45999908447266,123.41000366210938,119.13999938964844,119.9000015258789,4.465676797726459,0.03449446636607421,0.5009975095167863
2025-02-26,SHOP,Technology,111.87999725341797,114.80000305175781,110.83999633789062,113.2300033569336,6.0374803042916385,0.008382157104606531,0.5584329025982518
2025-02-27,SHOP,Technology,114.8499984741211,115.58999633789062,110.1500015258789,110.83000183105469,5.889089333547036,0.014307118865666803,0.6654711834185498
2025-03-03,SHOP,Technology,112.88999938964844,115.20899963378906,104.80999755859375,106.58000183105469,5.760795678680125,0.007946423121861048,0.5971416907561057
2025-03-12,SHOP,Technology,96.66999816894531,99.13500213623047,95.29000091552734,96.52999877929688,6.411117911519094,0.04002153139149162,0.5548978788300132
2025-03-19,SHOP,Technology,99.625,103.16999816894531,97.6500015258789,101.54000091552734,6.020235465570205,0.05972766446311536,0.5010856866015978
2025-04-08,SHOP,Technology,83.93000030517578,86.36000061035156,75.2300033569336,77.08999633789062,7.820564931081991,0.06483126909587028,0.9220325613395656
2025-04-14,SHOP,Technology,87.05999755859375,88.2699966430664,81.91500091552734,82.7699966430664,8.829111427074897,0.0400190958160276,0.5842916699702545
2025-04-23,SHOP,Technology,91.52999877929688,95.44999694824219,89.91999816894531,90.95999908447266,7.123215203326918,0.06790339233451909,0.5907963331997401
2025-05-01,SHOP,Technology,98.21499633789062,98.88999938964844,95.55000305175781,97.01000213623047,6.313992350100905,0.03384206671463816,0.5262789442701218
2025-05-09,SHOP,Technology,94.47000122070312,94.91000366210938,88.9000015258789,91.7699966430664,5.693359446848872,0.005000012986203457,0.5010689556922832
2025-05-27,SHOP,Technology,104.3550033569336,107.4800033569336,103.9000015258789,106.73999786376953,5.078000038685935,0.028026806825252746,0.54483012727372
2025-05-29,SHOP,Technology,109.69499969482422,110.68000030517578,107.1500015258789,107.69999694824219,4.958020500686749,0.02413405909571838,0.5289564124542768
2025-06-06,SHOP,Technology,106.99099731445312,112.08000183105469,106.66000366210938,111.41000366210938,4.344623843296539,0.01867084221601262,0.5297724901794709
2025-07-24,SHOP,Technology,122.8499984741211,122.8499984741211,120.70999908447266,122.08000183105469,4.620450662657004,0.00523688237004293,0.521578313521534
2025-07-28,SHOP,Technology,126.0999984741211,128.14999389648438,125.80999755859375,126.83999633789062,4.409470260940342,0.013421185926621325,0.5096351831266485
2025-07-31,SHOP,Technology,125.3499984741211,126.58000183105469,122.05000305175781,122.20999908447266,4.317436429666606,0.0190228135700635,0.6906993248910044
2025-08-04,SHOP,Technology,120.2300033569336,125.48999786376953,120.2300033569336,125.20999908447266,4.4702896461823585,0.01374371756984611,0.5345767111350131
2025-10-06,SHOP,Technology,166.5500030517578,169.69000244140625,162.80999755859375,164.5,5.73380926756051,0.03357331315999069,0.526991689536677
2025-10-27,SHOP,Technology,174.77999877929688,176.8800048828125,172.63499450683594,175.05999755859375,6.365517477319265,0.010581103575285649,0.5031346888960557
2025-11-03,SHOP,Technology,175.5,178.375,169.72000122070312,172.94000244140625,6.367198614875509,0.009432873483786198,0.5609891833928748
2025-11-10,SHOP,Technology,157.11500549316406,159.6300048828125,155.75,158.8800048828125,7.450183025180999,0.030870689049293666,0.5180928824749735
2025-11-19,SHOP,Technology,141.6999969482422,147.0500030517578,140.61300659179688,146.0,7.41512527552795,0.008899964593524646,0.5825978967115171
2025-11-20,SHOP,Technology,154.48500061035156,154.8699951171875,143.80999755859375,144.55999755859375,7.35690247752707,0.05811644253665454,0.5461041353137938
2025-11-24,SHOP,Technology,149.02000427246094,156.35000610351562,147.0800018310547,155.30999755859375,7.609166621746077,0.008254405923631105,0.5160224028192502
2025-12-15,SHOP,Technology,166.69000244140625,169.38999938964844,159.52000427246094,159.85000610351562,6.911094877591387,0.015226262030735786,0.5134901447749445
2025-12-22,SHOP,Technology,172.7100067138672,172.97999572753906,169.5500030517578,169.6699981689453,7.392243589522411,0.01851742203233348,0.5216803099742615
2026-01-02,SHOP,Technology,162.19000244140625,164.3000030517578,155.14999389648438,157.1999969482422,5.7069213230503895,0.007579059523211426,0.5234937084404839
2026-01-05,SHOP,Technology,158.83999633789062,166.9199981689453,158.60000610351562,166.2100067138672,5.952856168209179,0.01043256629444086,0.5031705067313682
2024-01-02,SIVR,Unknown,22.90999984741211,23.0,22.639999389648438,22.639999389648438,0.4105011081811467,0.006148414002367894,0.5387917027182573
2024-01-24,SIVR,Unknown,21.950000762939453,21.969999313354492,21.649999618530273,21.690000534057617,0.4105126407952375,0.020930268043695494,0.8582800796382049
2024-01-25,SIVR,Unknown,21.93000030517578,22.040000915527344,21.760000228881836,21.90999984741211,0.4147616888351843,0.011064996090770798,0.6766914257598842
2024-02-29,SIVR,Unknown,21.700000762939453,21.75,21.56999969482422,21.709999084472656,0.3728894260094621,0.009772033227451371,0.5240880534054758
2024-04-11,SIVR,Unknown,26.899999618530273,27.239999771118164,26.56999969482422,27.219999313354492,0.5749713489661569,0.010898121064525581,0.5320978414302918
2024-04-12,SIVR,Unknown,28.049999237060547,28.5,26.719999313354492,26.81999969482422,0.581759115203856,0.030492283050824538,0.6956565118708895
2024-04-15,SIVR,Unknown,27.440000534057617,27.639999389648438,26.889999389648438,27.639999389648438,0.6673477988782598,0.023117108362721104,0.6614083605533422
2024-04-17,SIVR,Unknown,27.350000381469727,27.559999465942383,26.90999984741211,27.059999465942383,0.6940906566457378,0.012587935938790845,0.6668079606846148
2024-04-18,SIVR,Unknown,27.329999923706055,27.3700008392334,26.940000534057617,27.049999237060547,0.6909412967803475,0.009977844164538638,0.6980117188242718
2024-04-26,SIVR,Unknown,26.3700008392334,26.389999389648438,25.920000076293945,26.049999237060547,0.6489989892608043,0.0057208821436736945,0.5090304854978255
2024-05-31,SIVR,Unknown,30.110000610351562,30.190000534057617,28.8799991607666,29.059999465942383,0.7963504682229229,0.012781738108518324,0.5101129065193343
2024-06-12,SIVR,Unknown,28.799999237060547,28.860000610351562,28.209999084472656,28.309999465942383,0.8904047642874632,0.0307801963695251,0.7286264275785767
2024-06-20,SIVR,Unknown,28.770000457763672,29.43000030517578,28.700000762939453,29.329999923706055,0.8126193557352612,0.018767729849189105,0.5773938839335898
2024-06-28,SIVR,Unknown,28.139999389648438,28.139999389648438,27.799999237060547,27.84000015258789,0.7486478214655546,0.016985880450255595,0.6106849097764699
2024-07-01,SIVR,Unknown,28.0,28.18000030517578,27.860000610351562,28.110000610351562,0.7287443566004788,0.005747120924395414,0.5039984683648999
2024-07-09,SIVR,Unknown,29.639999389648438,29.75,29.170000076293945,29.43000030517578,0.7358197403218483,0.006793439265038462,0.6314936400513251
2024-07-10,SIVR,Unknown,29.600000381469727,29.790000915527344,29.299999237060547,29.459999084472656,0.7246897534207202,0.005776421152943305,0.605002059470377
2024-07-11,SIVR,Unknown,30.079999923706055,30.260000228881836,29.809999465942383,30.040000915527344,0.7079263194954399,0.021045514545184742,0.5623205963942798
2024-08-02,SIVR,Unknown,27.68000030517578,27.739999771118164,26.700000762939453,27.280000686645508,0.7004285532592541,0.01540719269139834,0.6390648644667427
2024-08-12,SIVR,Unknown,26.59000015258789,26.790000915527344,26.299999237060547,26.690000534057617,0.7251325143583749,0.015660803767487064,0.546677500474176
2024-08-26,SIVR,Unknown,28.700000762939453,28.719999313354492,28.40999984741211,28.6200008392334,0.6955328485411201,0.007724762087051982,0.5099858675325575
2024-09-19,SIVR,Unknown,29.579999923706055,29.739999771118164,29.260000228881836,29.43000030517578,0.7346683208107534,0.03571430241026496,0.6941366640474314
2024-09-26,SIVR,Unknown,30.700000762939453,30.84000015258789,30.31999969482422,30.65999984741211,0.7801393768569848,0.008872837826352174,0.6092128535226595
2024-10-24,SIVR,Unknown,32.650001525878906,32.70000076293945,31.739999771118164,32.150001525878906,0.8513164109603032,0.0155520987953151,0.5030744339737745
2024-11-01,SIVR,Unknown,31.5,31.6299991607666,30.8799991607666,30.93000030517578,0.8484850370585375,0.008968632056495155,0.5766176801295243
2024-11-13,SIVR,Unknown,29.579999923706055,29.6200008392334,28.90999984741211,28.920000076293945,0.8044844331633237,0.0064648022457781335,0.6949015619016269
2024-11-26,SIVR,Unknown,29.149999618530273,29.15999984741211,28.920000076293945,29.1200008392334,0.7126332591485621,0.006213334809877104,0.6408446363658602
2025-01-07,SIVR,Unknown,28.969999313354492,28.989999771118164,28.639999389648438,28.65999984741211,0.5136564638670077,0.014711036340370414,0.5579040114409238
2025-01-10,SIVR,Unknown,29.260000228881836,29.260000228881836,28.8799991607666,28.90999984741211,0.5099384298287224,0.01809326589787376,0.5958971545147053
2025-02-12,SIVR,Unknown,30.6299991607666,30.8799991607666,30.489999771118164,30.760000228881836,0.5651628633120992,0.007565774510606646,0.5690088973676927
2025-03-03,SIVR,Unknown,30.200000762939453,30.3799991607666,30.049999237060547,30.110000610351562,0.5574639381077667,0.01752023087658092,0.7033340525004029
2025-03-04,SIVR,Unknown,30.440000534057617,30.549999237060547,30.020000457763672,30.399999618530273,0.5676450036422707,0.010959811259273224,0.5005587210427194
2025-03-18,SIVR,Unknown,32.599998474121094,32.650001525878906,32.310001373291016,32.349998474121094,0.5749111414201472,0.00991324990475074,0.5424818692084946
2025-04-08,SIVR,Unknown,28.979999542236328,29.1200008392334,28.260000228881836,28.489999771118164,0.7997049449270802,0.015416910041849393,0.9230020083011787
2025-04-16,SIVR,Unknown,31.290000915527344,31.469999313354492,31.15999984741211,31.200000762939453,0.7717910481647552,0.013933904623175657,0.6288791448945631
2025-04-21,SIVR,Unknown,31.399999618530273,31.450000762939453,30.989999771118164,31.200000762939453,0.7487891613237647,0.013557136297608451,0.6394410493367813
2025-04-23,SIVR,Unknown,31.270000457763672,32.11000061035156,31.149999618530273,32.04999923706055,0.7239560305950327,0.010339246750759272,0.703495408501152
2025-05-05,SIVR,Unknown,31.020000457763672,31.049999237060547,30.670000076293945,30.889999389648438,0.6802737953530403,0.016049779236739444,0.7462305781720597
2025-05-06,SIVR,Unknown,31.670000076293945,31.709999084472656,31.469999313354492,31.690000534057617,0.6688255635717546,0.02525091298340699,0.6038435511702547
2025-05-09,SIVR,Unknown,31.1200008392334,31.34000015258789,31.09000015258789,31.229999542236328,0.6776857806443307,0.008098477266066972,0.5441510647006336
2025-05-19,SIVR,Unknown,30.899999618530273,30.969999313354492,30.739999771118164,30.850000381469727,0.6304780833269592,0.005204939772395106,0.6224552419286995
2025-05-29,SIVR,Unknown,31.790000915527344,31.860000610351562,31.530000686645508,31.799999237060547,0.5762855712276,0.011132327465789512,0.7495740765205126
2025-06-06,SIVR,Unknown,34.529998779296875,34.58000183105469,34.150001525878906,34.290000915527344,0.6722385467856359,0.014692918540572777,0.5467582712881054
2025-08-01,SIVR,Unknown,35.439998626708984,35.439998626708984,35.040000915527344,35.22999954223633,0.6064231110025674,0.013729964382336554,0.5436368749346729
2025-09-05,SIVR,Unknown,39.279998779296875,39.459999084472656,38.810001373291016,39.04999923706055,0.6009582522022909,0.013415905064030523,0.53463339217627
2025-09-08,SIVR,Unknown,39.43000030517578,39.689998626708984,39.209999084472656,39.380001068115234,0.6080327172549455,0.009731141499091066,0.5366499058109458
2025-10-01,SIVR,Unknown,45.18000030517578,45.54999923706055,45.0,45.040000915527344,0.8028965294373975,0.01573742738631915,0.5056365951258192
2025-10-02,SIVR,Unknown,45.70000076293945,45.79999923706055,43.720001220703125,44.63999938964844,0.8219753269650276,0.014653637522120415,0.5910707375487165
2025-10-10,SIVR,Unknown,47.66999816894531,48.310001373291016,47.2599983215332,47.5099983215332,1.1409496570379032,0.017502662145809214,0.6287217154530452
2025-10-15,SIVR,Unknown,50.15999984741211,50.72999954223633,49.79999923706055,50.66999816894531,1.2687853777684046,0.021796693654477638,0.5054209158389569
2025-10-20,SIVR,Unknown,50.06999969482422,50.150001525878906,49.38999938964844,49.95000076293945,1.446713530330792,0.015618670784579554,0.5225837524422241
2025-10-29,SIVR,Unknown,46.040000915527344,46.11000061035156,45.02000045776367,45.40999984741211,1.458087610266649,0.02630406351139222,0.5042109836932146
2025-11-03,SIVR,Unknown,46.470001220703125,46.58000183105469,45.7400016784668,45.91999816894531,1.3723719626850868,0.005844165655950808,0.67836882630202
2025-11-05,SIVR,Unknown,45.65999984741211,45.970001220703125,45.47999954223633,45.81999969482422,1.3304635029978495,0.016926465383195248,0.5422357153529443
2025-11-07,SIVR,Unknown,46.220001220703125,46.43000030517578,45.66999816894531,46.09000015258789,1.2681547893903253,0.011157342954393377,0.6833772152281203
2025-11-10,SIVR,Unknown,47.41999816894531,48.13999938964844,47.2599983215332,48.09000015258789,1.2318581713074783,0.028856541808510806,0.5721252773918786
2025-12-15,SIVR,Unknown,60.709999084472656,61.06999969482422,59.849998474121094,60.9900016784668,1.7948665411279028,0.031430486832100694,0.5506309092938182
2025-12-19,SIVR,Unknown,62.75,64.19999694824219,62.66999816894531,63.97999954223633,1.8549155017282848,0.008032128514056224,0.6015665811398119
2026-01-02,SIVR,Unknown,70.70999908447266,70.7300033569336,67.94999694824219,69.02999877929688,2.9929016288174073,0.045387340664199485,0.5591618795883535
2026-01-05,SIVR,Unknown,72.98999786376953,74.0999984741211,71.94000244140625,72.51000213623047,2.9998375101365324,0.057366350202809495,0.5133038628566866
2026-01-12,SIVR,Unknown,79.93000030517578,82.06999969482422,79.83000183105469,81.08000183105469,3.4456439931018044,0.0518489610760308,0.6052843287089809
2026-01-14,SIVR,Unknown,87.52999877929688,88.97949981689453,85.3949966430664,88.77999877929688,3.642111523662836,0.060327020514059436,0.6889478877601917
2024-01-08,SMR,Industrials,2.6700000762939453,2.6700000762939453,2.4800000190734863,2.5799999237060547,0.2563510242073713,0.01908404309880103,0.5921805934033596
2024-01-11,SMR,Industrials,2.559999942779541,2.5999999046325684,2.3299999237060547,2.3399999141693115,0.24345597992684095,0.011857696335581787,0.5964855766301936
2024-01-12,SMR,Industrials,2.4000000953674316,2.5,2.3399999141693115,2.3499999046325684,0.24535197999824615,0.0256411040166298,0.55998284850347
2024-01-18,SMR,Industrials,2.069999933242798,2.069999933242798,1.8799999952316284,1.9199999570846558,0.23463861232237432,0.014705868603311214,0.6750835992501525
2024-01-24,SMR,Industrials,2.5,2.509999990463257,2.25,2.2699999809265137,0.21973613996598057,0.06837610756387046,0.8773350315395533
2024-01-25,SMR,Industrials,2.390000104904175,2.5299999713897705,2.390000104904175,2.5199999809265137,0.2226121292872146,0.05286349118323886,0.6622361306722835
2024-01-26,SMR,Industrials,2.559999942779541,2.7799999713897705,2.5199999809265137,2.75,0.22528269079978908,0.015873000855468576,0.508582693622045
2024-02-20,SMR,Industrials,2.75,2.8550000190734863,2.5999999046325684,2.6600000858306885,0.24492398839104026,0.022304810967750742,0.6892555518445724
2024-02-22,SMR,Industrials,2.6700000762939453,2.680000066757202,2.4700000286102295,2.5299999713897705,0.23845487376933128,0.01908404309880103,0.6087338634393172
2024-03-04,SMR,Industrials,4.099999904632568,4.239999771118164,3.549999952316284,3.9000000953674316,0.26895395855125,0.18840575303332352,0.6552839715408569
2024-03-05,SMR,Industrials,4.150000095367432,4.670000076293945,3.9000000953674316,4.480000019073486,0.3061715131857642,0.06410256253505212,0.5450419462947113
2024-03-06,SMR,Industrials,4.889999866485596,4.889999866485596,4.175000190734863,4.21999979019165,0.33930211802438914,0.09151782269342532,0.623894022028599
2024-03-11,SMR,Industrials,6.099999904632568,6.534999847412109,5.300000190734863,5.480000019073486,0.4263125836285709,0.11111114006297378,0.6782546556626649
2024-03-14,SMR,Industrials,7.699999809265137,7.710000038146973,5.300000190734863,7.239999771118164,0.5469073219441584,0.08757060624861428,0.7453730539595458
2024-03-21,SMR,Industrials,5.0,5.40500020980835,4.510000228881836,4.570000171661377,1.2161631472967684,0.024590139906754887,0.8633819214256259
2024-03-22,SMR,Industrials,4.599999904632568,4.619999885559082,4.170000076293945,4.25,1.1932229211274645,0.006564492744928128,0.6417772131629205
2024-03-25,SMR,Industrials,4.309999942779541,4.579999923706055,4.039999961853027,4.070000171661377,1.1401355559944413,0.014117633595186122,0.7005155566591887
2024-04-01,SMR,Industrials,5.809999942779541,6.440000057220459,5.150000095367432,5.239999771118164,1.0836988033715034,0.09416195958342571,0.5507264744462472
2024-04-05,SMR,Industrials,6.380000114440918,6.635000228881836,5.989999771118164,6.099999904632568,1.1048472445639534,0.035714329947789426,0.6412098310707134
2024-04-08,SMR,Industrials,6.25,6.800000190734863,5.650000095367432,5.940000057220459,1.0720010455067905,0.02459017995287442,0.5795240466240663
2024-04-11,SMR,Industrials,5.53000020980835,5.639999866485596,5.139999866485596,5.320000171661377,0.9904068427045708,0.020295227300000246,0.6623917877313058
2024-04-15,SMR,Industrials,5.309999942779541,5.429999828338623,4.789999961853027,4.849999904632568,0.9242793681124677,0.007590125616280361,0.6575981382839893
2024-04-17,SMR,Industrials,5.099999904632568,5.25,4.920000076293945,4.929999828338623,0.8679755755635911,0.026156965780456294,0.7528298619478387
2024-04-18,SMR,Industrials,5.039999961853027,5.110000133514404,4.840000152587891,4.889999866485596,0.8295487432880527,0.02231240108409367,0.7658482392554662
2024-04-23,SMR,Industrials,4.960000038146973,5.550000190734863,4.900000095367432,5.480000019073486,0.7313733929737327,0.006085235467129718,0.6329245855549246
2024-04-24,SMR,Industrials,5.579999923706055,5.630000114440918,5.28000020980835,5.5,0.7255610145732826,0.018248157716151892,0.5916375358394408
2024-05-03,SMR,Industrials,6.130000114440918,6.300000190734863,5.880000114440918,6.159999847412109,0.6085834197340305,0.01658373153452123,0.5298656813412564
2024-05-10,SMR,Industrials,5.909999847412109,6.78000020980835,5.824999809265137,6.28000020980835,0.552349220868046,0.008532374190872051,0.565843909228101
2024-05-13,SMR,Industrials,6.460000038146973,6.954999923706055,6.03000020980835,6.380000114440918,0.5811100194162723,0.02866239208997036,0.5820816650145162
2024-05-15,SMR,Industrials,7.679999828338623,7.809999942779541,6.869999885559082,7.010000228881836,0.648839745388152,0.04489794938610297,0.5245934386896955
2024-05-16,SMR,Industrials,7.230000019073486,7.249000072479248,5.860000133514404,6.090000152587891,0.6696369105190311,0.031383706563265334,0.5743041031833171
2024-05-23,SMR,Industrials,7.53000020980835,7.570000171661377,6.630000114440918,6.670000076293945,0.7682015383916094,0.02728516892005295,0.7474342882235817
2024-05-30,SMR,Industrials,9.029999732971191,9.279999732971191,8.274999618530273,8.710000038146973,0.8839208296295201,0.01803831448437775,0.5187726954715339
2024-05-31,SMR,Industrials,9.0600004196167,9.628999710083008,8.039999961853027,8.729999542236328,0.8925693499731914,0.04018374052087698,0.6520812478451208
2024-06-04,SMR,Industrials,7.829999923706055,7.840000152587891,6.610000133514404,6.980000019073486,1.0092918969332232,0.026212294399132068,0.6262450348566173
2024-06-12,SMR,Industrials,9.170000076293945,9.210000038146973,8.369999885559082,8.449999809265137,0.952331707789349,0.023437504157690046,0.6987543592558153
2024-06-27,SMR,Industrials,12.010000228881836,12.199999809265137,10.880000114440918,11.979999542236328,1.0241489928943128,0.042534700663830145,0.5197913397625099
2024-07-02,SMR,Industrials,11.055000305175781,12.0,10.75,10.930000305175781,1.0925128325977422,0.011436413221398323,0.5841750504264512
2024-07-08,SMR,Industrials,12.859999656677246,13.739999771118164,12.279999732971191,13.6899995803833,1.1443661089509851,0.05237310766475523,0.6811793752140661
2024-07-10,SMR,Industrials,13.260000228881836,13.699999809265137,12.770000457763672,13.529999732971191,1.1853972671617616,0.038371163160003094,0.6315783488599417
2024-07-11,SMR,Industrials,13.8100004196167,14.069999694824219,12.800000190734863,13.0600004196167,1.1671545589003118,0.020694803560355992,0.8501259230590807
2024-07-15,SMR,Industrials,16.75,16.90999984741211,14.970000267028809,15.8100004196167,1.2870362959556854,0.09191654715689422,0.7524980633292729
2024-07-18,SMR,Industrials,14.520000457763672,14.520000457763672,12.541000366210938,12.859999656677246,1.363374131496189,0.04235464032033598,0.5492720755538805
2024-07-22,SMR,Industrials,11.520000457763672,11.520000457763672,10.319999694824219,11.0600004196167,1.4468226017709136,0.019469049850918765,0.5854918062667716
2024-07-29,SMR,Industrials,11.170000076293945,11.170000076293945,8.600000381469727,9.5,1.352453285076593,0.029493058393871875,0.6342427853811324
2024-08-01,SMR,Industrials,10.3100004196167,10.3100004196167,8.850000381469727,9.109999656677246,1.3726638867305543,0.008806276931150782,0.6732925028359764
2024-08-06,SMR,Industrials,9.15999984741211,9.399999618530273,8.130000114440918,8.130000114440918,1.3768594719231144,0.04566205571678748,0.7715576532503359
2024-08-07,SMR,Industrials,8.300000190734863,9.390000343322754,8.300000190734863,8.680000305175781,1.369226617077846,0.02091021819200009,0.5465944858513059
2024-08-12,SMR,Industrials,9.5,9.979999542236328,8.819999694824219,9.229999542236328,1.3442897295451917,0.02481116837957676,0.5390652628305245
2024-08-29,SMR,Industrials,8.130000114440918,8.519000053405762,8.109999656677246,8.140000343322754,1.0141427684470967,0.011194048882451456,0.5976341436556726
2024-08-30,SMR,Industrials,8.289999961853027,8.600000381469727,8.010000228881836,8.229999542236328,0.9759182915260708,0.01842747078669575,0.7331024269761749
2024-09-10,SMR,Industrials,7.650000095367432,8.270000457763672,7.369999885559082,8.25,0.8677920239601651,0.010568021385988585,0.5544256973319394
2024-09-19,SMR,Industrials,9.569999694824219,10.024999618530273,9.199999809265137,9.609999656677246,0.8592911344196283,0.04362045967309667,0.6755397234612386
2024-09-26,SMR,Industrials,12.260000228881836,12.609999656677246,11.510000228881836,11.890000343322754,1.0143410899304657,0.01911891114014502,0.7280354535365448
2024-10-03,SMR,Industrials,13.130000114440918,13.199999809265137,11.119999885559082,12.010000228881836,1.1318181186103982,0.0597255650212283,0.6404075994110741
2024-10-30,SMR,Industrials,22.239999771118164,22.75,20.010000228881836,20.799999237060547,1.8779454779588436,0.029153130169964972,0.7127061611925682
2024-11-01,SMR,Industrials,19.899999618530273,20.44499969482422,18.709999084472656,19.010000228881836,1.9345549379896299,0.03970743224228471,0.6615973882600334
2024-11-05,SMR,Industrials,18.670000076293945,19.030000686645508,18.020000457763672,18.81999969482422,1.8937795380821179,0.010828412039779838,0.5255985416190231
2024-11-13,SMR,Industrials,24.280000686645508,26.670000076293945,23.75,24.979999542236328,2.371588939526755,0.04475047012779318,0.6835345228365334
2024-11-14,SMR,Industrials,26.600000381469727,27.540000915527344,24.1299991607666,24.65999984741211,2.4471897513588283,0.06485191628984187,0.5288993670054053
2024-11-25,SMR,Industrials,31.969999313354492,31.969999313354492,27.290000915527344,28.059999465942383,2.7208752704589445,0.05825886402580003,0.6216050558763146
2024-12-02,SMR,Industrials,31.469999313354492,31.8700008392334,27.170000076293945,27.219999313354492,2.958175027521165,0.06138278982259342,0.6365217957345997
2024-12-04,SMR,Industrials,25.65999984741211,26.850000381469727,24.360000610351562,24.850000381469727,3.048120245954006,0.031765137978301015,0.6019761393508455
2024-12-09,SMR,Industrials,26.34000015258789,26.75,23.760000228881836,23.940000534057617,2.9401784922715755,0.02490269924705003,0.5988609816185463
2024-12-12,SMR,Industrials,22.989999771118164,24.030000686645508,21.600000381469727,21.65999984741211,2.870722450305913,0.0263392929748006,0.6449779736929596
2024-12-13,SMR,Industrials,22.06999969482422,22.280000686645508,20.950000762939453,21.1299991607666,2.8392422970823326,0.018928894289031828,0.5815063006790279
2024-12-18,SMR,Industrials,22.5,23.5,18.709999084472656,19.110000610351562,2.705577749552314,0.036388804644969575,0.8222281559625874
2024-12-19,SMR,Industrials,19.809999465942383,20.040000915527344,18.440000534057617,19.010000228881836,2.8544651185505305,0.03662997557475968,0.7175971399727671
2024-12-31,SMR,Industrials,18.420000076293945,18.44499969482422,17.360000610351562,17.93000030517578,2.533788405193622,0.011532180251472566,0.6192478359575074
2025-01-06,SMR,Industrials,22.25,24.100000381469727,21.579999923706055,23.65999984741211,2.434598430095951,0.06714626344920896,0.6358505396727896
2025-01-14,SMR,Industrials,19.649999618530273,20.1200008392334,18.829999923706055,19.229999542236328,2.4668720272071374,0.045212788083209915,0.5170631115668121
2025-01-16,SMR,Industrials,21.239999771118164,22.18000030517578,20.280000686645508,20.280000686645508,2.365313275363139,0.020172914622969756,0.5404177518248929
2025-01-28,SMR,Industrials,21.350000381469727,21.649999618530273,19.010000228881836,20.950000762939453,2.967270766522758,0.053280705442332675,0.6016778024066934
2025-01-31,SMR,Industrials,23.969999313354492,26.75,23.65999984741211,23.84000015258789,2.861087346590079,0.016539414372786033,0.6041326981762732
2025-02-06,SMR,Industrials,25.079999923706055,26.100000381469727,22.979999542236328,23.25,2.863748877480742,0.021588623344860298,0.6809407103439012
2025-02-18,SMR,Industrials,23.30500030517578,23.510000228881836,21.711000442504883,22.040000915527344,2.883240026322059,0.009748716733686942,0.6099122630365179
2025-02-20,SMR,Industrials,21.65999984741211,21.709999084472656,19.530000686645508,20.780000686645508,2.701094713303872,0.025082854126638746,0.6789759412889822
2025-02-21,SMR,Industrials,21.165000915527344,21.437000274658203,18.93000030517578,19.040000915527344,2.663873547912677,0.018527440623679118,0.8329955905063308
2025-02-26,SMR,Industrials,18.69499969482422,19.09000015258789,17.674999237060547,17.950000762939453,2.558754764916687,0.06161266592091251,0.8894670076991068
2025-02-27,SMR,Industrials,18.350000381469727,18.694000244140625,16.6200008392334,16.709999084472656,2.4817008204395186,0.02228410036372446,0.9256507060789413
2025-03-03,SMR,Industrials,17.924999237060547,18.200000762939453,15.15999984741211,15.449999809265137,2.3795379346455796,0.04275734032391195,0.849268536360468
2025-03-12,SMR,Industrials,16.969999313354492,17.549999237060547,15.890999794006348,15.979999542236328,2.260142873522406,0.046884655879458385,0.7568276255807543
2025-03-13,SMR,Industrials,16.34000015258789,16.34000015258789,15.09000015258789,15.210000038146973,2.2172040570603913,0.022528199040309987,0.6083912893472647
2025-03-24,SMR,Industrials,18.979999542236328,19.68000030517578,18.540000915527344,18.8799991607666,1.895283441025805,0.04688364152322363,0.5465731915310482
2025-04-01,SMR,Industrials,14.75,14.949999809265137,13.890000343322754,14.640000343322754,1.692982110848769,0.04166667789164697,0.6739674066572396
2025-04-08,SMR,Industrials,15.300000190734863,15.34000015258789,13.5600004196167,13.90999984741211,1.8271392920652811,0.08510636714891022,0.9798010015539804
2025-04-14,SMR,Industrials,15.770000457763672,15.829999923706055,14.8100004196167,15.25,1.8134334802342993,0.04092414883463513,0.726653754662954
2025-04-17,SMR,Industrials,14.800000190734863,15.0649995803833,14.15999984741211,14.609999656677246,1.6773182697474933,0.020689668326542295,0.733486233872065
2025-04-23,SMR,Industrials,16.3799991607666,16.600000381469727,15.170000076293945,15.4399995803833,1.61073363431869,0.08548701094330208,0.7793436700933875
2025-04-28,SMR,Industrials,16.899999618530273,17.489999771118164,16.299999237060547,16.959999084472656,1.54294900193943,0.014405748698457795,0.5184962588605544
2025-04-29,SMR,Industrials,17.110000610351562,17.170000076293945,16.55699920654297,16.889999389648438,1.5177383970907292,0.008844430069352819,0.5230702112816741
2025-05-08,SMR,Industrials,17.100000381469727,17.25,16.190000534057617,16.93000030517578,1.3585739256821399,0.02950028615970008,0.5032586287313408
2025-05-12,SMR,Industrials,18.450000762939453,18.639999389648438,17.639999389648438,17.790000915527344,1.3203009787658615,0.05730658775235205,0.721658653577299
2025-05-20,SMR,Industrials,24.75,24.75,22.75,23.479999542236328,1.6293363698890362,0.00938007903517409,0.6995160685880155
2025-05-29,SMR,Industrials,35.9900016784668,36.0,32.439998626708984,32.97999954223633,2.397499129422404,0.01752905754325939,0.9009740120394311
2025-06-03,SMR,Industrials,34.849998474121094,36.5,31.5,31.790000915527344,2.474695939556051,0.08804245402116508,0.6027844338980216
2025-06-09,SMR,Industrials,35.099998474121094,35.529998779296875,33.25,35.2400016784668,2.8031687155643827,0.02153660799256778,0.5037468650374232
2025-06-10,SMR,Industrials,35.61000061035156,38.38999938964844,33.68000030517578,34.54999923706055,2.765799434402418,0.010499401653287985,0.5250091836359945
2025-06-16,SMR,Industrials,41.41999816894531,45.310001373291016,40.61000061035156,42.4900016784668,3.1947963420379066,0.06697574689748763,0.5026888176708166
2025-06-17,SMR,Industrials,44.0,44.7599983215332,39.0099983215332,39.2400016784668,3.4301681517828273,0.035537732687321695,0.7893708870072019
2025-06-20,SMR,Industrials,40.59000015258789,40.59000015258789,37.029998779296875,37.20000076293945,3.4940226807259895,0.036516861867921656,0.6824813696500281
2025-06-27,SMR,Industrials,40.040000915527344,41.04999923706055,37.06999969482422,38.20000076293945,3.7669405980853807,0.047071107689677184,0.5754402513098364
2025-07-02,SMR,Industrials,36.47999954223633,36.90999984741211,35.0099983215332,35.209999084472656,3.708188076254861,0.009966794601252703,0.5435667772210399
2025-07-08,SMR,Industrials,37.0,37.5,34.619998931884766,35.08000183105469,3.408205918418665,0.008174365962506827,0.7051024137108359
2025-07-09,SMR,Industrials,35.380001068115234,35.90999984741211,33.630001068115234,35.459999084472656,3.3704770005398483,0.008551859218974486,0.6296844978057445
2025-07-21,SMR,Industrials,50.77000045776367,50.939998626708984,45.290000915527344,45.439998626708984,3.572311932037355,0.010348267816192476,0.6820662320543649
2025-07-22,SMR,Industrials,45.869998931884766,45.869998931884766,42.11600112915039,44.439998626708984,3.7207180591190894,0.00946303517102294,0.5083024774067656
2025-07-28,SMR,Industrials,53.29999923706055,53.5,49.38999938964844,50.9900016784668,3.977616926290664,0.03154637363805631,0.6542019992366706
2025-07-31,SMR,Industrials,50.959999084472656,53.45000076293945,49.880001068115234,50.209999084472656,4.027578128839179,0.008909142306338403,0.6536581713242706
2025-08-05,SMR,Industrials,44.5,48.55500030517578,43.70000076293945,45.130001068115234,4.310933819166218,0.02581832421179853,0.5901345981880594
2025-08-07,SMR,Industrials,46.5,46.720001220703125,43.34000015258789,44.68000030517578,4.276748920566502,0.012410182691855684,0.5099983703404246
2025-08-11,SMR,Industrials,39.97999954223633,40.7400016784668,38.02000045776367,38.25,4.332145976369712,0.016010192949043205,0.5334235926919371
2025-08-12,SMR,Industrials,38.689998626708984,39.790000915527344,38.060001373291016,38.16999816894531,4.216992779536384,0.01150323207082312,0.5154353723368338
2025-08-13,SMR,Industrials,39.244998931884766,39.5,36.310001373291016,37.29999923706055,4.039350405443523,0.028163500511091503,0.5745462055198908
2025-08-21,SMR,Industrials,34.630001068115234,34.77000045776367,33.040000915527344,33.4900016784668,3.5020437006831964,0.024859429707854482,0.5653108471037622
2025-08-25,SMR,Industrials,36.040000915527344,36.459999084472656,34.29999923706055,35.900001525878906,3.3427927000542152,0.028538812039724235,0.5996803052360065
2025-08-26,SMR,Industrials,36.150001525878906,38.20000076293945,35.20000076293945,36.02000045776367,3.2583074962940652,0.006963788004849659,0.5234165555771406
2025-09-03,SMR,Industrials,39.27000045776367,43.11000061035156,38.5,40.41999816894531,3.1961134106101885,0.05451124295922566,0.5824557896592254
2025-09-04,SMR,Industrials,40.869998931884766,41.08000183105469,35.900001525878906,36.029998779296875,3.3871052335583727,0.011133121804176348,0.6153864157906874
2025-09-05,SMR,Industrials,37.650001525878906,37.650001525878906,34.5,34.529998779296875,3.5151691672453302,0.04496260897774156,0.7116471129481616
2025-09-08,SMR,Industrials,34.91999816894531,35.56999969482422,33.81999969482422,33.95000076293945,3.4890857642905857,0.011294509222000586,0.542768095707166
2025-09-10,SMR,Industrials,36.459999084472656,36.70000076293945,34.310001373291016,34.310001373291016,3.225232102188156,0.03169210319889458,0.5384808027987064
2025-09-15,SMR,Industrials,37.790000915527344,39.459999084472656,35.880001068115234,39.09000015258789,2.9436312493341497,0.03990095643508669,0.5230426513390494
2025-09-18,SMR,Industrials,37.279998779296875,41.029998779296875,36.349998474121094,38.119998931884766,2.8840077676652354,0.03182944027633907,0.5278170220698716
2025-09-26,SMR,Industrials,38.0,38.849998474121094,36.959999084472656,38.0,3.5500442963906904,0.007957539283539157,0.5225710910110627
2025-10-07,SMR,Industrials,42.310001373291016,44.20000076293945,39.04999923706055,39.209999084472656,3.1744534312307833,0.00882219262511848,0.5266580625371986
2025-10-08,SMR,Industrials,39.86000061035156,40.6349983215332,37.922000885009766,38.20000076293945,3.3155640094199352,0.016577443026167014,0.5549021971647565
2025-10-10,SMR,Industrials,41.02000045776367,44.83000183105469,39.099998474121094,39.2400016784668,3.2819860570251533,0.010096031550110336,0.5400525902323957
2025-10-15,SMR,Industrials,48.2400016784668,56.15999984741211,47.95000076293945,53.43000030517578,3.8697586971446523,0.053505147716838335,0.5493381609535752
2025-10-16,SMR,Industrials,56.33000183105469,57.41999816894531,47.5099983215332,47.63999938964844,4.334061571054661,0.05427665186814499,0.8532666974857707
2025-10-17,SMR,Industrials,48.0,48.66999816894531,42.66999816894531,44.25,4.732342876508764,0.007556687971532301,0.6720518951099631
2025-10-20,SMR,Industrials,46.39500045776367,46.39500045776367,43.40999984741211,44.209999084472656,4.8228898139009955,0.048474586616128176,0.6537140501356951
2025-10-22,SMR,Industrials,38.720001220703125,38.900001525878906,32.689998626708984,34.720001220703125,4.777211111933249,0.00912176957418453,0.5610693426592459
2025-10-27,SMR,Industrials,38.869998931884766,39.59000015258789,36.92499923706055,38.709999084472656,4.664716710445701,0.030214667465666967,0.6868451242265674
2025-10-31,SMR,Industrials,43.75,45.540000915527344,42.08000183105469,44.869998931884766,4.496654543030182,0.03550295857988166,0.6452259880552449
2025-11-05,SMR,Industrials,38.220001220703125,39.3489990234375,37.209999084472656,37.90999984741211,4.48265683718568,0.0726915541662906,0.7944675147940653
2025-11-10,SMR,Industrials,32.060001373291016,32.09000015258789,27.559999465942383,28.43000030517578,4.595666069133727,0.05669087712764613,0.687772394568469
2025-11-20,SMR,Industrials,22.6200008392334,22.690000534057617,18.579999923706055,18.700000762939453,3.566734709263471,0.07051593647165763,0.9370743306068058
2025-12-08,SMR,Industrials,22.350000381469727,22.959999084472656,20.860000610351562,21.559999465942383,2.7275777540134007,0.044880833062850664,0.6159971622147706
2025-12-15,SMR,Industrials,18.68000030517578,18.711000442504883,17.3700008392334,17.40999984741211,2.5349882853690526,0.018538721360910917,0.7186297231014603
2025-12-18,SMR,Industrials,16.479999542236328,16.829999923706055,15.654000282287598,15.789999961853027,2.28926470268334,0.04767959452167745,0.5962905566764686
2025-12-19,SMR,Industrials,15.989999771118164,16.604999542236328,15.9399995803833,16.06999969482422,2.2097457697358487,0.012666232409646304,0.5258894063557479
2025-12-22,SMR,Industrials,16.540000915527344,17.2549991607666,16.155000686645508,16.43000030517578,2.1101210419249523,0.029247120698732913,0.5462859921691913
2025-12-30,SMR,Industrials,14.630000114440918,14.739999771118164,14.069999694824219,14.3100004196167,1.7533535640525306,0.010359155866480323,0.6375604011421754
2026-01-05,SMR,Industrials,17.94499969482422,19.549999237060547,17.34000015258789,18.780000686645508,1.6392302414125126,0.1002452656295882,0.5942367681725206
2024-01-18,SOFI,Financial Services,7.619999885559082,7.630000114440918,7.230000019073486,7.409999847412109,0.4480559398368203,0.011952147841045419,0.6785294616777782
2024-01-24,SOFI,Financial Services,7.889999866485596,7.940000057220459,7.53000020980835,7.559999942779541,0.4588511842846697,0.018064498901367188,0.8493261947534362
2024-01-25,SOFI,Financial Services,7.659999847412109,7.75,7.550000190734863,7.650000095367432,0.45536180307948687,0.013227500712890479,0.7563067694437117
2024-01-26,SOFI,Financial Services,7.690000057220459,7.829999923706055,7.519999980926514,7.619999885559082,0.4371216606641761,0.0052287531182189,0.5835811163648953
2024-01-29,SOFI,Financial Services,8.819999694824219,9.449999809265137,8.619999885559082,9.15999984741211,0.42804153795813077,0.15748029229492466,0.6378597957556014
2024-02-01,SOFI,Financial Services,7.929999828338623,7.960000038146973,7.570000171661377,7.730000019073486,0.5652175991952416,0.012771380026430055,0.5481102189671138
2024-02-15,SOFI,Financial Services,8.5,8.550000190734863,8.34000015258789,8.529999732971191,0.4807860201515604,0.009501178501326877,0.5076071923368535
2024-02-22,SOFI,Financial Services,8.239999771118164,8.350000381469727,8.140000343322754,8.15999984741211,0.4383975164582329,0.016029607884617398,0.6110546725782868
2024-03-04,SOFI,Financial Services,9.050000190734863,9.130000114440918,8.569999694824219,8.579999923706055,0.41068078312327655,0.0066741291595423975,0.5116969325189241
2024-03-07,SOFI,Financial Services,7.5,7.578999996185303,7.179999828338623,7.46999979019165,0.49156910935882486,0.013513500451867638,0.5271158358239842
2024-03-11,SOFI,Financial Services,7.804999828338623,7.949999809265137,7.610000133514404,7.679999828338623,0.47603154863698927,0.012321632908121582,0.5926778223601464
2024-03-21,SOFI,Financial Services,7.550000190734863,7.570000171661377,7.360000133514404,7.440000057220459,0.39904144411089865,0.02581522469752101,0.8490190605481254
2024-04-04,SOFI,Financial Services,7.650000095367432,7.710000038146973,7.269999980926514,7.309999942779541,0.33023203082616054,0.014588877197735517,0.5853916431076129
2024-04-09,SOFI,Financial Services,7.820000171661377,7.940000057220459,7.730000019073486,7.889999866485596,0.3318585152724714,0.007731951161061577,0.5022962622952104
2024-05-03,SOFI,Financial Services,7.130000114440918,7.239999771118164,6.880000114440918,6.960000038146973,0.35504608167693696,0.020028662075386387,0.5298298348735114
2024-05-13,SOFI,Financial Services,7.03000020980835,7.320000171661377,7.0,7.110000133514404,0.30194212979128626,0.01296832159161921,0.5599194776897488
2024-05-15,SOFI,Financial Services,7.630000114440918,7.630000114440918,7.210000038146973,7.269999980926514,0.32340927389824486,0.021419053379272263,0.5581007228735823
2024-05-24,SOFI,Financial Services,6.869999885559082,7.0,6.869999885559082,6.920000076293945,0.28585013564883643,0.005856509853564214,0.5015730105903949
2024-05-28,SOFI,Financial Services,6.989999771118164,7.050000190734863,6.869999885559082,6.889999866485596,0.2775751314092013,0.010115562724344301,0.5034385956337589
2024-06-12,SOFI,Financial Services,7.170000076293945,7.427999973297119,7.050000190734863,7.070000171661377,0.23107042152008028,0.02428572518484933,0.6667809935828929
2024-06-28,SOFI,Financial Services,6.599999904632568,6.650000095367432,6.53000020980835,6.610000133514404,0.22393155657733033,0.009174303230812371,0.5812297505638733
2024-07-22,SOFI,Financial Services,7.590000152587891,7.639999866485596,7.329999923706055,7.539999961853027,0.2870415638376199,0.016064305992860208,0.623821581171402
2024-07-26,SOFI,Financial Services,7.480000019073486,7.5,7.289999961853027,7.409999847412109,0.3023954245632907,0.028885837510031126,0.5875714071262238
2024-07-29,SOFI,Financial Services,7.460000038146973,7.519999980926514,7.230000019073486,7.329999923706055,0.29722432417116185,0.006747664205732136,0.5948832001703688
2024-07-30,SOFI,Financial Services,7.579999923706055,7.949999809265137,7.099999904632568,7.420000076293945,0.2967082982912951,0.03410641236045195,0.5879500328169951
2024-08-06,SOFI,Financial Services,6.619999885559082,6.619999885559082,6.389999866485596,6.429999828338623,0.41243094432796235,0.01223240430774983,0.5928684507690933
2024-08-07,SOFI,Financial Services,6.599999904632568,6.75,6.309999942779541,6.320000171661377,0.39940016395264266,0.026438581777982684,0.8397270536219659
2024-08-14,SOFI,Financial Services,6.75,6.78000020980835,6.559999942779541,6.610000133514404,0.357894757490822,0.016566285500940067,0.6158238383480891
2024-08-26,SOFI,Financial Services,7.610000133514404,7.789999961853027,7.550000190734863,7.670000076293945,0.32874756393714916,0.011968105427681399,0.5216281805128987
2024-08-30,SOFI,Financial Services,8.109999656677246,8.229999542236328,7.809999942779541,7.989999771118164,0.36380804263582595,0.009962630929808737,0.5165715126262141
2024-09-10,SOFI,Financial Services,7.159999847412109,7.169000148773193,6.75,7.050000190734863,0.3717878023342458,0.011299424374029993,0.6831992273902937
2024-09-19,SOFI,Financial Services,8.4399995803833,8.460000038146973,8.130000114440918,8.1899995803833,0.36787919174209094,0.040690497863875276,0.7164179273592259
2024-09-26,SOFI,Financial Services,7.829999923706055,7.869999885559082,7.679999828338623,7.760000228881836,0.3361259404958169,0.012936598238786847,0.7221109365509917
2024-10-24,SOFI,Financial Services,10.90999984741211,11.300000190734863,10.779999732971191,10.930000305175781,0.38919259766216047,0.04702492970541714,0.5874733114303211
2024-11-06,SOFI,Financial Services,12.069999694824219,12.194999694824219,11.630000114440918,11.8100004196167,0.5232792634582666,0.05691765448229431,0.6216289926983114
2024-11-13,SOFI,Financial Services,13.954999923706055,14.279999732971191,13.390000343322754,13.5,0.6373483846327516,0.009768468296883928,0.6794055705173074
2024-11-25,SOFI,Financial Services,16.08799934387207,16.09000015258789,15.520000457763672,15.699999809265137,0.6803399371472357,0.03128198400443678,0.5815538445240674
2024-11-27,SOFI,Financial Services,15.670000076293945,16.15999984741211,15.569999694824219,16.1200008392334,0.6669257609642909,0.011620420131406349,0.5007893583637234
2024-12-17,SOFI,Financial Services,17.149999618530273,17.170000076293945,16.170000076293945,16.65999984741211,0.7284239750003458,0.015995288577455705,0.6241124816297339
2024-12-18,SOFI,Financial Services,16.889999389648438,17.190000534057617,14.932000160217285,15.239999771118164,0.7478222625003211,0.013805494858516175,0.7254115974385215
2024-12-19,SOFI,Financial Services,15.720000267028809,15.989999771118164,14.920000076293945,15.029999732971191,0.8556921275960362,0.031496096005218424,0.6361342257942993
2024-12-31,SOFI,Financial Services,15.789999961853027,15.899999618530273,15.350000381469727,15.399999618530273,0.8083570658197768,0.010236714410787613,0.6169618871719484
2025-01-06,SOFI,Financial Services,15.199999809265137,15.479999542236328,14.890000343322754,15.289999961853027,0.8430285014396983,0.024258736723426995,0.5763246148704246
2025-02-10,SOFI,Financial Services,15.029999732971191,15.399999618530273,15.0,15.130000114440918,0.8133253323958772,0.008048282145348922,0.5150873949093285
2025-02-14,SOFI,Financial Services,15.40999984741211,16.420000076293945,15.239999771118164,16.209999084472656,0.7313398758679158,0.014483230619237262,0.5295231008837228
2025-02-18,SOFI,Financial Services,16.469999313354492,17.110000610351562,16.43000030517578,16.829999923706055,0.7669584915852535,0.016039496827047122,0.5004493574684268
2025-02-24,SOFI,Financial Services,14.800000190734863,14.817000389099121,13.8100004196167,14.359999656677246,0.810725285965466,0.008861630113485293,0.690456467713932
2025-02-26,SOFI,Financial Services,14.180000305175781,14.734999656677246,14.135000228881836,14.470000267028809,0.8329773829428646,0.018678177259827882,0.5690984265833504
2025-02-27,SOFI,Financial Services,14.729999542236328,14.739999771118164,14.0,14.069999694824219,0.8316932541886102,0.017968159668935956,0.8374444184259966
2025-03-03,SOFI,Financial Services,14.649999618530273,14.904999732971191,13.4399995803833,13.569999694824219,0.824062055393087,0.012439485015878644,0.7046823590149777
2025-03-12,SOFI,Financial Services,11.859999656677246,12.119999885559082,11.4399995803833,11.920000076293945,0.9231147925397962,0.053285916127818106,0.7602686208682489
2025-04-08,SOFI,Financial Services,10.489999771118164,10.579999923706055,9.239999771118164,9.5,1.0006573279358215,0.06389453715794792,0.9698425626407262
2025-04-14,SOFI,Financial Services,11.119999885559082,11.199999809265137,10.51099967956543,10.819999694824219,1.0933701720012987,0.03828196507486165,0.6458173755461666
2025-04-23,SOFI,Financial Services,12.020000457763672,12.350000381469727,11.640000343322754,11.739999771118164,0.9073713366187095,0.06654835577077022,0.660107821806887
2025-04-28,SOFI,Financial Services,13.239999771118164,13.380000114440918,12.770000457763672,13.199999809265137,0.8869878819127337,0.02795028365517003,0.5488606747071422
2025-04-29,SOFI,Financial Services,14.130000114440918,14.505000114440918,13.229999542236328,13.270000457763672,0.8672030086816275,0.07045456959196393,0.6650471560252615
2025-05-01,SOFI,Financial Services,12.84000015258789,12.920000076293945,12.460000038146973,12.510000228881836,0.9214403886371608,0.026378890301231483,0.5255082108557563
2025-05-08,SOFI,Financial Services,13.319000244140625,13.470000267028809,13.100000381469727,13.260000228881836,0.8023772317150802,0.02375096155439088,0.5346717216273686
2025-05-12,SOFI,Financial Services,14.039999961853027,14.199999809265137,13.680000305175781,14.039999961853027,0.7648558999702171,0.0652503518030667,0.6890809989988202
2025-05-29,SOFI,Financial Services,13.5,13.600000381469727,13.069999694824219,13.170000076293945,0.6225951341756375,0.013513536734218122,0.8313047749118199
2025-06-20,SOFI,Financial Services,15.5649995803833,15.640000343322754,15.0,15.199999809265137,0.6767687375210586,0.013346349497927094,0.5743847338081638
2025-07-08,SOFI,Financial Services,19.799999237060547,20.889999389648438,19.65999984741211,19.950000762939453,0.7690423821894812,0.02910600169460592,0.671307378549276
2025-07-14,SOFI,Financial Services,21.3700008392334,21.440000534057617,20.420000076293945,21.329999923706055,0.8571660063720355,0.008018871234718495,0.502930148164485
2025-07-18,SOFI,Financial Services,22.30500030517578,22.739999771118164,21.350000381469727,21.809999465942383,0.8534283049481136,0.00973291765969965,0.5465590318853263
2025-07-21,SOFI,Financial Services,21.950000762939453,22.040000915527344,21.09000015258789,21.15999984741211,0.8917548109981368,0.006419133444532665,0.5613744434678468
2025-07-24,SOFI,Financial Services,21.75,22.010000228881836,21.3700008392334,21.510000228881836,0.9178044030880823,0.00881264094453039,0.5409631919272145
2025-07-29,SOFI,Financial Services,23.110000610351562,25.110000610351562,22.2549991607666,22.399999618530273,0.8339306726018328,0.09942912022230502,0.5774010134803041
2025-07-31,SOFI,Financial Services,22.674999237060547,23.80500030517578,22.485000610351562,22.579999923706055,1.130899446026401,0.03680833868021771,0.7144858319525101
2025-08-05,SOFI,Financial Services,22.0,22.1200008392334,21.31999969482422,21.540000915527344,1.237390958353634,0.008711624883545476,0.6034116889872595
2025-08-07,SOFI,Financial Services,21.790000915527344,22.43000030517578,21.68000030517578,22.079999923706055,1.158566698742783,0.015377532392042818,0.50259965134908
2025-08-08,SOFI,Financial Services,22.299999237060547,22.584999084472656,21.950000762939453,22.100000381469727,1.1450977360256647,0.00996373705229461,0.6008677344306215
2025-08-13,SOFI,Financial Services,24.18000030517578,24.5,23.09000015258789,23.809999465942383,1.1440248538109414,0.022410177386651672,0.534261738477009
2025-08-19,SOFI,Financial Services,24.610000610351562,24.90999984741211,22.690000534057617,22.75,1.1471835959940007,0.015683081935385042,0.6106034501237401
2025-09-03,SOFI,Financial Services,25.059999465942383,25.110000610351562,24.389999389648438,24.489999771118164,1.3269156353811455,0.006021662763914342,0.6362932677430868
2025-09-05,SOFI,Financial Services,25.770000457763672,25.969999313354492,24.18000030517578,25.600000381469727,1.284667254901594,0.01536648187128192,0.5975354503999719
2025-09-26,SOFI,Financial Services,28.3700008392334,28.479999542236328,27.559999465942383,27.979999542236328,1.3098654712471458,0.008890469151451684,0.5086325179845634
2025-09-29,SOFI,Financial Services,28.360000610351562,28.6299991607666,27.110000610351562,27.549999237060547,1.282017943036203,0.013581167774560386,0.511949059679089
2025-10-01,SOFI,Financial Services,26.729999542236328,27.329999923706055,25.639999389648438,25.760000228881836,1.3426582213892009,0.011733514952580872,0.6547492467056022
2025-10-06,SOFI,Financial Services,25.770000457763672,27.139999389648438,25.309999465942383,26.360000610351562,1.3345007883117888,0.0209984426090202,0.5117289786715215
2025-10-07,SOFI,Financial Services,27.100000381469727,28.84000015258789,26.68000030517578,28.139999389648438,1.3748935618988234,0.0280728282998433,0.5019649591632489
2025-10-08,SOFI,Financial Services,28.489999771118164,28.709999084472656,27.645000457763672,28.020000457763672,1.4538297033515024,0.01243782477118594,0.5334406465850977
2025-10-15,SOFI,Financial Services,28.200000762939453,29.09000015258789,27.559999465942383,28.030000686645508,1.6079734695132566,0.011840685818764109,0.5122533206902881
2025-10-20,SOFI,Financial Services,27.200000762939453,28.93000030517578,27.059999465942383,28.68000030517578,1.5919197871191602,0.02486811697982925,0.6261635927866794
2025-10-27,SOFI,Financial Services,30.0,30.200000762939453,29.270000457763672,30.0,1.6486260981034127,0.034126155232930264,0.5971490987652984
2025-10-31,SOFI,Financial Services,29.690000534057617,29.860000610351562,28.489999771118164,29.68000030517578,1.7886626329561346,0.0227350958250485,0.521627967153614
2025-11-05,SOFI,Financial Services,29.520000457763672,30.3700008392334,29.010000228881836,30.06999969482422,1.7918374308014415,0.00510723916391242,0.5459768768118097
2025-11-10,SOFI,Financial Services,29.059999465942383,30.969999313354492,28.84000015258789,30.540000915527344,1.9500236663007164,0.0301311736637944,0.535974245185934
2025-11-12,SOFI,Financial Services,31.18000030517578,32.72999954223633,30.959999084472656,32.209999084472656,1.9454591161845893,0.007431325898761758,0.5148292265052028
2025-11-20,SOFI,Financial Services,27.8799991607666,28.575000762939453,24.7450008392334,24.90999984741211,1.9623599451146783,0.04341316905769337,0.8442885056752572
2025-12-15,SOFI,Financial Services,27.434999465942383,27.479999542236328,25.790000915527344,25.81999969482422,1.5679486233660367,0.0056817732916243,0.6974068102516626
2025-12-19,SOFI,Financial Services,26.6200008392334,27.3700008392334,26.280000686645508,27.239999771118164,1.5388360405389128,0.012552297916092914,0.5723329992883056
2025-12-30,SOFI,Financial Services,27.030000686645508,27.139999389648438,26.540000915527344,26.559999465942383,1.2116166917409967,0.007830014698390004,0.628073972828762
2026-01-02,SOFI,Financial Services,26.65999984741211,27.5049991607666,25.790000915527344,27.459999084472656,1.1445061387960873,0.018334588870934136,0.5484170275006766
2024-01-10,SOUN,Technology,1.9299999475479126,1.9299999475479126,1.840000033378601,1.875,0.14329516086395722,0.032085530816334376,0.5100118408967408
2024-01-18,SOUN,Technology,1.809999942779541,1.850000023841858,1.7699999809265137,1.809999942779541,0.13298058313275796,0.01117317394007622,0.5143102563451691
2024-01-22,SOUN,Technology,1.8700000047683716,1.9800000190734863,1.8700000047683716,1.9800000190734863,0.12853938354128966,0.010810800361494111,0.6798798922096433
2024-01-24,SOUN,Technology,1.9500000476837158,1.9600000381469727,1.8799999952316284,1.899999976158142,0.1280263052206445,0.015625047536257475,0.6890399346072172
2024-01-25,SOUN,Technology,1.9299999475479126,1.9299999475479126,1.809999942779541,1.8600000143051147,0.12459585791312305,0.0157894588243266,0.6718363510846911
2024-02-01,SOUN,Technology,1.7000000476837158,1.7200000286102295,1.649999976158142,1.7100000381469727,0.12077744434643883,0.024096434859410952,0.5217739893313326
2024-02-20,SOUN,Technology,4.090000152587891,4.349999904632568,3.6600000858306885,3.990000009536743,0.2999537173896121,0.07068068692762766,0.5896620150909163
2024-02-22,SOUN,Technology,4.059999942779541,4.105000019073486,3.8499999046325684,3.9700000286102295,0.342970282393935,0.0769230671936919,0.5156102608054783
2024-02-27,SOUN,Technology,7.119999885559082,7.908999919891357,6.5,6.860000133514404,0.46717226098953524,0.23826084966244904,0.6308074938622393
2024-02-29,SOUN,Technology,6.789999961853027,7.579999923706055,6.630000114440918,7.420000076293945,0.6145873040810036,0.07097788618844965,0.6836880402466832
2024-03-06,SOUN,Technology,5.21999979019165,5.389999866485596,4.920000076293945,5.039999961853027,0.7661455652404461,0.05241930444456451,0.5842947613335426
2024-03-07,SOUN,Technology,5.170000076293945,6.110000133514404,5.079999923706055,5.630000114440918,0.7449922955941035,0.025793673695410423,0.558704579316382
2024-03-12,SOUN,Technology,6.179999828338623,7.050000190734863,5.880000114440918,6.929999828338623,0.747872515716882,0.033444784051375936,0.5050411232201988
2024-03-14,SOUN,Technology,9.550000190734863,10.25,7.550000190734863,8.369999885559082,0.8506656321010704,0.1040463135138854,0.5947248351416924
2024-03-18,SOUN,Technology,9.0600004196167,9.100000381469727,7.869999885559082,8.239999771118164,1.0397065932798193,0.016835081343818115,0.5505104089168897
2024-03-21,SOUN,Technology,8.0,8.420000076293945,6.650000095367432,6.679999828338623,1.0616201039023339,0.008827260173603605,0.528903103220102
2024-03-26,SOUN,Technology,6.114999771118164,6.369999885559082,5.760000228881836,5.809999942779541,1.04757628043493,0.043515295527959214,0.5651752065710948
2024-04-04,SOUN,Technology,5.139999866485596,5.800000190734863,5.099999904632568,5.269999980926514,0.839748112124546,0.017821717297328635,0.6623863512493078
2024-04-05,SOUN,Technology,5.329999923706055,5.440000057220459,5.099999904632568,5.179999828338623,0.8333375326870786,0.011385188424420541,0.5611005069215939
2024-04-24,SOUN,Technology,4.449999809265137,4.590000152587891,3.930000066757202,4.010000228881836,0.5798143840720025,0.06714621770943442,0.7486397642628496
2024-04-29,SOUN,Technology,4.440000057220459,4.705999851226807,4.329999923706055,4.619999885559082,0.5522274875818561,0.009090900224102623,0.5126418167667945
2024-05-07,SOUN,Technology,5.25,5.300000190734863,4.800000190734863,4.940000057220459,0.5270497573027864,0.007677535808090709,0.5131656534647903
2024-05-10,SOUN,Technology,5.550000190734863,5.96999979019165,5.050000190734863,5.090000152587891,0.5004331046258805,0.168421092786287,0.5051357697543895
2024-05-13,SOUN,Technology,5.199999809265137,5.769999980926514,5.190000057220459,5.519999980926514,0.5518307250234356,0.021610933866341706,0.5149936240371465
2024-05-23,SOUN,Technology,5.199999809265137,5.210000038146973,4.860000133514404,4.989999771118164,0.4906129034035326,0.025640953294319216,0.62479166636989
2024-06-05,SOUN,Technology,4.980000019073486,5.119999885559082,4.889999866485596,4.980000019073486,0.3996804287250604,0.010142026871370705,0.5610257492804709
2024-06-13,SOUN,Technology,4.699999809265137,4.71999979019165,4.510000228881836,4.619999885559082,0.3314385963043557,0.010752626424140798,0.671711669437746
2024-06-28,SOUN,Technology,4.050000190734863,4.130000114440918,3.9000000953674316,3.950000047683716,0.2585348807989445,0.01503763936208271,0.5675635182564254
2024-07-11,SOUN,Technology,5.514999866485596,6.192999839782715,5.21999979019165,5.369999885559082,0.2960260326321616,0.08777113999157869,0.608019829889489
2024-07-15,SOUN,Technology,6.289999961853027,6.449999809265137,5.510000228881836,5.630000114440918,0.4086601809563343,0.014516154089778596,0.5693913204063873
2024-07-18,SOUN,Technology,5.690000057220459,5.699999809265137,4.900000095367432,5.0,0.4695795575038034,0.0364299261275853,0.5161315893780956
2024-07-26,SOUN,Technology,4.989999771118164,5.21999979019165,4.820000171661377,5.119999885559082,0.46169564561845206,0.033126262927420845,0.5854685097996005
2024-07-29,SOUN,Technology,5.199999809265137,5.25,4.760000228881836,4.78000020980835,0.457288786540725,0.015624985448084446,0.5448794148738871
2024-07-30,SOUN,Technology,4.869999885559082,5.139999866485596,4.809999942779541,4.949999809265137,0.4596252854391135,0.018828383221836907,0.55384142796538
2024-08-07,SOUN,Technology,4.599999904632568,4.679999828338623,4.25,4.300000190734863,0.4746953078120181,0.03139010432469916,0.5412912788501288
2024-08-13,SOUN,Technology,5.300000190734863,5.519999980926514,4.920000076293945,4.989999771118164,0.513670388035021,0.02713185028347785,0.5297881325624456
2024-08-14,SOUN,Technology,5.050000190734863,5.179999828338623,4.880000114440918,4.980000019073486,0.5198367820777029,0.012024132739239439,0.5537398069098896
2024-08-15,SOUN,Technology,5.090000152587891,5.159999847412109,4.920000076293945,4.949999809265137,0.5041341343505602,0.022088380139177084,0.5021670446049542
2024-08-30,SOUN,Technology,4.900000095367432,4.960000038146973,4.829999923706055,4.889999866485596,0.3762239346052813,0.012396682001644102,0.5074109216718671
2024-09-09,SOUN,Technology,4.400000095367432,4.670000076293945,4.400000095367432,4.619999885559082,0.3287049468114535,0.011494296972653991,0.54935508594407
2024-09-10,SOUN,Technology,4.699999809265137,4.730000019073486,4.46999979019165,4.599999904632568,0.3280831771578766,0.017316001231106874,0.5428383268310659
2024-09-19,SOUN,Technology,5.059999942779541,5.099999904632568,4.960000038146973,5.010000228881836,0.28021977376273305,0.043298977788924733,0.522426871524828
2024-09-26,SOUN,Technology,5.0,5.03000020980835,4.849999904632568,4.909999847412109,0.257468918482879,0.022494915443312787,0.5174263254725552
2024-10-17,SOUN,Technology,5.329999923706055,5.630000114440918,5.181000232696533,5.230000019073486,0.2732039013942214,0.015238080705915178,0.5193327297207365
2024-10-24,SOUN,Technology,5.059999942779541,5.340000152587891,4.96999979019165,5.28000020980835,0.3088338808615433,0.016064241646516784,0.5000084861962477
2024-11-05,SOUN,Technology,5.170000076293945,5.449999809265137,5.159999847412109,5.369999885559082,0.35864516699254434,0.015717076877764063,0.5027067153285135
2024-11-25,SOUN,Technology,8.800000190734863,8.869999885559082,7.869999885559082,8.029999732971191,0.6752036628671079,0.06666668978604404,0.5235256519310528
2024-12-16,SOUN,Technology,17.649999618530273,19.969999313354492,16.559999465942383,19.690000534057617,1.4280765990518083,0.0437610749731268,0.5021773476037988
2024-12-19,SOUN,Technology,22.43000030517578,23.799999237060547,17.850000381469727,18.854999542236328,1.865232505498192,0.07603746913082637,0.7092303107902268
2024-12-23,SOUN,Technology,22.700000762939453,22.850000381469727,19.65999984741211,20.43000030517578,2.342215706897322,0.0434383653701576,0.5684034696103648
2025-01-02,SOUN,Technology,20.475000381469727,20.5,19.010000228881836,20.15999984741211,2.6612296314256154,0.03200605967732353,0.5530461379833629
2025-01-06,SOUN,Technology,20.790000915527344,22.850000381469727,19.545000076293945,19.889999389648438,2.595243819968044,0.008244426254847111,0.5241325651799482
2025-01-07,SOUN,Technology,20.149999618530273,20.459999084472656,17.5,17.975000381469727,2.645940711768597,0.013071907333348166,0.5134087924289882
2025-01-14,SOUN,Technology,13.5600004196167,14.40999984741211,12.40999984741211,12.789999961853027,2.5613745125127414,0.05772236680249211,0.6229862167128442
2025-01-15,SOUN,Technology,13.40999984741211,14.699999809265137,13.359999656677246,13.890000343322754,2.5212763330475454,0.048475362580787364,0.5531023588886587
2025-01-16,SOUN,Technology,14.149999618530273,14.854999542236328,13.369999885559082,13.970000267028809,2.4776137269307283,0.018718449876245484,0.5760674310529508
2025-01-17,SOUN,Technology,14.359999656677246,15.350000381469727,13.609999656677246,13.640000343322754,2.4067127219126228,0.027916920701060517,0.5762149628611137
2025-01-21,SOUN,Technology,13.850000381469727,16.549999237060547,13.399999618530273,16.520000457763672,2.359090436404041,0.015395896837332182,0.544523235752106
2025-01-30,SOUN,Technology,14.399999618530273,14.680000305175781,13.765000343322754,14.0,2.064745449456297,0.029306637177974718,0.5573094570158236
2025-01-31,SOUN,Technology,14.350000381469727,15.229999542236328,13.9399995803833,14.149999618530273,1.9826207717703492,0.025000027247837613,0.5691191386666979
2025-02-04,SOUN,Technology,14.850000381469727,16.020000457763672,14.630000114440918,15.710000038146973,1.917208726874163,0.04283712220198045,0.5125790941764403
2025-02-10,SOUN,Technology,15.720000267028809,15.970000267028809,14.850000381469727,15.329999923706055,1.7264924938922848,0.007692300168250153,0.5106052543581397
2025-02-13,SOUN,Technology,14.380000114440918,15.430000305175781,13.986000061035156,15.25,1.6205204111586107,0.029348592668231185,0.5104259755745107
2025-02-19,SOUN,Technology,11.5,11.920000076293945,10.960000038146973,11.069999694824219,1.8090828514656452,0.005244792116914474,0.5151692281938057
2025-02-21,SOUN,Technology,11.050000190734863,11.399999618530273,10.239999771118164,10.3100004196167,1.6924745129073222,0.012832295626105118,0.5669146580101848
2025-02-26,SOUN,Technology,9.420000076293945,10.039999961853027,9.3100004196167,9.569999694824219,1.5752575342569477,0.0584270202305406,0.638533316159713
2025-02-27,SOUN,Technology,10.0,10.15999984741211,9.100000381469727,9.210000038146973,1.5441677349045053,0.0449321127364654,0.7419630046511803
2025-03-03,SOUN,Technology,11.270000457763672,11.65999984741211,10.12399959564209,10.319999694824219,1.5438996788355444,0.041589720483514656,0.7043939331216389
2025-03-12,SOUN,Technology,9.024999618530273,9.579999923706055,8.920000076293945,9.130000114440918,1.367536501620955,0.056791529138603164,0.5962149275582691
2025-03-17,SOUN,Technology,10.404999732971191,10.517999649047852,9.8100004196167,10.079999923706055,1.30831550562276,0.006286226249912841,0.5320483891378183
2025-03-19,SOUN,Technology,9.729999542236328,10.029999732971191,9.484999656677246,9.850000381469727,1.222904650515136,0.016718897859384754,0.5463075946724504
2025-04-01,SOUN,Technology,8.270000457763672,8.279999732971191,7.800000190734863,8.199999809265137,0.9397044507234874,0.0184729771328392,0.5662962454788503
2025-04-08,SOUN,Technology,8.10099983215332,8.33899974822998,7.0,7.179999828338623,1.0094326011972574,0.06592104392203586,0.9171125460823996
2025-04-14,SOUN,Technology,8.710000038146973,8.869999885559082,8.039999961853027,8.149999618530273,1.0397893560249016,0.05193240568154948,0.5144128366118581
2025-04-17,SOUN,Technology,7.840000152587891,7.989999771118164,7.550000190734863,7.820000171661377,0.9600608925192483,0.010309268214748769,0.55590318954924
2025-04-22,SOUN,Technology,7.699999809265137,8.25,7.695000171661377,8.140000343322754,0.8948484097859836,0.026666641235351562,0.5235221845729242
2025-04-23,SOUN,Technology,8.6899995803833,9.0,8.59000015258789,8.75,0.8845020948012705,0.06756747099055241,0.6051199085143205
2025-05-01,SOUN,Technology,9.609999656677246,9.65999984741211,9.119999885559082,9.149999618530273,0.7911072022993221,0.034445607765146866,0.5262789442701218
2025-05-08,SOUN,Technology,9.5649995803833,9.869999885559082,9.300000190734863,9.739999771118164,0.6889688736950483,0.043075190927260545,0.5031347632987994
2025-05-29,SOUN,Technology,11.359999656677246,11.59000015258789,10.460000038146973,10.529999732971191,0.826583782982443,0.035551447598466436,0.5321585284577574
2025-06-06,SOUN,Technology,9.734999656677246,10.239999771118164,9.6899995803833,10.109999656677246,0.7802582803266028,0.027983039300544865,0.5409840191895702
2025-06-16,SOUN,Technology,9.289999961853027,9.75,9.229999542236328,9.720000267028809,0.6776677605685201,0.02087907389215013,0.5076217098916705
2025-06-24,SOUN,Technology,9.664999961853027,10.220000267028809,9.619999885559082,9.819999694824219,0.6294176333264795,0.018440484189204968,0.5240485167479115
2025-07-17,SOUN,Technology,11.989999771118164,12.779999732971191,11.960000038146973,12.640000343322754,0.8565913343988489,0.01782682876971558,0.5097029026727442
2025-07-21,SOUN,Technology,13.0,13.555000305175781,11.680000305175781,11.699999809265137,0.8592037008485243,0.014832129130327222,0.5152859013106595
2025-07-28,SOUN,Technology,11.970000267028809,12.239999771118164,11.109999656677246,11.239999771118164,0.8651909361634502,0.022203264563180922,0.5245929949158425
2025-07-31,SOUN,Technology,10.670000076293945,10.960000038146973,10.319999694824219,10.329999923706055,0.8468055461028302,0.02694896282184786,0.7137145587624916
2025-08-04,SOUN,Technology,10.324999809265137,10.819999694824219,10.1850004196167,10.640000343322754,0.8204599123606598,0.021266089009794546,0.529419822638128
2025-08-07,SOUN,Technology,10.9399995803833,11.0600004196167,10.449999809265137,10.720000267028809,0.7866035904969455,0.012962906219996236,0.508370559967695
2025-08-08,SOUN,Technology,13.15999984741211,14.246999740600586,12.75,13.550000190734863,0.7739890919151324,0.22761189548548205,0.5057275601511769
2025-08-21,SOUN,Technology,12.579999923706055,12.579999923706055,12.010000228881836,12.229999542236328,1.1549528038110235,0.011254047270509653,0.5006218048230702
2025-08-27,SOUN,Technology,12.100000381469727,12.329999923706055,11.859999656677246,11.90999984741211,1.0461352615423662,0.006655567442543902,0.5017801753093364
2025-09-03,SOUN,Technology,13.614999771118164,13.699999809265137,12.649999618530273,12.739999771118164,1.011281793964781,0.014530528592818732,0.5092188903411548
2025-09-05,SOUN,Technology,13.539999961853027,14.40999984741211,12.8100004196167,14.260000228881836,0.9973297036795811,0.01881113624662061,0.5166954655071807
2025-09-08,SOUN,Technology,14.479999542236328,15.529999732971191,14.020000457763672,15.289999961853027,1.040377541116426,0.015427721586491371,0.5081335226441465
2025-10-06,SOUN,Technology,18.18000030517578,18.899999618530273,17.834999084472656,18.25,1.2698804154403986,0.018487390288721286,0.5222091291241748
2025-10-07,SOUN,Technology,18.6200008392334,18.795000076293945,17.299999237060547,18.200000762939453,1.2552461381987714,0.02027401858813142,0.5535965320330384
2025-10-10,SOUN,Technology,18.739999771118164,19.204999923706055,17.323999404907227,17.360000610351562,1.2768151722613261,0.008611401941286716,0.5364787356422676
2025-10-27,SOUN,Technology,18.530000686645508,19.09000015258789,18.15999984741211,18.329999923706055,1.4826161470784471,0.03058960836551675,0.5070288615078083
2025-10-31,SOUN,Technology,17.270000457763672,17.674999237060547,16.799999237060547,17.6200008392334,1.3993445404432079,0.02371070531306803,0.507720390412177
2025-11-05,SOUN,Technology,15.5600004196167,15.720000267028809,15.010000228881836,15.720000267028809,1.4177023261159887,0.028420376862083756,0.5236221528886971
2025-11-10,SOUN,Technology,14.96500015258789,14.97700023651123,14.140000343322754,14.40999984741211,1.3554781354126186,0.058345105320646004,0.5697273353628984
2025-11-12,SOUN,Technology,13.664999961853027,13.869999885559082,13.210000038146973,13.239999771118164,1.3035550953554296,0.016741100334417548,0.527833059939979
2025-11-19,SOUN,Technology,11.65999984741211,12.010000228881836,11.375,11.630000114440918,1.1869329374798407,0.011274945138911807,0.5727736297298862
2025-11-20,SOUN,Technology,12.470000267028809,13.1899995803833,11.25,11.289999961853027,1.1475091725799833,0.07222701154962727,0.5775700037684084
2025-11-24,SOUN,Technology,11.390000343322754,11.984999656677246,11.289999961853027,11.949999809265137,1.1981073628001389,0.015151521590735522,0.5735761809405956
2025-11-26,SOUN,Technology,12.100000381469727,12.229999542236328,11.779999732971191,11.819999694824219,1.1409445869843944,0.013400402571981447,0.5296123947370726
2025-11-28,SOUN,Technology,11.949999809265137,12.140000343322754,11.800000190734863,12.050000190734863,1.0915913885758761,0.010998317918556533,0.5077525283029048
2025-12-17,SOUN,Technology,11.229999542236328,11.550000190734863,10.970000267028809,10.989999771118164,0.8737791308046052,0.010801070141074273,0.5208116121700536
2025-12-19,SOUN,Technology,10.989999771118164,11.15999984741211,10.8100004196167,11.020000457763672,0.8425952686133399,0.009182683621927082,0.5109093286219811
2025-12-22,SOUN,Technology,11.149999618530273,11.524999618530273,11.069999694824219,11.270000457763672,0.8074098514120592,0.011796656566834913,0.5147299911404318
2026-01-02,SOUN,Technology,10.289999961853027,10.625,10.140000343322754,10.600000381469727,0.6443537711375511,0.032096257397551994,0.5469573401559507
2026-01-05,SOUN,Technology,10.75,11.28499984741211,10.529999732971191,11.0,0.6451141969828111,0.014150906899257628,0.5163801548491503
2026-01-06,SOUN,Technology,11.085000038146973,11.281000137329102,10.739999771118164,11.229999542236328,0.6529631910869617,0.007727276195179333,0.5114981341995805
2024-01-11,SPOT,Communication Services,198.27000427246094,200.94000244140625,194.66000366210938,200.82000732421875,4.896675332953043,0.007520763437275938,0.5211933897082115
2024-01-18,SPOT,Communication Services,200.80999755859375,209.875,200.80999755859375,204.82000732421875,5.543330986595532,0.01072078196765579,0.5869650632146722
2024-01-24,SPOT,Communication Services,213.0,215.32000732421875,209.17999267578125,211.13999938964844,5.501245984404048,0.030429070107087598,0.7709536030891252
2024-01-30,SPOT,Communication Services,222.3000030517578,224.0,217.4600067138672,217.6199951171875,5.389104283817457,0.016879385348812455,0.5476128280899079
2024-02-22,SPOT,Communication Services,247.9600067138672,249.22000122070312,243.99000549316406,248.1199951171875,6.897665487453263,0.011710026597821048,0.5151137732313907
2024-03-21,SPOT,Communication Services,264.2099914550781,264.6700134277344,258.5,259.6400146484375,6.557177636893168,0.00951394705319156,0.7834826677188352
2024-04-05,SPOT,Communication Services,298.67999267578125,313.0679931640625,298.67999267578125,310.30999755859375,9.063493432540897,0.009190435529242732,0.726683283507142
2024-04-15,SPOT,Communication Services,302.7200012207031,304.5899963378906,290.3500061035156,290.5199890136719,8.789117276685062,0.007555296792957667,0.5439396310061624
2024-04-23,SPOT,Communication Services,301.1300048828125,319.29998779296875,298.5,303.30999755859375,10.044900241217523,0.10611965796636161,0.6534428870595828
2024-04-26,SPOT,Communication Services,292.6499938964844,294.0,284.8399963378906,289.5899963378906,14.173792497684516,0.0125597018227026,0.5066924484603755
2024-05-10,SPOT,Communication Services,300.2099914550781,303.656005859375,293.0799865722656,294.6000061035156,10.681354482500929,0.005189807051373163,0.546054821194189
2024-05-15,SPOT,Communication Services,298.8500061035156,303.07000732421875,295.3900146484375,303.0400085449219,10.13070139571489,0.030091035203560622,0.5503358464369301
2024-05-23,SPOT,Communication Services,302.9200134277344,305.82000732421875,296.9800109863281,300.510009765625,9.558626709385113,0.013924231912339496,0.7713044247761467
2024-06-20,SPOT,Communication Services,311.6400146484375,317.29998779296875,310.6499938964844,313.8900146484375,9.962314807695527,0.005614781497976869,0.6230957034889475
2024-07-08,SPOT,Communication Services,321.94000244140625,322.0,309.010009765625,313.7099914550781,8.70022095736563,0.016064371910498594,0.5008169117234508
2024-07-16,SPOT,Communication Services,303.7799987792969,304.8699951171875,294.8500061035156,298.5,9.030765597797632,0.005394687789968761,0.5109137199519903
2024-07-18,SPOT,Communication Services,296.6600036621094,298.32000732421875,288.07000732421875,290.1600036621094,9.059180509817779,0.006514261692848653,0.5681507832706398
2024-07-22,SPOT,Communication Services,298.0,300.7200012207031,290.1300048828125,295.45001220703125,9.078222057393106,0.009861410750018434,0.5760178076614819
2024-07-23,SPOT,Communication Services,339.5,343.3999938964844,326.5,330.7900085449219,9.1862059345715,0.14909455397856447,0.630225289821842
2024-07-24,SPOT,Communication Services,333.6199951171875,346.2300109863281,328.760009765625,336.5199890136719,11.955047059920187,0.008555235947766868,0.6998014665507606
2024-07-29,SPOT,Communication Services,323.739990234375,328.07000732421875,319.7300109863281,323.739990234375,12.567940120693061,0.005778505416139995,0.5535671511491332
2024-08-07,SPOT,Communication Services,329.0,335.3630065917969,323.1600036621094,323.3399963378906,14.482912493363898,0.005194049100015795,0.7921970752393919
2024-09-06,SPOT,Communication Services,331.260009765625,331.9200134277344,319.07000732421875,322.7699890136719,9.896786120616712,0.00800293595756828,0.5596539756929979
2024-09-10,SPOT,Communication Services,326.5199890136719,328.1499938964844,324.1600036621094,327.0,9.86360697913069,0.007560038368506034,0.6537447281573291
2024-09-19,SPOT,Communication Services,350.0,368.2900085449219,348.9599914550781,360.2200012207031,8.728561794135105,0.0175305949876362,0.6246720274341773
2024-09-26,SPOT,Communication Services,386.7200012207031,389.2300109863281,373.0799865722656,379.1600036621094,9.864827611433887,0.0071882743698516586,0.7503770462478289
2024-10-24,SPOT,Communication Services,382.0,383.5899963378906,376.0299987792969,376.8699951171875,9.226155541050522,0.005686614582283013,0.5435651498812115
2024-11-06,SPOT,Communication Services,386.1000061035156,392.1199951171875,376.0400085449219,391.1600036621094,8.933968346970167,0.009068816288377272,0.514969246197565
2024-11-13,SPOT,Communication Services,460.260009765625,473.0,445.0,467.3699951171875,9.786389225427921,0.09745104482625232,0.5455403731975264
2024-11-25,SPOT,Communication Services,483.3500061035156,485.4599914550781,466.8800048828125,481.3800048828125,13.100089304741505,0.01749325827112501,0.5380290782901305
2024-12-18,SPOT,Communication Services,479.5,482.6700134277344,446.7799987792969,448.6499938964844,13.260920174001852,0.010814353638756585,0.6049770806666978
2024-12-19,SPOT,Communication Services,453.9200134277344,460.7799987792969,450.010009765625,454.1600036621094,14.877284065032969,0.011746393854773874,0.5491178523175041
2025-01-06,SPOT,Communication Services,469.44000244140625,474.31298828125,460.6000061035156,468.92999267578125,13.248489388284947,0.005892562483905507,0.553615138174872
2025-01-07,SPOT,Communication Services,472.0,472.9700012207031,454.7130126953125,463.92999267578125,13.281667444674191,0.0065468350759584635,0.5650341769415457
2025-01-28,SPOT,Communication Services,518.0,536.9949951171875,510.718994140625,530.7999877929688,16.452596961738156,0.007821354301744866,0.5396460281315227
2025-02-12,SPOT,Communication Services,626.5599975585938,648.27197265625,623.7100219726562,640.5900268554688,19.97854748367233,0.005472154394501694,0.5430524649893296
2025-02-24,SPOT,Communication Services,612.2999877929688,621.9099731445312,592.97998046875,601.6099853515625,21.437135557061243,0.00810033730218944,0.6317218832016156
2025-02-26,SPOT,Communication Services,595.6199951171875,608.5289916992188,592.8900146484375,603.1300048828125,22.26538767768849,0.011978163523859626,0.5981593051120924
2025-02-27,SPOT,Communication Services,611.0,613.0,586.0,590.760009765625,22.100644584639312,0.013048588286892858,0.7880414037600669
2025-03-12,SPOT,Communication Services,544.4600219726562,552.655029296875,524.14501953125,535.8400268554688,28.84157532164226,0.07084418880947714,0.7067583420609711
2025-04-08,SPOT,Communication Services,558.0,558.0,507.79998779296875,518.3499755859375,34.82386535117825,0.07520672004200027,0.9616999210333466
2025-04-14,SPOT,Communication Services,562.0,565.0,539.655029296875,549.1699829101562,36.720470411538685,0.03373437030758392,0.6671289975281502
2025-04-21,SPOT,Communication Services,584.0,593.8400268554688,555.60498046875,558.8200073242188,33.23029264041928,0.01697866782760122,0.6919393268493104
2025-04-23,SPOT,Communication Services,610.0,614.0999755859375,587.3599853515625,592.7000122070312,34.05150662508171,0.033215306602432555,0.7123312003338239
2025-04-28,SPOT,Communication Services,627.5,627.5,595.0,597.72998046875,31.954235251426343,0.010922847043562773,0.5466055223535141
2025-05-30,SPOT,Communication Services,645.0,669.260009765625,637.2000122070312,665.1400146484375,25.57621643549179,0.013083728326201364,0.5611379475177158
2025-06-03,SPOT,Communication Services,675.760009765625,678.5700073242188,665.9000244140625,671.0700073242188,25.51161672891655,0.005595252627418155,0.5424447851208672
2025-06-20,SPOT,Communication Services,714.5,723.7100219726562,706.9099731445312,707.4199829101562,22.18663501086907,0.006068795032001796,0.5089688007792309
2025-06-30,SPOT,Communication Services,776.989990234375,778.3300170898438,750.280029296875,767.3400268554688,23.54713445653057,0.005682131487395047,0.5842875566994322
2025-07-23,SPOT,Communication Services,680.0,680.0,665.25,674.4600219726562,25.45174816861189,0.006304214383031334,0.5025010824169089
2025-07-24,SPOT,Communication Services,694.1500244140625,699.5,678.1900024414062,681.4199829101562,24.68733758513961,0.029193728019367347,0.5170645657231008
2025-07-31,SPOT,Communication Services,654.8099975585938,662.0,624.4949951171875,626.5399780273438,29.625807812073162,0.006672140223133439,0.8124749415192709
2025-08-08,SPOT,Communication Services,692.9199829101562,717.27001953125,690.5,705.8900146484375,29.342055133891932,0.008999028400358777,0.5760473622952673
2025-08-15,SPOT,Communication Services,725.0,748.2999877929688,721.0,732.8099975585938,26.498414247250576,0.03793843951324266,0.5297776352749907
2025-08-25,SPOT,Communication Services,699.0900268554688,714.7999877929688,694.0999755859375,694.7899780273438,26.18322262054548,0.008802488790683205,0.5203735474488156
2025-09-03,SPOT,Communication Services,693.6900024414062,711.1749877929688,689.1010131835938,697.3300170898438,23.53744966718122,0.005901811654296844,0.5915732560932245
2025-09-05,SPOT,Communication Services,711.0,716.5,690.3200073242188,707.1900024414062,22.72342175344644,0.010158449473711046,0.5576127152601008
2025-12-19,SPOT,Communication Services,571.1900024414062,587.9299926757812,568.0,582.1599731445312,19.833972400367106,0.013071538827016938,0.5413024291311411
2024-01-18,STX,Technology,80.73418957300916,82.24956772321582,79.21881869411628,80.02892303466797,1.8885238299484162,0.016560544692574414,0.5115242415478646
2024-01-22,STX,Technology,82.90719373316014,84.24148733682861,81.86835547849718,83.01203155517578,1.936949505860641,0.018379858332703832,0.6446035049147041
2024-01-24,STX,Technology,85.8902800223612,86.04276674710074,83.91743439413138,84.98486328125,2.029421742133373,0.009974204144438132,0.6777282342336187
2024-01-25,STX,Technology,86.91959484234968,86.91959484234968,82.44018865625809,86.71945190429688,2.0362725000502295,0.022765601854260284,0.669608345231552
2024-02-22,STX,Technology,82.25909824710028,84.25100934135126,81.98270832151931,83.88883972167969,2.0918121234249534,0.016607870639306382,0.5019903306212925
2024-03-06,STX,Technology,95.29703622073725,96.50743371787586,88.606518282381,89.72160339355469,2.3660522974745755,0.013788795131361399,0.5596689301461052
2024-03-07,STX,Technology,90.18860280118972,90.52218160668654,87.0530158372439,89.40708923339844,2.761399664476024,0.005204982857769313,0.5019996272732049
2024-03-18,STX,Technology,82.59267593697469,83.05967608770075,81.11542121339649,81.38227844238281,2.624949642323876,0.007557173595815683,0.5106932188800932
2024-03-21,STX,Technology,87.77227026402886,87.8875730957898,84.6687775143324,84.98584747314453,2.553078766163841,0.044955339046748505,0.5011866650284497
2024-03-27,STX,Technology,91.91348178200757,92.55723948781797,89.68433749217552,90.87577819824219,2.9949406130028557,0.0099239547890741,0.5117795695001051
2024-04-04,STX,Technology,89.42490971968404,90.53948179552775,87.04203578581173,87.20538330078125,2.90880269482264,0.015715310215829288,0.5134271399336164
2024-04-15,STX,Technology,83.28517417984628,83.68872310154302,80.03755467145653,80.59483337402344,2.849466095079221,0.01749030592326899,0.5242028138132037
2024-04-17,STX,Technology,81.62292416935017,82.9200571861124,80.74856819711925,80.90229797363281,2.815093624469473,0.015176667425000574,0.5486621225298587
2024-04-24,STX,Technology,84.13070653890459,87.43598113872851,80.07598184507151,83.69833374023438,2.6688966607145206,0.011903409763107473,0.6689981614133008
2024-05-01,STX,Technology,83.56382138982126,84.34209539651872,81.03682064017214,82.44924926757812,2.7761759670280703,0.012338523328472161,0.5160843657754565
2024-05-23,STX,Technology,92.24015074625781,92.97038732556382,89.36725643703812,89.79962921142578,2.4662702621397696,0.014048781009776455,0.6119083572398412
2024-06-05,STX,Technology,89.35765354255462,93.85436156243577,89.35765354255462,92.81665802001953,2.7053644804179635,0.012520415258921521,0.529173952139051
2024-07-18,STX,Technology,102.30316823418883,102.30316823418883,99.12101122064165,100.07855987548828,2.4410488497661436,0.00819747549833997,0.533707638468006
2024-07-24,STX,Technology,105.42729158371827,109.84749975219292,103.64760506603233,105.9399185180664,2.480674598151816,0.03513757577990552,0.5312320240956668
2024-07-26,STX,Technology,101.56808555980864,102.28382848726723,99.50789592282862,100.28167724609375,3.0764133441820185,0.010100074265833191,0.5535597837441738
2024-08-14,STX,Technology,95.58096888949261,95.74539501525068,93.52078672148649,93.87865447998047,3.3328220966418733,0.006313623953528908,0.5008111167828996
2024-08-30,STX,Technology,95.58096476074499,96.32572313186525,94.72013698740177,96.28704071044922,2.9259628560454702,0.013122833020198782,0.5047651467620723
2024-09-09,STX,Technology,96.09359247124087,98.05705375368551,94.76850183711372,98.01836395263672,3.07162244791078,0.013982401025454744,0.5543340486271666
2024-10-17,STX,Technology,109.42783372827807,110.3334034137136,109.04807941783488,109.4959945678711,2.6861068133785753,0.005817546592699949,0.5003267120397715
2024-11-18,STX,Technology,94.83161934905527,94.9874198057213,93.80919928186482,94.4713363647461,2.5390831722007663,0.006198965022190846,0.5146415015549833
2024-11-25,STX,Technology,98.34678307665419,100.67399843830854,98.16177189953522,98.69732666015625,2.2678132144326772,0.013852544116629026,0.5186105624029468
2024-12-20,STX,Technology,86.41313059546938,87.31562332455961,85.21636058849825,85.64797973632812,2.767792220647805,0.00628280112471435,0.5724964044419454
2025-01-02,STX,Technology,85.5498890210142,85.87360901092171,84.15692162004395,84.74549865722656,2.276261428598886,0.010427511063089714,0.5491924347444428
2025-01-03,STX,Technology,85.26541120221783,87.48239251288277,85.13788854343571,87.45296478271484,2.2362918544759487,0.006134987146564351,0.5491924347444428
2025-01-06,STX,Technology,88.60069267671032,89.8465140081206,87.06057907027039,87.41372680664062,2.2720491402745386,0.013123944932537376,0.5108978820415854
2025-01-07,STX,Technology,88.12001898788199,89.15983868159705,87.57067392729022,87.89439392089844,2.3087552686728006,0.008079877234884245,0.5081298898703673
2025-01-17,STX,Technology,94.76114431685826,96.06582855541986,93.78018007448051,95.81077575683594,2.3754687041011437,0.016093403603233882,0.5038788750200494
2025-01-22,STX,Technology,106.56215085780903,109.779720098119,103.84488299794282,106.12071990966797,2.575554568242837,0.07288891653444975,0.5134058478216922
2025-01-28,STX,Technology,102.03989038240785,102.04970211974187,96.93887965647781,98.36127471923828,3.2536355714074,0.005218170671656118,0.5017056696366132
2025-02-26,STX,Technology,98.41032592174564,99.42071782643018,97.80212543780301,98.36127471923828,2.6821125835483364,0.006016696328507318,0.5572254200279463
2025-02-27,STX,Technology,100.61750331980247,101.86332463042025,98.67519080218295,98.75366973876953,2.606146855339681,0.022938179756254156,0.6577524339802201
2025-03-03,STX,Technology,100.99026716818824,101.89275997173183,97.88061227266257,98.15528106689453,2.662295455728458,0.010205027205695869,0.607611350701201
2025-03-12,STX,Technology,86.3248542053814,87.76687285377832,84.62778275581194,85.07903289794922,3.228478979774807,0.011843167524619475,0.5456949040210335
2025-03-19,STX,Technology,87.46695424023349,88.65374839743467,87.20981273950704,87.9515609741211,3.0853730664655377,0.005914562718445297,0.5437826622695096
2025-04-08,STX,Technology,70.20893566092789,71.63309458193935,64.69033493291393,65.80789947509766,4.115917720268364,0.03393521507308733,0.9178780574653398
2025-04-14,STX,Technology,74.10558954158941,74.40229183605413,70.81222576393259,71.87045288085938,4.861459263136497,0.06813957696060732,0.5019118618164143
2025-04-17,STX,Technology,72.68143028548052,75.59897768354699,72.0880332445789,74.94623565673828,4.437883357149508,0.009200705490056063,0.5523212269639243
2025-04-22,STX,Technology,73.87812641546756,75.07482029261166,73.77922815289345,74.53086853027344,4.287233167629607,0.010415337793637836,0.5017249488438131
2025-04-23,STX,Technology,78.2791622991008,80.28682623906421,76.70665217639873,77.23081970214844,4.120875647469285,0.050291829985918655,0.5907963331997401
2025-05-01,STX,Technology,90.98777932241723,92.14490470506536,88.90099377997338,89.0196762084961,4.23771690514794,0.01065584612508732,0.6067324518105943
2025-05-15,STX,Technology,105.78318626114132,106.81174470823052,104.74474327041654,106.24801635742188,3.664426282825313,0.016826684994466806,0.5264123538908511
2025-05-27,STX,Technology,112.61716372389425,116.06876336682103,111.95452957207534,115.76217651367188,3.8530758892826062,0.010023137583895749,0.5591755274826085
2025-06-06,STX,Technology,127.48178672051391,128.53013687028294,125.36533997045873,125.57302856445312,3.5951320138405123,0.00939695608515727,0.5854787719359121
2025-06-11,STX,Technology,127.63014374429277,127.659812465124,124.32688782511124,125.09830474853516,3.7250089823999017,0.008281928022162266,0.5140737674012728
2025-06-16,STX,Technology,127.28398537144484,130.04329706716197,126.20598163238654,129.59823608398438,3.550017875738987,0.011235880974279385,0.5365772409250139
2025-06-20,STX,Technology,130.7158131867697,131.1509745526575,128.88617665044018,129.51913452148438,3.569162084580592,0.006625991531358251,0.5079163776160505
2025-06-23,STX,Technology,130.87405076974397,132.41688457053792,129.47956056867815,131.6157989501953,3.4759932144117864,0.010461128027649444,0.5357582956627559
2025-06-24,STX,Technology,132.5256749755855,136.02671974912124,132.37733137578093,134.8102569580078,3.4375168420866418,0.006913121621018279,0.5535988090629125
2025-07-29,STX,Technology,150.87732689548588,154.62565089557464,149.13739067099098,151.80197143554688,3.826966686042826,0.00857362811666718,0.7452374845331896
2025-07-31,STX,Technology,147.4471827723705,156.54455832636927,146.05522456904833,156.10708618164062,4.685034431369459,0.00596939566560732,0.6641199878125101
2025-08-04,STX,Technology,155.8883482259861,156.71357700338348,151.5235942055144,153.91973876953125,5.167866491751734,0.01278984405893851,0.5127752537274584
2025-09-18,STX,Technology,215.47372206701192,218.26756033546414,213.86304296187805,215.39418029785156,6.430668635419384,0.015748045016536642,0.5313043147243813
2025-10-02,STX,Technology,262.61100861894903,264.1370038382608,251.2408451772416,254.07342529296875,9.099697388839664,0.02515186606152669,0.558114807659396
2025-10-06,STX,Technology,259.42936280642004,260.5564108369674,241.81558480228145,242.19459533691406,9.388295773696777,0.028956873218312303,0.6175802480645068
2025-10-07,STX,Technology,244.0098103845023,244.09958644494031,222.4264370776422,224.42120361328125,10.05633364948172,0.007494861910783355,0.5042541822496422
2025-10-16,STX,Technology,223.56346732605897,232.39031588387093,221.27946619671843,225.4385528564453,10.216361403973416,0.021743070789621587,0.5078715281258823
2025-10-24,STX,Technology,233.4674813599852,240.2197704659489,229.92676765171913,233.5073699951172,10.973574798688851,0.03387659939838481,0.5009975095167863
2025-10-27,STX,Technology,240.6985156810738,241.36676067154568,227.03436739757265,229.7173309326172,11.218478013551735,0.03079622577268962,0.5070288615078083
2025-10-31,STX,Technology,276.10561154508565,279.6164203175042,242.70325384245572,255.21044921875,14.148434873799992,0.03163900470074954,0.5213150549564338
2025-11-03,STX,Technology,258.0729385377902,268.8546499794622,252.98627742979042,264.8551330566406,15.774487131032028,0.011216191687302998,0.5625448078473787
2025-11-20,STX,Technology,272.4651604451882,274.9785858215551,236.7787874694778,239.8706817626953,16.066363127355874,0.054179148341763,0.535557124790781
2025-11-24,STX,Technology,242.2843441908905,256.0282997701958,242.2743758368953,252.71697998046875,17.233863256784073,0.022864087077613924,0.5167021365666077
2025-12-15,STX,Technology,291.12621911251284,293.19077936166593,283.4862595639691,284.83270263671875,16.313602612186507,0.014775344229176028,0.5344197026980642
2025-12-22,STX,Technology,300.46170931449115,301.20974676506665,278.2699316140847,282.10986328125,16.249225674273188,0.016500209206823064,0.573011166590322
2025-12-26,STX,Technology,288.760009765625,289.79998779296875,282.54998779296875,286.2200012207031,15.457793766488862,0.012234097123289971,0.5596190683334881
2026-01-02,STX,Technology,281.9700012207031,289.6499938964844,280.4200134277344,287.5400085449219,13.249804245460085,0.02389333752956013,0.5668884532160721
2024-01-02,TSLA,Consumer Cyclical,250.0800018310547,251.25,244.41000366210938,248.4199981689453,8.701926637271708,0.006439174706321424,0.6732646427785681
2024-01-18,TSLA,Consumer Cyclical,216.8800048828125,217.4499969482422,208.74000549316406,211.8800048828125,8.281203776284972,0.00617027052760156,0.632830814448229
2024-01-24,TSLA,Consumer Cyclical,211.8800048828125,212.72999572753906,206.77000427246094,207.8300018310547,8.330693564546483,0.01310129817902104,0.8474186716461773
2024-01-26,TSLA,Consumer Cyclical,185.5,186.77999877929688,182.10000610351562,183.25,9.561975311932777,0.015714806113207296,0.6991865145460645
2024-01-30,TSLA,Consumer Cyclical,195.3300018310547,196.36000061035156,190.61000061035156,191.58999633789062,9.14302894228236,0.02304514389598865,0.773012659875988
2024-02-01,TSLA,Consumer Cyclical,188.5,189.8800048828125,184.27999877929688,188.86000061035156,8.844907259624204,0.006460605249841599,0.5313169879807852
2024-02-07,TSLA,Consumer Cyclical,188.17999267578125,189.7899932861328,182.67999267578125,187.5800018310547,8.844266134467844,0.016639581149139285,0.7938704306245092
2024-02-08,TSLA,Consumer Cyclical,189.0,191.6199951171875,185.5800018310547,189.55999755859375,8.720390025602395,0.007570093587184439,0.5770103186325748
2024-02-16,TSLA,Consumer Cyclical,202.05999755859375,203.1699981689453,197.39999389648438,199.9499969482422,8.168016123656326,0.0080319313288255,0.5117643119649151
2024-03-26,TSLA,Consumer Cyclical,178.5800018310547,184.25,177.3800048828125,177.6699981689453,7.661832220973696,0.03446676000664694,0.5215414962754937
2024-04-04,TSLA,Consumer Cyclical,170.07000732421875,177.19000244140625,168.00999450683594,171.11000061035156,7.638032207561779,0.010036835683562556,0.5503269933251068
2024-04-23,TSLA,Consumer Cyclical,143.3300018310547,147.25999450683594,141.11000061035156,144.67999267578125,7.3579679003878375,0.009010902863764743,0.5800487648377571
2024-04-24,TSLA,Consumer Cyclical,162.83999633789062,167.97000122070312,157.50999450683594,162.1300048828125,7.271684042966162,0.12551841706824524,0.6026544834684903
2024-05-03,TSLA,Consumer Cyclical,182.10000610351562,184.77999877929688,178.4199981689453,181.19000244140625,9.824181665948649,0.011610530861942327,0.519990717529246
2024-05-10,TSLA,Consumer Cyclical,173.0500030517578,173.05999755859375,167.75,168.47000122070312,8.749208814396212,0.0062801757480284775,0.5578855378759455
2024-05-13,TSLA,Consumer Cyclical,170.0,175.39999389648438,169.0,171.88999938964844,8.50355086755318,0.00908172830896172,0.548194453248785
2024-05-15,TSLA,Consumer Cyclical,179.89999389648438,180.0,173.11000061035156,173.99000549316406,8.334643300259502,0.013235656459220188,0.5847502664810466
2024-05-23,TSLA,Consumer Cyclical,181.8000030517578,181.89999389648438,173.25999450683594,173.74000549316406,7.98111136682072,0.009383168262057734,0.7879557555003834
2024-06-13,TSLA,Consumer Cyclical,188.38999938964844,191.0800018310547,181.22999572753906,182.47000122070312,7.00116677805911,0.06260932102130008,0.5378718968085227
2024-06-14,TSLA,Consumer Cyclical,185.8000030517578,186.0,176.9199981689453,178.00999450683594,7.486084047120737,0.018249585185385882,0.5886755187972266
2024-06-28,TSLA,Consumer Cyclical,199.5500030517578,203.1999969482422,195.25999450683594,197.8800048828125,7.196100686894954,0.010789205260703701,0.5370263562669715
2024-07-05,TSLA,Consumer Cyclical,249.80999755859375,252.3699951171875,242.4600067138672,251.52000427246094,9.392290021417939,0.013880426062004353,0.5622578051621427
2024-07-15,TSLA,Consumer Cyclical,255.97000122070312,265.6000061035156,251.72999572753906,252.63999938964844,12.192728566381264,0.031180782445243273,0.5043029220601901
2024-07-18,TSLA,Consumer Cyclical,251.08999633789062,257.1400146484375,247.1999969482422,249.22999572753906,12.560144549778634,0.010422520474408954,0.543711185626738
2024-07-22,TSLA,Consumer Cyclical,244.2100067138672,253.2100067138672,243.75,251.50999450683594,12.389921773265563,0.020944857146921535,0.5618746044101038
2024-07-29,TSLA,Consumer Cyclical,224.89999389648438,234.27000427246094,224.6999969482422,232.10000610351562,12.987731973456906,0.023202869763043782,0.6241503951763739
2024-08-06,TSLA,Consumer Cyclical,200.75,202.89999389648438,192.6699981689453,200.63999938964844,14.04911841212453,0.009402630084856296,0.5046300872569657
2024-08-20,TSLA,Consumer Cyclical,224.8800048828125,228.22000122070312,219.55999755859375,221.10000610351562,11.73830276603812,0.00969829225157435,0.5636656598604562
2024-08-30,TSLA,Consumer Cyclical,208.6300048828125,214.57000732421875,207.02999877929688,214.11000061035156,10.746536954023059,0.011392311990606243,0.5837887491344086
2024-09-03,TSLA,Consumer Cyclical,215.25999450683594,219.89999389648438,209.63999938964844,210.60000610351562,10.57107063908726,0.005371042423082298,0.6778231317592067
2024-09-06,TSLA,Consumer Cyclical,232.60000610351562,233.60000610351562,210.50999450683594,210.72999572753906,10.981967724896759,0.010557448641880254,0.5699555821836413
2024-09-10,TSLA,Consumer Cyclical,220.07000732421875,226.39999389648438,218.63999938964844,226.1699981689453,11.653483100609522,0.01757064306971807,0.6591076286161313
2024-09-17,TSLA,Consumer Cyclical,229.4499969482422,234.57000732421875,226.5500030517578,227.8699951171875,10.623807563173415,0.011773516991433466,0.503648248530382
2024-09-18,TSLA,Consumer Cyclical,230.08999633789062,235.67999267578125,226.8800048828125,227.1999969482422,10.437821613836809,0.009742402546510948,0.5254372951718588
2024-09-19,TSLA,Consumer Cyclical,234.0,244.24000549316406,232.1300048828125,243.9199981689453,10.320833483774805,0.029929591298836603,0.6506940260353814
2024-09-26,TSLA,Consumer Cyclical,260.6000061035156,261.75,251.52999877929688,254.22000122070312,10.095814155184208,0.01392894421784959,0.7499759861841467
2024-10-24,TSLA,Consumer Cyclical,244.67999267578125,262.1199951171875,242.64999389648438,260.4800109863281,8.437708824701048,0.14523753646504306,0.5478907955864538
2024-10-29,TSLA,Consumer Cyclical,264.510009765625,264.9800109863281,255.50999450683594,259.5199890136719,11.487907060015546,0.007618757097246106,0.5675430401388174
2024-11-01,TSLA,Consumer Cyclical,252.0399932861328,254.0,246.6300048828125,248.97999572753906,11.030548241151736,0.008765207641059059,0.5690898998321877
2024-11-05,TSLA,Consumer Cyclical,247.33999633789062,255.27999877929688,246.2100067138672,251.44000244140625,10.721288066858435,0.018530720094965918,0.5096027838245256
2024-11-13,TSLA,Consumer Cyclical,335.8500061035156,344.6000061035156,322.5,330.239990234375,16.672968133446275,0.022405601655896158,0.6526478446120785
2024-11-18,TSLA,Consumer Cyclical,340.7300109863281,348.54998779296875,330.010009765625,338.739990234375,17.132620064576916,0.06239090075288174,0.5073629835752951
2024-11-25,TSLA,Consumer Cyclical,360.1400146484375,361.92999267578125,338.20001220703125,338.5899963378906,17.444987996402617,0.02149993516659243,0.5618547964207018
2024-11-27,TSLA,Consumer Cyclical,341.79998779296875,342.54998779296875,326.5899963378906,332.8900146484375,17.42292115605793,0.010554878900988269,0.5523970642472101
2024-12-02,TSLA,Consumer Cyclical,352.3800048828125,360.0,351.1499938964844,357.0899963378906,16.978538418929176,0.020917838521554388,0.5448839593274739
2024-12-09,TSLA,Consumer Cyclical,397.6099853515625,404.79998779296875,378.010009765625,389.7900085449219,16.192199925036704,0.02155589153832288,0.5323595192057641
2024-12-17,TSLA,Consumer Cyclical,475.8999938964844,483.989990234375,457.510009765625,479.8599853515625,18.304049273369515,0.027817384105272795,0.6569198208843664
2024-12-19,TSLA,Consumer Cyclical,451.8800048828125,456.3599853515625,420.0199890136719,436.1700134277344,21.93389824593548,0.02669665750947499,0.7047974315093015
2024-12-26,TSLA,Consumer Cyclical,465.1600036621094,465.3299865722656,451.0199890136719,454.1300048828125,23.76397149058694,0.0062300010608667515,0.5238348413809862
2024-12-31,TSLA,Consumer Cyclical,423.7900085449219,427.92999267578125,402.5400085449219,403.8399963378906,22.87713431438308,0.015284743601825777,0.6119743985369143
2025-01-06,TSLA,Consumer Cyclical,423.20001220703125,426.42999267578125,401.70001220703125,411.04998779296875,24.25188424979018,0.031088611465074238,0.5608375621527044
2025-01-14,TSLA,Consumer Cyclical,414.3399963378906,422.6400146484375,394.5400085449219,396.3599853515625,23.530070540963344,0.027348686732454264,0.50433960136896
2025-01-30,TSLA,Consumer Cyclical,410.7799987792969,412.5,384.4100036621094,400.2799987792969,20.75093363039454,0.055718304640718856,0.5999985878851295
2025-02-14,TSLA,Consumer Cyclical,360.6199951171875,362.0,347.5,355.8399963378906,20.21536195522987,0.013148262751253017,0.5298749096471689
2025-03-03,TSLA,Consumer Cyclical,300.3399963378906,303.94000244140625,277.29998779296875,284.6499938964844,19.441707119454946,0.025121117740370187,0.7337488245746534
2025-03-12,TSLA,Consumer Cyclical,247.22000122070312,251.83999633789062,241.10000610351562,248.08999633789062,20.85489053398976,0.07216583943754376,0.6938265808494579
2025-03-25,TSLA,Consumer Cyclical,283.6000061035156,288.20001220703125,271.2799987792969,288.1400146484375,18.933251596767015,0.018714721006274308,0.5154353886575764
2025-03-28,TSLA,Consumer Cyclical,275.5799865722656,276.1000061035156,260.57000732421875,263.54998779296875,19.066463803497925,0.008970020304083028,0.6105711999717477
2025-04-01,TSLA,Consumer Cyclical,263.79998779296875,277.45001220703125,259.25,268.4599914550781,18.912154017748215,0.017903936044502248,0.5526411165486151
2025-04-08,TSLA,Consumer Cyclical,245.0,250.44000244140625,217.8000030517578,221.86000061035156,22.035832875503758,0.050195066444640564,0.9627096440596192
2025-04-14,TSLA,Consumer Cyclical,258.3599853515625,261.79998779296875,245.92999267578125,252.35000610351562,24.853466360758656,0.023978391072528808,0.6256494723104561
2025-04-17,TSLA,Consumer Cyclical,243.47000122070312,244.33999633789062,237.67999267578125,241.3699951171875,23.064298917847342,0.007948657191835793,0.7489933327709465
2025-04-23,TSLA,Consumer Cyclical,254.86000061035156,259.45001220703125,244.42999267578125,250.74000549316406,21.201240655517893,0.07097533009626689,0.6985532488721824
2025-04-28,TSLA,Consumer Cyclical,288.9800109863281,294.8599853515625,272.4200134277344,285.8800048828125,20.936504726561417,0.014142827186014886,0.5434546555378853
2025-05-08,TSLA,Consumer Cyclical,279.6300048828125,289.79998779296875,279.4100036621094,284.82000732421875,17.52633455781574,0.01234524526478711,0.5332218651611488
2025-05-09,TSLA,Consumer Cyclical,290.2099914550781,307.0400085449219,290.0,298.260009765625,17.244452558847875,0.01892417664579231,0.517873670139271
2025-05-12,TSLA,Consumer Cyclical,321.989990234375,322.2099914550781,311.5,318.3800048828125,17.599848891837535,0.07956138835842325,0.691925972513579
2025-05-20,TSLA,Consumer Cyclical,347.8699951171875,354.989990234375,341.6300048828125,343.82000732421875,17.079268632705574,0.01689613505560633,0.5900430385576418
2025-05-29,TSLA,Consumer Cyclical,365.2900085449219,367.7099914550781,356.0,358.42999267578125,16.205185571135935,0.023508026875648947,0.8452209041289205
2025-06-06,TSLA,Consumer Cyclical,298.8299865722656,305.5,291.1400146484375,295.1400146484375,18.979922556532458,0.04963109855773096,0.576456989369406
2025-06-10,TSLA,Consumer Cyclical,314.94000244140625,327.8299865722656,310.6700134277344,326.0899963378906,19.743502448597344,0.020610590919353702,0.5153738428300788
2025-06-20,TSLA,Consumer Cyclical,327.95001220703125,332.3599853515625,317.7799987792969,322.1600036621094,17.595097926627098,0.018320213127458202,0.625042388469696
2025-06-25,TSLA,Consumer Cyclical,342.70001220703125,343.0,320.3999938964844,327.54998779296875,18.462219460543505,0.0065498016810079055,0.5304730833386934
2025-07-08,TSLA,Consumer Cyclical,297.0,304.04998779296875,294.3500061035156,297.80999755859375,17.234240150346576,0.01041027942157593,0.6868154923436725
2025-07-15,TSLA,Consumer Cyclical,319.67999267578125,321.20001220703125,310.5,310.7799987792969,14.980476838884188,0.008772479750204613,0.5382406239173064
2025-07-21,TSLA,Consumer Cyclical,334.3999938964844,338.0,326.8800048828125,328.489990234375,13.836391576300917,0.014409222168806045,0.5672976983309732
2025-07-25,TSLA,Consumer Cyclical,308.739990234375,323.6300048828125,308.010009765625,316.05999755859375,14.572329934693352,0.011267614081069004,0.5004339201670556
2025-09-03,TSLA,Consumer Cyclical,335.20001220703125,343.3299865722656,328.510009765625,334.0899963378906,12.238054463006927,0.01773144011175201,0.5972514202426942
2025-09-05,TSLA,Consumer Cyclical,348.0,355.8699951171875,344.67999267578125,350.8399963378906,12.064443642877704,0.027973890806873663,0.5268896286165095
2025-09-18,TSLA,Consumer Cyclical,428.8699951171875,432.2200012207031,416.55999755859375,416.8500061035156,15.050082559768347,0.0070680737077002675,0.5334744093911229
2025-09-23,TSLA,Consumer Cyclical,439.8800048828125,440.9700012207031,423.7200012207031,425.8500061035156,15.202176323545592,0.01305822882779282,0.6037457675941111
2025-10-08,TSLA,Consumer Cyclical,437.57000732421875,441.3299865722656,425.2300109863281,438.69000244140625,18.9368984379895,0.010344295698838733,0.5053390449364598
2025-10-15,TSLA,Consumer Cyclical,434.8999938964844,440.510009765625,426.3299865722656,435.1499938964844,19.43548601655974,0.01318610518795996,0.5117433395625853
2025-10-20,TSLA,Consumer Cyclical,443.8699951171875,449.79998779296875,440.6099853515625,447.42999267578125,18.906714789410174,0.010379908456295835,0.5205385235318497
2025-10-27,TSLA,Consumer Cyclical,439.9800109863281,460.1600036621094,438.69000244140625,452.4200134277344,18.933862325265178,0.014433297399258112,0.5488307368459638
2025-11-10,TSLA,Consumer Cyclical,439.6000061035156,449.6700134277344,433.3599853515625,445.2300109863281,20.97522389413866,0.02346809775487049,0.523176291174114
2025-11-12,TSLA,Consumer Cyclical,442.1499938964844,442.3299865722656,426.55999755859375,430.6000061035156,20.341548542749827,0.005754967488734139,0.517322182896802
2025-11-20,TSLA,Consumer Cyclical,414.6300048828125,428.94000244140625,394.739990234375,395.2300109863281,20.829582295056213,0.026337322472432274,0.8546987525645925
2025-11-21,TSLA,Consumer Cyclical,402.32000732421875,402.79998779296875,383.760009765625,391.0899963378906,21.78461300305443,0.017938911876142632,0.7543342128347967
2025-12-15,TSLA,Consumer Cyclical,469.44000244140625,481.7699890136719,467.6600036621094,475.30999755859375,16.999523798903777,0.02283425828273723,0.5895009807822479
2025-12-19,TSLA,Consumer Cyclical,488.1199951171875,490.489990234375,474.7200012207031,481.20001220703125,19.138545252516817,0.009826840821694811,0.5611297948215962
2026-01-02,TSLA,Consumer Cyclical,457.79998779296875,458.3399963378906,435.29998779296875,438.07000732421875,16.259895439781218,0.01796670495048833,0.5356079775317876
2026-01-05,TSLA,Consumer Cyclical,447.989990234375,457.54998779296875,444.57000732421875,451.6700134277344,16.74418923300555,0.02264474340699248,0.5160672994657921
2024-01-22,TSM,Technology,111.67311254897534,111.9844504328906,109.47428456845341,109.9704818725586,2.7122558822731277,0.005078755265858883,0.6580152301408798
2024-01-24,TSM,Technology,112.20822875323518,115.63294549879116,111.50771665410582,113.36601257324219,2.6156167373652552,0.010514396106672671,0.7264837233197935
2024-01-25,TSM,Technology,114.82540967557469,115.62321346789982,113.32710121084367,113.4049301147461,2.7568043046225186,0.012873321282157934,0.7033418961451182
2024-03-06,TSM,Technology,135.04292063658033,140.10216242153962,134.85806124139708,137.73794555664062,3.8360950024451905,0.028376459637294495,0.5127471436621202
2024-03-07,TSM,Technology,140.9778278065485,147.4964834795046,140.2481288741217,145.16143798828125,4.189626970020016,0.023522074739931228,0.5085460024303656
2024-03-08,TSM,Technology,149.73419514203923,154.11238815608436,141.00699587971508,142.40802001953125,4.5874063237945855,0.031501183903449144,0.5223039837566777
2024-03-12,TSM,Technology,140.6080796366769,142.72906340848567,136.76500276812118,140.49131774902344,5.341746231168894,0.03956240021033564,0.5002241135392598
2024-03-18,TSM,Technology,136.9394050288343,138.2679660514557,133.45194166073225,133.4812469482422,5.1903637133623235,0.02751675988755884,0.5035879063850799
2024-03-21,TSM,Technology,139.25461453860677,139.30346164873808,135.82574714839433,136.2262725830078,4.867539666912628,0.04241313244117456,0.5077434898145508
2024-04-01,TSM,Technology,134.11622722206855,139.65516557456252,133.881784900133,138.21914672851562,4.155102387673864,0.009114301485522672,0.5035951055965866
2024-04-04,TSM,Technology,140.67112535915402,143.3575531003879,136.20676373972745,136.43145751953125,4.1979978583012745,0.014084606009200081,0.5198323770091151
2024-04-11,TSM,Technology,143.79713439941406,144.14881277729336,140.7981121793732,143.79713439941406,4.298899225312137,0.006702168718818598,0.5143456862091205
2024-04-15,TSM,Technology,141.66753732922155,142.11689503652772,136.64636070563574,136.9003448486328,4.281320312242018,0.017541426203568834,0.5063652723858558
2024-04-17,TSM,Technology,137.86745379956452,139.2741672070124,134.18460201840534,135.8159942626953,4.297212965727978,0.009513652166762223,0.5266548567766948
2024-04-24,TSM,Technology,132.94397237271417,133.1393459451825,128.49915279533104,129.89610290527344,4.6558748959845895,0.01993558815616787,0.6647158818670951
2024-05-23,TSM,Technology,155.50019277224632,157.06321117268192,152.26671317606775,153.45851135253906,3.9270648462637903,0.01940452532590531,0.6111493330762922
2024-07-03,TSM,Technology,174.4239145402611,178.83375549316406,174.31611782995608,178.83375549316406,5.218669158999253,0.013033855747829932,0.5125802079880657
2024-07-05,TSM,Technology,180.4506843903689,181.37185352495462,178.64755307968858,180.30369567871094,5.321193287499865,0.009041519553989632,0.52434704157874
2024-07-08,TSM,Technology,186.19326866914386,188.93717246119843,181.4208459887654,182.8907928466797,5.135700941626021,0.032664738059100834,0.5215539966179795
2024-07-18,TSM,Technology,171.9837744298662,175.10986366242196,161.213958898702,168.42649841308594,6.522755345887443,0.02511681623830819,0.5684190573483612
2024-07-26,TSM,Technology,161.00818207455956,161.29236522091873,156.00056251649167,158.69546508789062,7.1697616342199675,0.02508120006337254,0.5821643774684162
2024-08-07,TSM,Technology,158.31327949092687,159.39123154755953,151.4241297506379,151.93370056152344,8.49578573785815,0.03964225885868064,0.5056382061531793
2024-08-09,TSM,Technology,162.987692633123,164.43803581563768,159.96940036735361,163.7716522216797,8.53355516130039,0.010756398406942879,0.5249074620132833
2024-09-06,TSM,Technology,161.5863452635949,162.0959309887416,152.88425574786996,153.67803955078125,6.243360181102553,0.007269530240084072,0.5267972025075438
2024-09-09,TSM,Technology,157.5390983697236,159.83222682028435,157.03932182378057,159.5186309814453,6.455382685371774,0.02512433676424216,0.549130153130116
2024-09-11,TSM,Technology,160.51820137603153,166.96637011408797,158.18588088801226,166.81936645507812,6.338293280643005,0.008434536902455735,0.544793199224363
2024-09-19,TSM,Technology,171.51696515698234,174.861136612128,169.79569734748532,173.32675170898438,5.7719595237568875,0.0424438828411988,0.5014611170601347
2024-10-17,TSM,Technology,200.01129522052088,209.10942369487177,198.65394800764957,202.4604034423828,5.312542016203761,0.08464903843885759,0.5016401490274597
2024-12-11,TSM,Technology,191.47381116327043,192.78197637538062,190.08695762919916,191.40496826171875,5.786527085017627,0.014223186187838162,0.518897327998654
2024-12-19,TSM,Technology,195.7622511934336,195.9300042799773,191.37141728621924,192.05224609375,6.147024917905789,0.014522410769407516,0.5302507555170516
2025-01-03,TSM,Technology,201.38648349204763,206.02399368080182,200.99179248403127,205.83651733398438,5.801427846707841,0.01250128266168189,0.5266548567766948
2025-01-14,TSM,Technology,202.46197972383536,203.51774613193584,195.8609215702775,198.77169799804688,6.718094998307409,0.019020700992549804,0.5383822460548899
2025-01-16,TSM,Technology,215.97983759236251,218.9991522142317,210.33588429106794,211.93434143066406,6.983433612202181,0.05846224273370537,0.5238261959765259
2025-01-22,TSM,Technology,218.999147572625,222.43287637806017,216.39424726230834,220.23252868652344,7.423988917088771,0.014860531661026192,0.5169347058177415
2025-01-28,TSM,Technology,193.04881751289645,200.14322851483442,189.90124136826662,199.70907592773438,8.987831415574515,0.017367810228850745,0.5892771087708517
2025-01-29,TSM,Technology,201.77128553546297,203.7052186613186,197.09429900257913,199.63999938964844,9.087986950915067,0.010326068548205641,0.5073688751723974
2025-02-26,TSM,Technology,188.5494491392133,193.47311236056828,188.5494491392133,192.0325164794922,6.857765710233051,0.009082782850842462,0.5829903524949994
2025-03-12,TSM,Technology,173.26538009438104,175.761742195159,172.43653656634268,174.8144989013672,7.464862809295431,0.027080720986348526,0.5561062077422567
2025-03-20,TSM,Technology,173.19756634629434,176.98145714469032,172.9003985073058,175.7928009033203,6.462153667277535,0.006273159688769436,0.5449028271387301
2025-04-08,TSM,Technology,150.54367956590366,151.16773046647816,137.6665385646283,140.03395080566406,7.684620851489825,0.039748229533359596,0.9178780574653398
2025-04-14,TSM,Technology,156.8039607420488,157.09121339509744,152.57431090377034,154.36720275878906,9.136128025861648,0.007766650991394843,0.5312052702999978
2025-04-17,TSM,Technology,154.57521898042762,156.01151242107017,150.01868622261412,150.3059539794922,8.376882386812039,0.02887834733996139,0.5103259966198851
2025-04-23,TSM,Technology,157.86384280227716,158.86430730472097,154.52569637745648,156.31858825683594,7.8288090353387485,0.05264202793665528,0.549071359131913
2025-05-01,TSM,Technology,171.1669227600258,173.12820614993032,169.3344005017294,171.08767700195312,6.933680420519517,0.03665484700759329,0.537488851147795
2025-05-29,TSM,Technology,197.5749705254354,197.91175366078272,194.22690904634652,195.2867889404297,5.496640024241052,0.016926686564562542,0.5384724689991833
2025-06-11,TSM,Technology,212.9681180404494,215.37514579399922,210.93748877575155,212.07662963867188,5.03080449537648,0.011955214066721283,0.5140737674012728
2025-07-31,TSM,Technology,244.54624195763768,245.96791474584327,238.40227086064644,240.21165466308594,5.222091381662479,0.012638407394641839,0.6764765530795732
2025-08-04,TSM,Technology,236.52329054992316,237.60693359375,235.01214597155982,237.60693359375,5.699023645610406,0.011479073694223558,0.512095212169091
2025-09-03,TSM,Technology,230.1705374030622,231.09510940554702,227.26755910589895,230.04129028320312,5.668131788939516,0.01370471583875682,0.5196527452925421
2025-10-03,TSM,Technology,292.0714993841344,295.26289599037676,289.7078851587937,291.4033203125,7.674723949826893,0.016486754298483956,0.5039319945583023
2025-10-06,TSM,Technology,299.20226606620446,306.4726166357007,299.1324472289469,301.5858154296875,7.692858413381794,0.026763407312383723,0.5591048174996293
2025-10-07,TSM,Technology,305.7944727076512,306.2731913456904,292.49039205071887,293.2383728027344,8.219746835511717,0.013955090268311796,0.536732855184984
2025-10-13,TSM,Technology,297.4370190785133,303.8098294699221,291.5329749279993,302.07452392578125,9.547326498718181,0.06263804286314353,0.5018680835253737
2025-10-20,TSM,Technology,299.1922939479247,302.8324607705417,296.260207032402,296.89849853515625,10.742759015175546,0.01667350621245234,0.5007493560426269
2025-10-27,TSM,Technology,297.8459384772374,299.6710286118209,292.8993008078294,297.447021484375,9.71827166024214,0.012510205644302655,0.5036701034254009
2025-11-03,TSM,Technology,301.7753072434653,309.28503235885796,301.30657144750694,304.0391845703125,9.021647629679656,0.007189689916400479,0.5531451853836237
2025-12-15,TSM,Technology,295.1499938964844,295.79998779296875,287.54998779296875,287.739990234375,9.256570733956375,0.010649175662806896,0.5342753638825187
2026-01-02,TSM,Technology,311.9800109863281,321.5899963378906,311.70001220703125,319.6099853515625,7.723895393646484,0.026621461541767776,0.5056849087418638
2026-01-05,TSM,Technology,330.3999938964844,331.25,321.5,322.25,8.436472986204102,0.03375992315463221,0.5038541179072139
2026-01-06,TSM,Technology,330.2200012207031,333.0799865722656,324.5899963378906,327.42999267578125,8.665297390649345,0.024732354447488364,0.5063244326948284
2024-01-18,TTD,Communication Services,65.7699966430664,66.33499908447266,63.625,65.05000305175781,2.3520259758527073,0.01968987043513808,0.6135300610002309
2024-01-24,TTD,Communication Services,71.5,72.1500015258789,69.5,69.6500015258789,2.4901816084939323,0.018808772999205425,0.8406106918934917
2024-01-25,TTD,Communication Services,70.87000274658203,70.9000015258789,68.29000091552734,69.12000274658203,2.5015973168785735,0.017516169332025436,0.7026372006693956
2024-02-06,TTD,Communication Services,68.02999877929688,68.9800033569336,67.7699966430664,68.5999984741211,2.694023020935435,0.007851833767361111,0.5272012606981866
2024-02-22,TTD,Communication Services,83.61000061035156,84.37000274658203,81.87000274658203,83.5,4.003716625585352,0.01864033558924709,0.602278623634788
2024-03-21,TTD,Communication Services,84.7300033569336,85.41999816894531,84.29000091552734,85.05999755859375,2.7675050105375654,0.015095269172201109,0.7673537589422618
2024-03-27,TTD,Communication Services,87.9800033569336,88.33999633789062,86.02999877929688,87.20999908447266,2.6515919707497346,0.010683518352352334,0.5713561541900078
2024-04-04,TTD,Communication Services,87.8499984741211,88.19000244140625,84.5199966430664,84.55999755859375,2.46573549418229,0.0104669428014813,0.5249397126977714
2024-04-11,TTD,Communication Services,86.9000015258789,87.9800033569336,85.8499984741211,87.69999694824219,2.4464245431646514,0.005321599623790718,0.6472058052360107
2024-04-17,TTD,Communication Services,82.55999755859375,82.63999938964844,80.0999984741211,80.12999725341797,2.681515427201517,0.005235605985094394,0.6473182856806682
2024-04-24,TTD,Communication Services,84.5,85.43000030517578,82.7699966430664,83.79000091552734,2.8466472348601726,0.04230911950274454,0.5728082125427734
2024-05-03,TTD,Communication Services,89.2699966430664,90.69000244140625,87.7699966430664,88.58999633789062,2.9713115468315245,0.013050316167051873,0.5080369739049297
2024-06-12,TTD,Communication Services,94.58499908447266,98.0999984741211,94.16899871826172,97.45999908447266,2.92275561042843,0.025978919401684675,0.6611825049791766
2024-07-10,TTD,Communication Services,102.18000030517578,102.66999816894531,98.0999984741211,99.81999969482422,2.5342862623210443,0.006501218320858286,0.6538635065864974
2024-07-11,TTD,Communication Services,101.05000305175781,101.13500213623047,98.27999877929688,98.56999969482422,2.6796943646426996,0.012322213591404878,0.608334114945024
2024-07-18,TTD,Communication Services,96.25,97.86499786376953,94.62999725341797,95.72000122070312,3.004332509827834,0.010604810572078835,0.5142268675299788
2024-07-25,TTD,Communication Services,90.19999694824219,93.1050033569336,88.81999969482422,90.87999725341797,3.66829608096664,0.009852186032519226,0.7325677519616821
2024-07-26,TTD,Communication Services,92.9800033569336,93.01499938964844,90.7509994506836,92.43000030517578,3.7123466224768356,0.02310746222471573,0.5182612202021136
2024-07-29,TTD,Communication Services,93.06999969482422,94.29000091552734,91.47000122070312,92.20999908447266,3.6088932879402646,0.006924152196639121,0.6291817283209968
2024-08-01,TTD,Communication Services,90.5199966430664,91.93599700927734,85.66000366210938,87.75,3.5634685569131577,0.007120598678301579,0.6692618050257814
2024-08-06,TTD,Communication Services,84.36000061035156,86.12999725341797,83.19999694824219,84.79000091552734,4.177756122304711,0.013698622601856357,0.5142285410141305
2024-08-07,TTD,Communication Services,86.3499984741211,87.31999969482422,84.33000183105469,84.91000366210938,4.088630706795502,0.01839836704504708,0.7680479906118531
2024-08-09,TTD,Communication Services,90.06999969482422,99.55000305175781,90.0,99.30000305175781,4.025860248339358,0.020392014503369787,0.5515814493751581
2024-09-10,TTD,Communication Services,100.08999633789062,100.63999938964844,98.13999938964844,99.70999908447266,3.3556059062199943,0.007752684710353785,0.642413022334522
2024-09-19,TTD,Communication Services,110.91000366210938,111.80000305175781,109.10600280761719,110.13999938964844,3.1478645513472885,0.026754370568928106,0.7437589549644702
2024-09-26,TTD,Communication Services,112.20999908447266,112.22000122070312,108.14800262451172,109.36000061035156,2.891016127180571,0.013457350499838344,0.7314492436279204
2024-11-06,TTD,Communication Services,122.55000305175781,124.9800033569336,122.5,124.80999755859375,2.7277218900087044,0.02176088508607972,0.5116048018998933
2024-12-19,TTD,Communication Services,130.16000366210938,130.39999389648438,125.77999877929688,126.2300033569336,4.39942248105189,0.017431433999952648,0.5299534367152555
2025-01-06,TTD,Communication Services,123.7300033569336,127.58999633789062,123.55500030517578,126.58000183105469,3.876372267952874,0.01551220515307256,0.5756314649007704
2025-02-27,TTD,Communication Services,73.06500244140625,73.54000091552734,70.91999816894531,71.48999786376953,5.3371469860530265,0.008767114918610487,0.8053308323872161
2025-03-03,TTD,Communication Services,71.0,72.06999969482422,66.81999969482422,67.16999816894531,5.040703385362986,0.009670084017731182,0.5368200627386454
2025-03-12,TTD,Communication Services,60.189998626708984,60.630001068115234,57.86000061035156,60.20000076293945,4.515640389618748,0.022943549806597314,0.8721735974347533
2025-03-25,TTD,Communication Services,60.625,62.04999923706055,60.36000061035156,62.0,3.786097457761713,0.02165486761219816,0.5479678836805774
2025-03-26,TTD,Communication Services,62.4900016784668,62.5,58.5,58.79999923706055,3.7092332882410664,0.007903252878496725,0.6858310772435604
2025-04-08,TTD,Communication Services,48.689998626708984,48.84000015258789,44.689998626708984,45.27000045776367,3.8648355525644496,0.05071209465651796,0.9266614993446776
2025-04-14,TTD,Communication Services,51.400001525878906,51.72999954223633,47.7140007019043,48.63999938964844,4.180344094501545,0.03254324600859127,0.6244228359330702
2025-04-23,TTD,Communication Services,51.0,52.66999816894531,49.941001892089844,50.08000183105469,3.6904691560666705,0.04808878257142738,0.7251747310771027
2025-05-01,TTD,Communication Services,54.099998474121094,55.189998626708984,53.0099983215332,53.060001373291016,3.2120748627914466,0.008763703088667063,0.5498775660256225
2025-05-08,TTD,Communication Services,57.685001373291016,61.04999923706055,57.61000061035156,59.900001525878906,2.942791614080967,0.02169681736950742,0.521699018946642
2025-05-09,TTD,Communication Services,69.75,75.7699966430664,68.9800033569336,71.04000091552734,3.0604493668314614,0.16444070489489968,0.6548314378527708
2025-05-12,TTD,Communication Services,75.07499694824219,80.16999816894531,75.07499694824219,79.4000015258789,3.975416920428321,0.0567989299086975,0.8496507098797721
2025-05-29,TTD,Communication Services,77.79000091552734,78.02999877929688,74.55000305175781,74.87999725341797,3.1863582415377154,0.011047549352086532,0.8421216472890138
2025-07-01,TTD,Communication Services,73.43499755859375,74.87999725341797,72.57099914550781,73.48999786376953,3.08358021200244,0.02007222861096159,0.5609877076122982
2025-07-08,TTD,Communication Services,73.9800033569336,74.44000244140625,73.0,74.02999877929688,2.8060568219400044,0.005709703810216834,0.6243030409826141
2025-07-16,TTD,Communication Services,82.02999877929688,82.48999786376953,80.23999786376953,81.12999725341797,3.1545054043274927,0.02027359729456361,0.5004527743519043
2025-07-29,TTD,Communication Services,89.0,89.13400268554688,83.5999984741211,84.52999877929688,2.8254570112196884,0.006104464403302598,0.6639890920247634
2025-08-15,TTD,Communication Services,51.029998779296875,53.060001373291016,50.470001220703125,52.119998931884766,4.8844783720245974,0.00531915813025418,0.515442209459216
2025-09-24,TTD,Communication Services,47.095001220703125,47.75,46.43000030517578,46.869998931884766,2.4328189942490224,0.005014951073211252,0.5366792992452455
2025-09-29,TTD,Communication Services,47.58000183105469,50.540000915527344,47.220001220703125,49.63999938964844,2.23379120762109,0.009333950935580006,0.5877178453536152
2025-10-02,TTD,Communication Services,49.75,51.13999938964844,48.70000076293945,50.880001068115234,2.256217136661623,0.008718578828801305,0.5083404150524559
2025-10-06,TTD,Communication Services,52.38999938964844,53.7400016784668,50.88999938964844,53.13999938964844,2.18153386558496,0.01629486256100648,0.5048652946553855
2025-10-07,TTD,Communication Services,54.70500183105469,56.38999938964844,52.79999923706055,53.4900016784668,2.2292816101016317,0.029450554373004176,0.5535392643019799
2025-10-15,TTD,Communication Services,51.165000915527344,51.66999816894531,50.209999084472656,51.099998474121094,2.325114931333439,0.008574834953996916,0.5102922207994849
2025-10-20,TTD,Communication Services,50.369998931884766,53.08000183105469,50.29999923706055,52.494998931884766,2.2699044648067073,0.0078031091080515685,0.6450858362528108
2025-10-24,TTD,Communication Services,54.790000915527344,55.11000061035156,51.119998931884766,52.0,2.2076971180021547,0.01219286595951826,0.50232618595542
2025-10-27,TTD,Communication Services,52.689998626708984,54.04499816894531,52.04499816894531,53.61000061035156,2.3350045866067717,0.01326920435978816,0.5541094665223482
2025-11-10,TTD,Communication Services,44.04999923706055,44.869998931884766,42.0099983215332,43.2599983215332,2.340867518015763,0.02441858690838481,0.5879524020016271
2025-11-12,TTD,Communication Services,44.88999938964844,45.5,43.529998779296875,43.790000915527344,2.3109523094842945,0.015610828389114649,0.5454779977581555
2025-11-20,TTD,Communication Services,40.73500061035156,41.145999908447266,38.279998779296875,38.349998474121094,2.061003350696878,0.013560637030735982,0.8687602959347729
2025-12-22,TTD,Communication Services,37.529998779296875,38.0,37.04999923706055,37.290000915527344,1.4295902590820804,0.0072463894236848075,0.5593919688477977
2024-01-10,U,Technology,36.08000183105469,38.849998474121094,35.5,37.130001068115234,2.0969041201311676,0.005854555489915299,0.5061182792869284
2024-01-18,U,Technology,34.959999084472656,35.2599983215332,32.43000030517578,32.869998931884766,2.095111055540461,0.06003637264156454,0.5278140570906821
2024-01-22,U,Technology,34.0,35.5,33.68000030517578,34.220001220703125,2.075059909039481,0.02595053187056458,0.6938645668718421
2024-01-23,U,Technology,34.7400016784668,34.935001373291016,33.724998474121094,34.279998779296875,2.0954128162760584,0.015195804769553053,0.5041192063010346
2024-01-24,U,Technology,34.95000076293945,35.14799880981445,33.02000045776367,33.029998779296875,2.032169250768477,0.019544982715904307,0.6968520712662156
2024-01-25,U,Technology,33.22999954223633,33.72999954223633,32.709999084472656,32.880001068115234,2.0390141865743563,0.00605512474510938,0.6844175695143644
2024-02-22,U,Technology,31.540000915527344,31.829999923706055,30.850000381469727,31.020000457763672,1.7291549681401517,0.023029548932153882,0.5092574471816274
2024-03-06,U,Technology,27.299999237060547,27.34000015258789,26.290000915527344,27.059999465942383,1.7750114811141378,0.015247298501982962,0.5398369085280837
2024-03-21,U,Technology,27.610000610351562,28.475000381469727,27.479999542236328,27.56999969482422,1.3627057436084404,0.016942946529816216,0.5066488908592067
2024-04-04,U,Technology,25.989999771118164,26.364999771118164,25.280000686645508,25.31999969482422,1.2325301399977378,0.008928553578910885,0.5346338723337202
2024-04-08,U,Technology,25.600000381469727,26.350000381469727,25.549999237060547,26.209999084472656,1.1854214063431645,0.009463713144399526,0.5145692113727326
2024-04-11,U,Technology,26.18000030517578,26.549999237060547,25.799999237060547,26.049999237060547,1.167536763742153,0.010030872998323344,0.5029229698821969
2024-04-24,U,Technology,23.360000610351562,23.690000534057617,23.010000228881836,23.56999969482422,1.0122363167087876,0.011255420977845609,0.638416823496568
2024-05-03,U,Technology,24.889999389648438,25.114999771118164,24.395000457763672,24.739999771118164,0.998135155857818,0.030215213031738564,0.5094791546566904
2024-05-13,U,Technology,21.889999389648438,23.075000762939453,21.604999542236328,22.690000534057617,1.0979276027521427,0.009220786107256304,0.5079992462142247
2024-06-03,U,Technology,18.489999771118164,18.530000686645508,17.84000015258789,18.030000686645508,0.8748837957004317,0.0120415603635634,0.5177096815356523
2024-07-11,U,Technology,15.8100004196167,17.100000381469727,15.729999542236328,16.520000457763672,0.7129831980859687,0.027958407150597886,0.5537738736092569
2024-07-26,U,Technology,16.510000228881836,16.780000686645508,16.239999771118164,16.610000610351562,0.9298794338237718,0.020395544961794087,0.5809894525865281
2024-07-29,U,Technology,16.729999542236328,16.926000595092773,16.30500030517578,16.350000381469727,0.9063166443699114,0.007224498944929645,0.5448794148738871
2024-08-09,U,Technology,14.800000190734863,16.485000610351562,14.680000305175781,15.539999961853027,0.8947079160903905,0.030640706446885022,0.5722439176755845
2024-08-13,U,Technology,15.449999809265137,16.6299991607666,15.210000038146973,16.25,0.9674012411953729,0.01577907761447995,0.5100594682490527
2024-08-30,U,Technology,16.850000381469727,16.989999771118164,15.989999771118164,16.3700008392334,0.8493806780674572,0.010797858689380324,0.5035016734494141
2024-09-06,U,Technology,17.459999084472656,17.59000015258789,15.6850004196167,15.859999656677246,0.961703926202134,0.021650025077895492,0.5162292375284683
2024-09-09,U,Technology,16.1200008392334,17.299999237060547,16.1200008392334,17.170000076293945,1.0290821981142095,0.016393517540001255,0.5607811403368752
2024-09-10,U,Technology,17.309999465942383,17.540000915527344,16.479999542236328,16.75,1.058433439704859,0.008153720968337679,0.5531350635764894
2024-09-19,U,Technology,21.100000381469727,21.170000076293945,20.1299991607666,20.290000915527344,1.2228853652420555,0.04352132037581372,0.5021415706800215
2024-09-26,U,Technology,22.59000015258789,22.8799991607666,21.940000534057617,22.34000015258789,1.3464381543144515,0.031978107924044825,0.5206357900328956
2024-11-05,U,Technology,20.5,21.670000076293945,20.434999465942383,21.6200008392334,1.024678739833367,0.009355024079455394,0.5027067153285135
2024-11-25,U,Technology,24.559999465942383,24.850000381469727,23.670000076293945,24.020000457763672,1.3359945364348447,0.04377385249637721,0.5219641747535388
2024-12-09,U,Technology,27.969999313354492,28.364999771118164,27.065000534057617,27.3799991607666,1.4819074347500036,0.009018759242160553,0.5023262623419095
2024-12-19,U,Technology,22.5,23.239999771118164,21.854999542236328,22.260000228881836,1.5699257592982947,0.007162034302563548,0.5280332307253994
2024-12-31,U,Technology,22.729999542236328,22.940000534057617,22.25,22.469999313354492,1.474660349441005,0.009773403425923486,0.5154190918517273
2025-01-02,U,Technology,25.18000030517578,26.079999923706055,23.360000610351562,24.510000228881836,1.418613219770763,0.12060529927166783,0.5333015433669417
2025-01-06,U,Technology,24.549999237060547,25.799999237060547,24.53499984741211,24.940000534057617,1.5754165749905291,0.019095022065545336,0.5179284310116499
2025-01-14,U,Technology,21.889999389648438,22.549999237060547,21.84000015258789,21.959999084472656,1.631432406643592,0.00875569677552617,0.5366667325693361
2025-01-22,U,Technology,22.68000030517578,23.18000030517578,22.34000015258789,23.059999465942383,1.483924997237927,0.022542831069453286,0.5001595944649445
2025-01-28,U,Technology,22.06999969482422,23.489999771118164,21.579999923706055,23.25,1.3863107235286989,0.014712629647090518,0.509419021348564
2025-02-10,U,Technology,21.34000015258789,21.75,20.260000228881836,20.399999618530273,1.2118760866466574,0.014258518251258723,0.5090810657475018
2025-02-21,U,Technology,29.329999923706055,30.8799991607666,27.81999969482422,28.34000015258789,1.5330246062478106,0.04749999727521624,0.5499660424166679
2025-02-26,U,Technology,25.989999771118164,27.6299991607666,25.950000762939453,26.510000228881836,1.769152830542846,0.013255366769762642,0.5607911581597292
2025-03-12,U,Technology,21.649999618530273,22.270000457763672,21.31999969482422,21.510000228881836,1.931739776780748,0.0324272926772454,0.5693498957300347
2025-04-01,U,Technology,19.799999237060547,20.420000076293945,19.364999771118164,20.190000534057617,1.445120338480836,0.010719708159109678,0.5400670528087108
2025-04-08,U,Technology,18.1200008392334,18.290000915527344,16.3799991607666,16.75,1.680988357951857,0.05043483125990716,0.9181470536116405
2025-04-14,U,Technology,19.719999313354492,19.920000076293945,18.1200008392334,18.15999984741211,1.7911692562609773,0.02548100794500488,0.5428450344398097
2025-04-17,U,Technology,19.260000228881836,19.28499984741211,18.850000381469727,19.229999542236328,1.6495623059017956,0.019587128173024496,0.5039312338305532
2025-04-23,U,Technology,21.09000015258789,22.08099937438965,20.795000076293945,20.950000762939453,1.496303636724608,0.04561229909836406,0.5907963331997401
2025-05-01,U,Technology,21.940000534057617,22.100000381469727,21.110000610351562,21.190000534057617,1.4277051284156657,0.04129097540742307,0.5262789442701218
2025-05-08,U,Technology,21.024999618530273,21.334999084472656,20.299999237060547,20.649999618530273,1.3446884286857084,0.017666978403384853,0.5208893141803709
2025-05-27,U,Technology,21.139999389648438,21.889999389648438,20.6299991607666,21.809999465942383,1.3376067955057145,0.018795151308358432,0.5060253498329521
2025-05-29,U,Technology,24.780000686645508,24.913999557495117,23.315000534057617,23.770000457763672,1.4890589848416669,0.00977994140849064,0.5396487670070275
2025-06-06,U,Technology,25.209999084472656,25.940000534057617,24.950000762939453,25.1299991607666,1.7545344216406522,0.016942240961445247,0.5297724901794709
2025-06-24,U,Technology,23.969999313354492,24.559999465942383,23.600000381469727,24.040000915527344,1.3983496581628716,0.028755369022856258,0.5058766411125774
2025-07-17,U,Technology,34.849998474121094,38.959999084472656,34.72999954223633,36.52000045776367,1.6488136417964407,0.026812017802970316,0.554471908908578
2025-07-21,U,Technology,36.9900016784668,37.20000076293945,35.45000076293945,35.91999816894531,1.882354793942696,0.006530657917463861,0.500681444423689
2025-07-25,U,Technology,33.650001525878906,33.650001525878906,32.41999816894531,32.77000045776367,1.8683467482652387,0.0092981815198628,0.5072607552495698
2025-07-28,U,Technology,32.9900016784668,33.900001525878906,32.47999954223633,33.4900016784668,1.82275079174155,0.006713494587425421,0.5239141335530754
2025-07-31,U,Technology,33.5,34.869998931884766,33.060001373291016,33.36000061035156,1.7506283160340368,0.016075182277035176,0.6906993248910044
2025-08-04,U,Technology,32.220001220703125,34.599998474121094,32.130001068115234,34.0099983215332,1.8054906663710553,0.012252632671438014,0.5136477880418939
2025-08-07,U,Technology,32.779998779296875,33.779998779296875,32.34000015258789,33.56999969482422,2.3718925709677814,0.026942315192587538,0.5201618323172479
2025-09-05,U,Technology,42.20500183105469,44.220001220703125,41.25,43.81999969482422,2.0833966002407127,0.05039824565700802,0.5009975095167863
2025-09-10,U,Technology,45.869998931884766,46.0,42.73500061035156,43.099998474121094,2.1782810593020923,0.008131844656808036,0.5080613637750594
2025-10-03,U,Technology,39.470001220703125,39.720001220703125,37.150001525878906,37.88999938964844,2.0678112679613037,0.009462986215381133,0.5449266751888759
2025-10-06,U,Technology,38.5,38.75,36.810001373291016,37.529998779296875,2.1036818698800834,0.016099250994398667,0.5427334208455754
2025-10-13,U,Technology,37.0099983215332,37.33000183105469,35.400001525878906,37.13999938964844,2.1774673579957926,0.025775954636400585,0.509311477031669
2025-10-27,U,Technology,38.20000076293945,39.47999954223633,37.880001068115234,39.16999816894531,2.0744121222598406,0.024403320597216466,0.5038151184816821
2025-10-31,U,Technology,37.400001525878906,37.939998626708984,36.630001068115234,37.900001525878906,2.0039694831986,0.035150855804553204,0.5003471727524758
2025-11-19,U,Technology,39.0099983215332,39.97999954223633,38.19499969482422,39.220001220703125,2.4761876474292404,0.05432427896035684,0.5319304030570571
2025-11-20,U,Technology,40.20000076293945,41.31999969482422,37.654998779296875,37.709999084472656,2.5121742113440324,0.024987238952940527,0.5380150386942381
2025-11-24,U,Technology,39.31999969482422,41.88999938964844,39.29999923706055,41.59000015258789,2.6056247633622296,0.014186206617658417,0.5061200840920171
2025-12-01,U,Technology,42.77000045776367,44.560001373291016,41.22999954223633,43.13999938964844,2.415464880051447,0.005879586013841465,0.5709567570942101
2025-12-15,U,Technology,46.5,47.86000061035156,45.099998474121094,45.220001220703125,2.5406927192558753,0.007365687905368401,0.5191694468581252
2025-12-22,U,Technology,47.08000183105469,47.77000045776367,45.90999984741211,46.2400016784668,2.401319228930674,0.014218088930277324,0.5000326417470384
2026-01-02,U,Technology,45.20000076293945,45.7400016784668,43.779998779296875,44.25,2.047624530294952,0.023319054487041083,0.5234937084404839
2024-01-16,UAMY,Basic Materials,0.25999999046325684,0.25999999046325684,0.23999999463558197,0.25,0.012854856922190955,0.039999961853027344,0.6727793696478854
2024-01-17,UAMY,Basic Materials,0.25999999046325684,0.25999999046325684,0.23999999463558197,0.23999999463558197,0.013365223986868393,0.039999961853027344,0.7219875855053252
2024-01-24,UAMY,Basic Materials,0.25,0.25,0.2199999988079071,0.23000000417232513,0.01622525890881612,0.08695650202114812,0.8563998564825827
2024-01-29,UAMY,Basic Materials,0.23999999463558197,0.23999999463558197,0.23000000417232513,0.23999999463558197,0.016930355022843,0.043478218616745966,0.6757145902282606
2024-02-13,UAMY,Basic Materials,0.23999999463558197,0.23999999463558197,0.2199999988079071,0.2199999988079071,0.013008498264862488,0.043478218616745966,0.7251977400805801
2024-02-15,UAMY,Basic Materials,0.25,0.25,0.2199999988079071,0.2199999988079071,0.013257327691956082,0.13636364252114103,0.7014769485716341
2024-02-21,UAMY,Basic Materials,0.2199999988079071,0.23000000417232513,0.2199999988079071,0.2199999988079071,0.014554064220068256,0.04761907465063339,0.652255247492315
2024-02-22,UAMY,Basic Materials,0.23000000417232513,0.23000000417232513,0.2199999988079071,0.2199999988079071,0.014943060399265956,0.04545457008456409,0.6779749830635826
2024-03-11,UAMY,Basic Materials,0.2800000011920929,0.2800000011920929,0.17000000178813934,0.23000000417232513,0.01773424666311449,0.0370370002440479,0.7129130204253832
2024-04-09,UAMY,Basic Materials,0.25999999046325684,0.2800000011920929,0.25999999046325684,0.25999999046325684,0.022377464228506526,0.039999961853027344,0.5813681235701653
2024-04-11,UAMY,Basic Materials,0.25999999046325684,0.25999999046325684,0.23999999463558197,0.25,0.022713221488276848,0.039999961853027344,0.6277310595439767
2024-04-15,UAMY,Basic Materials,0.25,0.25,0.23999999463558197,0.23999999463558197,0.022339460810540893,0.04166668994973155,0.5658655124192933
2024-04-16,UAMY,Basic Materials,0.25,0.25,0.23000000417232513,0.23999999463558197,0.02145807113581785,0.04166668994973155,0.6130444184926392
2024-04-18,UAMY,Basic Materials,0.25999999046325684,0.25999999046325684,0.23999999463558197,0.25,0.021257213822961453,0.08333331781129008,0.7980678754711507
2024-04-23,UAMY,Basic Materials,0.23999999463558197,0.25,0.23000000417232513,0.23999999463558197,0.021720880951018304,0.043478218616745966,0.7820236977448694
2024-04-29,UAMY,Basic Materials,0.23999999463558197,0.23999999463558197,0.2199999988079071,0.2199999988079071,0.02137781333318589,0.043478218616745966,0.6885426879407844
2024-05-06,UAMY,Basic Materials,0.23000000417232513,0.23999999463558197,0.2199999988079071,0.2199999988079071,0.019672035583233268,0.04545457008456409,0.5631463462693662
2024-05-08,UAMY,Basic Materials,0.23000000417232513,0.23000000417232513,0.2199999988079071,0.2199999988079071,0.01900292874708191,0.04545457008456409,0.8268067941581916
2024-05-13,UAMY,Basic Materials,0.23000000417232513,0.23000000417232513,0.2199999988079071,0.2199999988079071,0.017922535875765915,0.04545457008456409,0.6781530972305448
2024-06-03,UAMY,Basic Materials,0.3700000047683716,0.3799999952316284,0.30000001192092896,0.3400000035762787,0.02613398115373811,0.027777750183035924,0.5776975632925541
2024-06-12,UAMY,Basic Materials,0.36000001430511475,0.38999998569488525,0.3499999940395355,0.3700000047683716,0.02915061601427297,0.02857148695965302,0.6327430446147155
2024-06-17,UAMY,Basic Materials,0.3799999952316284,0.3799999952316284,0.36000001430511475,0.3700000047683716,0.028507252303524473,0.027027000903735277,0.6048341596502311
2024-07-19,UAMY,Basic Materials,0.3100000023841858,0.3199999928474426,0.30000001192092896,0.3100000023841858,0.025001776281775506,0.033333300219643106,0.506073374462543
2024-07-29,UAMY,Basic Materials,0.3700000047683716,0.3700000047683716,0.3499999940395355,0.36000001430511475,0.024166945985396013,0.05714288876981205,0.6841863520958811
2024-08-01,UAMY,Basic Materials,0.38999998569488525,0.38999998569488525,0.36000001430511475,0.3700000047683716,0.022673027672841017,0.05405400180747055,0.5308503247339914
2024-08-02,UAMY,Basic Materials,0.3799999952316284,0.3799999952316284,0.33000001311302185,0.3400000035762787,0.023196380795478855,0.027027000903735277,0.666174953794498
2024-08-09,UAMY,Basic Materials,0.3499999940395355,0.3700000047683716,0.33000001311302185,0.36000001430511475,0.023755810091789762,0.0606060003993511,0.6128807571639957
2024-08-13,UAMY,Basic Materials,0.38999998569488525,0.38999998569488525,0.36000001430511475,0.3700000047683716,0.02456495678573068,0.05405400180747055,0.5305011965490016
2024-08-14,UAMY,Basic Materials,0.3799999952316284,0.38999998569488525,0.36000001430511475,0.3799999952316284,0.024953172114590687,0.027027000903735277,0.5242362055082165
2024-08-20,UAMY,Basic Materials,0.5899999737739563,0.6299999952316284,0.5899999737739563,0.6299999952316284,0.037913304686710815,0.05357137725365427,0.6090369705988652
2024-08-21,UAMY,Basic Materials,0.6499999761581421,0.75,0.6399999856948853,0.7200000286102295,0.04020521098390595,0.03174600171093715,0.5160780000707742
2024-08-22,UAMY,Basic Materials,0.7300000190734863,0.7300000190734863,0.5799999833106995,0.6299999952316284,0.04590483911136778,0.013888875091517962,0.8248998468366183
2024-08-26,UAMY,Basic Materials,0.6600000262260437,0.6899999976158142,0.6100000143051147,0.6299999952316284,0.055958769092029625,0.06451616314521787,0.7120687405872883
2024-09-04,UAMY,Basic Materials,0.7200000286102295,0.7699999809265137,0.7200000286102295,0.7200000286102295,0.06138988228835829,0.02857148695965302,0.5479990343790729
2024-09-06,UAMY,Basic Materials,0.7400000095367432,0.75,0.6700000166893005,0.699999988079071,0.06257596894700768,0.013698616715036242,0.5920412072270922
2024-09-17,UAMY,Basic Materials,0.699999988079071,0.7099999785423279,0.6499999761581421,0.6700000166893005,0.06305372601731438,0.0606060003993511,0.6298667194665053
2024-09-18,UAMY,Basic Materials,0.6800000071525574,0.699999988079071,0.6499999761581421,0.6700000166893005,0.06283560290066235,0.014925358528601555,0.524828291544264
2024-09-19,UAMY,Basic Materials,0.699999988079071,0.7099999785423279,0.6700000166893005,0.699999988079071,0.06191877497353856,0.04477607558580467,0.7598873211860283
2024-09-23,UAMY,Basic Materials,0.800000011920929,0.8199999928474426,0.7300000190734863,0.7699999809265137,0.061042205992252935,0.03896108017862197,0.6169421761181855
2024-09-24,UAMY,Basic Materials,0.800000011920929,0.800000011920929,0.7400000095367432,0.7799999713897705,0.06311061797666034,0.03896108017862197,0.577414981584824
2024-09-26,UAMY,Basic Materials,0.7900000214576721,0.7900000214576721,0.7200000286102295,0.7699999809265137,0.06268211480830929,0.05333336194356283,0.7023930679857836
2024-10-10,UAMY,Basic Materials,0.6899999976158142,0.7200000286102295,0.6800000071525574,0.6899999976158142,0.06377212554413828,0.02985071705720311,0.6224004451703222
2024-11-06,UAMY,Basic Materials,0.6299999952316284,0.6299999952316284,0.5799999833106995,0.6100000143051147,0.046160900878370874,0.04999995032946466,0.6787458585866003
2024-11-29,UAMY,Basic Materials,0.800000011920929,0.800000011920929,0.7300000190734863,0.7599999904632568,0.06351715643101426,0.012658215432456961,0.5439549269768313
2024-12-02,UAMY,Basic Materials,0.7699999809265137,0.8100000023841858,0.7099999785423279,0.7099999785423279,0.06398021617504487,0.0131578823536055,0.5606821093492401
2024-12-04,UAMY,Basic Materials,1.149999976158142,1.2999999523162842,1.059999942779541,1.0700000524520874,0.08608498202225576,0.17346934058774557,0.7426808980601558
2024-12-09,UAMY,Basic Materials,2.119999885559082,2.180000066757202,1.4500000476837158,1.6200000047683716,0.1520512792186225,0.11578942745346053,0.8140812474313524
2024-12-12,UAMY,Basic Materials,1.600000023841858,1.8600000143051147,1.559999942779541,1.6699999570846558,0.20721088537704427,0.0666666825612386,0.6635441731062682
2024-12-13,UAMY,Basic Materials,1.9900000095367432,2.1700000762939453,1.7999999523162842,1.9199999570846558,0.21812439458619215,0.1916168027996338,0.7095922447776918
2024-12-19,UAMY,Basic Materials,1.909999966621399,1.9199999570846558,1.649999976158142,1.7599999904632568,0.27163398580501374,0.061111120677288924,0.8928405961881644
2024-12-31,UAMY,Basic Materials,1.840000033378601,1.840000033378601,1.7300000190734863,1.7699999809265137,0.2557403719970418,0.022222267845531777,0.6792618568403564
2025-01-06,UAMY,Basic Materials,1.940000057220459,1.9500000476837158,1.75,1.7899999618530273,0.23025932789955925,0.04301077543014525,0.6597654555515413
2025-01-17,UAMY,Basic Materials,1.8300000429153442,1.850000023841858,1.6299999952316284,1.649999976158142,0.1950036806856305,0.005494500096186174,0.5831944938837159
2025-01-28,UAMY,Basic Materials,1.6799999475479126,1.7200000286102295,1.600000023841858,1.6799999475479126,0.18666056175540102,0.005988018395350124,0.5463788057843245
2025-02-20,UAMY,Basic Materials,1.75,1.7899999618530273,1.690000057220459,1.7000000476837158,0.1667318244008848,0.005747120924395414,0.5635022381340262
2025-02-24,UAMY,Basic Materials,1.6100000143051147,1.6399999856948853,1.4500000476837158,1.5,0.161824889212258,0.02547768185775143,0.6811924800930199
2025-02-25,UAMY,Basic Materials,1.5199999809265137,1.5399999618530273,1.3700000047683716,1.4500000476837158,0.16383739269789455,0.013333320617675781,0.5343534838412419
2025-02-27,UAMY,Basic Materials,1.4600000381469727,1.5,1.350000023841858,1.3700000047683716,0.1611148922183771,0.013888875091517962,0.8807152135338858
2025-03-03,UAMY,Basic Materials,1.4199999570846558,1.4700000286102295,1.2799999713897705,1.2899999618530273,0.16172661943654296,0.02898547970379774,0.7876694088625632
2025-03-10,UAMY,Basic Materials,1.4600000381469727,1.4800000190734863,1.25,1.2999999523162842,0.15938265014825595,0.013888875091517962,0.6837413849586729
2025-03-12,UAMY,Basic Materials,1.5,1.5299999713897705,1.440000057220459,1.4700000286102295,0.16482484281186643,0.041666625274553885,0.7533638977803705
2025-03-19,UAMY,Basic Materials,1.7200000286102295,1.8200000524520874,1.6799999475479126,1.7999999523162842,0.14874230023474697,0.011764694332664312,0.5783408483021388
2025-03-20,UAMY,Basic Materials,1.8200000524520874,1.8300000429153442,1.7200000286102295,1.7899999618530273,0.1481178577111347,0.011111167036458309,0.6607143543701134
2025-03-25,UAMY,Basic Materials,2.359999895095825,2.4100000858306885,2.200000047683716,2.2100000381469727,0.18184582539646757,0.05829590803158415,0.8079522463216451
2025-03-28,UAMY,Basic Materials,2.4000000953674316,2.4100000858306885,2.1700000762939453,2.2799999713897705,0.18832554555127134,0.0256411040166298,0.6765848682698541
2025-04-08,UAMY,Basic Materials,2.140000104904175,2.190000057220459,1.940000057220459,1.9500000476837158,0.2250613391536056,0.06467667415807105,0.9742210390793629
2025-04-15,UAMY,Basic Materials,3.200000047683716,3.490000009536743,3.0,3.259999990463257,0.25980745577831493,0.019108261393313574,0.5629062997793038
2025-04-16,UAMY,Basic Materials,3.3499999046325684,3.5999999046325684,3.3299999237060547,3.490000009536743,0.2762497810467741,0.02760733571552012,0.5038198913521181
2025-04-17,UAMY,Basic Materials,3.509999990463257,3.5399999618530273,3.109999895095825,3.200000047683716,0.2808033619840982,0.0057306535449461035,0.8230960762593376
2025-04-23,UAMY,Basic Materials,3.3299999237060547,3.5199999809265137,3.2799999713897705,3.440000057220459,0.29381012261871553,0.021472372223182316,0.572658595177893
2025-04-28,UAMY,Basic Materials,3.5399999618530273,3.640000104904175,3.190000057220459,3.359999895095825,0.31038659617007236,0.041176430164325095,0.6738286944388805
2025-05-01,UAMY,Basic Materials,3.2300000190734863,3.4200000762939453,3.130000114440918,3.2200000286102295,0.3083707431203731,0.006230523579077277,0.5347724971230599
2025-05-05,UAMY,Basic Materials,3.450000047683716,3.5199999809265137,3.2300000190734863,3.4100000858306885,0.3115543545370386,0.01470586791583039,0.6782400114235501
2025-05-09,UAMY,Basic Materials,3.6500000953674316,3.700000047683716,3.2799999713897705,3.2799999713897705,0.3116189436445579,0.036931850893561685,0.6744314447651648
2025-05-20,UAMY,Basic Materials,2.8499999046325684,2.859999895095825,2.559999942779541,2.619999885559082,0.31036059572855723,0.04395600172918968,0.8070657034441707
2025-05-28,UAMY,Basic Materials,2.5999999046325684,2.5999999046325684,2.369999885559082,2.4200000762939453,0.2673079364333741,0.011673140921804177,0.6815382961846238
2025-05-29,UAMY,Basic Materials,2.450000047683716,2.4700000286102295,2.299999952316284,2.4000000953674316,0.2646430851933821,0.012396682001644102,0.8481562544631552
2025-06-04,UAMY,Basic Materials,2.759999990463257,2.799999952316284,2.619999885559082,2.75,0.26034936422042965,0.03759394789693757,0.5426841323686185
2025-06-05,UAMY,Basic Materials,3.2799999713897705,3.390000104904175,2.930000066757202,3.0,0.254610128687342,0.19272726232355292,0.8186603669757132
2025-06-09,UAMY,Basic Materials,3.5,3.5,2.9100000858306885,3.049999952316284,0.3019852668919829,0.03857570292449757,0.6595585210195071
2025-06-20,UAMY,Basic Materials,2.9200000762939453,3.0399999618530273,2.7200000286102295,2.7300000190734863,0.2764049127319806,0.006896544920278584,0.6079873163159429
2025-06-25,UAMY,Basic Materials,2.640000104904175,2.680000066757202,2.4600000381469727,2.5299999713897705,0.2656565625455394,0.023255884873024546,0.5124496310325162
2025-07-01,UAMY,Basic Materials,2.2300000190734863,2.240000009536743,1.940000057220459,1.9700000286102295,0.2785177458933896,0.022935757240897796,0.7935336133028532
2025-07-03,UAMY,Basic Materials,2.1600000858306885,2.25,2.0999999046325684,2.2200000286102295,0.28004845936505784,0.014084492853487425,0.574324126343453
2025-07-08,UAMY,Basic Materials,2.2899999618530273,2.3299999237060547,2.1500000953674316,2.240000009536743,0.26427648881159294,0.013274323679807222,0.6997425771555914
2025-07-09,UAMY,Basic Materials,2.259999990463257,2.299999952316284,2.2100000381469727,2.259999990463257,0.258256727349238,0.008928562875609045,0.6429555054895439
2025-07-14,UAMY,Basic Materials,2.8299999237060547,3.1700000762939453,2.819999933242798,2.990000009536743,0.25522596090002914,0.040441137477498154,0.5172358038867847
2025-07-21,UAMY,Basic Materials,4.070000171661377,4.119999885559082,3.509999990463257,3.5299999713897705,0.32452705475422855,0.05167966201978369,0.7807630540927782
2025-07-24,UAMY,Basic Materials,3.75,3.819999933242798,3.5299999713897705,3.5999999046325684,0.3324037609685045,0.005361925153952564,0.5923753703721413
2025-08-05,UAMY,Basic Materials,3.5999999046325684,3.630000114440918,3.2699999809265137,3.440000057220459,0.3366080657358329,0.014084493799404275,0.6208931083714428
2025-08-07,UAMY,Basic Materials,3.4800000190734863,3.619999885559082,3.440000057220459,3.5199999809265137,0.33125900499264,0.023529388665328624,0.5364583490659861
2025-08-08,UAMY,Basic Materials,3.700000047683716,3.7899999618530273,3.4800000190734863,3.640000104904175,0.32331191822114075,0.051136382878565693,0.6749360185628649
2025-08-11,UAMY,Basic Materials,3.8499999046325684,4.039999961853027,3.690000057220459,3.7899999618530273,0.3223610628324551,0.05769225100995483,0.5120174727221797
2025-08-25,UAMY,Basic Materials,4.789999961853027,4.980000019073486,4.550000190734863,4.820000171661377,0.38506141449858483,0.014830545502743481,0.5785313965979049
2025-08-26,UAMY,Basic Materials,4.900000095367432,5.130000114440918,4.800000190734863,4.940000057220459,0.3882713012014447,0.01659749395371494,0.5471540512143009
2025-08-29,UAMY,Basic Materials,4.599999904632568,4.690000057220459,4.429999828338623,4.550000190734863,0.3771654369320702,0.006564492744928128,0.500900009632285
2025-09-03,UAMY,Basic Materials,4.380000114440918,4.539999961853027,4.269999980926514,4.309999942779541,0.37173962426772184,0.016241339348193468,0.5928387874644497
2025-09-05,UAMY,Basic Materials,4.650000095367432,4.71999979019165,4.260000228881836,4.510000228881836,0.36272448157918447,0.015283880530009716,0.6188926842887845
2025-09-23,UAMY,Basic Materials,7.070000171661377,8.170000076293945,6.989999771118164,7.300000190734863,0.42560860388401706,0.09612409003572953,0.5874465453245058
2025-09-24,UAMY,Basic Materials,7.869999885559082,7.96999979019165,6.460000038146973,6.670000076293945,0.5180651512515022,0.07808214793578507,0.7944640758560407
2025-09-26,UAMY,Basic Materials,6.460000038146973,7.0,6.019999980926514,6.25,0.6047092170255014,0.023771806137506388,0.51066187635117
2025-10-10,UAMY,Basic Materials,12.0,13.930000305175781,11.420000076293945,12.210000038146973,0.8499244162881047,0.1029411648693383,0.6901582667694925
2025-10-14,UAMY,Basic Materials,19.5,19.709999084472656,15.420000076293945,17.469999313354492,1.2965675240146772,0.16696595262652536,0.5551188838835727
2025-10-20,UAMY,Basic Materials,13.300000190734863,13.84000015258789,11.020000457763672,13.430000305175781,1.775511539280696,0.1885612769861504,0.8121058237620716
2025-10-30,UAMY,Basic Materials,9.25,9.329999923706055,7.889999866485596,8.34000015258789,1.760407088504163,0.10119052619891059,0.6503505987062062
2025-11-10,UAMY,Basic Materials,8.489999771118164,8.600000381469727,7.539999961853027,7.670000076293945,1.4886286822803305,0.02043270222710471,0.6921993951710709
2025-11-11,UAMY,Basic Materials,7.900000095367432,8.229999542236328,7.610000133514404,8.069999694824219,1.458012377804357,0.029986964378834746,0.5372476997588304
2025-11-19,UAMY,Basic Materials,7.320000171661377,7.460000038146973,6.730000019073486,6.739999771118164,1.220202813068179,0.03389834047197181,0.6521162712303299
2025-11-20,UAMY,Basic Materials,6.929999828338623,7.059999942779541,5.840000152587891,5.880000114440918,1.1851883277828439,0.028189920426204707,0.9051581518349768
2025-12-05,UAMY,Basic Materials,6.489999771118164,6.949999809265137,6.300000190734863,6.360000133514404,0.843510499622797,0.060457498770897664,0.7391855845730292
2025-12-18,UAMY,Basic Materials,4.590000152587891,4.900000095367432,4.360000133514404,4.489999771118164,0.704834351966383,0.011013257963653244,0.547177943016942
2025-12-19,UAMY,Basic Materials,4.519999980926514,4.940000057220459,4.5,4.820000171661377,0.6930604669582863,0.006681561545130887,0.5222008658032885
2025-12-22,UAMY,Basic Materials,5.139999866485596,5.789999961853027,5.019999980926514,5.590000152587891,0.6756990254685726,0.06638997581485977,0.6047134412929056
2025-12-23,UAMY,Basic Materials,5.630000114440918,6.360000133514404,5.519999980926514,6.03000020980835,0.6967205086630781,0.007155628043142246,0.5827923247030441
2025-12-30,UAMY,Basic Materials,5.639999866485596,5.650000095367432,5.070000171661377,5.179999828338623,0.7129225596908091,0.005347545856901427,0.7235141582447261
2026-01-02,UAMY,Basic Materials,5.199999809265137,6.150000095367432,5.179999828338623,5.929999828338623,0.6753260754838726,0.03585653964592276,0.5842457552642066
2026-01-05,UAMY,Basic Materials,6.400000095367432,7.090000152587891,6.199999809265137,6.869999885559082,0.707802792552233,0.07925805744255579,0.62633845112589
2026-01-12,UAMY,Basic Materials,8.010000228881836,8.949999809265137,7.539999961853027,8.569999694824219,0.7810467123972167,0.047058840395623996,0.6548251473650786
2026-01-14,UAMY,Basic Materials,7.900000095367432,8.960000038146973,7.400000095367432,8.779999732971191,0.8498311068927388,0.01935485101515247,0.62330558573091
2024-01-05,UBER,Technology,58.11000061035156,58.5099983215332,57.220001220703125,57.58000183105469,1.559439899989701,0.005363345629462346,0.584576261272779
2024-01-22,UBER,Technology,65.44000244140625,65.61000061035156,64.1500015258789,64.55000305175781,1.6141427297286257,0.005068373951177969,0.6688840594798205
2024-01-25,UBER,Technology,64.27999877929688,66.02999877929688,63.709999084472656,66.0,1.5406500039741973,0.008155590832066503,0.6552916370478815
2024-02-22,UBER,Technology,79.58999633789062,79.72000122070312,77.51000213623047,78.02999877929688,2.6569503867297497,0.041208710045488914,0.501173949456172
2024-03-06,UBER,Technology,80.16999816894531,80.98999786376953,78.52999877929688,78.63999938964844,2.3773537012944463,0.013655353155418944,0.5198323770091151
2024-03-18,UBER,Technology,77.0,77.0,73.66000366210938,75.69999694824219,2.231871521968977,0.012225585761886867,0.5168151980142174
2024-03-21,UBER,Technology,79.5999984741211,81.2300033569336,79.08999633789062,80.25,2.3481268687794756,0.0122075164283257,0.5037044234124286
2024-04-04,UBER,Technology,77.23999786376953,77.66999816894531,74.4800033569336,74.91999816894531,2.1693263348416356,0.005598233548279438,0.5256294656926467
2024-04-11,UBER,Technology,74.80000305175781,76.55999755859375,74.70500183105469,76.18000030517578,2.3338150693312896,0.006052516299557844,0.5039869548028679
2024-04-15,UBER,Technology,76.37999725341797,76.68000030517578,72.87999725341797,73.4000015258789,2.2796161683409184,0.014612094739082405,0.5135028717652228
2024-04-17,UBER,Technology,75.0,75.61499786376953,71.04000091552734,71.94000244140625,2.360485572053402,0.011736176700612482,0.5365224862277628
2024-06-28,UBER,Technology,70.80999755859375,73.26000213623047,70.7699966430664,72.68000030517578,1.9006960648841122,0.006681848808256841,0.5328049545548107
2024-07-18,UBER,Technology,69.0,69.34100341796875,65.80999755859375,66.26000213623047,2.4681369351221627,0.005537703850309106,0.5185277296021109
2024-07-19,UBER,Technology,66.77999877929688,67.44000244140625,66.0999984741211,67.30999755859375,2.5440561439973655,0.007847821103254628,0.5403792341412796
2024-07-26,UBER,Technology,66.0999984741211,66.26000213623047,64.18000030517578,64.4000015258789,2.524823966178063,0.005476127503039746,0.5438202622818694
2024-07-29,UBER,Technology,64.83499908447266,65.25499725341797,63.720001220703125,63.7599983215332,2.4930509565263934,0.0067546203150157975,0.5721698707901838
2024-07-30,UBER,Technology,64.1500015258789,64.7699966430664,62.61000061035156,63.09000015258789,2.4246184619684255,0.0061167379958037135,0.5633779908224015
2024-08-01,UBER,Technology,64.86000061035156,65.0,60.7599983215332,61.02000045776367,2.383308445170041,0.006049315685807646,0.5442247278926005
2024-08-14,UBER,Technology,71.5999984741211,72.0,70.61000061035156,71.93000030517578,2.838090393127228,0.007599225078527151,0.5000829965304838
2024-08-30,UBER,Technology,72.88999938964844,73.41899871826172,72.05999755859375,73.12999725341797,2.114792341260837,0.008997806549007403,0.507265929729587
2024-09-09,UBER,Technology,70.94999694824219,71.19000244140625,69.63300323486328,69.80000305175781,2.1028314931326073,0.01968949527356938,0.536271773019106
2024-11-15,UBER,Technology,72.0999984741211,73.62999725341797,71.76000213623047,73.25,2.3054173935642286,0.009238465987681903,0.5332411379558933
2024-12-12,UBER,Technology,63.165000915527344,63.540000915527344,61.25,61.40999984741211,2.464748936903887,0.0324452533581245,0.5060762935105009
2024-12-19,UBER,Technology,61.849998474121094,62.310001373291016,59.97999954223633,60.209999084472656,2.3895222954580286,0.010125737980074483,0.5484529491066961
2025-01-02,UBER,Technology,62.189998626708984,63.38999938964844,61.310001373291016,63.16999816894531,1.9173493016288123,0.03100130870931058,0.5369071671997239
2025-01-03,UBER,Technology,63.689998626708984,65.22000122070312,63.439998626708984,64.58999633789062,1.9996814725713414,0.008231763065323416,0.5266548567766948
2025-01-14,UBER,Technology,66.16000366210938,66.80999755859375,64.62000274658203,64.83999633789062,2.1829588579852306,0.00700162458499924,0.5266548567766948
2025-01-31,UBER,Technology,67.08999633789062,67.87000274658203,66.33300018310547,66.8499984741211,2.1134409140173425,0.0075086353431062305,0.5186105624029468
2025-02-10,UBER,Technology,77.0999984741211,78.98999786376953,76.80000305175781,78.62999725341797,3.030476553711361,0.033512065028624034,0.5219641747535388
2025-02-26,UBER,Technology,75.33000183105469,76.48999786376953,75.30999755859375,75.87000274658203,3.0242802119695673,0.005070112051837946,0.514369019968549
2025-03-03,UBER,Technology,77.05999755859375,77.73999786376953,73.68000030517578,74.44000244140625,2.960949035031109,0.013813911233437485,0.5875725727304572
2025-03-12,UBER,Technology,72.30999755859375,72.41999816894531,69.55000305175781,71.19999694824219,3.247701875991354,0.023496050911008003,0.5600341594292891
2025-03-17,UBER,Technology,72.0199966430664,73.80999755859375,71.7750015258789,72.7300033569336,3.11501087682795,0.006568743134344942,0.5130173715577699
2025-03-19,UBER,Technology,71.91999816894531,73.78500366210938,70.7300033569336,73.0199966430664,2.996514116187708,0.00517114048087256,0.5175276759343483
2025-04-08,UBER,Technology,69.30999755859375,70.06999969482422,63.5,65.06999969482422,3.404331104124603,0.05591100248431871,0.9144848007216523
2025-04-17,UBER,Technology,73.9800033569336,75.91000366210938,73.76000213623047,75.23999786376953,3.551311145337988,0.012592469601466982,0.5230083433352642
2025-04-23,UBER,Technology,76.92500305175781,77.58000183105469,73.2300033569336,73.7699966430664,3.4839939012013224,0.03338259710976735,0.5907963331997401
2025-06-06,UBER,Technology,85.4000015258789,86.69000244140625,85.02999877929688,85.5999984741211,2.7983556381064005,0.008621747640492325,0.5508179562303234
2025-06-16,UBER,Technology,84.8499984741211,86.0199966430664,84.70999908447266,85.12000274658203,2.5624410424546573,0.010961493692364233,0.5074767197698101
2025-07-17,UBER,Technology,91.20500183105469,91.4000015258789,89.9000015258789,90.5,2.632619898498807,0.005013794281594352,0.5189171121986433
2025-07-24,UBER,Technology,91.05000305175781,93.61000061035156,90.87000274658203,90.87000274658203,2.444638396114949,0.012341567491892177,0.5419141827999936
2025-08-04,UBER,Technology,87.69999694824219,88.58999633789062,87.41000366210938,88.43000030517578,2.4667345695439256,0.009089785442929743,0.5240581284076731
2025-08-07,UBER,Technology,90.72000122070312,92.73999786376953,89.16000366210938,92.66999816894531,2.5788061631257677,0.016812373677169725,0.5122043208687851
2025-10-09,UBER,Technology,99.96499633789062,100.16999816894531,95.83000183105469,96.0,2.8365295921750584,0.006899653173007435,0.5375964537960671
2025-10-20,UBER,Technology,93.0,94.5,92.8499984741211,93.69999694824219,2.8736706330146546,0.00758393201622821,0.5023636097012913
2025-10-24,UBER,Technology,95.1500015258789,95.26000213623047,93.9000015258789,94.06999969482422,2.741145853634628,0.005707651538353976,0.5006568821986064
2025-10-27,UBER,Technology,94.91000366210938,96.66000366210938,94.52999877929688,96.41999816894531,2.6424926219715514,0.008929562772512412,0.5050785782015449
2025-11-03,UBER,Technology,97.66000366210938,100.3499984741211,96.77999877929688,99.72000122070312,2.6070916441836527,0.012020763337920985,0.5531451853836237
2025-11-20,UBER,Technology,90.19999694824219,90.54000091552734,82.94000244140625,83.36000061035156,2.7928852289743977,0.007483504725571876,0.5461475348556224
2025-11-21,UBER,Technology,83.97000122070312,84.0,81.51000213623047,83.87000274658203,3.1362504607705906,0.007317665617624926,0.570268859407756
2025-11-28,UBER,Technology,86.51000213623047,87.62000274658203,86.23999786376953,87.54000091552734,2.883442698012893,0.009922932965003827,0.5017552652313014
2025-12-22,UBER,Technology,81.31999969482422,82.25,80.9000015258789,81.26000213623047,2.6814233571381165,0.02534361616573612,0.5291246144583052
2026-01-06,UBER,Technology,81.18000030517578,85.6500015258789,81.08999633789062,85.54000091552734,2.19779867126638,0.005449621662718576,0.5062462585957155
2024-02-07,UNH,Healthcare,493.922621134291,500.6394442168606,492.65419938158647,499.0923767089844,10.747125817882228,0.006540453355092882,0.6738062045653735
2024-02-13,UNH,Healthcare,501.6003124678941,506.3376417143238,494.1147657003967,496.65155029296875,9.532104257397016,0.00842270844870463,0.5828036166816769
2024-02-20,UNH,Healthcare,503.7240660466051,504.83870782065844,499.11160155417406,500.6971435546875,8.752296258510043,0.0051002806563645075,0.6044790348508278
2024-03-13,UNH,Healthcare,476.10282812650377,478.4953153016137,468.2018648190004,470.77764892578125,10.007315303552277,0.008521460114873739,0.5449919543671857
2024-04-16,UNH,Healthcare,459.94391688451816,462.81875791267555,449.16814280138254,452.342041015625,8.686450475874478,0.0698783989415458,0.5411129855149606
2024-04-17,UNH,Healthcare,461.7094113856217,470.77766377514536,457.8409215717355,462.08563232421875,10.417116391421652,0.020708599954504636,0.6025713138439165
2024-04-18,UNH,Healthcare,468.97362936011405,484.2835446775791,468.81927250623414,475.7748107910156,10.989866846285846,0.014906321586433544,0.6197848241780488
2024-06-12,UNH,Healthcare,482.35412224039266,482.35412224039266,470.21810547867045,475.668701171875,9.5790762492982,0.007617536408591384,0.5881333907727953
2024-07-24,UNH,Healthcare,542.5284550859759,543.6232047347471,535.7662443355451,542.2862548828125,12.171101504351011,0.00955462204946099,0.6203378528050585
2024-08-02,UNH,Healthcare,564.1617893721432,573.0844069430418,557.3026631156044,571.4277954101562,13.084565331066194,0.01669064776148688,0.6318423948546984
2024-08-26,UNH,Healthcare,569.7033530183659,573.6173464679189,567.4654253218885,568.8120727539062,10.613461451273507,0.0060563446250800545,0.52875603737744
2024-09-19,UNH,Healthcare,567.5136748402037,568.5929020994853,558.6274812486188,561.04833984375,11.391166858648086,0.005287141214587986,0.6375159464864544
2024-10-25,UNH,Healthcare,550.44117416894,555.6329411461995,547.9619839374543,548.8856201171875,12.716327200907172,0.00953970819709043,0.5147913604429758
2024-11-06,UNH,Healthcare,587.133502034331,588.6890563164364,574.4457713497524,580.1236572265625,11.18735445458404,0.06502309241362524,0.5624428489803669
2024-12-06,UNH,Healthcare,565.9483547052441,565.9483547052441,529.0325776383695,534.3604125976562,14.450716253225036,0.005423469987543459,0.5780981642990807
2024-12-18,UNH,Healthcare,476.69063503822304,494.36537879816126,474.3190469516468,487.70928955078125,17.933724721202882,0.005993489265438467,0.7110439317002278
2025-01-07,UNH,Healthcare,506.37949152213304,507.0138926934894,498.932902486389,501.89007568359375,13.23596394708418,0.010084208053384475,0.5855061990334817
2025-01-13,UNH,Healthcare,522.1804263270486,534.2434020983826,520.326128091502,528.1338500976562,13.26020361384031,0.02755965028618552,0.5793834995241475
2025-01-27,UNH,Healthcare,527.0016492061889,538.6449064426826,527.0016492061889,530.4566040039062,14.179384417390422,0.014027802232778877,0.7052018562993588
2025-02-12,UNH,Healthcare,526.8747789021097,529.3146918535286,512.8794715709562,514.7240600585938,13.258889949683923,0.011106582040604128,0.6320407116057011
2025-02-27,UNH,Healthcare,454.96573733019926,463.9738775978039,453.8433534564609,457.29827880859375,16.635003765327504,0.005565382471345529,0.7818783672554194
2025-03-18,UNH,Healthcare,492.2635620463555,495.9194805918801,487.9313770872841,493.7925720214844,13.897800303079718,0.00645266844605002,0.5099131075500273
2025-04-03,UNH,Healthcare,519.4623384172891,537.6046677709553,518.7762311611419,529.7047729492188,10.76276194862272,0.012977876688201726,0.788123469369446
2025-04-08,UNH,Healthcare,570.6058145092978,573.3894273451783,536.5853288887181,542.0936889648438,13.686210170055828,0.10952923305598707,0.8836936630417349
2025-04-15,UNH,Healthcare,580.4758224466136,581.0835020722665,570.449048800578,571.9976806640625,18.73670210254496,0.008823692107726508,0.5699380886803536
2025-05-14,UNH,Healthcare,315.06478679276836,316.525180128247,301.0096076599364,301.8917541503906,19.177403452611692,0.03233997858187771,0.6670199265391907
2025-05-20,UNH,Healthcare,314.5452751990946,318.19138251165873,306.37091419741785,315.192138671875,22.069311855221983,0.015923221082976977,0.6591135348775014
2025-06-04,UNH,Healthcare,297.5105333632695,301.52909753376196,294.23688223345425,294.4132995605469,16.04288261410814,0.007702061867092176,0.71713237924425
2025-06-09,UNH,Healthcare,298.98076902473423,301.2938762091427,295.1582436454414,297.1675109863281,14.432762200370297,0.0060023156842777,0.5841698205721274
2025-06-20,UNH,Healthcare,305.5055674545465,305.5944022922722,297.69765095257475,298.11224365234375,10.99625321078,0.007486849315113076,0.5751372875649275
2025-07-03,UNH,Healthcare,305.841169621153,308.220069529243,304.25196290538156,304.56781005859375,10.343590253497384,0.007413150743501211,0.503370466913614
2025-07-21,UNH,Healthcare,280.9664532851321,282.80243368316667,277.5708474830179,278.49871826171875,8.47518246930805,0.007040619163867196,0.5802566676139537
2025-07-25,UNH,Healthcare,277.3733939616759,282.44707121452234,276.3270768071626,277.4326171875,8.421871992246507,0.00868693975872629,0.5603016559574354
2025-07-28,UNH,Healthcare,279.84113735419993,281.32177829258194,276.08031178060696,278.47894287109375,8.35334199807871,0.008681459992399365,0.5415229145320639
2025-08-11,UNH,Healthcare,250.59352538217271,255.0650595765029,248.88585714016565,249.11288452148438,9.53225346989745,0.011877623559827277,0.5011354893355567
2025-08-13,UNH,Healthcare,260.97778177309374,268.67710247086285,259.49714086015996,268.302001953125,9.45184673410046,0.010781026851078266,0.5678764218229126
2025-08-20,UNH,Healthcare,302.4455792417313,303.235272473315,291.88369208635527,295.9702453613281,11.435194110692398,0.007099692753985123,0.5032618047304057
2025-08-22,UNH,Healthcare,302.1494822912276,306.67035959968103,300.64908011781364,303.45245361328125,11.231193976500387,0.009065458443402761,0.557365842869302
2025-09-11,UNH,Healthcare,344.4958062816796,356.3212032558873,341.376585624283,349.0462951660156,10.506323643537042,0.0064017951411865694,0.5356919928089429
2025-10-20,UNH,Healthcare,356.14547514647154,363.1285236092991,355.1223552828288,362.0458068847656,9.094014783309907,0.005440318069299166,0.5360034053872803
2025-11-20,UNH,Healthcare,308.7342150670524,312.6479037214223,307.9296271759839,309.4593505859375,10.074112030896904,0.0055646436185658845,0.7433342685664047
2024-01-08,UPST,Financial Services,34.15800094604492,35.560001373291016,33.380001068115234,35.540000915527344,3.2668963690316093,0.02761730509095654,0.5710617688901872
2024-01-12,UPST,Financial Services,33.58000183105469,34.4900016784668,31.940000534057617,31.950000762939453,3.1407294718681107,0.010532720241945714,0.5357328829377339
2024-01-18,UPST,Financial Services,31.75,31.8700008392334,30.170000076293945,31.139999389648438,2.9465937336699914,0.022215085187435694,0.6676245116772554
2024-01-24,UPST,Financial Services,36.29999923706055,37.900001525878906,33.47999954223633,33.66999816894531,2.9193507187099055,0.034777575322868216,0.8398618941782156
2024-01-25,UPST,Financial Services,34.310001373291016,35.439998626708984,32.7400016784668,33.22999954223633,3.026540094776525,0.019008115210888077,0.658991597279014
2024-01-26,UPST,Financial Services,33.790000915527344,35.117000579833984,32.599998474121094,32.619998931884766,3.0032155843097867,0.016852283509039386,0.5581834924281966
2024-02-01,UPST,Financial Services,32.189998626708984,32.7400016784668,30.65999984741211,32.29999923706055,3.0081554699930453,0.01353899227734002,0.5569577212357103
2024-02-09,UPST,Financial Services,34.5,35.34000015258789,33.0099983215332,33.900001525878906,2.718029013136434,0.005537703850309106,0.502141366633407
2024-02-15,UPST,Financial Services,26.920000076293945,27.81999969482422,26.270000457763672,27.110000610351562,3.0958333930006487,0.017384769755764216,0.5079199506031854
2024-02-22,UPST,Financial Services,25.110000610351562,25.329999923706055,24.2810001373291,24.469999313354492,2.657102372820919,0.02447981949680704,0.6385851964670134
2024-02-29,UPST,Financial Services,26.200000762939453,26.6200008392334,25.559999465942383,25.75,2.2586396613305153,0.026645779505419725,0.5500503297575842
2024-03-08,UPST,Financial Services,27.149999618530273,28.969999313354492,26.8799991607666,27.34000015258789,1.9405821429255175,0.02996961266641544,0.5308525757794106
2024-03-11,UPST,Financial Services,27.5,27.739999771118164,26.06999969482422,26.270000457763672,1.9883976115024755,0.005852225549346402,0.6125484936414736
2024-03-12,UPST,Financial Services,26.489999771118164,26.489999771118164,25.15999984741211,25.299999237060547,1.9656549304161521,0.008374545470914712,0.5654386515481089
2024-03-21,UPST,Financial Services,27.010000228881836,27.809999465942383,26.31999969482422,26.34000015258789,1.811070992632214,0.016942800150146257,0.7839991836103234
2024-03-26,UPST,Financial Services,26.600000381469727,27.780000686645508,26.40999984741211,26.579999923706055,1.6573225134813352,0.01876674682741673,0.5319092401712888
2024-04-04,UPST,Financial Services,26.440000534057617,27.385000228881836,25.079999923706055,25.100000381469727,1.6759900002991632,0.005705576770888622,0.5423417374293154
2024-04-17,UPST,Financial Services,22.739999771118164,23.149999618530273,22.299999237060547,22.440000534057617,1.6102971109641613,0.008873063330403204,0.5154376344239199
2024-05-03,UPST,Financial Services,24.670000076293945,24.979999542236328,23.510000228881836,24.149999618530273,1.3750997343839493,0.04934069911182133,0.5139843345870659
2024-05-13,UPST,Financial Services,26.239999771118164,28.530000686645508,26.059999465942383,27.43000030517578,1.7815419460667037,0.033070872645804224,0.5195902726047749
2024-05-24,UPST,Financial Services,23.350000381469727,23.690000534057617,23.072999954223633,23.350000381469727,1.786732210283859,0.008203822768109723,0.5298834013859337
2024-05-28,UPST,Financial Services,23.709999084472656,23.799999237060547,23.083999633789062,23.510000228881836,1.7031799509660108,0.0154175030887203,0.5609749116367726
2024-05-31,UPST,Financial Services,24.799999237060547,25.559999465942383,23.809999465942383,24.719999313354492,1.5757180732889378,0.021416743645359483,0.5257066513732256
2024-06-03,UPST,Financial Services,25.479999542236328,25.5,23.707000732421875,24.1200008392334,1.588166782339728,0.030744346682536547,0.5303520497647474
2024-06-12,UPST,Financial Services,25.920000076293945,27.2189998626709,24.65999984741211,24.979999542236328,1.573371851468321,0.06578949019519266,0.6581980216868241
2024-06-13,UPST,Financial Services,25.15999984741211,25.239999771118164,22.899999618530273,23.06999969482422,1.6680595883524894,0.0072057769605413996,0.5451850713159567
2024-06-28,UPST,Financial Services,23.83799934387207,24.06999969482422,23.15999984741211,23.59000015258789,1.3758359412053096,0.009656871140466811,0.5204818175277094
2024-07-08,UPST,Financial Services,23.40999984741211,24.149999618530273,23.18000030517578,23.219999313354492,1.1970863293663345,0.00905168437787798,0.5314640484010159
2024-07-10,UPST,Financial Services,24.639999389648438,24.844999313354492,23.84000015258789,24.81999969482422,1.2065181982194944,0.016501634583630274,0.6300865025877632
2024-07-11,UPST,Financial Services,26.100000381469727,26.989999771118164,25.530000686645508,26.920000076293945,1.1921239812585736,0.051571341755996467,0.6860754384865302
2024-07-22,UPST,Financial Services,28.149999618530273,28.899999618530273,27.020000457763672,27.649999618530273,1.7400203433733954,0.012954253009822125,0.5919484194354633
2024-07-25,UPST,Financial Services,25.15999984741211,26.316999435424805,24.719999313354492,25.760000228881836,1.792363180970348,0.005595499084213481,0.6617965189411845
2024-07-26,UPST,Financial Services,26.985000610351562,27.094999313354492,25.97100067138672,26.110000610351562,1.7784086767632026,0.047554362212166024,0.6446675834765655
2024-07-29,UPST,Financial Services,26.309999465942383,27.729999542236328,25.739999771118164,26.049999237060547,1.7467365630281637,0.007659856411934699,0.6067788346350217
2024-07-30,UPST,Financial Services,26.31999969482422,26.979999542236328,24.8700008392334,26.030000686645508,1.7641125064631638,0.010364701177401587,0.621606933485522
2024-08-06,UPST,Financial Services,23.969999313354492,24.56999969482422,23.200000762939453,23.8700008392334,2.118588932943362,0.006508451640604108,0.5404666480096995
2024-08-07,UPST,Financial Services,30.0,36.400001525878906,28.84000015258789,33.29999923706055,2.065118218582034,0.2568076642331392,0.6981152848921008
2024-08-09,UPST,Financial Services,34.61000061035156,38.5,32.81999969482422,36.25,2.8267092743570505,0.01169253249294766,0.5017750225810848
2024-08-14,UPST,Financial Services,38.59000015258789,38.91999816894531,36.040000915527344,36.08000183105469,3.0567714766364324,0.020089830418916862,0.618586937811211
2024-08-26,UPST,Financial Services,42.439998626708984,44.150001525878906,41.11000061035156,43.150001525878906,2.926103719730885,0.010476157778785342,0.531187174693531
2024-09-06,UPST,Financial Services,36.290000915527344,36.845001220703125,33.77000045776367,34.400001525878906,3.0051324308186382,0.01595743771962275,0.5329475391185062
2024-09-19,UPST,Financial Services,40.34000015258789,41.4900016784668,38.369998931884766,40.0,3.0838469103043695,0.05298874201325794,0.6431027818603512
2024-09-23,UPST,Financial Services,40.0,40.34000015258789,38.11000061035156,38.529998779296875,2.9965210348803857,0.006542483909206369,0.5182889352904753
2024-09-25,UPST,Financial Services,38.75,41.70000076293945,38.611000061035156,39.54999923706055,2.910214535427844,0.029489921050764662,0.5027662479037246
2024-09-26,UPST,Financial Services,40.119998931884766,41.2400016784668,38.2140007019043,40.88999938964844,2.992342166703785,0.014412129097845781,0.7301695564132225
2024-09-27,UPST,Financial Services,41.709999084472656,42.54999923706055,39.720001220703125,40.849998474121094,2.994746367407979,0.02005379572179223,0.501948899017006
2024-10-21,UPST,Financial Services,53.810001373291016,54.43000030517578,51.599998474121094,52.540000915527344,3.4673842424146897,0.012798800894131131,0.5293358441085414
2024-10-24,UPST,Financial Services,51.400001525878906,54.470001220703125,50.310001373291016,51.09000015258789,3.384024529319871,0.03316585981666143,0.5685249609346877
2024-11-05,UPST,Financial Services,48.2599983215332,52.0,48.029998779296875,50.599998474121094,3.1934207347033348,0.02159179946708907,0.5117794855171556
2024-11-06,UPST,Financial Services,53.689998626708984,54.47999954223633,51.90999984741211,53.97999954223633,3.305319133762611,0.06106719853298499,0.5199091237871464
2024-11-13,UPST,Financial Services,70.20999908447266,72.77899932861328,67.38400268554688,67.80000305175781,5.864852188464673,0.011234319110880497,0.5840933529439831
2024-11-25,UPST,Financial Services,77.19000244140625,80.87000274658203,73.94000244140625,79.5199966430664,5.3961373555018755,0.042263097299404404,0.5317823559046349
2024-11-27,UPST,Financial Services,80.0,81.97000122070312,76.41000366210938,78.43000030517578,5.42743449747505,0.018978446353677188,0.5430972833670541
2024-12-06,UPST,Financial Services,74.5,77.94999694824219,74.0,77.16000366210938,5.384822744795669,0.014848062709649848,0.5081384733998734
2024-12-09,UPST,Financial Services,77.65499877929688,79.19999694824219,74.3499984741211,76.38999938964844,5.3244777834626085,0.00641517747141548,0.5896166947263835
2024-12-11,UPST,Financial Services,76.04000091552734,78.69000244140625,75.02999877929688,78.4000015258789,5.450544431014854,0.027289980600805053,0.5018588547920629
2024-12-12,UPST,Financial Services,78.87999725341797,85.29000091552734,76.66999816894531,77.08000183105469,5.3947916715380675,0.006122394364758037,0.5838207107414232
2024-12-18,UPST,Financial Services,83.69000244140625,86.98999786376953,72.19999694824219,73.31999969482422,5.777432402660757,0.008434806550854435,0.7711888460453001
2024-12-19,UPST,Financial Services,75.54499816894531,76.75,66.94999694824219,67.2300033569336,6.421187296436942,0.030346405938108046,0.6632564205988926
2024-12-31,UPST,Financial Services,64.20999908447266,64.81999969482422,61.209999084472656,61.56999969482422,5.851848041680428,0.014055581079246059,0.6405546852150558
2025-01-06,UPST,Financial Services,65.08999633789062,65.7699966430664,63.099998474121094,63.52000045776367,5.403724695607578,0.01576146189100872,0.6041307214879184
2025-01-21,UPST,Financial Services,64.0,65.0999984741211,62.029998779296875,64.01000213623047,4.571936147766907,0.01651843917805633,0.5086379542997018
2025-01-31,UPST,Financial Services,68.1500015258789,68.69999694824219,63.88999938964844,64.74500274658203,4.221247307335687,0.012329201349038341,0.5734100476734892
2025-02-06,UPST,Financial Services,65.47000122070312,66.12000274658203,63.45000076293945,65.13999938964844,4.061564042808221,0.0075407485142465255,0.6189093385044983
2025-02-12,UPST,Financial Services,83.44000244140625,90.44000244140625,80.0,88.7699966430664,4.246356271872406,0.23908534272456639,0.5894017752488014
2025-02-18,UPST,Financial Services,83.30000305175781,89.63999938964844,83.05000305175781,86.88999938964844,6.108070510217236,0.01067707962099996,0.5450559094916357
2025-02-21,UPST,Financial Services,80.2300033569336,80.3499984741211,71.12000274658203,71.7699966430664,6.14044185660582,0.012877216061739439,0.7592215569287346
2025-02-24,UPST,Financial Services,72.24500274658203,72.75,67.59700012207031,70.5,6.361124275958195,0.006618449571315601,0.6108333227154797
2025-02-26,UPST,Financial Services,68.3499984741211,70.73999786376953,67.6500015258789,68.77999877929688,6.313056225898444,0.021521368004754377,0.5327639791637984
2025-02-27,UPST,Financial Services,70.88999938964844,71.77999877929688,66.31700134277344,66.7300033569336,6.135694652738567,0.030677531954052366,0.8285270176544939
2025-03-03,UPST,Financial Services,68.08999633789062,69.19000244140625,61.05699920654297,61.689998626708984,5.891241464790565,0.021298908173762985,0.7102422086733335
2025-03-12,UPST,Financial Services,50.5,51.470001220703125,47.04999923706055,49.65999984741211,5.854358533623577,0.08252943940388345,0.7720073388593841
2025-04-08,UPST,Financial Services,40.72999954223633,41.349998474121094,34.619998931884766,35.88999938964844,5.0354709249834535,0.07808366485591389,0.9669229456850614
2025-04-14,UPST,Financial Services,40.5099983215332,41.27000045776367,37.79999923706055,39.959999084472656,5.319923198747145,0.038984267187294384,0.6406010156229264
2025-04-23,UPST,Financial Services,45.0,46.900001525878906,43.459999084472656,43.97999954223633,4.330362286115915,0.07321725906224862,0.8340654619232254
2025-05-08,UPST,Financial Services,48.029998779296875,50.61000061035156,46.150001525878906,47.93000030517578,4.177276010272455,0.03423773039634492,0.5427903730740167
2025-05-12,UPST,Financial Services,50.90999984741211,53.9900016784668,50.7400016784668,52.959999084472656,4.0876511821324435,0.07928772151042932,0.6839889337467197
2025-05-29,UPST,Financial Services,47.95000076293945,48.20000076293945,45.970001220703125,46.689998626708984,3.2808666092741965,0.01999579823374885,0.8272859399567635
2025-06-05,UPST,Financial Services,50.95000076293945,53.720001220703125,50.380001068115234,51.380001068115234,3.031744229059836,0.00572445551521568,0.5169624490686227
2025-06-06,UPST,Financial Services,53.38999938964844,55.2599983215332,52.779998779296875,54.33000183105469,3.0537625093118406,0.03912024678373436,0.534472467470783
2025-06-09,UPST,Financial Services,55.5099983215332,57.77299880981445,54.15999984741211,57.41999816894531,3.1127792767479927,0.02171905854426158,0.5645977545332969
2025-06-10,UPST,Financial Services,58.189998626708984,58.5,55.83000183105469,57.68000030517578,3.148509254294732,0.013409970085650652,0.5665827391338116
2025-06-20,UPST,Financial Services,59.900001525878906,60.470001220703125,56.709999084472656,58.0099983215332,3.3957781191152256,0.013879479847835682,0.6314894799857435
2025-07-08,UPST,Financial Services,77.6500015258789,80.19999694824219,75.13999938964844,76.06999969482422,3.693669177837324,0.01702689034366451,0.6611131093619952
2025-07-09,UPST,Financial Services,76.5,78.8499984741211,75.70999908447266,78.41999816894531,3.7912640621770684,0.0056526923478486405,0.609317619995034
2025-07-21,UPST,Financial Services,79.08000183105469,79.9000015258789,76.37999725341797,76.68000030517578,3.791573902582126,0.009188376915454119,0.567659222685186
2025-07-25,UPST,Financial Services,83.50499725341797,84.01000213623047,81.2699966430664,83.52999877929688,3.962764602675945,0.00973398228393637,0.5279006058337126
2025-07-28,UPST,Financial Services,85.0,85.30000305175781,80.4000015258789,82.30000305175781,3.875424666282239,0.017598482487557136,0.6598094549355303
2025-07-29,UPST,Financial Services,84.30000305175781,86.60099792480469,80.37000274658203,80.43000030517578,3.948608727682001,0.024301335672396222,0.6731772532025919
2025-08-05,UPST,Financial Services,83.73999786376953,85.30999755859375,80.03099822998047,82.62000274658203,4.558625874616821,0.010986309460320058,0.5581935641115977
2025-08-07,UPST,Financial Services,68.69999694824219,71.55999755859375,68.21499633789062,69.52999877929688,5.42507563212586,0.02323499512623273,0.6097090164693867
2025-08-08,UPST,Financial Services,71.0199966430664,71.55000305175781,68.61000061035156,68.76000213623047,5.3532843847558205,0.021429568386720443,0.6130599655549959
2025-08-13,UPST,Financial Services,64.37999725341797,67.1989974975586,63.50299835205078,66.83000183105469,4.992649667424395,0.015297230852232007,0.5363004443255763
2025-08-20,UPST,Financial Services,63.310001373291016,64.25,60.540000915527344,63.880001068115234,4.459817564664514,0.02801010496813147,0.5698970136586041
2025-08-29,UPST,Financial Services,76.05000305175781,76.94999694824219,72.66999816894531,73.27999877929688,4.255872326453454,0.03104664925711152,0.5593098043932847
2025-09-03,UPST,Financial Services,69.55000305175781,69.73999786376953,64.41000366210938,64.45999908447266,4.374195912023323,0.00549378188335861,0.6157056324109604
2025-09-05,UPST,Financial Services,67.75,69.63999938964844,65.01000213623047,66.9000015258789,4.34229078145482,0.028541022848454656,0.685735881449176
2025-09-11,UPST,Financial Services,62.900001525878906,63.880001068115234,61.689998626708984,62.189998626708984,4.400051716161605,0.007689897004393075,0.5043470253018738
2025-09-15,UPST,Financial Services,64.43000030517578,67.27300262451172,64.26000213623047,66.9800033569336,4.235606087407639,0.021401370243088372,0.5007344888970799
2025-09-18,UPST,Financial Services,69.0,70.43000030517578,67.12000274658203,68.05000305175781,4.1573119186086105,0.01291833848996906,0.5115246760961086
2025-09-24,UPST,Financial Services,63.22800064086914,64.1500015258789,60.0,60.61000061035156,4.0826190495357535,0.013594093591437123,0.5128089606476381
2025-10-01,UPST,Financial Services,54.685001373291016,54.685001373291016,51.191001892089844,52.130001068115234,3.9400242196950854,0.0764764211530974,0.7914289306568181
2025-10-03,UPST,Financial Services,53.31999969482422,53.59000015258789,51.790000915527344,51.959999084472656,3.8278015064525506,0.008320700034446253,0.5298465021440051
2025-10-06,UPST,Financial Services,52.869998931884766,54.130001068115234,51.87099838256836,52.61000061035156,3.6829584872102648,0.017513469273405878,0.5535647847457188
2025-10-15,UPST,Financial Services,52.04999923706055,52.540000915527344,49.66999816894531,51.06999969482422,3.3650701100538702,0.03294304162569848,0.5338631599430823
2025-10-20,UPST,Financial Services,47.41999816894531,50.869998931884766,47.2599983215332,50.220001220703125,3.2137277075279926,0.019784906859038977,0.6717158385623917
2025-10-24,UPST,Financial Services,53.970001220703125,55.220001220703125,52.459999084472656,52.689998626708984,3.3586193981223396,0.03589256816410257,0.5416292127993374
2025-10-27,UPST,Financial Services,54.5,54.5,52.25,52.7400016784668,3.3415753515837463,0.03435189638387106,0.678382024303654
2025-10-31,UPST,Financial Services,46.209999084472656,47.9900016784668,45.81999969482422,47.52000045776367,3.240675212162789,0.02780249166934923,0.5416822002099034
2025-11-10,UPST,Financial Services,39.75,40.09000015258789,38.54999923706055,38.77000045776367,3.347689259591807,0.02979278682225625,0.5748981210679807
2025-11-14,UPST,Financial Services,38.119998931884766,39.900001525878906,37.79999923706055,38.720001220703125,2.952558830045815,0.02225792426869626,0.7523995235071943
2025-11-19,UPST,Financial Services,38.16999816894531,38.20000076293945,36.625,37.27000045776367,2.9522311952022853,0.006858304473218078,0.5108226766202294
2025-11-20,UPST,Financial Services,38.099998474121094,39.18000030517578,35.52000045776367,35.58000183105469,2.8538575928977976,0.02226986869232855,0.8967274682594897
2025-12-18,UPST,Financial Services,47.13999938964844,49.44499969482422,46.54999923706055,47.029998779296875,2.810884513321503,0.046392900954114656,0.5246662355272022
2025-12-19,UPST,Financial Services,47.86000061035156,48.91999816894531,47.029998779296875,47.59000015258789,2.9240356522102293,0.017648348981460393,0.5530367404641998
2026-01-02,UPST,Financial Services,44.029998779296875,45.90999984741211,43.060001373291016,45.84000015258789,2.341917292094171,0.006860261609899964,0.5541445716725937
2024-01-10,UUUU,Energy,7.059999942779541,7.210000038146973,6.940000057220459,6.96999979019165,0.3745223350406258,0.011461307089892207,0.5569772788311607
2024-01-12,UUUU,Energy,7.320000171661377,7.769999980926514,7.309999942779541,7.659999847412109,0.3622666855534608,0.0368272281854259,0.5469110498059766
2024-01-16,UUUU,Energy,7.769999980926514,8.039999961853027,7.599999904632568,7.71999979019165,0.38710478216728306,0.014360331032064872,0.6675242032959069
2024-01-18,UUUU,Energy,7.699999809265137,7.820000171661377,7.440000057220459,7.599999904632568,0.38867709591499217,0.005221927238881228,0.6836958478654808
2024-01-23,UUUU,Energy,7.349999904632568,7.570000171661377,7.25,7.559999942779541,0.37735554690054174,0.020833347130705174,0.5172154295644957
2024-01-24,UUUU,Energy,7.599999904632568,7.739999771118164,7.449999809265137,7.480000019073486,0.3768301765788059,0.005291000285156192,0.8829751221971347
2024-02-01,UUUU,Energy,7.949999809265137,8.210000038146973,7.849999904632568,7.96999979019165,0.36901977924411156,0.05298008058610927,0.5278171078794448
2024-02-26,UUUU,Energy,6.079999923706055,6.409999847412109,5.96999979019165,6.320000171661377,0.3265466440227589,0.013333320617675781,0.5302567682315714
2024-03-04,UUUU,Energy,6.650000095367432,6.679999828338623,6.28000020980835,6.329999923706055,0.3433705509401679,0.01526716056802879,0.6102434298407929
2024-03-11,UUUU,Energy,6.130000114440918,6.190000057220459,6.03000020980835,6.119999885559082,0.34325522903587896,0.011551183551541416,0.5865628347599324
2024-03-21,UUUU,Energy,6.329999923706055,6.349999904632568,6.190000057220459,6.239999771118164,0.31730757623599143,0.007961737615806696,0.8225551754693864
2024-04-01,UUUU,Energy,6.340000152587891,6.559999942779541,6.289999961853027,6.53000020980835,0.28200795976938525,0.007949155967901354,0.5353878319617267
2024-04-17,UUUU,Energy,5.869999885559082,5.960000038146973,5.730000019073486,5.760000228881836,0.3000732518073913,0.012068912503837306,0.7310485712175957
2024-04-18,UUUU,Energy,5.900000095367432,5.929999828338623,5.730000019073486,5.849999904632568,0.2950680208978267,0.02430553141015643,0.7616921863787626
2024-04-24,UUUU,Energy,5.309999942779541,5.429999828338623,5.210000038146973,5.360000133514404,0.29474327112816323,0.01335881196926839,0.6068280435317213
2024-04-29,UUUU,Energy,5.449999809265137,5.690000057220459,5.429999828338623,5.510000228881836,0.2779558358058525,0.009259206113829329,0.6743379248622212
2024-05-01,UUUU,Energy,5.480000019073486,5.71999979019165,5.400000095367432,5.429999828338623,0.2839007198768092,0.057915096655723655,0.6160434159878886
2024-05-03,UUUU,Energy,5.659999847412109,5.75,5.489999771118164,5.539999961853027,0.3006082521676877,0.010714275678809638,0.5264169486132181
2024-05-13,UUUU,Energy,6.150000095367432,6.260000228881836,6.03000020980835,6.03000020980835,0.28125406852344287,0.011513186272987395,0.5417857612422962
2024-05-15,UUUU,Energy,6.210000038146973,6.320000171661377,6.130000114440918,6.159999847412109,0.271336387519303,0.01970441421222119,0.5663123300546253
2024-05-16,UUUU,Energy,6.21999979019165,6.260000228881836,6.150000095367432,6.21999979019165,0.2683837897731733,0.009740250692497617,0.5673165344017616
2024-06-12,UUUU,Energy,5.949999809265137,6.059999942779541,5.849999904632568,5.940000057220459,0.300005249919336,0.022336706833231943,0.7021477510013215
2024-06-20,UUUU,Energy,6.199999809265137,6.21999979019165,6.03000020980835,6.099999904632568,0.28067851467489063,0.0130718832029433,0.6700393092574468
2024-06-25,UUUU,Energy,5.78000020980835,5.789999961853027,5.539999961853027,5.570000171661377,0.2759186404737066,0.0052174277927564535,0.6225711192221285
2024-07-08,UUUU,Energy,5.940000057220459,6.039999961853027,5.849999904632568,5.889999866485596,0.27009536420840635,0.005076177763606238,0.5102570851769274
2024-07-11,UUUU,Energy,6.53000020980835,6.679999828338623,6.460000038146973,6.650000095367432,0.28560838946606815,0.006163396009379806,0.5918928079624932
2024-07-18,UUUU,Energy,5.989999771118164,6.03000020980835,5.71999979019165,5.75,0.2841437549451869,0.006722682879878545,0.5473991667430501
2024-07-22,UUUU,Energy,5.670000076293945,5.730000019073486,5.590000152587891,5.710000038146973,0.2784199199653807,0.008896831272780218,0.6162103202501478
2024-07-26,UUUU,Energy,5.670000076293945,5.710000038146973,5.519999980926514,5.670000076293945,0.257921456859639,0.01250003086669157,0.5489935655088878
2024-07-29,UUUU,Energy,5.71999979019165,5.71999979019165,5.409999847412109,5.5,0.2530699283139833,0.008818291574060463,0.6475343989368139
2024-08-06,UUUU,Energy,4.769999980926514,4.820000171661377,4.619999885559082,4.630000114440918,0.31199904694026237,0.006329158493033549,0.5792928708927281
2024-08-07,UUUU,Energy,4.699999809265137,4.789999961853027,4.449999809265137,4.449999809265137,0.30399913545183616,0.015118724210371075,0.789631656428709
2024-08-12,UUUU,Energy,4.489999771118164,4.699999809265137,4.480000019073486,4.590000152587891,0.28576756698738776,0.011261196678678882,0.5293910703800615
2024-08-23,UUUU,Energy,4.809999942779541,5.090000152587891,4.769999980926514,4.909999847412109,0.2385229368430936,0.04565218315232698,0.5347581223664295
2024-08-26,UUUU,Energy,4.960000038146973,5.090000152587891,4.869999885559082,4.869999885559082,0.2564856019225385,0.010183338551673611,0.5458808932910735
2024-08-29,UUUU,Energy,4.739999771118164,4.869999885559082,4.679999828338623,4.789999961853027,0.24298793595587773,0.008510630526872615,0.5014961854052329
2024-09-16,UUUU,Energy,4.760000228881836,4.829999923706055,4.550000190734863,4.670000076293945,0.2624921257009358,0.008474669590729235,0.606868838377442
2024-09-19,UUUU,Energy,4.900000095367432,5.019999980926514,4.849999904632568,4.949999809265137,0.2566965228295427,0.047008605790250124,0.6629761111894784
2024-09-26,UUUU,Energy,5.690000057220459,5.789999961853027,5.519999980926514,5.559999942779541,0.26267118819951435,0.014260235615348988,0.7363437463691784
2024-10-03,UUUU,Energy,5.96999979019165,6.0,5.590000152587891,5.610000133514404,0.2631417363792246,0.011864354863177237,0.5772361812734547
2024-10-07,UUUU,Energy,5.699999809265137,5.739999771118164,5.289999961853027,5.400000095367432,0.26694361765911795,0.0052909581247836575,0.5027756461671096
2024-10-17,UUUU,Energy,6.71999979019165,6.96999979019165,6.539999961853027,6.639999866485596,0.3197043145188187,0.018181801105005106,0.5127717457647636
2024-10-21,UUUU,Energy,7.050000190734863,7.090000152587891,6.710000038146973,6.940000057220459,0.33989809654123704,0.030701759278107598,0.504797433467296
2024-10-25,UUUU,Energy,6.239999771118164,6.329999923706055,6.110000133514404,6.170000076293945,0.35781312556878714,0.011345169199133068,0.5197893411729912
2024-10-29,UUUU,Energy,6.539999961853027,6.559999942779541,6.360000133514404,6.420000076293945,0.3495429280175696,0.007704189907274639,0.5890946127788556
2024-11-06,UUUU,Energy,6.099999904632568,6.170000076293945,5.71999979019165,6.050000190734863,0.3418893329327865,0.042735043431714755,0.6037215073461903
2024-11-13,UUUU,Energy,6.800000190734863,6.869999885559082,6.340000152587891,6.380000114440918,0.37013293056736407,0.01341283935562316,0.732028254862527
2024-11-15,UUUU,Energy,6.75,7.150000095367432,6.550000190734863,6.639999866485596,0.3785839655868381,0.007462715247501978,0.6653958687264007
2024-11-27,UUUU,Energy,6.980000019073486,7.099999904632568,6.800000190734863,6.800000190734863,0.38268003877983137,0.005763683216603277,0.5244396400908139
2024-12-02,UUUU,Energy,7.360000133514404,7.380000114440918,6.96999979019165,7.03000020980835,0.39771896544314633,0.013774091112937892,0.5321056649121814
2024-12-03,UUUU,Energy,7.099999904632568,7.119999885559082,6.769999980926514,6.980000019073486,0.39859620535786927,0.009957282039131982,0.5314600888134257
2024-12-04,UUUU,Energy,7.059999942779541,7.199999809265137,6.840000152587891,6.880000114440918,0.3951250410203478,0.011461307089892207,0.5366209751605958
2024-12-09,UUUU,Energy,6.829999923706055,6.840000152587891,6.369999885559082,6.369999885559082,0.37480670756690915,0.020926736216466107,0.5915210561876162
2024-12-10,UUUU,Energy,6.409999847412109,6.489999771118164,6.300000190734863,6.409999847412109,0.3816062475284734,0.006279428975141438,0.5326327984653685
2024-12-18,UUUU,Energy,5.579999923706055,5.78000020980835,5.329999923706055,5.349999904632568,0.33292546999297024,0.005405357106342587,0.7391049624057547
2024-12-19,UUUU,Energy,5.409999847412109,5.519999980926514,5.380000114440918,5.409999847412109,0.341287956857922,0.011214942775529216,0.6388909319350589
2024-12-23,UUUU,Energy,5.349999904632568,5.449999809265137,5.300000190734863,5.400000095367432,0.3176921433326792,0.00943390794308112,0.5496342756843019
2025-01-06,UUUU,Energy,5.949999809265137,6.050000190734863,5.800000190734863,5.829999923706055,0.29227190839393014,0.036585373958310144,0.5411555949699652
2025-01-07,UUUU,Energy,5.860000133514404,5.929999828338623,5.440000057220459,5.449999809265137,0.2935382306241279,0.005145833653678484,0.6544337816394503
2025-01-14,UUUU,Energy,5.309999942779541,5.329999923706055,5.119999885559082,5.150000095367432,0.2936420727561085,0.01335881196926839,0.5833036370392842
2025-01-28,UUUU,Energy,5.269999980926514,5.320000171661377,5.099999904632568,5.269999980926514,0.32016625211461375,0.019342341036144073,0.551776031946319
2025-01-30,UUUU,Energy,5.590000152587891,5.769999980926514,5.489999771118164,5.539999961853027,0.31922497315391873,0.005395721244081881,0.5471318223474977
2025-02-04,UUUU,Energy,5.449999809265137,5.5,5.269999980926514,5.409999847412109,0.32058943275574914,0.03809520176478794,0.5179356852282004
2025-02-10,UUUU,Energy,5.260000228881836,5.369999885559082,5.050000190734863,5.070000171661377,0.3025610073355611,0.01348750884192977,0.5014660708889208
2025-02-11,UUUU,Energy,5.199999809265137,5.210000038146973,4.960000038146973,4.980000019073486,0.30380662787046525,0.025640953294319216,0.5589490406603914
2025-02-21,UUUU,Energy,4.909999847412109,4.909999847412109,4.570000171661377,4.639999866485596,0.27083343836758567,0.008213544721353787,0.7849803134274557
2025-02-24,UUUU,Energy,4.679999828338623,4.690000057220459,4.519999980926514,4.559999942779541,0.2757738838949533,0.00862068168189925,0.6700351679783543
2025-02-26,UUUU,Energy,4.449999809265137,4.610000133514404,4.409999847412109,4.440000057220459,0.2683458525665285,0.020642126833649348,0.6938693666691942
2025-02-28,UUUU,Energy,4.110000133514404,4.46999979019165,3.9700000286102295,4.119999885559082,0.2872471857967923,0.02238809776490291,0.6989496807665772
2025-03-03,UUUU,Energy,4.150000095367432,4.190000057220459,3.7799999713897705,3.799999952316284,0.30244379835283725,0.007281604524675514,0.7485833415291537
2025-03-12,UUUU,Energy,4.239999771118164,4.340000152587891,4.130000114440918,4.159999847412109,0.29041114594686585,0.019230751596258297,0.7611520390639506
2025-03-24,UUUU,Energy,4.440000057220459,4.449999809265137,4.269999980926514,4.289999961853027,0.24536197356996722,0.01834860579271824,0.500602890234552
2025-03-27,UUUU,Energy,4.21999979019165,4.21999979019165,4.019999980926514,4.019999980926514,0.22870999085501056,0.021791688439920482,0.6391287150943731
2025-04-08,UUUU,Energy,3.5899999141693115,3.6500000953674316,3.359999895095825,3.440000057220459,0.24994283157744152,0.040579670884233685,0.9352294765934009
2025-04-14,UUUU,Energy,4.300000190734863,4.360000133514404,4.139999866485596,4.25,0.27228518141692837,0.046228722882787975,0.6430471634340192
2025-04-15,UUUU,Energy,4.320000171661377,4.389999866485596,4.059999942779541,4.130000114440918,0.2706933827442906,0.01647062862620634,0.5240684274653756
2025-04-17,UUUU,Energy,4.909999847412109,5.119999885559082,4.619999885559082,4.949999809265137,0.2938631640709501,0.1083521529736718,0.7157134027022731
2025-04-21,UUUU,Energy,5.079999923706055,5.099999904632568,4.360000133514404,4.489999771118164,0.3221586564387722,0.02626265039396384,0.7136719861493327
2025-04-22,UUUU,Energy,4.579999923706055,4.650000095367432,4.309999942779541,4.349999904632568,0.352004450344443,0.02004457843557473,0.5482136629904917
2025-04-23,UUUU,Energy,4.449999809265137,4.550000190734863,4.389999866485596,4.480000019073486,0.3511470005046893,0.022988484327568063,0.6697948904655828
2025-05-01,UUUU,Energy,4.579999923706055,4.760000228881836,4.429999828338623,4.550000190734863,0.3224831675243392,0.013274323679807222,0.5416133580043165
2025-05-08,UUUU,Energy,4.800000190734863,4.900000095367432,4.619999885559082,4.760000228881836,0.31588288756595995,0.010526355944181743,0.5319236321007342
2025-05-09,UUUU,Energy,4.869999885559082,4.869999885559082,4.599999904632568,4.760000228881836,0.3133198391547021,0.023109170459658976,0.5519187791882721
2025-05-12,UUUU,Energy,4.800000190734863,4.900000095367432,4.639999866485596,4.659999847412109,0.31022556356697434,0.008403352926397583,0.8025004186374045
2025-05-27,UUUU,Energy,5.590000152587891,5.599999904632568,5.349999904632568,5.449999809265137,0.29990649567391753,0.03518519516017357,0.5053873849207581
2025-06-02,UUUU,Energy,4.949999809265137,5.0,4.820000171661377,4.869999885559082,0.28736258952709065,0.012269927283794078,0.6038312622901378
2025-06-03,UUUU,Energy,5.28000020980835,5.739999771118164,5.139999866485596,5.579999923706055,0.27969382087077155,0.08418898026364102,0.537612959485263
2025-06-06,UUUU,Energy,5.670000076293945,5.670000076293945,5.28000020980835,5.46999979019165,0.3305311188147709,0.016129059824093232,0.5796299666646773
2025-06-10,UUUU,Energy,5.699999809265137,5.699999809265137,5.300000190734863,5.360000133514404,0.3415804164105611,0.008849506735177053,0.5812568393198955
2025-06-11,UUUU,Energy,5.400000095367432,5.670000076293945,5.329999923706055,5.409999847412109,0.34575321656196917,0.007462679264300777,0.5361606385995679
2025-06-13,UUUU,Energy,5.579999923706055,5.889999866485596,5.239999771118164,5.619999885559082,0.33067496792558015,0.039106153188513355,0.5906700015583057
2025-06-17,UUUU,Energy,5.860000133514404,5.909999847412109,5.650000095367432,5.880000114440918,0.37252076131136125,0.010344817380417877,0.5919394230396994
2025-06-25,UUUU,Energy,5.699999809265137,5.820000171661377,5.53000020980835,5.610000133514404,0.3629637442578269,0.008849506735177053,0.522672381352404
2025-07-01,UUUU,Energy,5.809999942779541,5.820000171661377,5.590000152587891,5.75,0.37065646179353795,0.010434772657311481,0.6373889511309693
2025-07-21,UUUU,Energy,9.449999809265137,9.479999542236328,8.930000305175781,9.210000038146973,0.5546290357085323,0.009615401270200498,0.6853623442174528
2025-07-28,UUUU,Energy,10.300000190734863,10.40999984741211,9.880000114440918,10.039999961853027,0.565940532301653,0.028971024497710895,0.744106298631885
2025-08-05,UUUU,Energy,9.800000190734863,10.020000457763672,9.550000190734863,9.920000076293945,0.632267398279215,0.008230444599618197,0.5641320214168473
2025-08-08,UUUU,Energy,9.75,10.739999771118164,9.539999961853027,9.550000190734863,0.6394102394272926,0.015624959642690037,0.581750868126839
2025-08-13,UUUU,Energy,9.789999961853027,10.149999618530273,9.1899995803833,9.510000228881836,0.6707012628971365,0.02085503713064761,0.5113237411469829
2025-08-19,UUUU,Energy,10.449999809265137,10.479999542236328,8.15999984741211,8.470000267028809,0.6957944401508434,0.01259691068654942,0.6878426031822753
2025-08-22,UUUU,Energy,9.65999984741211,10.649999618530273,9.470000267028809,10.579999923706055,0.7887027763672948,0.027659599939695315,0.5161684490576467
2025-08-25,UUUU,Energy,10.75,11.1899995803833,10.529999732971191,10.930000305175781,0.8216525780553452,0.01606806025707382,0.5491184302172193
2025-08-28,UUUU,Energy,11.609999656677246,12.09000015258789,11.289999961853027,11.680000305175781,0.9333566682992993,0.018421056594214745,0.5574762393184035
2025-08-29,UUUU,Energy,12.239999771118164,12.5,11.289999961853027,11.5600004196167,0.9238312056161253,0.04794515850262685,0.6843401979770568
2025-09-18,UUUU,Energy,14.350000381469727,14.380000114440918,13.630000114440918,14.100000381469727,0.9607832216502262,0.019176168979168854,0.5197455098147804
2025-09-23,UUUU,Energy,15.800000190734863,16.770000457763672,15.350000381469727,16.670000076293945,1.0039178760868335,0.014772029570886974,0.5614749145666005
2025-09-24,UUUU,Energy,17.329999923706055,18.600000381469727,16.770000457763672,16.8700008392334,1.0336380332444843,0.03959207224903863,0.54720562612723
2025-09-26,UUUU,Energy,17.510000228881836,18.780000686645508,16.450000762939453,16.709999084472656,1.2021165176542694,0.014484356702479365,0.5354741500372024
2025-10-08,UUUU,Energy,18.0,19.260000228881836,17.40999984741211,18.0,1.4055600102742072,0.02330868924704296,0.5317983797246943
2025-10-10,UUUU,Energy,21.239999771118164,22.3700008392334,20.200000762939453,20.34000015258789,1.5139267852030265,0.07817253545877155,0.752726363468395
2025-10-15,UUUU,Energy,26.65999984741211,27.329999923706055,23.0,24.989999771118164,2.0871381704411576,0.01639345454365647,0.6884270677448465
2025-10-20,UUUU,Energy,22.329999923706055,23.139999389648438,20.780000686645508,22.579999923706055,2.419341421084255,0.060303916902632385,0.6614342446425259
2025-10-23,UUUU,Energy,23.18000030517578,23.40999984741211,20.739999771118164,21.260000228881836,2.528277267120598,0.019349188148034078,0.5336827537149155
2025-10-28,UUUU,Energy,19.709999084472656,20.950000762939453,19.209999084472656,20.030000686645508,2.614947194411943,0.03193710423140792,0.5004677982477225
2025-10-30,UUUU,Energy,21.0,22.25,19.559999465942383,21.81999969482422,2.5195718245427505,0.029411783955364302,0.5976232852660301
2025-10-31,UUUU,Energy,22.299999237060547,22.450000762939453,20.010000228881836,20.510000228881836,2.5317453037938127,0.021998146148012356,0.6391712887681401
2025-11-10,UUUU,Energy,16.3799991607666,16.920000076293945,16.09000015258789,16.489999771118164,2.3556836504046457,0.04664533929904875,0.5969475762416034
2025-11-12,UUUU,Energy,15.899999618530273,16.309999465942383,15.579999923706055,15.819999694824219,2.198982367027695,0.014030568180657052,0.5402714188486938
2025-11-19,UUUU,Energy,15.359999656677246,16.209999084472656,15.109999656677246,15.489999771118164,1.903225835202595,0.020597970897915725,0.6181027932430879
2025-11-20,UUUU,Energy,15.989999771118164,16.059999465942383,13.170000076293945,13.210000038146973,1.8501381965265378,0.03227889008315375,0.8925118731089488
2025-11-26,UUUU,Energy,14.75,14.800000190734863,14.319999694824219,14.359999656677246,1.7787564560844726,0.017241379310344827,0.5049699933489131
2025-12-03,UUUU,Energy,15.350000381469727,15.489999771118164,14.699999809265137,15.100000381469727,1.5059424694958137,0.019933567238062264,0.5371469231763047
2025-12-05,UUUU,Energy,16.600000381469727,16.6299991607666,15.130000114440918,15.609999656677246,1.4780320737853012,0.017156905139790426,0.5159296865126269
2025-12-12,UUUU,Energy,16.0,16.020000457763672,14.199999809265137,14.569999694824219,1.3704246117289207,0.011378022038437295,0.5639590979916277
2025-12-15,UUUU,Energy,14.760000228881836,15.289999961853027,13.979999542236328,14.020000457763672,1.4025371857838933,0.013040531093841555,0.7245262863942835
2025-12-19,UUUU,Energy,14.4399995803833,15.619999885559082,14.300000190734863,15.069999694824219,1.2943376752346794,0.03290415259007857,0.5471125708604498
2025-12-30,UUUU,Energy,15.149999618530273,15.220000267028809,14.140000343322754,14.210000038146973,1.1718812132529337,0.005308555097949379,0.6933222951189767
2026-01-02,UUUU,Energy,14.65999984741211,17.06999969482422,14.65999984741211,16.68000030517578,1.133509767524936,0.008253087061479527,0.5556436912281499
2026-01-05,UUUU,Energy,17.270000457763672,18.540000915527344,16.829999923706055,18.469999313354492,1.233259050771097,0.03537171113868711,0.5757205824994741
2026-01-08,UUUU,Energy,19.530000686645508,19.56999969482422,18.350000381469727,18.59000015258789,1.2779921664439953,0.030606854899993537,0.5288411186296245
2026-01-12,UUUU,Energy,18.31999969482422,19.799999237060547,17.75,19.260000228881836,1.325717689809406,0.00881056435883782,0.6201228017907285
2026-01-14,UUUU,Energy,19.559999465942383,21.3700008392334,18.90999984741211,20.90999984741211,1.354062733067884,0.007209031364491867,0.5781691791317871
2024-01-10,V,Financial Services,261.1055009443953,261.49966106152215,259.02625896238055,260.70147705078125,2.7024147109705496,0.006227963374347622,0.5235120511668616
2024-02-07,V,Financial Services,275.3053522875058,275.4630223562095,273.01918140003824,275.3152160644531,3.468254811914119,0.009466769959843808,0.5659018414923127
2024-02-22,V,Financial Services,275.62127288555655,280.43907212896625,275.4238403715981,280.1330261230469,3.555407893734733,0.008744165948093041,0.5176425350630056
2024-04-05,V,Financial Services,272.58051788719945,274.4167937263294,271.52415010693477,273.6072692871094,3.837149693218323,0.007664321760553161,0.5737707842930565
2024-04-15,V,Financial Services,274.3477176618393,274.3674518731823,266.8939403304584,267.82196044921875,3.7182611562805667,0.0069937587965967244,0.5014822921757086
2024-04-17,V,Financial Services,269.8161990506642,270.5072881155248,268.0391559246897,269.2139892578125,3.9809947378237176,0.007186190249903186,0.6677911153758477
2024-04-23,V,Financial Services,270.5171435515367,271.3859308174233,269.2336968619992,270.6158447265625,3.862615804289004,0.006168901134007134,0.542475602635806
2024-04-24,V,Financial Services,278.9679970021059,279.3925084236264,270.99097847617935,271.51422119140625,3.7672396235865424,0.03086350056103567,0.5729471900312787
2024-06-12,V,Financial Services,273.7476819282557,274.56863529503977,266.9527066316544,267.3681335449219,3.5847901093733374,0.007645614645291958,0.6130669585218197
2024-07-22,V,Financial Services,264.31182104521275,265.4690275746508,262.12593282859103,264.78656005859375,4.340491654014907,0.006667759078322359,0.5543972774911312
2024-07-26,V,Financial Services,252.7989137812878,258.3476674036309,252.7989137812878,256.62664794921875,4.80762972658025,0.007290804772713847,0.5241143276226742
2024-07-30,V,Financial Services,260.35551392791547,261.4138064848319,258.1597553342391,260.2269287109375,4.926524771395261,0.006230993735912489,0.6112940935851701
2024-08-07,V,Financial Services,256.8245060810017,259.168620757123,253.51108217755248,253.71878051757812,5.0840888311712105,0.0054209745887848,0.8151173287279925
2024-09-19,V,Financial Services,288.48864497808967,288.87517422631134,280.3421025214185,282.69091796875,4.071925192628203,0.009047608025209144,0.676529357361554
2024-09-25,V,Financial Services,271.73964410205133,271.7991054794688,265.83291540139317,267.22039794921875,5.151244346428102,0.005168850832912419,0.5939762100277194
2024-10-01,V,Financial Services,274.49482688857665,276.56614573335617,271.9081357270118,275.11920166015625,4.981062984969554,0.007346751280946308,0.5085775121414657
2024-10-30,V,Financial Services,289.72743574117493,293.1366958450851,285.75326230871457,287.5669250488281,3.875749489319803,0.03710792447916721,0.5204582943180434
2024-10-31,V,Financial Services,289.47967671149655,293.6916957516853,287.03174914187514,287.25970458984375,4.582893414982727,0.006651500906592949,0.56722493293643
2024-11-06,V,Financial Services,303.5825274568053,306.23856993077356,300.1138057909227,304.6528625488281,4.507549268329918,0.044427003569435894,0.6230595794394083
2024-12-19,V,Financial Services,309.63082403855225,314.63528822135737,309.0350797449425,312.6593322753906,4.606334791186056,0.0066176184072714766,0.6320524189261462
2025-01-14,V,Financial Services,306.572527233451,307.9725867835767,305.3511909529538,306.9101257324219,4.561664890329745,0.005962369209684776,0.5267416652826503
2025-01-31,V,Financial Services,344.02654379001,348.77283193492343,339.30010368753335,339.38946533203125,4.809474431904972,0.009969534163270673,0.5442102174955262
2025-03-12,V,Financial Services,334.1619273735867,334.3509072878508,327.3388297270217,331.04876708984375,6.886927995684008,0.011531282071865661,0.788569471423175
2025-04-08,V,Financial Services,320.5057803033753,324.5240465967075,302.2943222822846,306.6109619140625,10.192357441528024,0.03176221779404226,0.9198996332407884
2025-04-14,V,Financial Services,334.5995511231029,337.78231152034897,331.3471601589774,333.37615966796875,12.877939382273352,0.009028307161479404,0.6239225196716917
2025-04-23,V,Financial Services,335.4250758734188,339.41350508951837,331.4068396748975,332.5705261230469,11.380512767056702,0.017622174485156197,0.6734766641431105
2025-05-12,V,Financial Services,357.2072393070147,359.94243969691246,349.24033682191566,353.9349365234375,7.829988534623071,0.01872135943265605,0.8959746861599168
2025-09-26,V,Financial Services,336.56335656214355,338.8288581394381,335.5653334159302,336.70306396484375,5.543998621354797,0.006867166652970931,0.5100406884698943
2025-12-11,V,Financial Services,332.6000061035156,347.32000732421875,330.05999755859375,345.6300048828125,5.50269044907637,0.021091072008946252,0.507201231278015
2024-01-24,VST,Utilities,39.512729540434485,39.542266884599734,38.533031724056336,38.62657165527344,0.7497310790446141,0.0070263174335744,0.7316716940582543
2024-01-25,VST,Utilities,39.12873165945571,39.9262700534262,39.07949774119331,39.8081169128418,0.7682670848659557,0.013000377270440866,0.639861843345015
2024-02-14,VST,Utilities,43.84504554771798,44.30781728573995,43.31335459486446,43.589046478271484,1.0592674313762729,0.007465952703937768,0.534009291499391
2024-03-06,VST,Utilities,58.35832421954305,60.41617651550405,58.35832421954305,59.963253021240234,1.7185389340943655,0.0064528456341293745,0.631650500347776
2024-03-07,VST,Utilities,60.268482793507424,60.85925600312323,59.648175994038624,60.73125457763672,1.7695015201269768,0.005090280411555903,0.6761536320117977
2024-03-21,VST,Utilities,67.03702290367588,68.42518705202565,66.55783354839778,67.55079650878906,2.1471244814389787,0.01647940284185157,0.7051501881415193
2024-04-04,VST,Utilities,73.66661485560861,74.98068051888286,69.52682483186432,69.69478607177734,2.581594068792232,0.010845813037492475,0.5586573651250188
2024-04-09,VST,Utilities,74.00255127038565,74.69416086979945,67.67923442925368,68.69689178466797,3.0197208991370563,0.006449845625141057,0.5195453661568801
2024-04-15,VST,Utilities,69.98132334615072,71.61155470742604,67.38283093688804,67.40259552001953,3.2504926290441887,0.01562963463240353,0.5380122386759677
2024-04-17,VST,Utilities,67.79779139400705,68.66230706138235,66.45408643939118,67.82743072509766,3.289269484616955,0.01508859456702453,0.676055149513069
2024-04-23,VST,Utilities,66.57264293309207,68.32143882540137,65.80199018243846,67.62982177734375,3.219115794573397,0.009891908712648313,0.6101107323720562
2024-04-24,VST,Utilities,69.16126576053078,70.63341059251346,68.04974541795082,69.61575317382812,3.169139569458362,0.02264450715586643,0.5108064884628896
2024-04-29,VST,Utilities,72.43160107990933,77.06540816233661,72.10556085116389,77.02588653564453,3.282453877027523,0.008390743208256167,0.5974345734063305
2024-05-03,VST,Utilities,79.63424495321802,82.03512886391553,79.11257159825111,80.51358032226562,3.537050904970055,0.009139624922697846,0.5794573166109614
2024-05-06,VST,Utilities,81.323772809233,82.60819943987653,79.1402535675233,82.24263000488281,3.5074129274979686,0.01006280535189821,0.5137894640138626
2024-05-13,VST,Utilities,93.39735158180403,94.60273489304548,88.9710346300092,89.08959197998047,3.990577367188273,0.011881823292585213,0.5077430815042725
2024-05-23,VST,Utilities,94.8497326695953,96.93445135526747,91.55963075850363,94.9781723022461,4.06545485820076,0.018351506951011724,0.7496222062681397
2024-06-03,VST,Utilities,98.6733649792518,98.6733649792518,90.40365121959042,92.13268280029297,4.953413636643461,0.007973363167346545,0.5201093231145248
2024-06-12,VST,Utilities,91.76711618559166,93.36770818239106,87.9336087643683,89.47491455078125,5.5675638852593465,0.01819776022706521,0.7110667491067106
2024-06-20,VST,Utilities,87.44907357424988,89.1033530799629,85.88394332638048,87.35992431640625,5.319841440867294,0.007992529532758103,0.5757580458339764
2024-07-18,VST,Utilities,76.75072979316543,77.41442166459893,73.05583475738726,75.82948303222656,4.966955003172492,0.016797964867037284,0.5677184426743496
2024-07-22,VST,Utilities,76.55261739910857,78.66257406872307,76.34459488588739,78.4248275756836,4.758263929245182,0.010592352111684557,0.6007550186618069
2024-07-25,VST,Utilities,72.85771263057455,73.26384956995976,68.37034496987108,69.71754455566406,4.721072824070392,0.01336434496712987,0.7422558829849681
2024-07-26,VST,Utilities,71.4015552194188,71.6194856981831,69.46000445214771,70.45059204101562,4.733389379500269,0.02415476153796813,0.6704597625213353
2024-07-29,VST,Utilities,71.27278199735004,72.4912081937792,70.17322904566022,70.56946563720703,4.549538798538492,0.011670447792060308,0.6351572364317482
2024-07-30,VST,Utilities,71.25296195143787,72.20392508155234,68.09298528498208,68.35054016113281,4.390141680651384,0.009685439843694528,0.6372949934793004
2024-08-07,VST,Utilities,75.95826748567112,76.32478766672821,71.84732689211225,73.25395965576172,5.28936332968464,0.03078384550854713,0.7986384382413152
2024-08-13,VST,Utilities,78.28613928905577,81.15884493121888,77.19649440618944,79.6927719116211,5.092547645249029,0.013724973942913724,0.5191603801247108
2024-08-26,VST,Utilities,85.49762598492518,87.06275643826929,83.37776881194912,84.08108520507812,4.047220334061377,0.0062960110198965035,0.5425898064112161
2024-09-10,VST,Utilities,74.7002149783097,76.09693957249355,73.79877662942424,75.36390686035156,3.7501072984611823,0.0061374205405182805,0.6991024277882508
2024-09-19,VST,Utilities,93.44213423046341,94.35347304871485,89.4104428234936,91.86709594726562,3.8174464278972335,0.03443361210877068,0.6969153582852973
2024-09-25,VST,Utilities,113.37424694517246,119.75887157740316,112.89763090928133,118.23966979980469,4.889499843742112,0.01583626839266702,0.5344875011420291
2024-09-26,VST,Utilities,119.15317733262582,121.1489951741027,112.81820279830768,113.3543930053711,5.1225398587580795,0.007725897191423293,0.7725226667468633
2024-10-03,VST,Utilities,127.49388216365351,134.34519833178183,125.12075644450768,131.5153045654297,5.686292539925985,0.024168250108625555,0.5790497032579794
2024-10-07,VST,Utilities,138.87303692131027,142.84977929606816,127.45419009144071,130.34365844726562,6.048459127370252,0.010476091932818302,0.5879801864915205
2024-10-17,VST,Utilities,138.49570695641412,138.49570695641412,126.09384907705281,126.37187194824219,6.820940626840592,0.027931314965386193,0.5600215820908995
2024-11-06,VST,Utilities,124.28669702704417,126.10378487926448,120.21563147124984,125.20020294189453,6.271479411179554,0.026825273534462558,0.5348564841140178
2024-11-13,VST,Utilities,144.40372020861994,146.55842025433952,140.3127991323219,141.11708068847656,7.370139225542633,0.023002228075005057,0.6988621874387546
2024-12-03,VST,Utilities,154.5416645934057,157.75880571502572,152.81393813253595,153.07211303710938,8.602221410386194,0.009927877491460159,0.507808970615479
2024-12-04,VST,Utilities,157.8183758624005,163.0909012031467,155.9019878357442,160.17164611816406,8.340981851250735,0.031006711354017086,0.5440530377902504
2024-12-11,VST,Utilities,144.91013713420227,147.36270811971698,142.42777906393326,144.96971130371094,8.567256057533303,0.031232418783931966,0.5110081110131195
2024-12-18,VST,Utilities,140.2531982715968,140.2531982715968,130.71101546810084,131.9521942138672,7.7929021119969395,0.010588691590314406,0.7715716799469439
2024-12-19,VST,Utilities,133.6600921298648,138.7439567459022,132.379201997708,136.2318115234375,7.917850732818298,0.01294330818955137,0.7005664950862047
2025-01-06,VST,Utilities,164.26028463655823,165.09570504401873,158.63111418386137,163.05686950683594,7.639926646419991,0.017245611766627804,0.6165403187562473
2025-01-14,VST,Utilities,165.77199331740522,174.04667689765927,164.78739611481032,169.5811309814453,8.527780244013302,0.028063799002927704,0.5319001041161237
2025-01-21,VST,Utilities,178.32324143330837,187.74165350977495,173.89748646023227,184.3402862548828,8.88696765910527,0.049397197424688934,0.5613476172681581
2025-01-22,VST,Utilities,191.93866715246716,193.6095078480325,182.30145226895576,185.84205627441406,9.5245013286146,0.04121931809891113,0.5714752826490623
2025-01-28,VST,Utilities,141.405446594808,149.0833919919169,134.18500195843788,148.82481384277344,13.031742021731482,0.03720449996976272,0.6521995377850175
2025-02-05,VST,Utilities,171.44094998885842,175.39926434756123,167.75115385546795,170.67514038085938,13.131806199386292,0.024059900445489703,0.6097678272431208
2025-02-18,VST,Utilities,167.95006372450865,171.8288273005945,165.97091410445626,168.3578338623047,10.930676433960098,0.007216876442924496,0.5252355449547129
2025-02-24,VST,Utilities,150.37632476334394,150.76419960500385,138.25571778886004,141.9822998046875,10.723404989039024,0.005051826351659505,0.5923375895474771
2025-02-26,VST,Utilities,142.2210063448719,149.38178125157827,141.78340082031946,147.3827362060547,11.147831569889922,0.0368331302424472,0.7212355784135819
2025-02-27,VST,Utilities,148.29769806727901,152.10683530028794,129.06305970768614,129.30174255371094,11.223924018902817,0.006208066730048532,0.8356499512686881
2025-03-12,VST,Utilities,118.87884918786041,127.13363728394795,117.75500768829002,121.25582885742188,11.460382466905791,0.04520817081433887,0.7567739322635283
2025-04-01,VST,Utilities,117.83893957871015,121.83398865140654,115.56744278156845,121.78417205810547,8.622210236438814,0.007152625848433816,0.6024949347729053
2025-04-08,VST,Utilities,109.0518239801837,111.97089834720732,99.5274755448598,101.8089370727539,10.44417727635596,0.06592651042657578,0.9770642389369745
2025-04-14,VST,Utilities,116.87255024091726,117.7592308354601,110.09791190507373,112.26978302001953,11.00442171090487,0.050129714560025865,0.701167880703357
2025-04-17,VST,Utilities,117.39061798014086,119.73185339423347,113.57489808855307,114.9896011352539,9.948763291579205,0.016915504120966325,0.7237568239644467
2025-04-23,VST,Utilities,121.54507052103679,125.11172277530714,117.88875751893404,119.55252838134766,9.654050905976929,0.08319279251959937,0.6958455125226638
2025-05-01,VST,Utilities,137.15662504437762,140.00596067710782,135.30356039928887,136.7880096435547,8.49408086646392,0.06202267964707989,0.5360335840687077
2025-05-08,VST,Utilities,140.6137053619647,142.7457249521028,136.92750525589855,140.3845672607422,8.38536455349732,0.011756220352395019,0.520006137236507
2025-05-12,VST,Utilities,144.85779762701844,146.92008589830687,142.47671054003501,145.54522705078125,8.151991522910903,0.07108650221516802,0.6922892531148505
2025-05-29,VST,Utilities,165.32123459316517,165.38100842896944,158.1879296172931,159.13438415527344,6.840990406397969,0.02204980538143844,0.8353818227725931
2025-07-09,VST,Utilities,192.24471093473232,199.75613906619554,189.37680132267084,196.5241241455078,6.897560293675888,0.013355887675946936,0.5554101136151964
2025-07-29,VST,Utilities,196.7136429678919,198.91819914637105,193.53150802348725,197.5116729736328,7.954271809254904,0.006738752091187118,0.5801308298350033
2025-07-31,VST,Utilities,209.2227332132458,212.52257350314818,205.22261315315924,208.0256805419922,7.901972683059323,0.012992029401759371,0.7180831063296044
2025-08-11,VST,Utilities,203.09788632329042,205.7014501316107,198.19999174706422,199.58656311035156,9.311579230047752,0.007322459030676978,0.5247322437404314
2025-08-25,VST,Utilities,191.0675967215655,194.18988204916474,188.83313099240337,189.6112060546875,8.671224219646193,0.005670296522691068,0.5008665417269786
2025-09-30,VST,Utilities,198.91265269623102,200.22082623010164,190.434468583815,195.64720153808594,8.535219470928038,0.006315019367577654,0.5403800307683825
2025-10-02,VST,Utilities,203.7558923532988,204.7145623743023,198.43332714060483,202.36782836914062,8.918703715895134,0.012555204459175889,0.5187344432707568
2025-10-07,VST,Utilities,201.28935340204708,203.55119914314005,195.6122560536667,199.34205627441406,8.852860831989622,0.005788145820692344,0.5101608798120943
2025-10-08,VST,Utilities,201.29932434271325,206.32231941424692,199.84834455624014,206.2624053955078,8.78758099323846,0.009818640907389922,0.527459679433643
2025-10-16,VST,Utilities,214.4909273154308,216.79772375287433,208.39344152716168,210.10704040527344,9.264163377302845,0.01868620383381215,0.6438424450593155
2025-10-20,VST,Utilities,203.84578793255267,205.21387556027383,192.53855526997052,193.9695587158203,9.283659990070667,0.013806815063856523,0.5876439110664737
2025-10-27,VST,Utilities,203.37643665595962,203.37643665595962,196.22640226010762,199.0225067138672,9.371241214960813,0.010870115941381483,0.5757126970468578
2025-10-31,VST,Utilities,191.73267185443876,192.6214320675956,183.26448311404664,188.03782653808594,9.806492365762272,0.012071047718364427,0.5517509192019344
2025-11-03,VST,Utilities,190.54431897388326,194.91822525854482,187.58444145552667,192.77120971679688,9.774382122032751,0.013329724566294388,0.5984653697146186
2025-11-10,VST,Utilities,194.52876333653407,196.52597853457334,183.90357909246683,188.01783752441406,9.77463569137559,0.01989528707786495,0.6008543078934853
2025-11-12,VST,Utilities,180.07891886621343,181.04756950309843,177.04314308539543,178.02178955078125,9.940815668994013,0.0065304470208535186,0.5374748660981534
2025-11-20,VST,Utilities,184.56267597351712,189.02643821787026,172.8889499307622,173.5480194091797,9.165179817855886,0.03170716153473624,0.8868572829349434
2025-11-26,VST,Utilities,173.757728580842,177.5025072140498,172.84400929885834,176.5538330078125,9.709662974093819,0.018496847370817505,0.5099952581874787
2025-12-15,VST,Utilities,172.71918039914652,172.75911799936733,166.7474958695247,168.01573181152344,8.564250450234844,0.01681365890786135,0.7037305644142091
2025-12-18,VST,Utilities,165.42934474122464,171.68062306101618,162.44350242218374,165.93862915039062,8.888726088873986,0.03556915940744051,0.516281527678766
2025-12-22,VST,Utilities,164.0,164.30999755859375,160.85000610351562,161.57000732421875,9.077033829150597,0.0073523884718417745,0.5291268866993745
2026-01-02,VST,Utilities,163.88999938964844,169.27999877929688,163.88999938964844,165.22999572753906,6.66900923502987,0.015868081135178985,0.5334159099015188
2026-01-05,VST,Utilities,169.3699951171875,171.65499877929688,160.19000244140625,162.92999267578125,6.760508357402179,0.025055979523688987,0.5088397473029279
2026-01-09,VST,Utilities,174.3300018310547,174.74000549316406,165.8800048828125,166.3699951171875,7.810775473622694,0.1575696863599603,0.7173665329592401
