Date,Ticker,Close,High,Low,Open,Volume,Prev_Close,Prev_Vol,RSI_14,ATR_14,ATR_Pct,Vol_MA20,Vol_Ratio,Dist_MA20,Gap_Pct,Gap_ATR_Ratio,Strategy_Ret,Is_Signal,Label,QQQ_Gap_Pct,QQQ_RSI_14,QQQ_Dist_MA20,SPY_Gap_Pct,SPY_RSI_14,SPY_Dist_MA20,Sector,Is_Tech,Pred_Prob,Gap_Bin,Vol_Bin,Gap_ATR_Bin
2024-01-02,TSLA,248.4199981689453,251.25,244.41000366210938,250.0800018310547,104654200.0,248.47999572753906,100891600.0,52.07011772359024,8.752441289346006,0.03522392723695613,114775595.0,0.8790335610980714,0.009606374023824804,0.006439174706321424,0.1828068364723849,0.00663789047486818,True,1,-0.008986157749089514,69.11995678459243,0.011917991574457387,-0.006627160812066444,70.54413628859716,0.010468204844854556,Consumer Cyclical,0,0.5305834008607258,0.5-1.0%,0.8-1.2,<0.5x
2024-01-02,XOM,95.47930145263672,96.16955622684402,94.07080254388725,94.13609681825089,23483000.0,93.25930786132812,17746400.0,42.0326159015823,1.6289155168466296,0.017466519473517267,22696830.0,0.781888924576692,0.0024533476584884806,0.009401624106266231,0.538265458125242,-0.014268752155500566,True,0,-0.008986157749089514,69.11995678459243,0.011917991574457387,-0.006627160812066444,70.54413628859716,0.010468204844854556,Unknown,0,0.6248491692228079,0.5-1.0%,<0.8,0.5-1.0x
2024-01-02,CVX,136.957275390625,138.7897249397976,136.73739039223184,137.42455897317157,8879700.0,136.66412353515625,7658600.0,52.83616173606374,2.287764077384469,0.01674004865509529,11142060.0,0.6873594290463343,0.015401166611818784,0.0055642652829782525,0.33239241997570995,0.003400291665755286,True,1,-0.008986157749089514,69.11995678459243,0.011917991574457387,-0.006627160812066444,70.54413628859716,0.010468204844854556,Unknown,0,0.5716671577561082,0.5-1.0%,<0.8,<0.5x
2024-01-04,XOM,95.4419937133789,97.54074749070095,95.19014639137896,97.08368754960493,19395200.0,96.28150939941406,23490800.0,54.96994423084191,1.7281398511310941,0.01794882383866752,23077060.0,1.0179286269568133,0.03083690835285524,0.008331590927424233,0.46418589888187073,0.01691008940494974,True,1,-0.004744831274211738,50.1923918388504,-0.01396096750374598,-0.0010451341770785234,57.067212774716026,-0.0007840330507465909,Unknown,0,0.5933531189346984,0.5-1.0%,0.8-1.2,<0.5x
2024-01-04,NFLX,47.46699905395508,48.07400131225586,46.65299987792969,47.29800033569336,36365000.0,47.0260009765625,34437000.0,48.65377188237975,1.0554270897761833,0.022443479518962337,39708450.0,0.8672461403051491,-0.006150349412795353,0.005784020615880614,0.25771496843854963,-0.003573062646671431,True,0,-0.004744831274211738,50.1923918388504,-0.01396096750374598,-0.0010451341770785234,57.067212774716026,-0.0007840330507465909,Unknown,0,0.6220092669575938,0.5-1.0%,0.8-1.2,<0.5x
2024-01-04,MRK,109.77423095703125,110.3746534809949,108.69534427385871,108.75163164872997,11492200.0,107.6727523803711,10721900.0,80.08619858530672,1.6721087550360945,0.015529544086781628,9338280.0,1.148166471769962,0.08090089957449931,0.01001998411397122,0.6452207520052046,-0.009403070949816164,True,0,-0.004744831274211738,50.1923918388504,-0.01396096750374598,-0.0010451341770785234,57.067212774716026,-0.0007840330507465909,Unknown,0,0.531343139256975,1.0-2.0%,0.8-1.2,0.5-1.0x
2024-01-04,CVX,138.03842163085938,141.41929313254937,137.9742791889182,140.7870958298945,8220300.0,139.56854248046875,10255300.0,60.99741306075254,2.4087526200492198,0.017258563980391935,10911345.0,0.9398749650020232,0.034033579827644544,0.008730859603239546,0.5058856352799099,0.01952362311923955,True,1,-0.004744831274211738,50.1923918388504,-0.01396096750374598,-0.0010451341770785234,57.067212774716026,-0.0007840330507465909,Unknown,0,0.6178170835410075,0.5-1.0%,0.8-1.2,0.5-1.0x
2024-01-05,XOM,95.73117065429688,96.44941495308099,95.26478084032313,96.2348725073738,15827400.0,95.4419937133789,19395200.0,51.351588283500895,1.7726013688590154,0.01857255176565465,22934305.0,0.8456850992432515,0.020661640056275132,0.008307441652738055,0.44729672893418004,0.005234088641186943,True,1,0.00042911977802608854,47.50698718446575,-0.015430955578910499,0.00044932028146392363,54.397603871105765,-0.003951883656487354,Unknown,0,0.6149292782247918,0.5-1.0%,0.8-1.2,<0.5x
2024-01-05,NVDA,49.069664001464844,49.51941421396134,48.27910404671196,48.43501923291163,415039000.0,47.971275329589844,306535000.0,49.24281189551712,1.2087109201273276,0.02519655589355919,363599700.0,0.8430562511465218,-2.3639158176269603e-05,0.009667116417806303,0.3836681671353916,-0.013103014690700772,True,0,0.00042911977802608854,47.50698718446575,-0.015430955578910499,0.00044932028146392363,54.397603871105765,-0.003951883656487354,Technology,1,0.5396660909861813,0.5-1.0%,0.8-1.2,<0.5x
2024-01-05,AMD,138.5800018310547,141.00999450683594,136.44000244140625,136.77999877929688,69657700.0,136.00999450683594,58610300.0,53.04104314486293,4.604258457619724,0.03385235382380897,67480120.0,0.8685565467281327,-0.012782307104211243,0.005661380071758158,0.16723741283173071,-0.01315984111582155,True,0,0.00042911977802608854,47.50698718446575,-0.015430955578910499,0.00044932028146392363,54.397603871105765,-0.003951883656487354,Technology,1,0.5448243342240008,0.5-1.0%,0.8-1.2,<0.5x
2024-01-05,CVX,137.8002166748047,139.29366770637287,137.27797576186163,139.24785366617172,7455400.0,138.03842163085938,8220300.0,55.50833559278139,2.48277128601936,0.017986088631604003,10842480.0,0.7581568054541028,0.02051362092690745,0.00876156088300252,0.48712986255428914,0.010396117090878483,True,1,0.00042911977802608854,47.50698718446575,-0.015430955578910499,0.00044932028146392363,54.397603871105765,-0.003951883656487354,Unknown,0,0.5428363891704692,0.5-1.0%,<0.8,<0.5x
2024-01-08,AMZN,149.10000610351562,149.39999389648438,146.14999389648438,146.74000549316406,46757100.0,145.24000549316406,45153100.0,42.127188544530995,2.9248119137062814,0.020137784378174938,47726630.0,0.9460776928938833,-0.0221505120958575,0.010327733016166815,0.5128534908418164,-0.01608287121443173,True,0,0.003125306588444112,48.1914280648086,-0.012690684963375998,0.001089862546455603,55.35098393096569,-0.0032743042608989192,Consumer Cyclical,0,0.6770288327969082,1.0-2.0%,0.8-1.2,0.5-1.0x
2024-01-08,AAPL,183.82398986816406,183.86362411289957,179.80197564152536,180.38645226507356,59144500.0,179.48495483398438,62379700.0,28.841694825158395,2.94077391667931,0.0163845148993095,57081765.0,1.0928130901348267,-0.05175282350911181,0.005022690798362615,0.30655108370491263,-0.019056517603878175,True,0,0.003125306588444112,48.1914280648086,-0.012690684963375998,0.001089862546455603,55.35098393096569,-0.0032743042608989192,Unknown,0,0.6734660833012194,0.5-1.0%,0.8-1.2,<0.5x
2024-01-08,META,356.1720275878906,356.4898150644595,349.60786450736515,352.2395060594666,13890200.0,349.50860595703125,13920700.0,59.88155087444932,7.336025206487246,0.020989540976822586,16628995.0,0.8371341743743383,0.025694465267484645,0.007813541800945142,0.3722588221235109,-0.011164339776697682,True,0,0.003125306588444112,48.1914280648086,-0.012690684963375998,0.001089862546455603,55.35098393096569,-0.0032743042608989192,Unknown,0,0.6281614206302187,0.5-1.0%,0.8-1.2,<0.5x
2024-01-08,AVGO,105.1067123413086,105.41474481846996,102.8722682677321,103.31231572947421,33110000.0,102.60628509521484,22475000.0,49.81487742229639,2.514626290476318,0.024507526884370072,46030200.0,0.488266399016298,-0.029800475337308674,0.00688096868144279,0.2807696065746723,-0.01736866122073052,True,0,0.003125306588444112,48.1914280648086,-0.012690684963375998,0.001089862546455603,55.35098393096569,-0.0032743042608989192,Unknown,0,0.659189142218184,0.5-1.0%,<0.8,<0.5x
2024-01-08,DIS,89.73516082763672,90.11742906123794,89.19606076581285,89.73516082763672,11103700.0,89.0980453491211,9092100.0,48.858965930017725,1.4818696236258326,0.016631898239958982,10897975.0,0.8342926094067935,-0.0020764932514256706,0.007150723408343658,0.42994030538039735,0.0,True,0,0.003125306588444112,48.1914280648086,-0.012690684963375998,0.001089862546455603,55.35098393096569,-0.0032743042608989192,Unknown,0,0.6816554015912777,0.5-1.0%,0.8-1.2,<0.5x
2024-01-10,META,367.90008544921875,370.3529525023192,356.58908226779886,357.6715477088535,22117200.0,354.9505920410156,13463900.0,63.18082710764229,7.163018476684243,0.0201803254799376,16497075.0,0.8161386185126758,0.032032359060533144,0.007665730749150168,0.3798616011803726,-0.028597571727151577,True,0,0.0007887844171969446,59.22824734192591,0.003238164757900508,0.0005909030396928321,62.467185920752314,0.005095815756647415,Unknown,0,0.5014857546296781,0.5-1.0%,0.8-1.2,<0.5x
2024-01-10,V,260.70147705078125,261.49966106152215,259.02625896238055,261.1055009443953,4355800.0,259.4894104003906,7055800.0,66.68018801912193,2.7401716148717696,0.010559859111952587,5717030.0,1.2341722887583237,0.019513418850244824,0.006227963374347622,0.5897771275469252,0.0015473587961676348,True,0,0.0007887844171969446,59.22824734192591,0.003238164757900508,0.0005909030396928321,62.467185920752314,0.005095815756647415,Financial Services,0,0.5176974266504338,0.5-1.0%,1.2-2.0,0.5-1.0x
2024-01-17,MRK,110.8249740600586,112.01644272867887,110.33713341145919,111.81004613048628,5591400.0,111.16271209716797,6832300.0,81.52321848612866,1.6282100550353016,0.014647088257545154,8685810.0,0.7866048186640049,0.05608286535751095,0.005823301906780374,0.39757403003157415,0.008810228637935423,True,1,-0.008180314295167315,63.07743560775345,-0.0002134459452703963,-0.006548299841291609,61.486533049742434,-0.0032364841916819875,Unknown,0,0.5941928064674998,0.5-1.0%,<0.8,<0.5x
2024-01-17,NFLX,48.03300094604492,48.62099838256836,47.5260009765625,48.45000076293945,48946000.0,48.124000549316406,46790000.0,52.6366338716759,1.2139432065835385,0.02522531777755086,40576050.0,1.1531432951211367,-0.00022902226918330992,0.006774171097620388,0.2685465117767129,0.008606807230713281,True,1,-0.008180314295167315,63.07743560775345,-0.0002134459452703963,-0.006548299841291609,61.486533049742434,-0.0032364841916819875,Unknown,0,0.5895591749820984,0.5-1.0%,0.8-1.2,<0.5x
2024-01-18,META,373.52081298828125,374.23581960253256,368.37675361940967,368.91298585068853,16354300.0,365.81463623046875,12724800.0,64.72063103270156,8.03868336117794,0.021974745034841765,15229015.0,0.8355629041011516,0.03769163279265553,0.00846972568442497,0.38542998660489164,-0.012490281758359312,True,0,0.008128626426786502,58.59695616993581,0.009910710335047979,0.0036417776390799215,56.02319979532555,0.0011246173060064368,Unknown,0,0.5882806933351858,0.5-1.0%,0.8-1.2,<0.5x
2024-01-18,TSLA,211.8800048828125,217.4499969482422,208.74000549316406,216.8800048828125,108595400.0,215.5500030517578,103164400.0,30.695329568313007,8.303559351506799,0.03852265940127567,105045305.0,0.9820943449114646,-0.09655916974949064,0.00617027052760156,0.1601724964865025,0.023054223014711137,True,1,0.008128626426786502,58.59695616993581,0.009910710335047979,0.0036417776390799215,56.02319979532555,0.0011246173060064368,Consumer Cyclical,0,0.6586234328175066,0.5-1.0%,0.8-1.2,<0.5x
2024-01-18,CRM,271.165283203125,272.3805287319263,268.87315616317954,269.72281796696615,4752400.0,268.1814880371094,4706500.0,67.13797969447562,5.297030116642336,0.019751662038318483,4848635.0,0.9706855640814374,0.03537539145305635,0.005747339017089397,0.2909800201086615,-0.005347954047905269,True,0,0.008128626426786502,58.59695616993581,0.009910710335047979,0.0036417776390799215,56.02319979532555,0.0011246173060064368,Unknown,0,0.5630896972064573,0.5-1.0%,0.8-1.2,<0.5x
2024-01-18,INTC,46.122291564941406,46.94132042959796,45.55982115169575,46.408456099754304,46681300.0,45.45127868652344,33488000.0,47.73477107481593,1.2934309910838957,0.028457527014908942,36669090.0,0.9132487334700697,-0.017023945809534813,0.021059416608111284,0.7400297501985406,0.006166215359498081,True,1,0.008128626426786502,58.59695616993581,0.009910710335047979,0.0036417776390799215,56.02319979532555,0.0011246173060064368,Unknown,0,0.6066156098747619,>2.0%,0.8-1.2,0.5-1.0x
2024-01-18,AVGO,111.85989379882812,112.11805226789373,109.7056437019822,110.00095586222909,32228000.0,107.92494201660156,18314000.0,59.824470978123344,2.442527725253626,0.0226317260830949,26495350.0,0.6912156284027198,0.02136883283234048,0.019235718887930332,0.8499448436811338,-0.016899288938245813,True,0,0.008128626426786502,58.59695616993581,0.009910710335047979,0.0036417776390799215,56.02319979532555,0.0011246173060064368,Unknown,0,0.5793391747553904,1.0-2.0%,<0.8,0.5-1.0x
2024-01-18,AMZN,153.5,153.77999877929688,151.82000732421875,152.77000427246094,37850200.0,151.7100067138672,34953400.0,53.720958756939666,3.0530778580927818,0.02012443295089323,42202615.0,0.8282282981753619,0.006691758444011153,0.006986998297303878,0.34718982216061683,-0.00477839698320055,True,0,0.008128626426786502,58.59695616993581,0.009910710335047979,0.0036417776390799215,56.02319979532555,0.0011246173060064368,Consumer Cyclical,0,0.5783792147975233,0.5-1.0%,0.8-1.2,<0.5x
2024-01-18,AAPL,186.8652801513672,187.37050341346043,184.09147247948349,184.34903461223058,78005800.0,180.97091674804688,47317400.0,36.73607893587914,3.07213973591847,0.016975875412045323,50632110.0,0.9345334413280426,-0.011773239825349613,0.018666633981231494,1.0995977248976794,-0.013649355660741094,True,0,0.008128626426786502,58.59695616993581,0.009910710335047979,0.0036417776390799215,56.02319979532555,0.0011246173060064368,Unknown,0,0.5430369504685045,1.0-2.0%,0.8-1.2,1.0-2.0x
2024-01-19,INTC,47.5136604309082,48.11559562704901,45.826256598878,46.37885710247488,55979800.0,46.122291564941406,46681300.0,51.32172188870597,1.3074746162260833,0.02834799772221041,37608370.0,1.2412476265256909,-0.017702216102084,0.005562723117784046,0.19622984213187306,-0.02446811757189173,True,0,0.005399569813174587,65.24852544011345,0.02037540150506789,0.0024344564660748716,61.83338079420312,0.008249133815568133,Unknown,0,0.5305599580736874,0.5-1.0%,1.2-2.0,<0.5x
2024-01-19,META,380.79010009765625,381.6937609498175,375.3481027952974,376.3709566896328,21670800.0,373.52081298828125,16354300.0,69.10931532988874,8.06600479052693,0.021594525686524438,15097035.0,1.083278935234634,0.05377164256835476,0.007630481628452054,0.3533525921902364,-0.01174145701063647,True,0,0.005399569813174587,65.24852544011345,0.02037540150506789,0.0024344564660748716,61.83338079420312,0.008249133815568133,Unknown,0,0.5463854396755911,0.5-1.0%,0.8-1.2,<0.5x
2024-01-19,CRM,277.50823974609375,278.61479011668564,272.22245666930655,273.19070331919255,7413600.0,271.165283203125,4752400.0,69.53331872294535,5.218602300797664,0.019245097451831634,4711330.0,1.0087172836545095,0.04598393364070308,0.007469319420769454,0.3881154376829913,-0.015804111832666005,True,0,0.005399569813174587,65.24852544011345,0.02037540150506789,0.0024344564660748716,61.83338079420312,0.008249133815568133,Unknown,0,0.5547263798155101,0.5-1.0%,0.8-1.2,<0.5x
2024-01-19,GOOGL,145.2823028564453,145.35177005215584,143.29730083417112,143.65460180395502,34271900.0,142.40403747558594,25746400.0,63.42336301221682,2.788235915487442,0.01957975324938005,23851525.0,1.0794446057432387,0.0300863763323882,0.008781803876757916,0.4485145325841107,-0.011330657229565213,True,0,0.005399569813174587,65.24852544011345,0.02037540150506789,0.0024344564660748716,61.83338079420312,0.008249133815568133,Unknown,0,0.5233622741849665,0.5-1.0%,0.8-1.2,<0.5x
2024-01-22,NFLX,48.57099914550781,48.97999954223633,47.9900016784668,48.755001068115234,52123000.0,48.29499816894531,56724000.0,53.35320190902032,1.15943678016045,0.024007388427772877,38836400.0,1.4605885200482023,0.008016820955969672,0.009524855919048638,0.39674685764778295,0.003774011251694041,True,1,0.005294739259208019,72.09045727079852,0.037124628020002604,0.00327520941684705,68.2270414172265,0.01946531259848361,Unknown,0,0.5965985519528414,0.5-1.0%,1.2-2.0,<0.5x
2024-01-22,META,379.13165283203125,387.64221140503804,378.51595852044164,385.2588658770631,17680500.0,380.79010009765625,21670800.0,72.57506137209637,8.073643588456168,0.021202346348777518,15294105.0,1.4169380947757322,0.07222867453261061,0.01173550934822309,0.553500502028151,0.01590414546614758,True,1,0.005294739259208019,72.09045727079852,0.037124628020002604,0.00327520941684705,68.2270414172265,0.01946531259848361,Unknown,0,0.5250430328482151,1.0-2.0%,1.2-2.0,0.5-1.0x
2024-01-22,MA,434.7552795410156,435.93176582655985,432.2935708419819,433.99403613252804,2715500.0,431.8190002441406,2400200.0,71.30483669106718,5.20299532737647,0.012049018974234148,2194575.0,1.093696957269631,0.031375339368463706,0.005036915668735505,0.4180353337899576,-0.0017540411736329197,True,0,0.005294739259208019,72.09045727079852,0.037124628020002604,0.00327520941684705,68.2270414172265,0.01946531259848361,Unknown,0,0.5913515956906875,0.5-1.0%,0.8-1.2,<0.5x
2024-01-22,CRM,276.9351501464844,282.2900994785344,276.80673604759414,280.38327523762905,6735900.0,277.50823974609375,7413600.0,73.89026846836293,5.377952630280734,0.01937943404924226,4848735.0,1.5289761143885983,0.06788535907245485,0.010360180635233803,0.5345966558625528,0.012297898611186195,True,1,0.005294739259208019,72.09045727079852,0.037124628020002604,0.00327520941684705,68.2270414172265,0.01946531259848361,Unknown,0,0.5179930290342065,1.0-2.0%,1.2-2.0,0.5-1.0x
2024-01-22,CSCO,48.8064079284668,49.00515334328218,48.65498233475923,48.78747927796949,20298700.0,48.52248001098633,23015300.0,64.50304056922559,0.5814255118532085,0.01198260088358146,16410190.0,1.4025005194942899,0.02502218272766976,0.005461371037159685,0.45577509342256795,-0.00038798172763674087,True,0,0.005294739259208019,72.09045727079852,0.037124628020002604,0.00327520941684705,68.2270414172265,0.01946531259848361,Unknown,0,0.6032881807284861,0.5-1.0%,1.2-2.0,<0.5x
2024-01-22,AMZN,154.77999877929688,157.0500030517578,153.89999389648438,156.88999938964844,43687500.0,155.33999633789062,51651600.0,60.72423208905841,2.9855096992840426,0.019219195118236367,41393500.0,1.247819102032928,0.03144496585381118,0.009978132408258174,0.5191753529152895,0.01344891719395838,True,1,0.005294739259208019,72.09045727079852,0.037124628020002604,0.00327520941684705,68.2270414172265,0.01946531259848361,Consumer Cyclical,0,0.5401640842126089,0.5-1.0%,1.2-2.0,0.5-1.0x
2024-01-23,TSLA,209.13999938964844,215.64999389648438,207.75,211.3000030517578,106605900.0,208.8000030517578,117952500.0,27.383281934536022,8.381723433156962,0.04014235302036505,104073170.0,1.133361268807321,-0.09500322928682114,0.011973179901631967,0.2982680137249983,0.010222449744027137,True,1,0.0016598163145021838,72.48230652269052,0.033054789264760576,0.0011583107849506649,69.18181015025048,0.018312425195759596,Consumer Cyclical,0,0.5483850354289392,1.0-2.0%,0.8-1.2,<0.5x
2024-01-24,CRM,273.5562744140625,277.5872839007922,273.36855280511975,276.6190673401805,7037800.0,273.447509765625,6573800.0,66.8624398964363,5.424231341665777,0.01983646275043773,5030660.0,1.3067470272290316,0.04966411771093604,0.01159841454498478,0.584701753074844,0.01107224080960201,True,1,0.009351082976306423,73.74529883626633,0.04271544170723329,0.006084320561362773,70.50130795315592,0.024689348066339933,Unknown,0,0.5140887611937474,1.0-2.0%,1.2-2.0,0.5-1.0x
2024-01-24,GOOGL,147.58486938476562,148.72625441809143,146.98937797744674,147.42606561840296,25233500.0,145.93734741210938,21636100.0,69.22653841555484,2.7009295622132683,0.018507459605841475,23153330.0,0.9344703332090891,0.04856308595914638,0.010201077604142164,0.5511873493930208,-0.0010771756384906417,True,0,0.009351082976306423,73.74529883626633,0.04271544170723329,0.006084320561362773,70.50130795315592,0.024689348066339933,Unknown,0,0.5521510417449773,1.0-2.0%,0.8-1.2,0.5-1.0x
2024-01-24,BAC,31.43354606628418,31.77666601553961,31.366828702353807,31.481200806831065,36403900.0,31.2333984375,30003400.0,52.53945708836299,0.6583522024651068,0.02107846841522901,40594150.0,0.7391064968720863,-0.0058242386539530955,0.007933890698027418,0.3763978739695931,0.0015137523133026468,True,0,0.009351082976306423,73.74529883626633,0.04271544170723329,0.006084320561362773,70.50130795315592,0.024689348066339933,Unknown,0,0.502910402282843,0.5-1.0%,<0.8,<0.5x
2024-01-24,DIS,91.6465072631836,93.36181622265494,91.41126698548196,92.54826789283452,10454900.0,91.91114044189453,11559400.0,57.132317376307505,1.8528105962791872,0.020158716205360534,12010895.0,0.9624095456666635,0.03299639130397769,0.0069319937482744225,0.3438707940355394,0.009743679165288203,True,1,0.009351082976306423,73.74529883626633,0.04271544170723329,0.006084320561362773,70.50130795315592,0.024689348066339933,Unknown,0,0.5632500745737161,0.5-1.0%,0.8-1.2,<0.5x
2024-01-24,TSLA,207.8300018310547,212.72999572753906,206.77000427246094,211.8800048828125,123369900.0,209.13999938964844,106605900.0,27.865940095322266,8.347314180537492,0.03991256672515152,103923755.0,1.0258087768287434,-0.08412057121596006,0.01310129817902104,0.3282499536860168,0.019114607128680242,True,1,0.009351082976306423,73.74529883626633,0.04271544170723329,0.006084320561362773,70.50130795315592,0.024689348066339933,Consumer Cyclical,0,0.577237277244311,1.0-2.0%,0.8-1.2,<0.5x
2024-01-24,INTC,48.44123077392578,49.11224425135441,47.63206812719406,48.520171543120746,49375800.0,48.24387741088867,37224100.0,60.929302367779094,1.4021586103683932,0.029063970095652494,39458620.0,0.9433705486912619,0.020621985689253997,0.005727029978931886,0.19704912852867812,0.0016269680564671698,True,0,0.009351082976306423,73.74529883626633,0.04271544170723329,0.006084320561362773,70.50130795315592,0.024689348066339933,Unknown,0,0.5435883787790564,0.5-1.0%,0.8-1.2,<0.5x
2024-01-24,NFLX,54.48699951171875,56.25,53.707000732421875,53.775001525878906,264328000.0,49.21900177001953,155060000.0,59.09883830827193,1.1908101803025692,0.024194114823107203,45535600.0,3.405247762190462,0.1061196420090369,0.0925658707412986,3.825966414480732,-0.013240315493012099,True,0,0.009351082976306423,73.74529883626633,0.04271544170723329,0.006084320561362773,70.50130795315592,0.024689348066339933,Unknown,0,0.6666004668520982,>2.0%,>2.0,>2.0x
2024-01-24,AMZN,156.8699951171875,158.50999450683594,156.47999572753906,157.8000030517578,48547300.0,156.02000427246094,37986000.0,61.512898473744315,2.9460278302589846,0.018882372449588423,41145785.0,0.9232051351067916,0.03591229834733678,0.01140878560795593,0.6042029749394444,0.005893586290142677,True,1,0.009351082976306423,73.74529883626633,0.04271544170723329,0.006084320561362773,70.50130795315592,0.024689348066339933,Consumer Cyclical,0,0.5092486233959749,1.0-2.0%,0.8-1.2,0.5-1.0x
2024-01-25,CSCO,49.52567672729492,49.74335076852651,48.976756754412236,48.976756754412236,18936600.0,48.56033706665039,19458500.0,61.40110979060071,0.5812953536369322,0.011970579051769934,16675850.0,1.1668670562520052,0.022969147928384448,0.008575304722253013,0.7163650718287595,-0.011207764851298261,True,0,0.005941200003997515,75.37945712422459,0.04291331399894216,0.004511710409110641,71.0039324993662,0.02318413242688555,Unknown,0,0.6251365718493188,0.5-1.0%,0.8-1.2,0.5-1.0x
2024-01-25,AVGO,120.27841186523438,125.26557149640398,120.16106438736158,125.26557149640398,36356000.0,122.61260223388672,34805000.0,79.3869724471998,3.015790566427623,0.024596089728810454,26485600.0,1.314110308998097,0.13322368503867077,0.021637003164296703,0.8796928049482741,0.03981269211958029,True,1,0.005941200003997515,75.37945712422459,0.04291331399894216,0.004511710409110641,71.0039324993662,0.02318413242688555,Unknown,0,0.5374516160669867,>2.0%,1.2-2.0,0.5-1.0x
2024-01-25,CVX,136.12355041503906,136.23349293761285,133.063348392061,133.97041614474537,9773600.0,132.77931213378906,8100000.0,46.89872937482864,2.3603753242507635,0.017776679863143425,8670615.0,0.9341897893056029,-0.002779081731333344,0.008970554160998716,0.5046248360244964,-0.016071714429605,True,0,0.005941200003997515,75.37945712422459,0.04291331399894216,0.004511710409110641,71.0039324993662,0.02318413242688555,Unknown,0,0.542513530541529,0.5-1.0%,0.8-1.2,0.5-1.0x
2024-01-25,BAC,31.82431983947754,31.88150770798086,31.290580943407384,31.65275986979112,46204000.0,31.43354606628418,36403900.0,54.69218931722626,0.650131872149,0.02068274036846055,40551050.0,0.8977301450887215,0.0006477530458397496,0.006973880803797354,0.3371835975097352,-0.005420063539235147,True,0,0.005941200003997515,75.37945712422459,0.04291331399894216,0.004511710409110641,71.0039324993662,0.02318413242688555,Unknown,0,0.6854576987113561,0.5-1.0%,0.8-1.2,<0.5x
2024-01-25,JPM,165.6777801513672,165.7256834386291,163.7330265563865,165.07423089153494,8873500.0,163.34024047851562,9967100.0,62.69145221200302,2.4609335793304665,0.01506630314808528,10494630.0,0.9497333398128376,0.013757842767485151,0.010615818906225913,0.7046067506994931,-0.0036562294221974736,True,0,0.005941200003997515,75.37945712422459,0.04291331399894216,0.004511710409110641,71.0039324993662,0.02318413242688555,Unknown,0,0.6016374456356847,1.0-2.0%,0.8-1.2,0.5-1.0x
2024-01-25,INTC,48.89515686035156,49.63524501796823,48.32282397588851,49.33921050777817,84845100.0,48.44123077392578,49375800.0,61.76254205011051,1.4077312899249617,0.029060601215828194,40422625.0,1.2214892031380942,0.0384755816840856,0.0185375086368726,0.6378914358721502,0.009000015258789015,True,1,0.005941200003997515,75.37945712422459,0.04291331399894216,0.004511710409110641,71.0039324993662,0.02318413242688555,Unknown,0,0.5782386084384497,1.0-2.0%,1.2-2.0,0.5-1.0x
2024-01-25,GOOGL,150.73109436035156,151.90225320047952,148.4185656374429,148.944605003714,29149100.0,147.58486938476562,25233500.0,71.94882202068719,2.70721366533961,0.0183434364012051,23088395.0,1.09290836370393,0.05611688456130648,0.009213245399861672,0.5022638723928736,-0.011994320684478723,True,0,0.005941200003997515,75.37945712422459,0.04291331399894216,0.004511710409110641,71.0039324993662,0.02318413242688555,Unknown,0,0.639198084788747,0.5-1.0%,0.8-1.2,0.5-1.0x
2024-01-25,NFLX,56.20000076293945,56.34600067138672,54.84600067138672,55.19499969482422,94519000.0,54.48699951171875,264328000.0,76.9278498827835,1.6079664695652762,0.029511011506872277,57400650.0,4.604965274783473,0.1274570921164193,0.012993928633438444,0.440307802747206,-0.018208190482325085,True,0,0.005941200003997515,75.37945712422459,0.04291331399894216,0.004511710409110641,71.0039324993662,0.02318413242688555,Unknown,0,0.7391328345781423,1.0-2.0%,>2.0,<0.5x
2024-01-25,CRM,275.68035888671875,276.49052236168325,273.5363955739425,275.2653875467137,4178000.0,273.5562744140625,7037800.0,66.95402419688429,5.338124181237684,0.019513806410295487,5227020.0,1.3464268359409377,0.042711619149176316,0.006247757015670799,0.32017110779445274,-0.0015075318539080839,True,0,0.005941200003997515,75.37945712422459,0.04291331399894216,0.004511710409110641,71.0039324993662,0.02318413242688555,Unknown,0,0.6103658215515203,0.5-1.0%,1.2-2.0,<0.5x
2024-01-25,WMT,53.12854766845703,53.13833762762169,52.33899231573563,52.658730440490054,16369500.0,52.36509704589844,22932900.0,53.778843452109655,0.6070846659043124,0.011593307377473161,18193065.0,1.2605297677988838,0.007789474182809064,0.005607425769386888,0.48367783125310904,-0.008921924703405467,True,0,0.005941200003997515,75.37945712422459,0.04291331399894216,0.004511710409110641,71.0039324993662,0.02318413242688555,Unknown,0,0.6522109880340985,0.5-1.0%,1.2-2.0,<0.5x
2024-01-25,XOM,95.2647705078125,95.31141233076858,92.92349901951239,93.56711205373949,22089500.0,92.90484619140625,17330600.0,49.234234762055436,1.6351017306927382,0.017599746382702543,18770610.0,0.9232837931212677,0.006461558915161758,0.007128431825491818,0.4050303720568277,-0.018143751760746566,True,0,0.005941200003997515,75.37945712422459,0.04291331399894216,0.004511710409110641,71.0039324993662,0.02318413242688555,Unknown,0,0.5484567173986004,0.5-1.0%,0.8-1.2,<0.5x
2024-01-29,CRM,284.4044189453125,284.6909461318089,277.62678312523934,278.0219753627863,5762300.0,276.57952880859375,4877400.0,69.53233493445448,5.126862616704284,0.01853666697166267,5349500.0,0.9117487615665015,0.04737965553614498,0.0052153048362114495,0.281350732803485,-0.02295661547688042,True,0,0.0010852632074153338,70.33201879525221,0.03003774326517905,0.0006564436054752574,71.90911736886528,0.021100072892365374,Unknown,0,0.5037746071597948,0.5-1.0%,0.8-1.2,<0.5x
2024-01-31,MRK,113.31109619140625,115.25308937659423,113.04841222936747,114.95287811174975,10779000.0,114.13668060302734,7469500.0,80.59324982446236,1.514353189801392,0.01326789233575473,8050860.0,0.9277890809180634,0.029945136669663475,0.0071510534948986595,0.5389743384959326,0.014282216742302617,True,1,-0.010463283918767281,68.17838043922103,0.017053163798436577,-0.004624168938438924,74.37582028020563,0.019219716410859622,Unknown,0,0.5168308374138383,0.5-1.0%,0.8-1.2,0.5-1.0x
2024-02-01,GOOGL,140.1014404296875,141.9871862131904,139.73420477296187,141.0542328791591,40466500.0,139.04937744140625,71910000.0,43.61730511397008,3.3103379076125057,0.023806923616090568,27907990.0,2.5766814449912014,-0.015011891126533339,0.014418298554394174,0.6056346795118529,0.006754795159446532,True,1,0.004364879828623965,55.03294772117335,0.010051328702070261,0.0036239644330541146,57.65379108442504,0.009833064078884624,Unknown,0,0.507000148953712,1.0-2.0%,>2.0,0.5-1.0x
2024-02-01,META,392.04144287109375,397.72176492064756,390.323432826613,391.20727351770364,29727100.0,387.43365478515625,20180800.0,65.23260704314224,8.46846964860981,0.021857857581592477,16409650.0,1.2298129454314992,0.04280929084717222,0.009740038548380566,0.44560810738299933,-0.0021322951025151632,True,0,0.004364879828623965,55.03294772117335,0.010051328702070261,0.0036239644330541146,57.65379108442504,0.009833064078884624,Unknown,0,0.5430515217603957,0.5-1.0%,1.2-2.0,<0.5x
2024-02-01,AVGO,117.34577178955078,117.64695544891897,115.30202020056589,116.10778534207547,19411000.0,115.38904571533203,27400000.0,57.6324942895246,3.0229261306621913,0.026197687240778762,27700550.0,0.9891500349271043,0.030397742854500587,0.0062288376014183605,0.23776288128681392,-0.010662389639316311,True,0,0.004364879828623965,55.03294772117335,0.010051328702070261,0.0036239644330541146,57.65379108442504,0.009833064078884624,Unknown,0,0.5296122459700026,0.5-1.0%,0.8-1.2,<0.5x
2024-02-01,XOM,95.50729370117188,97.01839907314981,94.78905660793389,96.60797381041787,19240700.0,95.89905548095703,22415300.0,56.89926797731272,1.7469916992120305,0.018216985458829008,19485500.0,1.150357958481948,0.03307083185349491,0.007392339016327593,0.4057937595127649,0.011393263576834336,True,1,0.004364879828623965,55.03294772117335,0.010051328702070261,0.0036239644330541146,57.65379108442504,0.009833064078884624,Unknown,0,0.5475333445118686,0.5-1.0%,0.8-1.2,<0.5x
2024-02-01,TSLA,188.86000061035156,189.8800048828125,184.27999877929688,188.5,91843300.0,187.2899932861328,103221400.0,26.168632275066866,8.855561905388692,0.04728262172480076,111977960.0,0.9218010401332548,-0.11092664301110611,0.006460605249841599,0.13663805039078178,-0.0019098175615467506,True,0,0.004364879828623965,55.03294772117335,0.010051328702070261,0.0036239644330541146,57.65379108442504,0.009833064078884624,Consumer Cyclical,0,0.6230118959096941,0.5-1.0%,0.8-1.2,<0.5x
2024-02-01,MA,455.68487548828125,455.90237793109736,448.89287973027905,449.8321016812939,3292700.0,444.1276550292969,4740500.0,77.84669910770671,6.145431167722884,0.013837082870503753,2589740.0,1.8304926363264267,0.049311946700182796,0.012844159978330445,0.9282418916280466,-0.013011018522493133,True,0,0.004364879828623965,55.03294772117335,0.010051328702070261,0.0036239644330541146,57.65379108442504,0.009833064078884624,Unknown,0,0.5155195582107335,1.0-2.0%,1.2-2.0,0.5-1.0x
2024-02-01,CVX,135.50047302246094,136.53581142783455,134.24524963221484,135.77534323403125,8641100.0,135.07904052734375,10428000.0,51.445558144877815,2.408434175134521,0.017829814053550275,9398720.0,1.1095127847196213,0.012845760309137644,0.005154779779077223,0.2891101255231993,0.002024448659257171,True,1,0.004364879828623965,55.03294772117335,0.010051328702070261,0.0036239644330541146,57.65379108442504,0.009833064078884624,Unknown,0,0.5514518945642197,0.5-1.0%,0.8-1.2,<0.5x
2024-02-02,META,471.6950378417969,482.5889413919977,449.86753003715205,456.4118123081212,84707600.0,392.04144287109375,29727100.0,67.81018840933608,8.598443969101346,0.021932487305758083,17123450.0,1.736046182282192,0.19864173057431778,0.16419276739115807,7.486281200219888,-0.03348560471383686,True,0,0.004551030058758667,59.93637102849097,0.018375433014444553,0.0009197791071481056,64.44603976679988,0.01743755507961553,Unknown,0,0.5628297826776223,>2.0%,1.2-2.0,>2.0x
2024-02-02,AMZN,171.80999755859375,172.5,167.3300018310547,169.19000244140625,117218300.0,159.27999877929688,76542400.0,60.36011698007053,3.1611800947070234,0.01984668582957016,46689625.0,1.639387765483231,0.08754204428011914,0.062217502122416335,3.1349063847081537,-0.015485519707908596,True,0,0.004551030058758667,59.93637102849097,0.018375433014444553,0.0009197791071481056,64.44603976679988,0.01743755507961553,Consumer Cyclical,0,0.540797893065084,>2.0%,1.2-2.0,>2.0x
2024-02-02,AMD,177.66000366210938,179.0,173.0500030517578,173.7899932861328,82134300.0,170.47999572753906,91576700.0,62.010083343666956,7.0013234189394105,0.04106829888785848,96059810.0,0.9533300138736481,0.06382389881323047,0.019415753411231803,0.4727674127493973,-0.022268315354641084,True,0,0.004551030058758667,59.93637102849097,0.018375433014444553,0.0009197791071481056,64.44603976679988,0.01743755507961553,Technology,1,0.5005387985846522,1.0-2.0%,0.8-1.2,<0.5x
2024-02-05,AMD,174.22999572753906,180.00999450683594,171.11000061035156,179.08999633789062,76349200.0,177.66000366210938,82134300.0,66.8994064687275,7.109800622762378,0.04001914035915743,97236010.0,0.8446901513132841,0.08157563944447488,0.008049041125209844,0.20112978572184678,0.027137197552799978,True,1,0.00013974668154244135,65.77303784967569,0.026410738846441184,-0.0013147790846740899,68.83305384913056,0.02261479115368714,Technology,1,0.5048606757022588,0.5-1.0%,0.8-1.2,<0.5x
2024-02-06,META,451.5656433105469,463.87961939666826,449.85757360691235,460.7812674472568,21655200.0,456.22314453125,40832400.0,77.12135164649551,14.53827857048071,0.03186659586378104,22099420.0,1.8476684003471584,0.17514907769072785,0.009990994474184561,0.3135256278045103,0.019999997369174325,True,1,0.0027075269161171843,64.97235852632096,0.024756041203493284,0.001969438359347317,65.77805381383149,0.020364145917936005,Unknown,0,0.6296858034606271,0.5-1.0%,1.2-2.0,<0.5x
2024-02-06,XOM,95.37670135498047,96.1135979944955,94.74241102707782,95.20880076475498,13347900.0,94.72377014160156,17190900.0,51.92683013066375,1.8091654786844997,0.019099382087304984,19470080.0,0.8829393613174676,0.018850738144074564,0.005120474221289475,0.26809632886987284,-0.0017634986353870796,True,0,0.0027075269161171843,64.97235852632096,0.024756041203493284,0.001969438359347317,65.77805381383149,0.020364145917936005,Unknown,0,0.6018261059871486,0.5-1.0%,0.8-1.2,<0.5x
2024-02-06,AVGO,119.5596694946289,124.39622963947521,118.51236810416421,123.56112954443421,25354000.0,121.5594253540039,22045000.0,66.85811304488708,2.9684879195593115,0.024420055548259764,26964400.0,0.8175594487546542,0.07005253570839898,0.016466877698713727,0.6743177822086158,0.032384456702189056,True,1,0.0027075269161171843,64.97235852632096,0.024756041203493284,0.001969438359347317,65.77805381383149,0.020364145917936005,Unknown,0,0.5269588545313965,1.0-2.0%,0.8-1.2,0.5-1.0x
2024-02-06,GOOGL,143.01937866210938,144.2699242821831,142.11619925320892,143.56524201457606,29128200.0,142.6025390625,38505400.0,50.51895260387074,3.4533132396850097,0.02421635170304708,31288380.0,1.230661350955211,-0.003962950889568995,0.006750952391206181,0.27877660821868255,0.0038021971391324736,True,1,0.0027075269161171843,64.97235852632096,0.024756041203493284,0.001969438359347317,65.77805381383149,0.020364145917936005,Unknown,0,0.5989670231215624,0.5-1.0%,1.2-2.0,<0.5x
2024-02-07,V,275.315185546875,275.46299182224766,273.01915113696623,275.30532177102106,4785900.0,272.7235107421875,4400000.0,66.15854926629152,3.477487314097805,0.012750962704440845,5987430.0,0.7348728920421617,0.02933668406370682,0.009466771023178153,0.742435786427413,-3.5828496850300285e-05,True,0,0.006595045859649901,63.69026286162203,0.023899547075762806,0.004676166515652678,67.030055857233,0.023670912469687888,Financial Services,0,0.6621269952102727,0.5-1.0%,<0.8,0.5-1.0x
2024-02-07,CRM,285.3726501464844,286.32111749562927,281.7763617823918,283.9005463268369,3621400.0,282.3988037109375,4207200.0,65.3690931492681,5.427606391632874,0.019219650792814808,5357740.0,0.7852564700788018,0.02923484654414299,0.005317807994103854,0.2766859841226614,-0.00518527998164803,True,0,0.006595045859649901,63.69026286162203,0.023899547075762806,0.004676166515652678,67.030055857233,0.023670912469687888,Unknown,0,0.6611234388191631,0.5-1.0%,<0.8,<0.5x
2024-02-07,TSLA,187.5800018310547,189.7899932861328,182.67999267578125,188.17999267578125,111535200.0,185.10000610351562,122676000.0,29.53273938308786,8.852187504149216,0.04782380989873498,114880910.0,1.067853658192645,-0.06660222338699873,0.016639581149139285,0.34793508054613254,0.0031883880756669904,True,1,0.006595045859649901,63.69026286162203,0.023899547075762806,0.004676166515652678,67.030055857233,0.023670912469687888,Consumer Cyclical,0,0.5695062706399663,1.0-2.0%,0.8-1.2,<0.5x
2024-02-07,AVGO,122.9245376586914,123.16411183336754,119.95571138814613,120.66956215283027,25768000.0,119.5596694946289,25354000.0,61.80105406312495,3.1767288921130032,0.02657023815422737,26576600.0,0.9539971252906693,0.04014064180332144,0.009283169340403883,0.3493822406302713,-0.01868719390068865,True,0,0.006595045859649901,63.69026286162203,0.023899547075762806,0.004676166515652678,67.030055857233,0.023670912469687888,Unknown,0,0.6544286459944804,0.5-1.0%,0.8-1.2,<0.5x
2024-02-07,PEP,159.76498413085938,161.09736154689134,159.68113119219623,160.84580273090185,5769700.0,159.71835327148438,5182700.0,59.51061830482869,2.11472375014542,0.013240330286594411,5094795.0,1.0172538836204401,0.02676825400949734,0.007058984996552479,0.5331426666674298,0.00671959467820685,True,1,0.006595045859649901,63.69026286162203,0.023899547075762806,0.004676166515652678,67.030055857233,0.023670912469687888,Unknown,0,0.6128002952564917,0.5-1.0%,0.8-1.2,0.5-1.0x
2024-02-07,AMD,170.94000244140625,172.97000122070312,168.1999969482422,169.47000122070312,53665400.0,167.8800048828125,68854100.0,55.8323661741334,7.344266153503498,0.04374711663029861,97425445.0,0.7067363151382065,0.012153983022413328,0.009471028661218536,0.21649492333990855,-0.008674108751487658,True,0,0.006595045859649901,63.69026286162203,0.023899547075762806,0.004676166515652678,67.030055857233,0.023670912469687888,Technology,1,0.5005387985846522,0.5-1.0%,<0.8,<0.5x
2024-02-07,CSCO,47.102867126464844,47.65178352684304,46.809478471434794,47.60446370771452,16794400.0,47.30160903930664,19265800.0,44.19812104198485,0.7343950868556417,0.015525795036811008,18542900.0,1.0389852719908967,-0.011690702405200093,0.006402629309210518,0.4123865666157613,0.01053675521542306,True,1,0.006595045859649901,63.69026286162203,0.023899547075762806,0.004676166515652678,67.030055857233,0.023670912469687888,Unknown,0,0.512256862887719,0.5-1.0%,0.8-1.2,<0.5x
2024-02-07,AAPL,187.63795471191406,189.26261088240534,186.84543618864265,188.85644306077413,53439000.0,187.52899169921875,43490800.0,50.59561248367344,3.4673813847128794,0.018489841774834887,56683825.0,0.7672523863730085,0.008981507698578195,0.007078646077746207,0.3828397324297503,0.006451928931373302,True,1,0.006595045859649901,63.69026286162203,0.023899547075762806,0.004676166515652678,67.030055857233,0.023670912469687888,Unknown,0,0.5764132790765958,0.5-1.0%,<0.8,<0.5x
2024-02-07,HD,345.4073181152344,346.3977688028748,340.6741443825235,341.39793862311143,3272200.0,339.27423095703125,2045300.0,56.16673262700664,5.651532864834174,0.01665771328665965,3043765.0,0.6719638342644718,0.00733119985706554,0.006259560769144134,0.3757755138069948,-0.011744006153912745,True,0,0.006595045859649901,63.69026286162203,0.023899547075762806,0.004676166515652678,67.030055857233,0.023670912469687888,Unknown,0,0.6008288559127148,0.5-1.0%,<0.8,<0.5x
2024-02-07,META,466.3324890136719,468.24909348841373,453.0155094480888,454.82289153063925,23066000.0,451.5656433105469,21655200.0,74.50841727577729,14.501404800428938,0.03211361407859844,22487670.0,0.9629810469470603,0.14669706435304386,0.0072132330445085074,0.2246160468533388,-0.02530566886002323,True,0,0.006595045859649901,63.69026286162203,0.023899547075762806,0.004676166515652678,67.030055857233,0.023670912469687888,Unknown,0,0.6627116731536763,0.5-1.0%,0.8-1.2,<0.5x
2024-02-09,AMD,172.47999572753906,175.10000610351562,168.66000366210938,171.0,56375700.0,169.35000610351562,43385300.0,56.510843339945254,6.925157251279005,0.040892571607266344,96036635.0,0.45175781096453455,0.007672455954248925,0.009743099126171936,0.23826085626859062,-0.008654945775082237,True,0,0.0026570821409754625,67.86813023075275,0.026138224153021472,0.0010434654965508247,70.56341878125856,0.02406601925287144,Technology,1,0.5005387985846522,0.5-1.0%,<0.8,<0.5x
2024-02-13,MRK,117.67355346679688,119.01512419915136,116.7823032363075,118.18954496293382,7273400.0,117.58910369873047,5257400.0,70.3263987202372,1.6685028184420814,0.0141892638514949,7814250.0,0.6727964935854369,0.026280307043227813,0.00510626618722868,0.35986829483692445,0.004365796452628457,True,1,-0.01851408259203953,68.12941432832126,0.004847015446793446,-0.012874702772234119,72.34644713351184,0.010420312932629683,Unknown,0,0.5053806782907233,0.5-1.0%,<0.8,<0.5x
2024-02-13,ABBV,163.0740509033203,164.8714543685398,161.83187615803982,164.1750886819812,5480400.0,162.86703491210938,3477100.0,71.97477480792095,2.7049722997103602,0.01660847022339474,5244680.0,0.6629765781706415,0.03777294837207834,0.008031421279190843,0.4835738133110995,0.006706485055072416,True,1,-0.01851408259203953,68.12941432832126,0.004847015446793446,-0.012874702772234119,72.34644713351184,0.010420312932629683,Unknown,0,0.5774037956566823,0.5-1.0%,<0.8,<0.5x
2024-02-13,XOM,95.40637969970703,97.05391443927621,94.70970987812574,96.74324191865249,18917400.0,96.23487091064453,18173100.0,55.825909271758086,1.841045094310313,0.019130748312841298,18992445.0,0.9568594248923716,0.02485951409103504,0.0052826070549830675,0.2761317523286414,0.013818662600428145,True,1,-0.01851408259203953,68.12941432832126,0.004847015446793446,-0.012874702772234119,72.34644713351184,0.010420312932629683,Unknown,0,0.5891231634850138,0.5-1.0%,0.8-1.2,<0.5x
2024-02-14,AMD,178.6999969482422,178.74000549316406,172.8800048828125,173.47000122070312,57402500.0,171.5399932861328,63071300.0,57.92868250437188,7.021913606553294,0.040934556846114446,93729385.0,0.6729085014267404,0.006530536334735659,0.011251066865503563,0.2748549815208645,-0.03014928051383952,True,0,0.006323673396382295,58.08356011319902,0.01119626415012398,0.005484951082923277,59.80790443083254,0.012550141018549343,Technology,1,0.5005387985846522,1.0-2.0%,<0.8,<0.5x
2024-02-14,BAC,31.576515197753906,31.624169940223503,31.32870471959394,31.43354733452133,27833900.0,31.214326858520508,43801500.0,46.523856290947,0.7004844152195888,0.02244111873354011,40767840.0,1.0744130667702778,-0.005503178290929389,0.007023072353744537,0.3129555365369541,-0.004548257366917211,True,0,0.006323673396382295,58.08356011319902,0.01119626415012398,0.005484951082923277,59.80790443083254,0.012550141018549343,Unknown,0,0.5222158055134419,0.5-1.0%,0.8-1.2,<0.5x
2024-02-14,XOM,94.9356689453125,96.61145340855099,94.54026227561147,95.90536699150665,17651300.0,95.40637969970703,18917400.0,52.42737710449661,1.8769850562274675,0.019673580133061388,18926530.0,0.9995176083518743,0.01377774291959466,0.005230125001810068,0.2658451063017686,0.010110988327483588,True,1,0.006323673396382295,58.08356011319902,0.01119626415012398,0.005484951082923277,59.80790443083254,0.012550141018549343,Unknown,0,0.5340283535516631,0.5-1.0%,0.8-1.2,<0.5x
2024-02-14,GOOGL,144.8455810546875,145.42123338322318,143.00944836635193,144.9845305723091,22704200.0,144.05157470703125,27837700.0,51.460781468599116,3.0965304059844816,0.021495984422816156,32297565.0,0.861913274266961,-0.003288762500660125,0.006476540552751827,0.3012907166920688,0.0009583747802135217,True,0,0.006323673396382295,58.08356011319902,0.01119626415012398,0.005484951082923277,59.80790443083254,0.012550141018549343,Unknown,0,0.5056390929582182,0.5-1.0%,0.8-1.2,<0.5x
2024-02-15,WMT,55.23293685913086,55.415645412628805,54.802272031278775,55.399328815195815,16948800.0,55.00782012939453,18484500.0,63.024607495126055,0.6162178838862754,0.01120236872569664,17577435.0,1.051603945626879,0.018816210750616902,0.007117327770494102,0.6353413233192338,0.003003501299086414,True,1,0.0016156757288666417,62.21077088668864,0.014710106853978777,0.0014441567727417318,64.16074100817116,0.015102862390633298,Unknown,0,0.5152681200854576,0.5-1.0%,0.8-1.2,0.5-1.0x
2024-02-16,WMT,55.58204650878906,56.094279472938766,55.232945941818905,55.559207002402225,22373400.0,55.23293685913086,16948800.0,64.96746942193106,0.6160147051336864,0.01115303187126921,17515350.0,0.9676540862728977,0.019493120648124362,0.005907166300128181,0.529646679782683,-0.00041108409603200617,True,0,0.0008747507557605377,63.28609588943471,0.015281054217690881,-0.0006175311771559491,67.10054704344857,0.017727585374641253,Unknown,0,0.5097097006983065,0.5-1.0%,0.8-1.2,0.5-1.0x
2024-02-16,TSLA,199.9499969482422,203.1699981689453,197.39999389648438,202.05999755859375,111346700.0,200.4499969482422,120831800.0,49.55641441932157,8.172731403779398,0.04077192081918397,110829510.0,1.090249338826816,0.052815297194458655,0.0080319313288255,0.19699663806484985,0.010442445985577628,True,1,0.0008747507557605377,63.28609588943471,0.015281054217690881,-0.0006175311771559491,67.10054704344857,0.017727585374641253,Consumer Cyclical,0,0.5279143748474968,0.5-1.0%,0.8-1.2,<0.5x
2024-02-20,PEP,157.13743591308594,157.94805675296956,155.7771078845726,156.28956606675695,6117900.0,154.96652221679688,5246000.0,43.7993496295236,2.4871528184231573,0.01604961370265283,6052420.0,0.8667607337230397,-0.007716990060402273,0.008537610775759328,0.5319511692887756,-0.005424993284368287,True,0,-0.0046916679491074776,57.86952537799534,0.00018778302137634206,-0.0035834615354839758,63.052653766297546,0.00841840550243278,Unknown,0,0.5500663772113776,0.5-1.0%,0.8-1.2,0.5-1.0x
2024-02-20,CVX,142.63827514648438,144.12949404288264,142.48081900624788,143.99982344897995,6977900.0,143.2218017578125,7570200.0,65.22459145175031,2.6360382522674475,0.01840528620583183,8532920.0,0.8871757850770897,0.04197284720186323,0.005432285319822218,0.29514810359759386,0.0094552081376543,True,1,-0.0046916679491074776,57.86952537799534,0.00018778302137634206,-0.0035834615354839758,63.052653766297546,0.00841840550243278,Unknown,0,0.5212377866051798,0.5-1.0%,0.8-1.2,<0.5x
2024-02-20,INTC,44.060401916503906,44.703689430093235,42.97175541030291,43.80308389081493,61514100.0,43.060829162597656,29975300.0,44.53289108944874,1.3104096414761945,0.030431593328778896,48406490.0,0.6192413455303204,0.002530567711222398,0.01723735335923334,0.5664295383091927,-0.005874427159749162,True,0,-0.0046916679491074776,57.86952537799534,0.00018778302137634206,-0.0035834615354839758,63.052653766297546,0.00841840550243278,Unknown,0,0.5323946079318329,1.0-2.0%,<0.8,0.5-1.0x
2024-02-22,NFLX,58.84700012207031,59.084999084472656,57.888999938964844,58.275001525878906,35266000.0,57.334999084472656,22706000.0,62.65247914464737,1.434478193281242,0.025019241583448884,59545350.0,0.3813228069026381,0.025539521916720043,0.016394915085309898,0.6552922489926999,-0.00981550546914,True,0,0.02086418808070297,51.71005913428163,0.012921146556640561,0.01367631514571955,59.325362893624856,0.018067329691139333,Unknown,0,0.6614697184033541,1.0-2.0%,<0.8,0.5-1.0x
2024-02-22,CRM,290.12493896484375,291.0931856309532,287.9019485809209,288.494752046881,5264300.0,280.1461486816406,3797200.0,52.56317964252011,5.743710242129419,0.020502549362749218,4441780.0,0.854882502059985,0.018777732642211165,0.029800885732424457,1.4535209843986159,-0.005650664029056069,True,0,0.02086418808070297,51.71005913428163,0.012921146556640561,0.01367631514571955,59.325362893624856,0.018067329691139333,Unknown,0,0.6935861417224846,>2.0%,0.8-1.2,1.0-2.0x
2024-02-22,META,483.2700500488281,487.1073266935541,473.25928565517506,477.414686986791,21625800.0,465.2765197753906,12921800.0,66.68784732047507,13.128220049003712,0.02821595221555835,23716945.0,0.5448340838164443,0.07420278988068851,0.026088071706820766,0.9245859047222136,-0.012264731734570839,True,0,0.02086418808070297,51.71005913428163,0.012921146556640561,0.01367631514571955,59.325362893624856,0.018067329691139333,Unknown,0,0.660868964791515,>2.0%,<0.8,0.5-1.0x
2024-02-22,AVGO,127.60269165039062,128.19724028498706,124.82259560437909,125.33500324029427,40819000.0,120.02906799316406,20579000.0,54.069544968379155,3.2237356762436864,0.026857958077515738,25775700.0,0.7983876286579996,0.034834711663481066,0.04420541903593214,1.6458964940055854,-0.01809301752479079,True,0,0.02086418808070297,51.71005913428163,0.012921146556640561,0.01367631514571955,59.325362893624856,0.018067329691139333,Unknown,0,0.6661955112988159,>2.0%,<0.8,1.0-2.0x
2024-02-22,INTC,42.53630065917969,44.218751667634606,42.090945425277404,44.218751667634606,62809300.0,43.021240234375,57485200.0,45.054647269540254,1.3585797775192099,0.03157927967947498,50213275.0,1.1448207670182835,0.02279790124979031,0.027835353577342153,0.8814435876899942,0.038048360593733566,True,1,0.02086418808070297,51.71005913428163,0.012921146556640561,0.01367631514571955,59.325362893624856,0.018067329691139333,Unknown,0,0.6586743362298577,>2.0%,0.8-1.2,0.5-1.0x
2024-02-22,AMZN,174.5800018310547,174.8000030517578,171.77000427246094,173.10000610351562,55392400.0,168.58999633789062,44420100.0,58.065978656916776,3.7564229245432283,0.022281410558990397,52819695.0,0.8409760790932246,0.037228832639214504,0.026751348618490805,1.2006128852419902,-0.008549946131451951,True,0,0.02086418808070297,51.71005913428163,0.012921146556640561,0.01367631514571955,59.325362893624856,0.018067329691139333,Consumer Cyclical,0,0.6808679038279157,>2.0%,0.8-1.2,1.0-2.0x
2024-02-22,V,280.1329650878906,280.4390110271289,275.4237803624754,275.6212128334174,5100200.0,273.2320861816406,4770100.0,57.23378803489734,3.5598014180584525,0.013028489690965319,5599875.0,0.8518225853255653,0.012119285162606186,0.008743946163733259,0.6711404292545742,-0.01636939409739868,True,0,0.02086418808070297,51.71005913428163,0.012921146556640561,0.01367631514571955,59.325362893624856,0.018067329691139333,Financial Services,0,0.6958584984707603,0.5-1.0%,0.8-1.2,0.5-1.0x
2024-02-22,MA,466.20404052734375,467.13336646372096,456.3373820524477,456.56478058444156,2572800.0,453.8360900878906,2895800.0,57.95153872339341,6.699584794265784,0.014762124345307865,2692405.0,1.0755439839102958,0.012350539486045475,0.006012502214230025,0.40729247861545725,-0.02111257887777309,True,0,0.02086418808070297,51.71005913428163,0.012921146556640561,0.01367631514571955,59.325362893624856,0.018067329691139333,Unknown,0,0.6804503549121481,0.5-1.0%,0.8-1.2,<0.5x
2024-02-22,JPM,175.38238525390625,175.71767900334314,173.62923032241065,174.1848762529964,9296500.0,173.30348205566406,7024000.0,71.77702637748932,2.4181726667827257,0.013953399193710504,8264510.0,0.8498991470758702,0.03327073941372061,0.0050858424013040205,0.3644877015771515,-0.006874930973746125,True,0,0.02086418808070297,51.71005913428163,0.012921146556640561,0.01367631514571955,59.325362893624856,0.018067329691139333,Unknown,0,0.6887735836822401,0.5-1.0%,0.8-1.2,<0.5x
2024-02-22,AAPL,182.87814331054688,183.46338075801705,180.98360980621024,181.99534545711646,52292200.0,180.8447723388672,41371400.0,38.188050945956526,3.035377360339833,0.01678443518761017,54741950.0,0.7557531289988756,-0.017313267436053548,0.006362213866449642,0.37905439148444275,-0.00485066170902943,True,0,0.02086418808070297,51.71005913428163,0.012921146556640561,0.01367631514571955,59.325362893624856,0.018067329691139333,Unknown,0,0.6877810179388711,0.5-1.0%,<0.8,<0.5x
2024-02-22,GOOGL,143.0094451904297,143.9126246070933,141.72912574537517,143.84314227764477,27191900.0,141.4810028076172,23223300.0,47.210907617864585,3.0762814125322966,0.021743423862462707,32562985.0,0.7131809322763254,-0.004396650660997703,0.01669580666769497,0.7678554570477828,0.005795876494451789,True,1,0.02086418808070297,51.71005913428163,0.012921146556640561,0.01367631514571955,59.325362893624856,0.018067329691139333,Unknown,0,0.678864739346373,1.0-2.0%,<0.8,0.5-1.0x
2024-02-22,HD,353.64520263671875,355.1880030544981,349.65485880881835,349.9310481006983,3387500.0,346.7787170410156,3277800.0,60.318814724801285,5.930222693058105,0.017100884228592093,3053890.0,1.0733196022122604,0.02221140834236235,0.009090324477179057,0.5315704355205414,-0.010613961110851822,True,0,0.02086418808070297,51.71005913428163,0.012921146556640561,0.01367631514571955,59.325362893624856,0.018067329691139333,Unknown,0,0.6735748343183245,0.5-1.0%,0.8-1.2,0.5-1.0x
2024-02-23,PFE,24.76280403137207,25.057174469906823,24.700362074927686,24.75388350882063,33182600.0,24.575477600097656,31957500.0,49.223443182111,0.5140753547590796,0.020918224383034444,44414015.0,0.7195363895833331,0.013772645389662719,0.007259509321693231,0.3470423296339147,-0.000360368608354453,True,0,0.003606715956203796,62.91332509716792,0.022937871594769232,0.003487581899048018,68.37303542269035,0.026129155551969596,Unknown,0,0.5021360207130579,0.5-1.0%,<0.8,<0.5x
2024-02-26,AMD,176.00999450683594,179.83999633789062,174.80999755859375,178.77999877929688,45435100.0,176.52000427246094,69207400.0,56.68740204826306,8.018469198846748,0.045425271950878365,74652740.0,0.9270577342506116,0.03325511395328373,0.01280305037466239,0.28184862357031687,0.015493927124814984,True,1,0.0018775102087106915,61.32698795758684,0.016876436056913136,0.0008861524789904969,68.62862378842249,0.022169807425608257,Technology,1,0.5005387985846522,1.0-2.0%,0.8-1.2,<0.5x
2024-02-26,CRM,296.78399658203125,300.182673521671,291.4586861156659,292.04159986974946,8719300.0,289.2850341796875,4416800.0,60.60652919712254,6.166916780959855,0.0213177871383741,4365045.0,1.011856693344513,0.025743294439499298,0.009528891454335445,0.4469925228394137,-0.016238771169576175,True,0,0.0018775102087106915,61.32698795758684,0.016876436056913136,0.0008861524789904969,68.62862378842249,0.022169807425608257,Unknown,0,0.511706817088001,0.5-1.0%,0.8-1.2,<0.5x
2024-02-26,WMT,58.335689544677734,58.570600010511384,56.945814134302125,57.86587234678562,32154800.0,57.27860641479492,74365800.0,71.79776698477914,0.8388368278187631,0.014644853992154629,25218315.0,2.9488806052267966,0.04150509780952438,0.010252797139265085,0.7000955519773426,-0.008119072241346935,True,0,0.0018775102087106915,61.32698795758684,0.016876436056913136,0.0008861524789904969,68.62862378842249,0.022169807425608257,Unknown,0,0.6267290787948251,1.0-2.0%,>2.0,0.5-1.0x
2024-02-29,GOOGL,137.42169189453125,137.81868622745773,135.377127161307,136.25053286698093,42133000.0,135.35728454589844,37328600.0,37.8319566948012,3.113622067923959,0.023002988560014717,33870040.0,1.1021126635811471,-0.03848712574965374,0.006599189131779627,0.28688398964170964,-0.0085956289704474,True,0,0.006800509397011346,58.68790735119978,0.013672857993220155,0.0035751541926411067,65.22667227634385,0.016198928343023944,Unknown,0,0.5721972193286952,0.5-1.0%,0.8-1.2,<0.5x
2024-02-29,META,487.2464599609375,488.8072305793803,479.77068239389234,485.5664001835374,17732000.0,481.1723937988281,12715500.0,68.29681867735637,12.318538143107672,0.025601090797943597,23432755.0,0.5426378588433157,0.03967022061649117,0.00913187548025944,0.3566986872681595,-0.003460000067478059,True,0,0.006800509397011346,58.68790735119978,0.013672857993220155,0.0035751541926411067,65.22667227634385,0.016198928343023944,Unknown,0,0.5681284766870129,0.5-1.0%,<0.8,<0.5x
2024-02-29,NFLX,60.29199981689453,60.45199966430664,59.51599884033203,60.42499923706055,35721000.0,59.64799880981445,26052000.0,66.89698998149541,1.4021767638147022,0.023507524004040665,36466000.0,0.7144189107661931,0.050055987890188725,0.013026429096532345,0.5541387129624225,0.002201066145557233,True,1,0.006800509397011346,58.68790735119978,0.013672857993220155,0.0035751541926411067,65.22667227634385,0.016198928343023944,Unknown,0,0.5568263900623188,1.0-2.0%,<0.8,0.5-1.0x
2024-02-29,BAC,33.13310241699219,33.25788047745168,32.777968803384184,32.95073729896332,43863400.0,32.70117950439453,39548600.0,59.278920789078,0.7006664724226358,0.02142633639035794,37960635.0,1.0418318871641636,0.028859569463116852,0.0076314615665545125,0.3561720224829824,-0.0055344776165177564,True,0,0.006800509397011346,58.68790735119978,0.013672857993220155,0.0035751541926411067,65.22667227634385,0.016198928343023944,Unknown,0,0.5607025677254042,0.5-1.0%,0.8-1.2,<0.5x
2024-02-29,JPM,178.24685668945312,178.60131475402636,176.1296684956063,177.86365957197035,9643000.0,176.63739013671875,6131600.0,75.41710292061937,2.267026038972744,0.01283434972186833,7830485.0,0.7830421742714532,0.039291303803544064,0.006942298198034135,0.5409154611242373,-0.0021544430065418953,True,0,0.006800509397011346,58.68790735119978,0.013672857993220155,0.0035751541926411067,65.22667227634385,0.016198928343023944,Unknown,0,0.5435052209109029,0.5-1.0%,<0.8,0.5-1.0x
2024-02-29,INTC,42.60557556152344,42.704545483662436,41.922700087688604,41.93259519224425,48875100.0,41.556522369384766,26928500.0,37.815160170440045,1.259291401480991,0.030303098759984968,40916995.0,0.6581250651471351,-0.01769381383143198,0.009049670218231304,0.29863844255364835,-0.016049098945434704,True,0,0.006800509397011346,58.68790735119978,0.013672857993220155,0.0035751541926411067,65.22667227634385,0.016198928343023944,Unknown,0,0.5146827934169441,0.5-1.0%,<0.8,<0.5x
2024-02-29,TSLA,201.8800048828125,205.27999877929688,198.4499969482422,204.17999267578125,85907000.0,202.0399932861328,99806200.0,52.41393718169058,7.925304614430124,0.039226414956400044,101857955.0,0.9798567033865936,0.058431959700876,0.010591959318755917,0.2700210898836619,0.011264511095467203,True,1,0.006800509397011346,58.68790735119978,0.013672857993220155,0.0035751541926411067,65.22667227634385,0.016198928343023944,Consumer Cyclical,0,0.5741337922888616,1.0-2.0%,0.8-1.2,<0.5x
2024-02-29,AVGO,127.17142486572266,127.9449229068937,125.87965523439684,127.44718283364028,27536000.0,126.08893585205078,10967000.0,61.083910044797285,3.2031015123964712,0.025403509758817385,23981750.0,0.45730607649566857,0.03240063869799137,0.010772134544645783,0.42404119143052066,0.0021637039108002927,True,1,0.006800509397011346,58.68790735119978,0.013672857993220155,0.0035751541926411067,65.22667227634385,0.016198928343023944,Unknown,0,0.5255038625200947,1.0-2.0%,<0.8,<0.5x
2024-02-29,NVDA,79.06795501708984,79.94546455588929,78.30637821286784,79.04996729538055,507289000.0,77.61975860595703,393110000.0,69.65732982234259,2.9553347920058552,0.038074516657657376,550393100.0,0.7142349713323077,0.0902066951841285,0.01842583274039917,0.4839413433943999,-0.00022754875586571642,True,0,0.006800509397011346,58.68790735119978,0.013672857993220155,0.0035751541926411067,65.22667227634385,0.016198928343023944,Technology,1,0.5005387985846522,1.0-2.0%,<0.8,<0.5x
2024-02-29,AMD,192.52999877929688,193.0,179.82000732421875,179.82000732421875,105538500.0,176.5399932861328,35914400.0,56.19471083038261,7.440797217022189,0.042147940976537145,64951905.0,0.5529383626238522,0.035075294656224054,0.018579439010002398,0.440814867334686,-0.07068174250578123,True,0,0.006800509397011346,58.68790735119978,0.013672857993220155,0.0035751541926411067,65.22667227634385,0.016198928343023944,Technology,1,0.5005387985846522,1.0-2.0%,<0.8,<0.5x
2024-03-01,AVGO,136.82110595703125,137.661092796137,129.07927575038434,129.6591568859766,44488000.0,127.17142486572266,27536000.0,62.84432782867951,3.1218276666893563,0.02454818501865196,23988550.0,1.1478809682119178,0.045222891563618806,0.019562036226933026,0.7968831997994799,-0.055236739487307604,True,0,0.002050101965725978,62.11079306250027,0.015329230752152201,0.0017715306859686082,66.93996540394978,0.01600835055090921,Unknown,0,0.5081814915337872,1.0-2.0%,0.8-1.2,0.5-1.0x
2024-03-01,NVDA,82.2331771850586,82.2541692109824,79.39075927311268,79.95544705800646,479135000.0,79.06795501708984,507289000.0,71.61321719304323,2.9103613032863125,0.03680835431569292,553067800.0,0.9172275080921363,0.08993148556891173,0.01122442133130658,0.3049422214054581,-0.028487491607665946,True,0,0.002050101965725978,62.11079306250027,0.015329230752152201,0.0017715306859686082,66.93996540394978,0.01600835055090921,Technology,1,0.5005387985846522,1.0-2.0%,0.8-1.2,<0.5x
2024-03-01,INTC,43.36762619018555,43.81298139348012,42.68475072867816,42.96185895503192,41426100.0,42.60557556152344,48875100.0,45.322291898790105,1.2513436666807538,0.029370420424758365,40781540.0,1.198461362665559,0.005419061704758921,0.008362365460689587,0.28472065907644856,-0.009444824898716349,True,0,0.002050101965725978,62.11079306250027,0.015329230752152201,0.0017715306859686082,66.93996540394978,0.01600835055090921,Unknown,0,0.5720858771850109,0.5-1.0%,0.8-1.2,<0.5x
2024-03-01,CVX,141.53607177734375,142.96246248105544,141.01738938800682,141.75837028693178,7459100.0,140.79510498046875,9334400.0,53.72817833850394,2.4237321911836407,0.017214605518564467,8197180.0,1.1387330764970391,0.005021700247673122,0.006841610769043812,0.3974305865833362,0.0015681508551352325,True,0,0.002050101965725978,62.11079306250027,0.015329230752152201,0.0017715306859686082,66.93996540394978,0.01600835055090921,Unknown,0,0.5144058689746825,0.5-1.0%,0.8-1.2,<0.5x
2024-03-01,PFE,23.719127655029297,23.99565705944762,23.647765173198252,23.93321510052243,46392100.0,23.692365646362305,54643200.0,37.34186131937253,0.502733038959183,0.021219199739827246,38118685.0,1.4335017065777584,-0.016549695819178534,0.010165698848105668,0.47908021851668714,0.00894520207978485,True,1,0.002050101965725978,62.11079306250027,0.015329230752152201,0.0017715306859686082,66.93996540394978,0.01600835055090921,Unknown,0,0.5718091271258157,1.0-2.0%,1.2-2.0,<0.5x
2024-03-04,NVDA,85.18953704833984,87.64616854479111,83.67238457234258,84.08315120139147,615616000.0,82.2331771850586,479135000.0,75.35276931717974,2.9300650811867586,0.035631179306047034,558567250.0,0.8577928620054255,0.13060397342469843,0.022496686613113274,0.6313764251214474,-0.013158234808522034,True,0,6.008843465900626e-08,67.28386169658408,0.025867194811867167,-0.0015987896369486648,70.97631452417173,0.019903021426783685,Technology,1,0.5048606757022588,>2.0%,0.8-1.2,0.5-1.0x
2024-03-05,WMT,58.76636505126953,59.06000036791462,58.316123983495345,58.59996934044608,19676900.0,58.04206085205078,16033300.0,68.18521457193364,0.8466956476914874,0.014587622066861388,25789570.0,0.6216970659068763,0.03458708763467744,0.009612141267991973,0.6589244788448294,-0.002839518735184796,True,0,-0.0069367227763998335,64.98548067484424,0.013843944626216631,-0.004021226243795658,69.91639177294684,0.014522643807065805,Unknown,0,0.5635338696023324,0.5-1.0%,<0.8,0.5-1.0x
2024-03-06,BAC,33.996944427490234,34.352081735899155,33.66100768865569,34.21770704036533,49149700.0,33.96815490722656,47591600.0,68.63435629085821,0.7221698798199078,0.021260203322561674,37122330.0,1.2820208214301203,0.054809469983152725,0.007346649643477681,0.34555876686660364,0.00645170679071726,True,1,0.009792485136704646,54.86770109376875,0.011506703548255004,0.006644613926805946,60.81177493987074,0.013777448547929616,Unknown,0,0.5003893938737448,0.5-1.0%,1.2-2.0,<0.5x
2024-03-06,AAPL,167.75157165527344,169.85442810491517,167.31512946505867,169.67587669286206,68587700.0,168.7434844970703,95132400.0,23.270335776384247,3.399200332272704,0.020144187151307287,58732660.0,1.6197529619806084,-0.06043989798743965,0.0055255004278872595,0.27429751254712076,0.011341064358087245,True,1,0.009792485136704646,54.86770109376875,0.011506703548255004,0.006644613926805946,60.81177493987074,0.013777448547929616,Unknown,0,0.5417437720686125,0.5-1.0%,1.2-2.0,<0.5x
2024-03-06,NVDA,88.65476989746094,89.67824984643924,86.9856232402923,87.97712182383515,582520000.0,85.920166015625,520639000.0,78.8938436725656,3.0767895926871307,0.035809865545739304,557547200.0,0.9338025551917398,0.15385307599429532,0.023940314638545748,0.6685396405068098,-0.0077025487942502585,True,0,0.009792485136704646,54.86770109376875,0.011506703548255004,0.006644613926805946,60.81177493987074,0.013777448547929616,Technology,1,0.5005387985846522,>2.0%,0.8-1.2,0.5-1.0x
2024-03-06,AMD,210.6300048828125,214.80999755859375,207.32000732421875,210.42999267578125,86687000.0,205.1300048828125,65407100.0,71.95607110119438,8.099640665960786,0.03948540180939391,63871115.0,1.0240481945555515,0.1624200426571778,0.025837213800080337,0.6543485089705595,-0.0009504928669527524,True,0,0.009792485136704646,54.86770109376875,0.011506703548255004,0.006644613926805946,60.81177493987074,0.013777448547929616,Technology,1,0.5005387985846522,>2.0%,0.8-1.2,0.5-1.0x
2024-03-08,AMD,207.38999938964844,227.3000030517578,205.60000610351562,213.41000366210938,120815200.0,211.3800048828125,63869000.0,74.57274597021421,8.02662849937475,0.03797250597957292,65272940.0,0.9784912400146217,0.15193309245510878,0.00960355157727568,0.25290802725640105,0.028208632065778744,True,1,0.0008081656996365292,62.6552168634635,0.02119194529911228,0.0012626671364918995,67.8691843774941,0.020179538223887405,Technology,1,0.5005387985846522,0.5-1.0%,0.8-1.2,<0.5x
2024-03-08,INTC,43.54576873779297,46.14861915352694,43.54576873779297,45.960578190502105,54916600.0,45.67357635498047,50378200.0,58.48910684029704,1.5531719311269185,0.034005918850222756,44350095.0,1.135920903889834,0.05947568297592998,0.006283760949460658,0.18478433054954774,0.0525408849884348,True,1,0.0008081656996365292,62.6552168634635,0.02119194529911228,0.0012626671364918995,67.8691843774941,0.020179538223887405,Unknown,0,0.5410465597561451,0.5-1.0%,0.8-1.2,<0.5x
2024-03-11,PEP,154.65634155273438,155.3041486068112,153.32317984863346,153.89587738514007,5404800.0,153.07907104492188,6065300.0,40.48037174024247,2.1779811814662224,0.014227818124314865,6148680.0,0.986439365847629,-0.011068058631187538,0.005335845943162908,0.3750291082259567,-0.004941420007575435,True,0,-0.0034395332293886732,55.45630894838312,0.0029066223997860074,-0.0024230487433377712,62.81396856843436,0.009769827768515205,Unknown,0,0.5011497623505177,0.5-1.0%,0.8-1.2,<0.5x
2024-03-11,GOOGL,136.63760375976562,138.05688799115902,135.10915896262767,135.10915896262767,32437800.0,134.3945770263672,39370400.0,42.13891935951175,3.1791998428757084,0.023655715232110696,33451195.0,1.1769504796465418,-0.022542613713133486,0.005317044423007421,0.22476785718953737,-0.011312666061082737,True,0,-0.0034395332293886732,55.45630894838312,0.0029066223997860074,-0.0024230487433377712,62.81396856843436,0.009769827768515205,Unknown,0,0.5012268623320127,0.5-1.0%,0.8-1.2,<0.5x
2024-03-12,AVGO,126.32948303222656,127.88528259400402,123.14161439683652,127.80802082499643,42789000.0,126.45075225830078,31105000.0,50.79835874905022,4.750517712106786,0.03756812535526013,31571250.0,0.9852318169220414,0.002108720353420468,0.010733574474299378,0.28570961081497004,0.01156842726478322,True,1,0.005349862277259302,53.76970676019249,0.00750241588546019,0.004244085297792595,62.104704895612116,0.014313294793527165,Unknown,0,0.5394146316407189,1.0-2.0%,0.8-1.2,<0.5x
2024-03-12,NVDA,91.86614227294922,91.91311538288066,86.10607991861596,88.00411383105026,668075000.0,85.73025512695312,678364000.0,65.73582268484266,3.805577024104812,0.04439012829798939,606623550.0,1.118261894052745,0.10316651825436751,0.026523409976208598,0.597506945646966,-0.043884635317313174,True,0,0.005349862277259302,53.76970676019249,0.00750241588546019,0.004244085297792595,62.104704895612116,0.014313294793527165,Technology,1,0.515001243189195,>2.0%,0.8-1.2,0.5-1.0x
2024-03-12,AMZN,175.38999938964844,176.75999450683594,171.97999572753906,173.5,36610600.0,171.9600067138672,28484800.0,52.15478575513055,3.588625752899935,0.0208689556454323,42315065.0,0.6731597836373405,0.0018998567411787626,0.008955531670194012,0.4291317602255845,-0.01089336824004863,True,0,0.005349862277259302,53.76970676019249,0.00750241588546019,0.004244085297792595,62.104704895612116,0.014313294793527165,Consumer Cyclical,0,0.509131176767062,0.5-1.0%,<0.8,<0.5x
2024-03-12,META,496.80987548828125,499.3548120932543,481.87825193306827,490.3580671035689,15448200.0,480.7449645996094,20428300.0,55.658228274565644,14.675164286721273,0.030525882468563244,17114125.0,1.1936514428870888,0.014633900903149755,0.01999626249224644,0.6550592767576622,-0.01315734117075242,True,0,0.005349862277259302,53.76970676019249,0.00750241588546019,0.004244085297792595,62.104704895612116,0.014313294793527165,Unknown,0,0.5316603475349383,1.0-2.0%,0.8-1.2,0.5-1.0x
2024-03-12,CSCO,47.38678741455078,47.84106415522721,47.216433185513296,47.83160163595651,17590400.0,47.528751373291016,17715100.0,59.227085315510756,0.6874193401863578,0.014463231629784745,21159820.0,0.8372046643118892,0.03189190770715711,0.006371938119874155,0.44056116108602955,0.009299588685973411,True,1,0.005349862277259302,53.76970676019249,0.00750241588546019,0.004244085297792595,62.104704895612116,0.014313294793527165,Unknown,0,0.5618130859966279,0.5-1.0%,0.8-1.2,<0.5x
2024-03-13,ABBV,169.2567138671875,171.75048267161856,168.8426508900206,171.7410773709512,5987900.0,170.2542266845703,5391100.0,65.17181571726796,2.849519325303454,0.016736849244763555,5144025.0,1.0480314539684392,0.02392038767582627,0.008733120553509438,0.521789999168557,0.014465750080265315,True,1,-0.002276443392937594,58.94235666887286,0.012102236452671722,0.0006386440829293741,67.10539682350422,0.018890803723156768,Unknown,0,0.5163308077454274,0.5-1.0%,0.8-1.2,0.5-1.0x
2024-03-13,KO,57.60895919799805,57.69378928976601,57.307341892947946,57.38274801699142,13909500.0,57.02457809448242,12684600.0,56.84399751796135,0.654959584732537,0.011485566515675975,13650345.0,0.9292512387049559,0.012279300783650804,0.006280974528484147,0.5468580517914909,-0.003942146181978653,True,0,-0.002276443392937594,58.94235666887286,0.012102236452671722,0.0006386440829293741,67.10539682350422,0.018890803723156768,Unknown,0,0.5150587308592254,0.5-1.0%,0.8-1.2,0.5-1.0x
2024-03-14,PEP,154.70327758789062,156.0927677660829,154.15874436216023,156.0927677660829,5155300.0,155.1914825439453,4585800.0,48.772778049120255,2.0790663812204295,0.013396781493028805,5561075.0,0.8246247353254542,0.004946857801068294,0.005807568865013957,0.4335047838196065,0.00890169479392229,True,1,0.0028393439070732765,55.317289762822185,0.008794735360170947,0.0019379576774052364,65.72975182497878,0.016885662434342974,Unknown,0,0.5102057122606395,0.5-1.0%,0.8-1.2,<0.5x
2024-03-14,NFLX,61.30099868774414,62.08000183105469,60.73500061035156,61.5,31205000.0,60.94499969482422,21921000.0,62.43825033937281,1.4154894574647798,0.023225686513293903,33187950.0,0.6605108179324122,0.02775867943088217,0.00910657655188921,0.3920907374116495,0.0032357936952172256,True,1,0.0028393439070732765,55.317289762822185,0.008794735360170947,0.0019379576774052364,65.72975182497878,0.016885662434342974,Unknown,0,0.511991852418685,0.5-1.0%,<0.8,<0.5x
2024-03-14,GOOGL,142.02688598632812,142.51320173883516,139.40668419509728,140.13120561748423,42753400.0,138.74166870117188,23347200.0,51.21972211893235,3.1093132895391515,0.022410810815863345,33807050.0,0.6906015165475841,0.02023264097823141,0.010015281849501175,0.44689511378195756,-0.013527895949304338,True,0,0.0028393439070732765,55.317289762822185,0.008794735360170947,0.0019379576774052364,65.72975182497878,0.016885662434342974,Unknown,0,0.5620263605217509,1.0-2.0%,<0.8,<0.5x
2024-03-14,AMZN,178.75,179.52999877929688,176.47000122070312,177.69000244140625,43705800.0,176.55999755859375,30772600.0,59.13730946622558,3.57192619252158,0.020230665167154806,40314450.0,0.7633143947145502,0.02122451718561269,0.006400118364509453,0.3163572878908732,-0.005965431617028015,True,0,0.0028393439070732765,55.317289762822185,0.008794735360170947,0.0019379576774052364,65.72975182497878,0.016885662434342974,Consumer Cyclical,0,0.5929033740347063,0.5-1.0%,<0.8,<0.5x
2024-03-14,AAPL,171.6001739501953,172.89957168966941,170.65786388331372,171.51090581587792,72913500.0,169.7453155517578,52488700.0,32.27353965058581,3.2889521718282477,0.019375805224064627,64118410.0,0.8186213600742751,-0.02493900363683399,0.01040140788793522,0.5368245483298282,-0.0005204808049537406,True,0,0.0028393439070732765,55.317289762822185,0.008794735360170947,0.0019379576774052364,65.72975182497878,0.016885662434342974,Unknown,0,0.5123418379253225,1.0-2.0%,0.8-1.2,0.5-1.0x
2024-03-18,CSCO,46.62965774536133,46.99875735752382,46.355197763399815,46.582337930260834,17406700.0,46.30788040161133,57049200.0,45.02539323755428,0.6841835939157226,0.014774668760091118,20756120.0,2.7485483799476973,0.004776861230005869,0.005926799634732501,0.40114602438612973,-0.0010158316907866863,True,0,0.012421925429902886,48.920945159217524,0.0031274479230323227,0.008179114414511645,58.08621792304633,0.011849330374986478,Unknown,0,0.7275241408204806,0.5-1.0%,>2.0,<0.5x
2024-03-18,HD,356.306396484375,361.7576729919214,355.5687126143728,360.69422820560345,3455600.0,357.5710144042969,9234900.0,55.42087311781347,5.36697808418803,0.0150095445883086,3434130.0,2.6891527111670204,0.007797179750943295,0.00873452734000199,0.581931536204342,0.012164962392265654,True,1,0.012421925429902886,48.920945159217524,0.0031274479230323227,0.008179114414511645,58.08621792304633,0.011849330374986478,Unknown,0,0.7444180523541011,0.5-1.0%,>2.0,0.5-1.0x
2024-03-18,MA,473.4507751464844,475.35884693838943,471.23619658164426,473.2036146499902,2072300.0,470.4255065917969,4179300.0,59.9176842883855,6.022751748960536,0.012802774646712914,2446685.0,1.7081479634689385,0.015005406865291837,0.005905521744176944,0.4612688973396228,-0.0005223132048072026,True,0,0.012421925429902886,48.920945159217524,0.0031274479230323227,0.008179114414511645,58.08621792304633,0.011849330374986478,Unknown,0,0.7410521252145454,0.5-1.0%,1.2-2.0,<0.5x
2024-03-18,AVGO,120.98639678955078,123.49366688794456,120.44465413871191,122.62336023645922,25737000.0,120.81625366210938,88823000.0,43.52944153739959,4.466556529151171,0.036969831407311554,36652000.0,2.423414820473644,-0.03743875772746674,0.01495747897798451,0.4045860748779708,0.013349523645020173,True,1,0.012421925429902886,48.920945159217524,0.0031274479230323227,0.008179114414511645,58.08621792304633,0.011849330374986478,Unknown,0,0.720161101012553,1.0-2.0%,>2.0,<0.5x
2024-03-18,CRM,297.2903747558594,297.74543790723766,292.8484596494348,296.4098956377809,5240500.0,291.17657470703125,11885100.0,47.65039991420635,7.31452644018921,0.025120586872583266,7538805.0,1.5765230696376946,-0.0037396345896725247,0.01797301495154675,0.7154695486498601,-0.0029704781487944897,True,0,0.012421925429902886,48.920945159217524,0.0031274479230323227,0.008179114414511645,58.08621792304633,0.011849330374986478,Unknown,0,0.7395115867523642,1.0-2.0%,1.2-2.0,0.5-1.0x
2024-03-18,TSLA,173.8000030517578,174.72000122070312,165.89999389648438,170.02000427246094,108214400.0,163.57000732421875,97146800.0,29.02873579046592,8.06951207717002,0.04933369026006774,101584670.0,0.9563135855045845,-0.08193815150609995,0.03943263837762987,0.7993044544155641,-0.022232670769960345,True,0,0.012421925429902886,48.920945159217524,0.0031274479230323227,0.008179114414511645,58.08621792304633,0.011849330374986478,Consumer Cyclical,0,0.6069268229155439,>2.0%,0.8-1.2,0.5-1.0x
2024-03-18,PEP,160.78700256347656,161.65074046312188,156.74057251133422,156.83446298277,10478500.0,154.59060668945312,21887300.0,46.599373712919515,2.037627123048812,0.013180795176915677,6404040.0,3.417733180929538,0.010155239418130346,0.014514829467125397,1.1012104559932845,-0.025201983706481662,True,0,0.012421925429902886,48.920945159217524,0.0031274479230323227,0.008179114414511645,58.08621792304633,0.011849330374986478,Unknown,0,0.818057003238613,1.0-2.0%,>2.0,1.0-2.0x
2024-03-18,NVDA,88.4098892211914,92.35787164603076,87.04058518466691,90.34190203688856,668976000.0,87.79220581054688,642086000.0,63.2743097335137,3.916083682494757,0.04460627963882758,626966700.0,1.02411499685709,0.08513450635291231,0.029042398499974514,0.65108318234849,0.021385567185736986,True,1,0.012421925429902886,48.920945159217524,0.0031274479230323227,0.008179114414511645,58.08621792304633,0.011849330374986478,Technology,1,0.506374068484039,>2.0%,0.8-1.2,0.5-1.0x
2024-03-18,AMD,190.64999389648438,193.5,188.0500030517578,193.2899932861328,59306900.0,191.05999755859375,95289500.0,52.65298149944102,9.414818978334193,0.04927676697706898,74454645.0,1.279832843202731,0.011639927874657063,0.011671703946584493,0.23686018102640416,0.01365823105876138,True,1,0.012421925429902886,48.920945159217524,0.0031274479230323227,0.008179114414511645,58.08621792304633,0.011849330374986478,Technology,1,0.5002911257561687,1.0-2.0%,1.2-2.0,<0.5x
2024-03-18,ADBE,513.8599853515625,515.72998046875,495.54998779296875,495.54998779296875,7052700.0,492.4599914550781,19580800.0,29.844039243942095,20.152748611476483,0.04092261089460463,4920280.0,3.979610916451909,-0.09921375550304234,0.006274613961553651,0.1533287789900257,-0.03694884070150217,True,0,0.012421925429902886,48.920945159217524,0.0031274479230323227,0.008179114414511645,58.08621792304633,0.011849330374986478,Technology,1,0.5123812219219851,0.5-1.0%,>2.0,<0.5x
2024-03-18,BAC,34.56324005126953,34.6400276830432,33.96815055076684,34.227303315849255,50617900.0,33.98734664916992,69646400.0,61.228571487345796,0.6697599105191672,0.01970615468846918,40220885.0,1.7315978999467565,0.02400734376132263,0.007060176516756534,0.35827266295071314,-0.009814875928736038,True,0,0.012421925429902886,48.920945159217524,0.0031274479230323227,0.008179114414511645,58.08621792304633,0.011849330374986478,Unknown,0,0.7413765248549176,0.5-1.0%,1.2-2.0,<0.5x
2024-03-18,AAPL,172.31434631347656,176.27206668827822,172.11596763998543,174.1493830977455,75604200.0,171.2232208251953,121752700.0,37.07205887363373,3.2371003447707545,0.01890573211489559,67848470.0,1.7944796691804545,-0.00491954168640496,0.017089751369281595,0.9039454947008793,0.010537142030752865,True,1,0.012421925429902886,48.920945159217524,0.0031274479230323227,0.008179114414511645,58.08621792304633,0.011849330374986478,Unknown,0,0.7565724755317963,1.0-2.0%,1.2-2.0,0.5-1.0x
2024-03-18,GOOGL,146.5725555419922,151.00903668153742,146.066385431709,147.49558944234974,69273700.0,140.1212615966797,49475400.0,53.128912245213215,3.154454478281368,0.022512318561340415,35403745.0,1.3974623306093747,0.07059641761706992,0.05262818619843767,2.3377505988572023,0.006258044080147428,True,1,0.012421925429902886,48.920945159217524,0.0031274479230323227,0.008179114414511645,58.08621792304633,0.011849330374986478,Unknown,0,0.7119739452011062,>2.0%,1.2-2.0,>2.0x
2024-03-18,META,494.0561828613281,494.4935966845107,483.9460015609113,489.0160033565001,11755300.0,481.251953125,29153600.0,53.57276647722981,14.20140453710008,0.029509292263404943,16511285.0,1.765677232268718,0.003481223973056613,0.016133025915187255,0.5467100251399163,-0.01030677824495173,True,0,0.012421925429902886,48.920945159217524,0.0031274479230323227,0.008179114414511645,58.08621792304633,0.011849330374986478,Unknown,0,0.6782475230904219,1.0-2.0%,1.2-2.0,0.5-1.0x
2024-03-18,NFLX,61.8390007019043,62.74100112915039,61.04499816894531,61.35599899291992,33442000.0,60.5880012512207,66716000.0,59.22895860136662,1.4461363879819285,0.023868362681015033,32656450.0,2.0429654784889357,0.02193317750862156,0.012675739846819018,0.5310686793317976,-0.007872118731863696,True,0,0.012421925429902886,48.920945159217524,0.0031274479230323227,0.008179114414511645,58.08621792304633,0.011849330374986478,Unknown,0,0.6872579510678292,1.0-2.0%,>2.0,0.5-1.0x
2024-03-18,INTC,42.26908493041992,42.93217018813967,42.16021990487515,42.64516307994282,27668300.0,42.199806213378906,66952900.0,44.63028786757084,1.472640315901048,0.03489685020008851,45733720.0,1.4639723162690461,-0.0137105602318216,0.010553528713189157,0.3024206669850791,0.008818776207231264,True,1,0.012421925429902886,48.920945159217524,0.0031274479230323227,0.008179114414511645,58.08621792304633,0.011849330374986478,Unknown,0,0.722342076367461,1.0-2.0%,1.2-2.0,<0.5x
2024-03-18,ABBV,167.9674835205078,169.27553827085197,167.1017220071152,168.4568176198791,8569000.0,167.39344787597656,20957800.0,53.87146816650801,2.917559486408426,0.017429352961115148,6086025.0,3.4435941357454167,0.002385330507871153,0.00635251712295455,0.36447234370243137,0.002904804366395357,True,1,0.012421925429902886,48.920945159217524,0.0031274479230323227,0.008179114414511645,58.08621792304633,0.011849330374986478,Unknown,0,0.7619019344598223,0.5-1.0%,>2.0,<0.5x
2024-03-18,AMZN,174.47999572753906,176.69000244140625,174.27999877929688,175.8000030517578,31250700.0,174.4199981689453,72147400.0,53.74788145236161,3.629263164525941,0.02080760923418078,41473575.0,1.7395992508482812,0.006898819656801836,0.007911964782133588,0.38024381816708464,0.007508573955087604,True,1,0.012421925429902886,48.920945159217524,0.0031274479230323227,0.008179114414511645,58.08621792304633,0.011849330374986478,Consumer Cyclical,0,0.7012100027660387,0.5-1.0%,1.2-2.0,<0.5x
2024-03-19,MA,478.50274658203125,479.10580374338963,474.06375348435574,476.1497737033031,2049500.0,473.4507751464844,2072300.0,62.41503362777576,5.944936648791395,0.01255660981218596,2438440.0,0.849846623250931,0.01807346627688622,0.005700695190505593,0.4539995489047666,-0.004941665435284537,True,0,-0.00464024764634124,52.8114298042404,-0.005218699630213597,-0.001384205820788921,61.36633615036033,0.006643235284326199,Unknown,0,0.5425670205408274,0.5-1.0%,0.8-1.2,<0.5x
2024-03-21,NVDA,91.38837432861328,92.60076087628697,90.3589007516049,92.2529387505123,480372000.0,90.32592010498047,479063000.0,66.48659015788819,3.985920293348778,0.044128200285324284,624281450.0,0.7673830449391056,0.07287118754900468,0.021334060514326025,0.4834563924289723,0.009371673505568594,True,1,0.011515129054212614,58.342343734540044,0.02158440085951807,0.005590988007262336,68.3890135122298,0.02412277672677554,Technology,1,0.5005387985846522,>2.0%,<0.8,<0.5x
2024-03-21,INTC,41.98208236694336,43.149901135053874,41.88311621045273,42.54620153995399,50807600.0,41.76435470581055,74865000.0,43.2417306164333,1.4230928083015617,0.034074339668980234,45145305.0,1.6583119772919908,-0.01134901035596425,0.018720433720353112,0.5493997507278289,0.013258978536095221,True,1,0.011515129054212614,58.342343734540044,0.02158440085951807,0.005590988007262336,68.3890135122298,0.02412277672677554,Unknown,0,0.6101390805705075,1.0-2.0%,1.2-2.0,0.5-1.0x
2024-03-21,AMZN,178.14999389648438,181.4199981689453,178.14999389648438,179.99000549316406,32824300.0,178.14999389648438,29947200.0,59.45958413026117,3.5025365261076074,0.019660604244212253,39152110.0,0.7648936417475329,0.024305886242083963,0.010328440413805698,0.52533687599384,0.01022285427259221,True,1,0.011515129054212614,58.342343734540044,0.02158440085951807,0.005590988007262336,68.3890135122298,0.02412277672677554,Consumer Cyclical,0,0.5252580103349009,1.0-2.0%,<0.8,0.5-1.0x
2024-03-21,AMD,178.67999267578125,187.69000244140625,177.66000366210938,185.97000122070312,75265600.0,179.72999572753906,81773100.0,44.391676386937526,9.375169140737045,0.05216251801924757,77241320.0,1.0586704111219227,-0.034914724754104065,0.03471877617258486,0.6655885776022911,0.03919991663747063,True,1,0.011515129054212614,58.342343734540044,0.02158440085951807,0.005590988007262336,68.3890135122298,0.02412277672677554,Technology,1,0.5133714125786739,>2.0%,0.8-1.2,0.5-1.0x
2024-03-21,AVGO,132.3787078857422,137.839810051983,129.23618969838006,130.4460550797196,72468000.0,125.30802154541016,40946000.0,51.04509565305941,4.429767941241037,0.03535103249264646,37801900.0,1.0831730680203906,0.020919639003946777,0.04100322925015203,1.1598877418553846,-0.014815724437519285,True,0,0.011515129054212614,58.342343734540044,0.02158440085951807,0.005590988007262336,68.3890135122298,0.02412277672677554,Unknown,0,0.5624859490078552,>2.0%,0.8-1.2,1.0-2.0x
2024-03-21,CRM,305.08599853515625,308.45943805122926,303.0678461489409,304.6408076501931,6083900.0,302.80072021484375,4946600.0,57.88433050709921,7.046207898677608,0.023270116047538356,7602050.0,0.6506929052032018,0.014831764922281998,0.006076892531972064,0.2611457768219816,-0.0014613632638288845,True,0,0.011515129054212614,58.342343734540044,0.02158440085951807,0.005590988007262336,68.3890135122298,0.02412277672677554,Unknown,0,0.5179778441010813,0.5-1.0%,<0.8,<0.5x
2024-03-21,HD,378.6192626953125,380.2191809104615,371.9991705623214,372.11413124398445,4212200.0,368.28192138671875,2750400.0,66.1431262656685,5.749961358742148,0.015612934072602313,3318750.0,0.8287457627118644,0.03195127094357786,0.0104056420766895,0.6664757583873613,-0.017481549087053693,True,0,0.011515129054212614,58.342343734540044,0.02158440085951807,0.005590988007262336,68.3890135122298,0.02412277672677554,Unknown,0,0.5593875566511805,1.0-2.0%,0.8-1.2,0.5-1.0x
2024-03-26,NVDA,92.5137939453125,96.32585191995982,92.45482592449682,95.8021170685874,513648000.0,94.95354461669922,552136000.0,71.98423768347953,3.8253669076562544,0.040286720449438575,595319750.0,0.9274612508656063,0.08410651657499013,0.008936711686895278,0.22182772852188862,0.034324117502755234,True,1,0.0034625105679704903,58.35624946531659,0.01280474378877905,0.0028087672559264725,65.25376956767045,0.015429605523296752,Technology,1,0.5005387985846522,0.5-1.0%,0.8-1.2,<0.5x
2024-03-26,V,277.0231628417969,280.50816428655,274.86107663455067,280.50816428655,8752400.0,277.6253356933594,8519200.0,48.60851099605586,3.7132398173956003,0.013375003430871741,5910340.0,1.441406078161324,0.0022594229412205014,0.010383881521442885,0.7763647744175641,0.012423885962880878,True,1,0.0034625105679704903,58.35624946531659,0.01280474378877905,0.0028087672559264725,65.25376956767045,0.015429605523296752,Financial Services,0,0.502801790493624,1.0-2.0%,1.2-2.0,0.5-1.0x
2024-03-26,AMD,177.8699951171875,182.60000610351562,176.3300018310547,179.5399932861328,65322400.0,178.6300048828125,71935300.0,43.77082572620898,9.274174722619975,0.051918347808948204,76729960.0,0.9375125439919426,-0.06828303819503834,0.005094264000705237,0.09812068788189045,0.009301538550710744,True,1,0.0034625105679704903,58.35624946531659,0.01280474378877905,0.0028087672559264725,65.25376956767045,0.015429605523296752,Technology,1,0.512136313551685,0.5-1.0%,0.8-1.2,<0.5x
2024-03-27,DIS,118.58175659179688,119.61093743278127,117.64078056839222,118.56214887397627,10782800.0,117.55257415771484,11870000.0,76.71892550679478,2.199962157081823,0.018714708485500584,10777425.0,1.1013762563877736,0.06125274653925028,0.008588282506743972,0.45890549208382453,-0.00016537923786660646,True,0,0.007037709676325072,56.466574843846715,0.01211583397317284,0.005589789971497586,63.456702863473375,0.014921646998883764,Unknown,0,0.5050499228366293,0.5-1.0%,0.8-1.2,<0.5x
2024-03-27,WMT,59.63434982299805,59.958447595605534,59.300428748695005,59.781665630004404,14363400.0,59.428104400634766,13738300.0,60.00275485588441,0.7055129503385282,0.011871705440616283,17572175.0,0.7818212600318402,0.007765014767886047,0.005949394363752622,0.5011406653839432,0.0024642305538643246,True,1,0.007037709676325072,56.466574843846715,0.01211583397317284,0.005589789971497586,63.456702863473375,0.014921646998883764,Unknown,0,0.5075994469897035,0.5-1.0%,<0.8,0.5-1.0x
2024-03-27,PG,155.55239868164062,155.6767610903849,154.3375151555615,154.35665120225914,6599700.0,153.58181762695312,5842700.0,53.39612083936455,1.4679132911130224,0.009557858565514256,5693850.0,1.026142241190056,0.00332036373316158,0.0050450866338102125,0.5278469648016563,-0.007746653416409311,True,0,0.007037709676325072,56.466574843846715,0.01211583397317284,0.005589789971497586,63.456702863473375,0.014921646998883764,Unknown,0,0.5463205761003259,0.5-1.0%,0.8-1.2,0.5-1.0x
2024-03-27,AMD,179.58999633789062,181.22999572753906,175.39999389648438,179.9600067138672,55685600.0,177.8699951171875,65322400.0,43.151101841507774,9.059591119037187,0.05093377954538304,77812820.0,0.8394812063102198,-0.06652726566638589,0.011750220127361608,0.23069601808936877,0.0020560700276304814,True,1,0.007037709676325072,56.466574843846715,0.01211583397317284,0.005589789971497586,63.456702863473375,0.014921646998883764,Technology,1,0.5005387985846522,1.0-2.0%,0.8-1.2,<0.5x
2024-03-28,PEP,164.30767822265625,165.05875900736098,163.70681646002734,164.0729663727907,5710400.0,162.9557647705078,4911300.0,69.10139591713957,2.0440973259130417,0.012543878572149711,6548495.0,0.7499891196374129,0.04078939964297512,0.006855858114969062,0.5465501021502743,-0.0014305333477805985,True,0,-0.00011226202329475553,58.00228563210724,0.007809981330064053,7.64661167333551e-05,67.79439235594214,0.016044535201783505,Unknown,0,0.5686450299185188,0.5-1.0%,<0.8,0.5-1.0x
2024-04-02,CVX,147.9918212890625,149.32558387256816,147.2878973180047,148.24190530672806,8815400.0,147.34347534179688,6285700.0,66.68986864037554,2.1397615092878,0.014522268490845177,8701580.0,0.7223630650985223,0.03684163339690594,0.006097521202395074,0.4198738789493491,0.00168699948336543,True,0,-0.010945036663696553,57.88093665561838,-0.0023654792249381273,-0.007507163574592883,65.71351757032214,0.004609472798606129,Unknown,0,0.5749530104116328,0.5-1.0%,<0.8,<0.5x
2024-04-02,XOM,112.29596710205078,112.59723031105815,110.46014554445607,111.01559666809906,19919600.0,110.14006042480469,13817000.0,79.47579869855828,1.5695888915666065,0.014250844656456343,17465510.0,0.7911020061824705,0.0539439694176318,0.007949298737602627,0.5578124615933694,-0.011533248231594094,True,0,-0.010945036663696553,57.88093665561838,-0.0023654792249381273,-0.007507163574592883,65.71351757032214,0.004609472798606129,Unknown,0,0.6002339926992736,0.5-1.0%,<0.8,0.5-1.0x
2024-04-03,V,273.4295349121094,276.9046841502886,273.03463980647047,276.9046841502886,4536600.0,274.8907165527344,6912300.0,44.17812370020402,3.701593904432149,0.013465692660894367,6248845.0,1.1061724206633385,-0.007189055087250096,0.007326430018482797,0.5440811849032792,0.01254998357591192,True,1,-0.0048739881716917234,52.28100392534357,-0.005413462355615017,-0.0021587741913668707,59.232209794506126,0.002366479464564364,Financial Services,0,0.5356916273761929,0.5-1.0%,0.8-1.2,0.5-1.0x
2024-04-04,AMD,165.8300018310547,183.02000427246094,165.64999389648438,182.9199981689453,88280000.0,180.77000427246094,49835100.0,47.01634425682601,8.254305997330825,0.045661922897837263,72889415.0,0.6837083271967541,-0.023194588395457072,0.01189353236526925,0.2604693716442804,0.09342880225762011,True,1,0.009567853683515365,53.52935602869162,0.009996925387878886,0.007912916922742826,59.96228668228782,0.011926914011085366,Technology,1,0.50216993031365,1.0-2.0%,<0.8,<0.5x
2024-04-04,NVDA,85.86119079589844,90.58778310646065,85.8362020197599,90.35989492370194,434965000.0,88.91863250732422,370067000.0,56.28017339829796,3.4908292426361696,0.039258692404526466,589470000.0,0.6277961558688313,0.0012536615273539553,0.016208778472374827,0.4128710733754846,0.04978651349254136,True,1,0.009567853683515365,53.52935602869162,0.009996925387878886,0.007912916922742826,59.96228668228782,0.011926914011085366,Technology,1,0.50216993031365,1.0-2.0%,<0.8,<0.5x
2024-04-05,MA,471.7304992675781,473.8659694949291,467.1629782969765,468.6162831668005,2462700.0,464.4342956542969,2552600.0,44.98775041136864,6.526390094148732,0.014052343152123009,2324275.0,1.098234933473879,-0.007831676010218835,0.009004476094109308,0.6407811136286494,-0.006645556743637859,True,0,0.0033076551393394957,44.89348666222965,-0.009476354878688809,0.0027092480897312286,49.37071979779971,-0.004699895983214408,Unknown,0,0.5609582934305228,0.5-1.0%,0.8-1.2,0.5-1.0x
2024-04-05,AMZN,185.07000732421875,186.27000427246094,181.97000122070312,182.3800048828125,42374000.0,180.0,41624300.0,58.016317347105925,3.326281080192903,0.018479339334405015,34891590.0,1.1929608252303778,0.023844634831564182,0.013222249348958333,0.7155152632724818,-0.014749437270465585,True,0,0.0033076551393394957,44.89348666222965,-0.009476354878688809,0.0027092480897312286,49.37071979779971,-0.004699895983214408,Consumer Cyclical,0,0.5123074466919857,1.0-2.0%,0.8-1.2,0.5-1.0x
2024-04-05,V,273.60723876953125,274.4167631184586,271.5241198217034,272.580487484143,4392100.0,270.5072326660156,4018600.0,36.66937148767521,3.837625924054223,0.014186777507691947,6138450.0,0.6546603784342953,-0.02059382338092275,0.007664323048571347,0.540244114240589,-0.003766782042489227,True,0,0.0033076551393394957,44.89348666222965,-0.009476354878688809,0.0027092480897312286,49.37071979779971,-0.004699895983214408,Financial Services,0,0.5619452479559204,0.5-1.0%,<0.8,0.5-1.0x
2024-04-05,AMD,170.4199981689453,172.69000244140625,165.5800018310547,168.10000610351562,66080300.0,165.8300018310547,88280000.0,35.19348778745124,8.905427738662663,0.05370215063819025,72969065.0,1.2098277537200182,-0.08762784458672446,0.013688742974106619,0.2549012062167186,-0.013801261042197949,True,0,0.0033076551393394957,44.89348666222965,-0.009476354878688809,0.0027092480897312286,49.37071979779971,-0.004699895983214408,Technology,1,0.5028076778486031,1.0-2.0%,1.2-2.0,<0.5x
2024-04-08,NVDA,87.08856201171875,88.7846950725735,86.68776556126254,88.65475649731144,283220000.0,87.96312713623047,399678000.0,53.393239498726096,3.5090123586711375,0.039891855518467995,571670200.0,0.6991408682838461,-0.013274754943752076,0.007862719114224172,0.1971008621191891,0.017666220600811033,True,1,0.002134157160810498,51.31265983013079,0.00026823074315163176,0.0013888349553528804,56.38497001014162,0.0031135966901574275,Technology,1,0.50216993031365,0.5-1.0%,<0.8,<0.5x
2024-04-08,TSLA,172.97999572753906,174.5,167.7899932861328,169.33999633789062,104423300.0,164.89999389648438,143157600.0,38.232823466591746,7.952255186223177,0.04822471486090648,95038595.0,1.5063101469460907,-0.01454557790835631,0.026925425140970304,0.5583324902724824,-0.021495213584305308,True,0,0.002134157160810498,51.31265983013079,0.00026823074315163176,0.0013888349553528804,56.38497001014162,0.0031135966901574275,Consumer Cyclical,0,0.5118626843275424,>2.0%,1.2-2.0,0.5-1.0x
2024-04-09,CSCO,47.7166862487793,47.897975734629576,46.29501532370292,46.60034076961596,26686600.0,46.027854919433594,15375700.0,41.62347474508183,0.6410798006183814,0.013928083369092847,19676500.0,0.781424541966305,-0.0045594540007427575,0.012437812954447637,0.893002477429723,-0.023955736390048193,True,0,0.00535634146846967,51.46698730809734,0.003173973759823534,0.0034315637413215266,56.73417632572197,0.004715107746356972,Unknown,0,0.5890150702551222,1.0-2.0%,<0.8,0.5-1.0x
2024-04-09,PFE,23.888612747192383,24.459512567421854,23.772647657823477,23.87969222482434,45127800.0,23.710206985473633,24431400.0,36.946373720920974,0.44073038528929986,0.018588213319239225,37856430.0,0.645369888285821,-0.026669373311730138,0.007148197375693244,0.38455537672868734,-0.0003735610276739808,True,0,0.00535634146846967,51.46698730809734,0.003173973759823534,0.0034315637413215266,56.73417632572197,0.004715107746356972,Unknown,0,0.5718215445555946,0.5-1.0%,<0.8,<0.5x
2024-04-09,AMZN,185.6699981689453,187.33999633789062,184.1999969482422,187.24000549316406,36520100.0,185.19000244140625,39221300.0,66.54605065920052,3.4610790728578555,0.018689340824178315,35373530.0,1.108775403529136,0.0429861641296132,0.011069728520611848,0.5923017095547314,0.00838499934927672,True,1,0.00535634146846967,51.46698730809734,0.003173973759823534,0.0034315637413215266,56.73417632572197,0.004715107746356972,Consumer Cyclical,0,0.5144298280584847,1.0-2.0%,0.8-1.2,0.5-1.0x
2024-04-09,META,513.8589477539062,522.7761454501457,503.7586880786701,519.1575460910624,10863800.0,516.195068359375,13260600.0,62.0253380394147,13.75144172354044,0.02664000988472576,13907965.0,0.9534536504801385,0.040207510932545265,0.005739066320612171,0.215430337505344,0.010206147203390047,True,1,0.00535634146846967,51.46698730809734,0.003173973759823534,0.0034315637413215266,56.73417632572197,0.004715107746356972,Unknown,0,0.5437083449841792,0.5-1.0%,0.8-1.2,<0.5x
2024-04-09,GOOGL,155.42562866210938,157.37092171577956,154.02619892355392,154.91944357043266,31079500.0,153.68878173828125,20702000.0,64.00208499635464,3.3430286980632515,0.021751937000555714,29642545.0,0.6983880770021602,0.04552427191915309,0.008007492923244867,0.3681278096309443,-0.0032674084027843834,True,0,0.00535634146846967,51.46698730809734,0.003173973759823534,0.0034315637413215266,56.73417632572197,0.004715107746356972,Unknown,0,0.5550670117362869,0.5-1.0%,<0.8,<0.5x
2024-04-09,CRM,299.1304626464844,302.32586793237954,296.04389454141375,300.070296610165,2997700.0,298.497314453125,3142900.0,51.12912850548498,7.117133256727033,0.023843206997578144,4964055.0,0.6331315829498263,0.0011718080584783852,0.0052696693768311586,0.22101344745136095,0.0031320459715530585,True,1,0.00535634146846967,51.46698730809734,0.003173973759823534,0.0034315637413215266,56.73417632572197,0.004715107746356972,Unknown,0,0.5878421879780572,0.5-1.0%,<0.8,<0.5x
2024-04-11,INTC,37.24153137207031,37.28111556667766,36.697209999223986,37.04359529776712,41909100.0,36.81596755981445,51108400.0,29.913049722911467,1.385623691626411,0.037636487194726176,51293555.0,0.9963902872397906,-0.09509590897468789,0.006182853610538473,0.1642781798032641,-0.005343327846882192,True,0,0.0043115047677576195,48.39420498715624,-0.0023935483552053327,0.003034410952827691,49.408905988444964,-0.004499447082484398,Unknown,0,0.5856720347645252,0.5-1.0%,0.8-1.2,<0.5x
2024-04-11,NFLX,62.87799835205078,63.16600036621094,61.7239990234375,62.44200134277344,26627000.0,61.858001708984375,28062000.0,53.01698769365953,1.439210423451201,0.023266358170153552,28156850.0,0.9966313703414977,0.005870089254246924,0.009440971542154444,0.4057777961256296,-0.006982431695037314,True,0,0.0043115047677576195,48.39420498715624,-0.0023935483552053327,0.003034410952827691,49.408905988444964,-0.004499447082484398,Unknown,0,0.5406740921459182,0.5-1.0%,0.8-1.2,<0.5x
2024-04-11,AVGO,135.76280212402344,136.68689407500696,129.9874409624638,130.8742209907966,31713000.0,129.86175537109375,17467000.0,51.8678440300867,4.4750019618215084,0.03445973719540226,31339700.0,0.557344199210586,0.013791775140825413,0.007796488017658651,0.22624920130554235,-0.03735327779770023,True,0,0.0043115047677576195,48.39420498715624,-0.0023935483552053327,0.003034410952827691,49.408905988444964,-0.004499447082484398,Unknown,0,0.5106792319187926,0.5-1.0%,<0.8,<0.5x
2024-04-12,XOM,113.32215881347656,116.50425216564958,112.66314055222324,115.7510904906978,21556200.0,114.65900421142578,17555900.0,79.90342420984737,1.6240927227143926,0.01416454585389249,17641815.0,0.9951300362235972,0.05013218522942764,0.009524644721824627,0.6724285282473215,0.02098409325496973,True,1,-0.009587589253483618,56.45126559420256,-0.0013557747954551225,-0.007007720468363426,54.54458731882746,-0.007347879681639524,Unknown,0,0.606422661357302,0.5-1.0%,0.8-1.2,0.5-1.0x
2024-04-12,MRK,118.712646484375,120.00608257870212,118.10841535200402,119.9399950236929,7370000.0,119.09973907470703,6187200.0,49.94956342288021,2.0232016460646434,0.01698745657868789,9970760.0,0.6205344427104854,0.003828380535533915,0.007055061207638815,0.41531003625875035,0.010233021429386016,True,1,-0.009587589253483618,56.45126559420256,-0.0013557747954551225,-0.007007720468363426,54.54458731882746,-0.007347879681639524,Unknown,0,0.7220273276718425,0.5-1.0%,<0.8,<0.5x
2024-04-15,AMD,160.32000732421875,164.44000244140625,158.75999450683594,164.42999267578125,61461200.0,163.27999877929688,63519600.0,36.53793604221822,7.89235318034026,0.04833631332278631,65135370.0,0.9751936620610276,-0.06355718049866765,0.007043078791535297,0.14570988781254665,0.02499535081575088,True,1,0.00864766991868877,48.22671543555349,0.00015159539162601376,0.008378163066765738,45.39881734837837,-0.006051924039886969,Technology,1,0.506374068484039,0.5-1.0%,0.8-1.2,<0.5x
2024-04-15,NVDA,85.95714569091797,90.56679344486741,85.88518380835967,89.05256658600005,443077000.0,88.14102935791016,426805000.0,52.68743877324622,3.497824556910491,0.03968440784492133,489097800.0,0.8726373334740005,-0.005733589421579088,0.010341803751672351,0.26060118603976745,0.03475947986398313,True,1,0.00864766991868877,48.22671543555349,0.00015159539162601376,0.008378163066765738,45.39881734837837,-0.006051924039886969,Technology,1,0.506374068484039,1.0-2.0%,0.8-1.2,<0.5x
2024-04-16,NVDA,87.37042236328125,88.0730591608871,86.02011339953525,86.38892089132743,370453000.0,85.95714569091797,443077000.0,48.23973621509179,3.5823806340245805,0.041676356342798926,479147350.0,0.924719713048606,-0.03271024802135303,0.005023144928078758,0.12052744934710889,-0.011361427620892444,True,0,-0.00037121464602120954,41.59879345361341,-0.0231550360143995,0.0009713429501623706,39.08191318979498,-0.02396217898926678,Technology,1,0.5866504759642699,0.5-1.0%,0.8-1.2,<0.5x
2024-04-16,CRM,274.4378967285156,277.5541423153611,269.5211429570502,271.83606911272454,7624300.0,269.9762268066406,18365100.0,27.78774071322769,7.742858508333262,0.02867977895653296,4948935.0,3.7109196221005125,-0.08254672568364796,0.006888911398172681,0.2402009934809298,-0.009571311210772985,True,0,-0.00037121464602120954,41.59879345361341,-0.0231550360143995,0.0009713429501623706,39.08191318979498,-0.02396217898926678,Unknown,0,0.610331602717917,0.5-1.0%,>2.0,<0.5x
2024-04-16,AMD,163.4600067138672,164.8800048828125,161.6699981689453,162.27999877929688,55302100.0,160.32000732421875,61461200.0,34.56426396364826,7.7343285199281215,0.048243064911335835,63443955.0,0.9687479287821826,-0.06717404630177581,0.01222549504451051,0.2534145595222712,-0.007271431744186418,True,0,-0.00037121464602120954,41.59879345361341,-0.0231550360143995,0.0009713429501623706,39.08191318979498,-0.02396217898926678,Technology,1,0.6051965388214439,1.0-2.0%,0.8-1.2,<0.5x
2024-04-17,NVDA,83.99214935302734,88.72973001771733,83.90718598900048,88.29494666403578,495400000.0,87.37042236328125,370453000.0,51.11568129984166,3.477632979449191,0.03980332113984056,464221200.0,0.7980096557417025,-0.011326582655233453,0.01058166225762773,0.26584872705599855,0.04873209026764207,True,1,0.004639265886088605,41.64670348520131,-0.017580815098093394,0.005004665433715149,38.257819579673104,-0.02076889302457663,Technology,1,0.5179448697087418,1.0-2.0%,<0.8,<0.5x
2024-04-17,WMT,58.58347702026367,59.34952965050456,58.5049055984484,59.07453716713431,15329700.0,58.77008056640625,14726300.0,50.18071853073144,0.7270141239900432,0.012370480301938092,13497380.0,1.0910487813190413,-0.0006812112281127103,0.005180469344159632,0.41877673442865465,0.00831255174257777,True,1,0.004639265886088605,41.64670348520131,-0.017580815098093394,0.005004665433715149,38.257819579673104,-0.02076889302457663,Unknown,0,0.5740646230749571,0.5-1.0%,0.8-1.2,<0.5x
2024-04-18,NVDA,84.62781524658203,86.14604537295341,82.35997524716916,84.92666635523963,447260000.0,83.99214935302734,495400000.0,44.71933870167228,3.573698054396881,0.042548000996810706,455382650.0,1.0878763167634955,-0.04384884548142842,0.011126242266814973,0.2614985899725105,0.003518931349636841,True,1,0.0015264040226218567,37.31159833743438,-0.029874466191893823,0.002856972846944771,35.6365872628519,-0.026383637448633923,Technology,1,0.6240592315476708,1.0-2.0%,0.8-1.2,<0.5x
2024-04-18,JPM,174.65167236328125,176.68485931658026,173.4182713843728,174.50713892954175,9557700.0,173.52427673339844,9017100.0,30.388905560962712,3.478553045119491,0.020046492113976175,10250390.0,0.8796836022824498,-0.061440320553650674,0.005664119249742667,0.2825491471295225,-0.0008282379427345547,True,0,0.0015264040226218567,37.31159833743438,-0.029874466191893823,0.002856972846944771,35.6365872628519,-0.026383637448633923,Unknown,0,0.5464862133662622,0.5-1.0%,0.8-1.2,<0.5x
2024-04-18,CSCO,45.9038200378418,46.190062208176634,45.6843675859262,46.190062208176634,13080900.0,45.59849166870117,14407600.0,40.92757751687296,0.787758338083743,0.01727597359595253,17902250.0,0.8047926936558254,-0.010005149086243947,0.012973467275487026,0.7509543357097103,0.006197050981329192,True,1,0.0015264040226218567,37.31159833743438,-0.029874466191893823,0.002856972846944771,35.6365872628519,-0.026383637448633923,Unknown,0,0.6066531204540355,1.0-2.0%,0.8-1.2,0.5-1.0x
2024-04-18,HD,318.92352294921875,322.8131821987442,317.4289462780685,321.5677065123197,3717300.0,318.865966796875,4273800.0,25.227603223280127,6.428929521489626,0.020161855421795463,3804245.0,1.1234292218298243,-0.07155890418384103,0.00847296355451376,0.42024721322791936,0.008222789507626333,True,1,0.0015264040226218567,37.31159833743438,-0.029874466191893823,0.002856972846944771,35.6365872628519,-0.026383637448633923,Unknown,0,0.5777684993261505,0.5-1.0%,0.8-1.2,<0.5x
2024-04-18,META,498.8478088378906,509.1965989271546,496.1040670407221,496.87947694788414,14808700.0,491.2627258300781,12193700.0,46.39280591964906,13.954912418261044,0.0284062105356796,12297545.0,0.9915556316321672,-0.01166942554584982,0.011433293882240894,0.4024927530506089,-0.003961386978784259,True,0,0.0015264040226218567,37.31159833743438,-0.029874466191893823,0.002856972846944771,35.6365872628519,-0.026383637448633923,Unknown,0,0.5566786467378563,1.0-2.0%,0.8-1.2,<0.5x
2024-04-18,BAC,34.332881927490234,34.54404423774021,33.7665860002671,34.11212299469959,44506200.0,33.814571380615234,65951400.0,41.75558438362662,0.8151913551573938,0.0241076944605223,41047940.0,1.6066920776048688,-0.03417347370627055,0.008799508671428308,0.3650083041262198,-0.006471568269877155,True,0,0.0015264040226218567,37.31159833743438,-0.029874466191893823,0.002856972846944771,35.6365872628519,-0.026383637448633923,Unknown,0,0.5588251226804287,0.5-1.0%,1.2-2.0,<0.5x
2024-04-18,AMD,155.0800018310547,156.9600067138672,152.32000732421875,155.50999450683594,52669800.0,154.02000427246094,75909000.0,32.29102966139828,7.726333556355035,0.05016448085981853,62863690.0,1.2075174079027178,-0.09293999803190767,0.009674004629549364,0.192845704046709,0.0027650484918662144,True,1,0.0015264040226218567,37.31159833743438,-0.029874466191893823,0.002856972846944771,35.6365872628519,-0.026383637448633923,Technology,1,0.6330315900200717,0.5-1.0%,1.2-2.0,<0.5x
2024-04-19,ADBE,465.0199890136719,476.5799865722656,463.0899963378906,476.5400085449219,3282100.0,473.17999267578125,2389700.0,32.54897250971409,12.425218253392664,0.02625896793127159,3473420.0,0.6879962688071123,-0.026157663098646977,0.007100925485331917,0.2704190623149162,0.024174296648093598,True,1,-0.002810537232870655,35.474487185772006,-0.036658656503951836,-0.00016015545827075193,34.75037986877164,-0.028935137535185396,Technology,1,0.542684109282164,0.5-1.0%,<0.8,<0.5x
2024-04-19,BAC,35.484676361083984,35.628647690822625,34.611237112832846,34.649627270568146,56273700.0,34.332881927490234,44506200.0,46.75138705796267,0.8124961324656594,0.023665247041644244,41247300.0,1.079008807849241,-0.01737946215113706,0.009225713814146632,0.38984227791545745,-0.024099800092947606,True,0,-0.002810537232870655,35.474487185772006,-0.036658656503951836,-0.00016015545827075193,34.75037986877164,-0.028935137535185396,Unknown,0,0.5383924981875476,0.5-1.0%,0.8-1.2,<0.5x
2024-04-19,MA,450.8413391113281,455.26666139060796,448.06928885977015,454.30637926621125,2548800.0,450.158203125,1998900.0,33.594743386830984,6.971974546284084,0.015487831828642929,2297915.0,0.8698755175887707,-0.025382465936579335,0.009214929579011549,0.5949786697689742,0.0076270999330447595,True,1,-0.002810537232870655,35.474487185772006,-0.036658656503951836,-0.00016015545827075193,34.75037986877164,-0.028935137535185396,Unknown,0,0.5618044015794105,0.5-1.0%,0.8-1.2,0.5-1.0x
2024-04-19,HD,321.2898254394531,321.7784375450336,318.62646260090264,320.6671022922081,3076600.0,318.92352294921875,3717300.0,25.31084896488421,6.354308550002916,0.01992423917571829,3852590.0,0.9648833641783839,-0.06598862350011825,0.005467076642280037,0.2743932450350613,-0.0019419614384938778,True,0,-0.002810537232870655,35.474487185772006,-0.036658656503951836,-0.00016015545827075193,34.75037986877164,-0.028935137535185396,Unknown,0,0.5100602857769904,0.5-1.0%,0.8-1.2,<0.5x
2024-04-19,CSCO,46.10418701171875,46.209143318487826,45.82748468292146,46.17097672697789,20964400.0,45.9038200378418,13080900.0,44.06665574137564,0.7737449238974372,0.016855785057966505,17628590.0,0.7420275813323698,-0.009009993971729191,0.005819922806334148,0.3452774692083234,0.0014465735835325158,True,0,-0.002810537232870655,35.474487185772006,-0.036658656503951836,-0.00016015545827075193,34.75037986877164,-0.028935137535185396,Unknown,0,0.5424138238021221,0.5-1.0%,<0.8,<0.5x
2024-04-22,ABBV,159.46788024902344,161.082597687534,158.54653866187212,159.26840841853794,5580700.0,158.0621337890625,5532400.0,41.697596993888205,3.040334587551986,0.01923505974941083,5209470.0,1.0619890315137623,-0.014167789084824967,0.0076316483939489616,0.396757197189508,-0.0012524255906501253,True,0,0.00641512802950659,29.78167188949621,-0.043864739355479854,0.005392143033454391,31.211960944862263,-0.029455746651961934,Unknown,0,0.5314911019302812,0.5-1.0%,0.8-1.2,<0.5x
2024-04-22,AMD,148.63999938964844,149.88999938964844,145.6300048828125,148.14999389648438,49397000.0,146.63999938964844,71618200.0,28.905652837802574,7.669033075093556,0.05229837088798383,61226155.0,1.1697321185692617,-0.11944156761845448,0.010297289369346046,0.1968950312314981,-0.00330749587142366,True,0,0.00641512802950659,29.78167188949621,-0.043864739355479854,0.005392143033454391,31.211960944862263,-0.029455746651961934,Technology,1,0.5276647200765757,1.0-2.0%,0.8-1.2,<0.5x
2024-04-22,INTC,34.054771423339844,34.213119527250065,33.72818011072603,34.06466652813322,39909900.0,33.84694290161133,59070300.0,25.69466002363986,1.2272836318027212,0.03625980743283892,51285470.0,1.1517940656486136,-0.11485996267278809,0.006432593547806946,0.17740286017021775,0.0002904800135121645,True,0,0.00641512802950659,29.78167188949621,-0.043864739355479854,0.005392143033454391,31.211960944862263,-0.029455746651961934,Unknown,0,0.6074166752569667,0.5-1.0%,0.8-1.2,<0.5x
2024-04-22,MRK,119.84557342529297,120.92186047373512,119.16581166775002,119.62842450713242,7805800.0,118.75039672851562,8404300.0,49.16779849395999,1.823280029362989,0.015353885794009843,7228270.0,1.1626986817039209,-0.005287254857560986,0.0073938934336709936,0.4815649623078246,-0.0018151950011479074,True,0,0.00641512802950659,29.78167188949621,-0.043864739355479854,0.005392143033454391,31.211960944862263,-0.029455746651961934,Unknown,0,0.554334420475067,0.5-1.0%,0.8-1.2,<0.5x
2024-04-22,AMZN,177.22999572753906,178.8699951171875,174.55999755859375,176.94000244140625,37924900.0,174.6300048828125,56000700.0,39.020949190643734,3.84691436212147,0.022028942647645156,36245150.0,1.5450536140697444,-0.02736397615663888,0.013227953352826742,0.6004806297065184,-0.001638935696459278,True,0,0.00641512802950659,29.78167188949621,-0.043864739355479854,0.005392143033454391,31.211960944862263,-0.029455746651961934,Consumer Cyclical,0,0.6158217751801555,1.0-2.0%,1.2-2.0,0.5-1.0x
2024-04-23,TSLA,144.67999267578125,147.25999450683594,141.11000061035156,143.3300018310547,124545100.0,142.0500030517578,107097600.0,27.835287858099967,7.358135856860985,0.05179961773165151,95772900.0,1.1182453491540927,-0.1321748488527834,0.009010902863764743,0.17395693749026922,-0.009418759697762494,True,0,0.004655845332279533,35.11928204903601,-0.0334481415463469,0.004122278327754348,38.28933085704173,-0.02021736371422922,Consumer Cyclical,0,0.7694972231870101,0.5-1.0%,0.8-1.2,<0.5x
2024-04-23,HD,324.7771301269531,325.91720557758435,322.1808373616173,323.81908549531016,3697400.0,322.0083923339844,3112800.0,29.89651868143844,6.080829439757803,0.018884071299144337,3805905.0,0.8178869414764688,-0.04359291774768348,0.005623124131024981,0.29777075303034745,-0.002958579881656908,True,0,0.004655845332279533,35.11928204903601,-0.0334481415463469,0.004122278327754348,38.28933085704173,-0.02021736371422922,Unknown,0,0.5415976922884252,0.5-1.0%,0.8-1.2,<0.5x
2024-04-23,META,493.1813659667969,495.8257203780364,486.09330810710463,488.35989326844737,15079200.0,478.89593505859375,17271100.0,41.455436476348765,15.38397291896208,0.032123832742660105,13685095.0,1.2620372748599846,-0.022397760916468168,0.01976203495796155,0.6151829738460125,-0.00987278596135491,True,0,0.004655845332279533,35.11928204903601,-0.0334481415463469,0.004122278327754348,38.28933085704173,-0.02021736371422922,Unknown,0,0.5575705641213139,1.0-2.0%,1.2-2.0,0.5-1.0x
2024-04-23,DIS,111.45587158203125,111.97536394294546,110.56391483434825,110.59331893354666,6839300.0,109.76996612548828,6901700.0,40.557061077925304,2.2000156722675848,0.020042054761614317,10503455.0,0.6570885484823803,-0.03372910886512703,0.007500711142764884,0.3742486103336407,-0.007799319676832249,True,0,0.004655845332279533,35.11928204903601,-0.0334481415463469,0.004122278327754348,38.28933085704173,-0.02021736371422922,Unknown,0,0.5832001212448117,0.5-1.0%,<0.8,<0.5x
2024-04-24,AMD,151.74000549316406,157.66000366210938,150.6300048828125,156.55999755859375,43412600.0,152.27000427246094,46051900.0,35.64007085509705,7.242278198084694,0.047562080481234406,59506880.0,0.7738920272748294,-0.05622219384843774,0.0281735940484812,0.5923541141056072,0.03078686855258649,True,1,0.007363558004159277,42.20973303781774,-0.015156669969986547,0.0017996171433094753,46.06134000108458,-0.010074019047550564,Technology,1,0.5434727441289254,>2.0%,<0.8,0.5-1.0x
2024-04-24,NVDA,79.6363754272461,84.03912814064545,79.14262401880819,83.90719166390734,512208000.0,82.38097381591797,438559000.0,45.676409168940815,3.9203134521869996,0.047587607557869165,468336050.0,0.9364194791325587,-0.02713982644232449,0.0185263389990963,0.3893101576196543,0.05089928708099448,True,1,0.007363558004159277,42.20973303781774,-0.015156669969986547,0.0017996171433094753,46.06134000108458,-0.010074019047550564,Technology,1,0.5179448697087418,1.0-2.0%,0.8-1.2,<0.5x
2024-04-24,MA,457.8802490234375,463.473807104093,455.75173066512156,460.6423891473864,4043100.0,458.19708251953125,2029100.0,45.097623333102845,6.834363169111675,0.014915771902193094,2261760.0,0.8971332059988681,-0.0063911915955651155,0.005336800955625678,0.3577958278405288,0.005996278651344681,True,1,0.007363558004159277,42.20973303781774,-0.015156669969986547,0.0017996171433094753,46.06134000108458,-0.010074019047550564,Unknown,0,0.5986884632923472,0.5-1.0%,0.8-1.2,<0.5x
2024-04-24,AVGO,123.42448425292969,126.25275065461867,122.25979026238444,124.11976725290144,20108000.0,122.67518615722656,22025000.0,43.331434209802076,4.545442494846651,0.037052664334423654,24151000.0,0.9119705188190965,-0.03504383715048487,0.011775658476062396,0.3178086836017959,0.0056017104717500125,True,1,0.007363558004159277,42.20973303781774,-0.015156669969986547,0.0017996171433094753,46.06134000108458,-0.010074019047550564,Unknown,0,0.5160549486452103,1.0-2.0%,0.8-1.2,<0.5x
2024-04-24,V,271.5142517089844,279.39253982670607,270.9910089349462,278.9680283574714,8807200.0,270.6158447265625,6438000.0,45.73495800496783,3.7674250637948377,0.013921672131214435,6674425.0,0.964577472965836,0.025848616829849735,0.030863616427737824,2.216947514410791,0.02671910717645282,True,1,0.007363558004159277,42.20973303781774,-0.015156669969986547,0.0017996171433094753,46.06134000108458,-0.010074019047550564,Financial Services,0,0.5802607306370374,>2.0%,0.8-1.2,>2.0x
2024-04-24,META,490.5966491699219,506.99957664976733,481.72911381389923,505.0709875978213,37772700.0,493.1813659667969,15079200.0,49.14968101184098,15.494388090424978,0.03141722124892311,14020025.0,1.075547297526217,0.009345282645956132,0.024108010666049492,0.7673501890901901,0.028658027848206254,True,1,0.007363558004159277,42.20973303781774,-0.015156669969986547,0.0017996171433094753,46.06134000108458,-0.010074019047550564,Unknown,0,0.5477677369690386,>2.0%,0.8-1.2,0.5-1.0x
2024-04-25,JNJ,139.13597106933594,141.75151729394986,138.6716107184327,141.55250158350609,7642700.0,140.75645446777344,9756300.0,39.69382463058691,2.2406679642422995,0.01591875820341373,8078635.0,1.2076668892702789,-0.007600589080814513,0.005655492806654242,0.35527223508184447,0.01707161997942201,True,1,-0.01704544446202879,43.73543372459238,-0.03272998094706159,-0.01232665044237609,45.80985838768719,-0.022093946520853947,Unknown,0,0.5931490494199899,0.5-1.0%,1.2-2.0,<0.5x
2024-04-25,KO,58.65882110595703,59.46639977583574,58.30728362085136,58.782330750032244,19048500.0,58.478302001953125,19548300.0,66.32904016650139,0.7391003357680981,0.012638881610198134,13201005.0,1.4808190740023204,0.0360967480583283,0.005199000957123635,0.4113497631727664,0.0021011355368066157,True,1,-0.01704544446202879,43.73543372459238,-0.03272998094706159,-0.01232665044237609,45.80985838768719,-0.022093946520853947,Unknown,0,0.5630174057481124,0.5-1.0%,1.2-2.0,<0.5x
2024-04-25,CSCO,45.89427185058594,46.6862122015072,45.65573612653972,46.543089311172956,18790900.0,46.13280487060547,14828500.0,46.786280648516545,0.6884157938226007,0.014922478608302439,17680110.0,0.8387108451248324,0.0027235888352969972,0.008893550732895258,0.5959834801134941,0.01394014600640757,True,1,-0.01704544446202879,43.73543372459238,-0.03272998094706159,-0.01232665044237609,45.80985838768719,-0.022093946520853947,Unknown,0,0.6044694392358403,0.5-1.0%,0.8-1.2,0.5-1.0x
2024-04-25,MRK,123.41431427001953,125.37806883904369,121.56384852416821,122.44188012177268,12750100.0,119.90222930908203,7128300.0,54.845650398730804,1.8297792202903271,0.01526059382577076,7187540.0,0.9917579589122286,0.01761937751017606,0.021181014125633824,1.3879547786577724,-0.00794200601362645,True,0,-0.01704544446202879,43.73543372459238,-0.03272998094706159,-0.01232665044237609,45.80985838768719,-0.022093946520853947,Unknown,0,0.5641507896542136,>2.0%,0.8-1.2,1.0-2.0x
2024-04-26,GOOGL,170.66053771972656,173.399850072579,168.37778247380382,173.06238823512538,64665300.0,154.8301239013672,57109700.0,55.93275266855223,3.512418596478876,0.022685628015879023,27024780.0,2.113234594324172,0.11361604849094076,0.11775657006754614,5.190800536142147,0.013878524039178443,True,1,0.00746851061818508,42.0261178187662,-0.01212149091474446,0.005680498362285437,43.75200651826492,-0.0068403425862215705,Unknown,0,0.5341030792001059,>2.0%,>2.0,>2.0x
2024-04-29,AMZN,180.9600067138672,183.52999877929688,179.38999938964844,182.75,54063900.0,179.6199951171875,43919800.0,50.57180257776615,4.557408865501962,0.025372503002957004,38421730.0,1.1430979292187,0.006435125573300837,0.01742570408584203,0.686794837853056,0.00979476490359952,True,1,0.004941964642871757,48.86882281896423,0.0015840099555768372,0.0036004366905934776,49.787001035027934,0.0014931314716348787,Consumer Cyclical,0,0.5339365820850764,1.0-2.0%,0.8-1.2,0.5-1.0x
2024-04-29,AAPL,172.0961151123047,174.60564226594082,171.69935778865286,171.96716217122307,68169400.0,167.9301300048828,44838400.0,47.33431474534367,3.0042257957175007,0.017889736616235268,55601995.0,0.8064171078753559,0.02258741446773338,0.024039951414453566,1.343784535801207,-0.0007498695649418609,True,0,0.004941964642871757,48.86882281896423,0.0015840099555768372,0.0036004366905934776,49.787001035027934,0.0014931314716348787,Unknown,0,0.5468170182247171,>2.0%,0.8-1.2,1.0-2.0x
2024-04-29,AMD,160.1999969482422,160.77000427246094,156.25999450683594,159.0800018310547,43478200.0,157.39999389648438,42510700.0,42.10975424832428,7.159452360199486,0.045485721968375484,56944785.0,0.7465249012705905,-0.017942845288992815,0.010673494280280506,0.234655927583196,-0.0070404520008552135,True,0,0.004941964642871757,48.86882281896423,0.0015840099555768372,0.0036004366905934776,49.787001035027934,0.0014931314716348787,Technology,1,0.506374068484039,1.0-2.0%,<0.8,<0.5x
2024-04-29,TSLA,194.0500030517578,198.8699951171875,184.5399932861328,188.4199981689453,243869700.0,168.2899932861328,109815700.0,51.878475877029025,8.497771394780779,0.050494810944181075,105527535.0,1.0406355080690552,0.14713277190778262,0.1196149841695384,2.368856956445791,-0.02988008140072478,True,0,0.004941964642871757,48.86882281896423,0.0015840099555768372,0.0036004366905934776,49.787001035027934,0.0014931314716348787,Consumer Cyclical,0,0.645231931106155,>2.0%,0.8-1.2,>2.0x
2024-04-30,MRK,121.99815368652344,123.60314120392832,121.77156162055813,123.60314120392832,6945000.0,122.84784698486328,6788000.0,63.38802728940362,2.107280289681142,0.017153579337379765,6970910.0,0.9737609580384771,0.027278732887868973,0.006148208842097976,0.3584213370966997,0.01298500589687174,True,1,-0.0036973111692253004,50.54821979645637,-0.00180126946437964,-0.002940805372190026,51.8848471871597,-0.0004991777116307716,Unknown,0,0.5326222487774634,0.5-1.0%,0.8-1.2,<0.5x
2024-05-01,MSFT,389.8576354980469,396.55038446355206,385.287212788776,387.5576027140766,23562500.0,384.3197937011719,28781400.0,34.09763777670715,8.655837350771716,0.022522486462152057,20342790.0,1.4148206809390453,-0.044506238915572593,0.008424778182052976,0.37406075018450585,-0.005934686270797097,True,0,-0.003391537841524278,43.391500467626905,-0.017421299391484624,-0.001195378387647288,43.166464810600125,-0.012221696031817997,Technology,1,0.5335757922627828,0.5-1.0%,1.2-2.0,<0.5x
2024-05-01,PFE,24.24542808532715,24.4862771143269,23.210671184531048,23.487200605929345,97388900.0,22.853858947753906,38017700.0,39.48605934264009,0.4260719879072513,0.018643327977182864,37392100.0,1.016730806774693,0.011330923767449042,0.02771267905447909,1.486466315906473,-0.03228258199516499,True,0,-0.003391537841524278,43.391500467626905,-0.017421299391484624,-0.001195378387647288,43.166464810600125,-0.012221696031817997,Unknown,0,0.562579237187512,>2.0%,0.8-1.2,1.0-2.0x
2024-05-02,NFLX,56.51499938964844,56.54600143432617,55.558998107910156,55.60200119018555,30682000.0,55.17100143432617,34732000.0,36.3312379397444,1.7277941828262426,0.03131707124952145,45203600.0,0.7683458839561451,-0.056657856961703446,0.007812070556167511,0.24945086639565273,-0.016420239917984216,True,0,0.008967558995544522,41.037410686225506,-0.011088975246871136,0.007594699824609065,41.646103979908716,-0.005789984397863934,Unknown,0,0.5488515334585827,0.5-1.0%,<0.8,<0.5x
2024-05-02,GOOGL,165.37049865722656,165.4796743643417,162.6609753825577,163.55422015396346,24294500.0,162.63119506835938,33493200.0,59.73840545146502,4.7550913310389,0.029238494675269247,30615990.0,1.0939773628094338,0.039271387946021585,0.005675572175535589,0.19411300884570332,-0.011105054345606819,True,0,0.008967558995544522,41.037410686225506,-0.011088975246871136,0.007594699824609065,41.646103979908716,-0.005789984397863934,Unknown,0,0.5219634299410427,0.5-1.0%,0.8-1.2,<0.5x
2024-05-02,HD,321.45269775390625,321.90297987738944,317.0936065962801,321.4239575859052,3213600.0,318.0420837402344,3267500.0,32.62391925514512,5.6010170700058755,0.017610930616907258,3656355.0,0.8936495498932681,-0.014635145376339254,0.010633416200458034,0.6037963825857955,-8.941513948397874e-05,True,0,0.008967558995544522,41.037410686225506,-0.011088975246871136,0.007594699824609065,41.646103979908716,-0.005789984397863934,Unknown,0,0.52179149340544,1.0-2.0%,0.8-1.2,0.5-1.0x
2024-05-02,AMD,146.16000366210938,147.6199951171875,141.16000366210938,145.50999450683594,50034700.0,144.27000427246094,89413200.0,33.369264671880174,7.431351031211873,0.05151002156468648,57339805.0,1.5593565412369295,-0.08013064283362314,0.008594927550104025,0.16685932735070752,-0.004467110025510314,True,0,0.008967558995544522,41.037410686225506,-0.011088975246871136,0.007594699824609065,41.646103979908716,-0.005789984397863934,Technology,1,0.5028076778486031,0.5-1.0%,1.2-2.0,<0.5x
2024-05-02,NVDA,85.77323913574219,86.19302312746696,83.15756927733226,84.40593290133356,377898000.0,82.99864196777344,559863000.0,46.972118110876146,4.053278713061546,0.048835482327955995,468831250.0,1.1941674109820963,-0.005483190337520427,0.016955589877079433,0.34719816553082683,-0.01619917211278199,True,0,0.008967558995544522,41.037410686225506,-0.011088975246871136,0.007594699824609065,41.646103979908716,-0.005789984397863934,Technology,1,0.5028076778486031,1.0-2.0%,0.8-1.2,<0.5x
2024-05-02,TSLA,180.00999450683594,184.60000610351562,176.02000427246094,182.86000061035156,89148000.0,179.99000549316406,92829700.0,55.96045066078793,9.919987784983421,0.05511410346259575,114655955.0,0.809636970011719,0.09802745138034497,0.01594530268124527,0.28931438015800903,0.01558572729958904,True,1,0.008967558995544522,41.037410686225506,-0.011088975246871136,0.007594699824609065,41.646103979908716,-0.005789984397863934,Consumer Cyclical,0,0.5578197386053844,1.0-2.0%,0.8-1.2,<0.5x
2024-05-02,AAPL,171.62994384765625,172.01678759624437,169.50726004906326,171.11414713776406,94214900.0,167.9301300048828,50383100.0,47.430770744796746,3.3998433044174696,0.020245582518864328,57663275.0,0.8737467651637892,0.01602880594830669,0.018960368415058524,0.9365187885995242,-0.0030143428729882734,True,0,0.008967558995544522,41.037410686225506,-0.011088975246871136,0.007594699824609065,41.646103979908716,-0.005789984397863934,Unknown,0,0.5649376940422401,1.0-2.0%,0.8-1.2,0.5-1.0x
2024-05-02,BAC,35.398284912109375,35.9837777205804,35.17752598884635,35.86859628645027,34860300.0,35.46547317504883,32272000.0,50.920278673611286,0.7718666594920752,0.02176389007083965,41733840.0,0.7732813467440331,0.011681513297838952,0.011366635640577119,0.5222704031117446,0.013112065233468861,True,1,0.008967558995544522,41.037410686225506,-0.011088975246871136,0.007594699824609065,41.646103979908716,-0.005789984397863934,Unknown,0,0.5365101844307937,1.0-2.0%,<0.8,0.5-1.0x
2024-05-02,INTC,30.195032119750977,30.353380218588107,29.87833592207671,30.274206169169542,50899400.0,30.05647850036621,60654800.0,21.180921194672198,1.2419982206579891,0.04132214692559065,58762525.0,1.0322020709627437,-0.12097702806418875,0.007243951376428816,0.17530433231054277,0.002615231229388736,True,1,0.008967558995544522,41.037410686225506,-0.011088975246871136,0.007594699824609065,41.646103979908716,-0.005789984397863934,Unknown,0,0.7348188417909376,0.5-1.0%,0.8-1.2,<0.5x
2024-05-02,JNJ,142.07371520996094,144.3575877961895,141.33453881063187,144.0827572737581,8459800.0,143.26776123046875,14470900.0,52.519706550551604,2.488020773115001,0.01736622916241867,8581415.0,1.6863069785111198,0.024514483553511823,0.005688621335949344,0.327568021977954,0.0139436675269891,True,1,0.008967558995544522,41.037410686225506,-0.011088975246871136,0.007594699824609065,41.646103979908716,-0.005789984397863934,Unknown,0,0.6294279533415269,0.5-1.0%,1.2-2.0,<0.5x
2024-05-02,V,264.1987609863281,266.0350672340053,263.2510065419044,265.9166016945236,5061700.0,263.9123840332031,6119900.0,33.57404151548498,4.048222615287064,0.015339267348582446,6875270.0,0.8901323148036367,-0.013815884598323835,0.007594253936443977,0.4950858319283279,0.006460073185535318,True,1,0.008967558995544522,41.037410686225506,-0.011088975246871136,0.007594699824609065,41.646103979908716,-0.005789984397863934,Financial Services,0,0.532836547552346,0.5-1.0%,0.8-1.2,<0.5x
2024-05-02,JPM,184.68270874023438,186.4557208515815,182.6206150512481,186.04138186282856,6501700.0,184.87542724609375,7445300.0,53.122655933195055,3.2172951198075403,0.017402502689148044,10425865.0,0.7141182050602036,0.013748967726620931,0.006306704109371808,0.36240213387839787,0.0073030693977319296,True,1,0.008967558995544522,41.037410686225506,-0.011088975246871136,0.007594699824609065,41.646103979908716,-0.005789984397863934,Unknown,0,0.5244410893286219,0.5-1.0%,<0.8,<0.5x
2024-05-02,AMZN,184.72000122070312,185.10000610351562,179.91000366210938,180.85000610351562,54303500.0,179.0,94645100.0,49.905656570769025,5.172108754520871,0.028894462315759057,45947540.0,2.059851299982545,-0.0012673686175602716,0.01033522962857891,0.35768894107235455,-0.021398921684151768,True,0,0.008967558995544522,41.037410686225506,-0.011088975246871136,0.007594699824609065,41.646103979908716,-0.005789984397863934,Consumer Cyclical,0,0.6035915470078926,1.0-2.0%,>2.0,<0.5x
2024-05-02,DIS,110.38748168945312,110.63252581793235,108.3683129856401,109.22106924488298,6799800.0,108.28990173339844,6338400.0,37.0349598685001,2.16141238533728,0.019959500846704194,8126075.0,0.7800075682294343,-0.02128612701495869,0.008598839749407197,0.4308143683276066,-0.010679372145267553,True,0,0.008967558995544522,41.037410686225506,-0.011088975246871136,0.007594699824609065,41.646103979908716,-0.005789984397863934,Unknown,0,0.5508821638647959,0.5-1.0%,<0.8,<0.5x
2024-05-02,CRM,269.21441650390625,270.15422013315197,265.06930555629543,267.53261814961405,3859900.0,265.8113098144531,3761000.0,32.684462165527535,6.767692091770897,0.025460512182476417,5442425.0,0.6910522423368259,-0.03863020546224316,0.006475677563766827,0.2543419989886853,-0.0062863301152746714,True,0,0.008967558995544522,41.037410686225506,-0.011088975246871136,0.007594699824609065,41.646103979908716,-0.005789984397863934,Unknown,0,0.5703025454637608,0.5-1.0%,<0.8,<0.5x
2024-05-02,AVGO,121.63225555419922,124.17376681180544,120.13366494266383,123.37144062676585,29480000.0,122.05355072021484,30958000.0,43.09112899038409,4.622122790182956,0.0378696298707304,24226200.0,1.277872716315394,-0.03182779933689428,0.0107976367649641,0.2851265460428923,0.01409714487997399,True,1,0.008967558995544522,41.037410686225506,-0.011088975246871136,0.007594699824609065,41.646103979908716,-0.005789984397863934,Unknown,0,0.6143701837735789,1.0-2.0%,1.2-2.0,<0.5x
2024-05-03,PFE,24.807405471801758,24.896608997802986,24.548717117955512,24.852008085510246,60568900.0,24.70928382873535,69649000.0,63.52189363800258,0.527898593484249,0.02136438259980388,41806430.0,1.6659877439905775,0.06376475212975241,0.005776138951017055,0.2703630177017181,0.0017947287621595865,True,0,0.01766227364600948,46.5137171249456,0.010684028325208539,0.012137945628831547,47.376795067598984,0.008669696877978916,Unknown,0,0.5456796510569435,0.5-1.0%,1.2-2.0,<0.5x
2024-05-03,AAPL,181.8961944580078,185.48689856009224,181.18201909229816,185.13972451400554,163224100.0,171.62994384765625,94214900.0,54.16142192428065,3.448901467770619,0.02009498686797896,59688800.0,1.5784351503129566,0.0936437873625604,0.07871459002713979,3.917125726146665,0.017519363089212956,True,1,0.01766227364600948,46.5137171249456,0.010684028325208539,0.012137945628831547,47.376795067598984,0.008669696877978916,Unknown,0,0.5356020304288285,>2.0%,1.2-2.0,>2.0x
2024-05-03,MA,439.1492004394531,440.81244238998534,432.5359321872507,440.46593239142663,3711500.0,436.69403076171875,3866500.0,26.77742165213919,7.089113303372649,0.01623359332621794,2507165.0,1.5421801117995824,-0.031405203229352696,0.008637401393210283,0.532069592950842,0.002989407023659154,True,1,0.01766227364600948,46.5137171249456,0.010684028325208539,0.012137945628831547,47.376795067598984,0.008669696877978916,Unknown,0,0.5153419745963198,0.5-1.0%,1.2-2.0,0.5-1.0x
2024-05-06,AMD,155.77999877929688,156.64999389648438,151.25999450683594,153.10000610351562,44624500.0,150.60000610351562,49361100.0,40.48094104118073,7.166826877179338,0.047588489951674945,54591580.0,0.9041888877369001,-0.021018343335297618,0.01660026493147426,0.3488294112364452,-0.017504850221685977,True,0,0.004179312864267573,53.871850809119124,0.017605094409331112,0.00481124219893935,53.89856858793669,0.014264775570447918,Technology,1,0.50216993031365,1.0-2.0%,0.8-1.2,<0.5x
2024-05-06,NVDA,92.09300994873047,92.17297098055205,89.00958414820802,89.34441239026923,376203000.0,88.74372100830078,398341000.0,55.302290338804475,3.9540930908382523,0.044556313910574026,465911050.0,0.8549722098241713,0.04998063479589909,0.006768832489143193,0.15191634798893958,-0.030764067779135117,True,0,0.004179312864267573,53.871850809119124,0.017605094409331112,0.00481124219893935,53.89856858793669,0.014264775570447918,Technology,1,0.50216993031365,0.5-1.0%,0.8-1.2,<0.5x
2024-05-10,NVDA,89.83216857910156,91.3543946079418,89.18149955504683,90.25895279926722,335325000.0,88.70174407958984,378013000.0,53.58728838664571,3.648894152572842,0.04113666749662533,459350700.0,0.8229289734401188,0.053567401933866554,0.017555559203888172,0.42676182277838504,0.004728441965361719,True,1,0.003446649118457125,57.957970945935855,0.029481257063035615,0.0031528502510058927,61.78118108532288,0.028467638243951043,Technology,1,0.5005387985846522,1.0-2.0%,0.8-1.2,<0.5x
2024-05-10,DIS,103.69287109375,104.89848398076957,103.33020310269572,104.80046782804365,15884600.0,103.70267486572266,15096000.0,35.07957860455768,2.7570713076168967,0.026586308513129826,11398110.0,1.3244301028854784,-0.04102898206932115,0.010585965730801544,0.3981735834282369,0.010568623950333818,True,1,0.003446649118457125,57.957970945935855,0.029481257063035615,0.0031528502510058927,61.78118108532288,0.028467638243951043,Unknown,0,0.5314486462490184,1.0-2.0%,1.2-2.0,<0.5x
2024-05-10,AMD,151.9199981689453,156.3699951171875,151.30999755859375,154.2899932861328,37652800.0,152.38999938964844,33018000.0,42.849589892134865,6.35805840771881,0.04172228120732377,52004945.0,0.6349011618029785,0.004018237962737148,0.012467969709916791,0.2988324067891142,0.015360653446865559,True,1,0.003446649118457125,57.957970945935855,0.029481257063035615,0.0031528502510058927,61.78118108532288,0.028467638243951043,Technology,1,0.5005387985846522,1.0-2.0%,<0.8,<0.5x
2024-05-13,NVDA,90.3529052734375,90.95159885169748,88.48385608988069,90.43185974293648,289680000.0,89.83216857910156,335325000.0,55.28334445202829,3.5777338936999215,0.03982686770552081,454776700.0,0.7373398857065456,0.0530977344036605,0.006675683926152377,0.1676175986400003,0.0008730824481926954,True,0,0.004365933970366218,58.85370646797562,0.031360842967993685,0.0033022018899444075,62.38044393889616,0.028208995134909598,Technology,1,0.5005387985846522,0.5-1.0%,<0.8,<0.5x
2024-05-14,AAPL,186.16554260253906,187.0296836687647,185.03323393672386,186.24500472103392,52393600.0,185.02333068847656,72044800.0,67.77290010173955,3.79097617273523,0.020489179167994167,64591680.0,1.1153882357603953,0.07307824563905374,0.006602810726687705,0.3222584307819346,0.00042665368992785355,True,0,-0.0009704618777253436,59.759234233333174,0.026978972377784682,0.00038413951005932006,62.44659132886296,0.023751621270758028,Unknown,0,0.5028903362096997,0.5-1.0%,0.8-1.2,<0.5x
2024-05-15,HD,334.0414733886719,335.7372020582991,330.22844478633783,330.69787735447755,4151100.0,326.21417236328125,5854300.0,45.559262090933856,6.294512365323922,0.019295643471658176,3543435.0,1.6521539127993035,0.020166707771872572,0.013744666452452977,0.712319673227867,-0.010110727232186902,True,0,0.005606137467150942,62.258541514333544,0.03727597282943118,0.004834566491378157,64.73038719683467,0.030244276655883473,Unknown,0,0.5304707759428656,1.0-2.0%,1.2-2.0,0.5-1.0x
2024-05-15,BAC,37.34672546386719,37.66346891889942,37.221947406299755,37.241144312189775,34084400.0,36.943603515625,27594800.0,62.0923496440105,0.6765578323245807,0.01831326042784202,35119330.0,0.7857439193743161,0.029164015272318933,0.00805391917003798,0.43978619764471016,-0.0028350673328492206,True,0,0.005606137467150942,62.258541514333544,0.03727597282943118,0.004834566491378157,64.73038719683467,0.030244276655883473,Unknown,0,0.5144340061407794,0.5-1.0%,<0.8,<0.5x
2024-05-15,NVDA,94.58174896240234,94.81363293144179,91.55229612488634,92.42485211295921,417735000.0,91.3094253540039,296507000.0,57.57392166155655,3.442532298845153,0.03770182854068524,443409550.0,0.6686978212354695,0.06865753961463272,0.012215899449928992,0.3240134476964805,-0.02333676278764316,True,0,0.005606137467150942,62.258541514333544,0.03727597282943118,0.004834566491378157,64.73038719683467,0.030244276655883473,Technology,1,0.5005387985846522,1.0-2.0%,<0.8,<0.5x
2024-05-15,AMD,159.6699981689453,159.69000244140625,154.6999969482422,155.58999633789062,43195900.0,153.16000366210938,31938300.0,44.576344300340466,5.933023567481901,0.03873742116493358,47863315.0,0.6672814033043888,0.019396620735491643,0.015865713095320404,0.40957071013499946,-0.026222777344850994,True,0,0.005606137467150942,62.258541514333544,0.03727597282943118,0.004834566491378157,64.73038719683467,0.030244276655883473,Technology,1,0.5005387985846522,1.0-2.0%,<0.8,<0.5x
2024-05-15,CRM,284.45941162109375,284.7166055479749,276.7330874774653,276.7429598115527,5828500.0,273.83441162109375,3056800.0,45.27532807991772,5.693078655374476,0.02079022363066634,4261955.0,0.7172295343334221,0.01848833805054717,0.010621558383551534,0.5108919736622913,-0.027883100675065286,True,0,0.005606137467150942,62.258541514333544,0.03727597282943118,0.004834566491378157,64.73038719683467,0.030244276655883473,Unknown,0,0.5367995414584548,1.0-2.0%,<0.8,0.5-1.0x
2024-05-16,WMT,63.083133697509766,63.48719296456234,62.02862389911463,63.2900919834031,60545600.0,58.96365737915039,22240600.0,50.2843689343923,0.789604597313587,0.013391377543564521,15151110.0,1.4679188521501065,0.07023516782860972,0.07337459710873605,5.479241912942526,0.0032699950246178762,True,1,-0.00041937978602148124,67.56427295842688,0.04310224370215243,0.00018874750274992932,70.04858039378277,0.03470157755182535,Unknown,0,0.5185730060456212,>2.0%,1.2-2.0,>2.0x
2024-05-16,CRM,281.6300048828125,286.9127898814306,281.5310702188177,286.3192422787033,3559200.0,284.45941162109375,5828500.0,58.584913550975884,6.0637297461963815,0.021316678227097666,4343410.0,1.3419179860984802,0.04890073802623718,0.006538123126285937,0.30671397563128316,0.016377653693726624,True,1,-0.00041937978602148124,67.56427295842688,0.04310224370215243,0.00018874750274992932,70.04858039378277,0.03470157755182535,Unknown,0,0.5709298563683619,0.5-1.0%,1.2-2.0,<0.5x
2024-05-17,BAC,37.711463928222656,37.90342934897752,37.58668585551661,37.86503553253937,25537300.0,37.64426803588867,32554200.0,67.47276510714813,0.675668039552319,0.0179487628477239,32928380.0,0.9886365499912234,0.03808972062280924,0.005864571372200137,0.3267395876782576,0.00405576284709267,True,1,0.0002874765283211655,66.24067662354834,0.037330160094401155,0.00022692518267526326,68.18605496025762,0.029349864233393808,Unknown,0,0.5154071065274569,0.5-1.0%,0.8-1.2,<0.5x
2024-05-17,HD,329.7685241699219,330.4583174526448,326.30040738966557,330.2954662431858,2739000.0,328.3506164550781,3101600.0,48.257865345815944,6.46963621181136,0.01970343860370512,3506515.0,0.8845249485600375,0.015514323229592675,0.005923088584710291,0.30061192382919844,0.0015953657470912429,True,0,0.0002874765283211655,66.24067662354834,0.037330160094401155,0.00022692518267526326,68.18605496025762,0.029349864233393808,Unknown,0,0.5269162851052692,0.5-1.0%,0.8-1.2,<0.5x
2024-05-17,ABBV,158.0716094970703,158.13810493354188,156.23843408585205,157.0932801699771,5152200.0,156.10549926757812,4642000.0,49.707030411877724,2.8150966603366254,0.018033295902736328,5284420.0,0.8784313131810113,0.012829434135500195,0.00632764961537864,0.35088702861125337,-0.006227696856508696,True,0,0.0002874765283211655,66.24067662354834,0.037330160094401155,0.00022692518267526326,68.18605496025762,0.029349864233393808,Unknown,0,0.5027341185006748,0.5-1.0%,0.8-1.2,<0.5x
2024-05-20,NVDA,94.73167419433594,95.15145822277206,93.39236106775267,93.70220057081201,318764000.0,92.43183135986328,359691000.0,57.46619709124945,3.2953273474721647,0.035651434132496225,407585550.0,0.8824920314275125,0.057543398934468026,0.01374384984327339,0.3855062265432372,-0.01098665364583343,True,0,0.0004869561023547357,65.90807964932375,0.03314316694981079,0.00022673527131365776,68.80878077462924,0.027779412985915464,Technology,1,0.5048606757022588,1.0-2.0%,0.8-1.2,<0.5x
2024-05-22,AMD,165.52000427246094,169.80999755859375,163.86000061035156,167.41000366210938,47426700.0,164.66000366210938,30005500.0,56.40329290610303,5.875631288129347,0.035683415264501264,46155545.0,0.6500952377444573,0.07046831162871214,0.016701080643986493,0.4680348144982954,0.01128964427635461,True,1,0.0005704905456943802,69.03437117068256,0.03499223048238975,-0.0013362056824091724,70.45597976432622,0.024760252990177145,Technology,1,0.5048606757022588,1.0-2.0%,<0.8,<0.5x
2024-05-23,AMD,160.42999267578125,173.13999938964844,158.27000427246094,170.17999267578125,91888800.0,165.52000427246094,47426700.0,57.32199158021852,5.880943120994551,0.03553010493712884,46356250.0,1.0230918160981528,0.08314871245129218,0.028153626649559223,0.7923879397310414,0.05729228122941121,True,1,0.010620717402873531,68.87395252407102,0.04095910249418955,0.0059073978811068515,67.31772050367775,0.026381672927136446,Technology,1,0.5268073973887546,>2.0%,0.8-1.2,0.5-1.0x
2024-05-23,NVDA,103.7460708618164,106.26578136298583,101.46822609300973,101.97597026948286,835065000.0,94.90158081054688,548648000.0,60.7994804649761,3.150919673874278,0.03320197247466821,390048050.0,1.4066164412307662,0.12017801722744093,0.07454448491283479,2.2451824201019766,-0.017358016674475965,True,0,0.010620717402873531,68.87395252407102,0.04095910249418955,0.0059073978811068515,67.31772050367775,0.026381672927136446,Technology,1,0.5729061667931621,>2.0%,1.2-2.0,>2.0x
2024-05-24,AAPL,188.6983642578125,189.2943226367172,186.771449342652,187.54620129756856,36327000.0,185.61929321289062,51005900.0,59.556038084423044,3.2404737467214746,0.01745763433656063,62436570.0,0.8169234793006727,0.027599821952912995,0.010380968763133486,0.5946377706739541,-0.006143355356027033,True,0,0.003593061235149893,65.15881026529432,0.027050661231630357,0.003593532651274417,60.03363299687112,0.015310010891948167,Unknown,0,0.5838501514368263,1.0-2.0%,0.8-1.2,0.5-1.0x
2024-05-24,GOOGL,173.67774963378906,174.45189917635065,172.34778682854989,173.6678149317287,16579400.0,172.24855041503906,21024900.0,61.187171697507196,3.6328856805458307,0.021090950674431,28255700.0,0.7440941119844845,0.024503060705880264,0.008239631121828789,0.39067139499870274,-5.7205199848079666e-05,True,0,0.003593061235149893,65.15881026529432,0.027050661231630357,0.003593532651274417,60.03363299687112,0.015310010891948167,Unknown,0,0.5603530935141252,0.5-1.0%,<0.8,<0.5x
2024-05-24,XOM,107.64639282226562,109.2218945784167,107.28573919615745,108.9941064809583,12212900.0,107.7318115234375,15979800.0,38.19647666433351,2.0645063006225532,0.019163386110642087,19891450.0,0.8033501831188777,-0.015634648284627795,0.011717012270290995,0.6114270308306389,0.012365014056316155,True,1,0.003593061235149893,65.15881026529432,0.027050661231630357,0.003593532651274417,60.03363299687112,0.015310010891948167,Unknown,0,0.5129344248921005,1.0-2.0%,0.8-1.2,0.5-1.0x
2024-05-24,INTC,30.526351928710938,30.82446197812326,29.94007091639133,30.099064079939822,42434500.0,29.8903865814209,62014500.0,32.816718025197765,0.9520910206134356,0.03185275031555568,51530465.0,1.2034531417482843,-0.017990947613119257,0.00698142521343743,0.21917809747273115,-0.014196051001329662,True,0,0.003593061235149893,65.15881026529432,0.027050661231630357,0.003593532651274417,60.03363299687112,0.015310010891948167,Unknown,0,0.535283578622572,0.5-1.0%,1.2-2.0,<0.5x
2024-05-24,TSLA,179.24000549316406,180.0800018310547,173.72999572753906,174.83999633789062,65584500.0,173.74000549316406,71975500.0,49.30053404313057,8.02820534264863,0.04620815637630739,91189990.0,0.7892916755446513,-0.018364977294786478,0.006331246747714892,0.13701578345075793,-0.025165918825404855,True,0,0.003593061235149893,65.15881026529432,0.027050661231630357,0.003593532651274417,60.03363299687112,0.015310010891948167,Consumer Cyclical,0,0.5818385324694927,0.5-1.0%,<0.8,<0.5x
2024-05-24,NFLX,64.67500305175781,65.19999694824219,63.7599983215332,63.939998626708984,26153000.0,63.56700134277344,23139000.0,61.612509137070376,1.5608089631433724,0.02455376107372118,31910850.0,0.7251138719275733,0.054759557346492294,0.005867781648598259,0.23897689771357636,-0.011495221157884143,True,0,0.003593061235149893,65.15881026529432,0.027050661231630357,0.003593532651274417,60.03363299687112,0.015310010891948167,Unknown,0,0.5644717811138424,0.5-1.0%,<0.8,<0.5x
2024-05-28,AMD,171.61000061035156,174.5500030517578,164.9600067138672,169.4199981689453,66495400.0,166.36000061035156,54868600.0,56.93268594931946,6.586374363474734,0.039591093648174126,49495015.0,1.1085682063133024,0.07542647413438264,0.01839382993127583,0.4645951459369227,-0.012926469514079345,True,0,0.00268584709685307,68.93519992073496,0.0324382397047418,0.0015675924224521915,63.82430733661036,0.017830803229298864,Technology,1,0.5133714125786739,1.0-2.0%,0.8-1.2,<0.5x
2024-05-30,AMD,166.75,168.75,163.8000030517578,167.89999389648438,46367000.0,165.13999938964844,56537500.0,53.81915844910818,6.936567230077546,0.04200416165504936,50435610.0,1.120983765240472,0.05487018062664073,0.01671305872009676,0.39789054373586497,0.006849278965390448,True,1,-0.002059341303257015,64.48485651786764,0.016583405576467758,-0.0030032169133367816,57.53798124083429,0.0021933968180964936,Technology,1,0.5176892459106831,1.0-2.0%,0.8-1.2,<0.5x
2024-05-31,CRM,231.92825317382812,232.10631743949654,213.74516845532943,216.7624943067307,36807400.0,215.67428588867188,66763300.0,16.68736243739559,9.689847665472415,0.0449281546269924,7890950.0,8.460743003060468,-0.19644416337293769,0.005045610391498154,0.11230397583404862,-0.06996486599585375,True,0,0.0005094031312430849,56.80891932126888,0.005931708284671711,0.0018753398517176924,52.05610252542049,-0.0011722512092408044,Unknown,0,0.8665049562743996,0.5-1.0%,>2.0,<0.5x
2024-05-31,NVDA,109.57709503173828,112.6595219559155,106.88546755499186,112.46261619518734,613263000.0,110.44364929199219,484553000.0,70.48111010873528,4.2426314145593675,0.03841444430492015,423602400.0,1.143886342475869,0.15353480162567656,0.0182805160472141,0.4758761028041923,0.02565760304242804,True,1,0.0005094031312430849,56.80891932126888,0.005931708284671711,0.0018753398517176924,52.05610252542049,-0.0011722512092408044,Technology,1,0.5176892459106831,1.0-2.0%,0.8-1.2,<0.5x
2024-06-03,AVGO,129.81558227539062,132.8697205056139,127.91337848787911,132.84026056968796,26278000.0,130.46864318847656,73091000.0,45.269337950641514,3.7802632810152543,0.02897449677279345,23455050.0,3.1162159108592817,-0.012391266897417763,0.018177681037008463,0.6273683087423624,0.022769289079424725,True,1,0.008564268151043853,55.584921349220565,0.010117437994087153,0.003128731841327804,57.94172956872991,0.007119958812244143,Unknown,0,0.5853436889800219,1.0-2.0%,>2.0,0.5-1.0x
2024-06-04,NVDA,116.37763214111328,116.54055105021374,113.98685338816156,115.65700669071254,403324000.0,114.94136047363281,438392000.0,73.11870825535581,4.424322104382979,0.03849199353611187,437373200.0,1.0023293608296073,0.15845006833298836,0.006226185370790784,0.1617527386558867,-0.006230711575718253,True,0,-0.0005738956158344238,58.36796140958329,0.0050911956269217296,-0.0025386694172827074,58.43805342676636,0.001420030446397158,Technology,1,0.5073343280792472,0.5-1.0%,0.8-1.2,<0.5x
2024-06-05,AMD,166.1699981689453,167.1199951171875,161.3800048828125,162.07000732421875,60507500.0,159.99000549316406,48157200.0,47.42644515094684,7.121231163623373,0.04451047514919702,49664620.0,0.969648010998574,0.004238330852272876,0.013000823549215768,0.29208458246373736,-0.025297653232806912,True,0,0.007945187380334413,59.75928636132018,0.014275830368836395,0.004504403483999509,59.15051668514084,0.00812662808315534,Technology,1,0.5005387985846522,1.0-2.0%,0.8-1.2,<0.5x
2024-06-05,INTC,30.585975646972656,30.645596899838363,29.820828969781854,30.079190259300518,44161700.0,29.8407039642334,51027200.0,37.74370335154552,0.9065835708487592,0.03038077023703516,46312765.0,1.1017955848673686,-0.016425388866218915,0.007991979524107913,0.2630604642921603,-0.016848372024091975,True,0,0.007945187380334413,59.75928636132018,0.014275830368836395,0.004504403483999509,59.15051668514084,0.00812662808315534,Unknown,0,0.5622578905360156,0.5-1.0%,0.8-1.2,<0.5x
2024-06-05,AAPL,194.5486297607422,195.5716800296083,193.55537589536917,194.08179923154876,54156800.0,193.03890991210938,47471400.0,70.21805174248863,3.045804372323153,0.015778188830997377,52383570.0,0.9062268951887014,0.030657945114430207,0.0054024824317243075,0.3424019378644237,-0.0024053287378920027,True,0,0.007945187380334413,59.75928636132018,0.014275830368836395,0.004504403483999509,59.15051668514084,0.00812662808315534,Unknown,0,0.5953925749558135,0.5-1.0%,0.8-1.2,<0.5x
2024-06-05,AVGO,138.77078247070312,138.89451119934265,131.6460935723304,132.18229135565463,32947000.0,130.69155883789062,23048000.0,46.00139489283525,3.763473381221136,0.028796606411966786,23862100.0,0.965883136857192,-0.01845108588306743,0.011406494275679285,0.3961055032838583,-0.049843977188451495,True,0,0.007945187380334413,59.75928636132018,0.014275830368836395,0.004504403483999509,59.15051668514084,0.00812662808315534,Unknown,0,0.5450945632015191,1.0-2.0%,0.8-1.2,<0.5x
2024-06-05,GOOGL,174.09458923339844,175.32528067630372,172.62567697442577,173.88615737761106,22068500.0,172.4867401123047,26879600.0,58.03464872004267,3.3324338161946954,0.019319942008440623,24120190.0,1.1144024984877814,0.010095160682068283,0.008113187508762816,0.4199385021558695,-0.0011986684790253371,True,0,0.007945187380334413,59.75928636132018,0.014275830368836395,0.004504403483999509,59.15051668514084,0.00812662808315534,Unknown,0,0.5750747331865127,0.5-1.0%,0.8-1.2,<0.5x
2024-06-05,NVDA,122.3775634765625,122.3865539456356,117.408098853795,118.31063824188061,528402000.0,116.37763214111328,403324000.0,74.15611407700494,4.290706072787922,0.03686882087088042,438729250.0,0.9193004569446874,0.16833989511144076,0.016609773417828863,0.450510025151022,-0.03437497502436974,True,0,0.007945187380334413,59.75928636132018,0.014275830368836395,0.004504403483999509,59.15051668514084,0.00812662808315534,Technology,1,0.5005387985846522,1.0-2.0%,0.8-1.2,<0.5x
2024-06-05,META,492.1474304199219,493.7280723944885,481.06303484683156,481.59986638058245,15690500.0,474.18377685546875,7088700.0,52.77947769740051,11.559769219773026,0.024378246966674365,11684470.0,0.606677067937185,0.023871627561348863,0.015639694749350588,0.6415430433012849,-0.021901094197987688,True,0,0.007945187380334413,59.75928636132018,0.014275830368836395,0.004504403483999509,59.15051668514084,0.00812662808315534,Unknown,0,0.5448694090993291,1.0-2.0%,<0.8,0.5-1.0x
2024-06-06,AVGO,137.6100311279297,139.71355474446062,136.3304417892411,139.633026913068,20172000.0,138.77078247070312,32947000.0,58.80616635300425,4.080579022666199,0.029405174129703265,24888800.0,1.3237681206004308,0.030727947094182362,0.006213443687592546,0.2113044343891885,0.014487946224912623,True,1,0.0014884877576415046,68.2111657771429,0.024724038914259117,0.0005796220741462974,65.8583903969135,0.014033940067312622,Unknown,0,0.5309676129649538,0.5-1.0%,1.2-2.0,<0.5x
2024-06-06,CRM,240.15911865234375,244.10637612614184,236.88458366140273,237.30998458790097,11693800.0,233.995849609375,10772100.0,32.36602114663956,9.840937984558066,0.042056036468109174,11070235.0,0.9730687740594486,-0.09671658241518011,0.014163221202677222,0.3367702330536332,-0.01200595950225366,True,0,0.0014884877576415046,68.2111657771429,0.024724038914259117,0.0005796220741462974,65.8583903969135,0.014033940067312622,Unknown,0,0.5521327569302874,1.0-2.0%,0.8-1.2,<0.5x
2024-06-12,NVDA,125.14643859863281,126.82572022932071,122.51756641163499,123.00735466296415,299595000.0,120.8582763671875,222551200.0,73.54684204596407,4.621138731263259,0.038236013868206034,457498665.0,0.48645212986577785,0.12533897417566697,0.017781804940254074,0.4650538364575702,-0.017389886495239905,True,0,0.008482647025104713,71.48220655847545,0.031080571662119194,0.008715882101613554,67.70953831747258,0.020573361013838998,Technology,1,0.5005387985846522,1.0-2.0%,<0.8,<0.5x
2024-06-12,AMD,160.24000549316406,162.24000549316406,158.6199951171875,160.32000732421875,48325800.0,158.9600067138672,40497100.0,45.68171964327631,6.71694220325056,0.042255548059589976,54452920.0,0.7437085100303161,-0.023760475423214356,0.008555614952883116,0.20247317442949134,0.0004990133944598568,True,0,0.008482647025104713,71.48220655847545,0.031080571662119194,0.008715882101613554,67.70953831747258,0.020573361013838998,Technology,1,0.5005387985846522,0.5-1.0%,<0.8,<0.5x
2024-06-13,NVDA,129.55453491210938,129.74445604329242,127.10558642301991,129.3346278393984,260704500.0,125.14643859863281,299595000.0,76.78484995671016,4.717303383468256,0.03769426790160204,457653065.0,0.6546334394155101,0.16358833392747685,0.033466307852338166,0.8878354645247221,-0.001700295399496966,True,0,0.007529199599873796,75.71911856906415,0.04053153252948949,0.0033066395433773406,71.90261224908309,0.02217599065274256,Technology,1,0.5340478092581572,>2.0%,<0.8,0.5-1.0x
2024-06-13,AAPL,212.79470825195312,215.28776993558532,210.17251871917932,213.29133517221976,97862700.0,211.6326141357422,198134300.0,78.94468086643738,4.542936068808973,0.021466143521220747,65854395.0,3.0086723900508083,0.10168838001410507,0.007837738258119616,0.36512092870205015,0.0023283970718531036,True,1,0.007529199599873796,75.71911856906415,0.04053153252948949,0.0033066395433773406,71.90261224908309,0.02217599065274256,Unknown,0,0.6835402466244836,0.5-1.0%,>2.0,<0.5x
2024-06-13,HD,335.60150146484375,336.3829099764899,330.96127385748224,333.6913754139014,3380800.0,331.9934997558594,4793000.0,59.53623755358838,6.451357609680801,0.019432180492765627,3540500.0,1.3537635927128937,0.041172557675900334,0.005114183438201744,0.26318114120572805,-0.005724229607591918,True,0,0.007529199599873796,75.71911856906415,0.04053153252948949,0.0033066395433773406,71.90261224908309,0.02217599065274256,Unknown,0,0.5595347548125817,0.5-1.0%,1.2-2.0,<0.5x
2024-06-13,TSLA,182.47000122070312,191.0800018310547,181.22999572753906,188.38999938964844,118984100.0,177.2899932861328,90389400.0,51.91494742647816,7.001178434021707,0.03948998081759938,69893870.0,1.2932378762257692,0.06184265044833981,0.06260932102130008,1.5854482510509902,0.03142416363992303,True,1,0.007529199599873796,75.71911856906415,0.04053153252948949,0.0033066395433773406,71.90261224908309,0.02217599065274256,Consumer Cyclical,0,0.6257504500489453,>2.0%,1.2-2.0,1.0-2.0x
2024-06-13,AVGO,164.88316345214844,170.46703483101422,162.28370632867373,167.92846057351758,89061000.0,146.86473083496094,56697000.0,67.95734238145312,4.042154504316764,0.027522976288017923,28903750.0,1.9615793798382564,0.20888630776005046,0.1434226557921996,5.211015490887822,0.018134490788331507,True,1,0.007529199599873796,75.71911856906415,0.04053153252948949,0.0033066395433773406,71.90261224908309,0.02217599065274256,Unknown,0,0.6498396876857852,>2.0%,1.2-2.0,>2.0x
2024-06-14,ADBE,525.3099975585938,534.4500122070312,521.8800048828125,530.25,14846600.0,458.739990234375,8558000.0,43.08651745829189,11.413608043719067,0.024880342430769416,3409415.0,2.5101080390624197,0.13089360955654383,0.15588353160379542,6.265329025818186,0.009316364811704385,True,1,-0.00041954079235106577,77.24545506536074,0.03526373659800508,-0.0028945130592714133,72.84140282649666,0.016804383008772517,Technology,1,0.5454888798815355,>2.0%,>2.0,>2.0x
2024-06-17,NVDA,130.92396545410156,133.67278906643185,129.52457044327446,132.9331153831068,288504400.0,131.82359313964844,309320400.0,80.82384689820655,4.695159575458182,0.03561698982430501,449069960.0,0.6888022525488011,0.15530492982206257,0.008416719777035588,0.236311934797253,0.015113991146712946,True,1,0.0005634025662278456,78.6355151340411,0.03822588997080745,-0.0012894627103882494,73.1339614460187,0.017670617648427367,Technology,1,0.5049792604632256,0.5-1.0%,<0.8,<0.5x
2024-06-18,AVGO,177.0142822265625,181.8360915783338,175.29474201441946,180.65469718929512,86797000.0,179.6019287109375,87528000.0,84.97447544510327,5.89185404060019,0.03280507109744298,37252150.0,2.349609351406563,0.24965609932814647,0.005861676909116113,0.17868203643591574,0.02015123337157456,True,1,-0.00010297470801674385,81.52415003036381,0.04620018862616093,0.00010959214486118978,76.67709049862178,0.02507895887844147,Unknown,0,0.588037734347772,0.5-1.0%,>2.0,<0.5x
2024-06-24,JPM,191.63987731933594,191.97712692160647,189.92467850941023,190.60882307904214,9785900.0,189.15379333496094,20972100.0,49.19819818337488,3.5003503510647684,0.01850531405873638,8846130.0,2.3707655211940137,0.000789314732373203,0.007692310677082632,0.4156811742112036,-0.0054092681736261404,True,0,-0.002582263380227442,71.79209332980084,0.024749049576130222,-0.00033079936329367883,72.12901218684353,0.017962296996549387,Unknown,0,0.5456485153683056,0.5-1.0%,>2.0,<0.5x
2024-06-24,CVX,149.04653930664062,149.26171768697046,146.12754814477472,146.2023959022264,7971600.0,145.27615356445312,21289800.0,46.21126508657956,2.5825437502277984,0.01777679052523943,7585290.0,2.80672195789482,0.0009609483711174871,0.006375735556368186,0.3586550422201318,-0.019453466455612987,True,0,-0.002582263380227442,71.79209332980084,0.024749049576130222,-0.00033079936329367883,72.12901218684353,0.017962296996549387,Unknown,0,0.5208832879448559,0.5-1.0%,>2.0,<0.5x
2024-06-24,PFE,25.67953872680664,25.7248122570173,25.109082574535275,25.308290252440916,35414100.0,25.118135452270508,52487000.0,47.39361827698823,0.5527887216814896,0.022007553973578134,35210060.0,1.4906819244272802,-0.009479917941800475,0.007570418613743846,0.3439918231182235,-0.014669046018623049,True,0,-0.002582263380227442,71.79209332980084,0.024749049576130222,-0.00033079936329367883,72.12901218684353,0.017962296996549387,Unknown,0,0.5456824886065434,0.5-1.0%,1.2-2.0,<0.5x
2024-06-24,XOM,108.24431610107422,108.69987776585843,105.95699307410571,105.95699307410571,16266700.0,105.12181091308594,52212500.0,42.69490550310147,2.042969852107463,0.01943430991496691,17887405.0,2.9189533082076466,-0.006465516944054284,0.007944898910753131,0.40880787357592463,-0.021587277636019434,True,0,-0.002582263380227442,71.79209332980084,0.024749049576130222,-0.00033079936329367883,72.12901218684353,0.017962296996549387,Unknown,0,0.6100598755361404,0.5-1.0%,>2.0,<0.5x
2024-06-24,BAC,38.64575958251953,38.95477085516326,38.28846598921989,38.404344295535054,31064900.0,38.13395690917969,72244900.0,54.365847527674745,0.6871531734608739,0.018019456388892623,36879795.0,1.9589290016389733,0.008878313272322469,0.0070904623666336215,0.39348924926526946,-0.006286145263324917,True,0,-0.002582263380227442,71.79209332980084,0.024749049576130222,-0.00033079936329367883,72.12901218684353,0.017962296996549387,Unknown,0,0.5174970040667815,0.5-1.0%,1.2-2.0,<0.5x
2024-06-25,CRM,239.16983032226562,240.49548532511884,237.30007997645885,239.18962027328695,6037800.0,237.36932373046875,7545700.0,42.855961774022276,7.6613782678928946,0.032276193686225176,14921895.0,0.5056797410784623,0.008048806181680135,0.007668625895758681,0.23759387399609933,8.273749922221636e-05,True,0,0.004451836849202737,62.5111161704798,0.01863079579994631,0.0023032587727079058,67.74357550786286,0.01593366633448312,Unknown,0,0.5144086801771323,0.5-1.0%,<0.8,<0.5x
2024-06-25,DIS,100.17404174804688,101.62470635168476,99.75256552682775,100.62492954780532,10296100.0,99.95840454101562,7393600.0,45.382422072998665,1.664385765540722,0.01665078362528065,8744805.0,0.8454848335669006,0.008685812236009616,0.006668023662944766,0.40046305405235105,0.004480875681450669,True,1,0.004451836849202737,62.5111161704798,0.01863079579994631,0.0023032587727079058,67.74357550786286,0.01593366633448312,Unknown,0,0.5189695366212972,0.5-1.0%,0.8-1.2,<0.5x
2024-06-25,TSLA,187.35000610351562,187.97000122070312,182.00999450683594,184.39999389648438,62905700.0,182.5800018310547,61992100.0,54.4015255890611,7.168300347495742,0.0392611473086123,70164335.0,0.8835272221991415,0.03092492492925447,0.009968189545280903,0.25389450458301527,-0.015997897530773686,True,0,0.004451836849202737,62.5111161704798,0.01863079579994631,0.0023032587727079058,67.74357550786286,0.01593366633448312,Consumer Cyclical,0,0.5392377837209541,0.5-1.0%,0.8-1.2,<0.5x
2024-06-25,NFLX,67.24099731445312,67.36699676513672,66.2300033569336,67.34400177001953,22706000.0,66.9020004272461,39163000.0,59.55714522075848,1.5039826758472843,0.022480384237281815,28978950.0,1.3514292270768955,0.025535623992992695,0.00660669845371964,0.29388725672949084,0.0015295268005926874,True,0,0.004451836849202737,62.5111161704798,0.01863079579994631,0.0023032587727079058,67.74357550786286,0.01593366633448312,Unknown,0,0.5814982822238222,0.5-1.0%,1.2-2.0,<0.5x
2024-06-25,AMZN,186.33999633789062,188.83999633789062,185.4199981689453,186.80999755859375,45366400.0,185.57000732421875,50610400.0,53.34866279173305,3.6377670069081143,0.019603205600743377,36312710.0,1.3937378950786101,0.017680418184309987,0.006682061677179062,0.3408657651851425,0.002515931839010421,True,1,0.004451836849202737,62.5111161704798,0.01863079579994631,0.0023032587727079058,67.74357550786286,0.01593366633448312,Consumer Cyclical,0,0.6327530966345264,0.5-1.0%,1.2-2.0,<0.5x
2024-06-25,NVDA,126.03604888916016,126.44587713171062,119.26894878077069,121.14814167969276,414192600.0,118.05946350097656,476060900.0,52.2506959348807,5.514660279014188,0.04671087022997163,440819990.0,1.0799439925580507,-0.005390065817999057,0.02616205501129221,0.5600849413099899,-0.04034653063346763,True,0,0.004451836849202737,62.5111161704798,0.01863079579994631,0.0023032587727079058,67.74357550786286,0.01593366633448312,Technology,1,0.5133714125786739,>2.0%,0.8-1.2,0.5-1.0x
2024-06-26,AVGO,156.83685302734375,159.41598804994206,155.02317722318733,157.39050728539902,46479000.0,155.73248291015625,53329000.0,55.685223800862204,6.136692175113863,0.03940534473244215,49995800.0,1.0666696002464207,0.04825138649743255,0.010646618767385266,0.27018209939983034,0.003517710614219723,True,1,-0.0017313827157411199,67.06448100319528,0.021433720476314866,-0.0020923306111300215,70.05840427509794,0.013818698783383931,Unknown,0,0.5281446943878659,1.0-2.0%,0.8-1.2,<0.5x
2024-06-27,AMZN,197.85000610351562,199.83999633789062,194.1999969482422,195.00999450683594,74397500.0,193.61000061035156,65103900.0,65.67259359371675,3.9734832652687078,0.020523130276031108,38966295.0,1.6707747041385381,0.055457351053459725,0.007230999907395914,0.3523341619987168,-0.014563415602681496,True,0,-0.0005203841827815924,67.83302557701772,0.02192477543536442,-0.0002567018744772697,70.79282797016113,0.014795850470912253,Consumer Cyclical,0,0.520168889828828,0.5-1.0%,1.2-2.0,<0.5x
2024-06-28,TSLA,197.8800048828125,203.1999969482422,195.25999450683594,199.5500030517578,95438100.0,197.4199981689453,72746500.0,65.91982390308763,7.196106242115575,0.03645074616988595,72728615.0,1.0002459142113458,0.0958475503541758,0.010789205260703701,0.2959940850159408,0.00836882056329591,True,1,0.0016610189956724677,68.81460214495085,0.0231981857824497,0.001445893663591118,71.73693432237464,0.015553700894269218,Consumer Cyclical,0,0.5169479256843705,1.0-2.0%,0.8-1.2,<0.5x
2024-06-28,INTC,30.774776458740234,31.11263338233784,30.526352361702315,30.556163935664028,41467700.0,30.397172927856445,30184300.0,45.31077863900333,0.7265821558482709,0.023902951684773938,41959525.0,0.7193670567052416,0.0030662753195600523,0.0052304537722940875,0.218820413531851,-0.007154449214780201,True,0,0.0016610189956724677,68.81460214495085,0.0231981857824497,0.001445893663591118,71.73693432237464,0.015553700894269218,Unknown,0,0.5152937299780749,0.5-1.0%,<0.8,<0.5x
2024-07-01,KO,60.588470458984375,61.565090242837094,60.435275986554295,61.306570233333694,10033400.0,60.94273376464844,17358800.0,59.92402223647466,0.6803123299725082,0.011163141000529626,12093315.0,1.4354046016332163,0.013407949096344796,0.005970136982865553,0.534807988413145,0.01171325963295975,True,1,0.0019412422944835432,64.53856834020925,0.015291767339936868,0.0025908259352756874,65.99344601465042,0.011117238380018657,Unknown,0,0.5385363373426313,0.5-1.0%,1.2-2.0,0.5-1.0x
2024-07-01,V,260.3653564453125,262.86772712763684,258.4465392218664,260.9093684449691,7955800.0,259.60382080078125,13957300.0,32.591485501413324,4.146089999871499,0.015970835818526683,9371805.0,1.489286215408878,-0.031608020404119475,0.005029000113175296,0.31488646995804026,0.0020850611953834876,True,1,0.0019412422944835432,64.53856834020925,0.015291767339936868,0.0025908259352756874,65.99344601465042,0.011117238380018657,Financial Services,0,0.5518888744454569,0.5-1.0%,1.2-2.0,<0.5x
2024-07-01,AAPL,215.2877655029297,216.04263295008636,210.49034773322808,210.65919906394006,60402900.0,209.19912719726562,82542700.0,61.699693534435575,4.791400213339659,0.02290353825817628,89655520.0,0.9206650075756629,0.026799129069481564,0.006979340144653931,0.30472759562214774,-0.021971822068803853,True,0,0.0019412422944835432,64.53856834020925,0.015291767339936868,0.0025908259352756874,65.99344601465042,0.011117238380018657,Unknown,0,0.5895042193384767,0.5-1.0%,0.8-1.2,<0.5x
2024-07-01,XOM,109.10799407958984,110.79738254357629,108.69988281371495,109.81981554976542,11972900.0,109.25984954833984,24565900.0,56.0418821805648,1.9392563037525807,0.017749029600252153,18729870.0,1.3115894557730512,0.028035274076508854,0.005125084866402211,0.2887529618142842,0.00648172159652748,True,1,0.0019412422944835432,64.53856834020925,0.015291767339936868,0.0025908259352756874,65.99344601465042,0.011117238380018657,Unknown,0,0.5434131683955541,0.5-1.0%,1.2-2.0,<0.5x
2024-07-01,MRK,121.47431945800781,122.69951086883188,118.81498825288813,119.08091992418117,11533000.0,117.58030700683594,57055500.0,35.65612824653948,2.7833237265786384,0.023671682762461406,11067170.0,5.155382993122903,-0.029821219704451063,0.012762451090198235,0.5391442263849933,-0.02009893386237288,True,0,0.0019412422944835432,64.53856834020925,0.015291767339936868,0.0025908259352756874,65.99344601465042,0.011117238380018657,Unknown,0,0.5891581892906868,1.0-2.0%,>2.0,0.5-1.0x
2024-07-01,TSLA,209.86000061035156,213.22999572753906,200.85000610351562,201.02000427246094,135691400.0,197.8800048828125,95438100.0,66.23194173793375,7.249241684922051,0.03663453358622646,73619600.0,1.2963680867595042,0.09751039768468961,0.015868199475272866,0.4331486693538486,-0.04397570465628368,True,0,0.0019412422944835432,64.53856834020925,0.015291767339936868,0.0025908259352756874,65.99344601465042,0.011117238380018657,Consumer Cyclical,0,0.5750931395643641,1.0-2.0%,1.2-2.0,<0.5x
2024-07-05,AMD,171.89999389648438,174.0399932861328,165.67999267578125,165.97000122070312,61857100.0,163.89999389648438,26980900.0,53.799875699646684,6.074242767756055,0.03706066500278464,49354965.0,0.5466704312321972,0.030437559981995044,0.012629697384406988,0.3407844242260096,-0.03572930428490918,True,0,0.0017310428604080995,73.675915507145,0.029151856722952063,0.0005621855299493167,74.18592733921689,0.016261367576921204,Technology,1,0.5006573946589259,1.0-2.0%,<0.8,<0.5x
2024-07-08,NVDA,128.14512634277344,130.71403368367476,126.98562679747023,127.43543114348468,237677300.0,125.77616119384766,214176700.0,57.195640610360115,5.3227104156747576,0.042318912941470166,349362195.0,0.6130505906627933,0.011476772032021687,0.013192245127276033,0.31173402647468224,-0.005569057152478146,True,0,0.0007456516924856537,76.6436299714779,0.03472853919973051,0.0014423618744072908,76.97038955700873,0.020636318238621998,Technology,1,0.5006573946589259,1.0-2.0%,<0.8,<0.5x
2024-07-09,NVDA,131.3238067626953,133.76276548705792,128.59496354527897,130.29424856790877,285366600.0,128.14512634277344,237677300.0,59.64168989616505,5.295221992399925,0.041322070870146214,328011260.0,0.7246010396106524,0.03000743219764468,0.01677100242881399,0.40586064724385507,-0.007901793103706683,True,0,0.003076444938381755,77.27935811029258,0.0355635640672034,0.0017648027741888742,77.49650658764783,0.019912180721272987,Technology,1,0.5006573946589259,1.0-2.0%,<0.8,<0.5x
2024-07-10,NVDA,134.852294921875,135.04221608834806,132.36335454676214,133.9726664675838,248978600.0,131.3238067626953,285366600.0,62.720089151237225,5.318251788963108,0.04049724052374824,321660290.0,0.8871676388776495,0.053558365525515406,0.0201704456350022,0.4980696307733343,-0.0065657307380983096,True,0,0.0038973021876405555,77.51951268536773,0.0336041409795802,0.0022488316607586706,77.95409529954388,0.019276773500318756,Technology,1,0.5078056193241332,>2.0%,0.8-1.2,<0.5x
2024-07-10,AMD,183.9600067138672,187.27999877929688,177.8000030517578,179.99000549316406,90247000.0,177.10000610351562,43395600.0,65.25349084728032,6.363350265651797,0.03593083030122763,50005910.0,0.8678094249259738,0.10150642483043715,0.016318460135790296,0.45416317961438124,-0.022056787041177705,True,0,0.0038973021876405555,77.51951268536773,0.0336041409795802,0.0022488316607586706,77.95409529954388,0.019276773500318756,Technology,1,0.5078056193241332,1.0-2.0%,0.8-1.2,<0.5x
2024-07-11,NVDA,127.34550476074219,136.09175422496259,126.99565600235432,135.69193143030844,374782700.0,134.852294921875,248978600.0,65.83535665314051,5.203977327298082,0.038590202193540285,318437515.0,0.7818758414818053,0.060526225316689164,0.006226342005672772,0.16134515114603407,0.06151011767308354,True,1,0.00021876577046567566,80.23481482663841,0.03636938351143293,0.00021375078177413343,81.97470068133862,0.02441726454383719,Technology,1,0.5074528983907175,0.5-1.0%,<0.8,<0.5x
2024-07-12,NVDA,129.1847381591797,131.86358478076724,127.16559770787343,128.20514625821357,252680500.0,127.34550476074219,374782700.0,55.25618484100167,5.48198596267738,0.04304813093306263,326049090.0,1.1494670940501628,0.004086628201237064,0.0067504659790425135,0.1568120574047477,-0.007640815751601352,True,0,0.0011789740894729431,62.858050675767814,0.013782239899095439,0.002066759449365227,69.89432116897163,0.016255602072901887,Technology,1,0.5133714125786739,0.5-1.0%,0.8-1.2,<0.5x
2024-07-12,KO,60.9906120300293,61.38317311835556,60.69379612326767,60.76081848085182,9201500.0,60.41613006591797,11431600.0,51.680837054637195,0.7187887314647963,0.011897298464508576,11747280.0,0.9731273962993987,0.004722020348083111,0.005705238229555104,0.4795406492133222,-0.003781936368251797,True,0,0.0011789740894729431,62.858050675767814,0.013782239899095439,0.002066759449365227,69.89432116897163,0.016255602072901887,Unknown,0,0.5965991259155756,0.5-1.0%,0.8-1.2,<0.5x
2024-07-12,INTC,34.27259063720703,35.25634795426933,33.55712801341558,33.55712801341558,62792600.0,33.2888298034668,55213700.0,61.866105394031834,0.9263022810046018,0.027826219379695163,45741390.0,1.2070839998522127,0.06610684967638747,0.008059706860613053,0.28964433689810676,-0.02132073470367973,True,0,0.0011789740894729431,62.858050675767814,0.013782239899095439,0.002066759449365227,69.89432116897163,0.016255602072901887,Unknown,0,0.543958231599928,0.5-1.0%,1.2-2.0,<0.5x
2024-07-12,PFE,26.186607360839844,26.385813295254444,26.06889515574811,26.168497259418245,28397000.0,25.95118522644043,47322600.0,57.63997723966971,0.5562051408891642,0.021432745211285117,30649205.0,1.5440074220522195,0.03591643558375579,0.008373876995660563,0.39070482633514503,-0.0006920573711996524,True,0,0.0011789740894729431,62.858050675767814,0.013782239899095439,0.002066759449365227,69.89432116897163,0.016255602072901887,Unknown,0,0.6412739269024388,0.5-1.0%,1.2-2.0,<0.5x
2024-07-12,DIS,95.64376068115234,96.33305412491224,95.49606191923891,95.61422092876965,6465700.0,95.12187957763672,7422600.0,29.867524363980134,1.5142446332072086,0.015918994030929657,9899215.0,0.7498170309463932,-0.02205986291132811,0.005175900153771624,0.3251399016618235,-0.00030894726846852276,True,0,0.0011789740894729431,62.858050675767814,0.013782239899095439,0.002066759449365227,69.89432116897163,0.016255602072901887,Unknown,0,0.5103808616198011,0.5-1.0%,<0.8,<0.5x
2024-07-12,AAPL,228.9847412109375,231.07058040656065,227.13728840093884,227.37567478656334,53046500.0,226.03477478027344,64710600.0,68.60229458920632,4.809456922713888,0.02127750885848924,82665290.0,0.7828025523166978,0.04987017780324243,0.005932273065475778,0.27880486879031124,-0.007076686747096351,True,0,0.0011789740894729431,62.858050675767814,0.013782239899095439,0.002066759449365227,69.89432116897163,0.016255602072901887,Unknown,0,0.591719334112436,0.5-1.0%,<0.8,<0.5x
2024-07-12,V,262.83807373046875,264.47994992888937,260.78080089186676,261.4533679559941,6627800.0,259.68292236328125,8803600.0,37.053906093756765,4.131028715101856,0.015907972220532807,10319150.0,0.8531322831822389,-0.01800248514522429,0.006817720536262722,0.4285725698881297,-0.005296186410984397,True,0,0.0011789740894729431,62.858050675767814,0.013782239899095439,0.002066759449365227,69.89432116897163,0.016255602072901887,Financial Services,0,0.527349414078981,0.5-1.0%,0.8-1.2,<0.5x
2024-07-12,CVX,145.56617736816406,146.3614221920001,144.60253581970284,146.09946221430667,6446300.0,145.2574462890625,8322500.0,47.3638192762786,2.384502035424138,0.016415695693004103,7547805.0,1.10263844919152,0.004741883550591908,0.005796714363052731,0.3531202375737949,0.003650149275432345,True,1,0.0011789740894729431,62.858050675767814,0.013782239899095439,0.002066759449365227,69.89432116897163,0.016255602072901887,Unknown,0,0.5236989211371392,0.5-1.0%,0.8-1.2,<0.5x
2024-07-12,XOM,107.50403594970703,108.3392445606502,106.8966154550339,108.18738581647018,11684900.0,107.48504638671875,13082700.0,49.889292024225455,1.9279735156683284,0.01793713247079694,16568870.0,0.7895951866361436,0.012439084425301283,0.006534298987270257,0.3642889407160597,0.006316354366140162,True,1,0.0011789740894729431,62.858050675767814,0.013782239899095439,0.002066759449365227,69.89432116897163,0.016255602072901887,Unknown,0,0.5345018991112006,0.5-1.0%,<0.8,<0.5x
2024-07-12,PEP,157.4371337890625,158.99844105080297,156.0934600593861,156.0934600593861,6677000.0,155.13772583007812,10258600.0,42.49921680388641,2.5434369761640916,0.016394703239042643,5579630.0,1.8385806944188055,0.000649166652789468,0.0061605533031649,0.37576485608437526,-0.00860813597933695,True,0,0.0011789740894729431,62.858050675767814,0.013782239899095439,0.002066759449365227,69.89432116897163,0.016255602072901887,Unknown,0,0.5445267737722461,0.5-1.0%,1.2-2.0,<0.5x
2024-07-15,XOM,109.34526824951172,110.24691312587169,107.79824552286216,108.4531163536038,13032500.0,107.50403594970703,11684900.0,49.96422636923401,1.8933060578074696,0.017611488174204024,16472775.0,0.7093461787707293,0.013346282065873849,0.008828323471881325,0.5012820827266821,-0.00822615269992903,True,0,0.003617461857561851,64.99706480103917,0.019812164957633938,0.0036429391186030167,73.00168545943114,0.022068585676327634,Unknown,0,0.5783120898907429,0.5-1.0%,<0.8,0.5-1.0x
2024-07-15,CVX,147.8583526611328,149.24301474449962,146.2959432160735,146.83857874456862,5661200.0,145.56617736816406,6446300.0,48.50680910506211,2.3398152023436474,0.016073893294771473,7369250.0,0.8747565898836381,0.008676162002061671,0.008741050973581717,0.5438042180126337,-0.006944863708726892,True,0,0.003617461857561851,64.99706480103917,0.019812164957633938,0.0036429391186030167,73.00168545943114,0.022068585676327634,Unknown,0,0.5585912716307577,0.5-1.0%,0.8-1.2,0.5-1.0x
2024-07-15,AAPL,232.81869506835938,235.6296052667538,231.51753495711284,234.88466488344312,62631300.0,228.9847412109375,53046500.0,70.82823052153582,4.825624687254841,0.021074001096036105,75410900.0,0.7034327928721179,0.07864013326068853,0.02576557565060938,1.2226238165782262,0.008795677725955178,True,1,0.003617461857561851,64.99706480103917,0.019812164957633938,0.0036429391186030167,73.00168545943114,0.022068585676327634,Unknown,0,0.505712399678711,>2.0%,<0.8,1.0-2.0x
2024-07-15,NVDA,128.3850555419922,131.33379047542198,127.1255924372887,130.50414372087192,208326200.0,129.1847381591797,252680500.0,57.07613120242452,5.425986041978555,0.042001757477673006,323703365.0,0.7805927504028264,0.021320518265744548,0.010213323806613146,0.24316420121330093,0.016237708002683315,True,1,0.003617461857561851,64.99706480103917,0.019812164957633938,0.0036429391186030167,73.00168545943114,0.022068585676327634,Technology,1,0.5005387985846522,1.0-2.0%,<0.8,<0.5x
2024-07-15,AMD,179.8300018310547,185.5,178.5399932861328,184.4499969482422,42202700.0,181.61000061035156,50827400.0,66.62895291510277,6.897237611178042,0.03797829187818915,52207825.0,0.9735590402396576,0.10418024156946593,0.015637885184439277,0.41175851811861186,0.025047412272302175,True,1,0.003617461857561851,64.99706480103917,0.019812164957633938,0.0036429391186030167,73.00168545943114,0.022068585676327634,Technology,1,0.5005387985846522,1.0-2.0%,0.8-1.2,<0.5x
2024-07-15,BAC,40.451541900634766,40.77986681395596,40.268067622254115,40.41291457349,36648100.0,40.161842346191406,31856600.0,65.04456484787002,0.7255123284989422,0.01806471730666866,33691240.0,0.9455454889757694,0.037277481467313134,0.006251511699447784,0.3460619722590408,-0.0009558164154313446,True,0,0.003617461857561851,64.99706480103917,0.019812164957633938,0.0036429391186030167,73.00168545943114,0.022068585676327634,Unknown,0,0.6144583072477402,0.5-1.0%,0.8-1.2,<0.5x
2024-07-15,CRM,250.54029846191406,254.0379286467674,249.80708167526035,253.67129757522991,4404300.0,251.64010620117188,4705500.0,52.16081417282479,6.604630646654105,0.026246335476325384,8453945.0,0.5566040469863478,0.03022748306534284,0.008071810987212897,0.3075404943480129,0.012342740953525924,True,1,0.003617461857561851,64.99706480103917,0.019812164957633938,0.0036429391186030167,73.00168545943114,0.022068585676327634,Unknown,0,0.5906176944500093,0.5-1.0%,<0.8,<0.5x
2024-07-15,TSLA,252.63999938964844,265.6000061035156,251.72999572753906,255.97000122070312,146912900.0,248.22999572753906,155955800.0,69.30139028645942,12.192731213994094,0.04911868599223205,118592780.0,1.3150530749005125,0.17978098344753635,0.031180782445243273,0.6348048978788725,0.013009344123038405,True,1,0.003617461857561851,64.99706480103917,0.019812164957633938,0.0036429391186030167,73.00168545943114,0.022068585676327634,Consumer Cyclical,0,0.550448237205164,>2.0%,1.2-2.0,0.5-1.0x
2024-07-15,JPM,203.52476501464844,205.03630099143194,200.29821024046566,200.75361079562126,10719700.0,198.573486328125,15443400.0,57.97981612368845,3.364831726938813,0.016945020149259644,9720005.0,1.5888263431963254,0.028198625672579913,0.010978930308418892,0.6479148570914257,-0.01380375779067992,True,0,0.003617461857561851,64.99706480103917,0.019812164957633938,0.0036429391186030167,73.00168545943114,0.022068585676327634,Unknown,0,0.5538367239715479,1.0-2.0%,1.2-2.0,0.5-1.0x
2024-07-15,INTC,34.242774963378906,35.00792159998404,34.093722786783545,34.48126375284248,39847900.0,34.27259063720703,62792600.0,66.72401603518982,1.0006748431330255,0.029197525618231853,46314825.0,1.3557775507086554,0.08695647893834857,0.006088629769612719,0.20853238898472914,0.006916474731698717,True,1,0.003617461857561851,64.99706480103917,0.019812164957633938,0.0036429391186030167,73.00168545943114,0.022068585676327634,Unknown,0,0.5919096821054738,0.5-1.0%,1.2-2.0,<0.5x
2024-07-16,TSLA,256.55999755859375,258.6199951171875,245.8000030517578,255.30999755859375,126332500.0,252.63999938964844,146912900.0,70.75427788215322,12.562536868421413,0.049725051055934034,119989220.0,1.2243841571767864,0.15701579361510798,0.010568390497924898,0.2125365439250504,-0.004896008820465891,True,0,0.0029628203970805734,65.96841191452826,0.01992476210456018,0.0023861080755830585,74.25710885176254,0.021614035315228985,Consumer Cyclical,0,0.5428537647816538,1.0-2.0%,1.2-2.0,<0.5x
2024-07-17,INTC,34.242774963378906,36.925755839253235,34.18315560900105,35.85256576329393,112304200.0,34.12353515625,28409900.0,65.28349491798762,0.9674687004542531,0.028351948179585182,46632060.0,0.6092353629670231,0.11490504815861446,0.05066973861666984,1.7871695551826163,0.044900295575585794,True,1,-0.016238762269953615,66.11308863837823,0.0005037143379689191,-0.010728232948017079,76.77217553827516,0.012807041864746793,Unknown,0,0.5830302687098601,>2.0%,<0.8,1.0-2.0x
2024-07-18,NVDA,121.0381851196289,122.34762979092075,116.51012460742739,121.79786207097416,320979500.0,117.93951416015625,390086200.0,43.78810544822375,5.587492153625535,0.047375912928028396,321435995.0,1.2135734829573148,-0.03382990125772878,0.03271463290563042,0.6905330342726944,0.00623719446653814,True,1,0.007804457999791804,48.93382288239336,-0.004578499659705471,0.0028191405442182745,61.405510532854265,0.011372058048356948,Technology,1,0.5002911257561687,>2.0%,1.2-2.0,0.5-1.0x
2024-07-18,AMD,155.77000427246094,163.41000366210938,153.1999969482422,163.41000366210938,69420300.0,159.42999267578125,76954200.0,41.455641802076904,7.601076631558826,0.04767657894218478,54047115.0,1.4238354813203258,-0.028492421254921463,0.02496400407181805,0.523611480221573,0.0467535598704595,True,1,0.007804457999791804,48.93382288239336,-0.004578499659705471,0.0028191405442182745,61.405510532854265,0.011372058048356948,Technology,1,0.5002911257561687,>2.0%,1.2-2.0,0.5-1.0x
2024-07-18,INTC,34.65019226074219,36.07117841001198,34.31233533453851,34.73962508799172,84188600.0,34.242774963378906,112304200.0,65.92642401291974,1.0985224134934661,0.032080414471907896,50435505.0,2.2266893134112564,0.0757915860184597,0.01450963378827129,0.4522894740333562,0.002574375141441734,True,1,0.007804457999791804,48.93382288239336,-0.004578499659705471,0.0028191405442182745,61.405510532854265,0.011372058048356948,Unknown,0,0.5149028103556046,1.0-2.0%,>2.0,<0.5x
2024-07-18,AMZN,183.75,189.67999267578125,181.4499969482422,189.58999633789062,51043600.0,187.92999267578125,48076100.0,43.44912535296168,4.3212669587127985,0.022994025047230714,46055220.0,1.0438794994356775,-0.022180063194156552,0.008833095976187422,0.3841474451751646,0.030803293690045128,True,1,0.007804457999791804,48.93382288239336,-0.004578499659705471,0.0028191405442182745,61.405510532854265,0.011372058048356948,Consumer Cyclical,0,0.5271732809137006,0.5-1.0%,0.8-1.2,<0.5x
2024-07-18,GOOGL,176.55990600585938,181.33931230427376,175.3476639106666,180.77293018820677,25315700.0,179.86871337890625,20734100.0,47.73091708254436,3.493138332803252,0.01942048879531766,21489135.0,0.964864337256944,-0.01352853042074953,0.0050270933299874365,0.258855139176491,0.023305614275108126,True,1,0.007804457999791804,48.93382288239336,-0.004578499659705471,0.0028191405442182745,61.405510532854265,0.011372058048356948,Unknown,0,0.5115894323909089,0.5-1.0%,0.8-1.2,<0.5x
2024-07-19,JNJ,147.779052734375,149.51773460888822,147.23451112796698,149.51773460888822,7398000.0,148.4764404296875,10166200.0,70.07468950455218,2.2110641243218048,0.014891683272598903,7155110.0,1.4208307070052033,0.05083282844659176,0.00701319466029248,0.4709470737399409,0.011628599637770737,True,1,-0.0007091393810069887,46.88084535344231,-0.01689317827435688,-0.00043417599788031703,54.998863214573596,0.00022370707011232227,Unknown,0,0.5595569430872234,0.5-1.0%,1.2-2.0,<0.5x
2024-07-19,KO,62.51298141479492,62.84809318996929,62.06297104317984,62.84809318996929,13775700.0,62.417240142822266,11128200.0,67.7444748480817,0.7798091880818216,0.012493490360955933,11820700.0,0.9414163289822092,0.029881284706025024,0.006902789135840561,0.5525108625699054,0.005332091367695676,True,1,-0.0007091393810069887,46.88084535344231,-0.01689317827435688,-0.00043417599788031703,54.998863214573596,0.00022370707011232227,Unknown,0,0.7304892773899595,0.5-1.0%,0.8-1.2,0.5-1.0x
2024-07-19,GOOGL,176.53009033203125,179.14335328560048,176.0034623321631,177.74233237445245,18881900.0,176.55990600585938,25315700.0,42.3943385540475,3.6716033371463888,0.020795227071680373,21661425.0,1.168699658494305,-0.02962968901160501,0.006697026495663346,0.3220463269085231,0.006820221307028574,True,1,-0.0007091393810069887,46.88084535344231,-0.01689317827435688,-0.00043417599788031703,54.998863214573596,0.00022370707011232227,Unknown,0,0.6414520392314381,0.5-1.0%,0.8-1.2,<0.5x
2024-07-19,PFE,27.13736915588379,27.164534311942578,26.75706560643361,27.110205726899576,30021200.0,26.901941299438477,47279700.0,64.32604187800902,0.5835169121525214,0.02169051317366086,31678745.0,1.4924738969299447,0.052465125059932394,0.00774161333351234,0.3569124101182219,-0.001001963218496012,True,0,-0.0007091393810069887,46.88084535344231,-0.01689317827435688,-0.00043417599788031703,54.998863214573596,0.00022370707011232227,Unknown,0,0.5871695575112008,0.5-1.0%,1.2-2.0,<0.5x
2024-07-19,MA,439.9087829589844,447.3944281686681,439.7898104654134,447.37460950557323,2121700.0,444.89593505859375,3339900.0,53.068636275880195,7.117718490514486,0.015998614349166995,2954740.0,1.1303532628928434,0.012143344329597738,0.005571357820235053,0.348240022457016,0.016688087316443584,True,1,-0.0007091393810069887,46.88084535344231,-0.01689317827435688,-0.00043417599788031703,54.998863214573596,0.00022370707011232227,Unknown,0,0.6682691790609487,0.5-1.0%,0.8-1.2,<0.5x
2024-07-19,ABBV,165.1792449951172,166.64584221230632,164.1248220033234,166.4732936197943,4293600.0,164.04812622070312,5957800.0,56.91329547808687,3.3236594692845762,0.020260270847672294,6192935.0,0.9620317345491274,0.030655975632918775,0.014783267904129952,0.729667831949463,0.007773310640639899,True,1,-0.0007091393810069887,46.88084535344231,-0.01689317827435688,-0.00043417599788031703,54.998863214573596,0.00022370707011232227,Unknown,0,0.6548779513552813,1.0-2.0%,0.8-1.2,0.5-1.0x
2024-07-19,JPM,203.2631378173828,205.75330730910804,202.42985331170013,204.63902343657583,8095900.0,203.45692443847656,12415100.0,58.78662483791207,4.012780996667432,0.019723000373383013,10372710.0,1.1969003278795995,0.029094805459627393,0.005810070123500363,0.2945834818997057,0.006723476275869956,True,1,-0.0007091393810069887,46.88084535344231,-0.01689317827435688,-0.00043417599788031703,54.998863214573596,0.00022370707011232227,Unknown,0,0.5572751104009449,0.5-1.0%,0.8-1.2,<0.5x
2024-07-19,NFLX,63.33399963378906,67.89700317382812,62.9119987487793,66.06400299072266,98156000.0,64.30400085449219,75758000.0,40.117695714093976,1.5274391473173836,0.023753407673244003,32228200.0,2.350674254224561,-0.0142790605785037,0.027370025392557163,1.1522567948592464,0.04132361397048506,True,1,-0.0007091393810069887,46.88084535344231,-0.01689317827435688,-0.00043417599788031703,54.998863214573596,0.00022370707011232227,Unknown,0,0.6946347547035185,>2.0%,>2.0,1.0-2.0x
2024-07-19,CRM,245.35829162597656,246.70581583462027,242.92085257254473,246.3689234433536,4468900.0,245.0808563232422,6351600.0,45.17422276508587,6.301302960782569,0.025711118588845023,7507830.0,0.8459967793623457,-0.012446963239063469,0.0052556823059755784,0.20441282193983573,0.0041021075355285284,True,1,-0.0007091393810069887,46.88084535344231,-0.01689317827435688,-0.00043417599788031703,54.998863214573596,0.00022370707011232227,Unknown,0,0.6145484335771958,0.5-1.0%,0.8-1.2,<0.5x
2024-07-19,MRK,119.45132446289062,120.61003294304518,118.89096948260627,119.00494330308022,6848800.0,118.00768280029297,9501400.0,40.46789733437872,2.5283519770287985,0.021425316699994736,10562515.0,0.8995395509497501,-0.018982258678588604,0.008450809973745034,0.3944310411872283,-0.0037509463676106505,True,0,-0.0007091393810069887,46.88084535344231,-0.01689317827435688,-0.00043417599788031703,54.998863214573596,0.00022370707011232227,Unknown,0,0.6585476905215406,0.5-1.0%,0.8-1.2,<0.5x
2024-07-19,WMT,69.72553253173828,70.29713587505519,69.62698204607814,70.16901347666892,11665500.0,69.79451751708984,10682700.0,66.91823423962892,0.9406632108536461,0.013477608905646721,13479345.0,0.7925236723297757,0.02918427496811593,0.005365693078792042,0.3981190666946846,0.006320182128228125,True,1,-0.0007091393810069887,46.88084535344231,-0.01689317827435688,-0.00043417599788031703,54.998863214573596,0.00022370707011232227,Unknown,0,0.6390410215196594,0.5-1.0%,<0.8,<0.5x
2024-07-19,AVGO,155.01429748535156,161.51631785090515,154.78770078959985,159.43763815837224,26309500.0,158.13723754882812,37973500.0,48.081050418981796,6.350825247666231,0.04016021366065208,45776250.0,0.829545888970809,-0.023980267829488255,0.008223240962727627,0.20476088678742616,0.0277433906078494,True,1,-0.0007091393810069887,46.88084535344231,-0.01689317827435688,-0.00043417599788031703,54.998863214573596,0.00022370707011232227,Unknown,0,0.6070535199749904,0.5-1.0%,0.8-1.2,<0.5x
2024-07-22,INTC,33.15964889526367,33.19939766232487,32.55349346485917,33.07021606470152,48503700.0,32.7721061706543,69628700.0,51.72000999212197,1.2118432664261856,0.03697788784510065,54270320.0,1.282997778527932,0.017114919453873778,0.009096452101518089,0.24599707099612814,-0.0027043316072437634,True,0,0.01245700172546544,43.23930539681822,-0.012549370050516373,0.007304129545175195,50.16565006488357,0.0008152368513232311,Unknown,0,0.5177449174582662,0.5-1.0%,1.2-2.0,<0.5x
2024-07-23,CRM,253.7109375,254.96927580487193,251.4221315490454,254.23607414161268,3905500.0,251.7490997314453,5647600.0,52.53798636154968,6.246956043655988,0.024814214034210892,6487195.0,0.8705765743129349,0.013972725363121885,0.009878781742696822,0.39810979824213377,0.002065547320087109,True,1,-0.0018867839585814945,50.18169372070094,-0.012908453008985799,-0.00019847874332378328,56.5128034784737,0.0023822193618510124,Unknown,0,0.6321045481397326,0.5-1.0%,0.8-1.2,<0.5x
2024-07-23,TSLA,246.3800048828125,255.75999450683594,245.6300048828125,253.60000610351562,111928200.0,251.50999450683594,101225400.0,63.95987552729494,12.505644041400563,0.04972225483890528,128128150.0,0.790032479201487,0.07070181133681763,0.00830985504483752,0.167125466690128,0.028470035674037136,True,1,-0.0018867839585814945,50.18169372070094,-0.012908453008985799,-0.00019847874332378328,56.5128034784737,0.0023822193618510124,Consumer Cyclical,0,0.5615074640210549,0.5-1.0%,<0.8,<0.5x
2024-07-23,AMZN,186.41000366210938,189.38999938964844,183.55999755859375,184.10000610351562,47537700.0,182.5500030517578,39931900.0,36.55140353473259,4.470703972682596,0.024490297989285884,45149160.0,0.8844439187794413,-0.04636101474480392,0.008490841007098451,0.34670223330124683,-0.012547514839814216,True,0,-0.0018867839585814945,50.18169372070094,-0.012908453008985799,-0.00019847874332378328,56.5128034784737,0.0023822193618510124,Consumer Cyclical,0,0.6412066599449685,0.5-1.0%,0.8-1.2,<0.5x
2024-07-23,META,486.29730224609375,492.79532916331743,485.3320502981374,487.4416655984561,9455500.0,485.01361083984375,12023100.0,45.64689353838457,15.073550359907328,0.031078613100787314,13893430.0,0.8653802552717363,-0.02953454780671083,0.005006157980614105,0.1610804820787606,0.0023476929305117082,True,1,-0.0018867839585814945,50.18169372070094,-0.012908453008985799,-0.00019847874332378328,56.5128034784737,0.0023822193618510124,Unknown,0,0.6410075978217497,0.5-1.0%,0.8-1.2,<0.5x
2024-07-23,KO,62.19701385498047,63.23107927672043,62.09169197101314,62.64702421286111,11810300.0,62.015098571777344,11794200.0,61.613590938298316,0.7907997520927712,0.012751729341806753,11019975.0,1.0702565114712148,0.024087866315709805,0.010189867558661808,0.7990969134871896,0.007183267897156691,True,1,-0.0018867839585814945,50.18169372070094,-0.012908453008985799,-0.00019847874332378328,56.5128034784737,0.0023822193618510124,Unknown,0,0.5732630402500523,1.0-2.0%,0.8-1.2,0.5-1.0x
2024-07-23,HD,346.92706298828125,352.5319943501072,346.6955433055938,352.5319943501072,2535700.0,350.428955078125,4049300.0,61.96322114515131,7.029763404287501,0.02006045248949328,3440670.0,1.176892872609114,0.04449290565610964,0.00600132849043066,0.2991621696257287,0.015899071436505045,True,1,-0.0018867839585814945,50.18169372070094,-0.012908453008985799,-0.00019847874332378328,56.5128034784737,0.0023822193618510124,Unknown,0,0.5360147729188842,0.5-1.0%,0.8-1.2,<0.5x
2024-07-25,ADBE,532.1500244140625,542.280029296875,527.5900268554688,536.7999877929688,2136500.0,531.0399780273438,2630100.0,43.88087976949934,12.118157190834689,0.022819670255053215,2700545.0,0.9739145246607629,-0.03911389414462396,0.010846659392804532,0.47532060154999983,0.008662376089135889,True,1,0.0007336271132177194,36.441888719980874,-0.0459094698253143,0.00022163594983630618,41.904374291994664,-0.02070565708527472,Technology,1,0.5811840213028162,1.0-2.0%,0.8-1.2,<0.5x
2024-07-26,DIS,88.55394744873047,89.16446329942077,87.97297135469942,88.62287605182016,11301900.0,87.8449478149414,10765300.0,18.917753615473735,1.6919648240372887,0.019260809712149492,10689565.0,1.0070849468617291,-0.0595811745527709,0.008855696955020947,0.45977802010238844,0.0007777743869357577,True,0,0.009557864514731168,33.7403612511213,-0.04571447135190032,0.0071878043563637535,39.57831830676687,-0.018399168515090714,Unknown,0,0.6263597295004242,0.5-1.0%,0.8-1.2,<0.5x
2024-07-26,MRK,118.96695709228516,122.26261868934264,118.76750833253895,120.8474781105178,6467000.0,119.52730560302734,7357100.0,46.57116800860546,2.3092408324407123,0.019319776521275693,9455310.0,0.7780918869925999,0.007394752492228873,0.011044944925597131,0.5716911328365525,0.015561110977532044,True,1,0.009557864514731168,33.7403612511213,-0.04571447135190032,0.0071878043563637535,39.57831830676687,-0.018399168515090714,Unknown,0,0.656683040125388,1.0-2.0%,<0.8,0.5-1.0x
2024-07-26,META,463.41986083984375,467.4699103049838,457.1706100687651,461.9272051107502,14222400.0,451.19000244140625,18240500.0,34.84521088096091,15.888856802332178,0.0352154451923956,14437175.0,1.263439696478016,-0.06499887334204157,0.02379751903021908,0.6757693648398886,-0.0032313657056324873,True,0,0.009557864514731168,33.7403612511213,-0.04571447135190032,0.0071878043563637535,39.57831830676687,-0.018399168515090714,Unknown,0,0.6610425096799468,>2.0%,1.2-2.0,0.5-1.0x
2024-07-26,AVGO,149.37924194335938,151.3002935593994,147.69461819865296,151.2214792581912,20839900.0,147.04440307617188,30872100.0,39.598132230782866,6.781853320699313,0.046121125175952335,36721185.0,0.8407163330921918,-0.066943466715644,0.028406903592621116,0.6159195701372989,0.012182378613599271,True,1,0.009557864514731168,33.7403612511213,-0.04571447135190032,0.0071878043563637535,39.57831830676687,-0.018399168515090714,Unknown,0,0.7195702329978584,>2.0%,0.8-1.2,0.5-1.0x
2024-07-26,ABBV,177.4871368408203,179.1071070754643,174.5635232185171,175.8479912930771,6948800.0,174.62106323242188,9442200.0,71.19268591751502,3.9014284690495327,0.022342255835750488,5798335.0,1.6284329898151797,0.07561205752744216,0.007026231761183137,0.3144817521040226,-0.00932137771770929,True,0,0.009557864514731168,33.7403612511213,-0.04571447135190032,0.0071878043563637535,39.57831830676687,-0.018399168515090714,Unknown,0,0.5668385110525985,0.5-1.0%,1.2-2.0,<0.5x
2024-07-26,INTC,31.152381896972656,31.361057227049322,30.824462167334016,31.23187753157216,38352500.0,30.90395736694336,49774000.0,40.276418329753646,1.1297913201390068,0.03655814388831303,54194680.0,0.9184296318384019,-0.04646330177942215,0.010610944117453459,0.29024843684270263,0.0025453363960953514,True,1,0.009557864514731168,33.7403612511213,-0.04571447135190032,0.0071878043563637535,39.57831830676687,-0.018399168515090714,Unknown,0,0.6437261500528225,1.0-2.0%,0.8-1.2,<0.5x
2024-07-26,CRM,260.2999267578125,262.0635960774059,254.71168305209508,255.80159785355485,6127300.0,254.16668701171875,7155800.0,54.27995092058741,6.702728133357069,0.02637138726621569,6395055.0,1.1189583201395452,0.014737595096238731,0.006432435584135865,0.24391722434626864,-0.01758522597983504,True,0,0.009557864514731168,33.7403612511213,-0.04571447135190032,0.0071878043563637535,39.57831830676687,-0.018399168515090714,Unknown,0,0.5543294405645431,0.5-1.0%,0.8-1.2,<0.5x
2024-07-26,PFE,28.254966735839844,28.355974524208243,27.557086304678887,27.685642627028777,35657100.0,27.3275203704834,42296200.0,65.52240624806906,0.5887105357200604,0.021542771818987637,31721065.0,1.3333789392001814,0.055227357265013044,0.013104820770061096,0.608316370807521,-0.020563875524971572,True,0,0.009557864514731168,33.7403612511213,-0.04571447135190032,0.0071878043563637535,39.57831830676687,-0.018399168515090714,Unknown,0,0.6020455772271798,1.0-2.0%,1.2-2.0,0.5-1.0x
2024-07-26,NFLX,63.137001037597656,64.6989974975586,62.97700119018555,64.5,31207000.0,63.409000396728516,45545000.0,39.072709115467575,1.8425656208246555,0.02905842402965431,37286600.0,1.2214843938573108,-0.022183549485950138,0.01720575307047062,0.5921089544605735,0.021131766858951066,True,1,0.009557864514731168,33.7403612511213,-0.04571447135190032,0.0071878043563637535,39.57831830676687,-0.018399168515090714,Unknown,0,0.6539253247246489,1.0-2.0%,1.2-2.0,0.5-1.0x
2024-07-26,AAPL,216.4896240234375,218.0093012590926,214.55276681781487,217.22462220056258,41601300.0,216.02279663085938,51391200.0,47.39294399734281,5.351536482310067,0.02477301731934706,55791100.0,0.9211361668796636,-0.026574476113613854,0.005563420104022112,0.2245757968157246,0.0033835859382757147,True,1,0.009557864514731168,33.7403612511213,-0.04571447135190032,0.0071878043563637535,39.57831830676687,-0.018399168515090714,Unknown,0,0.6567700474474859,0.5-1.0%,0.8-1.2,<0.5x
2024-07-26,V,256.6266784667969,258.34769812586956,252.79894384367867,252.79894384367867,7062200.0,250.96914672851562,8573300.0,32.339227351308374,4.807635607213594,0.019156281438906214,8084800.0,1.0604220265188997,-0.03504149920700883,0.007290924557919538,0.3806022886629627,-0.015141418571294073,True,0,0.009557864514731168,33.7403612511213,-0.04571447135190032,0.0071878043563637535,39.57831830676687,-0.018399168515090714,Financial Services,0,0.646417347036262,0.5-1.0%,0.8-1.2,<0.5x
2024-07-26,MA,434.44573974609375,437.0235881049119,428.4274621745168,428.5960267156036,2039600.0,425.9388427734375,2384300.0,36.91455607444341,7.523257665594606,0.017662764956133212,2825015.0,0.8439955186078658,-0.021254096072758966,0.006238416587846874,0.35319592393039506,-0.013648547036978795,True,0,0.009557864514731168,33.7403612511213,-0.04571447135190032,0.0071878043563637535,39.57831830676687,-0.018399168515090714,Unknown,0,0.6546640332383786,0.5-1.0%,0.8-1.2,<0.5x
2024-07-29,MSFT,421.9983215332031,427.3582063126635,419.9908318898155,426.7945193727036,15125800.0,420.55450439453125,23583800.0,37.96060617435142,8.662187178699817,0.020597061946038824,18905335.0,1.247467976631993,-0.03676362866171334,0.0148375892136883,0.7203740636679412,0.011237721249443017,True,1,0.005918159642000983,38.27297154957814,-0.03810531804369921,0.0029022138929320584,46.42619651874904,-0.011983272032205172,Technology,1,0.5872875319674682,1.0-2.0%,1.2-2.0,0.5-1.0x
2024-07-29,AMD,139.75,144.58999633789062,138.75,141.19000244140625,47447200.0,139.99000549316406,49435800.0,31.886521753215973,7.0314141833286135,0.05022797276532694,53452330.0,0.9248577190180484,-0.13360700676007808,0.008572018723870865,0.17066224758703077,0.010199039708947168,True,1,0.005918159642000983,38.27297154957814,-0.03810531804369921,0.0029022138929320584,46.42619651874904,-0.011983272032205172,Technology,1,0.6199302759739395,0.5-1.0%,0.8-1.2,<0.5x
2024-07-29,NVDA,111.5422592163086,116.23025532001331,111.25238998649994,113.64136695751597,248152100.0,113.0116195678711,293399100.0,40.94118418997654,5.853804160259587,0.05179825032720625,275639785.0,1.0644294327830797,-0.07697798940919043,0.00557241274882067,0.10757916944337102,0.018471334844045947,True,1,0.005918159642000983,38.27297154957814,-0.03810531804369921,0.0029022138929320584,46.42619651874904,-0.011983272032205172,Technology,1,0.6298484389187256,0.5-1.0%,0.8-1.2,<0.5x
2024-07-29,TSLA,232.10000610351562,234.27000427246094,224.6999969482422,224.89999389648438,129201800.0,219.8000030517578,94604100.0,46.75216549651106,12.987733235306646,0.059088867402100696,137214665.0,0.6894605616680987,-0.0690801540486583,0.023202869763043782,0.3926775174949264,-0.032014283692445224,True,0,0.005918159642000983,38.27297154957814,-0.03810531804369921,0.0029022138929320584,46.42619651874904,-0.011983272032205172,Consumer Cyclical,0,0.5575276661394161,>2.0%,<0.8,<0.5x
2024-07-29,DIS,90.7301254272461,91.13385544607864,88.8099662252846,89.00690293376387,13024800.0,88.55394744873047,11301900.0,23.41581520181084,1.6653612997831515,0.018806178016483516,10836400.0,1.042957070613857,-0.051286021141673244,0.005115023080090746,0.27198631617798447,-0.019360548863997587,True,0,0.005918159642000983,38.27297154957814,-0.03810531804369921,0.0029022138929320584,46.42619651874904,-0.011983272032205172,Unknown,0,0.5407676627719524,0.5-1.0%,0.8-1.2,<0.5x
2024-07-29,META,463.4298095703125,471.63941640526457,462.7431854783001,467.57940602342404,11339600.0,463.41986083984375,14222400.0,40.654174695725764,15.916789020992562,0.03434636787501291,14642235.0,0.9713271232158205,-0.0504174762043601,0.008975759424816314,0.2613306727942609,0.008874634767177198,True,1,0.005918159642000983,38.27297154957814,-0.03810531804369921,0.0029022138929320584,46.42619651874904,-0.011983272032205172,Unknown,0,0.5315978089382881,0.5-1.0%,0.8-1.2,<0.5x
2024-07-30,MA,443.63671875,444.905809023683,439.23455524433433,439.98805773785,2266900.0,437.53912353515625,2248600.0,48.417801185817375,7.753252038930522,0.01772013431916003,2668485.0,0.8426504177463991,0.003227654910390676,0.0055970633732299315,0.3158589699389617,-0.008292636465883161,True,0,0.004203546798497857,39.15976098117629,-0.036036135651797196,0.002753621082896571,46.77104504340926,-0.011518498582795855,Unknown,0,0.550887401907911,0.5-1.0%,0.8-1.2,<0.5x
2024-07-30,AVGO,141.3896026611328,151.19190250165332,141.22212793395354,151.0047204441328,31102300.0,147.99014282226562,16625800.0,41.033890593357505,6.541551796126256,0.04420261830534605,33543170.0,0.4956538097025415,-0.06172117028122792,0.020370124417594806,0.46083524457489333,0.06367428617277757,True,1,0.004203546798497857,39.15976098117629,-0.036036135651797196,0.002753621082896571,46.77104504340926,-0.011518498582795855,Unknown,0,0.531107589556923,>2.0%,<0.8,<0.5x
2024-07-30,V,260.2269592285156,261.41383714159866,258.1597856093937,260.3555444605731,5941800.0,258.7433166503906,6068100.0,44.43542406524545,4.926531914054839,0.01904022866303241,7516995.0,0.8072507697557335,-0.0067578329122756076,0.006230993059275485,0.3272541086322814,0.0004938832100692038,True,0,0.004203546798497857,39.15976098117629,-0.036036135651797196,0.002753621082896571,46.77104504340926,-0.011518498582795855,Financial Services,0,0.5586700937636643,0.5-1.0%,0.8-1.2,<0.5x
2024-07-30,NFLX,62.257999420166016,63.46900177001953,61.70000076293945,63.016998291015625,34966000.0,62.69599914550781,24005000.0,36.11917553539507,1.7792423449890464,0.028378881734697256,37138600.0,0.6463625446301153,-0.037002030313634804,0.005119930296713553,0.18041339135832485,0.012044351388247897,True,1,0.004203546798497857,39.15976098117629,-0.036036135651797196,0.002753621082896571,46.77104504340926,-0.011518498582795855,Unknown,0,0.505903395816611,0.5-1.0%,<0.8,<0.5x
2024-07-30,AMZN,181.7100067138672,185.86000061035156,179.3800048828125,184.72000122070312,39508600.0,183.1999969482422,33270100.0,42.432436869830475,4.620873006901078,0.025223106353034336,39344260.0,0.8456150909942136,-0.02936292198449786,0.0082969666909458,0.32894309585891573,0.01629490302590244,True,1,0.004203546798497857,39.15976098117629,-0.036036135651797196,0.002753621082896571,46.77104504340926,-0.011518498582795855,Consumer Cyclical,0,0.5087538290230376,0.5-1.0%,0.8-1.2,<0.5x
2024-07-30,ADBE,538.7100219726562,543.6699829101562,530.9500122070312,541.8499755859375,1566900.0,536.6099853515625,1590600.0,47.51447932358247,12.143387188924322,0.02262981964632754,2353885.0,0.6757339462208222,-0.026059280263965867,0.009764988310722538,0.43150977176732563,0.005794876358323749,True,1,0.004203546798497857,39.15976098117629,-0.036036135651797196,0.002753621082896571,46.77104504340926,-0.011518498582795855,Technology,1,0.548410444997957,0.5-1.0%,<0.8,<0.5x
2024-07-31,MRK,107.44635009765625,111.91971899075591,106.58207223420388,110.17216400534794,22733000.0,109.45984649658203,35509400.0,29.748486690466475,3.198500896363855,0.029220769064971515,7985300.0,4.4468460796713964,-0.07338997968090588,0.006507569045313333,0.22270355139674614,0.024741402987776225,True,1,0.022599533904322792,35.407355243874235,-0.029100913238016668,0.0128779309022819,44.13302404875375,-0.0062110972934137365,Unknown,0,0.5634282857122567,0.5-1.0%,>2.0,<0.5x
2024-08-01,ABBV,181.84861755371094,183.05639917347006,179.03044581445928,179.98900683453235,6595500.0,177.64053344726562,6473900.0,68.156443507052,4.135174692342253,0.023278328499108124,4993735.0,1.2964043947065673,0.0763466257009422,0.0132203689197088,0.5679260398879292,-0.010331801657687736,True,0,0.0014647752741638784,47.02690937127651,-0.019392472478462652,0.0031954310797561035,53.205899364992284,2.174134918897508e-05,Unknown,0,0.6739589165330222,1.0-2.0%,1.2-2.0,0.5-1.0x
2024-08-01,AAPL,216.8869171142578,222.96562598955987,215.5559605569344,222.85636745689294,62501000.0,220.5818328857422,50036300.0,54.30565981788739,5.027035251907637,0.022789887934749183,51732535.0,0.9672114463364303,-0.0043421960155991535,0.010311522673442127,0.4524604378470636,0.02678608832565575,True,1,0.0014647752741638784,47.02690937127651,-0.019392472478462652,0.0031954310797561035,53.205899364992284,2.174134918897508e-05,Unknown,0,0.6222942176836498,1.0-2.0%,0.8-1.2,<0.5x
2024-08-01,AMZN,184.07000732421875,190.60000610351562,181.8699951171875,189.2899932861328,70435600.0,186.97999572753906,41667300.0,49.56955344286579,4.859119504131822,0.025987376271055046,39063455.0,1.0666568023744956,0.0010497203442987324,0.012354249713214244,0.4753942677535519,0.027576660927994618,True,1,0.0014647752741638784,47.02690937127651,-0.019392472478462652,0.0031954310797561035,53.205899364992284,2.174134918897508e-05,Consumer Cyclical,0,0.7668616661357852,1.0-2.0%,0.8-1.2,<0.5x
2024-08-01,META,495.302978515625,524.5888774106356,489.6906086164732,518.4491036879097,43083100.0,472.5050964355469,24285800.0,45.44811866750463,15.295846018667074,0.03237181172024361,15296885.0,1.5876304227952291,0.06031483986109154,0.09723494539837176,3.0036917994789336,0.04464493237164107,True,1,0.0014647752741638784,47.02690937127651,-0.019392472478462652,0.0031954310797561035,53.205899364992284,2.174134918897508e-05,Unknown,0,0.8608270998833115,>2.0%,1.2-2.0,>2.0x
2024-08-01,PFE,28.144777297973633,28.291699325026485,27.465262484992017,28.209055465878166,39753100.0,28.04376792907715,40978700.0,63.87849291091924,0.6917515980605625,0.024666856458447607,36642035.0,1.1183521875900178,0.049797599629334055,0.005893913300774357,0.2389405926410976,0.0022786359501573536,True,1,0.0014647752741638784,47.02690937127651,-0.019392472478462652,0.0031954310797561035,53.205899364992284,2.174134918897508e-05,Unknown,0,0.6282491999575013,0.5-1.0%,0.8-1.2,<0.5x
2024-08-01,MSFT,412.4849853515625,422.72022849108816,408.5095707902921,416.1242037023935,30296400.0,413.71124267578125,42891400.0,34.656345739523275,8.912462862839744,0.021542713717896945,20440330.0,2.098371210249541,-0.0481446594953836,0.005832476320937847,0.2707400932544736,0.00874550991855724,True,1,0.0014647752741638784,47.02690937127651,-0.019392472478462652,0.0031954310797561035,53.205899364992284,2.174134918897508e-05,Technology,1,0.5344646980425988,0.5-1.0%,>2.0,<0.5x
2024-08-02,AMD,132.5,137.10000610351562,131.3300018310547,133.5,78562000.0,132.5399932861328,94731900.0,31.241749705513854,8.256128535985974,0.062291602189554235,60143670.0,1.575093438760887,-0.15210640342366955,0.007243147446029255,0.11627807266841932,0.00749063670411985,True,1,-0.019079157069381736,40.42710299780674,-0.05715128650306278,-0.013369904697505576,46.07191464622542,-0.027915958293185494,Technology,1,0.6441442785647702,0.5-1.0%,1.2-2.0,<0.5x
2024-08-02,CSCO,44.90171813964844,45.95064398156289,44.60339850115857,45.88328207463754,24000200.0,45.604209899902344,18837500.0,51.56560944220899,0.7867906882067836,0.01725258895908354,18794180.0,1.0023049688786636,0.008278937352784288,0.00611943887083538,0.35469684494010256,0.021392626913489126,True,1,-0.019079157069381736,40.42710299780674,-0.05715128650306278,-0.013369904697505576,46.07191464622542,-0.027915958293185494,Unknown,0,0.6066243555740533,0.5-1.0%,0.8-1.2,<0.5x
2024-08-02,PFE,27.942760467529297,28.760014477118105,27.557089701491556,28.355978019495534,42364700.0,28.144777297973633,39753100.0,64.62819975149459,0.70137197248727,0.02492014646489199,37870685.0,1.0497063889919076,0.04961535613494217,0.007504082170765929,0.3011251230540652,0.01457250219626136,True,1,-0.019079157069381736,40.42710299780674,-0.05715128650306278,-0.013369904697505576,46.07191464622542,-0.027915958293185494,Unknown,0,0.5332049620136705,0.5-1.0%,0.8-1.2,<0.5x
2024-08-02,KO,66.38114929199219,66.70668437158508,64.81090493243896,65.61517322664903,22514800.0,65.06941223144531,16495900.0,71.03936755026041,0.932918943368777,0.01433728861804497,12300750.0,1.3410483100623947,0.05022797603592921,0.008387366298353903,0.5850036587669394,-0.011673764278535179,True,0,-0.019079157069381736,40.42710299780674,-0.05715128650306278,-0.013369904697505576,46.07191464622542,-0.027915958293185494,Unknown,0,0.5650517060068175,0.5-1.0%,1.2-2.0,0.5-1.0x
2024-08-02,ABBV,181.4459991455078,185.87456076241548,178.73328447814075,183.0659695212042,6303900.0,181.84861755371094,6595500.0,72.04586866720203,4.226652623332408,0.02324269868086306,5147130.0,1.2813937087269993,0.08628092370094387,0.006694315215971956,0.28801798396516404,0.008849107127519726,True,1,-0.019079157069381736,40.42710299780674,-0.05715128650306278,-0.013369904697505576,46.07191464622542,-0.027915958293185494,Unknown,0,0.6110076542610712,0.5-1.0%,1.2-2.0,<0.5x
2024-08-02,JNJ,156.80686950683594,157.48515591200436,153.80715294551615,154.66693865288636,11280400.0,153.57785034179688,7213400.0,64.65056742624743,2.572762683729122,0.016752172777541045,7234510.0,0.9970820414927895,0.04720846275620638,0.007091441302672559,0.4233147184453449,-0.013835735500992567,True,0,-0.019079157069381736,40.42710299780674,-0.05715128650306278,-0.013369904697505576,46.07191464622542,-0.027915958293185494,Unknown,0,0.5870609015065276,0.5-1.0%,0.8-1.2,<0.5x
2024-08-02,PG,164.7335662841797,164.99508301886692,159.9585322994212,162.17655482038137,11899000.0,160.48158264160156,12532700.0,49.906624351945794,3.0866361179918815,0.019233584734051186,6952375.0,1.802650173501861,0.007482297554674888,0.01056178628649952,0.5491324905128532,-0.015766837978709907,True,0,-0.019079157069381736,40.42710299780674,-0.05715128650306278,-0.013369904697505576,46.07191464622542,-0.027915958293185494,Unknown,0,0.6239162667454694,1.0-2.0%,1.2-2.0,0.5-1.0x
2024-08-02,PEP,168.4703826904297,170.27772407455652,164.49613465711374,169.22738575359284,6856100.0,165.5559539794922,5994500.0,65.7053791103188,2.7331011485990255,0.016508624926516273,5787815.0,1.0357103673838919,0.059817644265683256,0.02217638016543605,1.3433208558646328,0.00447328935439211,True,1,-0.019079157069381736,40.42710299780674,-0.05715128650306278,-0.013369904697505576,46.07191464622542,-0.027915958293185494,Unknown,0,0.6289982052837362,>2.0%,0.8-1.2,1.0-2.0x
2024-08-02,MRK,109.41236877441406,111.40687092990981,108.61457370909181,109.37438474414687,16562300.0,108.10169982910156,14117500.0,29.379980084781177,3.3195089368682607,0.03070727788847064,9345450.0,1.510628166647941,-0.07037559964337714,0.011773033329330588,0.38339553809004,-0.00034728451598653904,True,0,-0.019079157069381736,40.42710299780674,-0.05715128650306278,-0.013369904697505576,46.07191464622542,-0.027915958293185494,Unknown,0,0.676731448548556,1.0-2.0%,1.2-2.0,<0.5x
2024-08-05,PEP,164.68539428710938,171.18614360433185,163.85270384932818,169.8708562774314,7502300.0,168.4703826904297,6856100.0,70.57492941009325,2.9508503106592934,0.0175155434654742,5920210.0,1.1580839193204295,0.05864042533064873,0.008312877104191771,0.47460001001839974,0.030525907174172164,True,1,-0.0535711006257518,35.322542648618196,-0.10489847997857138,-0.03989497638867119,38.80846367180556,-0.06773002923111282,Unknown,0,0.6407897639747182,0.5-1.0%,0.8-1.2,<0.5x
2024-08-06,DIS,88.59333038330078,90.5036479881022,86.6140841800093,86.8799569975094,21717500.0,86.43683624267578,19103200.0,28.10396355932725,1.954251059673629,0.02260900727771862,11093200.0,1.7220639671149893,-0.05542406360428431,0.0051265267690910245,0.22674709712457225,-0.019721158308590125,True,0,0.0042722793948402485,30.27391132991776,-0.07364261302199737,0.0035562691045218954,30.784825761475222,-0.051251029418598715,Unknown,0,0.791993353998746,0.5-1.0%,1.2-2.0,<0.5x
2024-08-06,INTC,19.704999923706055,20.4999563012095,19.62550428595571,20.191910941842604,106670400.0,19.983234405517578,147385700.0,16.14238472933895,1.6574112171943116,0.08294008785368014,76158275.0,1.9352552299799333,-0.34143573399159177,0.010442580619852412,0.12590510680763722,0.024114162326634964,True,1,0.0042722793948402485,30.27391132991776,-0.07364261302199737,0.0035562691045218954,30.784825761475222,-0.051251029418598715,Unknown,0,0.7607898574931493,1.0-2.0%,1.2-2.0,<0.5x
2024-08-06,CRM,236.2327423095703,241.61293556096575,235.8463207592672,238.87824601838477,5673900.0,236.8173370361328,6899300.0,37.849615748641305,7.832377235013756,0.03307349594011657,5615265.0,1.2286686380785234,-0.04412253435024038,0.008702525786520067,0.26312687967056786,0.01107469496661849,True,1,0.0042722793948402485,30.27391132991776,-0.07364261302199737,0.0035562691045218954,30.784825761475222,-0.051251029418598715,Unknown,0,0.754390084316318,0.5-1.0%,1.2-2.0,<0.5x
2024-08-06,META,491.67083740234375,500.0993678802894,476.3064321601276,476.6547245669501,20955000.0,473.4007568359375,21396200.0,46.21937518705742,19.75862281365631,0.041737624049688386,17609225.0,1.2150563128133123,-0.0070120834879177085,0.006873600610106985,0.16468595821180443,-0.03150312387868612,True,0,0.0042722793948402485,30.27391132991776,-0.07364261302199737,0.0035562691045218954,30.784825761475222,-0.051251029418598715,Unknown,0,0.5717910271528406,0.5-1.0%,1.2-2.0,<0.5x
2024-08-06,TSLA,200.63999938964844,202.89999389648438,192.6699981689453,200.75,73783900.0,198.8800048828125,100308800.0,39.366777284874445,14.049119221033298,0.07064118501662126,119707175.0,0.8379514427602188,-0.1390641878761134,0.009402630084856296,0.13310408202585983,0.0005479482458359278,True,0,0.0042722793948402485,30.27391132991776,-0.07364261302199737,0.0035562691045218954,30.784825761475222,-0.051251029418598715,Consumer Cyclical,0,0.8095861993466742,0.5-1.0%,0.8-1.2,<0.5x
2024-08-06,ABBV,178.0143585205078,180.03692268802914,175.49333856900344,177.7459480010714,4273200.0,176.72032165527344,6459300.0,61.4902052133746,4.545994794440209,0.025724233364106452,5311365.0,1.2161280574767503,0.04385474228438202,0.005803669528163565,0.2256109811327378,-0.0015100795402367367,True,0,0.0042722793948402485,30.27391132991776,-0.07364261302199737,0.0035562691045218954,30.784825761475222,-0.051251029418598715,Unknown,0,0.6057019427032604,0.5-1.0%,1.2-2.0,<0.5x
2024-08-08,AVGO,143.57664489746094,144.09877638959105,136.34558822915886,139.1040281133463,27583200.0,134.24722290039062,29749800.0,37.207488630511214,8.98943275570727,0.06696177813955445,31851970.0,0.9340018843418476,-0.08028224195365308,0.0361780684026465,0.5402793863575144,-0.03215303571561725,True,0,0.014467489104535776,31.675725393939988,-0.05382482286792245,0.010122257006311695,33.52600575788308,-0.03631546704476729,Unknown,0,0.7648181840733475,>2.0%,0.8-1.2,0.5-1.0x
2024-08-08,BAC,36.89791488647461,37.100702861632094,36.36680194423607,36.521307594409194,36557800.0,36.019161224365234,44952400.0,30.90290745655027,1.0943227629903385,0.030381683687017165,48841380.0,0.9203753047108825,-0.07326624038358154,0.0139410900469354,0.45886495924821863,-0.010311988175447137,True,0,0.014467489104535776,31.675725393939988,-0.05382482286792245,0.010122257006311695,33.52600575788308,-0.03631546704476729,Unknown,0,0.7034217294925921,1.0-2.0%,0.8-1.2,<0.5x
2024-08-08,TSLA,198.83999633789062,200.6999969482422,192.0399932861328,195.6999969482422,65033900.0,191.75999450683594,71159800.0,37.19433841459236,13.650159334343805,0.07118356135464532,112517845.0,0.632431237907196,-0.13913505679697857,0.02054652979908067,0.2886414982346179,-0.016044963917290656,True,0,0.014467489104535776,31.675725393939988,-0.05382482286792245,0.010122257006311695,33.52600575788308,-0.03631546704476729,Consumer Cyclical,0,0.779486632081783,>2.0%,<0.8,<0.5x
2024-08-08,AAPL,211.87098693847656,212.7549823030523,207.42121371107248,211.67233918968967,47161100.0,208.404541015625,63516400.0,40.19232461839614,6.873746934845077,0.03298271189940013,59393695.0,1.0694131759271754,-0.03501582343005405,0.01568007183595709,0.4754027468627366,-0.0009384681510458436,True,0,0.014467489104535776,31.675725393939988,-0.05382482286792245,0.010122257006311695,33.52600575788308,-0.03631546704476729,Unknown,0,0.796895610785476,1.0-2.0%,0.8-1.2,<0.5x
2024-08-08,AMZN,165.8000030517578,166.69000244140625,162.5500030517578,165.1699981689453,44616200.0,162.77000427246094,48408200.0,28.918573325239723,7.039601928091325,0.043248766623534184,50642675.0,0.9558776269223536,-0.08288058287978228,0.01474469394537228,0.3409275014411354,-0.0038142815874351163,True,0,0.014467489104535776,31.675725393939988,-0.05382482286792245,0.010122257006311695,33.52600575788308,-0.03631546704476729,Consumer Cyclical,0,0.6923148511727795,1.0-2.0%,0.8-1.2,<0.5x
2024-08-08,INTC,20.489999771118164,20.549999237060547,18.84000015258789,19.100000381469727,96836800.0,18.989999771118164,97972300.0,15.091336504577322,1.5799508225662533,0.0831990964512383,78900255.0,1.2417234899937903,-0.34462690303905574,0.005792554590698948,0.06962280646994616,-0.07277483570089219,True,0,0.014467489104535776,31.675725393939988,-0.05382482286792245,0.010122257006311695,33.52600575788308,-0.03631546704476729,Unknown,0,0.5522476822576423,0.5-1.0%,1.2-2.0,<0.5x
2024-08-08,META,507.134765625,507.4631365242445,492.2977639959644,495.0641514061811,16156800.0,486.5261535644531,20105300.0,50.94394663117342,20.463024779036036,0.042059454829133196,18675415.0,1.076565099088829,0.03626727759296067,0.01754889799690266,0.4172402630560755,-0.024381919362437162,True,0,0.014467489104535776,31.675725393939988,-0.05382482286792245,0.010122257006311695,33.52600575788308,-0.03631546704476729,Unknown,0,0.8140760296743504,1.0-2.0%,0.8-1.2,<0.5x
2024-08-08,JPM,197.72080993652344,198.54441033468498,195.52132405648726,196.18020733197048,7761200.0,194.1745147705078,9204400.0,43.36957930661826,4.976247412238837,0.02562770618028939,10119310.0,0.9095877090434031,-0.02644621885933207,0.010329329592161807,0.4030532237062337,-0.007852997127003722,True,0,0.014467489104535776,31.675725393939988,-0.05382482286792245,0.010122257006311695,33.52600575788308,-0.03631546704476729,Unknown,0,0.7994404620604897,1.0-2.0%,0.8-1.2,<0.5x
2024-08-08,MA,451.6974182128906,452.3815402782359,447.1862065715554,448.38588617212486,1585400.0,446.00634765625,2059800.0,51.85756209362483,10.014308410338954,0.022453286736755753,2843385.0,0.7244182550024003,0.012813529568533433,0.005335212219241407,0.23761386392076533,-0.007385451110061367,True,0,0.014467489104535776,31.675725393939988,-0.05382482286792245,0.010122257006311695,33.52600575788308,-0.03631546704476729,Unknown,0,0.7642071309969471,0.5-1.0%,<0.8,<0.5x
2024-08-08,CRM,246.8345947265625,247.14174840046056,240.85001169767943,241.0085475031773,4474300.0,237.837890625,4035500.0,39.36531549300688,7.709879373920947,0.032416531081992925,5302605.0,0.7610410354910464,-0.031161414211857807,0.013331168006263978,0.4112459773238758,-0.024173612445460596,True,0,0.014467489104535776,31.675725393939988,-0.05382482286792245,0.010122257006311695,33.52600575788308,-0.03631546704476729,Unknown,0,0.7785851348978197,1.0-2.0%,<0.8,<0.5x
2024-08-08,NFLX,63.03499984741211,63.229000091552734,61.60200119018555,62.19900131225586,32835000.0,61.14799880981445,31878000.0,36.533033341049524,1.9283165328267737,0.0315352353365532,41918900.0,0.7604684283223081,-0.015362629760809043,0.01718784789196923,0.5450362969718007,-0.013440706723879868,True,0,0.014467489104535776,31.675725393939988,-0.05382482286792245,0.010122257006311695,33.52600575788308,-0.03631546704476729,Unknown,0,0.7704139455915082,1.0-2.0%,<0.8,0.5-1.0x
2024-08-08,ADBE,530.239990234375,531.0700073242188,519.5599975585938,520.5900268554688,2155100.0,513.6199951171875,1663700.0,38.964751686246856,14.905923703274595,0.02902130727966239,2262810.0,0.7352362770183974,-0.038257922405793954,0.013570405756284796,0.46760146348730103,-0.01853658902610012,True,0,0.014467489104535776,31.675725393939988,-0.05382482286792245,0.010122257006311695,33.52600575788308,-0.03631546704476729,Technology,1,0.558839613535739,1.0-2.0%,<0.8,<0.5x
2024-08-08,MSFT,398.2248840332031,401.3597174512935,395.50537665916386,397.97765609010867,20203000.0,394.01214599609375,20650900.0,28.598019615520148,10.605793949270783,0.026917428960111116,24027440.0,0.8594715042468112,-0.05614929636769206,0.010064436171097708,0.373900352296357,-0.0006212106114783533,True,0,0.014467489104535776,31.675725393939988,-0.05382482286792245,0.010122257006311695,33.52600575788308,-0.03631546704476729,Technology,1,0.5899697613068706,1.0-2.0%,0.8-1.2,<0.5x
2024-08-08,AMD,136.32000732421875,136.47999572753906,128.94000244140625,131.97000122070312,49037500.0,128.6699981689453,54676500.0,30.418562156708987,8.583222091502236,0.0667072527679091,61046690.0,0.8956505258516063,-0.10587310087991597,0.025647028046311676,0.3844713577928921,-0.032962082770922996,True,0,0.014467489104535776,31.675725393939988,-0.05382482286792245,0.010122257006311695,33.52600575788308,-0.03631546704476729,Technology,1,0.505398758051978,>2.0%,0.8-1.2,<0.5x
2024-08-08,GOOGL,160.99948120117188,162.64892717046854,159.1910643615004,159.48914421954225,25578800.0,157.9291534423828,25138600.0,28.322830190446332,4.744225804415031,0.030040215508062375,29543285.0,0.8509074058622798,-0.06897569849427132,0.009877788509317705,0.3288188297672713,-0.009469841906923711,True,0,0.014467489104535776,31.675725393939988,-0.05382482286792245,0.010122257006311695,33.52600575788308,-0.03631546704476729,Unknown,0,0.7074095125067467,0.5-1.0%,0.8-1.2,<0.5x
2024-08-08,V,256.9926452636719,257.6059002236239,255.103529010113,255.31122736023502,8223700.0,253.71876525878906,12908600.0,39.97744523560766,5.125051928095381,0.020199735415186614,8402640.0,1.5362552721525615,-0.019048530145499232,0.006276485303803503,0.31072116415369977,-0.006585757785984208,True,0,0.014467489104535776,31.675725393939988,-0.05382482286792245,0.010122257006311695,33.52600575788308,-0.03631546704476729,Financial Services,0,0.8438753100087881,0.5-1.0%,1.2-2.0,<0.5x
2024-08-09,NVDA,104.70518493652344,106.55439192807604,103.38574997554278,105.59480355882924,290844200.0,104.92508697509766,391910000.0,42.847351829251025,7.980348932055298,0.07605758700918981,354807145.0,1.1045718935564277,-0.0653684605829985,0.006382807039183412,0.08392071442408758,0.008424833347127516,True,1,-0.0029683506658466437,41.11607553095457,-0.03739948443341978,-0.0015830643434390195,43.55826858275992,-0.023357527937822753,Technology,1,0.6304150767428705,0.5-1.0%,0.8-1.2,<0.5x
2024-08-12,NVDA,108.97335815429688,111.02248421974713,106.214544366382,106.27451625816647,325559900.0,104.70518493652344,290844200.0,42.69108668879138,7.636655576375153,0.07293483680874835,356715330.0,0.8153397836868967,-0.04967907264646054,0.014988095599987974,0.2054998167650687,-0.02539500522942174,True,0,0.0021757928488785995,42.618287764100465,-0.023055191915985263,0.0022890662819358776,45.293486688718275,-0.013050640969424099,Technology,1,0.6010584017542171,1.0-2.0%,0.8-1.2,<0.5x
2024-08-12,WMT,67.70521545410156,68.21769002277652,67.08434061170105,67.35042768160976,17385300.0,66.96607208251953,13805600.0,45.16336803815418,1.0763671095740053,0.01607332005747093,15145095.0,0.9115558535618298,-0.013788784242513064,0.005739557168839198,0.3570859752880634,-0.005267787966678045,True,0,0.0021757928488785995,42.618287764100465,-0.023055191915985263,0.0022890662819358776,45.293486688718275,-0.013050640969424099,Unknown,0,0.5033995263652672,0.5-1.0%,0.8-1.2,<0.5x
2024-08-12,CVX,135.67715454101562,137.28634544266276,130.69053572408853,136.4443189797553,8442200.0,135.64907836914062,7653100.0,35.25008533619781,3.108621310763411,0.022916641588260168,7755615.0,0.9867818348383719,-0.0483772463041835,0.0058624844353944135,0.25581778258458565,0.005622545844898904,True,1,0.0021757928488785995,42.618287764100465,-0.023055191915985263,0.0022890662819358776,45.293486688718275,-0.013050640969424099,Unknown,0,0.5061589781795833,0.5-1.0%,0.8-1.2,<0.5x
2024-08-13,AVGO,153.84197998046875,154.0587155247655,147.58623274081918,149.30040976417823,22053600.0,146.41390991210938,17778500.0,47.20302760092036,8.494604004531494,0.05801773895411105,29818080.0,0.5962322188417228,0.006104374224577658,0.01971465589438589,0.33980393324150626,-0.030419007044012722,True,0,0.009836595914691626,43.26443058605977,-0.009121309467659322,0.006113239832530153,45.50940336992702,-0.006077085267320315,Unknown,0,0.5085841122676122,1.0-2.0%,<0.8,<0.5x
2024-08-14,NVDA,118.02948760986328,118.5492618001431,114.02120093884069,118.47929205094907,339246400.0,116.0903091430664,312646700.0,52.7591450486088,7.518451598785953,0.06476381753381694,367470875.0,0.8508067476095895,0.06277294584106552,0.020578659196596235,0.31774932331391564,0.0037964815057500633,True,1,0.002010415507541861,50.232853165503016,0.008856439915103431,0.001494175395849447,51.91042619768322,0.006430297133882545,Technology,1,0.506374068484039,>2.0%,0.8-1.2,<0.5x
2024-08-14,AMD,140.75,143.25,137.63999938964844,143.0,35506400.0,141.1300048828125,42218000.0,45.52425366375287,7.6983819815378665,0.05454815925167882,59980100.0,0.7038667824828568,0.01669728734281062,0.013250159799400935,0.24290755144030157,0.015734265734265736,True,1,0.002010415507541861,50.232853165503016,0.008856439915103431,0.001494175395849447,51.91042619768322,0.006430297133882545,Technology,1,0.506374068484039,1.0-2.0%,<0.8,<0.5x
2024-08-15,NFLX,66.3219985961914,67.31900024414062,65.9800033569336,66.8489990234375,32102000.0,66.16799926757812,40143000.0,61.27546743029005,1.822503439544475,0.027543577858148864,39857050.0,1.007174389474384,0.058017736928793084,0.010291980464838693,0.3736617122816444,0.007883445301272581,True,1,0.013031384530665017,50.32084661084395,0.021563013432768674,0.010574782672299972,53.06803388204747,0.018972824950001854,Unknown,0,0.5854449904782579,1.0-2.0%,0.8-1.2,<0.5x
2024-08-15,HD,347.3612060546875,352.51272528852104,345.49933316913933,349.66683483036985,3575800.0,343.1069030761719,4814800.0,52.70026492338704,8.96549984347683,0.026130339445506384,3385370.0,1.422237451150096,0.01898032578007336,0.019119206566186837,0.7316861155232621,0.006593787417101928,True,1,0.013031384530665017,50.32084661084395,0.021563013432768674,0.010574782672299972,53.06803388204747,0.018972824950001854,Unknown,0,0.6215233401192258,1.0-2.0%,1.2-2.0,0.5-1.0x
2024-08-15,MRK,107.61731719970703,108.74753406463124,106.9144967377155,108.43411148503289,9685100.0,107.87374877929688,11029400.0,36.82075205407079,2.7748811977463084,0.025723414909993962,10842605.0,1.0172278709775002,-0.0316739356888881,0.0051946160402979915,0.20194115199999357,0.007532632251416539,True,1,0.013031384530665017,50.32084661084395,0.021563013432768674,0.010574782672299972,53.06803388204747,0.018972824950001854,Unknown,0,0.6198631896740374,0.5-1.0%,0.8-1.2,<0.5x
2024-08-15,CRM,260.3791809082031,260.4782695587321,253.88925226868872,255.53402710711555,5167900.0,252.97772216796875,4145200.0,54.39545104402173,6.947303884023096,0.02746211731407052,5025045.0,0.824908035649432,0.023944895460381366,0.010104861871787657,0.367956401766965,-0.018960894781564923,True,0,0.013031384530665017,50.32084661084395,0.021563013432768674,0.010574782672299972,53.06803388204747,0.018972824950001854,Unknown,0,0.5787245079320156,1.0-2.0%,0.8-1.2,<0.5x
2024-08-15,CSCO,46.70124816894531,48.38530311127759,46.34519186614634,46.91295910782773,45976400.0,43.727691650390625,30675600.0,42.99398438238197,0.8993954676312099,0.02056809846771721,20476690.0,1.4980741516329055,0.04631689557076735,0.07284325646329086,3.541564942312118,0.004512845552884633,True,1,0.013031384530665017,50.32084661084395,0.021563013432768674,0.010574782672299972,53.06803388204747,0.018972824950001854,Unknown,0,0.7101152497873784,>2.0%,1.2-2.0,>2.0x
2024-08-15,AMZN,177.58999633789062,177.91000366210938,173.99000549316406,174.86000061035156,51698500.0,170.10000610351562,28843800.0,40.416120932866335,5.912782180457789,0.03476062297645963,49705385.0,0.5802952738420596,-0.0006800873589406509,0.027983505796814655,0.8050346455460671,-0.015612465503888652,True,0,0.013031384530665017,50.32084661084395,0.021563013432768674,0.010574782672299972,53.06803388204747,0.018972824950001854,Consumer Cyclical,0,0.6089738001327125,>2.0%,<0.8,0.5-1.0x
2024-08-15,AVGO,163.6639862060547,164.19596388098068,157.9599240211563,158.80715886069697,27945000.0,155.34925842285156,20184200.0,53.887388368733646,8.220618946660197,0.0529170144107425,28650555.0,0.7044959513000708,0.06768752841086445,0.02225887959138632,0.4206374800099762,-0.030583176351754043,True,0,0.013031384530665017,50.32084661084395,0.021563013432768674,0.010574782672299972,53.06803388204747,0.018972824950001854,Unknown,0,0.575559423359233,>2.0%,<0.8,<0.5x
2024-08-15,BAC,37.68975067138672,38.3174318451661,37.63181336431486,38.0760165758209,37379800.0,37.47731399536133,25658900.0,43.967062373485476,0.9424123745239549,0.025146209107744486,43802670.0,0.585783925957025,-0.008224991937284098,0.01597506642374841,0.6352872655794641,0.01014459859962005,True,1,0.013031384530665017,50.32084661084395,0.021563013432768674,0.010574782672299972,53.06803388204747,0.018972824950001854,Unknown,0,0.5990233400707887,1.0-2.0%,<0.8,0.5-1.0x
2024-08-15,WMT,72.1203384399414,73.36209547903728,71.72612902066597,73.04672944740079,49567500.0,67.66580200195312,22928600.0,50.31143944238429,1.1070272478900254,0.0163602176452157,16811600.0,1.3638559090152038,0.07006216192361658,0.07952211141001995,4.86070009180318,0.012682169543626984,True,1,0.013031384530665017,50.32084661084395,0.021563013432768674,0.010574782672299972,53.06803388204747,0.018972824950001854,Unknown,0,0.6576036178732718,>2.0%,1.2-2.0,>2.0x
2024-08-15,JPM,204.97816467285156,207.2454686093335,204.54214695964689,206.38311720863197,7001000.0,203.7088623046875,6999800.0,56.449775449026305,4.497767065868307,0.022079388274924405,8803025.0,0.7951584824534748,0.026827703931401325,0.01312782798788885,0.594573899621945,0.006807497409587764,True,1,0.013031384530665017,50.32084661084395,0.021563013432768674,0.010574782672299972,53.06803388204747,0.018972824950001854,Unknown,0,0.5811371193622974,1.0-2.0%,<0.8,0.5-1.0x
2024-08-15,AAPL,223.46237182617188,224.08885093177264,221.51333414952188,223.3430482530648,46414000.0,220.47915649414062,41960600.0,56.09182247817733,6.065400890865224,0.02751008751716816,56020600.0,0.7490208958847281,0.02990294522571446,0.012989399109027763,0.4721685854660221,-0.0005342614155237303,True,0,0.013031384530665017,50.32084661084395,0.021563013432768674,0.010574782672299972,53.06803388204747,0.018972824950001854,Unknown,0,0.5489178866737414,1.0-2.0%,<0.8,<0.5x
2024-08-15,V,264.4156799316406,265.0004339020484,260.4910776789206,260.4910776789206,7397800.0,258.8062744140625,8552300.0,47.77805062819817,4.384678399674384,0.016941932376258257,9768040.0,0.8755390027067866,0.007981196521751777,0.006509901155497428,0.38424785384104954,-0.015066167669502568,True,0,0.013031384530665017,50.32084661084395,0.021563013432768674,0.010574782672299972,53.06803388204747,0.018972824950001854,Financial Services,0,0.5924426287522998,0.5-1.0%,0.8-1.2,<0.5x
2024-08-15,ABBV,185.3856964111328,186.9098195572277,183.36313206303203,186.43053904465862,4719900.0,185.00228881835938,4153400.0,70.2137235142022,3.9793366059069375,0.021509661482155856,5454920.0,0.7614043835656619,0.05059602381342021,0.007720175979560656,0.3589166657023039,0.005604460722368645,True,1,0.013031384530665017,50.32084661084395,0.021563013432768674,0.010574782672299972,53.06803388204747,0.018972824950001854,Unknown,0,0.6199791295334658,0.5-1.0%,<0.8,<0.5x
2024-08-15,DIS,87.43138122558594,87.56923841537635,85.87555578349037,85.91494462523812,12401000.0,84.9794921875,9475100.0,32.75271565159261,1.9663066446347086,0.02313860196170884,14479205.0,0.6543936631879996,-0.026754528386636167,0.011007978674126753,0.4757408720001071,-0.017650440292576904,True,0,0.013031384530665017,50.32084661084395,0.021563013432768674,0.010574782672299972,53.06803388204747,0.018972824950001854,Unknown,0,0.542557669766586,1.0-2.0%,<0.8,<0.5x
2024-08-15,NVDA,122.80744171142578,123.18727640390337,117.41974813678404,118.7091971963176,318086700.0,118.02948760986328,339246400.0,54.27321836855537,7.304852260394272,0.061890061613584714,364928885.0,0.9296233155125553,0.06616398647861788,0.005758811634437033,0.09304905318066428,-0.03452339508564469,True,0,0.013031384530665017,50.32084661084395,0.021563013432768674,0.010574782672299972,53.06803388204747,0.018972824950001854,Technology,1,0.5013610810189272,0.5-1.0%,0.8-1.2,<0.5x
2024-08-15,AMD,147.36000061035156,147.9600067138672,141.80999755859375,143.0,43582400.0,140.75,35506400.0,45.19062030117214,7.549211883595987,0.053635608409207725,57907710.0,0.6131549667565857,0.02215502246995893,0.015985790408525755,0.298044356774397,-0.030489514757703236,True,0,0.013031384530665017,50.32084661084395,0.021563013432768674,0.010574782672299972,53.06803388204747,0.018972824950001854,Technology,1,0.506374068484039,1.0-2.0%,<0.8,<0.5x
2024-08-15,MA,464.7155456542969,465.00308268498696,460.0456937437824,461.1363253623476,2130500.0,456.2384338378906,1654100.0,58.22043256595172,8.462828569187092,0.018549135586841157,2563300.0,0.6453009792064917,0.03317904850353348,0.010735376858226849,0.5787534846552405,-0.007761740064907813,True,0,0.013031384530665017,50.32084661084395,0.021563013432768674,0.010574782672299972,53.06803388204747,0.018972824950001854,Unknown,0,0.5863735955856214,1.0-2.0%,<0.8,0.5-1.0x
2024-08-15,CVX,137.3424835205078,138.0160990091553,136.10751703273775,136.21043090671859,6304200.0,135.34971618652344,5874200.0,35.54301559845696,3.1383681640051013,0.023187105613728533,7867075.0,0.7466815811467413,-0.03509295486819186,0.006359191171180658,0.27425549687476014,-0.008311056695536735,True,0,0.013031384530665017,50.32084661084395,0.021563013432768674,0.010574782672299972,53.06803388204747,0.018972824950001854,Unknown,0,0.5870600896602891,0.5-1.0%,<0.8,<0.5x
2024-08-15,TSLA,214.13999938964844,215.8800048828125,204.82000732421875,205.02000427246094,89848500.0,201.3800048828125,70250000.0,43.65103987468548,12.00681109126923,0.05962265766284125,90904405.0,0.7727898334519653,-0.047811442614501654,0.018075277094995772,0.30316121091430087,-0.04448344028452707,True,0,0.013031384530665017,50.32084661084395,0.021563013432768674,0.010574782672299972,53.06803388204747,0.018972824950001854,Consumer Cyclical,0,0.6080071271329912,1.0-2.0%,<0.8,<0.5x
2024-08-15,META,534.6990966796875,537.1271521759767,524.1211393205881,529.1861832222701,13482100.0,524.1808471679688,11444200.0,61.80980582363027,18.30371898958542,0.03491870999956656,17370835.0,0.6588169192787796,0.08395275211923559,0.009548872457557405,0.2734600578794558,-0.010417719948485274,True,0,0.013031384530665017,50.32084661084395,0.021563013432768674,0.010574782672299972,53.06803388204747,0.018972824950001854,Unknown,0,0.5426918452517426,0.5-1.0%,<0.8,<0.5x
2024-08-21,HD,357.384521484375,359.7094635170506,355.51299187202125,356.41018968445604,4587600.0,354.3070983886719,3459400.0,61.09034557955584,8.085360900909798,0.02282020579796633,3511565.0,0.985144800110492,0.03529596307477911,0.005935786512177339,0.2601109983287845,-0.0027337372166086815,True,0,0.0016449136339747171,59.45064068334654,0.04587222784551148,0.0019151921208163801,61.748047760850554,0.03443878981333648,Unknown,0,0.5620089240673768,0.5-1.0%,0.8-1.2,<0.5x
2024-08-21,CVX,137.47947692871094,138.72825073520028,136.75101712087027,137.5835281800221,5985000.0,136.88345336914062,7497600.0,41.28843267954194,2.8843865532158977,0.02107184237555305,7958185.0,0.9421243662970891,-0.013936057797260926,0.005114385951335998,0.24271185500464648,0.000756276951809448,True,0,0.0016449136339747171,59.45064068334654,0.04587222784551148,0.0019151921208163801,61.748047760850554,0.03443878981333648,Unknown,0,0.5204526199034796,0.5-1.0%,0.8-1.2,<0.5x
2024-08-22,KO,66.38114929199219,66.94605097889368,65.86411654361893,66.94605097889368,12509200.0,66.61093139648438,8792400.0,69.22375537422586,0.8476282633728914,0.012725062472518256,13936615.0,0.6308849028261166,0.02184875848826673,0.005030999798135123,0.3953615008963882,0.008438162948246066,True,1,0.004849806747453585,60.64111752341934,0.050911270794061325,0.0034605814906769447,62.89031772724924,0.037198821835448204,Unknown,0,0.5761301359974385,0.5-1.0%,<0.8,<0.5x
2024-08-22,AAPL,223.27342224121094,227.06209724349452,222.64694316501192,226.51517227009805,43695300.0,225.13296508789062,34765500.0,61.196873601475374,5.065759933110126,0.022501191378759135,52589635.0,0.6610713308810757,0.038640930101181414,0.006139514849226179,0.27285287902674393,0.014311403498488962,True,1,0.004849806747453585,60.64111752341934,0.050911270794061325,0.0034605814906769447,62.89031772724924,0.037198821835448204,Unknown,0,0.6003010289799765,0.5-1.0%,<0.8,<0.5x
2024-08-22,AMZN,176.1300048828125,181.47000122070312,175.67999267578125,181.3800048828125,32047500.0,180.11000061035156,35599100.0,54.04949287959899,5.102970088344881,0.02833251941064951,47357605.0,0.7517081997706598,0.04086149657057381,0.00705127015799891,0.24887550788541973,0.02894475608483947,True,1,0.004849806747453585,60.64111752341934,0.050911270794061325,0.0034605814906769447,62.89031772724924,0.037198821835448204,Consumer Cyclical,0,0.5542276974262967,0.5-1.0%,<0.8,<0.5x
2024-08-22,CSCO,48.327571868896484,49.01081621273688,48.28907829914379,48.80873047795854,19143100.0,48.54890441894531,21177600.0,69.03002371029885,1.061727141656129,0.02186922968423999,22045265.0,0.960641661599441,0.07017770995671602,0.005351841861787433,0.24472018169182358,0.009858043926779497,True,1,0.004849806747453585,60.64111752341934,0.050911270794061325,0.0034605814906769447,62.89031772724924,0.037198821835448204,Unknown,0,0.5858750772914372,0.5-1.0%,0.8-1.2,<0.5x
2024-08-22,AVGO,159.93023681640625,169.86061205551246,159.0928631552294,168.30406362190902,30044500.0,163.31918334960938,16097700.0,58.36368573859519,7.317343136112561,0.044803941496870475,26219040.0,0.6139698478662834,0.1101580020818651,0.03052231936299093,0.6812418359470203,0.04975415700190324,True,1,0.004849806747453585,60.64111752341934,0.050911270794061325,0.0034605814906769447,62.89031772724924,0.037198821835448204,Unknown,0,0.5165684512494063,>2.0%,<0.8,0.5-1.0x
2024-08-22,GOOGL,162.75823974609375,166.52412878399306,162.2713506737651,166.19622575508728,22493300.0,164.7952117919922,22902000.0,45.981863485640766,4.042706215083307,0.02453169707494955,29060935.0,0.7880682435028329,0.014927189118492779,0.008501545329262866,0.3465534937631439,0.0206863061623305,True,1,0.004849806747453585,60.64111752341934,0.050911270794061325,0.0034605814906769447,62.89031772724924,0.037198821835448204,Unknown,0,0.5369900466747879,0.5-1.0%,<0.8,<0.5x
2024-08-23,TSLA,220.32000732421875,221.47999572753906,214.2100067138672,214.4600067138672,81525200.0,210.66000366210938,79514500.0,47.510380380159226,11.350682347266238,0.05388152544358776,80839635.0,0.9836078552309149,0.013849090962844812,0.01803855969666113,0.33478190433837896,-0.027324444777109342,True,0,0.009244931557611427,54.73136466149106,0.038066446843897817,0.005950943607877917,58.57363018780162,0.030780927193250207,Consumer Cyclical,0,0.5182155425586944,1.0-2.0%,0.8-1.2,<0.5x
2024-08-23,CSCO,48.827972412109375,48.85684075108159,48.42379731175588,48.606636243494066,16474100.0,48.327571868896484,19143100.0,67.10414243422068,1.0374421967944831,0.02146688022334055,21970860.0,0.8712949788947725,0.06335712319364761,0.00577443400952628,0.2689926970966113,-0.0045536203638229505,True,0,0.009244931557611427,54.73136466149106,0.038066446843897817,0.005950943607877917,58.57363018780162,0.030780927193250207,Unknown,0,0.5036632332485212,0.5-1.0%,0.8-1.2,<0.5x
2024-08-23,NVDA,129.31463623046875,129.54454879248973,125.16641816339359,125.80614369005178,323230300.0,123.68705749511719,376189100.0,55.59158814505613,6.523662240626332,0.052743289174648426,370686045.0,1.0148455952799627,0.10008819886460274,0.01713264296079039,0.324830764802309,-0.027888085887608393,True,0,0.009244931557611427,54.73136466149106,0.038066446843897817,0.005950943607877917,58.57363018780162,0.030780927193250207,Technology,1,0.5005387985846522,1.0-2.0%,0.8-1.2,<0.5x
2024-08-23,AMD,154.97999572753906,156.39999389648438,151.8300018310547,153.60000610351562,43694600.0,151.6999969482422,45737300.0,53.625240474516715,7.1858333445568965,0.04736871120049262,57821450.0,0.7910092188971394,0.08118385407207396,0.01252478044493101,0.26441041201055,-0.008984307091064967,True,0,0.009244931557611427,54.73136466149106,0.038066446843897817,0.005950943607877917,58.57363018780162,0.030780927193250207,Technology,1,0.5005387985846522,1.0-2.0%,<0.8,<0.5x
2024-08-23,PEP,166.4170379638672,167.1834984073858,164.33529016253212,167.13619744263244,5283600.0,166.29403686523438,5265900.0,60.98268088188521,2.622823898893587,0.01577220655854989,5051075.0,1.0425305504273843,0.016566838245782645,0.005064286087904362,0.3210892571755652,0.004302834991875965,True,1,0.009244931557611427,54.73136466149106,0.038066446843897817,0.005950943607877917,58.57363018780162,0.030780927193250207,Unknown,0,0.5002102178709469,0.5-1.0%,0.8-1.2,<0.5x
2024-08-23,INTC,20.540000915527344,20.93000030517578,20.260000228881836,20.31999969482422,73398400.0,20.100000381469727,81444700.0,32.16336681372363,1.2235396739486006,0.06087261943918105,85991295.0,0.9471272644515936,-0.08850654438314476,0.0109452392626475,0.17980562301221634,-0.010826831890118694,True,0,0.009244931557611427,54.73136466149106,0.038066446843897817,0.005950943607877917,58.57363018780162,0.030780927193250207,Unknown,0,0.5980052108709272,1.0-2.0%,0.8-1.2,<0.5x
2024-08-26,BAC,38.549190521240234,38.819578142417996,38.29812024840182,38.62644517977813,44659500.0,38.40434646606445,45616600.0,52.71251995683334,0.8598350463615072,0.022389003471815105,41230640.0,1.106376228940419,0.030980993417184965,0.0057831660775670875,0.2583038626461135,0.002000045776367244,True,1,-0.0011458059118333594,57.718676850254134,0.0366901266278723,0.0018677900071278296,62.3152289835283,0.035499993407079655,Unknown,0,0.51443351851204,0.5-1.0%,0.8-1.2,<0.5x
2024-08-29,INTC,20.1299991607666,20.600000381469727,19.75,19.760000228881836,64529700.0,19.610000610351562,50144900.0,31.77122180193182,1.065411407551099,0.054330003793508226,88535205.0,0.5663837340185749,-0.025791935342847183,0.007649138901662905,0.14079032519001744,-0.018724642084971415,True,0,0.00409474890673132,51.04895353307585,0.020148429625489017,0.00360030941290754,58.000177893517325,0.026264309999188384,Unknown,0,0.5265067662593406,0.5-1.0%,<0.8,<0.5x
2024-08-30,NVDA,119.31893157958984,121.69791057687668,117.169849908653,119.47885915972935,333751600.0,117.53968811035156,453023300.0,47.598984007029834,6.54880641077726,0.05571570348756537,362407695.0,1.2500377509920146,0.012811585618183852,0.016498010846831664,0.29611060821503743,0.001338542912647876,True,0,0.009306044952175723,50.53620583587625,0.021336613983570007,0.0043342963567003685,58.03948150864515,0.024675515999680098,Technology,1,0.5002911257561687,1.0-2.0%,1.2-2.0,<0.5x
2024-08-30,AMD,148.55999755859375,148.99000549316406,145.25,147.52000427246094,31169100.0,145.49000549316406,31602100.0,46.64742732921548,6.689000865123412,0.04597567264122276,48803705.0,0.6475348541673219,0.019185753119534743,0.013952840075961478,0.30348310909650655,-0.00704984582438057,True,0,0.009306044952175723,50.53620583587625,0.021336613983570007,0.0043342963567003685,58.03948150864515,0.024675515999680098,Technology,1,0.506374068484039,1.0-2.0%,<0.8,<0.5x
2024-08-30,HD,357.65289306640625,359.5066741668699,354.1394555452438,358.3711010668543,3216700.0,356.2552490234375,2698400.0,57.44211338138916,7.262576884661602,0.02038588036125696,3501540.0,0.7706323503372802,0.029113138222097268,0.005939146298101548,0.2913362676938299,0.002004090168850032,True,1,0.009306044952175723,50.53620583587625,0.021336613983570007,0.0043342963567003685,58.03948150864515,0.024675515999680098,Unknown,0,0.5054693388224722,0.5-1.0%,<0.8,<0.5x
2024-08-30,AVGO,160.40313720703125,160.816901000727,156.354144686656,158.72835966722272,25158500.0,154.60052490234375,23519300.0,48.66255145818366,7.284703088012945,0.04711952364077975,23223645.0,1.0127307750355294,0.02756090604970285,0.02670000485112448,0.5666442015559102,-0.01055121808931773,True,0,0.009306044952175723,50.53620583587625,0.021336613983570007,0.0043342963567003685,58.03948150864515,0.024675515999680098,Unknown,0,0.5487065555791667,>2.0%,0.8-1.2,0.5-1.0x
2024-09-03,TSLA,210.60000610351562,219.89999389648438,209.63999938964844,215.25999450683594,76714200.0,214.11000061035156,63370600.0,50.21382416068197,10.571070836962095,0.04937214892731646,72581555.0,0.8730950997123167,0.02747193080422572,0.005371042423082298,0.10878688774493722,0.021648186018012404,True,1,-0.006445834315068379,54.535010766398415,0.013126590139653338,-0.005694817872575731,62.10778784506174,0.019841095385672025,Consumer Cyclical,0,0.5103584577024299,0.5-1.0%,0.8-1.2,<0.5x
2024-09-04,AMD,140.8699951171875,143.3699951171875,138.50999450683594,140.50999450683594,42130600.0,136.94000244140625,42172700.0,39.64524866672055,6.905617846877976,0.050428054065741273,44738225.0,0.9426547432313195,-0.03374769740946504,0.026069753189592735,0.5169692480222718,-0.002562099668533174,True,0,-0.0067993794238846265,44.53996559015584,-0.01879642549040894,-0.0034052044215007304,50.60766164831392,-0.0006337574373666,Technology,1,0.5614903059769858,>2.0%,0.8-1.2,0.5-1.0x
2024-09-04,ABBV,188.84608459472656,191.59716442499683,188.29971246738393,190.446879601473,4214300.0,189.49790954589844,4872400.0,69.94149144105761,3.08844082884314,0.016298020575763062,4241305.0,1.1487973630757515,0.021585509152391547,0.005007812792492637,0.3072650920529455,0.0084054672363036,True,1,-0.0067993794238846265,44.53996559015584,-0.01879642549040894,-0.0034052044215007304,50.60766164831392,-0.0006337574373666,Unknown,0,0.587220420283566,0.5-1.0%,0.8-1.2,<0.5x
2024-09-05,XOM,108.27384185791016,110.29255597032224,108.1781696908323,110.09164222966321,17200800.0,109.1253433227539,12620600.0,43.852970503245075,2.168246238387089,0.019869318825180587,12294505.0,1.0265236379992526,-0.014983577291775796,0.008854944942086766,0.44565921056462215,0.016511701841643175,True,1,-0.003560440449411776,43.822139279549205,-0.020892224327206166,-0.00010898324922106438,49.643384900751464,-0.0023686466219398072,Unknown,0,0.6528021351531481,0.5-1.0%,0.8-1.2,<0.5x
2024-09-05,BAC,38.761634826660156,39.534162947239665,38.63609785590828,39.39897098660133,34214500.0,39.10927200317383,39629600.0,57.2979442065442,0.7859448294782322,0.020096125272146475,36432580.0,1.0877516772075984,0.034377812274051234,0.007407424597522273,0.36859964282712115,0.016176467150827722,True,1,-0.003560440449411776,43.822139279549205,-0.020892224327206166,-0.00010898324922106438,49.643384900751464,-0.0023686466219398072,Unknown,0,0.5811915186960788,0.5-1.0%,0.8-1.2,<0.5x
2024-09-05,CVX,133.32630920410156,135.4454582889067,133.01412660242994,135.4454582889067,9371100.0,134.4048309326172,9820700.0,37.592103047524745,2.6894915471247463,0.020010378559034845,6639230.0,1.4791926172161531,-0.013654507622364087,0.00774248476835799,0.3869234530229413,0.015645774406735553,True,1,-0.003560440449411776,43.822139279549205,-0.020892224327206166,-0.00010898324922106438,49.643384900751464,-0.0023686466219398072,Unknown,0,0.673836548000201,0.5-1.0%,1.2-2.0,<0.5x
2024-09-05,TSLA,230.1699981689453,235.0,222.25,223.49000549316406,119355000.0,219.41000366210938,80651800.0,53.2962742101085,10.627504156052257,0.0484367347826974,71745220.0,1.1241417895157335,0.055211028791058325,0.01859533185796704,0.38390969047338996,-0.029889447006996347,True,0,-0.003560440449411776,43.822139279549205,-0.020892224327206166,-0.00010898324922106438,49.643384900751464,-0.0023686466219398072,Consumer Cyclical,0,0.7150050965279249,1.0-2.0%,0.8-1.2,<0.5x
2024-09-05,MRK,112.63204956054688,114.03769773151876,110.50458891294925,110.75152857394998,12009700.0,109.98223114013672,7693400.0,44.34644364435594,2.011033933504184,0.018285080350313797,7773120.0,0.989744143921617,0.009300192688816322,0.006994742931092605,0.3825382660116429,-0.01697963911478881,True,0,-0.003560440449411776,43.822139279549205,-0.020892224327206166,-0.00010898324922106438,49.643384900751464,-0.0023686466219398072,Unknown,0,0.6741737344843508,0.5-1.0%,0.8-1.2,<0.5x
2024-09-05,AMZN,177.88999938964844,179.8800048828125,175.0,175.0,40170500.0,173.3300018310547,30309200.0,45.94877165214927,4.662133376088433,0.02689744029791582,34208320.0,0.8860183721387078,0.005885868080192536,0.009634790003481712,0.35820471750348215,-0.0165142822265625,True,0,-0.003560440449411776,43.822139279549205,-0.020892224327206166,-0.00010898324922106438,49.643384900751464,-0.0023686466219398072,Consumer Cyclical,0,0.58003844644972,0.5-1.0%,0.8-1.2,<0.5x
2024-09-06,NVDA,102.7860107421875,108.10373451971928,100.90681013303441,107.99378096807179,413638100.0,107.16413116455078,306850700.0,40.18655300429922,6.827215270656906,0.0637080261507808,344152960.0,0.8916113927946457,-0.09251260950530094,0.007741860961361023,0.12152096728029202,0.04822287153205571,True,1,-0.0015400705994426946,44.16937878160342,-0.01948972466130261,0.0006004553363158421,48.463986547415395,-0.005710507302502554,Technology,1,0.5673370363208987,0.5-1.0%,0.8-1.2,<0.5x
2024-09-06,META,497.8205871582031,522.0115894499307,495.8104883337226,519.324796934376,14744500.0,514.329345703125,8640900.0,52.15900227276647,13.761818760358672,0.026756822015561413,11161505.0,0.7741697916186034,-0.0025838887407642064,0.009712553392071822,0.36299353437501397,0.04140801653053013,True,1,-0.0015400705994426946,44.16937878160342,-0.01948972466130261,0.0006004553363158421,48.463986547415395,-0.005710507302502554,Unknown,0,0.5073843293268022,0.5-1.0%,<0.8,<0.5x
2024-09-06,AAPL,219.58421325683594,223.97947540850993,218.5400864277892,222.69668624975694,48423000.0,221.13546752929688,36615400.0,49.11161438333558,4.920460343773456,0.022250887199366038,41625905.0,0.8796301245582528,-0.0019808519972139838,0.007060010489964598,0.31729119053579796,0.013976287861914228,True,1,-0.0015400705994426946,44.16937878160342,-0.01948972466130261,0.0006004553363158421,48.463986547415395,-0.005710507302502554,Unknown,0,0.5042138009349356,0.5-1.0%,0.8-1.2,<0.5x
2024-09-06,TSLA,210.72999572753906,233.60000610351562,210.50999450683594,232.60000610351562,112177000.0,230.1699981689453,119355000.0,58.66584962870399,10.981967883326426,0.04771242112651727,74154980.0,1.6095345181132812,0.08783853150817844,0.010557448641880254,0.22127254062176926,0.09402411780781982,True,1,-0.0015400705994426946,44.16937878160342,-0.01948972466130261,0.0006004553363158421,48.463986547415395,-0.005710507302502554,Consumer Cyclical,0,0.5286348135732744,1.0-2.0%,1.2-2.0,<0.5x
2024-09-06,CRM,241.7318572998047,247.7065377815921,239.22506834695955,245.4672761228171,6259400.0,243.8621063232422,4083600.0,38.92261406594026,6.489487398180985,0.026611298885358965,5626945.0,0.7257223946564255,-0.035702759618733815,0.006582284651668068,0.24734924364362829,0.01521758371223154,True,1,-0.0015400705994426946,44.16937878160342,-0.01948972466130261,0.0006004553363158421,48.463986547415395,-0.005710507302502554,Unknown,0,0.5015443763617857,0.5-1.0%,<0.8,<0.5x
2024-09-09,MSFT,401.9444885253906,404.84721553886465,398.4077026542291,403.45033296201285,15295100.0,397.96185302734375,19609500.0,35.877412394606374,8.019365792248514,0.020151091696966012,17746475.0,1.1049800030710324,-0.016521233550583214,0.013791472456260752,0.6844032404625117,0.003732415897557358,True,1,0.009739485075471257,37.080739611244596,-0.034050044656287914,0.007939192560233243,41.18976903098462,-0.015459926873463314,Technology,1,0.5802022356468806,1.0-2.0%,0.8-1.2,0.5-1.0x
2024-09-09,NVDA,106.42444610595703,106.50441370678206,103.64563679939363,104.83512245061276,273912000.0,102.7860107421875,413638100.0,37.08925828873635,6.853623064658903,0.06667855883471797,345239365.0,1.1981197451223444,-0.11717177112535726,0.01993570616885728,0.29898225932377565,-0.015160221290274115,True,0,0.009739485075471257,37.080739611244596,-0.034050044656287914,0.007939192560233243,41.18976903098462,-0.015459926873463314,Technology,1,0.6330315900200717,1.0-2.0%,0.8-1.2,<0.5x
2024-09-09,ADBE,569.8800048828125,574.5700073242188,564.4400024414062,567.6900024414062,1997100.0,563.4099731445312,2096800.0,54.64203669372449,13.32553788975014,0.023651583260723977,1759325.0,1.1918207266991603,0.013947628106543819,0.00759665164069974,0.3211899836453995,-0.003857743543109674,True,0,0.009739485075471257,37.080739611244596,-0.034050044656287914,0.007939192560233243,41.18976903098462,-0.015459926873463314,Technology,1,0.5872875319674682,0.5-1.0%,0.8-1.2,<0.5x
2024-09-09,AMD,138.14999389648438,138.4499969482422,134.86000061035156,136.10000610351562,27194500.0,134.35000610351562,39993500.0,38.72755120011215,6.705959336500197,0.04991409774357068,41687100.0,0.9593735232242109,-0.06759743255066597,0.013025678604373406,0.2609619164367488,-0.01506236371076692,True,0,0.009739485075471257,37.080739611244596,-0.034050044656287914,0.007939192560233243,41.18976903098462,-0.015459926873463314,Technology,1,0.6010584017542171,1.0-2.0%,0.8-1.2,<0.5x
2024-09-10,NVDA,108.05374145507812,109.35318822314704,104.90508784485718,107.76386463370491,268283700.0,106.42444610595703,273912000.0,41.148727725666966,6.629678771797164,0.06229469839285424,344392755.0,0.7953477418536287,-0.09265361891988888,0.012585628366008551,0.20203369934691323,-0.002689926000320416,True,0,0.0039167846922527234,41.78177679215728,-0.027918769990137537,0.003568923571942868,46.8127997578822,-0.010260765861121568,Technology,1,0.6199302759739395,1.0-2.0%,<0.8,<0.5x
2024-09-10,AMD,142.83999633789062,143.0800018310547,137.25,139.05999755859375,37217500.0,138.14999389648438,27194500.0,43.01472887245201,6.519818729944937,0.04719376777410667,41017675.0,0.6629946724186585,-0.04873311780387668,0.006587069868358009,0.13957499430617765,-0.027182502845249586,True,0,0.0039167846922527234,41.78177679215728,-0.027918769990137537,0.003568923571942868,46.8127997578822,-0.010260765861121568,Technology,1,0.6010584017542171,0.5-1.0%,<0.8,<0.5x
2024-09-10,MSFT,410.3455505371094,412.45570379102855,403.90603822449737,404.4013853254675,19594300.0,401.9444885253906,15295100.0,40.72989567741985,7.938365557910828,0.01974990523451192,17547395.0,0.871645050447659,-0.014274532681020746,0.006112527650498408,0.30949655595395403,-0.014698676679502266,True,0,0.0039167846922527234,41.78177679215728,-0.027918769990137537,0.003568923571942868,46.8127997578822,-0.010260765861121568,Technology,1,0.5697409090281973,0.5-1.0%,0.8-1.2,<0.5x
2024-09-10,ADBE,574.47998046875,577.7999877929688,567.1400146484375,576.75,2030100.0,569.8800048828125,1997100.0,58.11062110660713,13.170859053317097,0.02311163567850655,1795550.0,1.1122497284954471,0.025731789398072413,0.012055160837938532,0.5216056970450446,0.003935881285218899,True,1,0.0039167846922527234,41.78177679215728,-0.027918769990137537,0.003568923571942868,46.8127997578822,-0.010260765861121568,Technology,1,0.5802022356468806,1.0-2.0%,0.8-1.2,0.5-1.0x
2024-09-10,TSLA,226.1699981689453,226.39999389648438,218.63999938964844,220.07000732421875,78891100.0,216.27000427246094,67443500.0,50.707003872358264,11.653483237214695,0.053883955273489624,76951895.0,0.8764371559660746,0.025166849499537403,0.01757064306971807,0.3260830237969307,-0.027718410695282678,True,0,0.0039167846922527234,41.78177679215728,-0.027918769990137537,0.003568923571942868,46.8127997578822,-0.010260765861121568,Consumer Cyclical,0,0.6686364894329896,1.0-2.0%,0.8-1.2,<0.5x
2024-09-10,JPM,199.1742401123047,211.84790938798793,194.37801568910027,211.80915850031667,28406900.0,210.0747528076172,8935100.0,53.687689175396685,4.0442425175197885,0.01925144484746073,6878130.0,1.2990594827373139,0.00830494909385382,0.00825613582555454,0.4288579839576833,0.05965237045211665,True,1,0.0039167846922527234,41.78177679215728,-0.027918769990137537,0.003568923571942868,46.8127997578822,-0.010260765861121568,Unknown,0,0.570261129554566,0.5-1.0%,1.2-2.0,<0.5x
2024-09-10,GOOGL,147.91053771972656,150.50738007285446,147.59214370497173,149.6915067964419,31118800.0,147.9602813720703,39260500.0,27.11119420363069,4.263424304072042,0.028814653936423414,23464170.0,1.6732106867619865,-0.06378990578442667,0.011700609165632347,0.40606453894773625,0.011897596028191426,True,1,0.0039167846922527234,41.78177679215728,-0.027918769990137537,0.003568923571942868,46.8127997578822,-0.010260765861121568,Unknown,0,0.5975403438453644,1.0-2.0%,1.2-2.0,<0.5x
2024-09-10,CRM,243.90176391601562,245.07093149299567,241.07790339652593,244.86286647211946,3544800.0,243.5054168701172,4588800.0,39.704902525416415,6.539540954223268,0.026855833592036187,5796875.0,0.791598921832884,-0.035313509562071244,0.005574617679763253,0.20757567106076896,0.003925064547152444,True,1,0.0039167846922527234,41.78177679215728,-0.027918769990137537,0.003568923571942868,46.8127997578822,-0.010260765861121568,Unknown,0,0.6578153258849442,0.5-1.0%,<0.8,<0.5x
2024-09-10,AMZN,179.5500030517578,180.5,176.7899932861328,177.49000549316406,36233800.0,175.39999389648438,29037400.0,49.44054723742286,4.933622114103243,0.028127835152690562,33270770.0,0.8727600834005345,0.012160904449773025,0.011915687966974203,0.42362620167142195,-0.01160627356379844,True,0,0.0039167846922527234,41.78177679215728,-0.027918769990137537,0.003568923571942868,46.8127997578822,-0.010260765861121568,Consumer Cyclical,0,0.634907902288778,1.0-2.0%,0.8-1.2,<0.5x
2024-09-10,BAC,38.178462982177734,38.7227601401356,37.255106962605694,38.7227601401356,53983900.0,38.363136291503906,37610200.0,49.81197030279031,0.835632468039088,0.02178217290915684,36978125.0,1.017093213893349,0.01210887410630157,0.009374203555701888,0.4303612681249601,0.014056259315918638,True,1,0.0039167846922527234,41.78177679215728,-0.027918769990137537,0.003568923571942868,46.8127997578822,-0.010260765861121568,Unknown,0,0.5974818417812504,0.5-1.0%,0.8-1.2,<0.5x
2024-09-10,META,502.3184814453125,511.66249081468396,497.5817773967797,505.67197656424986,9899000.0,502.3184814453125,11047800.0,45.90640088387821,14.390018405697079,0.02864720080434413,10958450.0,1.008153525361707,-0.024856359839027564,0.006676033717271173,0.2330431431282739,0.006631759864808863,True,1,0.0039167846922527234,41.78177679215728,-0.027918769990137537,0.003568923571942868,46.8127997578822,-0.010260765861121568,Unknown,0,0.6358246666253408,0.5-1.0%,0.8-1.2,<0.5x
2024-09-10,JNJ,161.11578369140625,162.15536629579412,160.50935683358168,161.23128797376268,6559600.0,160.37461853027344,7538200.0,66.4388428659505,2.2632028304888676,0.01411197639146153,6445775.0,1.169479232520527,0.030607534874054654,0.0053416772014178,0.37852084309394035,0.0007163887593282885,True,0,0.0039167846922527234,41.78177679215728,-0.027918769990137537,0.003568923571942868,46.8127997578822,-0.010260765861121568,Unknown,0,0.6009816898475036,0.5-1.0%,0.8-1.2,<0.5x
2024-09-11,AAPL,221.4138946533203,221.8414808899648,216.670585544778,220.22061344649163,44587100.0,218.878173828125,51591000.0,45.30501828398503,4.912745189324778,0.022445112289645342,43616065.0,1.182843981913545,-0.014079179781938955,0.0061332731121047385,0.27325651273013307,-0.005418571804671798,True,0,0.00272530186715201,45.00292878939769,-0.020073236390192095,-0.00016412476985060671,48.883435368744564,-0.010280499641479035,Unknown,0,0.5830621395446401,0.5-1.0%,0.8-1.2,<0.5x
2024-09-11,NVDA,116.8599853515625,117.13986433729632,107.37404002456883,109.34319840779227,441422400.0,108.05374145507812,268283700.0,42.924804421620664,6.4738517436895,0.05991325849999295,341528945.0,0.7855372258418682,-0.07684648166586705,0.011933478057770182,0.19917925274873152,-0.06874489728877868,True,0,0.00272530186715201,45.00292878939769,-0.020073236390192095,-0.00016412476985060671,48.883435368744564,-0.010280499641479035,Technology,1,0.6458726976003363,1.0-2.0%,<0.8,<0.5x
2024-09-11,AMD,149.86000061035156,150.16000366210938,140.7100067138672,145.32000732421875,50935400.0,142.83999633789062,37217500.0,47.86341811253735,6.47054609430992,0.045299259732573254,40892335.0,0.9101338918406102,-0.008612845143409986,0.017362160808668838,0.3832769213264706,-0.031241350518265397,True,0,0.00272530186715201,45.00292878939769,-0.020073236390192095,-0.00016412476985060671,48.883435368744564,-0.010280499641479035,Technology,1,0.6220891599954543,1.0-2.0%,0.8-1.2,<0.5x
2024-09-11,NFLX,68.14700317382812,68.2969970703125,66.08000183105469,67.74600219726562,23919000.0,67.36199951171875,20792000.0,51.21158253502281,1.7476936311156026,0.02594480038870524,27718500.0,0.7501127405884157,-0.007498737326727789,0.005700583241744053,0.21971968010305967,-0.005919182882479894,True,0,0.00272530186715201,45.00292878939769,-0.020073236390192095,-0.00016412476985060671,48.883435368744564,-0.010280499641479035,Unknown,0,0.5373487818803924,0.5-1.0%,<0.8,<0.5x
2024-09-11,GOOGL,150.39793395996094,150.7362162140882,146.77628554400584,149.16417992613762,29607700.0,147.91053771972656,31118800.0,27.065632741003174,4.167125165772805,0.02817328116046084,24225345.0,1.2845554934305372,-0.06247548530709568,0.008475678783526334,0.30084102505679516,-0.00827111464987265,True,0,0.00272530186715201,45.00292878939769,-0.020073236390192095,-0.00016412476985060671,48.883435368744564,-0.010280499641479035,Unknown,0,0.6232593250929909,0.5-1.0%,1.2-2.0,<0.5x
2024-09-12,CRM,251.0456085205078,251.80854886415008,247.28048136953987,249.0837770413773,5219700.0,247.28048706054688,4822200.0,45.60627036980713,6.470424312967319,0.026166336009290653,5829660.0,0.8271837465649797,-0.016778786045568372,0.007292487985066433,0.2786973301297191,-0.007876191305725335,True,0,6.409036629049796e-05,51.81190973542032,-0.003004849688510891,0.0010642512064881998,53.495388850697395,-0.00042952825881770185,Unknown,0,0.7043069721623094,0.5-1.0%,0.8-1.2,<0.5x
2024-09-12,GOOGL,153.91014099121094,154.03949046129577,151.88041704126704,153.02462848632382,29621500.0,150.39793395996094,29607700.0,33.11831918210677,4.152325558937772,0.027608926862274633,24778145.0,1.1949118870682207,-0.03667043214562837,0.01746496416009387,0.6325839554437132,-0.00578673193750807,True,0,6.409036629049796e-05,51.81190973542032,-0.003004849688510891,0.0010642512064881998,53.495388850697395,-0.00042952825881770185,Unknown,0,0.6489889057493035,1.0-2.0%,0.8-1.2,0.5-1.0x
2024-09-12,META,523.0265502929688,524.1311617071216,512.6973676482601,514.5184246686891,11970500.0,509.323974609375,10782500.0,50.23263518684856,14.586945391860102,0.028639816931939108,10816965.0,0.9968138012834469,-0.0049526177502757784,0.010198714999226198,0.35610266027408144,-0.01653609514519952,True,0,6.409036629049796e-05,51.81190973542032,-0.003004849688510891,0.0010642512064881998,53.495388850697395,-0.00042952825881770185,Unknown,0,0.6912165255902558,1.0-2.0%,0.8-1.2,<0.5x
2024-09-12,NFLX,68.68000030517578,69.48799896240234,68.22000122070312,68.49199676513672,25821000.0,68.14700317382812,23919000.0,54.444489226471255,1.7812151745543319,0.026137835731541135,27594650.0,0.8667984554977143,0.001431365536978424,0.005062491015615029,0.19368439941284057,-0.0027448979284943062,True,0,6.409036629049796e-05,51.81190973542032,-0.003004849688510891,0.0010642512064881998,53.495388850697395,-0.00042952825881770185,Unknown,0,0.6174201316508411,0.5-1.0%,0.8-1.2,<0.5x
2024-09-13,AMD,152.30999755859375,153.02999877929688,150.6999969482422,152.32000732421875,25117200.0,150.77000427246094,29233700.0,54.91091933010665,6.48383796796226,0.04300482711564513,41014570.0,0.7127637812611469,0.032268608170493485,0.010280579742882783,0.23905641371925698,6.571536990340241e-05,True,0,-0.0015638220098311913,54.60714342999459,0.0048618426719686525,0.001108936959144123,56.964043557122785,0.0070630131262112705,Technology,1,0.5064916091861568,1.0-2.0%,<0.8,<0.5x
2024-09-16,JPM,201.4027862548828,201.74191934565195,199.2033001395087,199.43584981187368,8634900.0,197.97276306152344,10226700.0,38.57011847026476,4.940429492535089,0.024955096934216985,8579235.0,1.192029359261053,-0.04336975857545866,0.007390343639824654,0.296145659514207,-0.009862501876490752,True,0,-0.004523025141391637,55.87739228046352,0.006262735213691251,-0.00048035477215281006,59.022100661061664,0.009831604262594329,Unknown,0,0.5205579784790768,0.5-1.0%,0.8-1.2,<0.5x
2024-09-16,DIS,90.4445571899414,90.9566046253353,89.55832702303157,89.70603330295879,9028600.0,89.16445922851562,7084200.0,53.37256475793467,1.4898691352028062,0.01670922639013025,7968705.0,0.8890026673091801,0.014985191759869121,0.006073878304529224,0.3635044593157779,-0.008232711444150555,True,0,-0.004523025141391637,55.87739228046352,0.006262735213691251,-0.00048035477215281006,59.022100661061664,0.009831604262594329,Unknown,0,0.5142326417479872,0.5-1.0%,0.8-1.2,<0.5x
2024-09-17,AMD,150.82000732421875,154.0399932861328,149.22999572753906,153.5500030517578,29889000.0,152.0800018310547,27677800.0,55.96806082837355,5.997339914793312,0.03943542768664445,39919005.0,0.6933489449448953,0.0399769939243515,0.009665973191768802,0.24510887186453326,0.017779196830226374,True,1,0.0064449636361184545,54.257681442838795,0.013386253485804245,0.0040151017520694224,59.61336807844372,0.015270257252265607,Technology,1,0.50216993031365,0.5-1.0%,<0.8,<0.5x
2024-09-17,DIS,91.4391098022461,91.82314164349613,90.75966538496348,90.95660960653649,8193100.0,90.4445571899414,9028600.0,58.40164651692915,1.5114602967468684,0.016711456650428072,7906250.0,1.1419573122529645,0.027818008954355822,0.005661506148122636,0.3387799320281044,-0.005304729340691373,True,0,0.0064449636361184545,54.257681442838795,0.013386253485804245,0.0040151017520694224,59.61336807844372,0.015270257252265607,Unknown,0,0.5984097491646255,0.5-1.0%,0.8-1.2,<0.5x
2024-09-17,AVGO,160.0583038330078,163.55561079919963,158.314573424325,163.03347929793506,19844300.0,161.58531188964844,26126900.0,55.40924607839424,8.107423671015004,0.05017426136202165,29363700.0,0.8897686599440806,0.04569749744733698,0.008962246576443903,0.1786223919028669,0.01824886199901476,True,1,0.0064449636361184545,54.257681442838795,0.013386253485804245,0.0040151017520694224,59.61336807844372,0.015270257252265607,Unknown,0,0.6235135973687604,0.5-1.0%,0.8-1.2,<0.5x
2024-09-17,GOOGL,158.51681518554688,159.74061004154726,157.5815516503455,158.2183245621199,20715600.0,157.26312255859375,18379800.0,46.82261898679292,3.909637726607486,0.024860486444626056,23841570.0,0.7709139960162019,0.0006788639780410666,0.0060739096870613156,0.2443198245774582,-0.0018865742906396263,True,0,0.0064449636361184545,54.257681442838795,0.013386253485804245,0.0040151017520694224,59.61336807844372,0.015270257252265607,Unknown,0,0.5528788862448145,0.5-1.0%,<0.8,<0.5x
2024-09-17,INTC,21.469999313354492,22.579999923706055,21.239999771118164,21.709999084472656,196249800.0,20.90999984741211,149337000.0,48.705519395199985,1.009058479143315,0.0482572207798557,77623075.0,1.9238737965482557,0.0796428964525906,0.038259169913841845,0.7928175161262623,0.011054803373520904,True,1,0.0064449636361184545,54.257681442838795,0.013386253485804245,0.0040151017520694224,59.61336807844372,0.015270257252265607,Unknown,0,0.6496476566222249,>2.0%,1.2-2.0,0.5-1.0x
2024-09-17,CRM,252.8489227294922,256.9905686990718,252.42285963148268,256.34653776159587,5423400.0,254.55313110351562,5367000.0,55.32661756949696,5.97661186918034,0.0234788385563009,5968540.0,0.8992148833718129,0.015643730215276763,0.007045313684831257,0.3000707921704475,0.013644089218620493,True,1,0.0064449636361184545,54.257681442838795,0.013386253485804245,0.0040151017520694224,59.61336807844372,0.015270257252265607,Unknown,0,0.588595174657089,0.5-1.0%,0.8-1.2,<0.5x
2024-09-17,NFLX,70.69100189208984,70.76300048828125,69.83699798583984,70.08200073242188,22986000.0,69.6500015258789,18437000.0,60.03990522056619,1.7417820868871103,0.025007638890574037,25578050.0,0.7208133536372007,0.01942941243364804,0.006202429247362711,0.24802138556553419,-0.008689836952474845,True,0,0.0064449636361184545,54.257681442838795,0.013386253485804245,0.0040151017520694224,59.61336807844372,0.015270257252265607,Unknown,0,0.5922979011545296,0.5-1.0%,<0.8,<0.5x
2024-09-17,MRK,113.0987777709961,113.91147358455821,112.56335601986328,113.74893588076064,7914900.0,112.78325653076172,7846100.0,56.18301820137186,2.302260310353021,0.020413139158870428,8202270.0,0.9565766549991649,0.026146810587985625,0.008562258084253245,0.41944837673496965,0.005715729160280558,True,1,0.0064449636361184545,54.257681442838795,0.013386253485804245,0.0040151017520694224,59.61336807844372,0.015270257252265607,Unknown,0,0.5615733852420671,0.5-1.0%,0.8-1.2,<0.5x
2024-09-17,AMZN,186.8800048828125,189.4499969482422,186.13999938964844,186.85000610351562,26091700.0,184.88999938964844,26065500.0,58.22136388495644,4.840101689293424,0.02617827738261332,32448840.0,0.8032798707134061,0.04802345414041009,0.010600934178903587,0.40495155674163463,-0.000160550057891117,True,0,0.0064449636361184545,54.257681442838795,0.013386253485804245,0.0040151017520694224,59.61336807844372,0.015270257252265607,Consumer Cyclical,0,0.5910935661985542,1.0-2.0%,0.8-1.2,<0.5x
2024-09-17,META,534.2032470703125,539.9604028191319,528.4759413037808,535.4781635235854,11690800.0,531.1751708984375,9527600.0,61.067761466137156,14.47027004113485,0.027241992536397402,10422790.0,0.9141122482559852,0.03448313617482768,0.008100891873145657,0.2973678178026898,0.0023808934520945296,True,1,0.0064449636361184545,54.257681442838795,0.013386253485804245,0.0040151017520694224,59.61336807844372,0.015270257252265607,Unknown,0,0.5779045953051907,0.5-1.0%,0.8-1.2,<0.5x
2024-09-17,TSLA,227.8699951171875,234.57000732421875,226.5500030517578,229.4499969482422,66761600.0,226.77999877929688,54323000.0,54.82560985834049,10.623807657480372,0.04684631675926368,74902735.0,0.7252472156056785,0.04730560275991258,0.011773516991433466,0.25132214880277215,0.0068860398869872025,True,1,0.0064449636361184545,54.257681442838795,0.013386253485804245,0.0040151017520694224,59.61336807844372,0.015270257252265607,Consumer Cyclical,0,0.5983494887448427,1.0-2.0%,<0.8,<0.5x
2024-09-17,NVDA,115.55043029785156,118.75933823796504,114.79069593440207,118.12954900355818,231925900.0,116.74002075195312,248772300.0,50.91841190192343,6.1996097923588005,0.05310612206872575,342630745.0,0.7260653155921545,0.003588623792972534,0.011902758305632814,0.22413156604109039,0.021832968359414746,True,1,0.0064449636361184545,54.257681442838795,0.013386253485804245,0.0040151017520694224,59.61336807844372,0.015270257252265607,Technology,1,0.50216993031365,1.0-2.0%,<0.8,<0.5x
2024-09-18,TSLA,227.1999969482422,235.67999267578125,226.8800048828125,230.08999633789062,78010200.0,227.8699951171875,66761600.0,55.431611657757834,10.437821701407556,0.04580603820191272,74419055.0,0.8971035711216704,0.04845377230573589,0.009742402546510948,0.21268817232275142,0.012560300037574992,True,1,0.0025555258898337643,54.42704117725856,0.010902318491393004,0.0011899071952570614,59.78642919394564,0.012553123483417972,Consumer Cyclical,0,0.5005551624001666,0.5-1.0%,0.8-1.2,<0.5x
2024-09-18,DIS,92.14808654785156,92.63058670467368,91.27170549228245,92.08899952981488,10289800.0,91.4391098022461,8193100.0,61.84490006565718,1.5019691650902867,0.01642589443771458,7829725.0,1.0464096759464732,0.03814784314948061,0.007107349677553698,0.43269179066650454,-0.000641629492538332,True,0,0.0025555258898337643,54.42704117725856,0.010902318491393004,0.0011899071952570614,59.78642919394564,0.012553123483417972,Unknown,0,0.5560620454568482,0.5-1.0%,0.8-1.2,<0.5x
2024-09-18,PFE,27.318336486816406,27.676458656768308,27.299970798242345,27.547902339646797,25812800.0,27.39179801940918,27055300.0,58.83657580598517,0.5617265175369521,0.020507106438902842,26195070.0,1.0328393854263416,0.031229024367631864,0.005698943900177895,0.277900927522703,0.008333333333333347,True,1,0.0025555258898337643,54.42704117725856,0.010902318491393004,0.0011899071952570614,59.78642919394564,0.012553123483417972,Unknown,0,0.5793986581263809,0.5-1.0%,0.8-1.2,<0.5x
2024-09-19,INTC,21.139999389648438,21.690000534057617,21.030000686645508,21.280000686645508,99829200.0,20.770000457763672,118727900.0,47.92383122349823,1.0536780121210865,0.0507307649927003,85866080.0,1.382710145845717,0.05981377014235645,0.02455465660286982,0.48401904852810745,0.006579008105245487,True,1,0.02369333228903303,52.70383225345061,0.02809191578336767,0.017117890212820494,57.84727308785886,0.024870127918170226,Unknown,0,0.6503443109964783,>2.0%,1.2-2.0,<0.5x
2024-09-19,CSCO,49.5015983581543,49.771049686248666,49.22252914366046,49.47273001515987,16274000.0,48.66437911987305,12697700.0,60.75058027490866,0.855477534907809,0.01757913180810434,15289155.0,0.8305037132529561,0.027932781931885753,0.016610730680353337,0.9449118910807329,-0.00058352031483976,True,0,0.02369333228903303,52.70383225345061,0.02809191578336767,0.017117890212820494,57.84727308785886,0.024870127918170226,Unknown,0,0.6078325284129171,1.0-2.0%,0.8-1.2,0.5-1.0x
2024-09-19,BAC,39.723873138427734,39.898825657991,38.887989702230136,38.91715092730463,57977800.0,38.50893020629883,42527800.0,52.68799975972392,0.830161992500367,0.021557648785698522,39347490.0,1.0808262483833149,0.013076130064392455,0.010600676747416696,0.49173622099499326,-0.020729220713767565,True,0,0.02369333228903303,52.70383225345061,0.02809191578336767,0.017117890212820494,57.84727308785886,0.024870127918170226,Unknown,0,0.6290775611887615,1.0-2.0%,0.8-1.2,<0.5x
2024-09-19,XOM,110.98141479492188,112.49305995517201,110.20646069980836,111.13449611210521,12660600.0,109.62285614013672,12569900.0,50.795244349398615,2.2729011805746135,0.020733825596270208,13739430.0,0.9148778369990603,0.014041741898706661,0.013789459837062468,0.6650706968203226,0.0013774419513174147,True,0,0.02369333228903303,52.70383225345061,0.02809191578336767,0.017117890212820494,57.84727308785886,0.024870127918170226,Unknown,0,0.5998994285478175,1.0-2.0%,0.8-1.2,0.5-1.0x
2024-09-19,HD,378.8500061035156,380.33496806568473,375.6180405220654,379.335288177679,3753500.0,372.7063903808594,3549400.0,69.64478361140364,7.040404434696175,0.018889948271350435,2952210.0,1.2022857452552496,0.05093253568026146,0.01778584421384809,0.9415507103755868,0.0012792958875369933,True,0,0.02369333228903303,52.70383225345061,0.02809191578336767,0.017117890212820494,57.84727308785886,0.024870127918170226,Unknown,0,0.6503364755754354,1.0-2.0%,1.2-2.0,0.5-1.0x
2024-09-19,AAPL,227.58914184570312,228.53383738270648,223.37288038958053,223.7308662842885,66781300.0,219.45494079589844,59894900.0,48.32190339789729,4.826666525199214,0.02199388406428361,45402265.0,1.3192051101415314,0.0074735711309588115,0.019484298110958677,0.8858961906869233,-0.017245164359717863,True,0,0.02369333228903303,52.70383225345061,0.02809191578336767,0.017117890212820494,57.84727308785886,0.024870127918170226,Unknown,0,0.6308953671495298,1.0-2.0%,1.2-2.0,0.5-1.0x
2024-09-19,CRM,263.96356201171875,267.4865347282224,256.0840499858392,258.7337220820819,11022800.0,250.5069122314453,4436700.0,49.31241901995496,5.822026115590879,0.02324097991440597,5949915.0,0.7456745180393334,0.027623933587488603,0.032840650093661966,1.4130492868463616,-0.020213213366820866,True,0,0.02369333228903303,52.70383225345061,0.02809191578336767,0.017117890212820494,57.84727308785886,0.024870127918170226,Unknown,0,0.5939772042306308,>2.0%,<0.8,1.0-2.0x
2024-09-19,AMZN,189.8699951171875,190.99000549316406,188.47000122070312,190.0399932861328,39543200.0,186.42999267578125,34448100.0,59.56626355685871,4.742945054370431,0.025440890632972585,32606580.0,1.0564769442241413,0.060707085253394855,0.019363840327074854,0.7611305990199262,0.0008945389126032833,True,0,0.02369333228903303,52.70383225345061,0.02809191578336767,0.017117890212820494,57.84727308785886,0.024870127918170226,Consumer Cyclical,0,0.5919707533474423,1.0-2.0%,0.8-1.2,0.5-1.0x
2024-09-19,V,282.6908874511719,288.87514304111886,280.3420722574041,288.4886138346245,10382100.0,285.90191650390625,5890000.0,69.47914217921299,4.071928299384235,0.01424239595584733,5873445.0,1.0028186183747358,0.03952360377859265,0.009047499094616683,0.6352511980894732,0.02009689847508566,True,1,0.02369333228903303,52.70383225345061,0.02809191578336767,0.017117890212820494,57.84727308785886,0.024870127918170226,Financial Services,0,0.66996671860899,0.5-1.0%,0.8-1.2,0.5-1.0x
2024-09-19,MA,488.8084411621094,496.8592354195389,482.10604208232866,495.7388607530372,3517200.0,490.5435485839844,2193800.0,66.3052521112571,7.285392804636771,0.014851673874148328,2059925.0,1.0649902302268286,0.033507301268448586,0.010590929559770508,0.7131135284491862,0.013979980468750009,True,1,0.02369333228903303,52.70383225345061,0.02809191578336767,0.017117890212820494,57.84727308785886,0.024870127918170226,Unknown,0,0.6700345510774897,1.0-2.0%,0.8-1.2,0.5-1.0x
2024-09-19,JPM,203.94139099121094,205.32697543260485,200.89893633406905,203.2631395933968,11635200.0,201.08303833007812,8259900.0,44.09389354515193,4.654738617569018,0.023148340388254217,8819540.0,0.9365454434131485,-0.021377360237875953,0.010841795913885269,0.46836169384249005,-0.003336814531010867,True,0,0.02369333228903303,52.70383225345061,0.02809191578336767,0.017117890212820494,57.84727308785886,0.024870127918170226,Unknown,0,0.6029407475380268,1.0-2.0%,0.8-1.2,<0.5x
2024-09-19,META,556.893310546875,559.8516201147253,544.3630052709944,547.8292508952223,15647000.0,535.8268432617188,10323500.0,63.129802617317644,13.971450720039423,0.026074562884889328,10632300.0,0.9709564252325461,0.05572420997354288,0.022399787887523115,0.8590666691676043,-0.016545410156250027,True,0,0.02369333228903303,52.70383225345061,0.02809191578336767,0.017117890212820494,57.84727308785886,0.024870127918170226,Unknown,0,0.5787098395171437,>2.0%,0.8-1.2,0.5-1.0x
2024-09-19,NVDA,117.82965087890625,119.6190390017094,117.20986038538442,117.30982462581498,293506400.0,113.33118438720703,310318900.0,47.37092141480389,5.928698313636346,0.05231303586645994,338821935.0,0.9158760633369265,0.008438337849336897,0.03510631482518121,0.6710815811721859,-0.0044312252170640035,True,0,0.02369333228903303,52.70383225345061,0.02809191578336767,0.017117890212820494,57.84727308785886,0.024870127918170226,Technology,1,0.6355498727276983,>2.0%,0.8-1.2,0.5-1.0x
2024-09-19,ADBE,526.4400024414062,527.47998046875,518.02001953125,518.8099975585938,3582500.0,508.1300048828125,3997300.0,31.95662763713734,16.25497534708956,0.03198979629403771,2908255.0,1.3744668194501515,-0.06829944222206674,0.021018228746882056,0.6570291524738298,-0.014706742196020956,True,0,0.02369333228903303,52.70383225345061,0.02809191578336767,0.017117890212820494,57.84727308785886,0.024870127918170226,Technology,1,0.595370069656927,>2.0%,1.2-2.0,0.5-1.0x
2024-09-19,NFLX,70.43199920654297,71.56600189208984,69.53700256347656,70.5,42285000.0,69.0469970703125,29844000.0,55.05624276101748,1.715306520502012,0.02484259407770141,24304900.0,1.2279005468033195,0.02506985418375063,0.02104368026617966,0.8470806309663275,0.0009645502618018617,True,0,0.02369333228903303,52.70383225345061,0.02809191578336767,0.017117890212820494,57.84727308785886,0.024870127918170226,Unknown,0,0.5949794387782871,>2.0%,1.2-2.0,0.5-1.0x
2024-09-19,MSFT,434.6076354980469,437.3914837460106,432.8342844371603,437.1240071994986,21706600.0,426.80096435546875,18898000.0,59.85953758805485,8.084754563481315,0.018942681105911897,17254640.0,1.0952416277592578,0.05455998258251449,0.024187018554700592,1.276852966032985,0.00575665408443984,True,1,0.02369333228903303,52.70383225345061,0.02809191578336767,0.017117890212820494,57.84727308785886,0.024870127918170226,Technology,1,0.611601773827832,>2.0%,0.8-1.2,1.0-2.0x
2024-09-19,AMD,156.74000549316406,159.25,152.77000427246094,153.80999755859375,44500000.0,148.2899932861328,26320100.0,51.46520153467032,5.833778537271164,0.03934033853528203,35848555.0,0.7342025361970657,0.04699958494843193,0.03722438817439164,0.9462142309987313,-0.019049528516207986,True,0,0.02369333228903303,52.70383225345061,0.02809191578336767,0.017117890212820494,57.84727308785886,0.024870127918170226,Technology,1,0.6355498727276983,>2.0%,<0.8,0.5-1.0x
2024-09-19,AVGO,165.477294921875,168.02735900361984,163.73772298749546,165.73427251210495,32453100.0,159.27017211914062,26557600.0,53.45852062197288,7.7681547996608735,0.048773443867756824,29690835.0,0.894471307391658,0.06465128346163485,0.04058575630927876,0.8321281642387615,0.0015505398270064022,True,0,0.02369333228903303,52.70383225345061,0.02809191578336767,0.017117890212820494,57.84727308785886,0.024870127918170226,Unknown,0,0.6058433676051013,>2.0%,0.8-1.2,0.5-1.0x
2024-09-19,DIS,92.02008056640625,93.83192988520146,91.89207245379434,93.36912034418708,10912400.0,92.14808654785156,10289800.0,64.12460414358154,1.4917485970403537,0.016188600902371467,7901045.0,1.3023340583429155,0.05015426510866261,0.01325077754817457,0.8185251849796028,0.014448457614336075,True,1,0.02369333228903303,52.70383225345061,0.02809191578336767,0.017117890212820494,57.84727308785886,0.024870127918170226,Unknown,0,0.6503874473510389,1.0-2.0%,1.2-2.0,0.5-1.0x
2024-09-19,TSLA,243.9199981689453,244.24000549316406,232.1300048828125,234.0,102694600.0,227.1999969482422,78010200.0,54.943709372713954,10.3208335650905,0.04542620468186741,74619505.0,1.0454397948632868,0.06436932307014476,0.029929591298836603,0.6588618069337295,-0.04239315456814236,True,0,0.02369333228903303,52.70383225345061,0.02809191578336767,0.017117890212820494,57.84727308785886,0.024870127918170226,Consumer Cyclical,0,0.6568898722614785,>2.0%,0.8-1.2,0.5-1.0x
2024-09-19,CVX,137.16726684570312,138.86068347739345,137.11049193830098,137.943017353937,7247400.0,136.19284057617188,6180300.0,50.322539359957034,2.6783496603029757,0.019665862382868726,6884480.0,0.8977148600911035,0.016845071936415934,0.012850725268383368,0.6534534320538039,0.005623702620941176,True,1,0.02369333228903303,52.70383225345061,0.02809191578336767,0.017117890212820494,57.84727308785886,0.024870127918170226,Unknown,0,0.6041661604480425,1.0-2.0%,0.8-1.2,0.5-1.0x
2024-09-19,GOOGL,161.32257080078125,162.96424625525552,160.52660096333298,162.88466293518638,26587700.0,159.00433349609375,23677300.0,49.996121816249705,3.6704179957110847,0.023083760769333092,24023330.0,0.9855960851389045,0.0330420515112797,0.0244039225458466,1.0571900648991022,0.009590173232127495,True,1,0.02369333228903303,52.70383225345061,0.02809191578336767,0.017117890212820494,57.84727308785886,0.024870127918170226,Unknown,0,0.632273144791167,>2.0%,0.8-1.2,1.0-2.0x
2024-09-23,AVGO,170.93324279785156,171.30883818342562,166.39650781814822,170.00414794831318,29431100.0,169.1146240234375,91758500.0,60.35639922939564,7.67071444082998,0.045358078789016494,33594305.0,2.731370689168893,0.08682977195438801,0.005259887665021782,0.11596363438337404,-0.005465130473292113,True,0,0.002463838967520124,59.70810892477382,0.028950208971629365,0.0019183446341117523,63.703849369289344,0.022923401139604227,Unknown,0,0.5826051046081969,0.5-1.0%,>2.0,<0.5x
2024-09-24,GOOGL,161.47181701660156,162.39713636620655,159.87989243963506,162.20809181188605,23332100.0,161.03404235839844,24150900.0,52.94830797143949,3.564317692917566,0.022133939139308178,25637530.0,0.9420135247038228,0.03136192637546009,0.007290691063164394,0.3293896769697304,0.0045390756223083525,True,1,0.0029397785690081185,60.51001649893143,0.03108251730521716,0.0014219275429487462,64.70145794595842,0.023892216065520833,Unknown,0,0.5050835206357763,0.5-1.0%,0.8-1.2,<0.5x
2024-09-25,V,267.2203674316406,271.799074438985,265.8328850422708,271.73961306835827,11671300.0,270.3422546386719,13690200.0,42.321696035621414,5.151248807532889,0.019054545558990887,7824160.0,1.7497341567657103,-0.027808911299945005,0.005168849507281215,0.27126595547917925,0.01663079440530737,True,1,-0.001298050328832439,61.996276425548324,0.030629997427381594,-0.0002801306610242645,65.86136350241684,0.023963278854775005,Financial Services,0,0.6111765389189171,0.5-1.0%,1.2-2.0,<0.5x
2024-09-27,CVX,137.6403045654297,137.90519641920162,135.13327278687805,135.26571871376402,8049200.0,134.32913208007812,8046200.0,44.043359065158505,2.7220047773091007,0.020263696602211514,8283925.0,0.971302854625072,0.0018007258455765562,0.0069723269940250975,0.3440797170869682,-0.017554971608811955,True,0,0.002104282310553462,64.68727227506365,0.03842104452022377,0.0019046502224314152,65.86336353868278,0.025115958413413075,Unknown,0,0.5001252906032286,0.5-1.0%,0.8-1.2,<0.5x
2024-09-27,V,272.7109375,275.4958233203369,270.3422813833869,270.71889032618355,6509600.0,269.261962890625,9552500.0,42.20625013749314,5.09290688315336,0.018914319826235964,8282890.0,1.1532810407961471,-0.030907490125667847,0.005410817851574391,0.2860699142915555,-0.007358360443248969,True,0,0.002104282310553462,64.68727227506365,0.03842104452022377,0.0019046502224314152,65.86336353868278,0.025115958413413075,Financial Services,0,0.5044496214810711,0.5-1.0%,0.8-1.2,<0.5x
2024-10-01,META,574.1947021484375,580.7387783195545,567.8498487564399,575.6987520585425,15259300.0,570.1806640625,12792300.0,74.38145691583186,13.271937364183382,0.023276722976927514,12320760.0,1.0382719897149202,0.06961414734416538,0.009677788714767115,0.415771099925019,0.0026125641313741042,True,1,-0.0007580324039691013,62.499770995451826,0.028654354981845653,-0.0006272694511488889,66.50234549370234,0.022128695594319625,Unknown,0,0.5114900865221296,0.5-1.0%,0.8-1.2,<0.5x
2024-10-03,NVDA,122.80794525146484,124.31743049345978,120.2988023230489,120.87860561160097,277118000.0,118.80931091308594,221845900.0,51.33362253893038,5.303462078372228,0.04463843816291416,297273910.0,0.7462676425253734,0.035091028019931914,0.017416940495756383,0.39017808894188566,-0.01596096869336079,True,0,-0.004585546888837331,55.537626742190874,0.00815412847101138,-0.002636772331911004,59.13680024880476,0.008284282365358386,Technology,1,0.5048606757022588,1.0-2.0%,<0.8,<0.5x
2024-10-04,NVDA,124.87723541259766,124.99719707970252,121.78829684578011,124.89723283717322,243678100.0,122.80794525146484,277118000.0,56.11508053340002,5.318080471372344,0.043304042425617494,295787275.0,0.9368827648180605,0.058606502703255625,0.01701264182403097,0.39286498144493676,0.0001601110298547162,True,0,0.012168072995799441,55.134485260203945,0.0199368766219703,0.007977774265195315,57.600938536422476,0.014079281363441831,Technology,1,0.5005387985846522,1.0-2.0%,0.8-1.2,<0.5x
2024-10-08,CRM,289.3487243652344,290.40064648926926,281.9356322435412,283.82115131765556,5211200.0,282.40203857421875,4794700.0,68.58660853145433,6.446225683782957,0.022826413422255835,6030780.0,0.795038121105396,0.06373681594721692,0.005025150493252733,0.2201463015803084,-0.019475550084680954,True,0,0.0053101220210560315,54.21364998842608,0.008319222023720929,0.0046141714640213615,55.46100447898996,0.0064691656847282175,Unknown,0,0.6428711794043221,0.5-1.0%,<0.8,<0.5x
2024-10-08,AAPL,224.50650024414062,224.71531649859696,222.00059897690352,223.0447257693685,31855700.0,220.4493408203125,39505400.0,44.97114831029269,4.748076184578522,0.021538173654366527,59640440.0,0.6623928327825884,-0.0028385436890654425,0.011773158129656196,0.5466182192875658,-0.0065537280459328565,True,0,0.0053101220210560315,54.21364998842608,0.008319222023720929,0.0046141714640213615,55.46100447898996,0.0064691656847282175,Unknown,0,0.6434374023942966,1.0-2.0%,<0.8,0.5-1.0x
2024-10-08,TSLA,244.5,246.2100067138672,240.55999755859375,243.55999755859375,56303200.0,240.8300018310547,68113300.0,51.16757417016617,10.620698029291393,0.04410039425545472,78580195.0,0.8667998342330405,-0.0001683126480238606,0.011335779208498238,0.25704484959555957,-0.003859428686273129,True,0,0.0053101220210560315,54.21364998842608,0.008319222023720929,0.0046141714640213615,55.46100447898996,0.0064691656847282175,Consumer Cyclical,0,0.6273441617021659,1.0-2.0%,0.8-1.2,<0.5x
2024-10-08,GOOGL,163.55128479003906,163.89951115954543,162.0488877230142,163.11350061638578,23072700.0,162.15835571289062,22463100.0,50.769998036448314,3.3977030950901956,0.02095299425153272,24053230.0,0.9338912071268599,0.012888126984430537,0.005890198499461134,0.28111488166089976,-0.002683923599205167,True,0,0.0053101220210560315,54.21364998842608,0.008319222023720929,0.0046141714640213615,55.46100447898996,0.0064691656847282175,Unknown,0,0.5976887382873826,0.5-1.0%,0.8-1.2,<0.5x
2024-10-08,WMT,78.77969360351562,78.888410382831,78.14716372769027,78.69074762426716,15270000.0,78.17681884765625,16791600.0,52.08965681561811,1.2196336228647093,0.015600962546729082,16992070.0,0.9882021437058581,-0.0041463460053766665,0.006573927977453361,0.42137963973457904,-0.0011303232201219375,True,0,0.0053101220210560315,54.21364998842608,0.008319222023720929,0.0046141714640213615,55.46100447898996,0.0064691656847282175,Unknown,0,0.6239027128610359,0.5-1.0%,0.8-1.2,<0.5x
2024-10-08,AMZN,182.72000122070312,183.08999633789062,180.9199981689453,181.9199981689453,26372100.0,180.8000030517578,42364200.0,44.74327156682863,4.414993065936206,0.02441920902331136,37967860.0,1.1157910927821584,-0.028358261576030497,0.006194663154219515,0.2536799266637134,-0.004397554198603643,True,0,0.0053101220210560315,54.21364998842608,0.008319222023720929,0.0046141714640213615,55.46100447898996,0.0064691656847282175,Consumer Cyclical,0,0.6225232254368818,0.5-1.0%,0.8-1.2,<0.5x
2024-10-08,META,590.5499877929688,591.2173264049184,583.6572559768421,587.3626054402398,7857400.0,582.4719848632812,12014200.0,69.43415346300193,13.514639926234203,0.023202214488318062,12536820.0,0.9583131926597016,0.05351539130124516,0.008396318971643741,0.3618757587070472,-0.0054266007457862255,True,0,0.0053101220210560315,54.21364998842608,0.008319222023720929,0.0046141714640213615,55.46100447898996,0.0064691656847282175,Unknown,0,0.5836090532377088,0.5-1.0%,0.8-1.2,<0.5x
2024-10-09,HD,403.8226318359375,407.6660575654719,398.6592234641862,407.63694182582645,3627800.0,401.9882507324219,3693900.0,77.45731824054984,7.12959928427638,0.01773583996867138,3340130.0,1.105915039235,0.0556277637527367,0.014051881076406274,0.7922873177265662,0.00935712541852676,True,1,-0.0006132414841604289,60.02823483610689,0.014638130041808584,-1.7504250286075425e-05,60.58370128254873,0.009239312107518938,Unknown,0,0.5016283851564117,1.0-2.0%,0.8-1.2,0.5-1.0x
2024-10-09,NVDA,132.6045684814453,134.4739384804798,131.33501437000257,134.06407522234613,246191600.0,132.84449768066406,285722500.0,66.06281283727765,5.246130165612795,0.03949075992762315,291778125.0,0.9792457882166458,0.10665042540371927,0.009180489692645993,0.23247184175416152,0.01088663565149888,True,1,-0.0006132414841604289,60.02823483610689,0.014638130041808584,-1.7504250286075425e-05,60.58370128254873,0.009239312107518938,Technology,1,0.5048606757022588,0.5-1.0%,0.8-1.2,<0.5x
2024-10-14,NVDA,138.0227508544922,139.5522259694365,136.25335239175735,136.42329237635488,232347700.0,134.7538604736328,170209500.0,67.55670032190092,4.810260093455074,0.03569664035262496,272422075.0,0.6248006884170455,0.10354149163349646,0.012388750102255689,0.3470564730987262,-0.01172423308568771,True,0,0.004884931269936191,62.67316547664946,0.021682828567542778,0.002829647413628216,65.3211505306889,0.017864990059683006,Technology,1,0.5005387985846522,1.0-2.0%,<0.8,<0.5x
2024-10-17,AMD,156.25,160.44000244140625,156.1999969482422,160.0,29491900.0,156.1300048828125,30575800.0,45.68207411120722,5.813276760174749,0.037233565479858004,36250645.0,0.8434553371395185,-0.020550092525153496,0.024787004394781306,0.6657166477432888,0.0234375,True,1,0.011264858643829971,57.62660528591158,0.01743971665483479,0.006199552169038606,64.33717748091395,0.02064240578435661,Technology,1,0.5005387985846522,>2.0%,0.8-1.2,0.5-1.0x
2024-10-17,NVDA,136.8831329345703,140.8417844676902,136.8231559081479,139.2923118529861,306435900.0,135.6735382080078,264879700.0,63.227665415093746,5.1585326793137565,0.03802165659898214,276624140.0,0.9575436908723873,0.09944223393377394,0.026672656236252715,0.7015122070448333,0.017295849902746397,True,1,0.011264858643829971,57.62660528591158,0.01743971665483479,0.006199552169038606,64.33717748091395,0.02064240578435661,Technology,1,0.5005387985846522,>2.0%,0.8-1.2,0.5-1.0x
2024-10-18,NFLX,76.38899993896484,76.62799835205078,73.62300109863281,73.76399993896484,159741000.0,68.76499938964844,89267000.0,42.431924840027406,1.5720822052609251,0.022861662462220263,29895400.0,2.985977775845113,0.033730350971330036,0.07269687477186151,3.1798595089922164,-0.035586464971693856,True,0,0.005720060947897619,57.93566087558801,0.011825036793877697,0.002953569115768541,64.3779840489916,0.01635188946534094,Unknown,0,0.6196288324267767,>2.0%,>2.0,>2.0x
2024-10-18,NVDA,137.9527587890625,138.85244459278235,137.23300404466042,138.62252759913224,176090200.0,136.8831329345703,306435900.0,64.34069691638759,5.159226506482944,0.037690739508052004,277270615.0,1.1051870750890787,0.08547943228542887,0.012707151182705271,0.3371425275428888,0.004831601484042866,True,1,0.005720060947897619,57.93566087558801,0.011825036793877697,0.002953569115768541,64.3779840489916,0.01635188946534094,Technology,1,0.5133714125786739,1.0-2.0%,0.8-1.2,<0.5x
2024-10-18,AMD,155.97000122070312,158.00999450683594,155.55999755859375,157.41000366210938,23823000.0,156.25,29491900.0,45.830598689885946,5.705899674347535,0.03651775791582422,35500240.0,0.8307521301264442,-0.035729041784605564,0.0074240234375,0.20329899372828011,0.009148099916809017,True,1,0.005720060947897619,57.93566087558801,0.011825036793877697,0.002953569115768541,64.3779840489916,0.01635188946534094,Technology,1,0.5005387985846522,0.5-1.0%,0.8-1.2,<0.5x
2024-10-24,META,565.5390625,566.6346966004356,559.3037603206038,564.8916036624881,7184700.0,561.4651489257812,14248400.0,46.57748890936089,12.265031694152972,0.021844689234263154,10314985.0,1.3813301715901671,-0.02257895070051874,0.0061027024442434664,0.2793677849475398,-0.0011461647390650668,True,0,0.007678738673073231,51.94946497555073,0.004892608893442452,0.0034431222028927636,55.757986018237794,0.0055489429521888844,Unknown,0,0.5769702559608267,0.5-1.0%,1.2-2.0,<0.5x
2024-10-24,INTC,22.34000015258789,22.3700008392334,21.969999313354492,22.09000015258789,40554400.0,21.979999542236328,45799100.0,45.06894057456279,0.8567749380547641,0.03897975231566327,56255900.0,0.814120829992943,-0.03150139931956031,0.005004577463260976,0.1283891550344711,-0.011317338083889147,True,0,0.007678738673073231,51.94946497555073,0.004892608893442452,0.0034431222028927636,55.757986018237794,0.0055489429521888844,Unknown,0,0.6353170180477238,0.5-1.0%,0.8-1.2,<0.5x
2024-10-24,HD,390.8267822265625,392.30205875662415,386.3718961338883,390.4482775932173,2550300.0,387.8763122558594,3159000.0,46.99609403828442,6.991471334865167,0.01802500207915069,3165750.0,0.997867803837953,-0.018270874142396587,0.006630890456804596,0.3678718275696883,-0.0009694104317179925,True,0,0.007678738673073231,51.94946497555073,0.004892608893442452,0.0034431222028927636,55.757986018237794,0.0055489429521888844,Unknown,0,0.5824174092591634,0.5-1.0%,0.8-1.2,<0.5x
2024-10-24,TSLA,260.4800109863281,262.1199951171875,242.64999389648438,244.67999267578125,204491900.0,213.64999389648438,80938900.0,36.462688949615455,8.437708837452432,0.03949313867774126,72739785.0,1.1127184387471039,0.041275644139605605,0.14523753646504306,3.677538461811353,-0.06457421441679968,True,0,0.007678738673073231,51.94946497555073,0.004892608893442452,0.0034431222028927636,55.757986018237794,0.0055489429521888844,Consumer Cyclical,0,0.6981589595225259,>2.0%,0.8-1.2,>2.0x
2024-10-24,CRM,284.57537841796875,286.7089929592307,283.00739841400434,284.376889969211,3210700.0,282.26312255859375,3227100.0,54.92951050503331,5.607437505329874,0.019865994021822143,4339055.0,0.7437333705150084,0.002448732836753287,0.00748864177316842,0.3769578187198885,-0.0006979767194839476,True,0,0.007678738673073231,51.94946497555073,0.004892608893442452,0.0034431222028927636,55.757986018237794,0.0055489429521888844,Unknown,0,0.5883321191125628,0.5-1.0%,<0.8,<0.5x
2024-10-25,AVGO,170.99256896972656,174.74847812529228,170.71581919758574,172.16876304219073,19977700.0,169.36170959472656,20485200.0,46.40355043375222,5.86103755011052,0.03460662722486486,18839100.0,1.0873767855152316,-0.01672003501052788,0.01657430982588271,0.47893456123843436,0.006831634564139482,True,1,0.005727965893475354,56.013376074202306,0.010192908915337862,0.003918972760711291,57.173619039269674,0.007389498357103674,Unknown,0,0.5310243631276623,1.0-2.0%,0.8-1.2,<0.5x
2024-10-25,CRM,288.2471618652344,292.1373112085486,286.62957495096276,287.7906747919397,3351200.0,284.57537841796875,3210700.0,57.40389137369815,5.524468426423239,0.019413023210705184,4236920.0,0.7577910368852846,0.01208212068105552,0.011298575413817045,0.5820100914311234,-0.0015861774313038533,True,0,0.005727965893475354,56.013376074202306,0.010192908915337862,0.003918972760711291,57.173619039269674,0.007389498357103674,Unknown,0,0.5327781907887786,1.0-2.0%,<0.8,0.5-1.0x
2024-10-25,XOM,114.32041931152344,115.21975377613641,114.15777589112454,114.99970121376475,10714600.0,114.41609954833984,9905600.0,49.755548110968356,1.9938453544707697,0.017426265729574068,13089225.0,0.7567751337455044,-0.010137500032060265,0.005100695336833616,0.2927015699167975,0.005906814496662434,True,1,0.005727965893475354,56.013376074202306,0.010192908915337862,0.003918972760711291,57.173619039269674,0.007389498357103674,Unknown,0,0.5496248392249082,0.5-1.0%,<0.8,<0.5x
2024-10-25,BAC,40.71527099609375,41.774704088598554,40.618076796228415,41.716385344046714,27466900.0,41.45396041870117,28392000.0,66.25290127384454,0.7448191163598585,0.017967381375311186,32259975.0,0.8800998760848389,0.04272193677302294,0.006330515171408175,0.3523337674630137,0.023998108649550848,True,1,0.005727965893475354,56.013376074202306,0.010192908915337862,0.003918972760711291,57.173619039269674,0.007389498357103674,Unknown,0,0.5560781960490618,0.5-1.0%,0.8-1.2,<0.5x
2024-10-25,AMZN,187.8300018310547,190.4499969482422,187.52999877929688,187.85000610351562,29362100.0,186.3800048828125,21647400.0,50.52202481474065,3.9328468216415753,0.021101227162829916,30281375.0,0.7148750675951802,0.008536479751431125,0.007887118694021908,0.3737753559620063,0.00010649066707995767,True,0,0.005727965893475354,56.013376074202306,0.010192908915337862,0.003918972760711291,57.173619039269674,0.007389498357103674,Consumer Cyclical,0,0.5148748227980778,0.5-1.0%,<0.8,<0.5x
2024-10-25,META,570.9874877929688,578.9957335073058,569.4634972400297,571.6647966628544,11337900.0,565.5390625,7184700.0,49.24875768046146,11.912596307415747,0.0210641441013029,9954180.0,0.7217771830527477,-0.011474454524404432,0.010831672945411137,0.51422326458264,0.0011848007325963234,True,0,0.005727965893475354,56.013376074202306,0.010192908915337862,0.003918972760711291,57.173619039269674,0.007389498357103674,Unknown,0,0.544692215390167,1.0-2.0%,<0.8,0.5-1.0x
2024-10-25,CVX,142.6732635498047,143.91258209600537,142.3421559519129,143.22197222589418,6839900.0,142.33267211914062,5474300.0,55.38819380400128,2.315156062794283,0.016265809025607026,6052650.0,0.9044468125531792,0.007325950634409439,0.0062480391431782925,0.3841210193321522,0.003831176652308971,True,1,0.005727965893475354,56.013376074202306,0.010192908915337862,0.003918972760711291,57.173619039269674,0.007389498357103674,Unknown,0,0.5237526598607317,0.5-1.0%,0.8-1.2,<0.5x
2024-10-29,TSLA,259.5199890136719,264.9800109863281,255.50999450683594,264.510009765625,80521800.0,262.510009765625,107653600.0,63.4784479303387,11.487907070225019,0.04376178676189029,85485855.0,1.259314772016961,0.11807624659593641,0.007618757097246106,0.1740961158350339,0.01886514902167462,True,1,0.0006458893835582375,58.928737355360944,0.009115651177840078,-0.0016874377792326617,59.02547004761224,0.00313808210405897,Consumer Cyclical,0,0.5484364939975587,0.5-1.0%,1.2-2.0,<0.5x
2024-10-29,PFE,26.13377571105957,26.785743640496744,25.7389239174395,26.638821635557075,102267000.0,26.50108528137207,37922500.0,47.368476720352334,0.46776130761387785,0.017650647233782266,29903670.0,1.2681553802593462,-0.0011534960303211106,0.0051973854173369164,0.2944586308081347,0.01895901896138596,True,1,0.0006458893835582375,58.928737355360944,0.009115651177840078,-0.0016874377792326617,59.02547004761224,0.00313808210405897,Unknown,0,0.501306150844645,0.5-1.0%,1.2-2.0,<0.5x
2024-10-30,MA,509.9894104003906,512.7295372208089,503.34760233627685,508.82785597711336,3121000.0,502.6327819824219,2066300.0,55.59559243006366,6.000226597840955,0.011937595025488799,2014735.0,1.0255939366715723,0.012541287102891596,0.012325248604473512,1.0324733397436423,-0.0022828043111883245,True,0,-0.0015394495952499865,63.28191030161658,0.014327653453487965,-0.0008249583894347324,60.15637653532858,0.004382741752610553,Unknown,0,0.5314551265853052,1.0-2.0%,0.8-1.2,1.0-2.0x
2024-10-30,ABBV,194.6924591064453,195.51374833001327,182.1799690256799,185.14624349047284,10396400.0,183.04954528808594,6131500.0,46.75917995046254,2.71949241219209,0.01485659201126184,4632295.0,1.3236419528549024,0.004782635356294307,0.01145426610640901,0.7709888040087698,-0.05156040671418589,True,0,-0.0015394495952499865,63.28191030161658,0.014327653453487965,-0.0008249583894347324,60.15637653532858,0.004382741752610553,Unknown,0,0.5410608061913423,1.0-2.0%,1.2-2.0,0.5-1.0x
2024-10-30,GOOGL,173.58045959472656,181.10234312249673,173.18246710164854,179.76908724801194,68890800.0,168.82455444335938,42169000.0,64.13293526901703,3.1625240357656885,0.01873260703215251,21365560.0,1.97369036898635,0.09289404280749802,0.064827849483971,3.4606955333393232,0.03442542735252064,True,1,-0.0015394495952499865,63.28191030161658,0.014327653453487965,-0.0008249583894347324,60.15637653532858,0.004382741752610553,Unknown,0,0.503956767545832,>2.0%,1.2-2.0,>2.0x
2024-10-30,V,287.5669250488281,293.1366958450851,285.75326230871457,289.72743574117493,9606800.0,279.3609313964844,7534800.0,50.81235653755964,3.8757481097572914,0.013873622522601834,5268560.0,1.4301441000956618,0.036108162141190725,0.03710792447916721,2.6747105464858834,0.007457045573954117,True,1,-0.0015394495952499865,63.28191030161658,0.014327653453487965,-0.0008249583894347324,60.15637653532858,0.004382741752610553,Financial Services,0,0.5649373354645096,>2.0%,1.2-2.0,>2.0x
2024-10-31,MA,495.9909362792969,524.0970181354613,495.4349729584997,517.4949006799704,5523300.0,509.9894104003906,3121000.0,63.454001400948925,6.292835786451388,0.012339149908055753,2083960.0,1.4976295130424768,0.026937027071422426,0.014716953188669715,1.1927039786640072,0.041553963860161906,True,1,-0.008058435146314642,58.0225357315911,-0.0007002590992016833,-0.0076722806109772515,56.984971874190485,-0.006072502982047978,Unknown,0,0.5312938650206959,1.0-2.0%,1.2-2.0,1.0-2.0x
2024-10-31,V,287.25970458984375,293.6916957516853,287.03174914187514,289.47967671149655,7950200.0,287.5669250488281,9606800.0,61.761053663342054,4.582892133960395,0.0159367845699996,5511820.0,1.7429451614893083,0.032833622249379246,0.006651500906592949,0.41736781201862705,0.007668835846688082,True,1,-0.008058435146314642,58.0225357315911,-0.0007002590992016833,-0.0076722806109772515,56.984971874190485,-0.006072502982047978,Financial Services,0,0.5507194932898942,0.5-1.0%,1.2-2.0,<0.5x
2024-11-01,INTC,23.200000762939453,23.579999923706055,21.90999984741211,23.0,173471100.0,21.520000457763672,112485500.0,41.04890569881201,0.8113541180230871,0.03770232810243174,53969335.0,2.0842483977243744,0.01223484578993439,0.06877321146628487,1.8241104708292302,-0.008695685345193615,True,0,0.003410189360714881,44.74666829158185,-0.013627408998481583,0.004712850738580805,41.692353506682856,-0.0126631719728022,Unknown,0,0.5651058732639274,>2.0%,>2.0,1.0-2.0x
2024-11-01,AMZN,197.92999267578125,200.5,197.02000427246094,199.0,99687800.0,186.39999389648438,75146800.0,48.78854793522196,4.144272447402575,0.02223322201235726,32196275.0,2.3340215599475407,0.059119065132559045,0.06759660148118314,3.040342126013622,0.0053769212272299,True,1,0.003410189360714881,44.74666829158185,-0.013627408998481583,0.004712850738580805,41.692353506682856,-0.0126631719728022,Consumer Cyclical,0,0.6043855700594329,>2.0%,>2.0,>2.0x
2024-11-05,AMD,141.66000366210938,143.0800018310547,140.8000030517578,141.94000244140625,27067300.0,140.7100067138672,29117400.0,35.465818706340215,5.8009770673804715,0.04122647139927097,39996790.0,0.7279934214720731,-0.08757516030195789,0.008741352205605747,0.21203250991207373,0.001972655872064398,True,0,0.0032920989216493977,47.05868402579496,-0.009758005899485944,0.0016321658162295745,43.65925694005403,-0.013605791858023464,Technology,1,0.506374068484039,0.5-1.0%,<0.8,<0.5x
2024-11-05,AVGO,171.88211059570312,172.37630874587103,168.0767938884487,168.0767938884487,13441800.0,166.59420776367188,13621300.0,43.72521757878976,5.640565152382876,0.03385811084371252,19348555.0,0.7039957247453362,-0.037108543949703754,0.008899385787049638,0.26284354222032036,-0.0226403456373638,True,0,0.0032920989216493977,47.05868402579496,-0.009758005899485944,0.0016321658162295745,43.65925694005403,-0.013605791858023464,Unknown,0,0.5109169056100894,0.5-1.0%,<0.8,<0.5x
2024-11-05,META,570.1707153320312,571.2165590136462,564.4334392801001,565.0609576479214,9775400.0,558.4669799804688,12064600.0,43.97869705957327,13.131211945213714,0.023512960328778885,11684870.0,1.0324975802041443,-0.018428853160137648,0.01180728297970867,0.5021606303336057,-0.009042843280801573,True,0,0.0032920989216493977,47.05868402579496,-0.009758005899485944,0.0016321658162295745,43.65925694005403,-0.013605791858023464,Unknown,0,0.5138853052567658,1.0-2.0%,0.8-1.2,0.5-1.0x
2024-11-06,JNJ,151.97132873535156,154.83017734123354,151.46116521731997,153.91571944313236,8926600.0,152.42373657226562,6547100.0,38.15931375556017,2.0554173148907773,0.013484889959486613,6061365.0,1.0801362399393537,-0.012051312766190758,0.00978838929171226,0.7258783216711482,0.012632827334437383,True,1,0.01696428179330355,53.086716083989835,0.015302772779792306,0.02167493143779375,52.47702227658079,0.01671483536460605,Unknown,0,0.5051586896955559,0.5-1.0%,0.8-1.2,0.5-1.0x
2024-11-06,CSCO,56.11488723754883,56.328216145786925,55.23248634302277,55.455510338452086,20506000.0,54.456756591796875,10183600.0,64.80615637631212,0.8006183287759471,0.014701909898478027,15973535.0,0.6375295136611903,0.027811377929903625,0.018340309066545823,1.2474779938927834,-0.011890196214451552,True,0,0.01696428179330355,53.086716083989835,0.015302772779792306,0.02167493143779375,52.47702227658079,0.01671483536460605,Unknown,0,0.5390861634545581,1.0-2.0%,<0.8,1.0-2.0x
2024-11-06,CRM,304.5619201660156,306.2092773275318,300.7611117989333,302.6764011014171,5874900.0,295.2236022949219,4456100.0,62.45731233144817,5.761729259413958,0.019516492633465388,3664585.0,1.215990350885571,0.04271898527182438,0.025244590027900516,1.2935003487569803,-0.006229488185194592,True,0,0.01696428179330355,53.086716083989835,0.015302772779792306,0.02167493143779375,52.47702227658079,0.01671483536460605,Unknown,0,0.5116322995237149,>2.0%,1.2-2.0,1.0-2.0x
2024-11-06,TSLA,288.5299987792969,289.5899963378906,275.6199951171875,284.6700134277344,165228700.0,251.44000244140625,69282500.0,55.755464169148894,10.844053385870918,0.04312779701152738,81666855.0,0.8483551864462027,0.18718362016037626,0.13215880792107376,3.064353319177184,-0.013559508095299915,True,0,0.01696428179330355,53.086716083989835,0.015302772779792306,0.02167493143779375,52.47702227658079,0.01671483536460605,Consumer Cyclical,0,0.5132344146366017,>2.0%,0.8-1.2,>2.0x
2024-11-06,WMT,82.46617126464844,84.54166058338355,81.1022724669227,84.14632748925504,19974000.0,82.703369140625,10612500.0,64.61830707222303,1.0361236111363927,0.01252819107495628,11075945.0,0.9581575206449653,0.03957943549303855,0.017447394992778385,1.3926507736344746,0.019967077289512736,True,1,0.01696428179330355,53.086716083989835,0.015302772779792306,0.02167493143779375,52.47702227658079,0.01671483536460605,Unknown,0,0.5217744632209171,1.0-2.0%,0.8-1.2,1.0-2.0x
2024-11-07,AMD,149.82000732421875,150.1199951171875,145.66000366210938,146.67999267578125,30326400.0,145.10000610351562,32911500.0,41.11178331142945,5.4526279053860165,0.03757841265351887,39564685.0,0.8318403141589527,-0.04367305980991909,0.010888949040694379,0.28976607237492585,-0.02140724574058393,True,0,0.005577644468107147,62.89757200424573,0.02903094801439665,0.0034516416786192386,64.81832716222347,0.02175369743046751,Technology,1,0.5005387985846522,1.0-2.0%,0.8-1.2,<0.5x
2024-11-07,META,589.3646850585938,592.4524256318628,572.9397776720764,574.6131397370345,14653700.0,569.7921752929688,18305400.0,50.31252318828638,13.436501859021984,0.02358140817239789,12219555.0,1.498041458956566,-8.222870149365846e-05,0.008460917248621412,0.3587960984673062,-0.025672133652060395,True,0,0.005577644468107147,62.89757200424573,0.02903094801439665,0.0034516416786192386,64.81832716222347,0.02175369743046751,Unknown,0,0.5389811553770821,0.5-1.0%,1.2-2.0,<0.5x
2024-11-07,PFE,25.21551513671875,25.334890373795975,25.105324496361394,25.279795053617296,48484800.0,25.123687744140625,65749500.0,32.79955023706919,0.49619296378844263,0.019750005207900472,37429675.0,1.7566142372328908,-0.03813559799449029,0.006213550775923731,0.3146100829096573,0.0025427388458731854,True,1,0.005577644468107147,62.89757200424573,0.02903094801439665,0.0034516416786192386,64.81832716222347,0.02175369743046751,Unknown,0,0.513850741687128,0.5-1.0%,1.2-2.0,<0.5x
2024-11-07,PG,159.20382690429688,159.72992075246015,157.32349741250763,157.79115290646112,9056700.0,156.90457153320312,11473700.0,26.684514696683003,2.256198013265404,0.01437942815316864,6333070.0,1.8117121711902757,-0.0363803473934462,0.00565044959872558,0.3929537070972082,-0.008952808644938345,True,0,0.005577644468107147,62.89757200424573,0.02903094801439665,0.0034516416786192386,64.81832716222347,0.02175369743046751,Unknown,0,0.5050183336396483,0.5-1.0%,1.2-2.0,<0.5x
2024-11-07,GOOGL,179.83876037597656,180.16709852379773,176.2967103185547,176.51560241710214,25352900.0,175.62013244628906,33695500.0,67.98305289831443,3.960237251920837,0.022550018592726092,25879975.0,1.3019912113516339,0.058750199918765844,0.0050989027188380505,0.22611523346959864,-0.01882642618198631,True,0,0.005577644468107147,62.89757200424573,0.02903094801439665,0.0034516416786192386,64.81832716222347,0.02175369743046751,Unknown,0,0.554070209683369,0.5-1.0%,1.2-2.0,<0.5x
2024-11-07,INTC,26.229999542236328,26.3799991607666,25.190000534057617,25.43000030517578,101489300.0,25.049999237060547,116760500.0,64.29105613661764,1.0017687816142815,0.039990770943106525,65260210.0,1.789152992305725,0.10907585631325256,0.015169703779992012,0.37933011598034505,-0.03145887642391112,True,0,0.005577644468107147,62.89757200424573,0.02903094801439665,0.0034516416786192386,64.81832716222347,0.02175369743046751,Unknown,0,0.5395766132697802,1.0-2.0%,1.2-2.0,<0.5x
2024-11-07,AVGO,181.67710876464844,182.72480635618726,179.68054415560994,179.8782354671475,18970600.0,177.46656799316406,24300800.0,56.50258237183794,5.692541122712095,0.03207669583676949,18921770.0,1.2842773165512529,0.03232717746782665,0.01358941856629773,0.42365393977768095,-0.010000505579950912,True,0,0.005577644468107147,62.89757200424573,0.02903094801439665,0.0034516416786192386,64.81832716222347,0.02175369743046751,Unknown,0,0.5274443625573063,1.0-2.0%,1.2-2.0,<0.5x
2024-11-07,HD,387.6821594238281,387.9927470708497,379.29647066985535,379.49059535406093,4323100.0,376.93798828125,7133400.0,39.781019655061705,7.828266329278986,0.020768048253703663,3078890.0,2.3168739383349193,-0.028986376951299353,0.006771954942642493,0.32607565525252563,-0.02158568399336629,True,0,0.005577644468107147,62.89757200424573,0.02903094801439665,0.0034516416786192386,64.81832716222347,0.02175369743046751,Unknown,0,0.5131849323626877,0.5-1.0%,>2.0,<0.5x
2024-11-07,KO,61.370174407958984,62.07391615053134,61.3123312607329,61.97751458263861,14856100.0,61.40873718261719,22899300.0,22.482067001221107,1.0419889123272579,0.016968088909377718,13338070.0,1.7168375934449287,-0.04701201637625718,0.009262157570998335,0.5458574398369305,0.009799363184688895,True,1,0.005577644468107147,62.89757200424573,0.02903094801439665,0.0034516416786192386,64.81832716222347,0.02175369743046751,Unknown,0,0.5324354895504292,0.5-1.0%,1.2-2.0,0.5-1.0x
2024-11-07,MA,514.1492309570312,520.2549509945769,512.8685458476297,520.2152003708832,2382300.0,517.3757934570312,3673700.0,63.67771756187211,8.510764911630783,0.01644987071150559,2508100.0,1.4647342609943783,0.026206972036087794,0.005488093857038431,0.3336253489943769,0.011660500134419821,True,1,0.005577644468107147,62.89757200424573,0.02903094801439665,0.0034516416786192386,64.81832716222347,0.02175369743046751,Unknown,0,0.5473956455704817,0.5-1.0%,1.2-2.0,<0.5x
2024-11-08,JPM,231.02528381347656,233.3259835376562,229.85543977372186,233.3259835376562,9502100.0,230.4403533935547,16451100.0,62.69109097867664,5.845343124172036,0.025365970144079493,9001215.0,1.8276532668089809,0.059767485413426025,0.012522243181832562,0.4936630891980805,0.009860452270667676,True,1,-0.0009735318739029019,67.28420866300588,0.035820817842675545,0.0009400821062602948,67.69739716933526,0.025388145476999746,Unknown,0,0.5239393829519157,1.0-2.0%,1.2-2.0,<0.5x
2024-11-08,TSLA,321.2200012207031,328.7099914550781,297.6600036621094,299.1400146484375,204782800.0,296.9100036621094,117309200.0,71.26202671255697,12.897015799362634,0.04343745795119704,88324920.0,1.3281551797612723,0.2113236646162262,0.00751073038571624,0.17290906834729405,-0.07381154473170363,True,0,-0.0009735318739029019,67.28420866300588,0.035820817842675545,0.0009400821062602948,67.69739716933526,0.025388145476999746,Consumer Cyclical,0,0.6274183450816145,0.5-1.0%,1.2-2.0,<0.5x
2024-11-11,BAC,44.78776931762695,45.215428957601915,44.30179093722416,44.32122680964597,43293500.0,43.86441421508789,38331800.0,68.90642441917092,0.9438941778533808,0.021518449402402204,37273525.0,1.0283921362414743,0.06547026238319442,0.010414195714961858,0.4839658992250284,-0.010526389758675293,True,0,0.0023922855837213586,67.59525790762132,0.03853626182405279,0.0027083026518000203,69.22835186672204,0.030097823833497905,Unknown,0,0.5482507180238638,1.0-2.0%,0.8-1.2,<0.5x
2024-11-11,MA,526.301025390625,530.1828917926402,524.7125759843868,525.0401550448173,2213400.0,520.9796752929688,2215600.0,64.56555637133194,8.605497483271748,0.016517914021180413,2567450.0,0.8629574091024168,0.03182687821897656,0.007793931211549055,0.4718471837034105,-0.0024014741228698235,True,0,0.0023922855837213586,67.59525790762132,0.03853626182405279,0.0027083026518000203,69.22835186672204,0.030097823833497905,Unknown,0,0.5547724659507256,0.5-1.0%,0.8-1.2,<0.5x
2024-11-11,CRM,339.1266174316406,342.25261380509875,322.77215571814094,322.77215571814094,13954200.0,319.4973449707031,8485000.0,77.3117378986998,6.6449167591661595,0.020798034361679835,4048035.0,2.096078714734433,0.09510684141899017,0.010249884072551844,0.4928294613955033,-0.05066875015012489,True,0,0.0023922855837213586,67.59525790762132,0.03853626182405279,0.0027083026518000203,69.22835186672204,0.030097823833497905,Unknown,0,0.5409042045177284,1.0-2.0%,>2.0,<0.5x
2024-11-11,TSLA,350.0,358.6400146484375,336.0,346.29998779296875,210521600.0,321.2200012207031,204782800.0,76.3332255565845,14.247228084620215,0.04435348991494232,91432615.0,2.2397128202009755,0.36116718370863166,0.07807728807968506,1.7603414799921184,-0.010684413333688181,True,0,0.0023922855837213586,67.59525790762132,0.03853626182405279,0.0027083026518000203,69.22835186672204,0.030097823833497905,Consumer Cyclical,0,0.6304121840679878,>2.0%,>2.0,1.0-2.0x
2024-11-12,AMZN,208.91000366210938,209.5399932861328,206.00999450683594,208.3699951171875,38942900.0,206.83999633789062,35456000.0,66.60497960884202,4.767479716348908,0.02304911912955571,39862595.0,0.8894553904481131,0.07043322212989933,0.0073970160819259185,0.32092402492036154,-0.0025915849574127676,True,0,-0.0001361595451752483,67.25102009090432,0.03308570315746184,-0.000133507445640891,69.5715337141662,0.026583808514991647,Consumer Cyclical,0,0.5033444658954228,0.5-1.0%,0.8-1.2,<0.5x
2024-11-12,JPM,233.54042053222656,235.39268694423095,232.7605196679811,234.5055495252096,6861000.0,233.2772216796875,9017100.0,64.68982171745455,5.626830837272344,0.024120789834330823,8558695.0,1.0535601514015864,0.05725797798308774,0.005265528441558331,0.2182983425386829,0.004115591272518211,True,1,-0.0001361595451752483,67.25102009090432,0.03308570315746184,-0.000133507445640891,69.5715337141662,0.026583808514991647,Unknown,0,0.5155999357454927,0.5-1.0%,0.8-1.2,<0.5x
2024-11-12,CVX,146.91152954101562,148.97391806523405,146.75070339574745,148.81309191996587,5681900.0,148.05624389648438,7771700.0,65.10780601125927,2.452527713982867,0.01656483812798592,6843330.0,1.1356605629130847,0.03289092719771558,0.005111895341682831,0.3085991726684247,0.012778192794844536,True,1,-0.0001361595451752483,67.25102009090432,0.03308570315746184,-0.000133507445640891,69.5715337141662,0.026583808514991647,Unknown,0,0.533375121999437,0.5-1.0%,0.8-1.2,<0.5x
2024-11-12,KO,60.926719665527344,61.45693562957986,60.84959547130967,61.389453798381396,15021000.0,61.08096694946289,13980900.0,23.240496255535973,0.9781733145674071,0.016014371798939057,14261845.0,0.9803009358186126,-0.041909015158403506,0.005050457848411946,0.31537033808260506,0.007537681217588108,True,1,-0.0001361595451752483,67.25102009090432,0.03308570315746184,-0.000133507445640891,69.5715337141662,0.026583808514991647,Unknown,0,0.5209613921158293,0.5-1.0%,0.8-1.2,<0.5x
2024-11-12,ABBV,165.30982971191406,170.6626725944103,165.25185913264843,170.063608874344,10557000.0,168.5369873046875,20760300.0,28.106170529821334,5.153023924257943,0.03057503285579748,6341865.0,3.273532312655662,-0.08576207066667929,0.009058080330441736,0.2962574193513643,0.027952947687605475,True,1,-0.0001361595451752483,67.25102009090432,0.03308570315746184,-0.000133507445640891,69.5715337141662,0.026583808514991647,Unknown,0,0.6277653922619777,0.5-1.0%,>2.0,<0.5x
2024-11-12,XOM,115.14321899414062,116.06168502005734,114.65528140873141,115.8894721839905,11972800.0,115.25801849365234,11969700.0,54.381713430102465,2.115878792411987,0.018357757838154364,13007585.0,0.9202092471431091,0.01441265497576305,0.005478609632465082,0.2984356630458682,0.006439352736589405,True,1,-0.0001361595451752483,67.25102009090432,0.03308570315746184,-0.000133507445640891,69.5715337141662,0.026583808514991647,Unknown,0,0.5022223465253964,0.5-1.0%,0.8-1.2,<0.5x
2024-11-13,CRM,339.11663818359375,345.53734828300503,336.1891003787379,342.86783938280405,6902900.0,338.5509948730469,7659700.0,82.71514208667278,7.972475456514528,0.023548817097714107,4754065.0,1.6111895819682736,0.13951554483139272,0.012750943211305425,0.5414685229579181,0.01094066216873193,True,1,-0.0009943322908645854,66.12674383756321,0.028198199201270535,0.0007873415820338095,66.94825626492569,0.023171622816133386,Unknown,0,0.5556629826437598,1.0-2.0%,1.2-2.0,0.5-1.0x
2024-11-13,HD,398.1156921386719,400.5906187558508,394.74783351344956,397.086896558104,3083100.0,391.2149963378906,5647100.0,52.49034629225168,8.19852882889382,0.020956581178224538,3376415.0,1.6725135980026151,0.01941370386518404,0.015009394514983886,0.716213889438215,-0.002590857541473505,True,0,-0.0009943322908645854,66.12674383756321,0.028198199201270535,0.0007873415820338095,66.94825626492569,0.023171622816133386,Unknown,0,0.5022991378327624,1.0-2.0%,1.2-2.0,0.5-1.0x
2024-11-14,CVX,153.0703125,153.09869273754623,151.06468428842223,151.21605517901727,10111200.0,150.15647888183594,8824000.0,67.51884646595428,2.5655485770422635,0.017085833366279154,7018210.0,1.257300650735729,0.043873509949142075,0.007056480713130997,0.4130018455557321,-0.012262304546878709,True,0,-0.0006636406787156256,65.29249399841457,0.025105539783375264,0.00021771220133900835,67.1561852460498,0.02179179889614491,Unknown,0,0.5226361379749472,0.5-1.0%,1.2-2.0,<0.5x
2024-11-14,AMD,138.83999633789062,141.39999389648438,138.55999755859375,140.33999633789062,31681400.0,139.3000030517578,35146600.0,36.97373389448948,5.21661799470234,0.037448800290148396,35870230.0,0.9798264466104623,-0.06035958208725767,0.0074658525724970465,0.19936159542235263,0.010688328624353914,True,1,-0.0006636406787156256,65.29249399841457,0.025105539783375264,0.00021771220133900835,67.1561852460498,0.02179179889614491,Technology,1,0.5048606757022588,0.5-1.0%,0.8-1.2,<0.5x
2024-11-14,JPM,235.79238891601562,238.15157840188607,234.9930012618911,236.32857172538908,10172200.0,235.10023498535156,11472600.0,66.05134830250698,5.341730382158977,0.022721076320879923,8694460.0,1.319529907550325,0.05745276986529024,0.005224736334755489,0.22995109302784777,0.0022688023096779646,True,1,-0.0006636406787156256,65.29249399841457,0.025105539783375264,0.00021771220133900835,67.1561852460498,0.02179179889614491,Unknown,0,0.5247534272926418,0.5-1.0%,1.2-2.0,<0.5x
2024-11-14,XOM,116.29193115234375,117.56520020294245,116.07007773616972,117.35299482725819,13041800.0,116.21476745605469,15127900.0,57.73562059832561,2.1397870790010445,0.01841235090721307,13152715.0,1.150173177172926,0.02621788734569952,0.009794171568031633,0.5319348744431516,0.00904164121653909,True,1,-0.0006636406787156256,65.29249399841457,0.025105539783375264,0.00021771220133900835,67.1561852460498,0.02179179889614491,Unknown,0,0.5049080918428611,0.5-1.0%,0.8-1.2,0.5-1.0x
2024-11-14,DIS,107.45030975341797,113.05323946068607,106.7413255869947,108.64179411151392,47436100.0,101.14823913574219,17701300.0,76.19572446952074,1.7389076275723527,0.01719167473828899,8174365.0,2.1654648403882137,0.12530539237871396,0.07408487819264245,4.30934619927644,0.010967090223795137,True,1,-0.0006636406787156256,65.29249399841457,0.025105539783375264,0.00021771220133900835,67.1561852460498,0.02179179889614491,Unknown,0,0.5201650448953459,>2.0%,>2.0,>2.0x
2024-11-15,PG,165.17601013183594,166.17951146443113,162.5844902022823,163.61720327537125,9939400.0,162.7793426513672,7444300.0,49.10733408259361,2.2311180469274667,0.013706395483522538,6437010.0,1.1564841440358178,0.006819365247017428,0.005147217149036866,0.37553397282492784,-0.009527157445914654,True,0,-0.011303553368981216,60.83453596376437,0.006613865022495613,-0.006117927478389619,61.6270828539532,0.008690780981629231,Unknown,0,0.5088367507123197,0.5-1.0%,0.8-1.2,<0.5x
2024-11-15,DIS,113.31910705566406,113.4274244934663,108.56301141903157,108.56301141903157,32048000.0,107.45030975341797,47436100.0,85.00737270397735,2.4650571059560336,0.02294136807621088,10069045.0,4.7110823320384405,0.1177856963152395,0.010355499841434421,0.45138981280600204,-0.04380954041772952,True,0,-0.011303553368981216,60.83453596376437,0.006613865022495613,-0.006117927478389619,61.6270828539532,0.008690780981629231,Unknown,0,0.6807500726624323,1.0-2.0%,>2.0,<0.5x
2024-11-18,WMT,83.09870147705078,83.8597114650034,82.68360511998573,83.83006280240612,25093800.0,83.26671600341797,17370600.0,59.554354946907466,1.196146787638462,0.01436524514296159,12445165.0,1.3957709680827857,0.01744723553561278,0.0067655700383935525,0.47096794875849496,0.008724332308794897,True,1,0.003141516769320518,48.65471496841772,-0.002647880233784483,0.0008023162233184581,52.427008576473746,0.002822516759763971,Unknown,0,0.5331385676766808,0.5-1.0%,1.2-2.0,<0.5x
2024-11-18,GOOGL,174.41622924804688,174.55552283170013,172.02831972302542,172.5457023973927,20135300.0,171.62039184570312,32504600.0,51.79047706885778,3.796090578316885,0.022119111473243778,28393560.0,1.1447877617318858,0.006471038525267758,0.005391611927570192,0.2437535492369174,-0.010840761749870463,True,0,0.003141516769320518,48.65471496841772,-0.002647880233784483,0.0008023162233184581,52.427008576473746,0.002822516759763971,Unknown,0,0.5644891980873031,0.5-1.0%,0.8-1.2,<0.5x
2024-11-18,PFE,23.182607650756836,23.546292389786554,23.033403564044487,23.28518434871344,64221700.0,23.12665557861328,131074400.0,24.050548259117562,0.5917207193615341,0.025586091224912635,49585275.0,2.6434137957286716,-0.08135665615170906,0.00685480741308571,0.26791147396564147,0.004405234522537556,True,1,0.003141516769320518,48.65471496841772,-0.002647880233784483,0.0008023162233184581,52.427008576473746,0.002822516759763971,Unknown,0,0.5649192070495257,0.5-1.0%,>2.0,<0.5x
2024-11-18,JPM,238.8730010986328,241.7001253228993,236.58204483473264,241.53439878737493,9051400.0,239.14596557617188,11518800.0,69.11097850688485,5.160760029393921,0.02157995857032401,9105475.0,1.2650410879168852,0.07043871449088113,0.009987344781036233,0.4628064854012497,0.011018710801043984,True,1,0.003141516769320518,48.65471496841772,-0.002647880233784483,0.0008023162233184581,52.427008576473746,0.002822516759763971,Unknown,0,0.516511410886434,0.5-1.0%,1.2-2.0,<0.5x
2024-11-18,TSLA,338.739990234375,348.54998779296875,330.010009765625,340.7300109863281,126085600.0,320.7200012207031,114440300.0,64.65296958046291,17.13262006819449,0.05341924420985736,112807735.0,1.014472101580623,0.2121309566386007,0.06239090075288174,1.1679480246440637,0.005840462206990552,True,1,0.003141516769320518,48.65471496841772,-0.002647880233784483,0.0008023162233184581,52.427008576473746,0.002822516759763971,Consumer Cyclical,0,0.5384269672729665,>2.0%,0.8-1.2,1.0-2.0x
2024-11-18,META,552.2119140625,557.690206619492,547.9189272359731,554.8414482862169,14327300.0,551.89306640625,17712900.0,39.694757343752734,14.214074060277223,0.025755123456858587,13633695.0,1.2992002534896079,-0.031839213564516466,0.005342306434769644,0.2074269394871407,0.004739253406245897,True,1,0.003141516769320518,48.65471496841772,-0.002647880233784483,0.0008023162233184581,52.427008576473746,0.002822516759763971,Unknown,0,0.5755992569871661,0.5-1.0%,1.2-2.0,<0.5x
2024-11-18,AMD,138.92999267578125,140.89999389648438,137.2100067138672,138.19000244140625,38705400.0,134.89999389648438,44217500.0,33.405292365889544,5.057083814678373,0.03748765043354213,36999430.0,1.1950859783515584,-0.061470645637937915,0.024388500324517923,0.6505742569210546,-0.005354875326011824,True,0,0.003141516769320518,48.65471496841772,-0.002647880233784483,0.0008023162233184581,52.427008576473746,0.002822516759763971,Technology,1,0.5002911257561687,>2.0%,0.8-1.2,0.5-1.0x
2024-11-21,AMD,137.49000549316406,140.27999877929688,134.92999267578125,138.8699951171875,29311400.0,137.60000610351562,28843100.0,38.17750653613021,4.969487947061612,0.036115463129580805,37189700.0,0.7755668908326768,-0.0425994397697812,0.00922957091089422,0.2555573184200601,0.009937277112013383,True,1,0.006101227359741981,54.1645502290974,0.009736501464677527,0.004911030493513104,56.9340973648979,0.01202523418271606,Technology,1,0.50216993031365,0.5-1.0%,<0.8,<0.5x
2024-11-22,WMT,89.38447570800781,89.84899153685126,87.8920968311676,88.36649806114755,23990600.0,87.3583984375,18729200.0,73.83513666404836,1.4180990123288122,0.016233115964727558,15027790.0,1.2463043468134702,0.05979343408068538,0.011539813477336024,0.7108809856598408,-0.011519950085108532,True,0,-0.0011089228361171651,55.73536678811419,0.005320397705187663,-1.6770941352815024e-05,59.969102306986116,0.01118474211344389,Unknown,0,0.5430657605907668,1.0-2.0%,1.2-2.0,0.5-1.0x
2024-11-22,PG,171.7425537109375,172.83372016715234,169.40433562875484,169.66737512843147,10609800.0,168.3033905029297,6240400.0,63.33702853680106,2.2975333181323383,0.013651141021382719,6613020.0,0.9436535803611663,0.03961152313734351,0.008104320545331157,0.5936734909292054,-0.012230863953280345,True,0,-0.0011089228361171651,55.73536678811419,0.005320397705187663,-1.6770941352815024e-05,59.969102306986116,0.01118474211344389,Unknown,0,0.5265487120291006,0.5-1.0%,0.8-1.2,0.5-1.0x
2024-11-22,CRM,339.41436767578125,340.1983576744547,333.22191574976597,336.3677789672962,5649400.0,333.2218933105469,8364200.0,69.12801567352012,8.794973474362482,0.026393744381513335,5844520.0,1.4311183809791053,0.06959721117839335,0.009440813223570257,0.35769131833309625,-0.009057314341577452,True,0,-0.0011089228361171651,55.73536678811419,0.005320397705187663,-1.6770941352815024e-05,59.969102306986116,0.01118474211344389,Unknown,0,0.5632161504452917,0.5-1.0%,1.2-2.0,<0.5x
2024-11-22,KO,61.62082290649414,62.160684945046405,61.36053792832863,61.92931234782324,19562200.0,61.46657943725586,17292300.0,40.17687234179815,0.9095741552318147,0.014797865174200788,15163905.0,1.140359293994522,0.004126536313671769,0.00752820337171573,0.5087357725654044,0.004981315464904305,True,1,-0.0011089228361171651,55.73536678811419,0.005320397705187663,-1.6770941352815024e-05,59.969102306986116,0.01118474211344389,Unknown,0,0.5709598891566364,0.5-1.0%,0.8-1.2,0.5-1.0x
2024-11-22,ABBV,170.9718475341797,172.81732286924515,167.6384066616106,168.45002422752165,11328600.0,165.92819213867188,6847700.0,35.16441201500014,4.437102250352026,0.02674109922588554,7564005.0,0.9053008293886639,-0.054704011378340356,0.015198334028386181,0.5683511324648205,-0.014970750631961117,True,0,-0.0011089228361171651,55.73536678811419,0.005320397705187663,-1.6770941352815024e-05,59.969102306986116,0.01118474211344389,Unknown,0,0.5206327342243672,1.0-2.0%,0.8-1.2,0.5-1.0x
2024-11-25,PG,172.823974609375,174.2171740897613,172.3465818747202,172.9116544383849,19357000.0,171.7425537109375,10609800.0,69.99859726287146,2.4570187714245035,0.01430640641084183,6899615.0,1.5377379752348501,0.05623994586948622,0.006807286267648711,0.47582083663511354,0.0005070787697605997,True,0,0.008125828063067823,56.45459930486047,0.014637469414630955,0.006733622044596671,61.65826123836131,0.01938287629518265,Unknown,0,0.5473816686385324,0.5-1.0%,1.2-2.0,<0.5x
2024-11-27,WMT,90.80765533447266,91.17333973683238,90.2443081710461,90.92625751532334,14358900.0,90.24432373046875,16657000.0,76.09766533403226,1.580712639734835,0.017515923156074874,16982500.0,0.9808332106580303,0.07269228232949887,0.0075565282852726925,0.4314090794953012,0.0013043776802393863,True,0,-0.002238383266157187,59.70113425158078,0.009424415315976375,-0.00031642813454984983,66.15501846022224,0.01775030843936154,Unknown,0,0.5195447786839228,0.5-1.0%,0.8-1.2,<0.5x
2024-11-27,KO,62.11247634887695,62.758374924467425,61.93895058999033,62.62341126255204,13263400.0,62.2281608581543,14473300.0,47.20028632417967,0.8731031207898106,0.01403067532045502,16784675.0,0.8622925376869078,0.019028291319491686,0.006351632427297579,0.4526961306016162,0.008158848318450176,True,1,-0.002238383266157187,59.70113425158078,0.009424415315976375,-0.00031642813454984983,66.15501846022224,0.01775030843936154,Unknown,0,0.5299874340136436,0.5-1.0%,0.8-1.2,<0.5x
2024-11-29,NVDA,138.2026824951172,139.30231211006736,136.0034385187834,136.7331843976686,141863200.0,135.2936553955078,226370900.0,43.51644542528487,5.300009529037363,0.039174117319424134,231279550.0,0.9787761174734212,-0.03972584430885395,0.010640033325676403,0.27160875735675194,-0.010747194281490376,True,0,0.0012468056407979097,54.622488258965404,0.003061102233603563,0.0013862190507401952,63.244789640446584,0.013869250934473332,Technology,1,0.50216993031365,1.0-2.0%,0.8-1.2,<0.5x
2024-12-03,BAC,45.507015228271484,46.1485065418684,45.34178435869872,46.04159070498211,38123800.0,45.720855712890625,35891500.0,65.44328862504362,0.7980478009374494,0.01745478706586076,39049755.0,0.9191222838658014,0.02395045005136409,0.007015069755159007,0.4018994748368801,0.011610708242814528,True,1,-0.0026002814349027955,63.34547148888138,0.012975894461889625,-0.0003976349541500746,67.38971590919856,0.014254271875816515,Unknown,0,0.5160254324326098,0.5-1.0%,0.8-1.2,<0.5x
2024-12-03,XOM,113.50424194335938,114.5170727607515,113.10876060047477,114.5170727607515,11756600.0,113.67786407470703,12687300.0,45.3325396630788,1.8795401537923062,0.016533915103798102,14108920.0,0.8992396299645897,-0.006779474613607506,0.007382340378008504,0.4464968116542865,0.008844365237209035,True,1,-0.0026002814349027955,63.34547148888138,0.012975894461889625,-0.0003976349541500746,67.38971590919856,0.014254271875816515,Unknown,0,0.5040468632775674,0.5-1.0%,0.8-1.2,<0.5x
2024-12-04,CRM,365.0674133300781,366.1888093805696,353.93289059767216,364.0154912598132,24733100.0,328.9050598144531,12632400.0,59.264014372180114,8.316996447467771,0.02528692155772757,6828565.0,1.84993479596372,0.10453990473263852,0.10674944151107645,4.221527767521163,-0.0028897728133062757,True,0,0.006674814065363098,64.5444738345985,0.022404451851164353,0.002848039078187299,67.63239534362975,0.015505878167318299,Unknown,0,0.5410095903222981,>2.0%,1.2-2.0,>2.0x
2024-12-04,AVGO,168.58087158203125,173.3548275510578,166.60407896951824,171.4274577702038,32748200.0,166.19882202148438,17024400.0,48.962259323580625,4.983630050048618,0.029985952905276243,18484520.0,0.9210084979215041,0.022406436432802934,0.03146012519898321,1.0491620959441839,0.01660519397066695,True,1,0.006674814065363098,64.5444738345985,0.022404451851164353,0.002848039078187299,67.63239534362975,0.015505878167318299,Unknown,0,0.5585616464084326,>2.0%,0.8-1.2,1.0-2.0x
2024-12-04,AMZN,218.16000366210938,220.0,215.75,215.9600067138672,48745700.0,213.44000244140625,32214800.0,63.65437454207885,4.981870424276994,0.023340846923222004,41969670.0,0.767573345227637,0.044041604628120234,0.011806616583752764,0.505834969167561,-0.010187057232115384,True,0,0.006674814065363098,64.5444738345985,0.022404451851164353,0.002848039078187299,67.63239534362975,0.015505878167318299,Consumer Cyclical,0,0.5392344086788673,1.0-2.0%,<0.8,0.5-1.0x
2024-12-05,META,606.5266723632812,617.4534076628545,604.654087469592,614.6445303223205,8081200.0,611.357421875,14697000.0,68.48000872240804,14.413897678971395,0.02357687526678707,12138760.0,1.2107496976626937,0.06549081446475435,0.005376737616497951,0.22805132383561463,0.013207402911048851,True,1,9.542179712222438e-05,68.96568103211823,0.02619555686308117,1.5435243445807716e-07,70.77039613964797,0.01731916207558215,Unknown,0,0.5235763955549795,0.5-1.0%,1.2-2.0,<0.5x
2024-12-05,CVX,152.27117919921875,153.55180946438122,151.6595338052026,152.23294315928098,6358400.0,151.30593872070312,7862700.0,52.44901825352965,2.4456010230823915,0.016163285088212874,7530310.0,1.0441402810774059,-0.0015036681787253814,0.006126689054082791,0.3790497427129277,-0.00025116797418654264,True,0,9.542179712222438e-05,68.96568103211823,0.02619555686308117,1.5435243445807716e-07,70.77039613964797,0.01731916207558215,Unknown,0,0.5204011028831904,0.5-1.0%,0.8-1.2,<0.5x
2024-12-05,MA,520.9895629882812,523.6700636433708,518.4082570970127,520.8207440438676,2538600.0,517.3857421875,2630000.0,51.33260581619514,7.7900872590315196,0.01505663303765414,2622060.0,1.003028153436611,0.0012051320602226578,0.006639150591673645,0.4409452349054554,-0.0003241402082083393,True,0,9.542179712222438e-05,68.96568103211823,0.02619555686308117,1.5435243445807716e-07,70.77039613964797,0.01731916207558215,Unknown,0,0.5235563404385425,0.5-1.0%,0.8-1.2,<0.5x
2024-12-05,GOOGL,171.7696533203125,175.17240993472817,171.46121858121353,174.4759419461396,21356200.0,173.49090576171875,31615100.0,55.412309163754706,3.733101635125902,0.021517563809673887,26802045.0,1.1795779016116121,0.008592912185236834,0.005677739591571228,0.26386535398671035,0.015510955812249115,True,1,9.542179712222438e-05,68.96568103211823,0.02619555686308117,1.5435243445807716e-07,70.77039613964797,0.01731916207558215,Unknown,0,0.5022225989188841,0.5-1.0%,0.8-1.2,<0.5x
2024-12-06,INTC,20.920000076293945,21.049999237060547,20.65999984741211,20.950000762939453,78539100.0,20.799999237060547,167993500.0,32.92702316573994,1.0600499222859179,0.050963940440784554,78126915.0,2.1502640927265593,-0.12421876765352957,0.007211612085621617,0.14150420911822648,0.0014320136302132752,True,0,0.0012840354297144522,66.92617662651597,0.023821131384816896,0.001285793616947545,68.85353843123656,0.0160298192082573,Unknown,0,0.6629056929009733,0.5-1.0%,>2.0,<0.5x
2024-12-09,CVX,150.12088012695312,152.98797100504746,149.87240416731848,150.04442262027052,9404500.0,148.36239624023438,9701700.0,44.14643758490557,2.5416455866301986,0.017131332811008683,7320210.0,1.3253308306728906,-0.01639697591303202,0.011337282375195287,0.6617863595475707,-0.000509565802896242,True,0,-0.0017665007740224371,70.00288253845486,0.02828434474298991,-0.00019744689721408652,69.86454132364591,0.015609612069277023,Unknown,0,0.5008232827870477,1.0-2.0%,1.2-2.0,0.5-1.0x
2024-12-10,TSLA,400.989990234375,409.7300109863281,390.8500061035156,392.67999267578125,97563600.0,389.7900085449219,96359200.0,73.35088269359284,16.94918407639177,0.04348285924429599,92739240.0,1.0390337466643031,0.12643409044357568,0.007414207823457627,0.1705087464879672,-0.02116226370986757,True,0,0.0023738648544470806,64.3436456246519,0.023846205842145363,0.001140935174699636,63.79505977088094,0.011427844086765226,Consumer Cyclical,0,0.542233234664857,0.5-1.0%,0.8-1.2,<0.5x
2024-12-10,XOM,108.68124389648438,109.84840647526518,107.79381559251354,109.56867220045521,20990900.0,108.90311431884766,17412600.0,32.21880965696727,1.9079894323680586,0.017520063079021115,14578015.0,1.194442453242091,-0.03773958400588118,0.006111467847089547,0.3488268175476802,0.008099288657503227,True,1,0.0023738648544470806,64.3436456246519,0.023846205842145363,0.001140935174699636,63.79505977088094,0.011427844086765226,Unknown,0,0.5058505341224192,0.5-1.0%,0.8-1.2,<0.5x
2024-12-11,NFLX,93.65599822998047,94.17500305175781,92.30799865722656,92.47100067138672,35017000.0,91.33499908447266,23886000.0,68.84963687150673,2.009427186375613,0.02200062633730539,32387900.0,0.7374976457257185,0.04446583783777136,0.012437746737845949,0.5653360294000297,-0.012814801937797387,True,0,0.008451728910436234,62.00025074517386,0.02563498822831245,0.004943801558647632,60.40070854540522,0.011579827495868944,Unknown,0,0.5091275107289854,1.0-2.0%,<0.8,0.5-1.0x
2024-12-11,BAC,45.03691101074219,45.11509815051129,44.44071869057637,44.958720142627286,36790500.0,44.71438217163086,35665800.0,52.226670972033816,0.7790416467626272,0.017422619052911613,33643875.0,1.0600978632812064,-0.009897805760599843,0.005464415678574375,0.31363916423697386,-0.0017391702403193154,True,0,0.008451728910436234,62.00025074517386,0.02563498822831245,0.004943801558647632,60.40070854540522,0.011579827495868944,Unknown,0,0.5378926685749916,0.5-1.0%,0.8-1.2,<0.5x
2024-12-11,HD,411.1300048828125,417.58896969679415,411.01292862731026,414.8863602148066,4211200.0,412.31060791015625,3354900.0,56.0318202116889,7.626697307569251,0.01849745595008104,3336455.0,1.0055283227257674,0.01440930870005852,0.006247116264376106,0.3377284033672066,0.009053937878433123,True,1,0.008451728910436234,62.00025074517386,0.02563498822831245,0.004943801558647632,60.40070854540522,0.011579827495868944,Unknown,0,0.5009179903145337,0.5-1.0%,0.8-1.2,<0.5x
2024-12-11,META,630.182861328125,635.8803166127035,619.0769058574836,620.9096094972598,10837200.0,616.8756103515625,10938900.0,65.48357196715088,15.003175025385476,0.024321232309436003,11878645.0,0.9208878622098733,0.06505536525349176,0.006539404505550616,0.26887636376111984,-0.014934946551034384,True,0,0.008451728910436234,62.00025074517386,0.02563498822831245,0.004943801558647632,60.40070854540522,0.011579827495868944,Unknown,0,0.5175386615316955,0.5-1.0%,0.8-1.2,<0.5x
2024-12-11,NVDA,139.2718963623047,140.13166176303284,135.173026862483,137.32243273699547,184905200.0,135.03306579589844,210020900.0,42.716123372968134,4.985502004867567,0.0369206014503375,223132000.0,0.9412406109388165,-0.027826663814802588,0.01695412103400949,0.4592048982954612,-0.014196250288129538,True,0,0.008451728910436234,62.00025074517386,0.02563498822831245,0.004943801558647632,60.40070854540522,0.011579827495868944,Technology,1,0.5005387985846522,1.0-2.0%,0.8-1.2,<0.5x
2024-12-11,AVGO,181.07418823242188,182.72480814415056,174.38274146175283,177.92120181233872,41295200.0,169.8163604736328,27762600.0,51.60496725349417,5.655259716743189,0.033302207755307976,20507760.0,1.3537607227703075,0.06877471760515985,0.0477270936445746,1.4331510389718072,-0.01772125181241045,True,0,0.008451728910436234,62.00025074517386,0.02563498822831245,0.004943801558647632,60.40070854540522,0.011579827495868944,Unknown,0,0.5333286722881334,>2.0%,1.2-2.0,1.0-2.0x
2024-12-11,AMZN,230.25999450683594,231.1999969482422,226.25999450683594,226.41000366210938,35385800.0,225.0399932861328,31199900.0,70.0275721752787,5.111157655547035,0.022712219196737726,41210475.0,0.7570866387732731,0.07220743666171803,0.00608785290103803,0.268043067403667,-0.01700450855728189,True,0,0.008451728910436234,62.00025074517386,0.02563498822831245,0.004943801558647632,60.40070854540522,0.011579827495868944,Consumer Cyclical,0,0.5344934225116627,0.5-1.0%,<0.8,<0.5x
2024-12-13,NVDA,134.21328735351562,139.56183041879834,132.50374826625531,138.9020072444441,231514900.0,137.3024444580078,159211400.0,46.4025986136415,4.887540429043517,0.03559689303665899,220810930.0,0.7210304308758629,-0.011473842484324148,0.01164992213176136,0.32727356625657866,0.03375559492583222,True,1,0.0075211680138091265,64.1551053532849,0.03217390285242483,0.0034253611048727147,59.93401702615248,0.010769516219333974,Technology,1,0.5005387985846522,1.0-2.0%,<0.8,<0.5x
2024-12-13,V,312.5202941894531,314.71473003646884,312.123121240092,313.6026033549625,4682200.0,312.0138854980469,3218500.0,62.004150490376496,4.225141764771585,0.013541518378348048,5564745.0,0.5783733127034573,0.012303204725380823,0.005091817802850942,0.37601527838949045,0.0034512123111565796,True,1,0.0075211680138091265,64.1551053532849,0.03217390285242483,0.0034253611048727147,59.93401702615248,0.010769516219333974,Financial Services,0,0.5370672212202939,0.5-1.0%,<0.8,<0.5x
2024-12-13,AVGO,222.19146728515625,226.04620640659434,208.66032098489092,211.41793972842294,121336600.0,178.5636749267578,46967200.0,59.33884676539472,6.241414394612012,0.03495343830245473,23254155.0,2.019733677701899,0.2500290644715226,0.18399187189186766,5.2639133895719254,-0.05095843602757862,True,0,0.0075211680138091265,64.1551053532849,0.03217390285242483,0.0034253611048727147,59.93401702615248,0.010769516219333974,Unknown,0,0.6128226984112881,>2.0%,>2.0,>2.0x
2024-12-13,CRM,351.6107177734375,362.0207909329875,349.8145095232312,361.22689777718057,5538000.0,355.3023986816406,5422000.0,64.31429033524127,9.904596171183929,0.02787652492056121,7520330.0,0.7209789995917733,0.06313371208902208,0.016674526030567093,0.5981565520840179,0.026620885828039082,True,1,0.0075211680138091265,64.1551053532849,0.03217390285242483,0.0034253611048727147,59.93401702615248,0.010769516219333974,Unknown,0,0.5203915786112397,1.0-2.0%,<0.8,0.5-1.0x
2024-12-16,AVGO,247.0990753173828,248.95726518992336,228.1317478829436,229.10037203530317,111623200.0,222.19146728515625,121336600.0,79.31253576902657,9.187208472128049,0.041348160594922224,28289040.0,4.289173474957086,0.3244499336324578,0.031094374750584644,0.7520134947527315,-0.0785625231516697,True,0,0.004806506910193167,66.81182079647131,0.033593493585609036,0.0029624854504414905,59.73056217978981,0.008584642651633834,Unknown,0,0.7235894627762789,>2.0%,>2.0,0.5-1.0x
2024-12-16,TSLA,463.0199890136719,463.19000244140625,436.1499938964844,441.0899963378906,114083800.0,436.2300109863281,89000200.0,78.59723039723245,17.63205240721195,0.040419164117905124,81050455.0,1.0980839034154712,0.19053272900240303,0.011140878044071151,0.2756335586647102,-0.049717728485916726,True,0,0.004806506910193167,66.81182079647131,0.033593493585609036,0.0029624854504414905,59.73056217978981,0.008584642651633834,Consumer Cyclical,0,0.5120596037921854,1.0-2.0%,0.8-1.2,<0.5x
2024-12-18,NVDA,128.874755859375,136.6626191312432,128.2449232385065,133.82339933223892,277444500.0,130.35433959960938,259410300.0,38.43698223877441,4.978887480022722,0.0381950266889131,223964670.0,1.1582643816098317,-0.034722555484223094,0.02661253735997556,0.696753993045393,0.0369789102470644,True,1,-0.0012131157438535535,68.18023449714217,0.030359191799973706,-0.0005129098874946303,58.235960688759434,0.002668662792916665,Technology,1,0.5176892459106831,>2.0%,0.8-1.2,0.5-1.0x
2024-12-19,NVDA,130.6442413330078,133.99333094415113,129.51456085077075,131.72394769790225,209719200.0,128.874755859375,277444500.0,36.85251768092823,5.224516652359435,0.040539488261458284,226445150.0,1.225217232517455,-0.04328791396326581,0.02210822297608242,0.5453503219748621,0.008196735550096403,True,1,0.009139083559079355,49.78670278110788,0.0035448789956769033,0.008664617591378907,37.60933316469421,-0.016907754766318894,Technology,1,0.5002911257561687,>2.0%,1.2-2.0,0.5-1.0x
2024-12-20,AVGO,218.22799682617188,227.61776100430612,216.36982217070667,217.80299368681284,131910400.0,215.7866973876953,40845200.0,63.000013714898444,11.463800087310148,0.053125610735464374,38434910.0,1.06271095730418,0.17128650541888857,0.00934393233469313,0.1758837631292495,-0.00195131908962722,True,0,-0.007254485464735624,48.123165344230365,-0.017006585188504064,-0.004046912669902725,37.46640854120651,-0.028367476362062494,Unknown,0,0.5033544459136351,0.5-1.0%,0.8-1.2,<0.5x
2024-12-23,AVGO,230.2692108154297,231.3097955113691,223.1138678435984,224.65989494605236,40643800.0,218.22799682617188,131910400.0,63.8285203277893,11.49003319654591,0.05265150834747488,43788665.0,3.012432555319967,0.18811115067625916,0.029473294964091037,0.5597806385636918,-0.02496803388394841,True,0,0.0033313237352495142,51.52813668209821,-4.6343673677951e-05,-0.00043981792145546137,46.089581485756256,-0.013692439249346267,Unknown,0,0.5148281590040195,>2.0%,>2.0,0.5-1.0x
2024-12-23,META,597.9644165039062,599.2005698155671,584.4071908696653,587.746636194458,10205800.0,583.4103393554688,48989400.0,44.266236183340936,16.440310221668792,0.028179668944214236,13426545.0,3.6486974124765528,-0.02192360340071653,0.007432670534738627,0.26376003740330245,-0.017384668291096195,True,0,0.0033313237352495142,51.52813668209821,-4.6343673677951e-05,-0.00043981792145546137,46.089581485756256,-0.013692439249346267,Unknown,0,0.5956789895873122,0.5-1.0%,>2.0,<0.5x
2024-12-26,TSLA,454.1300048828125,465.3299865722656,451.0199890136719,465.1600036621094,76366400.0,462.2799987792969,59551800.0,68.42282865391748,23.7639714911137,0.051406012706293115,87996325.0,0.6767532621390723,0.13851305721140217,0.0062300010608667515,0.1211920694270084,0.02371226823557476,True,1,-0.003094458333097835,59.605043808067805,0.012222055738226212,-0.002993430941106401,56.0130231053079,-0.0001917583508935783,Consumer Cyclical,0,0.5641587590814531,0.5-1.0%,<0.8,<0.5x
2024-12-31,AMZN,219.38999938964844,223.22999572753906,218.94000244140625,222.97000122070312,24819700.0,221.3000030517578,28321200.0,52.261601774155174,5.2219920531579245,0.023596891012860045,36803565.0,0.76952327851935,-0.008799745255323455,0.00754630883830007,0.3198009786199129,0.016055979779589644,True,1,0.0025019541142183373,47.91897145027944,-0.01235269634039915,0.002873084439621518,43.31294854598804,-0.014214672871399325,Consumer Cyclical,0,0.5143990479768794,0.5-1.0%,<0.8,<0.5x
2024-12-31,INTC,20.049999237060547,20.399999618530273,19.8799991607666,19.989999771118164,49846700.0,19.81999969482422,59608100.0,38.548736195840526,0.7937123994688868,0.04004603489858561,81573585.0,0.7307279678832308,-0.02168062096207335,0.008577198734182575,0.21418347049598946,-0.0030014740685025366,True,0,0.0025019541142183373,47.91897145027944,-0.01235269634039915,0.002873084439621518,43.31294854598804,-0.014214672871399325,Unknown,0,0.5051966938598409,0.5-1.0%,<0.8,<0.5x
2024-12-31,AMD,120.79000091552734,123.55000305175781,120.13999938964844,123.0999984741211,30203400.0,122.44000244140625,30501600.0,36.29380358848254,4.4912837567232025,0.03668150659236151,39206980.0,0.7779635156801161,-0.042053175373170104,0.005390362786301685,0.14695041962709798,0.018765211918986117,True,1,0.0025019541142183373,47.91897145027944,-0.01235269634039915,0.002873084439621518,43.31294854598804,-0.014214672871399325,Technology,1,0.5115677278130515,0.5-1.0%,<0.8,<0.5x
2025-01-02,NVDA,138.2721710205078,138.84202245285945,134.5931847895647,135.96280522543205,198247200.0,134.25328063964844,155659200.0,45.17697996232685,5.069090571836722,0.037757666313144006,195708620.0,0.7953620029613412,-0.006828086485743623,0.012733577739319284,0.33724482953244744,-0.016985276166130416,True,0,0.006005058454210828,44.90891366021511,-0.016624685657461002,0.005647705732823563,41.59362784122801,-0.013738337556408853,Technology,1,0.531807897042963,1.0-2.0%,<0.8,<0.5x
2025-01-02,MSFT,415.51483154296875,422.9500047735069,411.81216477472935,422.4139505741353,16896500.0,418.4134521484375,13246500.0,38.15388613829936,7.889379741873278,0.01885546389907756,20984760.0,0.6312438169414375,-0.03188851810646243,0.009561113308275212,0.5070738837002551,0.016332602230085976,True,1,0.006005058454210828,44.90891366021511,-0.016624685657461002,0.005647705732823563,41.59362784122801,-0.013738337556408853,Technology,1,0.5291714641772484,0.5-1.0%,<0.8,0.5-1.0x
2025-01-02,AMD,120.62999725341797,123.13999938964844,119.44000244140625,122.29000091552734,34256200.0,120.79000091552734,30203400.0,34.42161606292173,4.414049464250786,0.03654316939146051,39062030.0,0.7732163433390431,-0.04014002050446186,0.012418246449463995,0.3398240124285968,0.013574320465137898,True,1,0.006005058454210828,44.90891366021511,-0.016624685657461002,0.005647705732823563,41.59362784122801,-0.013738337556408853,Technology,1,0.5572292196938698,1.0-2.0%,<0.8,<0.5x
2025-01-02,ADBE,441.0,450.1199951171875,440.55999755859375,447.760009765625,2504700.0,444.67999267578125,2285100.0,32.12461408143881,13.20692280802853,0.029699835894478332,5181855.0,0.44098107723971436,-0.06571558548391798,0.00692636759146798,0.23321231861606687,0.01509739507367675,True,1,0.006005058454210828,44.90891366021511,-0.016624685657461002,0.005647705732823563,41.59362784122801,-0.013738337556408853,Technology,1,0.5291714641772484,0.5-1.0%,<0.8,<0.5x
2025-01-03,JPM,237.16697692871094,238.72677885464952,234.2228578593043,237.7616497394955,9491100.0,233.9694061279297,9220900.0,50.39170254500788,4.110442281284112,0.017568289586701803,8746485.0,1.0542406463853766,0.013819541870331964,0.016208288401143786,0.9225877295085425,0.002501130066333778,True,1,0.006114798929473031,44.22585087531119,-0.017206803902686918,0.004943145314584805,40.43059881932154,-0.014968347812988947,Unknown,0,0.5119325080943099,1.0-2.0%,0.8-1.2,0.5-1.0x
2025-01-03,META,602.7294311523438,607.5841180897974,594.5352379868413,602.8590273821567,11436800.0,597.3563232421875,12682300.0,50.80070449630434,15.100437577066618,0.025278777489301664,12423770.0,1.0208093034561974,-0.005255616223531101,0.009211761767420362,0.3644069327054645,0.0002149693774607451,True,0,0.006114798929473031,44.22585087531119,-0.017206803902686918,0.004943145314584805,40.43059881932154,-0.014968347812988947,Unknown,0,0.5080879526953551,0.5-1.0%,0.8-1.2,<0.5x
2025-01-03,AVGO,230.46742248535156,234.37214059044996,226.94921116556216,231.49810220546215,24973200.0,229.9025115966797,31525800.0,62.523767075639256,10.545653603209617,0.04587011046538702,47201020.0,0.6679050579839164,0.07944286969757952,0.006940292203425857,0.1513031499817928,0.0044522167149164005,True,1,0.006114798929473031,44.22585087531119,-0.017206803902686918,0.004943145314584805,40.43059881932154,-0.014968347812988947,Unknown,0,0.5073617761505822,0.5-1.0%,<0.8,<0.5x
2025-01-03,AMZN,224.19000244140625,225.36000061035156,221.6199951171875,222.50999450683594,27515600.0,220.22000122070312,33956600.0,50.94213891711707,5.28431862282913,0.023995634336289096,36155480.0,0.9391826633196406,-0.012501850236616874,0.010398661672142102,0.4333563983518448,-0.007550258307694576,True,0,0.006114798929473031,44.22585087531119,-0.017206803902686918,0.004943145314584805,40.43059881932154,-0.014968347812988947,Consumer Cyclical,0,0.5141006435969286,1.0-2.0%,0.8-1.2,<0.5x
2025-01-03,AMD,125.37000274658203,125.55999755859375,121.41999816894531,121.6500015258789,36785300.0,120.62999725341797,34256200.0,34.237180310028315,4.363045713107314,0.03616882875278098,39641575.0,0.8641483089408026,-0.036084420419840835,0.008455643668117852,0.23378262331670632,-0.03057954109364939,True,0,0.006114798929473031,44.22585087531119,-0.017206803902686918,0.004943145314584805,40.43059881932154,-0.014968347812988947,Technology,1,0.5434727441289254,0.5-1.0%,0.8-1.2,<0.5x
2025-01-03,MSFT,420.24993896484375,420.92495225496697,416.4678408938124,417.996542116602,16662900.0,415.51483154296875,16896500.0,36.11171448743829,8.121412617366442,0.019545421729492703,20914485.0,0.807885061477727,-0.03946782068832755,0.0059726161023366175,0.3055762206104946,-0.005390946147141052,True,0,0.006114798929473031,44.22585087531119,-0.017206803902686918,0.004943145314584805,40.43059881932154,-0.014968347812988947,Technology,1,0.5250694364609051,0.5-1.0%,0.8-1.2,<0.5x
2025-01-03,NVDA,144.4304962158203,144.86037131104774,139.69178686675932,139.9717090810043,229322500.0,138.2721710205078,198247200.0,51.416167436768696,5.0347799462206,0.03641209875466458,197400280.0,1.004290368787724,0.023506045364113604,0.012291251724429877,0.3375595514898823,-0.03185491671203097,True,0,0.006114798929473031,44.22585087531119,-0.017206803902686918,0.004943145314584805,40.43059881932154,-0.014968347812988947,Technology,1,0.5179448697087418,1.0-2.0%,0.8-1.2,<0.5x
2025-01-03,BAC,43.795658111572266,43.83474981654267,43.15059837523895,43.737014961598064,23455700.0,43.28742980957031,25610600.0,45.093538858849946,0.815550824038608,0.01884036145426911,30187725.0,0.8483779416965008,-0.004017350521790197,0.010386044031848559,0.5512656462063336,-0.0013408128109723939,True,0,0.006114798929473031,44.22585087531119,-0.017206803902686918,0.004943145314584805,40.43059881932154,-0.014968347812988947,Unknown,0,0.519750274422782,1.0-2.0%,0.8-1.2,0.5-1.0x
2025-01-03,NFLX,88.1050033569336,89.88300323486328,87.98899841308594,89.31300354003906,29673000.0,88.6729965209961,23123000.0,47.78672320555672,2.0461959244543504,0.023075750281765315,27364350.0,0.8450045405792573,-0.021138862292296223,0.00721760901461616,0.3127789530778371,0.0135254681314566,True,1,0.006114798929473031,44.22585087531119,-0.017206803902686918,0.004943145314584805,40.43059881932154,-0.014968347812988947,Unknown,0,0.5221123055829238,0.5-1.0%,0.8-1.2,<0.5x
2025-01-03,TSLA,410.44000244140625,411.8800048828125,379.45001220703125,381.4800109863281,95423300.0,379.2799987792969,109710700.0,45.21813175468165,23.609721030636486,0.062248790093397434,93841145.0,1.169110841518398,-0.09489398424254347,0.005800496240539796,0.09318247361654407,-0.07591483333609327,True,0,0.006114798929473031,44.22585087531119,-0.017206803902686918,0.004943145314584805,40.43059881932154,-0.014968347812988947,Consumer Cyclical,0,0.5783995051159538,0.5-1.0%,0.8-1.2,<0.5x
2025-01-06,AVGO,234.29286193847656,239.5850365730726,231.2107125694037,234.38205232484663,34028400.0,230.46742248535156,24973200.0,62.76594320040317,10.322601876186631,0.044789852573817596,46812270.0,0.5334755182775798,0.07661033193944289,0.016985610362106062,0.37922898571975183,0.0003805341982689363,True,0,0.010490157525564396,50.93634181089799,0.002426116236436515,0.0072979748002341095,48.3291553870157,1.4726367785655725e-05,Unknown,0,0.6587996628218189,1.0-2.0%,<0.8,<0.5x
2025-01-06,GOOGL,196.10198974609375,197.44672936937255,193.09378194764346,193.2232644718959,29563600.0,191.04177856445312,18596200.0,58.41477807459129,4.629581740820973,0.024233347153743433,30346215.0,0.6128012999314741,0.018944402348268108,0.011418894462955357,0.47120583015258083,-0.014898440320143515,True,0,0.010490157525564396,50.93634181089799,0.002426116236436515,0.0072979748002341095,48.3291553870157,1.4726367785655725e-05,Unknown,0,0.5956112063672946,1.0-2.0%,<0.8,<0.5x
2025-01-06,INTC,19.8700008392334,20.979999542236328,19.780000686645508,20.829999923706055,83271000.0,20.559999465942383,48983900.0,45.91656025485586,0.743304046614565,0.03615292149427568,69171670.0,0.7081497381803851,0.028388052439685785,0.013132318325733779,0.36324362687571743,0.04608733019629575,True,1,0.010490157525564396,50.93634181089799,0.002426116236436515,0.0072979748002341095,48.3291553870157,1.4726367785655725e-05,Unknown,0,0.6813492347827494,1.0-2.0%,<0.8,<0.5x
2025-01-06,JPM,236.0106658935547,240.75341336991133,235.74608675084033,238.80339256994662,9917800.0,237.16697692871094,9491100.0,55.809993231395104,4.156651598815236,0.01752626631516523,8853725.0,1.0719894733572592,0.01850105527535173,0.006899846101793379,0.3936860240348533,0.011694669185128657,True,1,0.010490157525564396,50.93634181089799,0.002426116236436515,0.0072979748002341095,48.3291553870157,1.4726367785655725e-05,Unknown,0,0.648134234874964,0.5-1.0%,0.8-1.2,<0.5x
2025-01-06,BAC,44.3723030090332,45.10532561119776,44.07909098549077,44.137734135868406,30518500.0,43.795658111572266,23455700.0,50.29875376094984,0.8061651538432588,0.018407421845094803,30113445.0,0.7789112139112613,0.006810877811822991,0.007810729169194808,0.42432499428355336,-0.0053144747404279425,True,0,0.010490157525564396,50.93634181089799,0.002426116236436515,0.0072979748002341095,48.3291553870157,1.4726367785655725e-05,Unknown,0,0.6866917911073346,0.5-1.0%,<0.8,<0.5x
2025-01-06,META,628.2190551757812,629.0065500033512,603.7163023778119,609.9068039022728,14560800.0,602.7294311523438,11436800.0,53.145566789275954,14.953897757487297,0.024810299588154013,12260760.0,0.9327969881149293,0.006103717235111494,0.011908117272798231,0.47996668603243753,-0.030024671238858075,True,0,0.010490157525564396,50.93634181089799,0.002426116236436515,0.0072979748002341095,48.3291553870157,1.4726367785655725e-05,Unknown,0,0.652412690400727,1.0-2.0%,0.8-1.2,<0.5x
2025-01-06,NFLX,88.17900085449219,89.28299713134766,87.16899871826172,88.8759994506836,34577000.0,88.1050033569336,29673000.0,45.88435286020622,2.0353251314059926,0.02310112994559938,27503200.0,1.0788926379475843,-0.02372474033468508,0.008750877525383182,0.37880733738957945,0.007842371399470605,True,1,0.010490157525564396,50.93634181089799,0.002426116236436515,0.0072979748002341095,48.3291553870157,1.4726367785655725e-05,Unknown,0,0.6976608857256918,0.5-1.0%,0.8-1.2,<0.5x
2025-01-06,AMZN,227.61000061035156,228.83999633789062,224.83999633789062,226.77999877929688,31849800.0,224.19000244140625,27515600.0,55.656067029426026,5.274010106173367,0.023524733702395,35093975.0,0.784054812827558,0.004684954752465664,0.01155268437345925,0.4910867225792698,-0.0036599428323590756,True,0,0.010490157525564396,50.93634181089799,0.002426116236436515,0.0072979748002341095,48.3291553870157,1.4726367785655725e-05,Consumer Cyclical,0,0.6270651822786202,1.0-2.0%,<0.8,<0.5x
2025-01-06,TSLA,411.04998779296875,426.42999267578125,401.70001220703125,423.20001220703125,85516500.0,410.44000244140625,95423300.0,52.56324233735082,24.25188425012785,0.05908752584024753,96071765.0,0.9932502020755005,-0.0056600986963923905,0.031088611465074238,0.5261450876979892,0.028709886728733498,True,1,0.010490157525564396,50.93634181089799,0.002426116236436515,0.0072979748002341095,48.3291553870157,1.4726367785655725e-05,Consumer Cyclical,0,0.7027313391176784,>2.0%,0.8-1.2,0.5-1.0x
2025-01-07,CVX,142.9626922607422,143.83237991825393,141.08953454909218,141.93053788415304,7736000.0,140.7359161376953,5888700.0,44.16588777949597,2.483515993973477,0.01764663962213894,9546780.0,0.6168257779062679,0.004311086218880211,0.00848839286546382,0.4810203555590572,-0.007272250158254285,True,0,0.0020019866045068147,55.08977503362806,0.005383675326055659,0.0034601060744152024,51.55608171865433,0.0027220944949133408,Unknown,0,0.5058707413104832,0.5-1.0%,<0.8,<0.5x
2025-01-07,INTC,20.010000228881836,20.34000015258789,19.899999618530273,20.020000457763672,61726100.0,19.8700008392334,83271000.0,40.70708499970839,0.7759251043985832,0.03905007909544301,64935545.0,1.2823639194835432,-0.007042928820198191,0.007549049431044742,0.1933171354811849,0.0004995119207381382,True,0,0.0020019866045068147,55.08977503362806,0.005383675326055659,0.0034601060744152024,51.55608171865433,0.0027220944949133408,Unknown,0,0.5432520434231848,0.5-1.0%,1.2-2.0,<0.5x
2025-01-07,DIS,110.17160034179688,112.4958942112047,110.07269566466226,110.92328947071769,7878800.0,109.83531951904297,6274400.0,48.56535125805782,1.891383123850286,0.017220172273658865,7478865.0,0.8389508301059051,-0.0008622297400061596,0.009905465349751114,0.5752245211218462,0.006776657386447706,True,1,0.0020019866045068147,55.08977503362806,0.005383675326055659,0.0034601060744152024,51.55608171865433,0.0027220944949133408,Unknown,0,0.5455299913196389,0.5-1.0%,0.8-1.2,0.5-1.0x
2025-01-07,AVGO,226.59242248535156,237.35516676920835,225.56174281992813,237.35516676920835,25928600.0,234.29286193847656,34028400.0,64.4416685511618,10.236531319867662,0.043691178788689236,47589190.0,0.7150447402025544,0.07549121504617129,0.013070414546115908,0.2991545412251403,0.04534447018935937,True,1,0.0020019866045068147,55.08977503362806,0.005383675326055659,0.0034601060744152024,51.55608171865433,0.0027220944949133408,Unknown,0,0.5135503057803068,1.0-2.0%,<0.8,<0.5x
2025-01-08,NVDA,140.07168579101562,143.91063203422854,137.5223800692543,142.54101155921632,227349900.0,140.10166931152344,351782200.0,51.503693619426464,5.883685674720026,0.0419958284839372,210106830.0,1.6743015921947897,0.038384112785931235,0.017411229000197505,0.4145942496849907,0.017323616138186653,True,1,-0.00019424489264160779,48.19022800923469,-0.013128526254885586,0.00011877977327475392,45.51467472978945,-0.010024456285192218,Technology,1,0.5184631514567148,1.0-2.0%,1.2-2.0,<0.5x
2025-01-08,CRM,324.77972412109375,326.6673946780022,321.01429753003026,325.6142722519488,3788200.0,322.8224792480469,4643100.0,39.62055233469152,8.662181708626504,0.026832647245642237,5689120.0,0.8161367663188683,-0.039340450871062305,0.008648074974223886,0.3222967489958852,0.002562996164398239,True,1,-0.00019424489264160779,48.19022800923469,-0.013128526254885586,0.00011877977327475392,45.51467472978945,-0.010024456285192218,Unknown,0,0.5495015746705915,0.5-1.0%,0.8-1.2,<0.5x
2025-01-10,XOM,102.76827239990234,106.20223894486817,102.03517585504153,104.85180026516629,19304500.0,103.14446258544922,17858100.0,36.219180310869135,1.874688831608926,0.018175370588177284,16742595.0,1.0666267684310586,0.00874649448837217,0.016552877749521848,0.9107312375951864,0.01987116921211445,True,1,-0.007355325310175983,48.257281703531156,-0.019265677389169733,-0.006123756970986245,46.37926059720124,-0.013596423805133817,Unknown,0,0.6571375736101339,1.0-2.0%,0.8-1.2,0.5-1.0x
2025-01-10,WMT,92.11824035644531,92.69274302397514,91.32582236281395,91.61307369657887,18140900.0,90.92961883544922,13453600.0,52.568226077125196,1.5118203772986492,0.0166262698190181,16653360.0,0.8078609962193816,0.000934966531536574,0.007516306236436127,0.45207411633838257,-0.005514132857713641,True,0,-0.007355325310175983,48.257281703531156,-0.019265677389169733,-0.006123756970986245,46.37926059720124,-0.013596423805133817,Unknown,0,0.6620354096728462,0.5-1.0%,0.8-1.2,<0.5x
2025-01-10,CVX,146.3554229736328,147.50225633935716,144.18598692314245,146.61346522032346,11074700.0,143.64125061035156,7640900.0,52.53889810949292,2.5618080858086407,0.0178347659528385,9360315.0,0.8163079981816851,0.040716951814271374,0.02069192935415522,1.1602019005392097,0.001760017378368874,True,0,-0.007355325310175983,48.257281703531156,-0.019265677389169733,-0.006123756970986245,46.37926059720124,-0.013596423805133817,Unknown,0,0.6990760727602006,>2.0%,0.8-1.2,1.0-2.0x
2025-01-13,CVX,148.46751403808594,150.37890777101128,147.1773174352506,147.27289295500762,11774100.0,146.3554229736328,11074700.0,59.071488245770844,2.654607917465566,0.018138090571087458,9457740.0,1.1709668483168283,0.04624243646918602,0.006268780225110605,0.345614120766559,-0.008111615512593198,True,0,-0.011810121581299585,42.886737017301066,-0.03600502810320616,-0.00813099504005051,39.34256945870777,-0.02774980042073416,Unknown,0,0.5880595685259928,0.5-1.0%,0.8-1.2,<0.5x
2025-01-13,JNJ,140.17901611328125,140.76120109661417,138.08316793997767,138.73326611487127,10376400.0,137.84059143066406,8821500.0,35.8857899314146,2.282829502592713,0.01656137338717827,8302410.0,1.0625228096420196,-0.01087503643772747,0.006476137942691844,0.39103870139813623,-0.01042107663790527,True,0,-0.011810121581299585,42.886737017301066,-0.03600502810320616,-0.00813099504005051,39.34256945870777,-0.02774980042073416,Unknown,0,0.5442810760086348,0.5-1.0%,0.8-1.2,<0.5x
2025-01-13,XOM,105.42091369628906,105.74887347571597,103.33737853534691,103.33737853534691,17073400.0,102.76827239990234,19304500.0,34.93426677216083,2.0384298500530487,0.019835205968247702,16658275.0,1.158853482728554,-0.0026068567951941235,0.005537761043895018,0.27918848197290685,-0.020162454191050217,True,0,-0.011810121581299585,42.886737017301066,-0.03600502810320616,-0.00813099504005051,39.34256945870777,-0.02774980042073416,Unknown,0,0.6310503977455818,0.5-1.0%,0.8-1.2,<0.5x
2025-01-14,CRM,321.4415283203125,327.80001186174127,319.4147512691054,322.892050272035,5935200.0,317.00048828125,4583000.0,36.996156242891544,8.479564661764915,0.026749374134217904,5431950.0,0.8437117425602224,-0.03328745322988391,0.018585340428743737,0.6947953374718139,0.004492281400240308,True,1,0.00629001761466011,41.87431361296247,-0.020320228103291815,0.005108410444953875,40.31777291329081,-0.012216982870229876,Unknown,0,0.5143326488187989,1.0-2.0%,0.8-1.2,0.5-1.0x
2025-01-14,DIS,106.93737030029297,107.7681786350508,106.43294664222252,107.49124252346485,5501600.0,106.8978042602539,6690200.0,36.337671771377074,2.0537586998105457,0.019212356268894493,7574495.0,0.8832536030454836,-0.022011016371828895,0.005551454188583277,0.2889522821087429,0.0051527195162059045,True,1,0.00629001761466011,41.87431361296247,-0.020320228103291815,0.005108410444953875,40.31777291329081,-0.012216982870229876,Unknown,0,0.502613101831001,0.5-1.0%,0.8-1.2,<0.5x
2025-01-14,INTC,19.200000762939453,19.520000457763672,18.81999969482422,19.360000610351562,47147500.0,19.200000762939453,50669000.0,36.58808773723166,0.7304844090082889,0.03804606145736706,60883815.0,0.8322244589962045,-0.0294522789378745,0.008333325054910776,0.2190325288794683,0.008264454667762735,True,1,0.00629001761466011,41.87431361296247,-0.020320228103291815,0.005108410444953875,40.31777291329081,-0.012216982870229876,Unknown,0,0.5046908054637164,0.5-1.0%,0.8-1.2,<0.5x
2025-01-14,V,306.91015625,307.9726174068005,305.3512213155194,306.5725577174601,5107600.0,304.7554626464844,9568400.0,40.17106724810982,4.561666183492442,0.014968283567024898,6675170.0,1.4334316579203226,-0.018297000442129563,0.005962469237453955,0.39834021120426016,-0.0011012027138157876,True,0,0.00629001761466011,41.87431361296247,-0.020320228103291815,0.005108410444953875,40.31777291329081,-0.012216982870229876,Financial Services,0,0.5037027845112465,0.5-1.0%,1.2-2.0,<0.5x
2025-01-14,TSLA,396.3599853515625,422.6400146484375,394.5400085449219,414.3399963378906,84565000.0,403.30999755859375,67580500.0,51.14430558811325,23.53007054119646,0.05834239340366949,91224405.0,0.7408160129956451,-0.022650483188299764,0.027348686732454264,0.46876182372617825,0.04339434074731609,True,1,0.00629001761466011,41.87431361296247,-0.020320228103291815,0.005108410444953875,40.31777291329081,-0.012216982870229876,Consumer Cyclical,0,0.5253620343638153,>2.0%,<0.8,<0.5x
2025-01-14,AMZN,217.75999450683594,221.82000732421875,216.1999969482422,220.44000244140625,24711700.0,218.4600067138672,27262700.0,47.355017192981684,5.070842634633747,0.023211766359026966,32609880.0,0.8360257688774078,-0.015886259816375925,0.009063424273040537,0.3904668060522592,0.012157539035060881,True,1,0.00629001761466011,41.87431361296247,-0.020320228103291815,0.005108410444953875,40.31777291329081,-0.012216982870229876,Consumer Cyclical,0,0.5211999169650731,0.5-1.0%,0.8-1.2,<0.5x
2025-01-14,AMD,116.08999633789062,118.66000366210938,114.5,118.0,37005300.0,117.31999969482422,39128900.0,36.72885558951046,4.756114571572574,0.0405396742579637,41573885.0,0.9411894029148347,-0.04009241430204269,0.005796115810983766,0.1429739117808813,0.016186471712791313,True,1,0.00629001761466011,41.87431361296247,-0.020320228103291815,0.005108410444953875,40.31777291329081,-0.012216982870229876,Technology,1,0.6069787387246333,0.5-1.0%,0.8-1.2,<0.5x
2025-01-14,BAC,44.74370193481445,44.88053223469464,44.20615273027971,44.567776198298205,36379000.0,44.03999710083008,34353600.0,50.389515411173264,0.8709454735030655,0.01977623821157449,31080925.0,1.1052952896350414,0.019199413755093042,0.011984085654224054,0.6059840868628947,-0.003947375245592037,True,0,0.00629001761466011,41.87431361296247,-0.020320228103291815,0.005108410444953875,40.31777291329081,-0.012216982870229876,Unknown,0,0.5196049648969273,1.0-2.0%,0.8-1.2,0.5-1.0x
2025-01-14,NVDA,131.7239532470703,136.3426998783518,130.01442953826418,136.01278831507346,195590500.0,133.19357299804688,204808900.0,43.88011161746188,5.951827865676512,0.044685548496876705,212883160.0,0.9620718707858339,-0.005914872515438319,0.02116630144810313,0.4736721862009268,0.03153258690696106,True,1,0.00629001761466011,41.87431361296247,-0.020320228103291815,0.005108410444953875,40.31777291329081,-0.012216982870229876,Technology,1,0.6010584017542171,>2.0%,0.8-1.2,<0.5x
2025-01-16,NFLX,84.23699951171875,86.89800262451172,84.2020034790039,86.09600067138672,40285000.0,84.82599639892578,31814000.0,40.13957085498768,2.116346228154794,0.02494926458867502,28752800.0,1.1064661528616344,-0.027501181855230095,0.014971875679340921,0.6000928655082267,0.021592189476529217,True,1,0.0044126432499283896,51.046716475446495,0.002774353883219005,0.0023449311585284666,51.6656621159762,0.006249978931170741,Unknown,0,0.5057705593937355,1.0-2.0%,0.8-1.2,0.5-1.0x
2025-01-16,NVDA,133.53347778320312,138.7120538029648,133.4534978315376,138.60208327625168,209235600.0,136.2027587890625,185217300.0,48.20092055360569,5.920136353348992,0.04346561263503862,212387235.0,0.8720735970784684,0.011406012717508629,0.01761582884605895,0.40528196378988635,0.03656947553195267,True,1,0.0044126432499283896,51.046716475446495,0.002774353883219005,0.0023449311585284666,51.6656621159762,0.006249978931170741,Technology,1,0.50216993031365,1.0-2.0%,0.8-1.2,<0.5x
2025-01-16,CRM,317.9244384765625,325.5943667675951,317.4773451071,320.8453716806369,5047700.0,319.0769348144531,6042700.0,39.98561370776569,8.790633059384525,0.027550199028006768,5482845.0,1.1021103095199665,-0.02958812461098781,0.005542352558990648,0.20117286823795524,0.009103865792964719,True,1,0.0044126432499283896,51.046716475446495,0.002774353883219005,0.0023449311585284666,51.6656621159762,0.006249978931170741,Unknown,0,0.5221357515380225,0.5-1.0%,0.8-1.2,<0.5x
2025-01-16,JPM,249.16102600097656,251.87537332844937,247.26000350275368,248.89644685117278,15292300.0,247.2796173095703,18448500.0,67.31138210272755,4.788931487368396,0.019366462709189305,10143555.0,1.8187410626747722,0.054613338748377815,0.006538466692862742,0.3376180147632364,-0.001063008946696552,True,0,0.0044126432499283896,51.046716475446495,0.002774353883219005,0.0023449311585284666,51.6656621159762,0.006249978931170741,Unknown,0,0.5304351472575902,0.5-1.0%,1.2-2.0,<0.5x
2025-01-21,TSLA,424.07000732421875,433.20001220703125,406.30999755859375,432.6400146484375,87320900.0,426.5,94991400.0,56.223742008018384,24.27797916720422,0.05692374951278832,86584800.0,1.0970909443689885,0.037156580996195565,0.014396282880275498,0.25290468395869237,0.019808633122349355,True,1,0.005251636978899725,54.46793570040818,0.014406550524067141,0.005170819841943373,55.64601358630973,0.016470956576033036,Consumer Cyclical,0,0.5113024833480331,1.0-2.0%,0.8-1.2,<0.5x
2025-01-21,AMD,122.27999877929688,123.75,121.12000274658203,122.38999938964844,31578800.0,121.45999908447266,35765900.0,45.10181951312114,4.536109922025307,0.03734653347782875,39231590.0,0.9116607305490295,0.0036574126441630828,0.00765684432888055,0.20502155396634428,0.0008987712304937407,True,0,0.005251636978899725,54.46793570040818,0.014406550524067141,0.005170819841943373,55.64601358630973,0.016470956576033036,Technology,1,0.50216993031365,0.5-1.0%,0.8-1.2,<0.5x
2025-01-21,NVDA,140.79148864746094,141.7912151745994,137.05250594430132,139.12194717769367,197749000.0,137.67234802246094,201188800.0,50.3183786649575,5.805435388861775,0.042168492600377756,208040385.0,0.9670660819052032,0.010591763869352677,0.010529341411364856,0.24969688888690633,-0.012000561404124423,True,0,0.005251636978899725,54.46793570040818,0.014406550524067141,0.005170819841943373,55.64601358630973,0.016470956576033036,Technology,1,0.50216993031365,1.0-2.0%,0.8-1.2,<0.5x
2025-01-22,NFLX,95.39900207519531,99.9000015258789,95.07599639892578,99.8030014038086,142732000.0,86.96800231933594,98514000.0,48.992941322295664,2.450963114853298,0.02818235499826315,33465250.0,2.9437700301058563,0.1275493628916533,0.14758300457844367,5.236716540812117,0.04412692270440295,True,1,0.009089300480817315,56.41519794370288,0.022614888790562615,0.0047592013512489685,59.7106054415408,0.023262934695422732,Unknown,0,0.5040407293454102,>2.0%,>2.0,>2.0x
2025-01-22,AMD,123.75,125.6500015258789,121.91000366210938,123.08000183105469,35023800.0,122.27999877929688,31578800.0,46.36403159763784,4.399959017124783,0.03598265506255253,38324310.0,0.8239887423935356,0.007625977965788344,0.0065423868150484505,0.18182056892897744,-0.005443598951720711,True,0,0.009089300480817315,56.41519794370288,0.022614888790562615,0.0047592013512489685,59.7106054415408,0.023262934695422732,Technology,1,0.5005387985846522,0.5-1.0%,0.8-1.2,<0.5x
2025-01-22,NVDA,147.02981567382812,147.74960487622204,143.63073568135124,144.62047062339892,237651400.0,140.79148864746094,197749000.0,53.78175258235051,5.729240663250082,0.040693089605693324,204055610.0,0.9690936701029685,0.04459740200131046,0.027196118264831138,0.668322767535109,-0.01665977879924966,True,0,0.009089300480817315,56.41519794370288,0.022614888790562615,0.0047592013512489685,59.7106054415408,0.023262934695422732,Technology,1,0.5005387985846522,>2.0%,0.8-1.2,0.5-1.0x
2025-01-23,BAC,45.33989334106445,45.82857510370295,45.007589593336434,45.007589593336434,35324100.0,44.753475189208984,40296200.0,52.1910497699559,0.937491825886227,0.020947911238684683,35535145.0,1.133981583584364,0.01596197515244313,0.005678093221880602,0.2710577277697654,-0.0073832824803667894,True,0,-0.004647378179594141,60.413242995715514,0.020295287514347615,-0.0010554194005121024,62.03279889511922,0.0217514351130621,Unknown,0,0.5201747354570744,0.5-1.0%,0.8-1.2,<0.5x
2025-01-23,XOM,106.25047302246094,107.20542299849,105.72958921027268,106.40480487831366,13726800.0,105.65241241455078,15718000.0,47.8053116345565,1.9677692718807778,0.01862493460310018,15310940.0,1.026586218742938,0.016869489999461917,0.007121394074852682,0.38235807140323075,0.0014504218679712267,True,0,-0.004647378179594141,60.413242995715514,0.020295287514347615,-0.0010554194005121024,62.03279889511922,0.0217514351130621,Unknown,0,0.5177897176861781,0.5-1.0%,0.8-1.2,<0.5x
2025-01-24,NVDA,142.58099365234375,148.92926325643236,141.84120577881646,148.32942123311412,234657600.0,147.17974853515625,155915500.0,59.95073877949212,5.652161583623697,0.038403120265378,197921565.0,0.7877640822009466,0.06232384683031422,0.007811351149871345,0.20340407487444712,0.038754466463778316,True,1,0.0007133377935068686,61.06097972914429,0.026609830616477925,9.834599947989934e-05,64.20231863475375,0.0268633396196003,Technology,1,0.5005387985846522,0.5-1.0%,<0.8,<0.5x
2025-01-24,AAPL,221.77696228027344,224.61413662079448,220.4131353788753,223.76795755359672,54697900.0,222.6529998779297,60234800.0,31.48907298262335,5.314457402938065,0.023868788679477643,49076370.0,1.227368690879134,-0.06108892476689809,0.005007602306181853,0.20979708578539571,0.00889758880176755,True,1,0.0007133377935068686,61.06097972914429,0.026609830616477925,9.834599947989934e-05,64.20231863475375,0.0268633396196003,Unknown,0,0.5604495164688718,0.5-1.0%,1.2-2.0,<0.5x
2025-01-27,PG,166.3008575439453,166.57531254867976,162.8211420008129,163.41906503755777,9170800.0,160.87054443359375,6199800.0,50.476087709116285,2.5227855171395723,0.015682084784520392,6801005.0,0.9116005649165086,0.024837867140085512,0.015842058674800055,1.0102010601573568,-0.01763437152039288,True,0,-0.03517537888185325,58.3231492142183,-0.01367825155309843,-0.021645704713484242,62.14566097061357,0.002307760023430472,Unknown,0,0.5733512953007813,1.0-2.0%,0.8-1.2,1.0-2.0x
2025-01-27,PFE,25.461750030517578,25.566022532970997,24.817148489280502,24.874024564078535,50648600.0,24.731834411621094,31300200.0,51.384103924559405,0.4719083563830826,0.01908100905613942,33465045.0,0.9353102617970482,0.0038403708349403765,0.005749276422076832,0.3013088251864212,-0.023628080969566864,True,0,-0.03517537888185325,58.3231492142183,-0.01367825155309843,-0.021645704713484242,62.14566097061357,0.002307760023430472,Unknown,0,0.5954990262143659,0.5-1.0%,0.8-1.2,<0.5x
2025-01-27,ABBV,172.53536987304688,173.07180279130841,168.33171216484453,168.3999922100376,6985200.0,166.0982208251953,5584900.0,41.722989468246126,3.308484339673084,0.019918842737966416,5291740.0,1.055399547218873,-0.010386370439685488,0.013857893079208282,0.6957177814750438,-0.02455687561939678,True,0,-0.03517537888185325,58.3231492142183,-0.01367825155309843,-0.021645704713484242,62.14566097061357,0.002307760023430472,Unknown,0,0.5313110339737197,1.0-2.0%,0.8-1.2,0.5-1.0x
2025-01-27,AAPL,228.8250732421875,231.10475600574816,222.9715426392062,223.01137104866308,94863400.0,221.77696228027344,54697900.0,30.769826114493473,5.234924820008145,0.023604457226681835,49768325.0,1.0990504502612857,-0.057139019865684704,0.005565991867223982,0.23580257803735205,-0.02606908412870041,True,0,-0.03517537888185325,58.3231492142183,-0.01367825155309843,-0.021645704713484242,62.14566097061357,0.002307760023430472,Unknown,0,0.6309662169607447,0.5-1.0%,0.8-1.2,<0.5x
2025-01-27,JNJ,148.34893798828125,148.8923027827417,143.60417888622317,144.04081025280172,15152300.0,142.45921325683594,9887300.0,51.29718705536956,2.4786794528218694,0.01739922182746527,8415920.0,1.1748329356742935,0.021911403954574693,0.01110210396230648,0.6380804884492838,-0.029909077350498546,True,0,-0.03517537888185325,58.3231492142183,-0.01367825155309843,-0.021645704713484242,62.14566097061357,0.002307760023430472,Unknown,0,0.5320784847189701,1.0-2.0%,0.8-1.2,0.5-1.0x
2025-01-27,PEP,148.66897583007812,149.49593016323558,145.1015293757999,145.12076496655894,9820600.0,143.38992309570312,4509600.0,46.527043925250986,2.321425087943492,0.016189597133643045,6186005.0,0.7290003806980434,0.018305456685287158,0.012070875229499857,0.7455945401146385,-0.024450056229629327,True,0,-0.03517537888185325,58.3231492142183,-0.01367825155309843,-0.021645704713484242,62.14566097061357,0.002307760023430472,Unknown,0,0.5871300289252569,1.0-2.0%,<0.8,0.5-1.0x
2025-01-28,NVDA,128.95472717285156,128.96471894622445,116.21820602712087,121.77668294561497,579666400.0,118.38761138916016,818830900.0,34.425852997518575,7.194596112003769,0.06077152860491383,236535465.0,3.461767984771332,-0.11334824204548832,0.028626910507674286,0.47105793065997664,-0.05894432377044041,True,0,0.00196411635797738,46.75717566704922,-0.004459716362773314,0.002085560134359092,53.267570120100395,0.01177081910307698,Technology,1,0.5141702978504926,>2.0%,>2.0,<0.5x
2025-01-28,META,672.2103881835938,680.4344558685057,657.3970515429507,663.9065549274304,20950100.0,657.8057250976562,28399200.0,68.06014477924106,18.820279432909135,0.028610695703682302,12708535.0,2.234655686119604,0.07866055436317487,0.009274516163367925,0.3241625530334189,-0.012507533167933545,True,0,0.00196411635797738,46.75717566704922,-0.004459716362773314,0.002085560134359092,53.267570120100395,0.01177081910307698,Unknown,0,0.5209092247155059,0.5-1.0%,>2.0,<0.5x
2025-01-28,AVGO,205.5030059814453,208.0698078301664,197.10885712729012,206.14717891356318,50316000.0,200.31985473632812,90569400.0,37.90228946008251,11.498501956252843,0.05740071033591651,28725815.0,3.1528922678085896,-0.09826489475099986,0.02909009785827419,0.5067898583142109,0.0031248205069445453,True,1,0.00196411635797738,46.75717566704922,-0.004459716362773314,0.002085560134359092,53.267570120100395,0.01177081910307698,Unknown,0,0.7148235768882301,>2.0%,>2.0,0.5-1.0x
2025-01-28,CRM,357.6153564453125,364.7090302427245,348.1868884947929,352.46893116995307,12099300.0,344.8487243652344,15661100.0,63.28557426974356,9.340950981123363,0.027087097388332586,5384525.0,2.9085388219016535,0.07335456179685318,0.022097245157989966,0.8157849045689209,-0.01460107493241138,True,0,0.00196411635797738,46.75717566704922,-0.004459716362773314,0.002085560134359092,53.267570120100395,0.01177081910307698,Unknown,0,0.6573063152601527,>2.0%,>2.0,0.5-1.0x
2025-01-29,AVGO,204.50205993652344,209.55637833998784,200.9541184421096,206.9697513205308,32533700.0,205.5030059814453,50316000.0,41.287893096659005,11.460105438154518,0.055766120711583364,29818665.0,1.6873994861943014,-0.08803292293543563,0.007137342502999313,0.12798707193410339,0.01192295670387936,True,1,0.0012457087207485907,51.82771974872191,0.00889735887070886,-0.0013235834038739071,57.2098961587797,0.015913716777427034,Unknown,0,0.539860486455359,0.5-1.0%,1.2-2.0,<0.5x
2025-01-29,AMD,117.3499984741211,118.5199966430664,114.95999908447266,115.7699966430664,40199100.0,114.16999816894531,40554800.0,36.187046580695714,4.495094105086716,0.03937193813767967,38113325.0,1.064058305067847,-0.04089277353881793,0.014014176226520248,0.3559432654169601,-0.013647766060890834,True,0,0.0012457087207485907,51.82771974872191,0.00889735887070886,-0.0013235834038739071,57.2098961587797,0.015913716777427034,Technology,1,0.515001243189195,1.0-2.0%,0.8-1.2,<0.5x
2025-01-30,V,340.630615234375,342.0108267537755,336.6091901281213,337.11560303126134,8081300.0,333.5111999511719,5087300.0,75.70207953437247,4.525619401285436,0.013569617457968473,5438435.0,0.9354345505646385,0.05938956114454186,0.010807442390591908,0.7964441462014439,-0.010426726533887851,True,0,0.005529707491106538,51.151264379745804,0.01067986629894846,0.003572723602232699,54.59963678584344,0.01513654374588791,Financial Services,0,0.5168774227313025,1.0-2.0%,0.8-1.2,0.5-1.0x
2025-01-30,XOM,105.69100189208984,105.96108815288088,104.85179898809031,105.37268278788672,14346300.0,104.82286071777344,12345500.0,46.02715626103897,1.9775176712448368,0.018865328208978512,14824305.0,0.8327877765601828,0.0009208412922101505,0.005245249617768287,0.2780364889316865,-0.003020888296484748,True,0,0.005529707491106538,51.151264379745804,0.01067986629894846,0.003572723602232699,54.59963678584344,0.01513654374588791,Unknown,0,0.5470519650371215,0.5-1.0%,0.8-1.2,<0.5x
2025-01-30,TSLA,400.2799987792969,412.5,384.4100036621094,410.7799987792969,98092900.0,389.1000061035156,68033600.0,44.56383716537298,20.750933630497705,0.053330591891528153,73538075.0,0.9251479590674627,0.01300597800787573,0.055718304640718856,1.0447719154148372,0.025561127686845875,True,1,0.005529707491106538,51.151264379745804,0.01067986629894846,0.003572723602232699,54.59963678584344,0.01513654374588791,Consumer Cyclical,0,0.5650547652877058,>2.0%,0.8-1.2,1.0-2.0x
2025-01-30,JNJ,148.32952880859375,149.56181206453698,146.86438338531534,147.39805052809234,8911000.0,146.6605987548828,7156400.0,59.01218638029298,2.6829059293967528,0.018293297260300663,9376950.0,0.7631905896906777,0.037193892091289316,0.005028288302859368,0.2748705294245421,-0.00631947489918722,True,0,0.005529707491106538,51.151264379745804,0.01067986629894846,0.003572723602232699,54.59963678584344,0.01513654374588791,Unknown,0,0.5816093284136461,0.5-1.0%,<0.8,<0.5x
2025-01-30,META,684.8405151367188,708.5557128184324,673.9747533685537,694.6296546921253,29322900.0,674.363525390625,21377800.0,71.88740379195782,18.850799571632994,0.02795346851049465,14116650.0,1.5143677855581883,0.11142310260471189,0.0300522322730328,1.0750806205587764,0.014092602423870487,True,1,0.005529707491106538,51.151264379745804,0.01067986629894846,0.003572723602232699,54.59963678584344,0.01513654374588791,Unknown,0,0.5015478024192274,>2.0%,1.2-2.0,1.0-2.0x
2025-01-30,MA,562.7606811523438,573.6279273442615,551.3466045163412,551.813877229631,6005200.0,545.6494750976562,2549000.0,69.34714346618622,7.807665594615221,0.014308939989757827,2546305.0,1.0010583963822088,0.055532074916633034,0.011297366557296636,0.7895320383888086,-0.019837855433558423,True,0,0.005529707491106538,51.151264379745804,0.01067986629894846,0.003572723602232699,54.59963678584344,0.01513654374588791,Unknown,0,0.5226464915423007,1.0-2.0%,0.8-1.2,0.5-1.0x
2025-01-30,GOOGL,200.0863800048828,200.61431120284323,196.89886658344366,197.22758104242592,24354700.0,194.64767456054688,18218300.0,54.28801538329076,4.826947377242065,0.02479838193875057,23785520.0,0.7659407908677212,0.01822263574287275,0.013254237368638828,0.5344799270119889,-0.014494924834280288,True,0,0.005529707491106538,51.151264379745804,0.01067986629894846,0.003572723602232699,54.59963678584344,0.01513654374588791,Unknown,0,0.5094883067801491,1.0-2.0%,<0.8,0.5-1.0x
2025-01-30,HD,404.4173583984375,407.1687695268447,401.5098356696338,406.28090154816397,3081300.0,403.3636779785156,2384900.0,55.87248888335511,7.739132773301599,0.019186489006860475,3114610.0,0.7657138453931632,0.03391296179314085,0.007232241594652761,0.3769445046494303,0.004586834238639563,True,1,0.005529707491106538,51.151264379745804,0.01067986629894846,0.003572723602232699,54.59963678584344,0.01513654374588791,Unknown,0,0.5410821829770901,0.5-1.0%,<0.8,<0.5x
2025-01-30,AVGO,213.7286834716797,219.97226751719148,211.78622938915623,216.61262690597016,42449500.0,204.50205993652344,32533700.0,40.82499211385989,11.255973613849068,0.055040881335585934,29981240.0,1.0851352379021015,-0.04146258245241652,0.05921977985554664,1.0759235393503572,0.01331382881729406,True,1,0.005529707491106538,51.151264379745804,0.01067986629894846,0.003572723602232699,54.59963678584344,0.01513654374588791,Unknown,0,0.6202154754771023,>2.0%,0.8-1.2,1.0-2.0x
2025-01-30,PEP,146.06309509277344,147.19776012294338,144.84190659030946,145.46692386566644,4671300.0,144.59190368652344,4874100.0,49.77266908299745,2.6426590229177163,0.01827667355875627,6577460.0,0.7410307322279421,0.021237453430760223,0.006051654047242222,0.33111353812756056,-0.004098328412151864,True,0,0.005529707491106538,51.151264379745804,0.01067986629894846,0.003572723602232699,54.59963678584344,0.01513654374588791,Unknown,0,0.5205012405269098,0.5-1.0%,<0.8,<0.5x
2025-01-30,NFLX,97.3239974975586,99.45899963378906,97.0009994506836,98.67500305175781,38678000.0,97.81500244140625,29307000.0,68.9574794994763,2.891446657419508,0.029560359712218584,43466450.0,0.6742441584256363,0.0936590260143999,0.008792113570377156,0.2974291806991439,0.013691467062743119,True,1,0.005529707491106538,51.151264379745804,0.01067986629894846,0.003572723602232699,54.59963678584344,0.01513654374588791,Unknown,0,0.5580655541669108,0.5-1.0%,<0.8,<0.5x
2025-01-30,DIS,112.18927764892578,113.92013575839775,111.88267091280665,112.84205449775082,6236200.0,111.95191192626953,7607100.0,60.72212102879034,2.072487413581233,0.01851230030752984,7174690.0,1.0602688060390066,0.03459055418445578,0.00795111540450985,0.42950445230600265,0.005784872065033634,True,1,0.005529707491106538,51.151264379745804,0.01067986629894846,0.003572723602232699,54.59963678584344,0.01513654374588791,Unknown,0,0.5245700190155267,0.5-1.0%,0.8-1.2,<0.5x
2025-01-30,CVX,149.39454650878906,150.47447409023093,148.62998607171642,149.62390443196668,6931900.0,148.79244995117188,5630600.0,54.586913046308396,2.5817948548380487,0.017351652289382274,7477000.0,0.7530560385181222,0.015594564927297272,0.00558801525929344,0.3220451381862249,0.001532896257776139,True,0,0.005529707491106538,51.151264379745804,0.01067986629894846,0.003572723602232699,54.59963678584344,0.01513654374588791,Unknown,0,0.5607718997320376,0.5-1.0%,<0.8,<0.5x
2025-01-30,BAC,45.66242599487305,46.10223660724782,45.34966995888181,46.04359718071574,31199900.0,45.69174575805664,23681500.0,57.668056189717724,0.88941567754142,0.0194655656680527,35503945.0,0.6670103843389797,0.024008056887951712,0.0077005467141089,0.3955984041474428,0.008278484071230222,True,1,0.005529707491106538,51.151264379745804,0.01067986629894846,0.003572723602232699,54.59963678584344,0.01513654374588791,Unknown,0,0.5629262215680657,0.5-1.0%,<0.8,<0.5x
2025-01-30,JPM,262.8405456542969,264.28101058042995,261.2628793521523,263.2325025931336,8753500.0,261.2236633300781,7684900.0,75.54753129813874,4.55278598996112,0.017428689008959695,10223715.0,0.7516739267477625,0.05997392889487929,0.007690112133972762,0.44123296537217743,0.0014890142173762232,True,0,0.005529707491106538,51.151264379745804,0.01067986629894846,0.003572723602232699,54.59963678584344,0.01513654374588791,Unknown,0,0.5131890930535631,0.5-1.0%,<0.8,<0.5x
2025-01-30,PG,164.09539794921875,164.28163846980803,162.64469018708937,164.1640042187291,4136500.0,162.9387664794922,4850300.0,53.93743612708417,2.700751243449379,0.0165752527885333,7314970.0,0.6630649202935898,0.029784448367648375,0.007519620810380493,0.45366552814099703,0.00041791298791021624,True,0,0.005529707491106538,51.151264379745804,0.01067986629894846,0.003572723602232699,54.59963678584344,0.01513654374588791,Unknown,0,0.532895458463654,0.5-1.0%,<0.8,<0.5x
2025-01-31,AMZN,237.67999267578125,240.2899932861328,236.41000366210938,236.5,36110200.0,234.63999938964844,32020700.0,60.99852270994721,5.424152625498091,0.023116913738525126,32064325.0,0.9986394536607273,0.03747635935109672,0.007927039785159578,0.3429108173704389,-0.004989398206263214,True,0,0.0073988026164266895,52.65869613729442,0.015401891695739023,0.004065952503230021,57.11131411240684,0.019159481405433,Consumer Cyclical,0,0.5375031970611324,0.5-1.0%,0.8-1.2,<0.5x
2025-01-31,ABBV,179.3626708984375,187.03850628660038,179.13834980351754,182.67879239603937,11926500.0,171.3162078857422,5209200.0,52.36962039539637,3.3831753483628484,0.019748133525225045,5788900.0,0.899860077043998,0.06960248706332584,0.06632521610491961,3.3585561906496064,0.01815274479378355,True,1,0.0073988026164266895,52.65869613729442,0.015401891695739023,0.004065952503230021,57.11131411240684,0.019159481405433,Unknown,0,0.5012684030295651,>2.0%,0.8-1.2,>2.0x
2025-01-31,GOOGL,203.22409057617188,204.6783863780237,201.0127499247283,201.21196665384008,32001100.0,200.0863800048828,24354700.0,60.68683398086181,4.908353753317371,0.02453117375204444,24290020.0,1.0026628220149674,0.03465055465537037,0.005625503589648623,0.22932060432615015,-0.010000021150796673,True,0,0.0073988026164266895,52.65869613729442,0.015401891695739023,0.004065952503230021,57.11131411240684,0.019159481405433,Unknown,0,0.5716788674485708,0.5-1.0%,0.8-1.2,<0.5x
2025-01-31,CRM,339.48370361328125,347.2330997195098,337.8940753474905,345.74282890526297,5778000.0,341.3415832519531,7591100.0,55.2933985677394,10.267558303438538,0.030080010192780365,6176640.0,1.2290015283390323,0.04618853848571347,0.012893962731933451,0.42865553067625584,0.018103413198186046,True,1,0.0073988026164266895,52.65869613729442,0.015401891695739023,0.004065952503230021,57.11131411240684,0.019159481405433,Unknown,0,0.5208689266690477,1.0-2.0%,1.2-2.0,<0.5x
2025-01-31,AVGO,219.28843688964844,224.7689121682608,214.36294415234264,217.69285452232205,41104700.0,213.7286834716797,42449500.0,46.751385915219814,11.55699032576471,0.054073183524269826,30737875.0,1.3810160917109593,-0.03348438507051499,0.018547679170857007,0.34301067482982944,-0.007329511897979071,True,0,0.0073988026164266895,52.65869613729442,0.015401891695739023,0.004065952503230021,57.11131411240684,0.019159481405433,Unknown,0,0.5922845688473024,1.0-2.0%,1.2-2.0,<0.5x
2025-02-04,AVGO,220.4380340576172,221.03266684202924,213.37189663314714,217.3856301225789,23768500.0,215.78012084960938,24507300.0,48.009893571676464,11.246539236336819,0.05212036767824054,31545800.0,0.7768799650032651,-0.029330272602197782,0.00744048741213055,0.14275585042038835,-0.014041424602523648,True,0,0.0010037810151191802,48.813852203551455,-0.00089096493210572,0.00010042752868793052,50.10461036105115,0.001816599397608698,Unknown,0,0.5596484972158188,0.5-1.0%,<0.8,<0.5x
2025-02-04,CRM,341.9079284667969,344.67981074491985,336.47340557938423,343.3783098078291,4965600.0,337.0396728515625,4549400.0,51.94245417990214,10.213450055898042,0.030303406033734798,6301355.0,0.7219717029115167,0.03669624034454877,0.018806797735820988,0.6206166301862112,0.004282103146978423,True,1,0.0010037810151191802,48.813852203551455,-0.00089096493210572,0.00010042752868793052,50.10461036105115,0.001816599397608698,Unknown,0,0.5066685335489162,1.0-2.0%,<0.8,0.5-1.0x
2025-02-04,AMD,119.5,119.8499984741211,114.79000091552734,115.44999694824219,69412100.0,114.2699966430664,34586100.0,38.75064649303289,4.290415993215828,0.0375463036602457,38970915.0,0.8874849358810282,-0.03429529330810199,0.010326422856750653,0.2750316768913885,-0.03508014862549961,True,0,0.0010037810151191802,48.813852203551455,-0.00089096493210572,0.00010042752868793052,50.10461036105115,0.001816599397608698,Technology,1,0.506374068484039,1.0-2.0%,0.8-1.2,<0.5x
2025-02-05,HD,403.75390625,405.051541125811,398.2120784269646,405.051541125811,2212100.0,401.4805603027344,2150800.0,53.58827870859539,7.603763891023325,0.018939307759483413,3195490.0,0.6730736131234959,0.019460945672204577,0.008894529838216722,0.46963331242996437,0.0032036290300348756,True,1,-0.0050525617930175975,53.56662898165842,0.004952451358836818,-0.0018945069273138835,53.59682476597475,0.005747554457785853,Unknown,0,0.5813926881904595,0.5-1.0%,<0.8,<0.5x
2025-02-05,BAC,46.04359436035156,46.06314207744689,45.5842323294759,45.91653606340484,27696600.0,45.652645111083984,32894000.0,56.580775648874656,0.8976572049730466,0.019662764398181713,37988645.0,0.8658903206471302,0.013078569764765513,0.005780408817030119,0.29397742351856965,-0.002767157713536364,True,0,-0.0050525617930175975,53.56662898165842,0.004952451358836818,-0.0018945069273138835,53.59682476597475,0.005747554457785853,Unknown,0,0.5397887311317275,0.5-1.0%,0.8-1.2,<0.5x
2025-02-05,NVDA,124.79586791992188,124.96581960402936,120.72698113870702,121.72670769553925,262230800.0,118.6175537109375,256550000.0,38.78017477750357,7.435320602837994,0.06268313896404691,307430840.0,0.8344966302014463,-0.07733460232341771,0.02621158409807146,0.41816004321521943,-0.02521353187386912,True,0,-0.0050525617930175975,53.56662898165842,0.004952451358836818,-0.0018945069273138835,53.59682476597475,0.005747554457785853,Technology,1,0.5064916091861568,>2.0%,0.8-1.2,<0.5x
2025-02-05,AVGO,229.9223175048828,235.79920396523886,225.46261738086568,231.84494620011236,29196000.0,220.4380340576172,23768500.0,50.81039481839131,10.990412877232911,0.04985715339105357,31485565.0,0.7549014921599787,0.035093732290345736,0.05174656992047789,1.0378965986005,0.008292734979739733,True,1,-0.0050525617930175975,53.56662898165842,0.004952451358836818,-0.0018945069273138835,53.59682476597475,0.005747554457785853,Unknown,0,0.5126983120624053,>2.0%,<0.8,1.0-2.0x
2025-02-06,NVDA,128.64480590820312,128.7347928917548,125.17576116570511,127.38515593926263,251483600.0,124.79586791992188,262230800.0,44.54971364815265,7.357673837856127,0.058957671920494566,307273510.0,0.85341167222648,-0.030901363722142694,0.020748187119482453,0.3519166623041313,-0.009888514557701653,True,0,0.0009679606039811316,55.24150270270452,0.013941301321087396,0.002929465684725045,55.63160717504198,0.012930087269957369,Technology,1,0.5005387985846522,>2.0%,0.8-1.2,<0.5x
2025-02-11,XOM,107.71665954589844,108.52692571268362,106.89675269757096,107.64913797860791,12713100.0,107.04143524169922,12142200.0,54.862729121507876,2.093921357894634,0.01956178327735018,14691665.0,0.8264686133259913,0.01695846060314965,0.005677266336503254,0.2902223307563548,-0.0006272374173952478,True,0,-0.006216206753265624,55.93234132523049,0.006185890618239487,-0.0038025268120891807,55.17583894149683,0.0023939508594481573,Unknown,0,0.518377669250574,0.5-1.0%,0.8-1.2,<0.5x
2025-02-12,INTC,22.479999542236328,22.559999465942383,20.93000030517578,21.979999542236328,162631200.0,20.969999313354492,150960700.0,57.297242353787645,0.8326709646752412,0.039707724937547546,79418915.0,1.900815441762205,0.0835325524062267,0.04816405636401854,1.2129643901727218,-0.02274795315801577,True,0,-0.010776766727625486,54.833883125493784,-0.0026523859476590417,-0.010093959510825206,55.57177266615076,-0.004815546882561139,Unknown,0,0.5288349886645012,>2.0%,1.2-2.0,1.0-2.0x
2025-02-13,TSLA,355.94000244140625,358.69000244140625,342.8500061035156,345.0,89441500.0,336.510009765625,105382700.0,33.733437063964345,20.064236515236626,0.05962448644309604,75711770.0,1.3918932287542611,-0.10834511592455631,0.025229532519071785,0.4231404582939285,-0.031710152004076085,True,0,0.0031801503115399324,55.067677517584066,0.010153463931130702,0.0018561976099911756,53.41794699301206,0.002633123308042995,Consumer Cyclical,0,0.6544025685740672,>2.0%,1.2-2.0,<0.5x
2025-02-13,CSCO,62.32566452026367,64.92256705343259,61.232232854774026,64.53205388222435,43257700.0,61.04673767089844,30116300.0,64.10359464795896,1.0193258038109034,0.016697465625535396,19845410.0,1.5175448630187032,0.07509393197297443,0.05709258748788786,3.4192367134193287,0.03419059566874307,True,1,0.0031801503115399324,55.067677517584066,0.010153463931130702,0.0018561976099911756,53.41794699301206,0.002633123308042995,Unknown,0,0.5679632439282531,>2.0%,1.2-2.0,>2.0x
2025-02-13,BAC,45.281253814697266,45.51581897236685,44.92940234984694,45.46695154188118,26815400.0,45.16396713256836,29777100.0,48.575538006998954,0.8484947463495965,0.018786984408589193,35361760.0,0.8420706435426291,-0.0034168832844294617,0.006708542861690602,0.3570846026051703,0.004084235271697545,True,1,0.0031801503115399324,55.067677517584066,0.010153463931130702,0.0018561976099911756,53.41794699301206,0.002633123308042995,Unknown,0,0.6903032822290766,0.5-1.0%,0.8-1.2,<0.5x
2025-02-13,ABBV,188.67706298828125,189.48658643221387,186.70689767753336,189.48658643221387,4108900.0,188.2381591796875,4525000.0,69.80618036634517,4.152444245091685,0.022059524291925654,6428105.0,0.7039399636440289,0.06764274294038897,0.006632168833178247,0.30064876945718133,0.004272193927680547,True,1,0.0031801503115399324,55.067677517584066,0.010153463931130702,0.0018561976099911756,53.41794699301206,0.002633123308042995,Unknown,0,0.6341542396578835,0.5-1.0%,<0.8,<0.5x
2025-02-13,INTC,24.1299991607666,24.829999923706055,22.790000915527344,22.84000015258789,248661300.0,22.479999542236328,162631200.0,66.26414028513818,0.8896229786817669,0.03957397672585835,85193100.0,1.9089715012131263,0.11597000741919627,0.016014262352415928,0.4046664924112092,-0.05647981609284479,True,0,0.0031801503115399324,55.067677517584066,0.010153463931130702,0.0018561976099911756,53.41794699301206,0.002633123308042995,Unknown,0,0.5352733589632703,1.0-2.0%,1.2-2.0,<0.5x
2025-02-14,NVDA,138.81204223632812,139.21192676792597,135.46295207938218,136.44267986002885,195479600.0,135.2530059814453,197430000.0,53.52385360894122,6.333444375186269,0.04682664410471678,300319445.0,0.6573999895344772,0.042142303709398865,0.008795914515546807,0.18783995060326794,-0.017365258280839353,True,0,0.00020512222016344134,60.470506647959475,0.018845464783495913,0.0003443799730643634,59.00715752599124,0.00971736991573402,Technology,1,0.5048606757022588,0.5-1.0%,<0.8,<0.5x
2025-02-14,INTC,23.600000381469727,25.190000534057617,22.860000610351562,24.360000610351562,230254100.0,24.1299991607666,248661300.0,72.94861548415133,0.9939356503094783,0.041190869659271934,94810865.0,2.6227089057778348,0.17309964323886762,0.00953176367941713,0.2314047690243792,0.03119869498520787,True,1,0.00020512222016344134,60.470506647959475,0.018845464783495913,0.0003443799730643634,59.00715752599124,0.00971736991573402,Unknown,0,0.5126553613750187,0.5-1.0%,>2.0,<0.5x
2025-02-14,AMD,113.0999984741211,114.62999725341797,111.69999694824219,112.6500015258789,32477200.0,111.80999755859375,40911800.0,41.65155069400556,4.515892422489435,0.04038898596811875,42370540.0,0.9655718336372394,-0.02718945549725571,0.007512780481414055,0.18601062396922532,-0.003994646623584913,True,0,0.00020512222016344134,60.470506647959475,0.018845464783495913,0.0003443799730643634,59.00715752599124,0.00971736991573402,Technology,1,0.5048606757022588,0.5-1.0%,0.8-1.2,<0.5x
2025-02-18,CSCO,63.057865142822266,64.67849206644507,62.90166435591495,63.75102987655784,22047500.0,63.33123779296875,23693300.0,74.38877418946734,1.2496456630540522,0.019731900190221644,21311420.0,1.111765429051654,0.055336465266407675,0.006628515377536071,0.3359288924855247,0.010872996641430852,True,1,0.0029358866081836874,61.929929918063856,0.023957369779941784,0.0019354059975319716,58.97125647982828,0.010181517635607928,Unknown,0,0.5140563329211864,0.5-1.0%,0.8-1.2,<0.5x
2025-02-18,NVDA,139.3618927001953,143.40079701868018,137.892293264338,141.23139195970475,219176600.0,138.81204223632812,195479600.0,56.55763314910748,6.1638355474215825,0.044404184594645076,299631645.0,0.6523997156575367,0.07628149704818532,0.01742896138115793,0.39250718238072946,0.013237136826087735,True,1,0.0029358866081836874,61.929929918063856,0.023957369779941784,0.0019354059975319716,58.97125647982828,0.010181517635607928,Technology,1,0.5005387985846522,1.0-2.0%,<0.8,<0.5x
2025-02-18,AMD,114.27999877929688,115.55000305175781,113.44999694824219,114.05000305175781,31720300.0,113.0999984741211,32477200.0,43.98042702308139,4.402614414109888,0.038926741587156345,42523695.0,0.7637436022434081,-0.01213071123049092,0.00839968691824601,0.21578191689739165,-0.0020166218446718196,True,0,0.0029358866081836874,61.929929918063856,0.023957369779941784,0.0019354059975319716,58.97125647982828,0.010181517635607928,Technology,1,0.5005387985846522,0.5-1.0%,<0.8,<0.5x
2025-02-19,XOM,107.34683227539062,109.12783023727074,107.11325268602502,107.79451535065354,10964700.0,107.19111633300781,20060300.0,54.731893738618986,2.168886953820264,0.020233831198121312,15179675.0,1.3215236821605205,0.021486670169495126,0.005629188670553296,0.278206762497651,0.004153115525466308,True,1,-0.0014831435052860156,62.733346092269024,0.020458677630248667,-0.0023058152623559227,60.51435389282652,0.008221713647001527,Unknown,0,0.5239313717567456,0.5-1.0%,1.2-2.0,<0.5x
2025-02-20,NVDA,140.07168579101562,140.62153843760984,136.7525863640224,139.991705837455,143903600.0,139.19192504882812,167536000.0,56.82114657419321,5.975729078317794,0.04293157865459168,299020385.0,0.560282871684484,0.07112257066701044,0.005745884959535555,0.1338381941592314,-0.000571319229822825,True,0,-0.0014643739952329674,62.837227270325705,0.019972291502077466,-0.002267811852760876,61.76033245239923,0.009971008326678632,Technology,1,0.51635436277684,0.5-1.0%,<0.8,<0.5x
2025-02-21,AMD,110.83999633789062,115.76000213623047,110.43000030517578,114.8499984741211,41353700.0,114.16999816894531,27219600.0,45.97552600502699,4.118577019717065,0.03607407450092553,41792650.0,0.6513011259156813,0.00574460125663534,0.00595603324937903,0.16510564253633783,0.03491512572491705,True,1,0.0021406775318916858,60.08441765485345,0.018900741434486168,-0.00036051835443999514,58.25471808861299,0.007754281141320707,Technology,1,0.5120358432677661,0.5-1.0%,<0.8,<0.5x
2025-02-21,JPM,258.93072509765625,263.79108739460094,257.5588607010997,262.92876408693655,12835600.0,261.4392395019531,13846700.0,50.20710355267072,4.864344728927732,0.018606023863114062,7807435.0,1.7735274132925858,-0.011080616731595216,0.005697402531544238,0.3062127928815132,0.01520578778500767,True,1,0.0021406775318916858,60.08441765485345,0.018900741434486168,-0.00036051835443999514,58.25471808861299,0.007754281141320707,Unknown,0,0.506830097496046,0.5-1.0%,1.2-2.0,<0.5x
2025-02-24,GOOGL,178.55072021484375,182.40561792977684,178.19212401815724,181.28003655625,29854200.0,178.9591064453125,35199200.0,37.0509957671507,4.625720102084615,0.0258479168451714,29919740.0,1.1764540734645421,-0.04349446005449353,0.012969052858155286,0.5017446061839219,0.015055802024617076,True,1,0.0034214614939808187,48.86084502662175,0.0003590929800767473,0.00346712970831251,46.59382639321003,-0.004360262620614064,Unknown,0,0.7181756260640852,1.0-2.0%,0.8-1.2,0.5-1.0x
2025-02-24,NVDA,130.244384765625,138.55211066034528,130.04444248958205,136.52266681200447,251381100.0,134.3932342529297,228217600.0,50.78599072468264,5.939725811763432,0.04419661335469311,297948100.0,0.7659642736436312,0.0521328703668138,0.0158447898877645,0.3585068783575017,0.04598710377541074,True,1,0.0034214614939808187,48.86084502662175,0.0003590929800767473,0.00346712970831251,46.59382639321003,-0.004360262620614064,Technology,1,0.506374068484039,1.0-2.0%,<0.8,<0.5x
2025-02-24,CRM,306.3202209472656,310.7016209993714,301.5513359105853,309.4895327968412,6652900.0,307.7906188964844,7353200.0,34.255499115758695,9.147423728665052,0.029719631356735724,6844570.0,1.074311461494294,-0.06476063598552761,0.0055197065669120296,0.18572594325471103,0.010240449235664554,True,1,0.0034214614939808187,48.86084502662175,0.0003590929800767473,0.00346712970831251,46.59382639321003,-0.004360262620614064,Unknown,0,0.7093211038035064,0.5-1.0%,0.8-1.2,<0.5x
2025-02-24,AMD,108.11000061035156,111.5999984741211,107.9800033569336,111.48999786376953,29072200.0,110.83999633789062,41353700.0,40.72164189581758,4.2051073633840375,0.0379385375525001,42614280.0,0.9704188361272325,-0.017068411089961932,0.005864322874004854,0.15457429970487627,0.03031659627034896,True,1,0.0034214614939808187,48.86084502662175,0.0003590929800767473,0.00346712970831251,46.59382639321003,-0.004360262620614064,Technology,1,0.5115677278130515,0.5-1.0%,0.8-1.2,<0.5x
2025-02-24,CSCO,61.73989486694336,63.04810907229868,61.652029594784814,62.901665710631306,17287500.0,62.46234130859375,18905800.0,63.9586109530805,1.2084476427282613,0.019346819498134944,21001680.0,0.9002041741422591,0.03285479747730147,0.007033428347923818,0.36354442385746394,0.018469635590136535,True,1,0.0034214614939808187,48.86084502662175,0.0003590929800767473,0.00346712970831251,46.59382639321003,-0.004360262620614064,Unknown,0,0.654598193542694,0.5-1.0%,0.8-1.2,<0.5x
2025-02-25,HD,383.72332763671875,391.25554176218736,374.8446769014138,375.63497147236194,6823900.0,373.11773681640625,5722000.0,32.150795161456145,8.035634832259873,0.021536458976255616,3078145.0,1.8589117796595027,-0.05170658112272075,0.0067464888628285796,0.3132589656575726,-0.02153248972706985,True,0,-0.0012117931823897774,43.93800039634963,-0.015736190848800735,-0.00010054608689340005,44.107557606785704,-0.01184005732436788,Unknown,0,0.5516344052333612,0.5-1.0%,1.2-2.0,<0.5x
2025-02-25,CSCO,62.745460510253906,63.1066864934025,61.81799825548153,63.06763443183894,22100100.0,61.73989486694336,17287500.0,57.51773389327125,1.2218499166415187,0.019790281782545095,21004410.0,0.8230414470104135,0.03199834060183249,0.02150537456788699,1.0866633837853992,0.005108387598289049,True,1,-0.0012117931823897774,43.93800039634963,-0.015736190848800735,-0.00010054608689340005,44.107557606785704,-0.01184005732436788,Unknown,0,0.5209999013665555,>2.0%,0.8-1.2,1.0-2.0x
2025-02-25,WMT,96.76377868652344,96.98169401970864,93.34648447959408,93.45544214618668,29331200.0,92.7818832397461,29755900.0,36.819567705529366,2.136233688437431,0.023024254454045257,18770990.0,1.5852067472200455,-0.058500673146171356,0.007259595116216066,0.31530207115742626,-0.0354001486094488,True,0,-0.0012117931823897774,43.93800039634963,-0.015736190848800735,-0.00010054608689340005,44.107557606785704,-0.01184005732436788,Unknown,0,0.5182634947910846,0.5-1.0%,1.2-2.0,<0.5x
2025-02-25,MRK,88.11729431152344,89.68823325089775,87.1631662043553,88.42569972762652,18417300.0,87.96309661865234,19452300.0,50.11334112226993,2.2826907413186515,0.025950550049583097,18918545.0,1.0282133219018692,0.017093784353413577,0.0052590589321759385,0.20265693490610334,0.0034877350934519203,True,1,-0.0012117931823897774,43.93800039634963,-0.015736190848800735,-0.00010054608689340005,44.107557606785704,-0.01184005732436788,Unknown,0,0.5011712891091099,0.5-1.0%,0.8-1.2,<0.5x
2025-02-26,NVDA,131.24411010742188,133.69343728770713,128.4548795357506,129.95446947322534,322553800.0,126.59537506103516,271428700.0,42.94059951992679,6.102811371636007,0.04820722217295594,271414165.0,1.0000535528423875,0.000384890098907853,0.026534100559129237,0.5504175383499853,-0.009923788226939253,True,0,0.004305291236531933,39.42602744903369,-0.02163751044903428,0.002843977907269859,41.512199727471305,-0.012919730506086524,Technology,1,0.6010584017542171,>2.0%,0.8-1.2,0.5-1.0x
2025-02-26,AMD,104.73999786376953,105.80000305175781,103.98999786376953,104.94999694824219,29178200.0,103.95999908447266,39169200.0,32.16406421548932,4.224505275195252,0.04063587257020493,41394440.0,0.9462430220097192,-0.06497928580986134,0.00952287295582899,0.23434646172237877,0.002000944169404986,True,1,0.004305291236531933,39.42602744903369,-0.02163751044903428,0.002843977907269859,41.512199727471305,-0.012919730506086524,Technology,1,0.6010584017542171,0.5-1.0%,0.8-1.2,<0.5x
2025-02-26,AMZN,214.35000610351562,218.16000366210938,213.08999633789062,214.94000244140625,39120600.0,212.8000030517578,58958000.0,31.677180866430295,5.559016010360746,0.026123195162777637,39399130.0,1.496428982061279,-0.06141580916816458,0.010056387965031846,0.38496010546829934,0.002744935010650058,True,1,0.004305291236531933,39.42602744903369,-0.02163751044903428,0.002843977907269859,41.512199727471305,-0.012919730506086524,Consumer Cyclical,0,0.5161508392710733,1.0-2.0%,1.2-2.0,<0.5x
2025-02-27,AVGO,196.0286102294922,217.28651228367212,195.63218334588487,215.33415335805682,27572900.0,211.0330352783203,21368300.0,43.32132971332956,9.54355567695537,0.04522304133269409,25226785.0,0.8470480879747458,-0.030852370581492594,0.02038125487824214,0.45068297658935796,0.08965388363853016,True,1,0.006938052352171442,40.6681602428697,-0.016360711363313518,0.0038852802196833037,41.88416545472201,-0.010875788450891433,Unknown,0,0.5879066973477945,>2.0%,0.8-1.2,<0.5x
2025-02-27,META,656.1708374023438,686.485278775033,655.5029605584499,680.3047560748793,12500000.0,671.582275390625,14488700.0,47.57099114231966,19.699018319313982,0.02933224869262083,16919455.0,0.8563337294256819,-0.026276787500049026,0.01298795546559183,0.44278758173965826,0.03547515794506537,True,1,0.006938052352171442,40.6681602428697,-0.016360711363313518,0.0038852802196833037,41.88416545472201,-0.010875788450891433,Unknown,0,0.5668990010617874,1.0-2.0%,0.8-1.2,<0.5x
2025-02-27,XOM,107.20084381103516,108.31032084073512,106.35413453042203,107.0645927670457,15293200.0,106.52931213378906,10446400.0,50.55698864766999,2.0928106956043253,0.0196453976251718,14390260.0,0.7259354591230457,0.008390532193466305,0.005024726270497079,0.2557711666807323,-0.0012726060079070183,True,0,0.006938052352171442,40.6681602428697,-0.016360711363313518,0.0038852802196833037,41.88416545472201,-0.010875788450891433,Unknown,0,0.5228726059338705,0.5-1.0%,<0.8,<0.5x
2025-02-27,NVDA,120.11714935302734,134.9730792207777,119.97718824289691,134.96308744670299,443175800.0,131.24411010742188,322553800.0,48.27339884223279,6.1739007184242904,0.047041354567233684,258558535.0,1.2475078418896517,0.03393212615544128,0.028336337045808516,0.6023707715582235,0.10999998869719332,True,1,0.006938052352171442,40.6681602428697,-0.016360711363313518,0.0038852802196833037,41.88416545472201,-0.010875788450891433,Technology,1,0.557327647375558,>2.0%,1.2-2.0,0.5-1.0x
2025-02-27,INTC,23.09000015258789,24.399999618530273,23.06999969482422,23.700000762939453,97871900.0,23.520000457763672,67449300.0,54.98868107735651,1.3309392529151847,0.05658755216885455,120961030.0,0.5576118192776632,0.06340022322919658,0.007653074050700764,0.13524306596377164,0.02573842154914368,True,1,0.006938052352171442,40.6681602428697,-0.016360711363313518,0.0038852802196833037,41.88416545472201,-0.010875788450891433,Unknown,0,0.6460661229134901,0.5-1.0%,<0.8,<0.5x
2025-02-27,MA,561.5775146484375,571.4008008544082,560.7622147844864,562.3232090829913,2436500.0,558.0478515625,2028000.0,56.488350529944974,8.123855541560795,0.014557632501970027,2548045.0,0.7959043109521221,0.0032879810432766554,0.0076612740440099485,0.5262719774642737,0.0013260957799871697,True,0,0.006938052352171442,40.6681602428697,-0.016360711363313518,0.0038852802196833037,41.88416545472201,-0.010875788450891433,Unknown,0,0.5258519710589791,0.5-1.0%,<0.8,0.5-1.0x
2025-02-27,GOOGL,167.8426513671875,173.87900779159736,167.28483845921406,173.31123936714644,39991000.0,172.05613708496094,35431300.0,30.717988160813828,4.584559726750896,0.026645720428368394,30791470.0,1.1506855632420276,-0.07011668790466041,0.0072947254509482425,0.27376724418311865,0.03155356813515228,True,1,0.006938052352171442,40.6681602428697,-0.016360711363313518,0.0038852802196833037,41.88416545472201,-0.010875788450891433,Unknown,0,0.6339916846388093,0.5-1.0%,0.8-1.2,<0.5x
2025-02-27,AMZN,208.74000549316406,219.97000122070312,208.3699951171875,218.35000610351562,40548600.0,214.35000610351562,39120600.0,34.40543047937066,5.544800624645805,0.025867975119011965,39275800.0,0.9960484573197745,-0.042488316066633613,0.018661067814797674,0.7213965425953464,0.0440119090530075,True,1,0.006938052352171442,40.6681602428697,-0.016360711363313518,0.0038852802196833037,41.88416545472201,-0.010875788450891433,Consumer Cyclical,0,0.6076525758250296,1.0-2.0%,0.8-1.2,0.5-1.0x
2025-02-27,CSCO,62.2963752746582,63.741268001585304,62.23779718365229,63.23359866128638,24695600.0,62.55997085571289,13452300.0,61.48742938726977,1.2027651640532606,0.019225794826971628,19821850.0,0.6786601654235099,0.026889003395241806,0.010767712905863251,0.5600659428008334,0.01482160443925476,True,1,0.006938052352171442,40.6681602428697,-0.016360711363313518,0.0038852802196833037,41.88416545472201,-0.010875788450891433,Unknown,0,0.5433660919008366,1.0-2.0%,<0.8,0.5-1.0x
2025-02-27,JPM,253.844970703125,258.34277146574925,252.67887863939237,254.9522707219969,8204400.0,253.5902099609375,5943600.0,41.355564401001914,5.385009585248872,0.021235084690684105,8079770.0,0.7356149989418016,-0.03561140822122577,0.0053711094023275565,0.2529356242541325,0.004343165941358978,True,1,0.006938052352171442,40.6681602428697,-0.016360711363313518,0.0038852802196833037,41.88416545472201,-0.010875788450891433,Unknown,0,0.5411442077885528,0.5-1.0%,<0.8,<0.5x
2025-02-28,WMT,97.675048828125,97.92267850113879,96.24869949330703,96.86282380292207,25451300.0,95.872314453125,16431500.0,46.60926439293028,2.3015818545098297,0.024006741337564617,19773430.0,0.8309888572695784,-0.024504608586316534,0.010331547281893947,0.430360253256348,-0.008385312272699117,True,0,-0.0002798024977831951,32.41778742111389,-0.046843040430644134,0.0008718658620001062,34.42548176813047,-0.02706410196653486,Unknown,0,0.5616071785990508,1.0-2.0%,0.8-1.2,<0.5x
2025-02-28,PG,170.39808654785156,171.19204672387764,168.447496721979,170.14323974958262,10240100.0,168.56512451171875,5467000.0,59.29029149733267,3.0018054035934507,0.017807986155432547,6879225.0,0.7947116135901937,0.027529245535673708,0.009362050675874877,0.5257220324724291,-0.0014978367559241698,True,0,-0.0002798024977831951,32.41778742111389,-0.046843040430644134,0.0008718658620001062,34.42548176813047,-0.02706410196653486,Unknown,0,0.5218440028705338,0.5-1.0%,<0.8,0.5-1.0x
2025-02-28,JPM,259.3324890136719,259.48927778715796,252.70833528418996,255.49126872866591,10467100.0,253.844970703125,8204400.0,41.776340840178825,5.404929816756587,0.021292247003300777,8105745.0,1.0121709972371449,-0.03202439873376717,0.006485446692053166,0.3045919339113329,-0.015034644056996607,True,0,-0.0002798024977831951,32.41778742111389,-0.046843040430644134,0.0008718658620001062,34.42548176813047,-0.02706410196653486,Unknown,0,0.5658942240577891,0.5-1.0%,0.8-1.2,<0.5x
2025-02-28,HD,386.9527893066406,387.2162108908935,380.78651491201407,384.82582452202223,4263500.0,380.7767639160156,2825100.0,40.66201507906205,8.71565470971483,0.0228891453881812,3309050.0,0.8537495655852888,-0.020872410426731713,0.010633686163947938,0.4645733155873368,-0.005527084330320653,True,0,-0.0002798024977831951,32.41778742111389,-0.046843040430644134,0.0008718658620001062,34.42548176813047,-0.02706410196653486,Unknown,0,0.5608738573432676,1.0-2.0%,0.8-1.2,<0.5x
2025-02-28,NFLX,98.05599975585938,98.22699737548828,95.81700134277344,96.95600128173828,47174000.0,96.30699920654297,37666000.0,44.489990010129375,2.8294748205648785,0.02937974232274333,37097400.0,1.0153272196973373,-0.037745426663759796,0.006738887936934289,0.2293719210640458,-0.011345336643212812,True,0,-0.0002798024977831951,32.41778742111389,-0.046843040430644134,0.0008718658620001062,34.42548176813047,-0.02706410196653486,Unknown,0,0.5241809494205796,0.5-1.0%,0.8-1.2,<0.5x
2025-03-03,CRM,291.1592102050781,301.10429504021255,289.1721822065069,299.0477137849774,6298200.0,295.91815185546875,10863100.0,30.90128186016071,9.386266837209414,0.0317191317205638,7309005.0,1.486262494005682,-0.0621679550714237,0.01057576870457476,0.333419237252273,0.02637874565251256,True,1,0.006592193244246804,39.70082527923856,-0.024882170997127195,0.003365916983510009,44.63964486683068,-0.009663707403613775,Unknown,0,0.6055730701591256,1.0-2.0%,1.2-2.0,<0.5x
2025-03-03,AMD,98.2300033569336,102.33999633789062,97.08999633789062,101.5199966430664,38958000.0,99.86000061035156,45194600.0,29.394020997030758,4.133046380647964,0.041388407324118616,41949150.0,1.0773662875171488,-0.07430965743037876,0.016623232751540432,0.40163982685686567,0.03240734234556845,True,1,0.006592193244246804,39.70082527923856,-0.024882170997127195,0.003365916983510009,44.63964486683068,-0.009663707403613775,Technology,1,0.6240592315476708,1.0-2.0%,0.8-1.2,<0.5x
2025-03-03,INTC,22.739999771118164,25.040000915527344,22.520000457763672,25.0,141348700.0,23.729999542236328,104133800.0,55.59089051572028,1.36438137128864,0.057496055524999805,121327625.0,0.8582859839216337,0.10030368825033276,0.05351877295670552,0.9308251230110051,0.09040000915527344,True,1,0.006592193244246804,39.70082527923856,-0.024882170997127195,0.003365916983510009,44.63964486683068,-0.009663707403613775,Unknown,0,0.551662842669419,>2.0%,0.8-1.2,0.5-1.0x
2025-03-03,AMZN,205.02000427246094,214.00999450683594,202.5500030517578,213.35000610351562,42948400.0,212.27999877929688,51771700.0,35.66025170161838,5.952506324730471,0.028040825131712802,40986195.0,1.2631497019911218,-0.052720818803163594,0.00504054706223743,0.1797574443177429,0.03904383216662783,True,1,0.006592193244246804,39.70082527923856,-0.024882170997127195,0.003365916983510009,44.63964486683068,-0.009663707403613775,Consumer Cyclical,0,0.6172620541049649,0.5-1.0%,1.2-2.0,<0.5x
2025-03-03,META,652.990966796875,679.1086244107645,648.7942390448183,671.5624119179504,10843800.0,666.0995483398438,17534200.0,46.411458533850436,20.964974955761022,0.03147423685845933,15886130.0,1.1037426988196621,-0.03476071543553927,0.008201272004645594,0.2605709565422343,0.027654086636618357,True,1,0.006592193244246804,39.70082527923856,-0.024882170997127195,0.003365916983510009,44.63964486683068,-0.009663707403613775,Unknown,0,0.5541911644646663,0.5-1.0%,0.8-1.2,<0.5x
2025-03-03,TSLA,284.6499938964844,303.94000244140625,277.29998779296875,300.3399963378906,115551400.0,292.9800109863281,115697000.0,30.46024873361074,19.44170711947671,0.06635847631388052,83264110.0,1.3895182450157697,-0.119726728680139,0.025121117740370187,0.3785668257593112,0.052240802532855374,True,1,0.006592193244246804,39.70082527923856,-0.024882170997127195,0.003365916983510009,44.63964486683068,-0.009663707403613775,Consumer Cyclical,0,0.5067224253617301,>2.0%,1.2-2.0,<0.5x
2025-03-03,GOOGL,166.35845947265625,172.69364861452485,165.28267091657344,171.2592638730811,40770500.0,169.61570739746094,48130600.0,30.786356637284978,4.663597026137585,0.027495077535533697,33068900.0,1.4554641974785978,-0.06407699995706506,0.00968988368376054,0.3524224898525078,0.028616287899361718,True,1,0.006592193244246804,39.70082527923856,-0.024882170997127195,0.003365916983510009,44.63964486683068,-0.009663707403613775,Unknown,0,0.5904622907188828,0.5-1.0%,1.2-2.0,<0.5x
2025-03-03,CVX,147.930419921875,154.69449964115074,146.64524300586976,154.08574249269202,9059800.0,153.2740478515625,8828500.0,59.69218573905473,2.7625019748733215,0.01802328583080583,7072670.0,1.2482556092677872,0.029598900289854457,0.005295708259206424,0.2938259043839206,0.039947385599994466,True,1,0.006592193244246804,39.70082527923856,-0.024882170997127195,0.003365916983510009,44.63964486683068,-0.009663707403613775,Unknown,0,0.5238013647496691,0.5-1.0%,1.2-2.0,<0.5x
2025-03-03,AVGO,185.69203186035156,202.23256954441678,182.8774686741326,202.173109284758,37435600.0,197.64401245117188,39747200.0,37.07720606521959,10.2342820488909,0.05178139181635613,24843630.0,1.5998950233923142,-0.07920622591159465,0.02291542646506957,0.4425417251498307,0.0815196317784927,True,1,0.006592193244246804,39.70082527923856,-0.024882170997127195,0.003365916983510009,44.63964486683068,-0.009663707403613775,Unknown,0,0.663272620547299,>2.0%,1.2-2.0,<0.5x
2025-03-04,PEP,148.26510620117188,153.99607936450025,148.0439482763424,151.29405861183662,10274200.0,149.99595642089844,8321700.0,62.259983027351716,3.265825166391252,0.021772754708314492,7789380.0,1.0683392002957874,0.05805361132387987,0.008654247900494207,0.3974806135665212,0.020020299795353438,True,1,-0.005774058626220107,34.12603634696897,-0.05447692822488914,-0.006954689809638092,37.47256262414643,-0.03457925394713979,Unknown,0,0.5697203477171393,0.5-1.0%,0.8-1.2,<0.5x
2025-03-04,AVGO,185.80104064941406,192.21310053422786,178.86372832711143,187.52546372778568,37910500.0,185.69203186035156,37435600.0,32.04692132323139,10.88576910756185,0.05862270447742432,24660175.0,1.5180589756560934,-0.13712823912949434,0.009873508567200852,0.16842465142499785,0.009195674251870184,True,1,-0.005774058626220107,34.12603634696897,-0.05447692822488914,-0.006954689809638092,37.47256262414643,-0.03457925394713979,Unknown,0,0.8030779866777424,0.5-1.0%,1.2-2.0,<0.5x
2025-03-04,PG,169.75115966796875,176.42633937691284,169.48651623277578,173.2504835445081,12117600.0,172.11343383789062,7615300.0,65.4785993207619,2.9649676375098304,0.017226822865567017,7291935.0,1.0443455680830946,0.04079571535360538,0.006606397195517278,0.3834948119610696,0.020198061240275768,True,1,-0.005774058626220107,34.12603634696897,-0.05447692822488914,-0.006954689809638092,37.47256262414643,-0.03457925394713979,Unknown,0,0.6053370590795212,0.5-1.0%,0.8-1.2,<0.5x
2025-03-04,ABBV,202.63397216796875,210.3390659185546,202.5461962923935,209.17842417824212,7554000.0,206.26220703125,7016400.0,82.88975640834549,3.9355268576144766,0.0190802130659749,5945100.0,1.18019881919564,0.07921650727373897,0.014138397862436815,0.7409979025679405,0.03128645813249272,True,1,-0.005774058626220107,34.12603634696897,-0.05447692822488914,-0.006954689809638092,37.47256262414643,-0.03457925394713979,Unknown,0,0.5736487907715291,1.0-2.0%,0.8-1.2,0.5-1.0x
2025-03-05,AVGO,189.8643341064453,192.3419457085409,185.42445834968956,190.14182539610871,25644500.0,185.80104064941406,37910500.0,32.13735343666744,11.061740757530035,0.059535407976547945,25330335.0,1.4966442409861536,-0.11859619222041551,0.023362542704404066,0.39241425394459356,0.001459391110216411,True,0,0.001311732319277601,33.44383201972628,-0.04816251602710242,-0.0002946661089758986,33.61458740410147,-0.037369082705973944,Unknown,0,0.8077025602235232,>2.0%,1.2-2.0,<0.5x
2025-03-07,PFE,25.338516235351562,25.49018697237868,24.81714830282807,25.025695114225908,54337700.0,24.874025344848633,46998300.0,51.99660280035893,0.5349780696320899,0.021507498774937243,40483655.0,1.160920376384,0.014701585667277417,0.0060975160744815024,0.28350651734486937,-0.012499997290697874,True,0,-0.002130254617993925,32.70287405135252,-0.05870711490229641,-0.0031604697869173277,34.07797515894882,-0.04219282282368453,Unknown,0,0.5766056969051344,0.5-1.0%,0.8-1.2,<0.5x
2025-03-07,XOM,106.10108947753906,107.44414603651248,105.4003730327863,105.50742848096895,19625000.0,104.73858642578125,17150200.0,46.365898026095444,2.5598146932289114,0.024440034762573584,15605135.0,1.0990100374011502,-0.007303041950296185,0.00734058078712484,0.30035066882825756,-0.005626722261335281,True,0,-0.002130254617993925,32.70287405135252,-0.05870711490229641,-0.0031604697869173277,34.07797515894882,-0.04219282282368453,Unknown,0,0.6274446936548247,0.5-1.0%,0.8-1.2,<0.5x
2025-03-07,CVX,151.07089233398438,152.14348275630127,148.5295408651533,148.76144274380064,8562600.0,147.79515075683594,7314700.0,47.504481976620326,3.2976156006844226,0.02231206899413037,6830945.0,1.0708181664469558,-0.006796835997193051,0.0065380493339360244,0.2930274792380746,-0.015524517291494028,True,0,-0.002130254617993925,32.70287405135252,-0.05870711490229641,-0.0031604697869173277,34.07797515894882,-0.04219282282368453,Unknown,0,0.6354750769153581,0.5-1.0%,0.8-1.2,<0.5x
2025-03-07,AVGO,193.21405029296875,193.72938256615052,179.93404437538027,186.0487873763474,74528900.0,177.8429412841797,56864100.0,30.629809777564983,10.985664693723761,0.06177172180350691,26807540.0,2.1211979913113996,-0.11802778908287481,0.04614097153878821,0.746959453154966,-0.03851281708236639,True,0,-0.002130254617993925,32.70287405135252,-0.05870711490229641,-0.0031604697869173277,34.07797515894882,-0.04219282282368453,Unknown,0,0.6472216841777124,>2.0%,>2.0,0.5-1.0x
2025-03-10,PEP,151.57435607910156,155.28974847157448,150.72068456896542,151.21543274060488,11156900.0,149.8185272216797,8997700.0,60.71834138421086,3.412602672460845,0.022778242022172407,7710255.0,1.1669782646618043,0.04370404130485528,0.009323983787787853,0.4093372868157192,-0.002373589335371462,True,0,-0.01695841909510595,35.64700424958991,-0.06272076633002266,-0.014463646908425517,37.02085709815955,-0.04549120642835802,Unknown,0,0.8152937880113,0.5-1.0%,0.8-1.2,<0.5x
2025-03-10,KO,69.40239715576172,71.1216769980508,69.27612533775999,69.89778375227331,25251200.0,69.38297271728516,28393300.0,64.96209174102907,1.3302180407649093,0.01917211080282117,20770415.0,1.3670068701082767,0.027163592389007674,0.007419846899409415,0.3870125191597363,0.007087300482477488,True,1,-0.01695841909510595,35.64700424958991,-0.06272076633002266,-0.014463646908425517,37.02085709815955,-0.04549120642835802,Unknown,0,0.7959179524172906,0.5-1.0%,1.2-2.0,<0.5x
2025-03-10,CVX,152.2594451904297,154.96506534706384,150.9066203675886,151.8922475643762,11750300.0,151.07089233398438,8562600.0,54.28282133551269,3.372666772025916,0.02232506024105355,6938050.0,1.2341508060622222,0.011289305653614967,0.005436886071844875,0.24353287351256442,-0.0024174876067843258,True,0,-0.01695841909510595,35.64700424958991,-0.06272076633002266,-0.014463646908425517,37.02085709815955,-0.04549120642835802,Unknown,0,0.8299678379209419,0.5-1.0%,1.2-2.0,<0.5x
2025-03-12,AVGO,192.49057006835938,198.18907597496346,190.72651205834697,194.46275407826718,30409700.0,188.38766479492188,42153200.0,40.97579235036006,11.51997309376502,0.06115035772806899,31493070.0,1.3384912934813913,-0.05209795459473976,0.03224780820951641,0.5273527319810616,0.010141705640526123,True,1,0.016030571521830243,28.154879122475226,-0.060362776121079764,0.011242512508642225,28.370360704727876,-0.04666382366722677,Unknown,0,0.7682882845744864,>2.0%,1.2-2.0,0.5-1.0x
2025-03-12,BAC,39.25273895263672,39.833022642441094,38.554432542564825,39.646153022694634,42290700.0,38.95767593383789,50608400.0,25.8124428773315,1.264010627314148,0.03244574007599495,43740160.0,1.1570236597214094,-0.07688302471669017,0.01767243739143959,0.5446766617142009,0.009923133521497358,True,1,0.016030571521830243,28.154879122475226,-0.060362776121079764,0.011242512508642225,28.370360704727876,-0.04666382366722677,Unknown,0,0.7804106898466342,1.0-2.0%,0.8-1.2,0.5-1.0x
2025-03-12,INTC,20.68000030517578,21.170000076293945,20.209999084472656,20.790000915527344,128671100.0,19.780000686645508,80789000.0,38.73522069741328,1.3402714717222382,0.06775891937289588,134840855.0,0.5991433382708824,-0.09342631929275647,0.05106168826190885,0.7535788459214114,0.005291034415944002,True,1,0.016030571521830243,28.154879122475226,-0.060362776121079764,0.011242512508642225,28.370360704727876,-0.04666382366722677,Unknown,0,0.6926085449910749,>2.0%,<0.8,0.5-1.0x
2025-03-12,V,331.04876708984375,334.3509072878508,327.3388297270217,334.1619273735867,6295400.0,330.3525390625,9776100.0,36.054244463280305,6.886928042668523,0.02084720784109237,7206170.0,1.3566291108869206,-0.041282708141050395,0.011531282071865661,0.5531331658302993,0.009316322503318885,True,1,0.016030571521830243,28.154879122475226,-0.060362776121079764,0.011242512508642225,28.370360704727876,-0.04666382366722677,Financial Services,0,0.7855839080301847,1.0-2.0%,1.2-2.0,0.5-1.0x
2025-03-12,MA,521.628173828125,529.6518530477374,516.2790543483834,527.4644706180493,2810800.0,522.781494140625,4582600.0,32.25941706221771,11.263052180597501,0.02154447375592796,2658830.0,1.7235400533317287,-0.04903603517286059,0.008957808434138258,0.41578218784172055,0.011064815006564687,True,1,0.016030571521830243,28.154879122475226,-0.060362776121079764,0.011242512508642225,28.370360704727876,-0.04666382366722677,Unknown,0,0.833357886276054,0.5-1.0%,1.2-2.0,<0.5x
2025-03-12,NFLX,91.96800231933594,92.71800231933594,90.0999984741211,91.45999908447266,68658000.0,89.51000213623047,73989000.0,37.51702060729133,3.5160085461949926,0.039280621855463424,45080100.0,1.6412785242268761,-0.06420041308107982,0.021785240774258658,0.5546052925134284,-0.00555437612014503,True,0,0.016030571521830243,28.154879122475226,-0.060362776121079764,0.011242512508642225,28.370360704727876,-0.04666382366722677,Unknown,0,0.8167088248469683,>2.0%,1.2-2.0,0.5-1.0x
2025-03-12,WMT,84.39219665527344,88.25522139138677,84.07523094937514,87.04678727606868,33301600.0,86.6109619140625,28687600.0,30.822613725369326,2.561787362547244,0.029578096189361247,24101825.0,1.190266712168062,-0.09096079777876276,0.00503198847322145,0.1701255023652054,0.03049613551360855,True,1,0.016030571521830243,28.154879122475226,-0.060362776121079764,0.011242512508642225,28.370360704727876,-0.04666382366722677,Unknown,0,0.8296950595733208,0.5-1.0%,0.8-1.2,<0.5x
2025-03-12,JPM,223.3208770751953,229.6118953635389,222.69373697492486,229.29831783730396,16054000.0,224.5359649658203,18143000.0,23.36695384011269,6.855368945568418,0.030531273449275562,10603530.0,1.7110339669902381,-0.09414853075908369,0.02120975529336062,0.6946895067642153,0.02606840215177622,True,1,0.016030571521830243,28.154879122475226,-0.060362776121079764,0.011242512508642225,28.370360704727876,-0.04666382366722677,Unknown,0,0.8111763320444879,>2.0%,1.2-2.0,0.5-1.0x
2025-03-12,HD,355.8580322265625,362.95118032731193,352.9505093639922,362.9219112618437,3368000.0,359.2045593261719,4013300.0,31.33949750605685,9.040533351834013,0.02516820323437168,3862700.0,1.038988272451912,-0.04523192502845841,0.010348843964133375,0.41118723763324433,0.01946390894592395,True,1,0.016030571521830243,28.154879122475226,-0.060362776121079764,0.011242512508642225,28.370360704727876,-0.04666382366722677,Unknown,0,0.8291124091721527,1.0-2.0%,0.8-1.2,<0.5x
2025-03-12,META,617.6124877929688,631.3392229811113,607.4345597540354,627.9200120605409,15747000.0,603.8060302734375,17401500.0,33.911645363608564,24.613437981240832,0.04076381610513972,16165950.0,1.076429161292717,-0.05658533004983968,0.039936636234294026,0.9797079873799794,0.01641534601476971,True,1,0.016030571521830243,28.154879122475226,-0.060362776121079764,0.011242512508642225,28.370360704727876,-0.04666382366722677,Unknown,0,0.7623531450207373,>2.0%,0.8-1.2,0.5-1.0x
2025-03-12,CRM,282.7342224121094,284.07547247866023,277.27983983706514,280.0219483891563,7463900.0,275.2530517578125,8313400.0,27.952230373650554,9.994712478370518,0.036310996061778775,7926155.0,1.048856601971574,-0.0685137728155496,0.017325499575350126,0.477141952974049,-0.009685933686825597,True,0,0.016030571521830243,28.154879122475226,-0.060362776121079764,0.011242512508642225,28.370360704727876,-0.04666382366722677,Unknown,0,0.7844268352303564,1.0-2.0%,0.8-1.2,<0.5x
2025-03-12,DIS,97.67974853515625,98.40175944600449,95.32577654814791,97.60062177765583,11891800.0,96.82915496826172,16906000.0,25.486820506077784,3.008785906821537,0.03107314019013948,9286370.0,1.8205175972958216,-0.0903811412986325,0.007967298791846125,0.2564046872344884,-0.0008107198095589723,True,0,0.016030571521830243,28.154879122475226,-0.060362776121079764,0.011242512508642225,28.370360704727876,-0.04666382366722677,Unknown,0,0.8160760314366003,0.5-1.0%,1.2-2.0,<0.5x
2025-03-12,TSLA,248.08999633789062,251.83999633789062,241.10000610351562,247.22000122070312,142215700.0,230.5800018310547,174896400.0,24.49224888035886,20.85489053400271,0.09044535678893363,102466750.0,1.7068600302049202,-0.1781359252355047,0.07216583943754376,0.7978943530064503,-0.003519112987993317,True,0,0.016030571521830243,28.154879122475226,-0.060362776121079764,0.011242512508642225,28.370360704727876,-0.04666382366722677,Consumer Cyclical,0,0.7300450175819985,>2.0%,1.2-2.0,0.5-1.0x
2025-03-12,AMZN,198.88999938964844,201.52000427246094,195.2899932861328,200.72000122070312,43679300.0,196.58999633789062,54002900.0,30.114348077225984,7.103584319081495,0.03613400707771596,43623120.0,1.2379421737830765,-0.05556417649244372,0.021008214862133785,0.5813973196205429,0.009117187225614332,True,1,0.016030571521830243,28.154879122475226,-0.060362776121079764,0.011242512508642225,28.370360704727876,-0.04666382366722677,Consumer Cyclical,0,0.7745131709324085,>2.0%,1.2-2.0,0.5-1.0x
2025-03-12,GOOGL,166.6497802734375,167.17831943801426,163.07963775446962,166.12124110886077,28372400.0,163.58822631835938,39587400.0,31.393983859481544,5.309524709674099,0.03245664329987429,32079145.0,1.2340540871647296,-0.04936522680214217,0.015484089824238892,0.47706996934889023,-0.00318164709731714,True,0,0.016030571521830243,28.154879122475226,-0.060362776121079764,0.011242512508642225,28.370360704727876,-0.04666382366722677,Unknown,0,0.7780091824544931,1.0-2.0%,1.2-2.0,<0.5x
2025-03-13,JPM,220.66534423828125,224.88874263351286,219.72462657901622,224.69276414889097,16467900.0,223.3208770751953,16054000.0,22.804530228898024,6.859853905785963,0.03071747700272623,11046410.0,1.4533228442543777,-0.10327398387192455,0.006143120570110096,0.1999877974862611,0.01792411930070424,True,1,-0.0014049200208407584,32.47342496204227,-0.06107129851372173,-0.000679812468108939,31.076809500814967,-0.04902012357282004,Unknown,0,0.7050185804488807,0.5-1.0%,1.2-2.0,<0.5x
2025-03-13,INTC,23.700000762939453,24.530000686645508,23.1299991607666,23.5,243261000.0,20.68000030517578,128671100.0,44.29095076133595,1.3438234658598238,0.06498179139405004,133726375.0,0.9621968740272815,0.022717383032008875,0.13636361959426233,2.0984896948647105,-0.008510670763380985,True,0,-0.0014049200208407584,32.47342496204227,-0.06107129851372173,-0.000679812468108939,31.076809500814967,-0.04902012357282004,Unknown,0,0.7264208177848845,>2.0%,0.8-1.2,>2.0x
2025-03-14,NFLX,91.80000305175781,91.96299743652344,90.0999984741211,90.14600372314453,52007000.0,89.01699829101562,50017000.0,38.616069473648196,3.490007633917713,0.03920608087129753,47653450.0,1.0495987174066097,-0.06451788897945532,0.012683031935518044,0.32349655088334,-0.01834800501742736,True,0,0.011508812112960091,29.403681999048644,-0.05954259720521149,0.008505206114973874,28.180903610545975,-0.04815458882932455,Unknown,0,0.7026989531223373,1.0-2.0%,0.8-1.2,<0.5x
2025-03-14,META,606.2288818359375,607.4860482974414,593.4378646925935,601.43972556622,12364500.0,588.7833862304688,16480300.0,33.22299473990749,25.469217147345276,0.04325736381660709,16526590.0,0.9971990592130621,-0.07770131765838217,0.021495748065821153,0.4969269083745839,-0.007962819990330395,True,0,0.011508812112960091,29.403681999048644,-0.05954259720521149,0.008505206114973874,28.180903610545975,-0.04815458882932455,Unknown,0,0.7070597369459408,>2.0%,0.8-1.2,<0.5x
2025-03-14,TSLA,249.97999572753906,251.5800018310547,240.72999572753906,247.30999755859375,100242300.0,240.67999267578125,114813500.0,30.584178036451966,20.512838007101866,0.08522867970473393,104121905.0,1.1026834363047815,-0.14903940093373658,0.027546971433324515,0.32321246238658385,-0.010796159456969486,True,0,0.011508812112960091,29.403681999048644,-0.05954259720521149,0.008505206114973874,28.180903610545975,-0.04815458882932455,Consumer Cyclical,0,0.5497379558225189,>2.0%,0.8-1.2,<0.5x
2025-03-14,BAC,40.21659469604492,40.34445481696649,39.5084509517091,39.59696891975108,35979900.0,39.016685485839844,37766100.0,27.50195364187918,1.2351078583230666,0.03165588883174915,45238400.0,0.8348239548701988,-0.06471703200589529,0.01487269937683029,0.4698240967384803,-0.015648313322911275,True,0,0.011508812112960091,29.403681999048644,-0.05954259720521149,0.008505206114973874,28.180903610545975,-0.04815458882932455,Unknown,0,0.7236260738920671,1.0-2.0%,0.8-1.2,<0.5x
2025-03-14,MA,524.6110229492188,525.3765613902965,517.9594254075552,519.599916939672,2369500.0,516.8458251953125,2375800.0,29.81157128588056,11.36690153696076,0.02199282838874685,2739660.0,0.8671878992283714,-0.055225677524562755,0.005328652395167782,0.24229045491458082,-0.0096441624530294,True,0,0.011508812112960091,29.403681999048644,-0.05954259720521149,0.008505206114973874,28.180903610545975,-0.04815458882932455,Unknown,0,0.732365198286298,0.5-1.0%,0.8-1.2,<0.5x
2025-03-14,WMT,84.54076385498047,84.56057845960197,83.2629939109614,84.15446219249301,35500600.0,83.6988296508789,31507800.0,27.101547096726033,2.5979190465453152,0.031038893343929033,25986510.0,1.212467545661191,-0.10170817667712362,0.005443714607654891,0.17538365647690335,-0.004590388345704557,True,0,0.011508812112960091,29.403681999048644,-0.05954259720521149,0.008505206114973874,28.180903610545975,-0.04815458882932455,Unknown,0,0.738237774852005,0.5-1.0%,1.2-2.0,<0.5x
2025-03-14,CRM,277.5877990722656,278.07464153828516,270.9113839349445,273.216343637986,6976900.0,269.9775085449219,9494500.0,29.738019258216475,10.255464484761644,0.03798636612373665,8219110.0,1.1551737353557745,-0.07487149199759546,0.011996684873937132,0.31581554378903137,-0.015999977805397577,True,0,0.011508812112960091,29.403681999048644,-0.05954259720521149,0.008505206114973874,28.180903610545975,-0.04815458882932455,Unknown,0,0.7382878515877784,1.0-2.0%,0.8-1.2,<0.5x
2025-03-14,CSCO,59.06488800048828,59.18204045457013,58.4986443113755,58.88915745726082,16250700.0,58.254573822021484,16463300.0,33.75650360171972,1.360688557353017,0.02335762615842273,21769815.0,0.7562443686361138,-0.045335524356010626,0.010893284314088508,0.4663694949223427,-0.002984089955014159,True,0,0.011508812112960091,29.403681999048644,-0.05954259720521149,0.008505206114973874,28.180903610545975,-0.04815458882932455,Unknown,0,0.6436849461016542,1.0-2.0%,<0.8,<0.5x
2025-03-14,AAPL,212.762451171875,213.22087501834247,208.86577244295887,210.53007941159925,60107600.0,208.96543884277344,61368300.0,25.852020650751868,6.987471344877277,0.03343840676990937,50729485.0,1.209716597753752,-0.10283719832229021,0.007487556686362147,0.22392085657322844,-0.010603576299001579,True,0,0.011508812112960091,29.403681999048644,-0.05954259720521149,0.008505206114973874,28.180903610545975,-0.04815458882932455,Unknown,0,0.738879251695478,0.5-1.0%,1.2-2.0,<0.5x
2025-03-14,AMZN,197.9499969482422,198.64999389648438,195.32000732421875,197.41000366210938,38096700.0,193.88999938964844,41270800.0,30.087147265587564,7.043243783995173,0.036325977647979735,45070680.0,0.9156906441171955,-0.0556239768385689,0.01815464584837616,0.49977033032133217,-0.0027353896768933504,True,0,0.011508812112960091,29.403681999048644,-0.05954259720521149,0.008505206114973874,28.180903610545975,-0.04815458882932455,Consumer Cyclical,0,0.6775014922853401,1.0-2.0%,0.8-1.2,<0.5x
2025-03-14,JPM,227.7696533203125,228.45558543419895,223.00730328361723,223.53644664227286,11962100.0,220.66534423828125,16467900.0,21.58194087682166,6.738729773551012,0.030538233345215837,11535610.0,1.427570800330455,-0.09866949853446316,0.013011116058583757,0.42605988078947266,-0.018937433879916997,True,0,0.011508812112960091,29.403681999048644,-0.05954259720521149,0.008505206114973874,28.180903610545975,-0.04815458882932455,Unknown,0,0.6860909854594854,1.0-2.0%,1.2-2.0,<0.5x
2025-03-14,HD,344.9396667480469,345.0182328819362,339.15648614581806,344.2916309823624,5510700.0,340.9532775878906,7062400.0,23.921715697513456,9.662653577771108,0.028340110545733873,4142780.0,1.7047489849810997,-0.07953898506775359,0.00979123420689572,0.3454903321952506,-0.0018822292131686496,True,0,0.011508812112960091,29.403681999048644,-0.05954259720521149,0.008505206114973874,28.180903610545975,-0.04815458882932455,Unknown,0,0.7433523153339116,0.5-1.0%,1.2-2.0,<0.5x
2025-03-14,DIS,97.5610580444336,98.01602557949354,96.35440140773669,96.37418687001137,10199800.0,95.81041717529297,11059500.0,25.974619093654095,2.9982618457684165,0.03129369367302568,9735040.0,1.1360508020511473,-0.09158284576393272,0.005884221270918171,0.1880321745460879,-0.01231523930804276,True,0,0.011508812112960091,29.403681999048644,-0.05954259720521149,0.008505206114973874,28.180903610545975,-0.04815458882932455,Unknown,0,0.7431222456897597,0.5-1.0%,0.8-1.2,<0.5x
2025-03-17,AMD,104.58999633789062,106.1500015258789,102.5999984741211,102.5999984741211,43689500.0,100.97000122070312,24715300.0,42.79615868234315,4.189336400737346,0.041490901753880094,34750475.0,0.7112219329376074,-0.00669465772016864,0.016143381536215633,0.3890824458811854,-0.019395690968469853,True,0,-0.00010432794077282365,37.76291109449236,-0.0428713714126322,-3.553466400489621e-05,37.73417120739973,-0.03339470671742062,Technology,1,0.6051965388214439,1.0-2.0%,<0.8,<0.5x
2025-03-17,NVDA,119.50830841064453,122.86769930249316,118.00858060635532,122.71772499646224,255501500.0,121.64791870117188,277593500.0,49.33069219087776,6.9268812041300505,0.056942044533831566,300530055.0,0.9236796632536469,0.002643203322696186,0.008794283590813764,0.15444270859625922,0.02615283640493033,True,1,-0.00010432794077282365,37.76291109449236,-0.0428713714126322,-3.553466400489621e-05,37.73417120739973,-0.03339470671742062,Technology,1,0.5804556989310251,0.5-1.0%,0.8-1.2,<0.5x
2025-03-17,INTC,25.690000534057617,26.149999618530273,24.3700008392334,24.420000076293945,160723600.0,24.049999237060547,116901600.0,59.29493589207933,1.47477640831629,0.06132126632435357,131169880.0,0.8912228935484274,0.060586322531767545,0.015384650768023096,0.2508860578098193,-0.0520065705895121,True,0,-0.00010432794077282365,37.76291109449236,-0.0428713714126322,-3.553466400489621e-05,37.73417120739973,-0.03339470671742062,Unknown,0,0.5464296709097786,1.0-2.0%,0.8-1.2,<0.5x
2025-03-18,CVX,155.39024353027344,155.66080555479724,153.46732162344532,154.35631323895558,9289500.0,153.3706817626953,7615200.0,57.836202037632674,3.3694917085166183,0.021969594643454125,7862405.0,0.9685586026158662,0.025196743510618846,0.006426466029441644,0.29251636790469504,-0.006698334973298138,True,0,-0.0069597935622396755,39.86945945523486,-0.0378171707056878,-0.004143558590008825,40.957002719894504,-0.02640328234212863,Unknown,0,0.5851237079505669,0.5-1.0%,0.8-1.2,<0.5x
2025-03-18,BAC,40.964080810546875,41.14111674756989,40.610008936500854,41.03292770251424,37644500.0,40.757537841796875,37242800.0,40.95557146054244,1.235929446350342,0.030323947711161685,46260740.0,0.8050627810968869,-0.020429804859972367,0.0067567835374725636,0.2228200497452222,0.0016778449850447703,True,0,-0.0069597935622396755,39.86945945523486,-0.0378171707056878,-0.004143558590008825,40.957002719894504,-0.02640328234212863,Unknown,0,0.5845164475180895,0.5-1.0%,0.8-1.2,<0.5x
2025-03-18,PFE,24.94038200378418,25.025697025886192,24.741314824251443,24.845587333886613,32958700.0,24.69391441345215,32676900.0,49.752745912249274,0.533108032438188,0.02158864016098535,42273515.0,0.7729875313183681,0.0017964419930465159,0.006142117361184323,0.2845069126810618,-0.003815352345012897,True,0,-0.0069597935622396755,39.86945945523486,-0.0378171707056878,-0.004143558590008825,40.957002719894504,-0.02640328234212863,Unknown,0,0.6399139878340028,0.5-1.0%,<0.8,<0.5x
2025-03-19,CSCO,59.67018508911133,60.119276362257246,59.06489301340555,59.191810355221335,15488800.0,58.869632720947266,16669000.0,39.566214136999896,1.287976099427191,0.02187844632108427,19732665.0,0.8447414477466678,-0.030997472050703023,0.005472730495895058,0.25014255654072587,-0.008081772309702556,True,0,0.004783553931617355,36.361960201540484,-0.036501259298733935,0.003226252388681471,37.967814442299634,-0.025272586870111247,Unknown,0,0.5921495969377413,0.5-1.0%,0.8-1.2,<0.5x
2025-03-19,AAPL,214.50650024414062,218.01449366985423,213.02157246340184,213.4899719913265,54385400.0,211.96519470214844,42432400.0,31.031025710142103,6.4703512607398315,0.030525536373232926,51093515.0,0.8304850429648459,-0.07233949123525973,0.007193526707630839,0.23565602974756117,-0.004761480098256843,True,0,0.004783553931617355,36.361960201540484,-0.036501259298733935,0.003226252388681471,37.967814442299634,-0.025272586870111247,Unknown,0,0.5571246714708981,0.5-1.0%,0.8-1.2,<0.5x
2025-03-19,AMD,106.2300033569336,107.9000015258789,101.95999908447266,104.41999816894531,32287500.0,103.51000213623047,27152800.0,47.33195475058524,4.071519323125111,0.039334549696623006,35082715.0,0.7739651848495762,0.020334365397827403,0.00879138260974229,0.22350281565564886,-0.017333894078984766,True,0,0.004783553931617355,36.361960201540484,-0.036501259298733935,0.003226252388681471,37.967814442299634,-0.025272586870111247,Technology,1,0.5762398179786342,0.5-1.0%,<0.8,<0.5x
2025-03-19,MRK,91.3962631225586,92.76691905009656,91.02687011895014,92.59194185544253,11355900.0,92.07673645019531,8670100.0,59.459952607710605,2.179653711949409,0.023672143431456138,15374190.0,0.5639386530282245,0.03334708744640835,0.00559539168208782,0.23637030158631614,0.012913421070168995,True,1,0.004783553931617355,36.361960201540484,-0.036501259298733935,0.003226252388681471,37.967814442299634,-0.025272586870111247,Unknown,0,0.5090025836475693,0.5-1.0%,<0.8,<0.5x
2025-03-19,MSFT,385.75201416015625,387.6020814133235,381.9523764633006,383.47421674907764,19185500.0,381.4749450683594,19486900.0,39.337313314225625,9.29823437495584,0.024374430077680774,24777710.0,0.7864689674711667,-0.01810446007182731,0.005240899059202961,0.21501627084203942,-0.005939897160202199,True,0,0.004783553931617355,36.361960201540484,-0.036501259298733935,0.003226252388681471,37.967814442299634,-0.025272586870111247,Technology,1,0.5796956434983085,0.5-1.0%,<0.8,<0.5x
2025-03-19,ADBE,387.8900146484375,395.260009765625,387.0,394.1000061035156,4349900.0,391.3699951171875,4297300.0,33.12903623317915,14.620544293999307,0.03735734592944841,3889600.0,1.1048179761415056,-0.08359385012427745,0.006975524491883137,0.18672430597871792,0.015757400047963936,True,1,0.004783553931617355,36.361960201540484,-0.036501259298733935,0.003226252388681471,37.967814442299634,-0.025272586870111247,Technology,1,0.6240592315476708,0.5-1.0%,0.8-1.2,<0.5x
2025-03-19,NVDA,117.49867248535156,120.42814113812437,115.65901001721268,117.24871784817985,273426200.0,115.40904998779297,299686900.0,44.04083484211353,6.6513204819331495,0.05763257285833886,307556665.0,0.9744119835608179,-0.02242992192529847,0.01594041247702383,0.2765868620199456,-0.002131832584262173,True,0,0.004783553931617355,36.361960201540484,-0.036501259298733935,0.003226252388681471,37.967814442299634,-0.025272586870111247,Technology,1,0.6010584017542171,1.0-2.0%,0.8-1.2,<0.5x
2025-03-19,GOOGL,163.43865966796875,165.41320264839743,160.55661910146412,161.3145206452732,34275600.0,160.22750854492188,42074800.0,32.868420973924,5.129629479072513,0.032014661687349115,34594340.0,1.2162336382194312,-0.047671875837528965,0.006784179010351225,0.21190850231698855,-0.013167686419045163,True,0,0.004783553931617355,36.361960201540484,-0.036501259298733935,0.003226252388681471,37.967814442299634,-0.025272586870111247,Unknown,0,0.5547807498320012,0.5-1.0%,1.2-2.0,<0.5x
2025-03-19,V,338.0408935546875,339.1946543458717,332.69979850694,334.9874082985368,5614900.0,332.9683532714844,7778300.0,41.93877297616122,6.6693351969217955,0.02002993717389106,7616800.0,1.0212031299233273,-0.02365360680742512,0.006063804584474181,0.30273707460142835,-0.009115223977103789,True,0,0.004783553931617355,36.361960201540484,-0.036501259298733935,0.003226252388681471,37.967814442299634,-0.025272586870111247,Financial Services,0,0.5911340418483143,0.5-1.0%,0.8-1.2,<0.5x
2025-03-19,HD,347.01141357421875,348.00307876925456,342.6617204270067,345.6171493895923,2990200.0,343.2312316894531,3008200.0,28.82258044713995,8.855069699778296,0.025799137380919164,4249475.0,0.7078992110790157,-0.05816215848894868,0.0069513420687133745,0.2694408718430459,-0.004034129056063583,True,0,0.004783553931617355,36.361960201540484,-0.036501259298733935,0.003226252388681471,37.967814442299634,-0.025272586870111247,Unknown,0,0.5676039084737131,0.5-1.0%,<0.8,<0.5x
2025-03-19,NFLX,95.9489974975586,96.80000305175781,92.4000015258789,93.5770034790039,66624000.0,92.99800109863281,60094000.0,46.86088851578665,3.545772042184165,0.03812740059244448,51604650.0,1.164507462021349,-0.013273441489803806,0.006225965865191116,0.1632937406812067,-0.025348044181462782,True,0,0.004783553931617355,36.361960201540484,-0.036501259298733935,0.003226252388681471,37.967814442299634,-0.025272586870111247,Unknown,0,0.5222074875699094,0.5-1.0%,0.8-1.2,<0.5x
2025-03-24,CSCO,59.523738861083984,59.92401314945247,59.435873591724594,59.59207810122914,28335600.0,58.869632720947266,65935200.0,40.9286370523266,1.2416812689884202,0.021092050546233483,22234970.0,2.9653829080947713,-0.017029712482459214,0.012271953244661774,0.5818283631438215,0.001146783974022001,True,0,0.015862553924932615,41.081562094710875,0.00024667463059802053,0.012092604839332631,41.74759801110455,0.00012470425231225768,Unknown,0,0.5991553871857285,1.0-2.0%,>2.0,0.5-1.0x
2025-03-25,TSLA,288.1400146484375,288.20001220703125,271.2799987792969,283.6000061035156,150361500.0,278.3900146484375,169079900.0,49.599717299465276,18.93325159677366,0.06800980854389967,122318405.0,1.3822932043628267,0.09810543473805922,0.018714721006274308,0.27517679297970876,-0.01600849240907543,True,0,0.0014878042850944978,48.14147595749461,0.009620943643250612,0.0021251102375909304,49.21231883334635,0.009236399464560785,Consumer Cyclical,0,0.5599246367882232,1.0-2.0%,1.2-2.0,<0.5x
2025-03-25,CVX,160.34735107421875,162.16399443043437,159.545322672156,160.4826320851375,7869200.0,159.45835876464844,8068000.0,66.73557656745491,3.0862159994555345,0.019354369525467246,9374130.0,0.8606665365212558,0.05288181885209409,0.006423453297928661,0.3318864657139271,0.0008429635603620476,True,0,0.0014878042850944978,48.14147595749461,0.009620943643250612,0.0021251102375909304,49.21231883334635,0.009236399464560785,Unknown,0,0.5030637991764694,0.5-1.0%,0.8-1.2,<0.5x
2025-03-26,WMT,84.63388061523438,84.98151269354145,83.99820836409832,84.61401917267868,27228800.0,84.18692016601562,27908600.0,35.685023014355394,2.2879718585294593,0.02717728423866327,25085270.0,1.1125493167902916,-0.04562943240787276,0.005073222845316371,0.1866714422517259,-0.00023472992714317404,True,0,-0.0023507486871835142,49.86092201806115,0.013512995618648826,-0.00046930765378540117,50.15224242445173,0.01058635447221401,Unknown,0,0.5088203029032239,0.5-1.0%,0.8-1.2,<0.5x
2025-03-27,PG,165.3696746826172,165.6833311443283,163.32104375338014,164.54629468768812,6211700.0,163.28184509277344,7756000.0,45.09286727786791,3.144647252176371,0.01925901345853635,8748900.0,0.8865114471533564,-0.014086570076061178,0.007743969295522386,0.4020958452619989,-0.005003941270703544,True,0,-0.004067068168858132,44.68652923910772,-0.0042818388643738325,-0.0024798347454777266,45.62535244317591,-0.001494367351668302,Unknown,0,0.5375862343619046,0.5-1.0%,0.8-1.2,<0.5x
2025-03-27,PEP,145.1912384033203,145.90909980034172,144.62859268168432,145.1136305656276,5397500.0,144.19207763671875,5882200.0,49.362839698726006,3.0233848762887328,0.020967759989601695,7364545.0,0.7987187260041184,-0.004310933634300129,0.006391148140819751,0.3048083411861468,-0.0005348073602059882,True,0,-0.004067068168858132,44.68652923910772,-0.0042818388643738325,-0.0024798347454777266,45.62535244317591,-0.001494367351668302,Unknown,0,0.5034588807762523,0.5-1.0%,<0.8,<0.5x
2025-03-28,PEP,144.80322265625,146.85008324069716,142.7078553200782,145.9382095961308,8550900.0,145.1912384033203,5397500.0,51.593400045734995,2.9300732539554644,0.02018078560509377,7297870.0,0.7395993625537314,0.0018820266894175042,0.0051447401442744995,0.254932599996302,0.007777174620832784,True,1,-0.0037580874417073983,43.21835238393645,-0.006737804162479488,-0.0027332120744431206,44.6709477723871,-0.0020300250751976723,Unknown,0,0.5956962211917278,0.5-1.0%,<0.8,<0.5x
2025-03-28,MRK,86.73994445800781,87.62454607590699,85.22347288712791,85.73868148232573,12393500.0,85.15542602539062,12931900.0,35.92104077306927,2.1445980240680367,0.025184514060543672,17724495.0,0.729606118538215,-0.045220879751362575,0.0068493046674582775,0.271964932537214,-0.011678077600114283,True,0,-0.0037580874417073983,43.21835238393645,-0.006737804162479488,-0.0027332120744431206,44.6709477723871,-0.0020300250751976723,Unknown,0,0.529301633179233,0.5-1.0%,<0.8,<0.5x
2025-03-28,TSLA,263.54998779296875,276.1000061035156,260.57000732421875,275.5799865722656,123809400.0,273.1300048828125,162572100.0,48.00860883743153,19.066463803503247,0.06980728394042165,128841810.0,1.261796151420102,0.0754676638808478,0.008970020304083028,0.12849691031868052,0.04365338328421116,True,1,-0.0037580874417073983,43.21835238393645,-0.006737804162479488,-0.0027332120744431206,44.6709477723871,-0.0020300250751976723,Consumer Cyclical,0,0.5504315657698926,0.5-1.0%,1.2-2.0,<0.5x
2025-03-31,PEP,145.45318603515625,148.0238813062064,145.26886924172553,145.70540044595504,9985700.0,144.80322265625,8550900.0,50.66012521084342,3.0166557301457138,0.02083279415201267,7302640.0,1.1709327037893145,0.002150118021306824,0.006230370934814935,0.2990655448977791,0.0017309887624401186,True,0,-0.014969930121947623,37.17540551383136,-0.03927148057814778,-0.010491990260813927,38.168077760876315,-0.02612121822768232,Unknown,0,0.5676015292693218,0.5-1.0%,0.8-1.2,<0.5x
2025-03-31,KO,70.0809097290039,70.39403272350637,68.97518832229123,69.21003616724889,24016900.0,68.85777282714844,17412900.0,57.76851378856279,1.1921805351961767,0.017313666798211308,19942200.0,0.8731684568402683,0.01331160649842178,0.005115810832057054,0.29547818447017665,-0.012583053123256825,True,0,-0.014969930121947623,37.17540551383136,-0.03927148057814778,-0.010491990260813927,38.168077760876315,-0.02612121822768232,Unknown,0,0.5848893467210737,0.5-1.0%,0.8-1.2,<0.5x
2025-04-01,TSLA,268.4599914550781,277.45001220703125,259.25,263.79998779296875,146486900.0,259.1600036621094,134008900.0,43.91434909453731,18.9121540177528,0.07297481768216946,130170305.0,1.0294890220930188,0.038770749448117536,0.017903936044502248,0.24534403254668036,-0.017664912349300652,True,0,-0.003454851303816639,37.16657851959721,-0.026004295091047958,-0.003468123652755672,41.179937096397055,-0.011913914833702077,Consumer Cyclical,0,0.5883539523832996,1.0-2.0%,0.8-1.2,<0.5x
2025-04-03,JNJ,156.3144073486328,157.12618843488838,154.02572314664877,155.26787028769624,13249300.0,151.9522247314453,10356900.0,38.97628767796428,3.0763370303630335,0.020245422768900137,9526315.0,1.0871884878885487,-0.023587657568308273,0.021820315971752807,1.0777900872127961,-0.006740203617125944,True,0,-0.04139446161576155,42.66157243849087,-0.04358175930329533,-0.03438316587040155,45.33382280691753,-0.030422184333084634,Unknown,0,0.5953382309403302,>2.0%,0.8-1.2,1.0-2.0x
2025-04-03,PEP,146.8403778076172,149.4401888027556,146.34564444909643,147.15080918705343,8216200.0,144.65769958496094,5866200.0,50.02807955399515,2.9184414853810723,0.020174809178871267,7190145.0,0.8158667175696734,0.014937390101877668,0.017234544785694073,0.8542606095002632,0.0021096138115124317,True,1,-0.04139446161576155,42.66157243849087,-0.04358175930329533,-0.03438316587040155,45.33382280691753,-0.030422184333084634,Unknown,0,0.6291443531374833,1.0-2.0%,0.8-1.2,0.5-1.0x
2025-04-03,MRK,83.97920227050781,86.41916035115531,83.85283271712747,86.2539061467759,12684100.0,84.18333435058594,10590800.0,36.3004006423535,2.1774798369405923,0.02586592528958716,17454550.0,0.6067644253217642,-0.030845906489661234,0.024595982235236263,0.9509028561656698,0.026372183914746893,True,1,-0.04139446161576155,42.66157243849087,-0.04358175930329533,-0.03438316587040155,45.33382280691753,-0.030422184333084634,Unknown,0,0.6505314267251431,>2.0%,<0.8,0.5-1.0x
2025-04-03,PG,168.976806640625,171.3390940369779,167.34966980653886,170.78037243045046,9393300.0,166.14401245117188,6274500.0,51.21822165130537,2.912696998110772,0.017531158391680145,8452770.0,0.7423010445096696,0.02879481191824218,0.027905669971953772,1.5917755888394183,0.01056073226775489,True,1,-0.04139446161576155,42.66157243849087,-0.04358175930329533,-0.03438316587040155,45.33382280691753,-0.030422184333084634,Unknown,0,0.5703652286777758,>2.0%,<0.8,1.0-2.0x
2025-04-03,KO,71.60738372802734,72.36083337081793,70.76586427660659,70.92242950730864,24959600.0,69.7971420288086,14606500.0,60.54360959176265,1.1874324311552613,0.01701262253209668,19085670.0,0.765312404542256,0.03291969967024899,0.016122257241357848,0.9476644303922552,-0.009657794092461584,True,0,-0.04139446161576155,42.66157243849087,-0.04358175930329533,-0.03438316587040155,45.33382280691753,-0.030422184333084634,Unknown,0,0.6180884539244963,1.0-2.0%,<0.8,0.5-1.0x
2025-04-03,ABBV,196.66497802734375,205.49169225422702,196.2748530962721,205.1113152376229,7593100.0,200.12738037109375,9262800.0,49.14536339104678,4.923802030486248,0.02460334023938205,7254535.0,1.276828907710832,0.0029664721577864483,0.02490381304790731,1.0122126835462895,0.04117928452895937,True,1,-0.04139446161576155,42.66157243849087,-0.04358175930329533,-0.03438316587040155,45.33382280691753,-0.030422184333084634,Unknown,0,0.5153542009953291,>2.0%,1.2-2.0,1.0-2.0x
2025-04-04,PEP,142.2228240966797,150.2841522195872,142.05791297480522,148.411912892851,12911400.0,146.8403778076172,8216200.0,55.6585169157399,3.0515877519820442,0.020781666443136504,7179905.0,1.1443326896386512,0.024242050603161536,0.010702336160512775,0.5149893147306963,0.04170210244941494,True,1,-0.0277815342829977,31.72045024280636,-0.07624656069758651,-0.02427809754887193,31.886810519949265,-0.0636496660268644,Unknown,0,0.710212147822421,1.0-2.0%,0.8-1.2,0.5-1.0x
2025-04-08,ADBE,340.0,350.739990234375,333.8299865722656,350.1000061035156,6650800.0,340.70001220703125,7690900.0,22.967665542757963,13.924377774120334,0.0408699068835342,5105605.0,1.506364084178075,-0.09112856123230062,0.027590236453447305,0.6750746100809676,0.028848917244889482,True,1,0.03415235810351001,25.02365067037587,-0.06670585584285271,0.03465643791686754,23.242710321226728,-0.0580179716632635,Technology,1,0.505568409257842,>2.0%,1.2-2.0,0.5-1.0x
2025-04-09,NVDA,114.30924987792969,115.07910675948129,97.51229618216108,98.87204993981901,612918300.0,96.28252410888672,476243400.0,32.26633616465253,7.051562295918502,0.07323823675357566,305066015.0,1.5611158784763357,-0.10942406532270443,0.026895076286157307,0.3672272501132303,-0.15613310280819429,True,0,-0.0011777297269107679,23.32330166541195,-0.10695381437152562,-0.006123090784920971,21.58731996472545,-0.10209412682457553,Technology,1,0.6712703244121275,>2.0%,1.2-2.0,<0.5x
2025-04-09,AMD,96.83999633789062,97.91000366210938,78.87000274658203,79.22000122070312,97827400.0,78.20999908447266,69910200.0,23.009915846772255,5.899162038810823,0.07542721017601964,38315760.0,1.8245807991280873,-0.20970460259486334,0.01291397708801391,0.17121111940740472,-0.2224185161030109,True,0,-0.0011777297269107679,23.32330166541195,-0.10695381437152562,-0.006123090784920971,21.58731996472545,-0.10209412682457553,Technology,1,0.6799713849049118,1.0-2.0%,1.2-2.0,<0.5x
2025-04-11,AMD,93.4000015258789,94.76000213623047,90.5,90.51000213623047,57892600.0,88.69999694824219,65210600.0,40.96308501682405,7.2345838111146055,0.08156239075561746,43326835.0,1.5050857049678334,-0.09606153942160844,0.020405921648953912,0.25018788022160193,-0.03193016596440442,True,0,-0.003429139570556652,42.29995995857519,-0.0439144999440827,-0.002993002448637106,41.08477634802291,-0.04758257593383408,Technology,1,0.6370383504043414,>2.0%,1.2-2.0,<0.5x
2025-04-11,AVGO,180.85626220703125,181.57197468264695,172.27766264129502,172.58581367453812,33964100.0,171.27369689941406,51212200.0,46.505911811240864,12.89947704461646,0.07531499160780122,39175140.0,1.3072627181421688,-0.01033558018436409,0.007660935677091363,0.10171860228021101,-0.04792078999082465,True,0,-0.003429139570556652,42.29995995857519,-0.0439144999440827,-0.002993002448637106,41.08477634802291,-0.04758257593383408,Unknown,0,0.604170403447776,0.5-1.0%,1.2-2.0,<0.5x
2025-04-11,NVDA,110.90986633300781,111.52975654810143,107.46049556472005,108.4803070767672,313417300.0,107.55047607421875,437812400.0,46.36888705989799,8.410974567531532,0.0782049031724161,326458020.0,1.341098619663257,-0.02034699957133701,0.008645531256475271,0.11054973416966858,-0.022396316176735247,True,0,-0.003429139570556652,42.29995995857519,-0.0439144999440827,-0.002993002448637106,41.08477634802291,-0.04758257593383408,Technology,1,0.6184931836267522,0.5-1.0%,1.2-2.0,<0.5x
2025-04-11,PEP,140.10804748535156,140.94231330590762,137.8671746469998,140.806503279407,8563300.0,139.8267364501953,10980300.0,43.52171118529662,4.029197222477346,0.02881564230680947,8182570.0,1.3419133597390551,-0.014492397125222656,0.007007006342886831,0.24316675881387503,0.004960394426310445,True,1,-0.003429139570556652,42.29995995857519,-0.0439144999440827,-0.002993002448637106,41.08477634802291,-0.04758257593383408,Unknown,0,0.7399420053563024,0.5-1.0%,1.2-2.0,<0.5x
2025-04-15,NFLX,97.62799835205078,99.34500122070312,94.80000305175781,95.0,77120000.0,93.12799835205078,40359000.0,50.04828430118004,4.391859559348516,0.04715938962572798,49797400.0,0.8104640001285207,0.016320511712362817,0.0201013839132729,0.42624351317529596,-0.027663140547902962,True,0,0.0023170042310609266,46.38624393749374,-0.010845720471755804,0.0010200901920244191,46.230707918460574,-0.01409648969305366,Unknown,0,0.5087422776000702,>2.0%,0.8-1.2,<0.5x
2025-04-16,JNJ,150.53404235839844,152.2163159627981,148.90067500656366,151.96200941909794,7986900.0,150.2504119873047,10847700.0,44.36804879893139,4.318681042758477,0.028743222635045963,11794160.0,0.9197518093700611,-0.011134852228114278,0.011391632203563418,0.3963241125813728,0.009396868771070885,True,1,-0.019563730116015504,46.58018669398418,-0.028037907476164636,-0.011030099248920431,45.762111140841775,-0.025505441496189274,Unknown,0,0.5881056076196098,1.0-2.0%,0.8-1.2,<0.5x
2025-04-16,CVX,130.79798889160156,132.9141821075591,130.25686482158093,130.83663429180658,8637200.0,130.005615234375,9334800.0,31.08981607963426,5.407924166248169,0.041597619891254135,12259780.0,0.7614165996453444,-0.11556449801774682,0.006392178183483911,0.1536669213333492,0.00029537140277410097,True,0,-0.019563730116015504,46.58018669398418,-0.028037907476164636,-0.011030099248920431,45.762111140841775,-0.025505441496189274,Unknown,0,0.560687643829954,0.5-1.0%,<0.8,<0.5x
2025-04-16,KO,70.13961791992188,71.10834101716941,69.85584903983097,70.80500521606305,15276200.0,70.31575012207031,14965500.0,57.22105663550305,1.678070619154748,0.023864790125136485,20444680.0,0.7319997182641157,0.02580100504655647,0.006957973045062834,0.2915581075122923,0.009397461296849456,True,1,-0.019563730116015504,46.58018669398418,-0.028037907476164636,-0.011030099248920431,45.762111140841775,-0.025505441496189274,Unknown,0,0.5280919423655775,0.5-1.0%,<0.8,<0.5x
2025-04-16,PEP,135.89791870117188,140.07894313640202,135.58750213446788,139.7976276602583,7878600.0,138.5656280517578,5459600.0,42.355071869161335,3.9376515945729955,0.02841723196391952,8209125.0,0.665064790705465,-0.01639120402901928,0.008891091000145564,0.31287674364041884,0.02789538724193278,True,1,-0.019563730116015504,46.58018669398418,-0.028037907476164636,-0.011030099248920431,45.762111140841775,-0.025505441496189274,Unknown,0,0.535326142334033,0.5-1.0%,<0.8,<0.5x
2025-04-16,XOM,101.40042114257812,102.76293162702109,100.92353504789783,101.16684155228053,13607000.0,100.339599609375,13164900.0,39.123518342036284,3.852168246088087,0.03839130573656553,20855475.0,0.6312443135435659,-0.06102228461063186,0.00824442140616474,0.21474709567672765,-0.0023088552208767573,True,0,-0.019563730116015504,46.58018669398418,-0.028037907476164636,-0.011030099248920431,45.762111140841775,-0.025505441496189274,Unknown,0,0.5965712558579589,0.5-1.0%,<0.8,<0.5x
2025-04-17,AAPL,196.3087158203125,198.15241736523095,193.75744237056688,196.5279673080365,52164700.0,193.6079559326172,59732400.0,41.56195856073071,10.911008520591569,0.056356199144982494,79378895.0,0.7524972475366406,-0.04370261660659003,0.015082083591831216,0.26762066677049856,0.0011156248687004492,True,0,0.00673159812013766,42.135107357087826,-0.02825397935526386,0.0037666653904066803,42.123371720071496,-0.029158004015668926,Unknown,0,0.559843973199191,1.0-2.0%,<0.8,<0.5x
2025-04-17,META,500.348388671875,506.1552323217004,496.8862177349848,504.109870459736,14593500.0,501.176513671875,18735100.0,35.57349697038518,31.723040200223693,0.06329714049807424,21997605.0,0.8516881724169517,-0.09593067637991404,0.005852941444461788,0.0924677070465744,0.007461630902863709,True,1,0.00673159812013766,42.135107357087826,-0.02825397935526386,0.0037666653904066803,42.123371720071496,-0.029158004015668926,Unknown,0,0.5972460779165031,0.5-1.0%,0.8-1.2,<0.5x
2025-04-17,MRK,75.82332611083984,76.5523965542133,74.73457824546644,74.74430126132808,21416500.0,74.32630920410156,16551300.0,28.75249034633708,2.9538514248106456,0.03974166693383509,19371495.0,0.8544152116292522,-0.08423408051593295,0.005623742947853075,0.14150747519513726,-0.014436215621832888,True,0,0.00673159812013766,42.135107357087826,-0.02825397935526386,0.0037666653904066803,42.123371720071496,-0.029158004015668926,Unknown,0,0.560164936360093,0.5-1.0%,0.8-1.2,<0.5x
2025-04-17,CVX,133.22340393066406,135.5135385561873,131.8512635350587,132.0831801949106,8434400.0,130.79798889160156,8637200.0,32.38761452204839,5.2293986453150225,0.03998072668876332,12116445.0,0.7128493547406025,-0.09886197884665326,0.009825772660573034,0.24576273305543972,-0.00863261873367129,True,0,0.00673159812013766,42.135107357087826,-0.02825397935526386,0.0037666653904066803,42.123371720071496,-0.029158004015668926,Unknown,0,0.5385222847803539,0.5-1.0%,<0.8,<0.5x
2025-04-17,ABBV,170.28109741210938,172.4564818753289,169.21800768923896,169.86767613430086,8998100.0,168.99159240722656,9459300.0,29.107426400518968,7.549753141304062,0.044675318066185715,9964845.0,0.9492671486611182,-0.09187121732468773,0.0051841852875329116,0.11604137389358102,-0.00243378426794778,True,0,0.00673159812013766,42.135107357087826,-0.02825397935526386,0.0037666653904066803,42.123371720071496,-0.029158004015668926,Unknown,0,0.5202822297201907,0.5-1.0%,0.8-1.2,<0.5x
2025-04-17,AMZN,172.61000061035156,176.2100067138672,172.0,176.0,44726500.0,174.3300018310547,51875300.0,38.78322180815558,9.919032522902322,0.05689802339654064,61898040.0,0.8380766176118016,-0.0596758551543044,0.009579522465465973,0.16836300970779244,0.01926136016845703,True,1,0.00673159812013766,42.135107357087826,-0.02825397935526386,0.0037666653904066803,42.123371720071496,-0.029158004015668926,Consumer Cyclical,0,0.5490457821175729,0.5-1.0%,0.8-1.2,<0.5x
2025-04-17,ADBE,348.79998779296875,351.8800048828125,345.0899963378906,349.75,5229700.0,344.19000244140625,3687900.0,32.671786399380046,14.46434379439606,0.04202429963624066,4675105.0,0.788837897758446,-0.051777432678559276,0.01615386129508589,0.38439334944097964,0.0027162607777877056,True,1,0.00673159812013766,42.135107357087826,-0.02825397935526386,0.0037666653904066803,42.123371720071496,-0.029158004015668926,Technology,1,0.6010584017542171,1.0-2.0%,<0.8,<0.5x
2025-04-17,AMD,87.5,89.02999877929688,86.5199966430664,88.83999633789062,34801400.0,88.29000091552734,62109000.0,41.54329687384731,6.839185567619801,0.07746274206252737,46140635.0,1.3460803042697613,-0.08924556726295163,0.00622941914894187,0.08041826280708637,0.015083255213047674,True,1,0.00673159812013766,42.135107357087826,-0.02825397935526386,0.0037666653904066803,42.123371720071496,-0.029158004015668926,Technology,1,0.639569430756478,0.5-1.0%,1.2-2.0,<0.5x
2025-04-17,MSFT,365.8188781738281,372.3240133010547,364.9336397230584,371.75704543823275,21120200.0,369.6284484863281,21967800.0,43.572030661171084,13.590083441510545,0.03676687629743742,27679195.0,0.7936574745038647,-0.01685225740418972,0.005758747630550301,0.1566286889308482,0.015973247413252453,True,1,0.00673159812013766,42.135107357087826,-0.02825397935526386,0.0037666653904066803,42.123371720071496,-0.029158004015668926,Technology,1,0.6069787387246333,0.5-1.0%,<0.8,<0.5x
2025-04-17,DIS,83.88233184814453,84.84172303586283,82.44819520514774,82.45808793636607,14810900.0,81.8646469116211,10144300.0,31.944158796925688,3.7796863183764233,0.04616994589199014,12199970.0,0.831502044677159,-0.08863827767698351,0.0072490512954345165,0.15700800933128511,-0.017272337346429474,True,0,0.00673159812013766,42.135107357087826,-0.02825397935526386,0.0037666653904066803,42.123371720071496,-0.029158004015668926,Unknown,0,0.5316143265102016,0.5-1.0%,0.8-1.2,<0.5x
2025-04-21,KO,71.20618438720703,71.89114601049218,70.27660267792626,71.80307620994618,16037200.0,71.43124389648438,20754500.0,61.08463449348948,1.652294538474784,0.023131258093016423,20692450.0,1.002998678261878,0.03489117230637229,0.005205457628606539,0.2250399700558494,0.008312900424960776,True,1,-0.013217721792731951,42.110048464830356,-0.043006048300174515,-0.009973262176161388,42.43273538340485,-0.03717926077620448,Unknown,0,0.599739639746104,0.5-1.0%,0.8-1.2,<0.5x
2025-04-21,NFLX,98.79100036621094,101.9000015258789,97.30500030517578,98.44000244140625,97757000.0,97.3030014038086,88937000.0,56.1170673360497,4.316777663355887,0.04436428066017418,52564250.0,1.6919674493595933,0.04892965723173859,0.011685158948788112,0.2633911510544987,-0.0035656025609468013,True,0,-0.013217721792731951,42.110048464830356,-0.043006048300174515,-0.009973262176161388,42.43273538340485,-0.03717926077620448,Unknown,0,0.580483149959897,1.0-2.0%,1.2-2.0,<0.5x
2025-04-22,NVDA,98.87205505371094,99.79188628205247,97.26234659010818,98.76207440379943,241004800.0,96.89241790771484,288501100.0,38.463031712853095,7.526677675762832,0.07768077046990007,334637440.0,0.8621303701104096,-0.07334094829003424,0.019296210544207302,0.2484039541250977,-0.001113591938762225,True,0,0.013183782813276377,38.70328608194385,-0.03572039679721861,0.012181996521020606,38.709735806865574,-0.033598393783217606,Technology,1,0.6010584017542171,1.0-2.0%,0.8-1.2,<0.5x
2025-04-22,ADBE,349.9100036621094,352.0799865722656,344.3699951171875,349.1400146484375,3250400.0,343.2200012207031,3691200.0,33.729566927821814,13.70757018885027,0.03993814503845245,4540310.0,0.8129841354444961,-0.04169819701727062,0.017248451158671223,0.43187912563451336,-0.002205387470259479,True,0,0.013183782813276377,38.70328608194385,-0.03572039679721861,0.012181996521020606,38.709735806865574,-0.033598393783217606,Technology,1,0.6010584017542171,1.0-2.0%,0.8-1.2,<0.5x
2025-04-22,MSFT,364.864013671875,365.80892977570767,357.94110461161955,361.44235434917846,19485000.0,357.2050476074219,20807300.0,38.064051816570355,13.068544792753361,0.036585554656316195,26868250.0,0.7744196216724201,-0.035528640482471174,0.011862393239228521,0.3242370752791246,-0.009466680596571648,True,0,0.013183782813276377,38.70328608194385,-0.03572039679721861,0.012181996521020606,38.709735806865574,-0.033598393783217606,Technology,1,0.6010584017542171,1.0-2.0%,<0.8,<0.5x
2025-04-22,AMD,86.26000213623047,87.16999816894531,85.16999816894531,86.12000274658203,35236700.0,85.55999755859375,33855400.0,39.49682016417799,6.33138973825889,0.07399941466715199,46691490.0,0.7250871625643132,-0.09393145791538415,0.006545175361941483,0.0884490153250747,-0.0016256315046854067,True,0,0.013183782813276377,38.70328608194385,-0.03572039679721861,0.012181996521020606,38.709735806865574,-0.033598393783217606,Technology,1,0.6199302759739395,0.5-1.0%,<0.8,<0.5x
2025-04-23,AMD,90.38999938964844,93.73999786376953,90.12000274658203,91.87999725341797,41102600.0,86.26000213623047,35236700.0,40.32569029282944,6.022004756954685,0.06981224910525888,45786225.0,0.7695917276429756,-0.02160084185145028,0.06515180823102507,0.9332432211543984,0.016216781762192562,True,1,0.030800013692002057,43.771561037612,0.010088351294019526,0.024997456395895002,44.32323314980382,0.006710638410060588,Technology,1,0.5037553188751781,>2.0%,<0.8,0.5-1.0x
2025-04-23,V,332.5705261230469,339.41350508951837,331.4068396748975,335.4250758734188,8906000.0,329.61651611328125,5435500.0,48.70341330476721,11.380513263702355,0.03452652615195759,7473650.0,0.7272885404052906,0.012086891885708217,0.017622174485156197,0.5103952366246685,0.008510245523352444,True,1,0.030800013692002057,43.771561037612,0.010088351294019526,0.024997456395895002,44.32323314980382,0.006710638410060588,Financial Services,0,0.6873728499621274,1.0-2.0%,<0.8,0.5-1.0x
2025-04-23,GOOGL,154.92218017578125,157.09616926384234,153.38641273519517,155.1814586711159,31128800.0,151.0528564453125,26971800.0,43.35296932140914,5.9612730175427595,0.03946481488551652,39945635.0,0.6752126984587928,0.009982359538000418,0.027332169168863968,0.6925705656583429,0.0016708084687111849,True,0,0.030800013692002057,43.771561037612,0.010088351294019526,0.024997456395895002,44.32323314980382,0.006710638410060588,Unknown,0,0.6919358019137314,>2.0%,<0.8,0.5-1.0x
2025-04-23,AMZN,180.60000610351562,187.3800048828125,180.19000244140625,183.4499969482422,63470100.0,173.17999267578125,56607200.0,40.30848857194407,9.362246809643981,0.054060787652136594,62340860.0,0.9080272553185824,0.0027960079430764395,0.059302487047033864,1.0969593604263757,0.015535518627076602,True,1,0.030800013692002057,43.771561037612,0.010088351294019526,0.024997456395895002,44.32323314980382,0.006710638410060588,Consumer Cyclical,0,0.6927123010197916,>2.0%,0.8-1.2,1.0-2.0x
2025-04-23,MA,527.80322265625,541.6752154307007,525.423159241601,535.5010180323794,3051800.0,525.1343383789062,2384000.0,51.7158570980899,17.725983142493842,0.03375514006037786,3463930.0,0.6882356167705468,0.03132159962391312,0.019741005102570878,0.5848296012773201,0.014374940694629955,True,1,0.030800013692002057,43.771561037612,0.010088351294019526,0.024997456395895002,44.32323314980382,0.006710638410060588,Unknown,0,0.6701166245467575,1.0-2.0%,<0.8,0.5-1.0x
2025-04-23,BAC,38.111839294433594,39.46911358950855,38.033154986603485,38.76096982653478,54428400.0,37.68891906738281,42288900.0,47.20735311877585,1.6588508493175482,0.0440142856406081,63462930.0,0.6663559340862453,0.027747341111793,0.02844472024350938,0.6462610906779308,0.016747014716252298,True,1,0.030800013692002057,43.771561037612,0.010088351294019526,0.024997456395895002,44.32323314980382,0.006710638410060588,Unknown,0,0.6271366793141044,>2.0%,<0.8,0.5-1.0x
2025-04-23,PFE,21.224443435668945,21.85956532530014,21.082252345644193,21.594142439402678,50781000.0,21.35715675354004,36052600.0,39.07022321751551,0.6805263465808105,0.0318640891404241,56008530.0,0.6436983795146918,-0.017722420040759745,0.011096312519378643,0.3482388111104485,0.017120337367931088,True,1,0.030800013692002057,43.771561037612,0.010088351294019526,0.024997456395895002,44.32323314980382,0.006710638410060588,Unknown,0,0.6328327368933586,1.0-2.0%,<0.8,<0.5x
2025-04-23,CRM,249.24639892578125,256.5204104313382,248.27122960999503,251.36591368061553,5818900.0,242.19131469726562,7145300.0,36.65633232945453,10.579858585414078,0.04368388931964259,7212395.0,0.990697264916855,-0.015675858280843724,0.03788161848337946,0.8671759560187761,0.008431989539867887,True,1,0.030800013692002057,43.771561037612,0.010088351294019526,0.024997456395895002,44.32323314980382,0.006710638410060588,Unknown,0,0.6276730649286394,>2.0%,0.8-1.2,0.5-1.0x
2025-04-23,DIS,86.335205078125,88.8869863228245,86.07804689830174,88.05617049029651,12089100.0,85.14833068847656,9578500.0,40.043366701577035,3.538042751865948,0.04155152218791254,12570240.0,0.761998179827911,-0.004628631490902424,0.03415028548778673,0.8218780850758134,0.01954395021483649,True,1,0.030800013692002057,43.771561037612,0.010088351294019526,0.024997456395895002,44.32323314980382,0.006710638410060588,Unknown,0,0.68829503980098,>2.0%,<0.8,0.5-1.0x
2025-04-23,NVDA,102.69136047363281,104.78098517141211,102.00148324580945,104.5010295750129,247526000.0,98.87205505371094,241004800.0,40.598183753158395,7.196162725661032,0.07278257462891624,335265055.0,0.7188485540194459,-0.012051622123440575,0.056931905766943854,0.7822189041430945,0.017317237052493006,True,1,0.030800013692002057,43.771561037612,0.010088351294019526,0.024997456395895002,44.32323314980382,0.006710638410060588,Technology,1,0.5037553188751781,>2.0%,<0.8,0.5-1.0x
2025-04-23,META,519.0960083007812,534.1320095182137,515.3544703338583,527.3373790061787,18173900.0,499.1510925292969,17399400.0,37.400949840566874,28.988387102736894,0.05807537544563316,21150865.0,0.8226330223373843,-0.025349561218044436,0.056468445924973076,0.9723302775345052,0.015628269554737735,True,1,0.030800013692002057,43.771561037612,0.010088351294019526,0.024997456395895002,44.32323314980382,0.006710638410060588,Unknown,0,0.6052512426296427,>2.0%,0.8-1.2,0.5-1.0x
2025-04-23,ABBV,174.2775115966797,175.36027727809022,171.66899991450558,172.25961030061754,7119700.0,171.0587158203125,6191900.0,34.767376007384975,6.942120208531984,0.040583259234941806,9598195.0,0.6451108776181355,-0.055352202933736216,0.007020364174641121,0.17298670207829572,-0.01171430315290174,True,0,0.030800013692002057,43.771561037612,0.010088351294019526,0.024997456395895002,44.32323314980382,0.006710638410060588,Unknown,0,0.674794996851352,0.5-1.0%,<0.8,<0.5x
2025-04-23,HD,349.9570007324219,358.2243029445463,348.41546256505706,355.3572684825901,3283300.0,348.0030517578125,2802400.0,47.73749024844616,11.571853460939618,0.03325216087183303,4078005.0,0.6871987650824362,0.017923101608720904,0.02113262135958406,0.6355262577081091,0.01519672799497778,True,1,0.030800013692002057,43.771561037612,0.010088351294019526,0.024997456395895002,44.32323314980382,0.006710638410060588,Unknown,0,0.6862198674523553,>2.0%,<0.8,0.5-1.0x
2025-04-23,NFLX,104.95899963378906,106.125,103.19999694824219,104.72200012207031,64719000.0,104.03399658203125,93689000.0,65.04020081327234,4.577451248155075,0.04399957128000687,56844900.0,1.6481513732982203,0.10867320765660393,0.006613256845290652,0.15030275643380359,-0.0022631301106022517,True,0,0.030800013692002057,43.771561037612,0.010088351294019526,0.024997456395895002,44.32323314980382,0.006710638410060588,Unknown,0,0.7604236748494696,0.5-1.0%,1.2-2.0,<0.5x
2025-04-23,AAPL,203.9027557373047,207.29116289420588,202.10888686320854,205.29797863560773,52929200.0,199.059326171875,52976400.0,45.92758864106957,10.089886283259428,0.05068783501531326,77608565.0,0.6826102247864009,0.014735827286468384,0.031340669054340395,0.6183075099749692,0.006796086876137675,True,1,0.030800013692002057,43.771561037612,0.010088351294019526,0.024997456395895002,44.32323314980382,0.006710638410060588,Unknown,0,0.6909633848251526,>2.0%,<0.8,0.5-1.0x
2025-04-23,CSCO,54.673011779785156,55.99978656067975,54.54524708821619,55.184066796987054,30231500.0,54.093162536621094,19961800.0,38.76180612603549,1.741716227046816,0.032198454395556436,27459415.0,0.7269564919718792,-0.02358872147179314,0.020167137752898388,0.6263386902099737,0.00926091618223759,True,1,0.030800013692002057,43.771561037612,0.010088351294019526,0.024997456395895002,44.32323314980382,0.006710638410060588,Unknown,0,0.6445817865179716,>2.0%,<0.8,0.5-1.0x
2025-04-23,JPM,237.49398803710938,243.32090055249418,236.626353260977,236.8432619550101,14126800.0,232.27833557128906,10701400.0,50.28342475010027,8.948567233731763,0.038525190959900514,14183775.0,0.7544817934576655,0.029112363780603223,0.01965282888950269,0.5101293050035395,-0.0027474967061671875,True,0,0.030800013692002057,43.771561037612,0.010088351294019526,0.024997456395895002,44.32323314980382,0.006710638410060588,Unknown,0,0.6766944636977189,1.0-2.0%,<0.8,0.5-1.0x
2025-04-23,AVGO,175.85621643066406,179.37512329066433,174.77271279640473,176.72102930983826,24380500.0,168.56988525390625,18504900.0,45.4364523953581,10.935941706882705,0.06487482441131512,36811535.0,0.5026929738192119,0.047378862228531604,0.04835468709997904,0.7453536489502278,0.004893661397014341,True,1,0.030800013692002057,43.771561037612,0.010088351294019526,0.024997456395895002,44.32323314980382,0.006710638410060588,Unknown,0,0.5757948654810802,>2.0%,<0.8,0.5-1.0x
2025-04-24,AMD,94.47000122070312,94.75,90.37000274658203,91.58999633789062,33681900.0,90.38999938964844,41102600.0,45.10408360316476,6.126146969139284,0.06777461013945815,46387480.0,0.8860709829462605,-0.014143668478137417,0.01327577117319477,0.19588118833701207,-0.031444535407422515,True,0,0.004223891471279656,47.88555407436958,0.009870198130103702,0.002428111283685961,47.48818310211973,0.0032459032439169366,Technology,1,0.506374068484039,1.0-2.0%,0.8-1.2,<0.5x
2025-04-24,CRM,263.3963928222656,263.67501263737825,255.73430235574477,256.9284046303888,7857600.0,249.24639892578125,5818900.0,42.267134972177466,10.847661238889684,0.04352183736913214,7288255.0,0.7983941286357297,0.010927711400390727,0.030820929560932346,0.7081716081865626,-0.02517428231098669,True,0,0.004223891471279656,47.88555407436958,0.009870198130103702,0.002428111283685961,47.48818310211973,0.0032459032439169366,Unknown,0,0.6960745069390046,>2.0%,<0.8,0.5-1.0x
2025-04-24,CVX,134.38294982910156,134.70181490891468,132.59529422905058,133.27169927558842,7745800.0,132.07350158691406,10002000.0,37.74314132637255,5.01099101628288,0.037940926499819345,11580445.0,0.8636973795048463,-0.054322335159623925,0.009072203540282858,0.2391139167443909,-0.008338233545107158,True,0,0.004223891471279656,47.88555407436958,0.009870198130103702,0.002428111283685961,47.48818310211973,0.0032459032439169366,Unknown,0,0.7140079711052245,0.5-1.0%,0.8-1.2,<0.5x
2025-04-24,AVGO,187.0292510986328,187.44676265531004,177.2379331566766,178.61965281283844,27576900.0,175.85621643066406,24380500.0,49.941679949757706,10.926605730445234,0.06213374740012865,36859695.0,0.6614406331902638,0.058771851432032785,0.01571418081352804,0.2529089499838457,-0.04708103589589962,True,0,0.004223891471279656,47.88555407436958,0.009870198130103702,0.002428111283685961,47.48818310211973,0.0032459032439169366,Unknown,0,0.718043027379066,1.0-2.0%,<0.8,<0.5x
2025-04-24,GOOGL,158.84133911132812,159.15048293168,155.36094514919478,155.719954312099,45894000.0,154.92218017578125,31128800.0,47.69913440955732,5.967133003327551,0.03851697023987779,40293355.0,0.7725541841824787,0.01651212216440645,0.00514951529479222,0.13369471333601338,-0.020044860743878415,True,0,0.004223891471279656,47.88555407436958,0.009870198130103702,0.002428111283685961,47.48818310211973,0.0032459032439169366,Unknown,0,0.6807947999479741,0.5-1.0%,<0.8,<0.5x
2025-04-24,XOM,105.7215347290039,105.96484122215047,104.09624913681478,105.0792094481619,9849600.0,104.49527740478516,14235700.0,48.28073620125804,3.627049819335372,0.03471017934413635,19600215.0,0.7263032573877378,-0.004058697773069331,0.005588118983738956,0.1609936649515747,-0.006112772300203459,True,0,0.004223891471279656,47.88555407436958,0.009870198130103702,0.002428111283685961,47.48818310211973,0.0032459032439169366,Unknown,0,0.6935458771710353,0.5-1.0%,<0.8,<0.5x
2025-04-24,INTC,21.489999771118164,21.549999237060547,20.8799991607666,21.040000915527344,117086200.0,20.59000015258789,97188100.0,48.474995226288044,1.45616321654197,0.07072186526229576,108229500.0,0.8979816039065135,0.02012126122733049,0.02185530644024274,0.3090318158208215,-0.021387777376888083,True,0,0.004223891471279656,47.88555407436958,0.009870198130103702,0.002428111283685961,47.48818310211973,0.0032459032439169366,Unknown,0,0.7188315102099061,>2.0%,0.8-1.2,<0.5x
2025-04-24,NVDA,106.41067504882812,106.52065568558213,103.09127819009328,103.46121375263034,220815000.0,102.69136047363281,247526000.0,44.592519697288935,7.104217539378185,0.06918028455959813,339268995.0,0.7295862682648027,-0.01626102748443392,0.007496767746057849,0.10836566796136056,-0.028507893820478174,True,0,0.004223891471279656,47.88555407436958,0.009870198130103702,0.002428111283685961,47.48818310211973,0.0032459032439169366,Technology,1,0.506374068484039,0.5-1.0%,<0.8,<0.5x
2025-04-28,ABBV,189.3280792236328,190.09586373799678,184.7016811186624,185.05604435758784,10408000.0,183.14642333984375,10482100.0,50.39050618488914,6.786827703763955,0.03705683998627928,9826390.0,1.0667294906878315,0.027930787077938612,0.010426744802985437,0.28137166598247604,-0.023085086903673512,True,0,0.0009945522880619973,54.438898888555535,0.04580117605681466,0.001362129707408351,52.959959669940545,0.031702918239608247,Unknown,0,0.7617386242015869,1.0-2.0%,0.8-1.2,<0.5x
2025-04-28,JNJ,151.94244384765625,152.39234550898632,150.4460051963736,152.08914766676574,5815200.0,151.18934631347656,8643600.0,46.00493656545405,3.808044111456278,0.02518725164378094,11718915.0,0.737576814918446,0.005190709111258851,0.005951486498417197,0.23628963503394768,0.0009645909741760458,True,0,0.0009945522880619973,54.438898888555535,0.04580117605681466,0.001362129707408351,52.959959669940545,0.031702918239608247,Unknown,0,0.6842809802426287,0.5-1.0%,<0.8,<0.5x
2025-04-28,META,548.49951171875,557.2297674992926,539.3701950695558,554.3862228326028,15179000.0,546.0350952148438,17098900.0,49.208768154986366,27.640339955622405,0.05062007954772028,21692065.0,0.7882559820837712,0.04022930938519509,0.015294122467482086,0.3021354886071267,0.010618429664025592,True,1,0.0009945522880619973,54.438898888555535,0.04580117605681466,0.001362129707408351,52.959959669940545,0.031702918239608247,Unknown,0,0.686047641694693,1.0-2.0%,<0.8,<0.5x
2025-04-28,AMZN,187.6999969482422,190.22000122070312,184.88999938964844,190.11000061035156,33224700.0,188.99000549316406,36414300.0,52.138595711585964,9.123462113117803,0.0482748391340081,64956030.0,0.5605992238134011,0.04849229164483981,0.005926213474966068,0.12275988032845121,0.012676890507453659,True,1,0.0009945522880619973,54.438898888555535,0.04580117605681466,0.001362129707408351,52.959959669940545,0.031702918239608247,Consumer Cyclical,0,0.6391642556143089,0.5-1.0%,<0.8,<0.5x
2025-04-29,MRK,82.34607696533203,83.29873229207645,80.44077372833141,81.44202930229972,18802900.0,80.86849212646484,14241000.0,50.52818060320026,2.772639497771489,0.034285782074872165,17683515.0,0.8053263166287924,0.03593240686608912,0.0070922204773888374,0.20685602159813882,-0.01110050511728577,True,0,-0.004741610750395283,54.37425161950886,0.039405788173343836,-0.0035219624292364936,53.03673586770974,0.02812237508311899,Unknown,0,0.624032267830519,0.5-1.0%,0.8-1.2,<0.5x
2025-04-30,JNJ,152.8813934326172,154.729936358785,151.6196956897791,154.729936358785,9598200.0,152.49017333984375,5246700.0,49.003813276081985,3.603284118708025,0.0236296152059428,11359925.0,0.4618604436208866,0.024342700872993728,0.014687917063020606,0.621589346039229,0.01194689902722803,True,1,-0.017664488090069937,55.55639688371823,0.032709207938209195,-0.012176849624574389,54.362191962377054,0.026380824396230462,Unknown,0,0.5387443946733835,1.0-2.0%,<0.8,0.5-1.0x
2025-04-30,PEP,131.52288818359375,132.10492482407474,129.11710417146963,131.57139493751293,7923500.0,130.29087829589844,7010700.0,34.713253331723685,3.737157740632543,0.028683187875556664,9020075.0,0.7772330052688032,-0.04388613952403997,0.009828137306023577,0.34264452572926707,0.0003686724910245258,True,0,-0.017664488090069937,55.55639688371823,0.032709207938209195,-0.012176849624574389,54.362191962377054,0.026380824396230462,Unknown,0,0.5863598431732836,0.5-1.0%,<0.8,<0.5x
2025-05-01,ADBE,374.6300048828125,380.44000244140625,374.07000732421875,378.29998779296875,2848800.0,374.9800109863281,3305500.0,53.19082118360147,11.983273850046853,0.03195710037590181,4290555.0,0.7704131516785124,0.06188575619653558,0.0088537434246373,0.2770509001284023,0.009701250405973347,True,1,0.016699328246272682,55.526603060397235,0.06686064550848059,0.010513126826843721,54.45000872232896,0.05009582836541604,Technology,1,0.5785739595480789,0.5-1.0%,<0.8,<0.5x
2025-05-01,MSFT,423.1316223144531,434.65981700987567,422.6342884776108,428.81116623183453,58938100.0,393.15234375,36461100.0,57.59197346064544,11.56474784814009,0.02941543661633097,27172730.0,1.3418268977758216,0.13306275781664056,0.0906997581184699,3.0834068282404785,0.013244860126405368,True,1,0.016699328246272682,55.526603060397235,0.06686064550848059,0.010513126826843721,54.45000872232896,0.05009582836541604,Technology,1,0.6502857939786274,>2.0%,1.2-2.0,>2.0x
2025-05-01,AMD,96.6500015258789,100.0999984741211,96.44999694824219,99.2699966430664,29591500.0,97.3499984741211,29730700.0,52.430465590809604,5.431645753805249,0.055795026594162335,45641975.0,0.6513894282620329,0.08590896564504091,0.0197226317312754,0.3534836872600204,0.026392618170502334,True,1,0.016699328246272682,55.526603060397235,0.06686064550848059,0.010513126826843721,54.45000872232896,0.05009582836541604,Technology,1,0.5792368306986213,1.0-2.0%,<0.8,<0.5x
2025-05-01,NVDA,111.5897445678711,114.9191420385801,111.27980327057723,113.05947899879722,236121500.0,108.90023040771484,235044600.0,50.41111293725619,6.304866425338344,0.05789580427638551,329419620.0,0.7135112353052924,0.07313510317308358,0.038193202856508554,0.6596886136028127,0.01299965685267097,True,1,0.016699328246272682,55.526603060397235,0.06686064550848059,0.010513126826843721,54.45000872232896,0.05009582836541604,Technology,1,0.5792368306986213,>2.0%,<0.8,0.5-1.0x
2025-05-01,GOOGL,160.85577392578125,161.50397770313938,158.47235672658454,160.00810878606782,30203200.0,158.3626708984375,34981100.0,50.6047128209942,5.56448799931474,0.03513762408619267,40598770.0,0.86162955183125,0.03781932248247721,0.010390314070198959,0.29570337609371355,-0.005297638639343978,True,0,0.016699328246272682,55.526603060397235,0.06686064550848059,0.010513126826843721,54.45000872232896,0.05009582836541604,Unknown,0,0.5095044174443621,1.0-2.0%,0.8-1.2,<0.5x
2025-05-01,AVGO,196.1545867919922,200.20033556021323,195.07108312159355,196.95975952261685,24939700.0,191.32354736328125,22768900.0,57.83309828118353,9.718518844704546,0.05079625053287989,34527365.0,0.6594450517727026,0.1257378745789064,0.029459061558343755,0.5799455914423292,0.004088006263696743,True,1,0.016699328246272682,55.526603060397235,0.06686064550848059,0.010513126826843721,54.45000872232896,0.05009582836541604,Unknown,0,0.6221837398677619,>2.0%,<0.8,0.5-1.0x
2025-05-01,META,570.9188232421875,591.6120134415539,569.2126599544815,590.7439814787114,31159000.0,547.7611694335938,29244000.0,49.526152634527406,25.831667393388475,0.04715863196381631,21926760.0,1.333712778358499,0.1143609424595946,0.07846998736614262,1.6639580941692873,0.03355964488524933,True,1,0.016699328246272682,55.526603060397235,0.06686064550848059,0.010513126826843721,54.45000872232896,0.05009582836541604,Unknown,0,0.6390149966049402,>2.0%,1.2-2.0,1.0-2.0x
2025-05-02,NVDA,114.4792251586914,115.37906338859757,113.34943293159324,114.15928352450368,190194800.0,111.5897445678711,236121500.0,53.23432188944074,6.284441082875981,0.056317371342790905,330195635.0,0.7150957643640565,0.07799361509382652,0.023026658646662104,0.40887310784631836,-0.002802589717717126,True,0,0.010089693658073447,58.0351437258595,0.06973721985550219,0.011209175869098838,56.075218156688855,0.05568150137446026,Technology,1,0.7022492255540282,>2.0%,<0.8,<0.5x
2025-05-02,MSFT,432.9589538574219,437.09677511877317,427.6971532418887,429.4378217113229,30757400.0,423.1316223144531,58938100.0,69.26936086112357,13.703513948978346,0.0323859367305677,29315005.0,2.010509634912223,0.1268818691491842,0.014903635333081481,0.46018849036454074,-0.008199399233321272,True,0,0.010089693658073447,58.0351437258595,0.06973721985550219,0.011209175869098838,56.075218156688855,0.05568150137446026,Technology,1,0.6919194103311662,1.0-2.0%,>2.0,<0.5x
2025-05-02,ADBE,380.8699951171875,383.55999755859375,379.19000244140625,380.0899963378906,2340700.0,374.6300048828125,2848800.0,52.95425688748727,11.582325369128329,0.03091670506411087,4290040.0,0.6640497524498606,0.06553894148825923,0.014574357056066712,0.4714071899267528,-0.002052142352632389,True,0,0.010089693658073447,58.0351437258595,0.06973721985550219,0.011209175869098838,56.075218156688855,0.05568150137446026,Technology,1,0.6780720104276445,1.0-2.0%,<0.8,<0.5x
2025-05-02,AMD,98.80000305175781,99.87999725341797,98.30000305175781,98.4000015258789,29957900.0,96.6500015258789,29591500.0,51.510438035340755,5.304385451810511,0.05488241456871797,46081850.0,0.6421508685089683,0.07522771177704635,0.01810656981243215,0.3299156925714522,-0.004065056094269542,True,0,0.010089693658073447,58.0351437258595,0.06973721985550219,0.011209175869098838,56.075218156688855,0.05568150137446026,Technology,1,0.7022492255540282,1.0-2.0%,<0.8,<0.5x
2025-05-02,AVGO,202.42701721191406,204.45485927281513,199.88226828533232,202.68546306080438,17766800.0,196.1545867919922,24939700.0,60.562678486087805,9.658395227006505,0.04923869171231024,34798165.0,0.7166958372661317,0.1425338027869658,0.03329453761760726,0.6761864797736542,0.0012751079677223124,True,0,0.010089693658073447,58.0351437258595,0.06973721985550219,0.011209175869098838,56.075218156688855,0.05568150137446026,Unknown,0,0.598271544597142,>2.0%,<0.8,0.5-1.0x
2025-05-06,CVX,131.0299072265625,132.68226719434935,130.48876840499534,131.75463013214187,9916200.0,130.93325805664062,9665000.0,39.0851392642304,4.095892974977264,0.0312822963070652,11228610.0,0.860747679365478,-0.006282179201570148,0.006273211922565357,0.20053553169460048,0.00550054980878104,True,1,-0.013108912610634913,59.091087426834314,0.04050176351036172,-0.00990227691989979,57.546938890574815,0.03199201546823027,Unknown,0,0.5971269982862898,0.5-1.0%,0.8-1.2,<0.5x
2025-05-07,MRK,76.91207122802734,77.67030327540486,76.56211683439345,77.39811817290912,12216900.0,76.83430480957031,16991100.0,39.13341908305032,2.665472876024638,0.03469118231278163,16601085.0,1.023493343959145,-0.010833388933713883,0.007338042098984177,0.2115247048319984,0.006279828972016328,True,1,0.0013918122401155347,56.46033811468113,0.038324432339452486,0.0024160029756982878,54.91703307646467,0.02995072115717723,Unknown,0,0.512274140962849,0.5-1.0%,0.8-1.2,<0.5x
2025-05-07,DIS,100.97332000732422,102.17997666406133,99.04465243037099,101.29971222679107,36155300.0,91.16182708740234,11839400.0,52.585906109567226,2.8876025687439384,0.03167556707672631,11235520.0,1.0537474010993706,0.15158874911873155,0.11120756859852016,3.510831181937392,0.0032220448833667247,True,1,0.0013918122401155347,56.46033811468113,0.038324432339452486,0.0024160029756982878,54.91703307646467,0.02995072115717723,Unknown,0,0.5703453820917079,>2.0%,0.8-1.2,>2.0x
2025-05-07,ABBV,185.14463806152344,187.20190651312964,183.82562513253788,185.22338711965128,5771700.0,184.2193603515625,9392000.0,48.17237216084357,6.481905650083357,0.03518580043765948,9020130.0,1.041226678551196,0.029729796492721672,0.00545016965737316,0.15489685013787052,0.0004251572080202264,True,0,0.0013918122401155347,56.46033811468113,0.038324432339452486,0.0024160029756982878,54.91703307646467,0.02995072115717723,Unknown,0,0.5743447125848964,0.5-1.0%,0.8-1.2,<0.5x
2025-05-08,GOOGL,153.85513305664062,155.50058309873845,152.47892851591033,154.57315149382438,57498700.0,150.96311950683594,127490100.0,41.19798044926734,5.842744230638905,0.03870312331731018,38741190.0,3.2908152795512993,-0.014082635514253594,0.023913337236151747,0.6178658254553937,0.00464516916582661,True,1,0.010821425270208867,57.31606844657846,0.04953232931037932,0.007288550760028794,55.997557304491195,0.037628825305320746,Unknown,0,0.5193690876298213,>2.0%,>2.0,0.5-1.0x
2025-05-08,DIS,103.97017669677734,105.0284724961464,102.72395674510922,102.83275414423578,19265400.0,100.97332000732422,36155300.0,69.54095136603122,3.4683559264521557,0.034349231323686044,12301005.0,2.93921512917034,0.16105325024074624,0.018415103482550474,0.5361139907038343,-0.011060897493284953,True,0,0.010821425270208867,57.31606844657846,0.04953232931037932,0.007288550760028794,55.997557304491195,0.037628825305320746,Unknown,0,0.613599699264921,1.0-2.0%,>2.0,0.5-1.0x
2025-05-12,CSCO,60.609100341796875,60.78600413427091,60.068562642158994,60.55013491035468,23700000.0,58.741790771484375,17480700.0,59.799035733753605,1.3091367011981667,0.022286291990840604,18336515.0,0.9533272816563017,0.06894064557833235,0.030784627351676627,1.3813256760850452,-0.0009738282421582627,True,0,0.038977818670133696,59.35810787816038,0.07828688635748504,0.0303539489720791,57.34119232718147,0.05895583146066552,Unknown,0,0.865561636766695,>2.0%,0.8-1.2,1.0-2.0x
2025-05-12,INTC,22.18000030517578,22.670000076293945,21.8799991607666,22.18000030517578,94578700.0,21.420000076293945,51768600.0,54.68186481028015,1.058744112229176,0.049427829526523435,81908740.0,0.6320277909292707,0.09403902820928489,0.03548086956932121,0.7178318350046474,0.0,True,0,0.038977818670133696,59.35810787816038,0.07828688635748504,0.0303539489720791,57.34119232718147,0.05895583146066552,Unknown,0,0.8362408351440328,>2.0%,<0.8,0.5-1.0x
2025-05-12,GOOGL,158.0236053466797,158.66184216787673,155.81968502629073,157.0562755246952,44138800.0,152.32933044433594,32435300.0,43.34483786611968,5.541841853657682,0.03638066180355711,37316480.0,0.869195058054779,0.0018957342689636114,0.031031089459731948,0.8529556066706266,-0.006159128750206428,True,0,0.038977818670133696,59.35810787816038,0.07828688635748504,0.0303539489720791,57.34119232718147,0.05895583146066552,Unknown,0,0.8833360398754359,>2.0%,0.8-1.2,0.5-1.0x
2025-05-12,WMT,96.32820129394531,97.54288370393755,95.20313046305279,97.24418856844893,26783900.0,96.29833221435547,13697800.0,57.63730844192884,2.2050729521965025,0.022898350381480293,16916010.0,0.8097536002875383,0.019892925848832954,0.009822146784308101,0.4289456061538847,0.009419455167327243,True,1,0.038977818670133696,59.35810787816038,0.07828688635748504,0.0303539489720791,57.34119232718147,0.05895583146066552,Unknown,0,0.8655150956452898,0.5-1.0%,0.8-1.2,<0.5x
2025-05-12,V,353.9349365234375,359.94243969691246,349.24033682191566,357.2072393070147,7985400.0,350.6427307128906,3086600.0,61.958194644030094,7.829985264001761,0.02233037955209464,5667715.0,0.5445933678740021,0.05437149106413819,0.01872135943265605,0.8383807086207786,0.0091607963767069,True,1,0.038977818670133696,59.35810787816038,0.07828688635748504,0.0303539489720791,57.34119232718147,0.05895583146066552,Financial Services,0,0.8436840368258748,1.0-2.0%,<0.8,0.5-1.0x
2025-05-12,DIS,109.28144073486328,109.72652309102423,107.47146330015973,108.66822722264683,18366600.0,104.78121185302734,10438200.0,73.55776384981073,3.3605620195419763,0.032072181263332875,11718790.0,0.8907233596642656,0.19566878420265543,0.03709649183168124,1.1566563411167954,-0.0056429880921868136,True,0,0.038977818670133696,59.35810787816038,0.07828688635748504,0.0303539489720791,57.34119232718147,0.05895583146066552,Unknown,0,0.865406533577839,>2.0%,0.8-1.2,1.0-2.0x
2025-05-12,CRM,287.3975524902344,287.5468076583145,281.8350871997475,283.59635891764776,5937400.0,274.0635681152344,4324200.0,56.40752422682178,8.118666769257912,0.029623298073110867,5519145.0,0.7834909211481126,0.079512643186052,0.03478313760552506,1.1741818051345805,-0.013403534470942991,True,0,0.038977818670133696,59.35810787816038,0.07828688635748504,0.0303539489720791,57.34119232718147,0.05895583146066552,Unknown,0,0.8841040872826099,>2.0%,<0.8,1.0-2.0x
2025-05-12,JPM,256.3945007324219,259.8946169218072,255.0635015683959,259.2044446904927,9603900.0,249.52247619628906,5087600.0,61.599299472262956,6.678008010078365,0.026763152209282545,9584670.0,0.5308059641072671,0.07843581247299314,0.03880198947123005,1.4498288231448293,0.010840647279124035,True,1,0.038977818670133696,59.35810787816038,0.07828688635748504,0.0303539489720791,57.34119232718147,0.05895583146066552,Unknown,0,0.8068406425432239,>2.0%,<0.8,1.0-2.0x
2025-05-12,CVX,136.8470001220703,138.86657240767366,135.83239989197097,137.64902854031502,8028200.0,133.822509765625,5965700.0,45.23701594821415,3.630089681955789,0.02712615155935635,9449305.0,0.6313374369861063,0.03838256995820344,0.028593984535125894,1.0541113608599322,0.0058266188054483985,True,1,0.038977818670133696,59.35810787816038,0.07828688635748504,0.0303539489720791,57.34119232718147,0.05895583146066552,Unknown,0,0.8461204148505672,>2.0%,<0.8,1.0-2.0x
2025-05-12,BAC,42.64591979980469,43.23603710716618,42.23283468315217,42.60657764548076,44875100.0,41.101776123046875,27222800.0,62.6486080275906,1.144610054477358,0.02784818960257886,42588645.0,0.6392032430240502,0.09235328622447225,0.036611593570286226,1.314684871539938,-0.0009233821747262212,True,0,0.038977818670133696,59.35810787816038,0.07828688635748504,0.0303539489720791,57.34119232718147,0.05895583146066552,Unknown,0,0.8350213696461141,>2.0%,<0.8,1.0-2.0x
2025-05-12,HD,369.7612609863281,371.85264232686995,366.7076692382059,368.20009617425336,3831400.0,356.1329040527344,1970700.0,52.785437835856456,8.023349618292237,0.022529088233599948,2892215.0,0.6813808793606284,0.04558913646933038,0.03388395732097851,1.5040092599239714,-0.0042399902343749855,True,0,0.038977818670133696,59.35810787816038,0.07828688635748504,0.0303539489720791,57.34119232718147,0.05895583146066552,Unknown,0,0.8450730026477276,>2.0%,<0.8,1.0-2.0x
2025-05-12,TSLA,318.3800048828125,322.2099914550781,311.5,321.989990234375,112826700.0,298.260009765625,132387800.0,60.85042275716172,17.599848891838118,0.05900840982895499,110603105.0,1.1969627796615656,0.18930693942386068,0.07956138835842325,1.3483059209533732,0.011211483154910525,True,1,0.038977818670133696,59.35810787816038,0.07828688635748504,0.0303539489720791,57.34119232718147,0.05895583146066552,Consumer Cyclical,0,0.8536525685454405,>2.0%,0.8-1.2,1.0-2.0x
2025-05-12,AMZN,208.63999938964844,211.66000366210938,205.75,210.7100067138672,75205000.0,193.05999755859375,29663100.0,55.72037662060331,7.198869472184984,0.037288250094378694,47432320.0,0.6253773798119089,0.13869910615347947,0.09142240432234884,2.4517751326745962,0.009823963068966669,True,1,0.038977818670133696,59.35810787816038,0.07828688635748504,0.0303539489720791,57.34119232718147,0.05895583146066552,Consumer Cyclical,0,0.8447859556948905,>2.0%,<0.8,>2.0x
2025-05-12,MA,575.8622436523438,578.3717096534476,564.0715157923362,577.5850209026959,3000300.0,566.2723388671875,1528000.0,67.04725895832527,12.965024526059121,0.022895387318397544,2565565.0,0.5955803107697525,0.07143019002951823,0.01997745829884449,0.8725538476823077,0.0029827249461207117,True,1,0.038977818670133696,59.35810787816038,0.07828688635748504,0.0303539489720791,57.34119232718147,0.05895583146066552,Unknown,0,0.8642464321611616,1.0-2.0%,<0.8,0.5-1.0x
2025-05-12,META,637.987060546875,638.9449161423443,619.6286183644004,629.4962543948571,21965100.0,591.1530151367188,10427300.0,57.668905833072536,23.560039107310605,0.03985438372814822,16912130.0,0.6165574649674523,0.13991049583986115,0.06486178413429994,1.6274692534886588,-0.013488255240184351,True,0,0.038977818670133696,59.35810787816038,0.07828688635748504,0.0303539489720791,57.34119232718147,0.05895583146066552,Unknown,0,0.8531964228605814,>2.0%,<0.8,1.0-2.0x
2025-05-12,AVGO,220.26014709472656,220.47883786479903,214.59410252443828,218.1825999469374,25437700.0,206.9598388671875,13289200.0,65.29964068678987,8.346644819519327,0.04032978023758332,21406940.0,0.6207893328051557,0.15090074704730516,0.05422675791196319,1.3445835209741432,-0.009522056975645357,True,0,0.038977818670133696,59.35810787816038,0.07828688635748504,0.0303539489720791,57.34119232718147,0.05895583146066552,Unknown,0,0.8451899069820964,>2.0%,<0.8,1.0-2.0x
2025-05-12,AAPL,210.3471221923828,210.82612467262763,206.31561695740214,210.52675192915717,63775800.0,197.8534393310547,36453900.0,43.86937118013252,7.334031010439273,0.03706799859146112,57607460.0,0.6327982521708126,0.0394726160668617,0.064054042431363,1.7280145911659313,0.000853239482053117,True,0,0.038977818670133696,59.35810787816038,0.07828688635748504,0.0303539489720791,57.34119232718147,0.05895583146066552,Unknown,0,0.7829548097408471,>2.0%,<0.8,1.0-2.0x
2025-05-12,XOM,106.23735809326172,107.48308623647449,105.41984435857493,107.31763216657481,14244600.0,104.43688201904297,10992100.0,50.621244328101106,2.8570441646487152,0.027356658963906672,15419565.0,0.7128670620734113,0.037020315152084926,0.027583647575830223,1.0082973806203102,0.01006613779585005,True,1,0.038977818670133696,59.35810787816038,0.07828688635748504,0.0303539489720791,57.34119232718147,0.05895583146066552,Unknown,0,0.854352418909496,>2.0%,<0.8,1.0-2.0x
2025-05-13,AMD,112.45999908447266,113.12999725341797,109.0,109.5999984741211,55659500.0,108.12000274658203,50543400.0,64.64639793517347,5.009758106329606,0.046335164438274845,39620295.0,1.2756946913191838,0.13487513365680215,0.013688454401984828,0.2954225924938679,-0.026094896443149766,True,0,0.0025794655581895757,67.32028461131172,0.07688533916887974,0.0007203521693795064,65.20302317282037,0.05807521585348696,Technology,1,0.5965116619882559,1.0-2.0%,1.2-2.0,<0.5x
2025-05-13,NVDA,129.9064178466797,131.19619232916256,124.44741706637032,124.95732666651305,330430100.0,122.9776840209961,225023300.0,64.42762054802498,5.358414937049684,0.043572254427354774,226325140.0,0.994247921375416,0.12933910601252085,0.01609757624951674,0.3694455671637371,-0.03960625048721473,True,0,0.0025794655581895757,67.32028461131172,0.07688533916887974,0.0007203521693795064,65.20302317282037,0.05807521585348696,Technology,1,0.5979759710111796,1.0-2.0%,0.8-1.2,<0.5x
2025-05-13,AMZN,211.3699951171875,214.83999633789062,210.10000610351562,211.0800018310547,56193700.0,208.63999938964844,75205000.0,66.5111951275143,8.013236374422886,0.038406999606329845,48662855.0,1.545429260161575,0.13247027399779587,0.011694797011810715,0.30449650146280366,-0.001373854858902829,True,0,0.0025794655581895757,67.32028461131172,0.07688533916887974,0.0007203521693795064,65.20302317282037,0.05807521585348696,Consumer Cyclical,0,0.6811976361377687,1.0-2.0%,1.2-2.0,<0.5x
2025-05-13,CRM,287.745849609375,291.29824426169705,287.50701096087215,289.5668234882655,6711600.0,287.3975524902344,5937400.0,64.83059468654443,8.50185053881664,0.029582195342827525,5511565.0,1.0772620843626084,0.09389650433800267,0.007547980068845098,0.25515280327817774,0.00628861365039742,True,1,0.0025794655581895757,67.32028461131172,0.07688533916887974,0.0007203521693795064,65.20302317282037,0.05807521585348696,Unknown,0,0.5921319649961571,0.5-1.0%,0.8-1.2,<0.5x
2025-05-13,META,654.5496826171875,659.4286019389394,641.3794565378789,644.083302386897,18570800.0,637.987060546875,21965100.0,67.17173555069382,25.290886385761667,0.039641691736008906,17128270.0,1.282388705923015,0.15355229499066647,0.009555431790099907,0.24104500518629834,-0.016250041246999143,True,0,0.0025794655581895757,67.32028461131172,0.07688533916887974,0.0007203521693795064,65.20302317282037,0.05807521585348696,Unknown,0,0.6627957481828132,0.5-1.0%,1.2-2.0,<0.5x
2025-05-13,TSLA,334.07000732421875,337.5899963378906,316.79998779296875,320.0,136992600.0,318.3800048828125,112826700.0,66.45125700687068,18.053429805953474,0.05670403143752221,109797035.0,1.0275933225337095,0.168141129071395,0.0050882438983056695,0.08973337114332007,-0.04396877288818359,True,0,0.0025794655581895757,67.32028461131172,0.07688533916887974,0.0007203521693795064,65.20302317282037,0.05807521585348696,Consumer Cyclical,0,0.669601669943606,0.5-1.0%,0.8-1.2,<0.5x
2025-05-14,META,657.8720703125,661.1745985140565,652.8334783472295,659.7179321317063,12348200.0,654.5496826171875,18570800.0,69.75735895689843,25.01593317192615,0.03821853991571895,17350265.0,1.0703467641560518,0.16590941805200377,0.007895885754391967,0.20659830992508585,0.0027979561101847167,True,1,0.0022886665188184135,69.80090799239865,0.08549512380616542,0.0016528801107515937,66.57259947043356,0.06089579182892235,Unknown,0,0.667454296509135,0.5-1.0%,0.8-1.2,<0.5x
2025-05-14,NVDA,135.3154296875,135.4154176381041,131.65609038206884,133.17581874633882,281180800.0,129.9064178466797,330430100.0,69.93284946117558,5.562707320700882,0.042820881469198796,229611395.0,1.4390840663635183,0.18966802540775118,0.025167354730062673,0.5877355595345611,-0.016066061851938124,True,0,0.0022886665188184135,69.80090799239865,0.08549512380616542,0.0016528801107515937,66.57259947043356,0.06089579182892235,Technology,1,0.5965116619882559,>2.0%,1.2-2.0,0.5-1.0x
2025-05-14,AMD,117.72000122070312,122.5199966430664,116.58999633789062,119.83000183105469,86743700.0,112.45999908447266,55659500.0,68.63904569986867,5.009774992080058,0.044547172620169065,40603120.0,1.370818301647755,0.2234479921628203,0.06553443719171795,1.4711245032428106,0.017608283218808588,True,1,0.0022886665188184135,69.80090799239865,0.08549512380616542,0.0016528801107515937,66.57259947043356,0.06089579182892235,Technology,1,0.6609420000979154,>2.0%,1.2-2.0,1.0-2.0x
2025-05-15,PEP,127.56497955322266,127.61348630816626,124.95547304040055,125.32410661535188,9165100.0,124.60624694824219,10463000.0,31.21135135728268,2.7783554735994382,0.022297080135584905,8085155.0,1.2941001131085303,-0.03807773110556223,0.005761024705349409,0.2583757456275691,-0.01788062168077945,True,0,-0.004164451681963924,70.75530644255605,0.07657450184970638,-0.0034548429724445737,66.84635510582795,0.05117371840333629,Unknown,0,0.6286599851179203,0.5-1.0%,1.2-2.0,<0.5x
2025-05-15,PFE,21.83221435546875,21.83221435546875,21.339540278904764,21.445803856953052,51800100.0,21.27191925048828,59394000.0,41.91731542732057,0.6610640305267983,0.031076839975858035,50056385.0,1.1865419366580308,-0.019131173495287146,0.008174373192055983,0.2630374645043133,-0.018018000215478874,True,0,-0.004164451681963924,70.75530644255605,0.07657450184970638,-0.0034548429724445737,66.84635510582795,0.05117371840333629,Unknown,0,0.5260497012937608,0.5-1.0%,0.8-1.2,<0.5x
2025-05-15,PG,160.18670654296875,160.67986183799675,156.52748763190277,157.40530345505638,8727300.0,155.8568115234375,5988900.0,41.50499119801558,3.3121808875401966,0.021251434923921283,8466395.0,0.7073730909082319,-0.0110866938312002,0.009935349738538851,0.4675143007569484,-0.017670326392188778,True,0,-0.004164451681963924,70.75530644255605,0.07657450184970638,-0.0034548429724445737,66.84635510582795,0.05117371840333629,Unknown,0,0.5061623830605432,0.5-1.0%,<0.8,<0.5x
2025-05-15,JNJ,146.32835388183594,146.36746992823834,144.0983661345862,144.75366811149715,7945800.0,143.14964294433594,10216000.0,32.17282690375166,3.335874152746705,0.023303405332585198,7914040.0,1.2908704024745894,-0.041689753845575384,0.011205233447804965,0.4808410310804089,-0.010878382502375555,True,0,-0.004164451681963924,70.75530644255605,0.07657450184970638,-0.0034548429724445737,66.84635510582795,0.05117371840333629,Unknown,0,0.6795857195357903,1.0-2.0%,1.2-2.0,<0.5x
2025-05-15,KO,70.07112121582031,70.18854513608719,68.10431347763544,68.20216301180405,19817100.0,67.67377471923828,16286800.0,39.116037063647504,1.2920754808638013,0.019092705944426806,15934830.0,1.0220880925620166,-0.026461549264391482,0.0078078737998274386,0.4089453753990576,-0.02740321012535625,True,0,-0.004164451681963924,70.75530644255605,0.07657450184970638,-0.0034548429724445737,66.84635510582795,0.05117371840333629,Unknown,0,0.5871900483569589,0.5-1.0%,0.8-1.2,<0.5x
2025-05-15,JPM,263.7298889160156,265.7313520440172,261.03828372684393,263.217209377267,9214600.0,261.90594482421875,8643100.0,70.90536666357244,6.5286725373684975,0.02492754619124928,8715710.0,0.9916690665476479,0.07413351444086702,0.005006623862350019,0.2008470398144353,-0.0019477432344242917,True,0,-0.004164451681963924,70.75530644255605,0.07657450184970638,-0.0034548429724445737,66.84635510582795,0.05117371840333629,Unknown,0,0.5271705118931277,0.5-1.0%,0.8-1.2,<0.5x
2025-05-16,NVDA,135.37542724609375,136.32526708518697,133.43579205010155,136.19528579014883,226542500.0,134.80552673339844,226632600.0,72.54656279478864,5.421761609177369,0.040219134486228096,223702875.0,1.0130965013301685,0.18118878327883237,0.01030936260869248,0.2563297977539181,0.006019727770301294,True,1,0.0027155098896875073,70.93775453707836,0.07630975613697899,0.0013379058313302149,67.92873000986198,0.05478551568510959,Technology,1,0.5979759710111796,1.0-2.0%,0.8-1.2,<0.5x
2025-05-16,AMZN,205.58999633789062,206.85000610351562,204.3699951171875,206.85000610351562,43318500.0,205.1699981689453,64347300.0,61.00983768148751,7.543410245590041,0.036766634073752295,49438520.0,1.3015620208695569,0.08190525280065764,0.008188370373659241,0.22271199363079364,0.006091417589779732,True,1,0.0027155098896875073,70.93775453707836,0.07630975613697899,0.0013379058313302149,67.92873000986198,0.05478551568510959,Consumer Cyclical,0,0.508722412165997,0.5-1.0%,1.2-2.0,<0.5x
2025-05-16,TSLA,349.9800109863281,351.6199951171875,342.3299865722656,346.239990234375,95895700.0,342.82000732421875,97882600.0,70.31468300574994,17.71731549561191,0.051681101210805144,113785250.0,0.8602397938221342,0.19546241844427348,0.00997603067816819,0.19303053620077407,-0.010801816247226235,True,0,0.0027155098896875073,70.93775453707836,0.07630975613697899,0.0013379058313302149,67.92873000986198,0.05478551568510959,Consumer Cyclical,0,0.5207192962872905,0.5-1.0%,0.8-1.2,<0.5x
2025-05-16,AMD,117.16999816894531,118.23999786376953,116.01000213623047,118.06999969482422,43419700.0,114.98999786376953,43843200.0,67.79955778746255,5.251897597478909,0.0456726471436317,42621190.0,1.0286714190758166,0.1724634439381325,0.026784954241877754,0.5864550429416587,0.007622609707844009,True,1,0.0027155098896875073,70.93775453707836,0.07630975613697899,0.0013379058313302149,67.92873000986198,0.05478551568510959,Technology,1,0.6049140456749157,>2.0%,0.8-1.2,0.5-1.0x
2025-05-16,ADBE,417.1300048828125,421.7699890136719,412.05999755859375,414.6199951171875,5391500.0,404.69000244140625,2763800.0,70.06765866953499,9.272758378309083,0.022913238089324075,2970455.0,0.930429849972479,0.09511104949363403,0.024537281909302867,1.0708779707890994,-0.006053759575477239,True,0,0.0027155098896875073,70.93775453707836,0.07630975613697899,0.0013379058313302149,67.92873000986198,0.05478551568510959,Technology,1,0.5705101283553361,>2.0%,0.8-1.2,1.0-2.0x
2025-05-23,KO,70.22767639160156,70.43317011086249,69.17089100987447,70.00262321784437,12822100.0,69.61122131347656,11101800.0,49.38056586688564,1.1717076127063362,0.01683216571405703,15232125.0,0.7288411826977523,0.0029792033790356776,0.005622684058439821,0.3340440056233616,-0.0032149248615560553,True,0,-0.015214118254109055,64.28713903411922,0.014470002912734925,-0.012193630845529286,59.499777086000925,0.004367246729708896,Unknown,0,0.5152162472714721,0.5-1.0%,<0.8,<0.5x
2025-05-27,NFLX,121.15699768066406,121.177001953125,119.30899810791016,119.53299713134766,29205000.0,118.53900146484375,21865000.0,68.24945346626862,2.8637064825671326,0.02415834828350945,37154400.0,0.5884901922787072,0.03156625140408953,0.008385389232409765,0.3471010987176492,-0.013586211241167902,True,0,0.013569452712337053,60.13935526631887,0.02962308819012449,0.01201848898970567,56.292213500820445,0.018556078762636652,Unknown,0,0.5923220068252124,0.5-1.0%,<0.8,<0.5x
2025-05-27,AAPL,199.78936767578125,200.31825293342968,197.01519441683536,197.88337691051132,56288500.0,194.8597412109375,78432900.0,38.82818507375387,6.31993151206864,0.032433233631503466,54987025.0,1.4263892254581876,-0.032935481623024954,0.015516985092886387,0.47842855477149304,-0.009631889221962685,True,0,0.013569452712337053,60.13935526631887,0.02962308819012449,0.01201848898970567,56.292213500820445,0.018556078762636652,Unknown,0,0.572286368085855,1.0-2.0%,1.2-2.0,<0.5x
2025-05-27,AMD,114.55999755859375,115.4000015258789,112.2699966430664,113.18000030517578,37885000.0,110.30999755859375,30867300.0,57.66613387538142,4.526760586129645,0.041036720934792416,42953615.0,0.7186193758080665,0.05877621433447877,0.026017612275420113,0.6340080708875898,-0.01219294265503603,True,0,0.013569452712337053,60.13935526631887,0.02962308819012449,0.01201848898970567,56.292213500820445,0.018556078762636652,Technology,1,0.5005387985846522,>2.0%,<0.8,0.5-1.0x
2025-05-27,NVDA,135.47540283203125,135.63537744884945,133.2857979393918,134.1256417936587,192953600.0,131.26617431640625,198821300.0,63.799638242642665,4.832042859288732,0.03681102831291093,208530685.0,0.953439058621037,0.0814143283300297,0.021783734401826488,0.5917719607465071,-0.010063407863867264,True,0,0.013569452712337053,60.13935526631887,0.02962308819012449,0.01201848898970567,56.292213500820445,0.018556078762636652,Technology,1,0.5005387985846522,>2.0%,0.8-1.2,0.5-1.0x
2025-05-27,JPM,261.56085205078125,261.5706910214846,258.30722178470336,258.35653699260183,7506600.0,257.0451965332031,6671800.0,60.0396687051099,5.81061088225131,0.022605405433050913,8181225.0,0.8155013460698123,0.01858838511320804,0.0051015948832536075,0.22568030900231797,-0.012402686208288877,True,0,0.013569452712337053,60.13935526631887,0.02962308819012449,0.01201848898970567,56.292213500820445,0.018556078762636652,Unknown,0,0.5762888806485646,0.5-1.0%,0.8-1.2,<0.5x
2025-05-27,WMT,97.15457916259766,97.37362123691199,96.15893889471975,96.87580110297303,17180900.0,95.91998291015625,13668600.0,52.73590332963995,2.2221686639776475,0.023166900124023674,18384735.0,0.7434754974711357,0.0008280552556896303,0.009964745236788131,0.4301285533861677,-0.0028776852057027526,True,0,0.013569452712337053,60.13935526631887,0.02962308819012449,0.01201848898970567,56.292213500820445,0.018556078762636652,Unknown,0,0.5739547051296119,0.5-1.0%,<0.8,<0.5x
2025-05-27,PFE,22.80790138244629,22.856202002462982,22.576055089775174,22.749938427365603,36155400.0,22.527751922607422,35405400.0,53.61374431128265,0.5830707290732204,0.025882330872442166,50742095.0,0.6977520340853093,0.0228792064856862,0.009862790815589927,0.38106269733577935,-0.0025478290970213577,True,0,0.013569452712337053,60.13935526631887,0.02962308819012449,0.01201848898970567,56.292213500820445,0.018556078762636652,Unknown,0,0.5533081718906482,0.5-1.0%,<0.8,<0.5x
2025-05-27,ABBV,182.811767578125,183.07754378950662,181.02026018119054,181.38447647674258,5726700.0,180.3902587890625,4027000.0,46.62054046492026,5.3874270492251615,0.029865398971043632,7498500.0,0.5370407414816296,-0.016058971709643655,0.005511482129656765,0.18454406502322274,-0.007868871300932043,True,0,0.013569452712337053,60.13935526631887,0.02962308819012449,0.01201848898970567,56.292213500820445,0.018556078762636652,Unknown,0,0.5647427157422301,0.5-1.0%,<0.8,<0.5x
2025-05-27,MRK,75.42475891113281,76.01773675805845,74.89983475412124,75.84275956689207,11884500.0,75.41505432128906,10902200.0,45.444722371503836,2.298384581210665,0.030476469212882995,14794500.0,0.7369089864476663,-0.01114095096917489,0.005671351024702106,0.18608950351455789,0.005511411480097688,True,1,0.013569452712337053,60.13935526631887,0.02962308819012449,0.01201848898970567,56.292213500820445,0.018556078762636652,Unknown,0,0.5713226883493311,0.5-1.0%,<0.8,<0.5x
2025-05-27,TSLA,362.8900146484375,363.7900085449219,347.32000732421875,347.3500061035156,120146400.0,339.3399963378906,84654800.0,64.26635858427778,16.1603920977563,0.047623010173150744,108093550.0,0.7831623626016538,0.10304509462723166,0.023604673342570565,0.49565689478147656,-0.044738759959286466,True,0,0.013569452712337053,60.13935526631887,0.02962308819012449,0.01201848898970567,56.292213500820445,0.018556078762636652,Consumer Cyclical,0,0.5431613210190529,>2.0%,<0.8,<0.5x
2025-05-27,META,640.87060546875,641.6289002643415,631.3221929667607,633.9761638539012,9508400.0,625.6449584960938,8454100.0,57.958401282681564,20.107375491416754,0.03213863584827767,15253090.0,0.554254908349718,0.03338272713505752,0.013316187151629489,0.4143357924242174,-0.010874922446512697,True,0,0.013569452712337053,60.13935526631887,0.02962308819012449,0.01201848898970567,56.292213500820445,0.018556078762636652,Unknown,0,0.5442817798543454,1.0-2.0%,<0.8,<0.5x
2025-05-27,HD,363.6834716796875,363.8307457129032,358.53849902469943,359.2552726052798,3998500.0,356.1329040527344,3115000.0,46.17617088072708,8.009287544600797,0.022489602767552255,3143540.0,0.9909210635143819,-0.005483710827384636,0.00876742507365475,0.3898434829762441,-0.012326051729999359,True,0,0.013569452712337053,60.13935526631887,0.02962308819012449,0.01201848898970567,56.292213500820445,0.018556078762636652,Unknown,0,0.559080937796936,0.5-1.0%,0.8-1.2,<0.5x
2025-05-27,AVGO,234.246337890625,235.07139579176155,229.75327232227366,231.48289825448072,17941700.0,227.35760498046875,15385600.0,68.03481978465607,7.905193144547535,0.03476986461581804,18462925.0,0.8333240805560332,0.07369524722252718,0.018144514120679408,0.5218459813163847,-0.0119379861621842,True,0,0.013569452712337053,60.13935526631887,0.02962308819012449,0.01201848898970567,56.292213500820445,0.018556078762636652,Unknown,0,0.5497490487917943,1.0-2.0%,0.8-1.2,0.5-1.0x
2025-05-27,PEP,127.43885803222656,127.52617610725795,125.26589762968223,126.18746671484577,13974800.0,125.4696044921875,8122500.0,35.820733330436056,2.3684094730915533,0.018876360395628927,7892595.0,1.0291292027527068,-0.011140610614948643,0.0057214034073325495,0.30309886479267567,-0.009916922416777302,True,0,0.013569452712337053,60.13935526631887,0.02962308819012449,0.01201848898970567,56.292213500820445,0.018556078762636652,Unknown,0,0.5576236006507173,0.5-1.0%,0.8-1.2,<0.5x
2025-05-27,GOOGL,172.42384338378906,172.69310408957966,169.53183580095055,169.69139882784629,37995700.0,168.00604248046875,35211400.0,58.1178580802596,5.595423141485214,0.033304892245978,43964660.0,0.8009023611236843,0.04642052848436995,0.01003152221488381,0.30120266238348953,-0.016102434035061914,True,0,0.013569452712337053,60.13935526631887,0.02962308819012449,0.01201848898970567,56.292213500820445,0.018556078762636652,Unknown,0,0.5567962291414815,1.0-2.0%,0.8-1.2,<0.5x
2025-05-27,CSCO,62.65332794189453,62.889200943739006,62.25038119842727,62.663154265312386,17429400.0,62.02433395385742,15645400.0,64.22752059840198,1.2913982945762843,0.020820832925622566,20695870.0,0.7559672533698752,0.04225586770616818,0.010299511026272527,0.494673342947665,0.00015681182240285082,True,0,0.013569452712337053,60.13935526631887,0.02962308819012449,0.01201848898970567,56.292213500820445,0.018556078762636652,Unknown,0,0.6007653772093531,1.0-2.0%,<0.8,<0.5x
2025-05-27,INTC,20.549999237060547,20.670000076293945,20.18000030517578,20.440000534057617,69504600.0,20.049999237060547,68206100.0,42.837981206854906,0.8476657062915662,0.04227759294497805,66816480.0,1.02079756371482,-0.02161163450255499,0.019451436999368528,0.46008856333622156,-0.005381541102195532,True,0,0.013569452712337053,60.13935526631887,0.02962308819012449,0.01201848898970567,56.292213500820445,0.018556078762636652,Unknown,0,0.5318762468838697,1.0-2.0%,0.8-1.2,<0.5x
2025-05-27,BAC,43.491756439208984,43.491756439208984,42.58690566825426,43.068837668850946,36322000.0,42.488555908203125,34875100.0,58.27143131094382,1.0900410218473495,0.025654932217569176,38400430.0,0.908195559268477,0.028115271047584933,0.013657366042317959,0.5323485529603167,-0.009819600278275194,True,0,0.013569452712337053,60.13935526631887,0.02962308819012449,0.01201848898970567,56.292213500820445,0.018556078762636652,Unknown,0,0.5601772376993996,1.0-2.0%,0.8-1.2,0.5-1.0x
2025-05-27,AMZN,206.02000427246094,206.69000244140625,202.19000244140625,203.08999633789062,34892000.0,200.99000549316406,33393500.0,54.93041019187598,6.436774232695728,0.03202534482698271,45878000.0,0.7278761061946902,0.026549548684605462,0.010448235172559293,0.326248951541537,-0.014427140614525972,True,0,0.013569452712337053,60.13935526631887,0.02962308819012449,0.01201848898970567,56.292213500820445,0.018556078762636652,Consumer Cyclical,0,0.5415953863252688,1.0-2.0%,<0.8,<0.5x
2025-05-27,V,357.9598388671875,358.6572401066731,353.1578400370545,354.08436394376315,6316000.0,352.2213439941406,5345900.0,53.28015908193063,6.758628030564877,0.019188581685377105,5523390.0,0.9678657491142215,0.004390862648697036,0.005289344275665242,0.275650611514245,-0.01094506088961292,True,0,0.013569452712337053,60.13935526631887,0.02962308819012449,0.01201848898970567,56.292213500820445,0.018556078762636652,Financial Services,0,0.576480157659101,0.5-1.0%,0.8-1.2,<0.5x
2025-05-27,DIS,111.13098907470703,111.6551906431629,108.94516331129014,109.8155350149581,10201100.0,108.51986694335938,8086100.0,65.62358549562138,2.7305527560896583,0.02516177758967247,11675135.0,0.6925915631810682,0.06215263739326593,0.011939455033380978,0.47450761341605174,-0.011978761106702714,True,0,0.013569452712337053,60.13935526631887,0.02962308819012449,0.01201848898970567,56.292213500820445,0.018556078762636652,Unknown,0,0.5752474595967223,1.0-2.0%,<0.8,<0.5x
2025-05-27,CVX,134.80697631835938,134.9439051013108,133.41812297010387,134.36684915345245,8348900.0,133.54525756835938,7025900.0,44.70358136040201,3.017843305446883,0.022597906959759346,8555345.0,0.8212293016821648,0.0028857817311931377,0.006152158452145082,0.2722446137644687,-0.00327556363552354,True,0,0.013569452712337053,60.13935526631887,0.02962308819012449,0.01201848898970567,56.292213500820445,0.018556078762636652,Unknown,0,0.5746265749098352,0.5-1.0%,0.8-1.2,<0.5x
2025-05-27,MA,572.15771484375,572.16768293138,564.1312769658452,564.4599199525237,2655200.0,561.2333984375,1948800.0,52.75230517579654,10.664282628807777,0.019001511062060168,2278170.0,0.8554234319651299,-0.0009500030007171256,0.005748983442550803,0.3025540139294317,-0.013637451693423602,True,0,0.013569452712337053,60.13935526631887,0.02962308819012449,0.01201848898970567,56.292213500820445,0.018556078762636652,Unknown,0,0.5817540247640697,0.5-1.0%,0.8-1.2,<0.5x
2025-05-27,JNJ,151.17349243164062,151.9527814630419,149.8713709488511,150.45338800363243,6990700.0,149.58531188964844,6727300.0,48.00362955672622,2.735404023735796,0.01828658167824491,7856045.0,0.8563214696453495,0.002774824496511119,0.005803217595484127,0.31734840866339004,-0.004786229393457149,True,0,0.013569452712337053,60.13935526631887,0.02962308819012449,0.01201848898970567,56.292213500820445,0.018556078762636652,Unknown,0,0.5778210175459971,0.5-1.0%,0.8-1.2,<0.5x
2025-05-28,AVGO,238.00379943847656,239.55451985391173,233.0335825333463,235.737381743169,20443000.0,234.246337890625,17941700.0,72.01498829450358,7.891521549315054,0.033688985793236974,18540720.0,0.9676916538300562,0.08127447056848647,0.0063652813784444845,0.1889425053491016,-0.009614163347995303,True,0,0.0018416598207418725,66.0723836502458,0.036305667253232254,0.0006934372182152497,62.82173105009369,0.02433031755478443,Unknown,0,0.5029680919031925,0.5-1.0%,0.8-1.2,<0.5x
2025-05-28,TSLA,356.8999938964844,365.0,355.9100036621094,364.8399963378906,91404300.0,362.8900146484375,120146400.0,70.50683010414245,16.752507819847366,0.04616414655574624,106514280.0,1.1279839660935604,0.1425582705982409,0.005373478494144399,0.1163993898956969,0.021762971497381406,True,1,0.0018416598207418725,66.0723836502458,0.036305667253232254,0.0006934372182152497,62.82173105009369,0.02433031755478443,Consumer Cyclical,0,0.6712537357289595,0.5-1.0%,0.8-1.2,<0.5x
2025-05-29,AMZN,205.6999969482422,208.80999755859375,204.22999572753906,208.02999877929688,34650000.0,204.72000122070312,28549800.0,57.91506585714057,6.160279620677176,0.030091244548381694,45305490.0,0.630162039964693,0.039988792935854445,0.0161684131440842,0.5373128757798,0.011200316515535975,True,1,0.014299472960181676,64.09135853450566,0.039632436766947166,0.009068837508638865,60.07624418918546,0.023852647524744253,Consumer Cyclical,0,0.7336460012105054,1.0-2.0%,<0.8,0.5-1.0x
2025-05-29,AAPL,199.5299072265625,203.38179807643976,198.09293019267844,203.15228556391767,51396800.0,199.99893188476562,45339700.0,45.11774440392335,6.013091148377319,0.03006561630960065,56289900.0,0.805467765975779,-0.0029936667966191655,0.01576685259983754,0.5244147479791663,0.01783085200001585,True,1,0.014299472960181676,64.09135853450566,0.039632436766947166,0.009068837508638865,60.07624418918546,0.023852647524744253,Unknown,0,0.7292758614637903,1.0-2.0%,0.8-1.2,0.5-1.0x
2025-05-29,INTC,20.25,20.600000381469727,20.100000381469727,20.540000915527344,66372200.0,20.3700008392334,46096500.0,45.737855276392615,0.7941607540637869,0.038986780625664144,64263720.0,0.7173020796181734,-0.01818785769852649,0.00834560968532307,0.2140625502129647,0.014118836543386701,True,1,0.014299472960181676,64.09135853450566,0.039632436766947166,0.009068837508638865,60.07624418918546,0.023852647524744253,Unknown,0,0.7319684632783314,0.5-1.0%,<0.8,<0.5x
2025-05-29,NVDA,139.1647491455078,143.46397204605128,137.88498259688382,142.22419152756274,369241900.0,134.78553771972656,304021100.0,66.63879688996212,4.631881271159658,0.034364823923403454,214471780.0,1.417534278868763,0.11942652903794482,0.055188812788684594,1.60596815254157,0.021511406387302347,True,1,0.014299472960181676,64.09135853450566,0.039632436766947166,0.009068837508638865,60.07624418918546,0.023852647524744253,Technology,1,0.7175631030284785,>2.0%,1.2-2.0,1.0-2.0x
2025-05-29,AMD,113.02999877929688,115.54000091552734,112.12999725341797,115.48999786376953,30501400.0,112.86000061035156,27483700.0,59.6742071343237,4.404349472635085,0.03902489322006185,43664185.0,0.6294334819257477,0.0623384375447229,0.023303183051522545,0.5971363693454742,0.021300537968443282,True,1,0.014299472960181676,64.09135853450566,0.039632436766947166,0.009068837508638865,60.07624418918546,0.023852647524744253,Technology,1,0.6702109950516274,>2.0%,<0.8,0.5-1.0x
2025-05-29,MSFT,457.0717468261719,460.10109634693043,453.71356774793736,459.93167902845283,13974800.0,455.7563781738281,17086300.0,68.47567532436136,8.868254989700946,0.019458323381529377,23232910.0,0.7354352080733753,0.03193253070014346,0.00916125600118804,0.4708142537030849,0.006218167464181206,True,1,0.014299472960181676,64.09135853450566,0.039632436766947166,0.009068837508638865,60.07624418918546,0.023852647524744253,Technology,1,0.6531499313263179,0.5-1.0%,<0.8,<0.5x
2025-05-29,BAC,43.51142883300781,43.727803180017155,43.17702802194861,43.63928520791694,28545100.0,43.33439254760742,35673800.0,62.39783840939879,1.0401421630168748,0.024002693977403015,38439195.0,0.9280579366971655,0.030853566498214358,0.007035812489457716,0.2931259506154384,0.0029298457639708,True,1,0.014299472960181676,64.09135853450566,0.039632436766947166,0.009068837508638865,60.07624418918546,0.023852647524744253,Unknown,0,0.7408648747473662,0.5-1.0%,0.8-1.2,<0.5x
2025-05-29,HD,361.6117858886719,363.63442940005166,357.4584779204807,363.2907699761529,3034800.0,361.3859558105469,2986100.0,50.88679482473833,7.677434619241085,0.021244418870737487,3230275.0,0.9244104604097174,0.0025430021846497564,0.005270858302541765,0.24810555349207303,0.0046215985272381795,True,1,0.014299472960181676,64.09135853450566,0.039632436766947166,0.009068837508638865,60.07624418918546,0.023852647524744253,Unknown,0,0.7324712639838055,0.5-1.0%,0.8-1.2,<0.5x
2025-05-29,TSLA,358.42999267578125,367.7099914550781,356.0,365.2900085449219,88087800.0,356.8999938964844,91404300.0,67.28798969225058,16.20518557113617,0.045405396044462636,105639165.0,0.8652501181735013,0.1306557711526437,0.023508026875648947,0.5177364129283009,0.018779642773330902,True,1,0.014299472960181676,64.09135853450566,0.039632436766947166,0.009068837508638865,60.07624418918546,0.023852647524744253,Consumer Cyclical,0,0.68258286084141,>2.0%,0.8-1.2,0.5-1.0x
2025-05-29,PFE,22.653337478637695,22.653337478637695,22.37318871979683,22.537413409536164,26091400.0,22.39250946044922,36737200.0,51.58829297834588,0.5611056588795462,0.025057739056473297,46665270.0,0.7872492755318892,0.014927624247430327,0.006471090225188112,0.2582471710877044,-0.005143627930811298,True,0,0.014299472960181676,64.09135853450566,0.039632436766947166,0.009068837508638865,60.07624418918546,0.023852647524744253,Unknown,0,0.7379525054819951,0.5-1.0%,<0.8,<0.5x
2025-05-29,GOOGL,171.38670349121094,173.93965089581198,170.1600951338123,173.5208093888165,29317300.0,171.8853302001953,34784000.0,61.609434833942,5.374840687018831,0.031269920945311266,44775905.0,0.7768463864661138,0.06020953340200319,0.00951494340276941,0.30428421675290857,0.01229884706694498,True,1,0.014299472960181676,64.09135853450566,0.039632436766947166,0.009068837508638865,60.07624418918546,0.023852647524744253,Unknown,0,0.7223764341067446,0.5-1.0%,<0.8,<0.5x
2025-05-29,CSCO,61.96536636352539,62.643498870913795,61.415002298484374,62.633668798852916,13982800.0,62.25037384033203,13814500.0,63.63771700560585,1.222813186640383,0.0196434673593578,20427735.0,0.6762619546415695,0.03165547765636578,0.006157311753725537,0.3134534062181391,0.010670018987292106,True,1,0.014299472960181676,64.09135853450566,0.039632436766947166,0.009068837508638865,60.07624418918546,0.023852647524744253,Unknown,0,0.7499447630326194,0.5-1.0%,<0.8,<0.5x
2025-05-29,AVGO,240.5286865234375,244.60427059518858,235.9859008328501,244.44522000837222,20743700.0,238.00379943847656,20443000.0,73.9223482686203,7.793622675832937,0.03274579100930517,18831370.0,1.0855821960908845,0.10715162537828982,0.02706436025430236,0.826498900167403,0.016022131603966636,True,1,0.014299472960181676,64.09135853450566,0.039632436766947166,0.009068837508638865,60.07624418918546,0.023852647524744253,Unknown,0,0.7471714386316809,>2.0%,0.8-1.2,0.5-1.0x
2025-05-29,META,643.5944213867188,651.8457794764735,638.0569572367845,650.1795649115138,8858800.0,642.1277465820312,9042900.0,62.563887854602626,19.007688197431516,0.0296011008691139,14829955.0,0.6097725852843113,0.04294292278126166,0.012539278005570415,0.4236085022991165,0.01012819208750626,True,1,0.014299472960181676,64.09135853450566,0.039632436766947166,0.009068837508638865,60.07624418918546,0.023852647524744253,Unknown,0,0.7112278375806091,1.0-2.0%,<0.8,<0.5x
2025-06-03,NVDA,141.19436645507812,141.97422364617418,137.9249557656252,138.75480693174418,225578800.0,137.35507202148438,197663100.0,65.29336250603724,4.9008774556492565,0.035680352996958764,226407530.0,0.8730411925787097,0.06353786514406345,0.010190631402682167,0.28560904101903845,-0.01758180186531484,True,0,0.0006688670190866923,66.01941529094346,0.02374276526454322,-0.0006242318753111139,62.636277864151715,0.015362316375118867,Technology,1,0.5005387985846522,1.0-2.0%,0.8-1.2,<0.5x
2025-06-05,XOM,100.01637268066406,101.21464523852133,99.91815521552263,101.14589226357111,13924800.0,100.4780044555664,15648500.0,41.36854909897727,2.1332910893140116,0.021231423741674728,15401270.0,1.0160525722878697,-0.01743550799041471,0.006647104623779245,0.31307860954853345,0.01116723138853421,True,1,0.0026664809614546253,68.84244543304962,0.026850759953219505,0.0028526644853192054,64.3537857517201,0.017682461602094968,Unknown,0,0.5231266776474773,0.5-1.0%,0.8-1.2,<0.5x
2025-06-05,CVX,133.89736938476562,135.25688194881357,133.70175896512706,135.11995316265472,6342600.0,134.35707092285156,8735600.0,47.83476259328158,2.8934984517696862,0.021535885174447916,8173365.0,1.0687886812836573,0.0017437471410943761,0.0056780207737723905,0.2636539305340139,0.009048136483716634,True,1,0.0026664809614546253,68.84244543304962,0.026850759953219505,0.0028526644853192054,64.3537857517201,0.017682461602094968,Unknown,0,0.5217778376202192,0.5-1.0%,0.8-1.2,<0.5x
2025-06-05,AVGO,258.3817138671875,263.3121913581494,257.51690089535253,261.3837445846279,41970900.0,259.52484130859375,31536000.0,82.71677243405613,8.007522708187352,0.030854551987437032,20486165.0,1.5393803574265852,0.11814167564091593,0.007162718091497727,0.23214461497979788,0.011485146952083806,True,1,0.0026664809614546253,68.84244543304962,0.026850759953219505,0.0028526644853192054,64.3537857517201,0.017682461602094968,Unknown,0,0.619271326468527,0.5-1.0%,1.2-2.0,<0.5x
2025-06-06,AMD,116.19000244140625,118.37999725341797,115.87999725341797,117.69000244140625,27042100.0,115.69000244140625,34091000.0,59.581123185942204,4.293294125030302,0.03711032962597382,40247090.0,0.8470426060617053,0.03704881138543081,0.01728757850975882,0.46584276356465193,0.012745347683604627,True,1,0.00992787068388431,64.48359938036539,0.022904417973460767,0.00945959615115686,61.30846619242952,0.01692373854012219,Technology,1,0.5005387985846522,1.0-2.0%,0.8-1.2,<0.5x
2025-06-06,PFE,22.55673599243164,22.778921811183153,22.460132901763377,22.47945388840717,30426200.0,22.334548950195312,33173600.0,49.6312471632457,0.48146673574912574,0.021557038685794252,42477300.0,0.7809724252718511,0.007512029867625891,0.00648792767362296,0.30096562743093286,-0.003437899532974167,True,0,0.00992787068388431,64.48359938036539,0.022904417973460767,0.00945959615115686,61.30846619242952,0.01692373854012219,Unknown,0,0.5973995513478787,0.5-1.0%,<0.8,<0.5x
2025-06-06,HD,362.9105529785156,368.16655404147855,361.566929931065,367.04028532822304,2349700.0,364.83709716796875,2324100.0,54.009216772966255,6.746934012204681,0.018493004315014695,3280735.0,0.7084083292311022,0.005550963559400435,0.006038827129577646,0.3265465700818903,0.01125144163947679,True,1,0.00992787068388431,64.48359938036539,0.022904417973460767,0.00945959615115686,61.30846619242952,0.01692373854012219,Unknown,0,0.6320576544429681,0.5-1.0%,<0.8,<0.5x
2025-06-06,GOOGL,173.20167541503906,174.0194244269959,170.35953348712204,170.35953348712204,35731800.0,167.74676513671875,36379100.0,54.327851808809214,4.735788602263945,0.0282317730443513,43172200.0,0.8426510578566763,0.024209752273714136,0.015575670554802053,0.5517071326102376,-0.016683198584433036,True,0,0.00992787068388431,64.48359938036539,0.022904417973460767,0.00945959615115686,61.30846619242952,0.01692373854012219,Unknown,0,0.6194757856003458,1.0-2.0%,0.8-1.2,0.5-1.0x
2025-06-06,AAPL,203.49156188964844,205.26782088834017,201.62549563553227,202.57349663849442,46607700.0,200.20848083496094,55126100.0,45.56980588289795,5.279307131626784,0.02636904845194199,51455760.0,1.0713300124223217,-0.005935039076484516,0.011812765341759167,0.44797844576333956,-0.004532010684459705,True,0,0.00992787068388431,64.48359938036539,0.022904417973460767,0.00945959615115686,61.30846619242952,0.01692373854012219,Unknown,0,0.5846972227034071,1.0-2.0%,0.8-1.2,<0.5x
2025-06-06,TSLA,295.1400146484375,305.5,291.1400146484375,298.8299865722656,164747700.0,284.70001220703125,287499800.0,37.55470592229331,18.97992255653261,0.06666639179042459,115297705.0,2.4935431282001668,-0.11053503554962762,0.04963109855773096,0.7444695479208394,0.012348064416673875,True,1,0.00992787068388431,64.48359938036539,0.022904417973460767,0.00945959615115686,61.30846619242952,0.01692373854012219,Consumer Cyclical,0,0.588684164527035,>2.0%,>2.0,0.5-1.0x
2025-06-06,MRK,76.76626586914062,77.2717514957792,76.02747233806382,76.11496465635035,9863100.0,75.45393371582031,13983700.0,47.60806602055105,1.9912999505090598,0.026390936197028876,15067070.0,0.9280968363457527,0.01718705876697646,0.008760722045581601,0.3319595023145823,-0.008556808976143089,True,0,0.00992787068388431,64.48359938036539,0.022904417973460767,0.00945959615115686,61.30846619242952,0.01692373854012219,Unknown,0,0.6109888680109983,0.5-1.0%,0.8-1.2,<0.5x
2025-06-06,CSCO,64.923583984375,65.02186970796723,64.10786796485455,64.19631611830998,20943800.0,63.50836181640625,17025200.0,68.69271643092556,1.0803708502085818,0.01701147406906483,20671850.0,0.8235934374523809,0.03262933059920936,0.010832499567419314,0.6367760679315904,-0.01132880996979186,True,0,0.00992787068388431,64.48359938036539,0.022904417973460767,0.00945959615115686,61.30846619242952,0.01692373854012219,Unknown,0,0.6320879585323509,1.0-2.0%,0.8-1.2,0.5-1.0x
2025-06-06,CRM,273.1580505371094,273.5461139997748,266.8890597577699,268.640401491774,7507000.0,265.8243408203125,8642900.0,44.22327075118048,7.281235477322024,0.027391154078865457,8321515.0,1.0386209722628632,-0.02756620925251818,0.010593690038960983,0.3867558850736739,-0.016816714910522106,True,0,0.00992787068388431,64.48359938036539,0.022904417973460767,0.00945959615115686,61.30846619242952,0.01692373854012219,Unknown,0,0.5871482977629449,1.0-2.0%,0.8-1.2,<0.5x
2025-06-06,V,368.839111328125,369.61620077668067,366.17905682898237,367.63363304079826,5008500.0,365.4019775390625,6881900.0,64.08051149473003,5.908997825262935,0.016171225632273013,5418040.0,1.270182575248614,0.020299606878840804,0.006107398533433466,0.3776707265307642,-0.0032790206852292077,True,0,0.00992787068388431,64.48359938036539,0.022904417973460767,0.00945959615115686,61.30846619242952,0.01692373854012219,Financial Services,0,0.6085039154136319,0.5-1.0%,1.2-2.0,<0.5x
2025-06-06,INTC,20.059999465942383,20.440000534057617,20.030000686645508,20.170000076293945,70072800.0,19.989999771118164,72458400.0,44.47308761166836,0.7546420846881593,0.037750980156511904,69853355.0,1.0372930548575656,-0.030265141956642982,0.009004517620647913,0.23852407495953895,0.005453674265517113,True,1,0.00992787068388431,64.48359938036539,0.022904417973460767,0.00945959615115686,61.30846619242952,0.01692373854012219,Unknown,0,0.5823604910017507,0.5-1.0%,0.8-1.2,<0.5x
2025-06-06,DIS,112.65414428710938,112.97064377182946,111.97168920764236,112.12004999177991,5790700.0,111.29912567138672,8547200.0,65.7071111323294,2.345696267366329,0.021075603722998257,10328290.0,0.8275522860028136,0.013233012432693814,0.007375837999096124,0.34997042533341116,-0.004763593089448536,True,0,0.00992787068388431,64.48359938036539,0.022904417973460767,0.00945959615115686,61.30846619242952,0.01692373854012219,Unknown,0,0.6306234193254834,0.5-1.0%,0.8-1.2,<0.5x
2025-06-06,NFLX,124.14700317382812,126.0,123.55500030517578,125.94100189208984,25570000.0,125.052001953125,28172000.0,73.33853133712174,2.6569141753087764,0.02124647453708662,32249850.0,0.8735544506408557,0.05568719362649177,0.007109042039151681,0.3345986660865805,0.014244755014724057,True,1,0.00992787068388431,64.48359938036539,0.022904417973460767,0.00945959615115686,61.30846619242952,0.01692373854012219,Unknown,0,0.6130679813634899,0.5-1.0%,0.8-1.2,<0.5x
2025-06-06,ABBV,186.85740661621094,187.50707511681347,185.3513664683537,185.5383936142709,3607800.0,184.5343475341797,4417900.0,52.43776060731137,4.543214676096833,0.024619886415754296,6878850.0,0.6422439797349848,0.01830075675554288,0.005440971252819096,0.22099903959497602,-0.007109110822001838,True,0,0.00992787068388431,64.48359938036539,0.022904417973460767,0.00945959615115686,61.30846619242952,0.01692373854012219,Unknown,0,0.6245354723812448,0.5-1.0%,<0.8,<0.5x
2025-06-06,XOM,102.41291046142578,102.63881737576185,100.85123253077616,100.92980950041586,15487800.0,100.01637268066406,13924800.0,39.99783564054226,2.073519584577203,0.020731801494117495,15480900.0,0.899482588221615,-0.017898515349743183,0.009132872901402342,0.4405248093849312,-0.014694379870040413,True,0,0.00992787068388431,64.48359938036539,0.022904417973460767,0.00945959615115686,61.30846619242952,0.01692373854012219,Unknown,0,0.5975751637859632,0.5-1.0%,0.8-1.2,<0.5x
2025-06-06,BAC,44.490047454833984,44.687909884822545,44.16356765218177,44.21303325967891,37013000.0,43.64912033081055,32020900.0,62.31065068275772,0.9054956674319332,0.020744877802102515,38845415.0,0.8243160743681075,0.019890023160321846,0.012919227801031158,0.6227671198777455,-0.006265441991461486,True,0,0.00992787068388431,64.48359938036539,0.022904417973460767,0.00945959615115686,61.30846619242952,0.01692373854012219,Unknown,0,0.6279974485507123,1.0-2.0%,0.8-1.2,0.5-1.0x
2025-06-06,AMZN,213.57000732421875,213.8699951171875,210.5,212.39999389648438,39832500.0,207.91000366210938,51864200.0,60.610651580896906,5.488753487829241,0.026399660387431086,41032260.0,1.2639859466673296,0.033357873874722443,0.021595835483087338,0.8180345946180863,-0.005508537953652648,True,0,0.00992787068388431,64.48359938036539,0.022904417973460767,0.00945959615115686,61.30846619242952,0.01692373854012219,Consumer Cyclical,0,0.6221304573259444,>2.0%,1.2-2.0,0.5-1.0x
2025-06-06,JPM,261.9946594238281,262.90171018684686,260.5453219261883,260.61431507286125,7738100.0,258.2677917480469,8173800.0,55.94057738295627,4.758196470979435,0.01842349926320388,7791120.0,1.0491174567969688,0.0034563858242588896,0.009085621203218097,0.49315393744793357,-0.005296502421906371,True,0,0.00992787068388431,64.48359938036539,0.022904417973460767,0.00945959615115686,61.30846619242952,0.01692373854012219,Unknown,0,0.6113310779736602,0.5-1.0%,0.8-1.2,<0.5x
2025-06-06,CVX,137.13478088378906,137.52600171484698,135.0612686916514,135.0612686916514,6563500.0,133.89736938476562,6342600.0,46.760135264239885,2.79790020404946,0.02089585640782421,8069390.0,0.7860073685867209,0.0007828795250144349,0.008692473289308743,0.4159902862872827,-0.015352382013170197,True,0,0.00992787068388431,64.48359938036539,0.022904417973460767,0.00945959615115686,61.30846619242952,0.01692373854012219,Unknown,0,0.5965587655423908,0.5-1.0%,<0.8,<0.5x
2025-06-06,META,696.1356201171875,701.2240874679378,690.3087714429512,694.5990561951916,11728000.0,683.0750732421875,13083100.0,70.62159150000396,18.379314920865127,0.026906727592369124,12669770.0,1.0326233230753201,0.07159788667588707,0.016870741452042683,0.6270082972418878,-0.0022121595304387225,True,0,0.00992787068388431,64.48359938036539,0.022904417973460767,0.00945959615115686,61.30846619242952,0.01692373854012219,Unknown,0,0.6113393924993192,1.0-2.0%,0.8-1.2,0.5-1.0x
2025-06-09,AMZN,216.97999572753906,217.85000610351562,212.8800048828125,214.75,38102500.0,213.57000732421875,39832500.0,66.41343674288503,5.522413342632733,0.025857625852160063,40971705.0,0.9721953235775763,0.03901318871456527,0.0055250860856595535,0.21367337114586665,-0.010384147741741852,True,0,0.0004151620938437377,67.35289288074155,0.019035573084526414,0.0009680200321117316,65.07235787444887,0.015631045602964466,Consumer Cyclical,0,0.5044866382990384,0.5-1.0%,0.8-1.2,<0.5x
2025-06-09,AMD,121.7300033569336,122.37000274658203,119.04000091552734,119.18000030517578,55437700.0,116.19000244140625,27042100.0,60.22299617204777,4.178772745528975,0.03596499404186086,38887625.0,0.6953908859180781,0.04335646445891861,0.025733693097023256,0.715520571672303,-0.021396232968855514,True,0,0.0004151620938437377,67.35289288074155,0.019035573084526414,0.0009680200321117316,65.07235787444887,0.015631045602964466,Technology,1,0.5048606757022588,>2.0%,<0.8,0.5-1.0x
2025-06-10,XOM,105.31037139892578,105.73271323183158,104.04334590020841,104.19067584071267,17634800.0,103.1004409790039,17087300.0,51.70769407285404,2.103535029977808,0.020402774323789622,15600225.0,1.0953239456482198,0.014769538189793208,0.010574492711731354,0.5182870007732969,-0.010746600395652553,True,0,0.0008855514359367407,67.7791218158662,0.01867739366546939,0.0009004375596987958,65.39382255824803,0.015000389870256425,Unknown,0,0.5076768626784549,1.0-2.0%,0.8-1.2,0.5-1.0x
2025-06-11,XOM,107.36314392089844,107.44172088817773,104.56390502980446,105.84075452080062,22648200.0,105.31037139892578,17634800.0,58.34895142418209,2.1413019744670843,0.020333248720162872,15769735.0,1.1182686329224936,0.030624165985170926,0.005036380698589431,0.24769188475008674,-0.014383773122088153,True,0,0.0026393542488898267,69.69641875100572,0.024944255215245237,0.0018405990550719746,67.42663769718429,0.01997103798850075,Unknown,0,0.5650733358052665,0.5-1.0%,0.8-1.2,<0.5x
2025-06-11,CVX,141.6045379638672,141.93707715949049,139.48213438128144,141.02748202014715,9256700.0,140.20591735839844,9841500.0,60.72273897573466,2.914598067453512,0.02078798186529554,8114455.0,1.2128356124964645,0.04007553040241052,0.005859700340953528,0.2818792309385258,-0.004091797821630272,True,0,0.0026393542488898267,69.69641875100572,0.024944255215245237,0.0018405990550719746,67.42663769718429,0.01997103798850075,Unknown,0,0.5124500262225339,0.5-1.0%,1.2-2.0,<0.5x
2025-06-11,GOOGL,177.07569885253906,180.09101684926247,176.47662077845203,179.49195401036374,31646800.0,178.3237762451172,61766100.0,66.60744846533173,4.8189091770014745,0.02702336883208206,42790250.0,1.4434620036106356,0.05779968566808669,0.00655088059396421,0.2424153936790821,0.013461634930361092,True,1,0.0026393542488898267,69.69641875100572,0.024944255215245237,0.0018405990550719746,67.42663769718429,0.01997103798850075,Unknown,0,0.5476612321879731,0.5-1.0%,1.2-2.0,<0.5x
2025-06-11,TSLA,326.42999267578125,335.5,322.5,334.3999938964844,122611400.0,326.0899963378906,151256500.0,52.32838880127906,19.708252273697656,0.060438076896036384,121005665.0,1.2499951965058826,-0.006829548658578655,0.025483754950835807,0.4216506589822859,0.023833736142860964,True,1,0.0026393542488898267,69.69641875100572,0.024944255215245237,0.0018405990550719746,67.42663769718429,0.01997103798850075,Consumer Cyclical,0,0.5662871009459971,>2.0%,1.2-2.0,<0.5x
2025-06-11,AVGO,251.40353393554688,253.25245536923356,242.34779745049576,244.89254626935502,24599000.0,243.1728515625,25491300.0,61.973517238111654,7.941589856892034,0.032658209195079065,23311240.0,1.0935196926461226,0.02382315399139001,0.007071902540950502,0.21654287590319238,-0.026587120618324078,True,0,0.0026393542488898267,69.69641875100572,0.024944255215245237,0.0018405990550719746,67.42663769718429,0.01997103798850075,Unknown,0,0.6047383104207067,0.5-1.0%,0.8-1.2,<0.5x
2025-06-13,XOM,110.12310028076172,110.52579411878651,108.70874486357586,110.34899969163828,28540200.0,107.77566528320312,17469400.0,64.31971506743916,2.1754104341223335,0.02018461615064947,16333330.0,1.0695553203174124,0.07065255771034007,0.023876766630697047,1.182919033609107,0.0020471360094592903,True,1,-0.011205490385496102,68.2346709383293,0.007802863811531502,-0.008695632235880093,66.8729609550368,0.008546101138658502,Unknown,0,0.5160204419203286,>2.0%,0.8-1.2,1.0-2.0x
2025-06-16,V,354.15411376953125,358.87642441668567,353.0083788066973,355.1603259177902,7234700.0,351.5339050292969,14181700.0,42.52343024273243,7.260469891958887,0.020653683152849222,5721430.0,2.478698507191384,-0.0204636936286845,0.010315991819312854,0.49947468172957515,0.0028331209170358277,True,1,0.006717712227302994,60.16337986327826,0.012389183448532792,0.005695126542794523,58.925251685847165,0.01134732288537288,Financial Services,0,0.5173892203138464,1.0-2.0%,>2.0,<0.5x
2025-06-20,AVGO,249.08583068847656,252.60306201352853,243.2868734217402,252.29418566768663,42134900.0,249.76333618164062,30435500.0,61.41312731201017,7.7511997524074845,0.03103417767758522,24274650.0,1.2537976860634448,0.02651649543515333,0.010132990392975235,0.32651067794504185,0.012716721832963712,True,1,0.006181737299863301,59.3735077946077,0.012001223389267679,0.004534228306649283,57.36985823496056,0.00864446135874819,Unknown,0,0.5716835534096747,1.0-2.0%,1.2-2.0,<0.5x
2025-06-20,INTC,21.079999923706055,21.889999389648438,20.8799991607666,21.700000762939453,133472800.0,21.489999771118164,94200600.0,56.045733062280405,0.8675216879701957,0.04036862248533458,84542685.0,1.114237145413586,0.057170044980078494,0.009772033227451371,0.2420700193820443,0.02857146624124883,True,1,0.006181737299863301,59.3735077946077,0.012001223389267679,0.004534228306649283,57.36985823496056,0.00864446135874819,Unknown,0,0.5930400440299997,0.5-1.0%,0.8-1.2,<0.5x
2025-06-20,BAC,45.0143928527832,45.16279345969375,44.786848023108774,44.82642202148282,64591600.0,44.57908630371094,37684700.0,62.944043960776334,0.8445390283217433,0.01894473616098858,36567190.0,1.0305604559715964,0.023459212786683947,0.0055482455626573324,0.2928647575510923,-0.004193304368800596,True,0,0.006181737299863301,59.3735077946077,0.012001223389267679,0.004534228306649283,57.36985823496056,0.00864446135874819,Unknown,0,0.5954799532274464,0.5-1.0%,0.8-1.2,<0.5x
2025-06-20,TSLA,322.1600036621094,332.3599853515625,317.7799987792969,327.95001220703125,108688000.0,322.04998779296875,95137700.0,50.657366834595855,17.595097926627176,0.05463467968810563,117790460.0,0.8076859535144018,-0.006950848564261203,0.018320213127458202,0.33532205610142246,0.01765515575363573,True,1,0.006181737299863301,59.3735077946077,0.012001223389267679,0.004534228306649283,57.36985823496056,0.00864446135874819,Consumer Cyclical,0,0.5773636730303341,1.0-2.0%,0.8-1.2,<0.5x
2025-06-20,JPM,271.13433837890625,273.40199535536493,269.96106374392457,271.6963331378996,13969700.0,270.10894775390625,9586400.0,67.1831555812202,4.788165282041284,0.01772679254744177,7322660.0,1.309141759961544,0.034528716877898935,0.0058768337635360995,0.33152267945868247,0.0020684664842647096,True,1,0.006181737299863301,59.3735077946077,0.012001223389267679,0.004534228306649283,57.36985823496056,0.00864446135874819,Unknown,0,0.5564942846904661,0.5-1.0%,1.2-2.0,<0.5x
2025-06-20,PFE,23.155670166015625,23.27159423495732,22.962465841180226,23.184651643888692,63098100.0,23.068727493286133,37076200.0,52.90467072289432,0.45485819477662004,0.01971752429383029,37599390.0,0.9860851465941336,0.01016477036515906,0.005025164506204243,0.25485778190605,0.0012500286102295859,True,0,0.006181737299863301,59.3735077946077,0.012001223389267679,0.004534228306649283,57.36985823496056,0.00864446135874819,Unknown,0,0.5549584816035791,0.5-1.0%,0.8-1.2,<0.5x
2025-06-20,META,681.3341064453125,700.7751515856344,677.6595924698036,699.7067372671455,22538600.0,694.7340698242188,10068300.0,64.60110205493879,15.867495465354743,0.02283966794570695,11082505.0,0.9084859424832201,0.03779765140418245,0.007157655941913062,0.3133870404301761,0.026257616002943258,True,1,0.006181737299863301,59.3735077946077,0.012001223389267679,0.004534228306649283,57.36985823496056,0.00864446135874819,Unknown,0,0.5837530634264548,0.5-1.0%,0.8-1.2,<0.5x
2025-06-20,AMZN,209.69000244140625,214.88999938964844,208.27000427246094,214.67999267578125,75350700.0,212.52000427246094,44360500.0,57.85939032900904,4.997160480594548,0.023513835780785825,36193490.0,1.2256485903956762,0.022806816253464035,0.010163694522380598,0.4322431532283556,0.023243853198332706,True,1,0.006181737299863301,59.3735077946077,0.012001223389267679,0.004534228306649283,57.36985823496056,0.00864446135874819,Consumer Cyclical,0,0.5683597494094778,1.0-2.0%,1.2-2.0,<0.5x
2025-06-20,AAPL,200.5777130126953,201.27623931614946,196.44641147314488,197.82351706190548,96813500.0,196.1669921875,45394700.0,42.356628979772786,4.553319188120128,0.023211444174909824,52326165.0,0.867533479665479,-0.00826191148920552,0.008444462832065755,0.36380600743463054,-0.013922490064353456,True,0,0.006181737299863301,59.3735077946077,0.012001223389267679,0.004534228306649283,57.36985823496056,0.00864446135874819,Unknown,0,0.5552617283696349,0.5-1.0%,0.8-1.2,<0.5x
2025-06-20,NFLX,123.14099884033203,124.8499984741211,122.43499755859375,123.44499969482422,53482000.0,122.22899627685547,22810000.0,59.9137240672162,2.4700510758528837,0.02020838877100881,26005400.0,0.8771255200842902,0.014670365280178954,0.009948567484056195,0.4922988961063796,0.002462642109795668,True,1,0.006181737299863301,59.3735077946077,0.012001223389267679,0.004534228306649283,57.36985823496056,0.00864446135874819,Unknown,0,0.5644417266873836,0.5-1.0%,0.8-1.2,<0.5x
2025-06-20,AMD,128.24000549316406,132.80999755859375,127.55000305175781,129.0,79931000.0,126.79000091552734,49627100.0,65.93141224996093,4.639787249505814,0.03659426781294078,42505130.0,1.1675555397666117,0.09107055942112297,0.017430389372305847,0.4763147458340993,0.005891430285549903,True,1,0.006181737299863301,59.3735077946077,0.012001223389267679,0.004534228306649283,57.36985823496056,0.00864446135874819,Technology,1,0.5133714125786739,1.0-2.0%,0.8-1.2,<0.5x
2025-06-20,CSCO,65.17911529541016,65.50344019729475,64.58943842716884,65.34618903341803,50421700.0,64.70736694335938,22664200.0,62.9769494464066,1.1253661506022588,0.017391623299821968,17063055.0,1.3282615569134602,0.030429377762178023,0.009872478517289021,0.5676571040605556,0.0025567479983022493,True,1,0.006181737299863301,59.3735077946077,0.012001223389267679,0.004534228306649283,57.36985823496056,0.00864446135874819,Unknown,0,0.5466990050955051,0.5-1.0%,1.2-2.0,0.5-1.0x
2025-06-23,TSLA,348.67999267578125,357.5400085449219,327.4800109863281,327.5400085449219,190716800.0,322.1600036621094,108688000.0,50.69995415113262,17.379732829887065,0.0539475187246255,118107120.0,0.9202493465254254,-0.005287246134508594,0.0166997914752174,0.3095562478130143,-0.06454168522731794,True,0,0.001085096693761024,57.029701889696895,0.0020045811742925856,0.0012788199834867717,55.842361287707774,0.0022062341435569177,Consumer Cyclical,0,0.6308956442640745,1.0-2.0%,0.8-1.2,<0.5x
2025-06-23,NFLX,125.35399627685547,125.48400115966797,121.5009994506836,123.8030014038086,26673000.0,123.14099884033203,53482000.0,62.18470164714126,2.4808332988109365,0.020146282084552946,27191200.0,1.9668863455823944,0.01565032537148503,0.00537597201347159,0.26684685496355615,-0.0125279262655999,True,0,0.001085096693761024,57.029701889696895,0.0020045811742925856,0.0012788199834867717,55.842361287707774,0.0022062341435569177,Unknown,0,0.549023013342795,0.5-1.0%,1.2-2.0,<0.5x
2025-06-23,CVX,143.638916015625,148.81288372767807,143.11076641768497,148.7835429124657,10540600.0,146.26992797851562,23705900.0,70.03743922584219,2.8046352086980253,0.019174380185036907,9682490.0,2.4483268250212498,0.07074723964328844,0.01718476906831642,0.8962359618657652,0.03457792976382775,True,1,0.001085096693761024,57.029701889696895,0.0020045811742925856,0.0012788199834867717,55.842361287707774,0.0022062341435569177,Unknown,0,0.5987229299685979,1.0-2.0%,>2.0,0.5-1.0x
2025-06-23,XOM,109.74986267089844,114.8670695347602,109.1801984038584,114.6215221372994,26631100.0,112.65714263916016,36273300.0,71.725423828904,2.190421888095069,0.019443257984191657,18844595.0,1.9248649281133396,0.08896473112702497,0.017436794970303197,0.8968041767732643,0.04250213551138711,True,1,0.001085096693761024,57.029701889696895,0.0020045811742925856,0.0012788199834867717,55.842361287707774,0.0022062341435569177,Unknown,0,0.5378838672927384,1.0-2.0%,1.2-2.0,0.5-1.0x
2025-06-24,JPM,277.30633544921875,278.7359347339012,275.58093521389725,276.2710772548705,9267900.0,274.3583679199219,8094600.0,71.47761524307191,4.810330126116911,0.017533017719076543,7726970.0,1.047577510977783,0.04478380166646723,0.006971572798927249,0.3976253780512599,-0.0037472550678665814,True,0,0.009856024223638892,61.169839501986246,0.017976243231156763,0.0069648593961406215,60.584369914533184,0.015114367834187625,Unknown,0,0.5079594028986938,0.5-1.0%,0.8-1.2,<0.5x
2025-06-24,CSCO,66.72210693359375,66.86952802565257,66.20122557338104,66.61399863262716,23162700.0,66.22087097167969,34030000.0,68.9654224980936,1.1208194441263155,0.016925471194808812,19723790.0,1.725327637335421,0.043531850429216146,0.005936612659709618,0.35075021495002323,-0.0016229066440344403,True,0,0.009856024223638892,61.169839501986246,0.017976243231156763,0.0069648593961406215,60.584369914533184,0.015114367834187625,Unknown,0,0.5319302852478636,0.5-1.0%,1.2-2.0,<0.5x
2025-06-24,TSLA,340.4700012207031,356.260009765625,340.44000244140625,356.1700134277344,114736200.0,348.67999267578125,190716800.0,59.72409645211272,18.665466547953166,0.053531796891223345,122787290.0,1.5532291656571295,0.07545912493278473,0.021481074077335124,0.40127691063658266,0.044080106733119816,True,1,0.009856024223638892,61.169839501986246,0.017976243231156763,0.0069648593961406215,60.584369914533184,0.015114367834187625,Consumer Cyclical,0,0.5421348420017365,>2.0%,1.2-2.0,<0.5x
2025-06-24,NFLX,127.91100311279297,128.2570037841797,125.5,126.05500030517578,26633000.0,125.35399627685547,26673000.0,67.06106661084773,2.5881310423947537,0.020646577845660666,27594050.0,0.9666214274454095,0.03029334877977985,0.005592195296048501,0.270853375210741,-0.014723753941722695,True,0,0.009856024223638892,61.169839501986246,0.017976243231156763,0.0069648593961406215,60.584369914533184,0.015114367834187625,Unknown,0,0.5022435623565861,0.5-1.0%,0.8-1.2,<0.5x
2025-06-24,BAC,46.162010192871094,46.68635243745146,46.07297058775518,46.25104979798701,45437600.0,45.80585479736328,42683600.0,70.34539564886936,0.8559540802733726,0.018686564939350152,37699935.0,1.1321929334891425,0.04742490860683923,0.009719172420058268,0.5201155189090769,0.0019251369537516886,True,0,0.009856024223638892,61.169839501986246,0.017976243231156763,0.0069648593961406215,60.584369914533184,0.015114367834187625,Unknown,0,0.5048571703459006,0.5-1.0%,0.8-1.2,0.5-1.0x
2025-06-25,AAPL,201.1365203857422,203.24208788881052,200.19849288768373,201.02675088646447,39525700.0,199.87918090820312,54064000.0,48.530677831124926,4.412322911963587,0.022074949936832084,53441400.0,1.0116501438959309,0.00549035728079228,0.005741318195557244,0.26008295429824946,-0.0005460442393545586,True,0,0.004223797559249988,66.4069127139937,0.02541506839112362,0.0018622743224045502,65.13807070884893,0.0193340788076517,Unknown,0,0.5234486990771564,0.5-1.0%,0.8-1.2,<0.5x
2025-06-25,GOOGL,170.416015625,172.09342522608725,167.29086690480466,167.37074500344593,35479000.0,166.51206970214844,40524300.0,45.531380497513986,4.51094565518136,0.027090802866425227,38166225.0,1.061784339425762,-0.02374506325368908,0.005156835194190227,0.19035372335093506,-0.018194760509020674,True,0,0.004223797559249988,66.4069127139937,0.02541506839112362,0.0018622743224045502,65.13807070884893,0.0193340788076517,Unknown,0,0.5180116062090734,0.5-1.0%,0.8-1.2,<0.5x
2025-06-26,GOOGL,173.27157592773438,173.42135306121023,169.67715325213413,172.16329217484034,31796700.0,170.416015625,35479000.0,51.595060132830596,4.5874035029497495,0.026918851999475912,38040390.0,0.9326665683501142,0.003236991656632382,0.010253006699119252,0.3808857338834089,-0.006437398698025139,True,0,0.004046929442083298,67.21514316399467,0.025515572644562834,0.003080089246044378,65.35910178019864,0.01924775395948619,Unknown,0,0.5093944664340282,1.0-2.0%,0.8-1.2,<0.5x
2025-06-30,JPM,285.83477783203125,288.5362523931413,284.8587037568908,286.3178803397518,12689200.0,283.0740966796875,17868600.0,75.61131342246951,4.642441848897097,0.016400094192123318,8632495.0,2.069923006037073,0.06408711504851072,0.011459132778704273,0.6987235953930007,0.0016872942309690833,True,0,0.005783589703856687,71.05926765975296,0.03416518031088578,0.004016969469371086,70.16617903423911,0.028195633092639394,Unknown,0,0.52259090511835,1.0-2.0%,>2.0,0.5-1.0x
2025-06-30,INTC,22.399999618530273,22.969999313354492,22.270000457763672,22.969999313354492,77102400.0,22.690000534057617,95542400.0,61.87796410304756,0.8726985495358033,0.038461812648522664,94537070.0,1.0106342411500588,0.08684848886808094,0.012340183900683376,0.32084249417603483,0.024814963511680537,True,1,0.005783589703856687,71.05926765975296,0.03416518031088578,0.004016969469371086,70.16617903423911,0.028195633092639394,Unknown,0,0.5739701870088332,1.0-2.0%,0.8-1.2,<0.5x
2025-06-30,BAC,46.81496810913086,47.11176554797973,46.52806228285047,47.11176554797973,47921200.0,46.617103576660156,56705000.0,71.41855915787791,0.8200208176911029,0.01759055700109313,39719235.0,1.4276458244978787,0.05120218026407608,0.010611169149668837,0.6032309920038023,0.006299858122417518,True,1,0.005783589703856687,71.05926765975296,0.03416518031088578,0.004016969469371086,70.16617903423911,0.028195633092639394,Unknown,0,0.5356714095189113,1.0-2.0%,1.2-2.0,0.5-1.0x
2025-07-03,NFLX,129.71800231933594,130.2259979248047,127.97599792480469,129.1999969482422,20062000.0,128.48599243164062,30488000.0,60.761256780714426,2.8396507978854295,0.02210085896636733,29190800.0,1.0444386587554984,0.028902833819957063,0.0055570611479803115,0.25144095785765347,-0.004009329592331679,True,0,0.004321103401765199,69.13260530694244,0.030628611986890153,0.003223456977798997,73.17867416953538,0.02964708261004967,Unknown,0,0.5151945255423077,0.5-1.0%,0.8-1.2,<0.5x
2025-07-03,INTC,22.489999771118164,22.6299991607666,21.989999771118164,22.149999618530273,61176000.0,21.8799991607666,138245300.0,53.40447677732458,0.8952107697634536,0.040914570571312966,96130735.0,1.4380967751884972,0.03330844152594126,0.012340057957946099,0.30160546195731713,-0.015349894286384226,True,0,0.004321103401765199,69.13260530694244,0.030628611986890153,0.003223456977798997,73.17867416953538,0.02964708261004967,Unknown,0,0.5678610870750789,1.0-2.0%,1.2-2.0,<0.5x
2025-07-08,AMD,137.82000732421875,139.14999389648438,135.91000366210938,137.32000732421875,36124600.0,134.8000030517578,37395000.0,59.349813034088804,4.984385055289359,0.036976149424681796,54997700.0,0.6799375246601221,0.042375992592987854,0.018694393289393003,0.5055797745374315,-0.003641130012609724,True,0,0.0024454092572036633,66.79865528760321,0.025753088149320424,0.0010794570359033244,68.88246333604658,0.023068283358824937,Technology,1,0.5005387985846522,1.0-2.0%,<0.8,0.5-1.0x
2025-07-09,GOOGL,176.34681701660156,179.1624626362242,172.50278095171484,174.97894087050608,43025600.0,174.09031677246094,40442500.0,52.454576796375704,4.482231658271049,0.02574658798587519,41300735.0,0.9792198613414507,0.004197265256195903,0.005104385554117803,0.19825483504525399,-0.007817375847004274,True,0,0.00387439787055322,66.99013628440647,0.025574028784252523,0.003917152515282337,68.39177887199602,0.023397154234568784,Unknown,0,0.611298429570963,0.5-1.0%,0.8-1.2,<0.5x
2025-07-09,AMZN,222.5399932861328,224.2899932861328,220.47000122070312,221.07000732421875,38155100.0,219.36000061035156,45692000.0,57.89383609224602,4.698637295793732,0.021419754206419363,43445135.0,1.0517172981508747,0.02110620755381687,0.007795435398929756,0.36393673446511887,-0.006649413820112639,True,0,0.00387439787055322,66.99013628440647,0.025574028784252523,0.003917152515282337,68.39177887199602,0.023397154234568784,Consumer Cyclical,0,0.6295796261695912,0.5-1.0%,0.8-1.2,<0.5x
2025-07-09,JPM,280.524658203125,284.52706674085863,279.8509941598734,284.50723352964,11273800.0,280.1481628417969,15440900.0,57.6958298539593,5.229638776953386,0.01866740343361319,9391470.0,1.6441409065886383,0.028003371926079046,0.0155598760442515,0.8335318888664417,0.01399815139005987,True,1,0.00387439787055322,66.99013628440647,0.025574028784252523,0.003917152515282337,68.39177887199602,0.023397154234568784,Unknown,0,0.5580491353304486,1.0-2.0%,1.2-2.0,0.5-1.0x
2025-07-09,MRK,82.18872833251953,82.94473923511563,80.40180368648973,80.88289676675879,18394600.0,79.8912582397461,12752900.0,57.205456938685046,1.8728454268043127,0.023442432477206468,18236905.0,0.6992908061976525,0.025528473055892675,0.012412353352063669,0.52948231221877,-0.01614471807960037,True,0,0.00387439787055322,66.99013628440647,0.025574028784252523,0.003917152515282337,68.39177887199602,0.023397154234568784,Unknown,0,0.6285699971225229,1.0-2.0%,<0.8,0.5-1.0x
2025-07-09,AMD,138.41000366210938,140.64999389648438,137.58999633789062,138.69000244140625,37013100.0,137.82000732421875,36124600.0,62.58839157153006,4.939071183106303,0.03583711305055469,55451825.0,0.6514591719929868,0.04584480481772735,0.006312545863829874,0.17614549070749347,0.0020188822147809023,True,1,0.00387439787055322,66.99013628440647,0.025574028784252523,0.003917152515282337,68.39177887199602,0.023397154234568784,Technology,1,0.503012787688633,0.5-1.0%,<0.8,<0.5x
2025-07-11,NFLX,124.51100158691406,126.0999984741211,123.12999725341797,125.97899627685547,39572000.0,125.05899810791016,42308000.0,49.60827305934574,2.8632753976727727,0.02289539690060628,28989100.0,1.4594451017796344,-0.005806374181921314,0.007356513188690909,0.32130970345817,0.01165269396745545,True,1,-0.003870783268039198,68.29514937624084,0.019141092601913323,-0.004921624685897195,71.94665514788353,0.01924756333202282,Unknown,0,0.5692511524482039,0.5-1.0%,1.2-2.0,<0.5x
2025-07-11,AMZN,225.02000427246094,226.67999267578125,222.3699951171875,223.5800018310547,50518300.0,222.25999450683594,30370600.0,60.98582971454397,4.599079369922275,0.0206923399783528,43401130.0,0.6997651904455022,0.028779410418603435,0.0059390234718023046,0.2870155563853768,-0.006440658509764076,True,0,-0.003870783268039198,68.29514937624084,0.019141092601913323,-0.004921624685897195,71.94665514788353,0.01924756333202282,Consumer Cyclical,0,0.5140038208897212,0.5-1.0%,<0.8,<0.5x
2025-07-15,TSLA,310.7799987792969,321.20001220703125,310.5,319.67999267578125,77556300.0,316.8999938964844,78043400.0,50.571909991654856,14.980476838884213,0.047271937921770986,103538395.0,0.7537628915341019,0.006428682084792525,0.008772479750204613,0.18557478571582883,0.027840321885613684,True,1,0.0072633388082076105,67.96407822440513,0.026466180756691715,0.004337405892312103,69.31762050192836,0.022385752347712895,Consumer Cyclical,0,0.6167584400049079,0.5-1.0%,<0.8,<0.5x
2025-07-15,AVGO,279.9238586425781,282.335088614007,276.8450386433714,278.79794092230685,17918400.0,274.6031799316406,11934200.0,64.51653081614374,7.583642748454041,0.02761673317236131,21701185.0,0.5499331027314868,0.04852678445675407,0.015275718918151143,0.5531327265543126,-0.004038472151360101,True,0,0.0072633388082076105,67.96407822440513,0.026466180756691715,0.004337405892312103,69.31762050192836,0.022385752347712895,Unknown,0,0.5535431716089156,1.0-2.0%,<0.8,0.5-1.0x
2025-07-15,CRM,256.7178649902344,260.93371810734266,256.3690607744403,260.12643161487614,5201500.0,258.8108215332031,6533900.0,40.9047352480851,6.365327339880006,0.02459451773373159,8200435.0,0.7967748052389904,-0.02164489604358799,0.005083288534379284,0.206683806099093,0.013103499723120159,True,1,0.0072633388082076105,67.96407822440513,0.026466180756691715,0.004337405892312103,69.31762050192836,0.022385752347712895,Unknown,0,0.6199289069136292,0.5-1.0%,<0.8,<0.5x
2025-07-15,INTC,22.920000076293945,23.780000686645508,22.899999618530273,23.56999969482422,66099400.0,23.299999237060547,48420500.0,58.7780492561169,0.8396715056891116,0.03603740485765964,85184415.0,0.5684197044729368,0.052208646375263124,0.01158800285856723,0.32155486512798204,0.027577413107604243,True,1,0.0072633388082076105,67.96407822440513,0.026466180756691715,0.004337405892312103,69.31762050192836,0.022385752347712895,Unknown,0,0.5737916545996818,1.0-2.0%,<0.8,<0.5x
2025-07-15,GOOGL,181.718505859375,183.93507346834292,181.31913062189142,182.5272506181519,33448300.0,181.2791748046875,32536600.0,62.054357670960535,4.574669812416296,0.025235495568341502,41091075.0,0.7918167144568499,0.04237109508975223,0.006884827310192079,0.27282314672786734,0.004430816527603296,True,1,0.0072633388082076105,67.96407822440513,0.026466180756691715,0.004337405892312103,69.31762050192836,0.022385752347712895,Unknown,0,0.6646026187762182,0.5-1.0%,<0.8,<0.5x
2025-07-15,NVDA,170.6808624267578,172.38066881478494,169.18103056842588,171.17081299302788,230627400.0,164.05162048339844,136975800.0,72.9510235004414,3.7611790740223694,0.02292680232563134,183141000.0,0.7479253689780005,0.10069857007654237,0.04339605112495603,1.8928087095879396,0.002862348771399621,True,1,0.0072633388082076105,67.96407822440513,0.026466180756691715,0.004337405892312103,69.31762050192836,0.022385752347712895,Technology,1,0.553018448853531,>2.0%,<0.8,1.0-2.0x
2025-07-15,AMD,155.61000061035156,158.67999267578125,153.55999755859375,153.75,93370100.0,146.24000549316406,44718600.0,70.12231013398214,5.093815234028159,0.03483188623284254,56390450.0,0.7930172573547472,0.11273548107417586,0.05135389923919956,1.4743358684600496,-0.012097564945376017,True,0,0.0072633388082076105,67.96407822440513,0.026466180756691715,0.004337405892312103,69.31762050192836,0.022385752347712895,Technology,1,0.553018448853531,>2.0%,<0.8,1.0-2.0x
2025-07-17,KO,69.56414031982422,69.6626930748704,68.49984123940966,68.79547694898942,20464700.0,68.2633285522461,13178300.0,41.98643283685353,0.8899102779878151,0.01303643254528253,17740390.0,0.7428416173488858,-0.002992112844250272,0.007795523717189357,0.5979798299965361,-0.011173167262213343,True,0,0.0013100431228093238,68.76911788943757,0.017755849729704343,0.00028843834733714734,66.73399972188545,0.013457959921345353,Unknown,0,0.5031608742918164,0.5-1.0%,<0.8,0.5-1.0x
2025-07-18,TSLA,329.6499938964844,330.8999938964844,321.4200134277344,321.6600036621094,94255000.0,319.4100036621094,73922900.0,51.60701919997759,14.016883987218314,0.043883672478981575,100917950.0,0.7325049706221738,0.014849191728314892,0.007044237732704771,0.16052069789917112,-0.024839862411890526,True,0,0.002349536543852892,72.03953316596198,0.023463820954344072,0.002006259562231106,69.7135803576032,0.018331723093655494,Consumer Cyclical,0,0.5134056725032957,0.5-1.0%,<0.8,<0.5x
2025-07-18,JNJ,161.4818878173828,162.86292706948893,161.14649837622764,161.70876713910133,9792600.0,160.7716522216797,11295700.0,66.72476810970218,2.805132907111526,0.017447932321076564,9255370.0,1.220448237077502,0.05223283028653514,0.005828856670139207,0.3340714855420506,0.001403011881992475,True,0,0.002349536543852892,72.03953316596198,0.023463820954344072,0.002006259562231106,69.7135803576032,0.018331723093655494,Unknown,0,0.5497713743130951,0.5-1.0%,1.2-2.0,<0.5x
2025-07-18,PEP,140.4783477783203,143.52838778514374,140.18412876531278,143.44011160602102,13752800.0,142.6359405517578,26161000.0,73.84537270921022,2.7634266925299764,0.019373985840036027,11801735.0,2.2167079670912795,0.08849102500142969,0.005637927237359932,0.29100502518739574,0.02064808646995214,True,1,0.002349536543852892,72.03953316596198,0.023463820954344072,0.002006259562231106,69.7135803576032,0.018331723093655494,Unknown,0,0.589056806811072,0.5-1.0%,>2.0,<0.5x
2025-07-18,PFE,23.638683319091797,23.93815305743832,23.56140122202991,23.87052961027745,36309400.0,23.74494743347168,47393900.0,49.00493327815691,0.4484098721164889,0.018884433135631845,40113405.0,1.1814978060326715,-0.0050132521156947,0.005288795738867232,0.2800611329385438,0.009712658033604453,True,1,0.002349536543852892,72.03953316596198,0.023463820954344072,0.002006259562231106,69.7135803576032,0.018331723093655494,Unknown,0,0.5930337111292828,0.5-1.0%,0.8-1.2,<0.5x
2025-07-18,GOOGL,184.7737579345703,186.13165497814074,183.42585517412414,185.113228386666,34014500.0,183.29605102539062,31992600.0,64.67376458857146,4.235931794726804,0.02310978207675643,42017065.0,0.7614191995561803,0.04962796141554704,0.009913892585845529,0.42899117581107854,0.0018338530155533118,True,0,0.002349536543852892,72.03953316596198,0.023463820954344072,0.002006259562231106,69.7135803576032,0.018331723093655494,Unknown,0,0.5391564842839981,0.5-1.0%,<0.8,<0.5x
2025-07-21,CVX,146.39706420898438,148.34342294906006,145.85913928794426,147.88373025629906,17982200.0,146.74916076660156,45782600.0,55.358262743923824,3.2820931066937673,0.022365327948374435,11390805.0,4.019259393870758,0.01647059053708322,0.0077313524913575704,0.34568473617752177,0.01005293851283117,True,1,0.0014788986208574752,71.07974601696498,0.01844602531182371,0.0018961948262422956,68.91319787521867,0.014783529851137622,Unknown,0,0.6744567687693994,0.5-1.0%,>2.0,<0.5x
2025-07-21,TSLA,328.489990234375,338.0,326.8800048828125,334.3999938964844,75768800.0,329.6499938964844,94255000.0,55.85357028491538,13.836391576300935,0.041972976892108764,100873815.0,0.9343852019476016,0.051688061699821874,0.014409222168806045,0.3432975984964051,0.01767345624993897,True,1,0.0014788986208574752,71.07974601696498,0.01844602531182371,0.0018961948262422956,68.91319787521867,0.014783529851137622,Consumer Cyclical,0,0.5114169114728506,1.0-2.0%,0.8-1.2,<0.5x
2025-07-21,GOOGL,189.80596923828125,189.99566255854273,185.86206670599856,185.9619181252415,45803100.0,184.7737579345703,34014500.0,66.61700561830091,4.135908377442755,0.022383635120455304,42282415.0,0.8044597263424996,0.048719662917113604,0.006430351387299996,0.28727913731150906,-0.02067117371015097,True,0,0.0014788986208574752,71.07974601696498,0.01844602531182371,0.0018961948262422956,68.91319787521867,0.014783529851137622,Unknown,0,0.5887786168887134,0.5-1.0%,0.8-1.2,<0.5x
2025-07-22,GOOGL,191.04405212402344,191.35357021159422,187.17006365240448,191.20380830960463,44660200.0,189.80596923828125,45803100.0,72.22103734375938,4.21347953790916,0.022198877911050227,40789575.0,1.1229119205091007,0.06920223427892802,0.007364568548255384,0.33175409035379333,0.0008355282616678018,True,0,0.00023033936025532888,73.15530133074172,0.01924325459189835,0.0005248039387368322,69.876801510329,0.01294969434634452,Unknown,0,0.5068411820344415,0.5-1.0%,0.8-1.2,<0.5x
2025-07-22,MRK,80.12689208984375,80.28398049509147,78.41851542002254,78.41851542002254,10571000.0,77.86869049072266,11620800.0,44.26169558328101,1.8350450927265252,0.02356589126081623,15858490.0,0.7327809898672573,-0.0162884062381623,0.007060924305198049,0.29962475117325504,-0.021785373781572602,True,0,0.00023033936025532888,73.15530133074172,0.01924325459189835,0.0005248039387368322,69.876801510329,0.01294969434634452,Unknown,0,0.5099578959938524,0.5-1.0%,<0.8,<0.5x
2025-07-23,AMD,158.64999389648438,159.4499969482422,156.0,156.32000732421875,41510900.0,154.72000122070312,49028000.0,68.40107180161064,5.548380814151795,0.03586078574441844,52308990.0,0.9372767472665788,0.0654634706524666,0.01034130100111147,0.28837351961037394,-0.01490523581817053,True,0,0.001942302034104277,67.89006266637087,0.013916836961544776,0.004277573597859145,69.95265210177654,0.014890320656596456,Technology,1,0.5005387985846522,1.0-2.0%,0.8-1.2,<0.5x
2025-07-23,MRK,82.45382690429688,82.6109153141505,80.91235896071234,81.1185417121892,11542100.0,80.12689208984375,10571000.0,52.80980338516874,1.8764911578438315,0.02341899341034944,15459350.0,0.6837933030819536,0.015056372952431119,0.012375990088740038,0.5284595230839758,-0.016460912190030545,True,0,0.001942302034104277,67.89006266637087,0.013916836961544776,0.004277573597859145,69.95265210177654,0.014890320656596456,Unknown,0,0.5908200363017717,1.0-2.0%,<0.8,0.5-1.0x
2025-07-23,BAC,47.62621307373047,47.794400668216795,47.29973704464422,47.497599474886094,31380100.0,47.26016616821289,34749400.0,61.02534007326221,0.8962589200174992,0.018964362436379275,45610755.0,0.7618685549055261,0.013146979319637708,0.005023962586760872,0.2649159761428848,-0.002707791557179176,True,0,0.001942302034104277,67.89006266637087,0.013916836961544776,0.004277573597859145,69.95265210177654,0.014890320656596456,Unknown,0,0.649300193194843,0.5-1.0%,<0.8,<0.5x
2025-07-23,PFE,24.498449325561523,24.662674016184315,24.392185748526018,24.517768468390233,42073300.0,24.28592300415039,48091600.0,57.25120031781762,0.46793597425244493,0.019267786288068033,39409955.0,1.2202906600629206,0.01739753724941462,0.009546495893947337,0.49546407414012045,0.000787964975426595,True,0,0.001942302034104277,67.89006266637087,0.013916836961544776,0.004277573597859145,69.95265210177654,0.014890320656596456,Unknown,0,0.6435759026970003,0.5-1.0%,1.2-2.0,<0.5x
2025-07-23,CVX,149.76161193847656,149.78117745692578,147.1697403983757,147.6000922595512,13162800.0,146.74916076660156,26196500.0,55.23390577302797,3.1666027592399026,0.021578336412269184,11887415.0,2.2037171243706055,0.011454363478971663,0.005798544185905078,0.2687206314295895,-0.014644433115423756,True,0,0.001942302034104277,67.89006266637087,0.013916836961544776,0.004277573597859145,69.95265210177654,0.014890320656596456,Unknown,0,0.5373316557087504,0.5-1.0%,>2.0,<0.5x
2025-07-28,INTC,20.68000030517578,21.290000915527344,20.649999618530273,20.81999969482422,86105600.0,20.700000762939453,245077700.0,37.38581313800878,0.8984783657648355,0.04340475036954778,83499650.0,2.9350745781569145,-0.08453337299466734,0.005797049635843853,0.13355795359926753,0.0067242743372009205,True,1,0.0024187808365908107,71.93494020750194,0.01767850256710979,0.0005964654759112568,76.18475608959429,0.018058941684921503,Unknown,0,0.5098519673759058,0.5-1.0%,>2.0,<0.5x
2025-07-30,META,694.1749877929688,707.4451795959043,690.1709481616012,707.0358168226334,27077300.0,698.9578247070312,13267000.0,46.86067896645416,14.1086440858299,0.020185258090133763,10359740.0,1.2806305949763217,-0.00783257491743583,0.011557195341490042,0.5725562333601777,0.018189784341421666,True,1,0.0016218467018728163,71.4381331495121,0.01508207968432873,0.0010389268519450017,71.95779811177287,0.01272590760252923,Unknown,0,0.5138510683951705,1.0-2.0%,1.2-2.0,0.5-1.0x
2025-07-31,ABBV,187.66709899902344,197.40688178071824,186.27711036922994,195.64954626320437,10347900.0,187.95501708984375,5008400.0,51.63732843714478,4.078859297182375,0.021701252567430288,5341315.0,0.9376717156730131,0.03929463664376054,0.04093814196873811,1.886441431965036,0.04079972285467132,True,1,0.011478342347396565,72.09876021189201,0.02428695337806208,0.007880778205894539,70.12475319265033,0.016942476893484493,Unknown,0,0.5084564638786443,>2.0%,0.8-1.2,1.0-2.0x
2025-07-31,META,772.2884521484375,783.5816106103192,764.3702661872821,774.0458414913344,38831100.0,694.1749877929688,27077300.0,44.66257505144041,14.334757467863696,0.020650063341289538,11042045.0,2.4521997510424924,0.08250390524352813,0.1150586741137184,5.571831534466049,0.002270394398749005,True,1,0.011478342347396565,72.09876021189201,0.02428695337806208,0.007880778205894539,70.12475319265033,0.016942476893484493,Unknown,0,0.6375951243579132,>2.0%,>2.0,>2.0x
2025-07-31,MSFT,531.62939453125,553.5024436401114,530.0350289229713,553.2831833968122,51617300.0,511.4404296875,26380400.0,70.26738482569634,6.4329643286206615,0.012578130228287441,16265960.0,1.6218163575958628,0.09114343214620568,0.08181354324076205,6.5044280633037515,0.03913690044331639,True,1,0.011478342347396565,72.09876021189201,0.02428695337806208,0.007880778205894539,70.12475319265033,0.016942476893484493,Technology,1,0.5469960879165605,>2.0%,1.2-2.0,>2.0x
2025-08-01,CVX,148.07933044433594,151.25804803578535,147.0523720848538,149.1943261717566,10706500.0,148.31407165527344,10237100.0,52.12841709269709,3.0008857875305583,0.020233318079929195,12530345.0,0.8169846879714804,-0.00019014426385666194,0.00593507080386226,0.29333156234763397,0.007473445914672619,True,1,-0.010937794696647412,65.62492634141778,-0.003105710598456324,-0.009144554511535122,64.83331097624979,-0.003477491323423232,Unknown,0,0.5711743008100709,0.5-1.0%,0.8-1.2,<0.5x
2025-08-01,AAPL,201.95480346679688,213.13126916468397,201.07664747870345,210.4269561886582,104434500.0,207.1339111328125,80698400.0,45.11824353809625,3.460159477799745,0.016704939615518197,46660245.0,1.7294894186689334,-0.0018555674034710368,0.01589814549358959,0.9517032602033993,0.04026172727730581,True,1,-0.010937794696647412,65.62492634141778,-0.003105710598456324,-0.009144554511535122,64.83331097624979,-0.003477491323423232,Unknown,0,0.5468580237443009,1.0-2.0%,1.2-2.0,0.5-1.0x
2025-08-01,KO,67.85929107666016,68.03667552328437,67.2778613555229,67.60306742742068,16107500.0,66.90338897705078,17193400.0,38.59090450044376,0.942357353986064,0.014085345576579263,16188275.0,1.0620896914587874,-0.012082567779913012,0.010458041977662832,0.7424767763633848,-0.0037901186882467633,True,0,-0.010937794696647412,65.62492634141778,-0.003105710598456324,-0.009144554511535122,64.83331097624979,-0.003477491323423232,Unknown,0,0.547194840856782,1.0-2.0%,0.8-1.2,0.5-1.0x
2025-08-01,PEP,136.59469604492188,137.11447650727635,135.62377774648166,136.4181736077153,7630500.0,135.2609100341797,11689700.0,48.67086975876311,2.8816593973348756,0.021304450758217554,9594635.0,1.2183579677601075,-0.00480062268665471,0.008555787279881287,0.40159623812790146,-0.0012939803586155215,True,0,-0.010937794696647412,65.62492634141778,-0.003105710598456324,-0.009144554511535122,64.83331097624979,-0.003477491323423232,Unknown,0,0.6005510786987348,0.5-1.0%,1.2-2.0,<0.5x
2025-08-04,AMZN,211.64999389648438,217.44000244140625,211.4199981689453,217.39999389648438,77890100.0,214.75,122258800.0,39.445296219115086,5.203764765583282,0.024231733483507715,43924590.0,2.783379423689555,-0.038776167529616545,0.01233990172984575,0.5092455204760473,0.02644894278487367,True,1,0.009334021280455266,48.340599348185066,-0.0028974930702748702,0.006353359428823617,47.892093675042986,-0.004512376216206038,Consumer Cyclical,0,0.505285603642486,1.0-2.0%,>2.0,0.5-1.0x
2025-08-04,CSCO,67.71656036376953,67.73633873383648,66.84650066177394,67.0046899061195,17052200.0,66.35214233398438,21650000.0,46.1761031821251,0.9844046710002613,0.014836064614843143,16981045.0,1.2749509821097582,-0.005218369226939634,0.009834611953454543,0.6628854894319642,-0.010624188525421735,True,0,0.009334021280455266,48.340599348185066,-0.0028974930702748702,0.006353359428823617,47.892093675042986,-0.004512376216206038,Unknown,0,0.5080708611352655,0.5-1.0%,1.2-2.0,0.5-1.0x
2025-08-04,INTC,19.5,19.59000015258789,19.350000381469727,19.520000457763672,69249400.0,19.309999465942383,86496100.0,29.81248349332957,0.8210746084679263,0.04252069555548564,82517535.0,1.0482147824701744,-0.11768027264873482,0.01087524586376473,0.25576359280326266,0.0010246135909139855,True,0,0.009334021280455266,48.340599348185066,-0.0028974930702748702,0.006353359428823617,47.892093675042986,-0.004512376216206038,Unknown,0,0.618068137786795,1.0-2.0%,0.8-1.2,<0.5x
2025-08-04,AMD,176.77999877929688,177.86000061035156,173.55999755859375,174.61000061035156,52951000.0,171.6999969482422,75396100.0,69.29342200128548,6.4168383034035035,0.03737238449304001,56928325.0,1.324403976403662,0.09188232407129115,0.016948187034543608,0.4534949338782471,-0.012427685478266165,True,0,0.009334021280455266,48.340599348185066,-0.0028974930702748702,0.006353359428823617,47.892093675042986,-0.004512376216206038,Technology,1,0.5002911257561687,1.0-2.0%,1.2-2.0,<0.5x
2025-08-05,INTC,20.190000534057617,20.540000915527344,19.68000030517578,19.700000762939453,97338200.0,19.5,69249400.0,32.00932482870515,0.7824264711948965,0.040124434420251105,81943745.0,0.845084637027512,-0.10160521767013941,0.010256449381510416,0.2556160486671909,-0.024873083865051118,True,0,0.002286973045422874,59.01505558665238,0.006785358511914863,0.0009822953554721782,58.53540050361645,0.00387134622695795,Unknown,0,0.6393364207084329,1.0-2.0%,0.8-1.2,<0.5x
2025-08-05,AMZN,213.75,216.3000030517578,212.8699951171875,213.0500030517578,51505100.0,211.64999389648438,77890100.0,36.8339933865518,5.262067587503115,0.024862120194894654,45988890.0,1.693672102109879,-0.05549125880690653,0.006614737517819945,0.26605685540761953,-0.003285599334500512,True,0,0.002286973045422874,59.01505558665238,0.006785358511914863,0.0009822953554721782,58.53540050361645,0.00387134622695795,Consumer Cyclical,0,0.6116152396007989,0.5-1.0%,1.2-2.0,<0.5x
2025-08-05,PFE,24.32172966003418,24.459306520947276,23.850035958894296,23.850035958894296,113955100.0,23.122840881347656,57010700.0,40.67115848839333,0.45228746100370676,0.01956020297525597,41690040.0,1.367489692981825,-0.004121862614167138,0.03144920995124093,1.6078161351916842,-0.019777483855909127,True,0,0.002286973045422874,59.01505558665238,0.006785358511914863,0.0009822953554721782,58.53540050361645,0.00387134622695795,Unknown,0,0.5689036484685188,>2.0%,1.2-2.0,1.0-2.0x
2025-08-06,CSCO,68.42842864990234,68.56684706302637,67.00468777978348,67.192544573268,23107800.0,66.75751495361328,15434500.0,49.16749075829556,1.0415962621199726,0.015602681778129845,16346990.0,0.9441799377133038,-0.0012125376765593776,0.006516564014658057,0.4176566635994764,-0.01839317270216963,True,0,0.001499238040079581,54.472501555423925,-0.0008129022138730901,0.0017198967148872619,54.47756319366874,-0.0005751666774860276,Unknown,0,0.6763347031212583,0.5-1.0%,0.8-1.2,<0.5x
2025-08-06,META,770.8406372070312,772.488205034118,759.327834976083,768.853609707056,9733900.0,762.3233642578125,11640300.0,61.69948871860137,20.71372724940725,0.027171838383274333,13548825.0,0.8591372314573404,0.06282982787184133,0.00856624072594341,0.31526172815809084,-0.0025844029017856457,True,0,0.001499238040079581,54.472501555423925,-0.0008129022138730901,0.0017198967148872619,54.47756319366874,-0.0005751666774860276,Unknown,0,0.5789689056568104,0.5-1.0%,0.8-1.2,<0.5x
2025-08-06,AAPL,212.8019561767578,214.9274858636443,205.15804638253505,205.1979708684584,108483100.0,202.49366760253906,44155100.0,37.389757374296885,4.149854955390287,0.02049375175294742,51443505.0,0.8583221535935391,-0.020238026374369,0.013355001654804542,0.6516621171076604,-0.0370568250559062,True,0,0.001499238040079581,54.472501555423925,-0.0008129022138730901,0.0017198967148872619,54.47756319366874,-0.0005751666774860276,Unknown,0,0.7008451588411442,1.0-2.0%,0.8-1.2,0.5-1.0x
2025-08-06,CVX,149.4290771484375,151.75688141659435,148.8813620086637,151.0917880867846,7840900.0,149.68336486816406,8604100.0,55.329321260981715,3.031869083592028,0.020255217313309287,12565890.0,0.6847187107319895,0.01127937989882244,0.00940935033001842,0.46453958920676347,0.011004641346835185,True,1,0.001499238040079581,54.472501555423925,-0.0008129022138730901,0.0017198967148872619,54.47756319366874,-0.0005751666774860276,Unknown,0,0.5731676510893667,0.5-1.0%,<0.8,<0.5x
2025-08-06,MA,567.5271606445312,568.7536771119272,562.3816586999803,567.387540320186,2245200.0,564.4458618164062,2883200.0,53.13394025222545,9.620089340256651,0.01704342256899337,2608710.0,1.105220587953433,0.01514716546204431,0.005211622057628857,0.3057849464526109,-0.0002460757673079979,True,0,0.001499238040079581,54.472501555423925,-0.0008129022138730901,0.0017198967148872619,54.47756319366874,-0.0005751666774860276,Unknown,0,0.6460882237828682,0.5-1.0%,0.8-1.2,<0.5x
2025-08-06,CRM,248.3360137939453,249.42236185988793,246.19321603395085,248.53534134245595,5834700.0,246.66165161132812,6761000.0,31.455544686255248,5.409479784585094,0.02193076933219018,5860645.0,1.153627288463983,-0.04274577849033623,0.00759619389105629,0.34637151921098036,0.00080200887098783,True,0,0.001499238040079581,54.472501555423925,-0.0008129022138730901,0.0017198967148872619,54.47756319366874,-0.0005751666774860276,Unknown,0,0.6794607975171034,0.5-1.0%,0.8-1.2,<0.5x
2025-08-06,XOM,104.6130142211914,107.10777665259234,104.4755082795286,106.38095096836115,15321800.0,105.33000946044922,21314300.0,40.109888985076864,2.061767641558115,0.019574361116261898,15294085.0,1.3936302825569493,-0.022905081334159028,0.009977607647576938,0.5097283936019646,0.016618922194966516,True,1,0.001499238040079581,54.472501555423925,-0.0008129022138730901,0.0017198967148872619,54.47756319366874,-0.0005751666774860276,Unknown,0,0.6439269911725894,0.5-1.0%,1.2-2.0,0.5-1.0x
2025-08-07,DIS,112.12139892578125,115.61774737418712,111.06852497096862,114.9721141162254,15484400.0,114.39600372314453,22153700.0,37.97354043289416,2.191560142823174,0.019157663480335187,8321765.0,2.6621395821679656,-0.03325757575346411,0.0050361059331682665,0.26287683455436467,0.02479484014325733,True,1,0.0076675713307470805,60.499784319632845,0.015962648234469468,0.005467822058596573,59.07057463791276,0.00971316676081102,Unknown,0,0.5618939410161702,0.5-1.0%,>2.0,<0.5x
2025-08-08,BAC,45.51894760131836,45.805853425265006,44.49994168576513,44.66812928993475,37131600.0,44.44057846069336,30609900.0,34.39208834421992,0.8662949225150108,0.01949333137689079,37639605.0,0.8132364832202675,-0.03709780707388044,0.005120339048751375,0.26267131819353884,-0.01904754743278069,True,0,0.0021256321275617733,61.976152719697915,0.012551042235276144,0.002862849539890565,58.37164716015108,0.005738833580867908,Unknown,0,0.5779910592524549,0.5-1.0%,0.8-1.2,<0.5x
2025-08-08,JPM,286.0725402832031,288.51955337300967,282.0602152135648,286.2904939677283,6634100.0,284.2694396972656,8057100.0,46.51848786602403,5.40356122880503,0.019008590000246187,8541475.0,0.9432914104414051,-0.012039142420010362,0.007109643135101044,0.3740226463408893,0.0007613025549837261,True,0,0.0021256321275617733,61.976152719697915,0.012551042235276144,0.002862849539890565,58.37164716015108,0.005738833580867908,Unknown,0,0.5951326670980883,0.5-1.0%,0.8-1.2,<0.5x
2025-08-08,INTC,19.950000762939453,20.020000457763672,19.610000610351562,20.0,75415000.0,19.770000457763672,131382800.0,37.38347059658903,0.7909660735397481,0.04000839935383694,84513855.0,1.5545711410277048,-0.06659821504231156,0.011633765144704758,0.2907830688704881,0.002499961853027344,True,1,0.0021256321275617733,61.976152719697915,0.012551042235276144,0.002862849539890565,58.37164716015108,0.005738833580867908,Unknown,0,0.6329603763957533,1.0-2.0%,1.2-2.0,<0.5x
2025-08-08,XOM,104.89785766601562,105.59521141861731,104.06299046831887,104.60319777347414,14417700.0,104.06298828125,13468300.0,36.88804163200597,2.1045771226972385,0.02022406964721423,15455900.0,0.8714018594840806,-0.030615225037915028,0.005191177969674648,0.25668315330340585,-0.002816930063453667,True,0,0.0021256321275617733,61.976152719697915,0.012551042235276144,0.002862849539890565,58.37164716015108,0.005738833580867908,Unknown,0,0.5825913708806039,0.5-1.0%,0.8-1.2,<0.5x
2025-08-11,TSLA,339.0299987792969,346.6400146484375,334.1499938964844,335.0,105320200.0,329.6499938964844,91200300.0,56.30859028684594,12.90419378767907,0.039145135830735686,90166655.0,1.0114637168252498,0.04727264012582433,0.016229352957899998,0.41459437075594857,-0.012029847102378732,True,0,0.00024368903288250271,65.7849974355113,0.018036920131385026,0.0004395084032419035,62.78244313795382,0.009868880753947096,Consumer Cyclical,0,0.5033613914091777,1.0-2.0%,0.8-1.2,<0.5x
2025-08-11,CSCO,69.8719482421875,71.73072293117085,69.54567299870783,71.48354608791145,28911400.0,70.97929382324219,31662400.0,68.5475675398239,1.1561002746120015,0.01628785258826337,17540950.0,1.8050561685655566,0.05427407083922686,0.007104216420143423,0.4361665469186864,0.022545018174419944,True,1,0.00024368903288250271,65.7849974355113,0.018036920131385026,0.0004395084032419035,62.78244313795382,0.009868880753947096,Unknown,0,0.5251193148497805,0.5-1.0%,1.2-2.0,<0.5x
2025-08-12,BAC,46.99304962158203,47.15134184829535,45.86521703450156,45.98393526104046,35481200.0,45.66735076904297,35559400.0,46.72864068307638,0.8876852944820981,0.01943807292372745,37872445.0,0.9389253849335579,-0.00902911445835941,0.006932403274246759,0.3566404602682908,-0.021944932612075467,True,0,0.004032487824828684,63.58883973074095,0.017373626038413192,0.003726929496599615,61.00340611350808,0.010014904232288346,Unknown,0,0.5169242565620659,0.5-1.0%,0.8-1.2,<0.5x
2025-08-12,AMD,174.9499969482422,175.16000366210938,168.5,173.32000732421875,52243500.0,172.27999877929688,70651000.0,61.39971323840663,7.537653493507769,0.04375234238980955,69126590.0,1.0220524403127653,0.03165750409537016,0.006036734108955974,0.13797510668507665,-0.009404509318848108,True,0,0.004032487824828684,63.58883973074095,0.017373626038413192,0.003726929496599615,61.00340611350808,0.010014904232288346,Technology,1,0.5057339259513244,0.5-1.0%,0.8-1.2,<0.5x
2025-08-12,JPM,290.12445068359375,292.00676133420325,287.6378015823982,288.78700908878795,8570900.0,286.8650817871094,5510100.0,50.30622494463963,5.268773660149697,0.018366730545684894,8325455.0,0.6618377013628685,-0.004375282110810841,0.006699760353213346,0.36477697195745035,-0.004631238777069081,True,0,0.004032487824828684,63.58883973074095,0.017373626038413192,0.003726929496599615,61.00340611350808,0.010014904232288346,Unknown,0,0.5802008835467255,0.5-1.0%,<0.8,<0.5x
2025-08-12,HD,391.2356262207031,391.6110591709407,384.31984494912507,386.7107425977669,2911300.0,382.8675231933594,2605800.0,65.5901417483456,6.586702887031163,0.017203608266624076,3096210.0,0.8416095807454921,0.042467616822979615,0.010037987480245472,0.5834815187997339,-0.01170095144639601,True,0,0.004032487824828684,63.58883973074095,0.017373626038413192,0.003726929496599615,61.00340611350808,0.010014904232288346,Unknown,0,0.5540227608576717,1.0-2.0%,0.8-1.2,0.5-1.0x
2025-08-12,DIS,112.95575714111328,113.63118757114158,111.73401990072314,112.54850886827593,7274000.0,111.79361724853516,8532600.0,33.029231292668356,2.2986442904681192,0.020561498474084294,9004445.0,0.9475986582182466,-0.04429749106807446,0.006752546686655014,0.3284073237738933,-0.003618424419234054,True,0,0.004032487824828684,63.58883973074095,0.017373626038413192,0.003726929496599615,61.00340611350808,0.010014904232288346,Unknown,0,0.552459970510999,0.5-1.0%,0.8-1.2,<0.5x
2025-08-12,NFLX,122.52799987792969,123.1989974975586,120.6510009765625,122.5,22788000.0,121.83100128173828,24556000.0,53.504665220833296,2.7617373094462647,0.022668592397592256,39378000.0,0.6235969322972218,0.02625107650032854,0.005491202659614007,0.24223836060492468,-0.00022857043207908162,True,0,0.004032487824828684,63.58883973074095,0.017373626038413192,0.003726929496599615,61.00340611350808,0.010014904232288346,Unknown,0,0.56222687456853,0.5-1.0%,<0.8,<0.5x
2025-08-12,TSLA,340.8399963378906,345.260009765625,332.94000244140625,345.0,80522100.0,339.0299987792969,105320200.0,60.26160551309938,13.196038570841504,0.03892292309929752,91530495.0,1.1506569477199922,0.0721244573133133,0.01760906480900972,0.4524085913097192,0.012057981629302536,True,1,0.004032487824828684,63.58883973074095,0.017373626038413192,0.003726929496599615,61.00340611350808,0.010014904232288346,Consumer Cyclical,0,0.5366820729668446,1.0-2.0%,0.8-1.2,<0.5x
2025-08-12,MRK,78.8406982421875,79.46906682047926,78.22214253895908,79.00760700719593,7852700.0,78.57559967041016,8210700.0,46.725853190696384,2.068153781524415,0.026320559947355215,12137860.0,0.6764536747004827,-0.009679248879056246,0.005497983325585202,0.20888550002666864,0.0021125657557661184,True,1,0.004032487824828684,63.58883973074095,0.017373626038413192,0.003726929496599615,61.00340611350808,0.010014904232288346,Unknown,0,0.5614227392616122,0.5-1.0%,<0.8,<0.5x
2025-08-12,INTC,21.809999465942383,21.860000610351562,20.760000228881836,21.200000762939453,134153600.0,20.649999618530273,175545600.0,46.003652275210904,0.8270574444081565,0.04005120870152446,92172465.0,1.9045340709939784,-0.0002829047915846594,0.02663443847793761,0.6650096049891205,-0.028773522691060094,True,0,0.004032487824828684,63.58883973074095,0.017373626038413192,0.003726929496599615,61.00340611350808,0.010014904232288346,Unknown,0,0.5263090713418601,>2.0%,1.2-2.0,0.5-1.0x
2025-08-12,META,788.8237915039062,792.4883102810505,771.2799436630941,771.849102319645,14563100.0,764.7296752929688,7612000.0,60.39026567655926,18.47935213647282,0.024164554787799178,13175900.0,0.5777214459733301,0.05273548159567998,0.009309730296459057,0.3852638866394341,-0.021992238033635158,True,0,0.004032487824828684,63.58883973074095,0.017373626038413192,0.003726929496599615,61.00340611350808,0.010014904232288346,Unknown,0,0.5813053833161829,0.5-1.0%,<0.8,<0.5x
2025-08-12,AVGO,311.6985168457031,312.3063263582977,303.5680573762634,305.5209597698995,17609600.0,302.8008117675781,12396400.0,64.42391487714053,8.569861963824358,0.028301978167754576,16984455.0,0.7298673993366287,0.04504931059750095,0.008983291644572207,0.317408613324675,-0.02021974885276679,True,0,0.004032487824828684,63.58883973074095,0.017373626038413192,0.003726929496599615,61.00340611350808,0.010014904232288346,Unknown,0,0.6023966825345274,0.5-1.0%,<0.8,<0.5x
2025-08-13,AVGO,307.9720458984375,316.2021799590679,303.64774693306185,315.604344023125,17371200.0,311.6985168457031,17609600.0,69.22858656281397,8.636694294316875,0.02770848697554826,16969015.0,1.0377502760177888,0.07184308016746255,0.012530785250272285,0.4522363585326853,0.02418312126948504,True,1,0.004672007709773657,68.40038256542914,0.028056476906209715,0.0034541433889329998,66.49681026427116,0.018468428059892128,Unknown,0,0.5633879966509766,1.0-2.0%,0.8-1.2,<0.5x
2025-08-13,MA,576.2724609375,578.6357813404992,572.4232857573074,575.7040589482234,2352900.0,572.5629272460938,2593800.0,57.33048113908801,10.072872608499083,0.017592603588477976,2590710.0,1.0011927232303113,0.02198760198071814,0.005486089917204093,0.3118407056472942,-0.0009873162789837383,True,0,0.004672007709773657,68.40038256542914,0.028056476906209715,0.0034541433889329998,66.49681026427116,0.018468428059892128,Unknown,0,0.5835966047957896,0.5-1.0%,0.8-1.2,<0.5x
2025-08-13,ABBV,200.02798461914062,200.27619525026086,197.78416596766058,198.33021723646536,3558500.0,197.21823120117188,3049800.0,62.32480547278469,4.183179955014552,0.021210919140368475,5081500.0,0.6001771130571681,0.03407219088744884,0.00563835315082613,0.26582314106771804,-0.008560306171858071,True,0,0.004672007709773657,68.40038256542914,0.028056476906209715,0.0034541433889329998,66.49681026427116,0.018468428059892128,Unknown,0,0.6054451000303482,0.5-1.0%,<0.8,<0.5x
2025-08-13,HD,402.2810974121094,402.9134118670543,393.95252831296506,394.68361551988403,5187500.0,391.2356262207031,2911300.0,71.56080911364829,6.740762393499031,0.017229418646287707,3048340.0,0.9550443848127177,0.057388869108134344,0.008813075977993452,0.5115132529380113,-0.019249549749405768,True,0,0.004672007709773657,68.40038256542914,0.028056476906209715,0.0034541433889329998,66.49681026427116,0.018468428059892128,Unknown,0,0.5727645310402797,0.5-1.0%,0.8-1.2,0.5-1.0x
2025-08-13,NFLX,120.44400024414062,123.71199798583984,120.30000305175781,123.4000015258789,27624000.0,122.52799987792969,22788000.0,54.99217093844106,2.7464701102712525,0.02241504074993033,39116550.0,0.5825667140890493,0.03448550884284041,0.007116754120021245,0.3174990489385287,0.02395462921544909,True,1,0.004672007709773657,68.40038256542914,0.028056476906209715,0.0034541433889329998,66.49681026427116,0.018468428059892128,Unknown,0,0.615324461979935,0.5-1.0%,<0.8,<0.5x
2025-08-13,MRK,81.20690155029297,81.33453634991787,78.74251394753506,79.28252173584178,11043800.0,78.8406982421875,7852700.0,47.745387537733315,2.009494531524113,0.025488035701449894,11989145.0,0.6549841544163492,-0.0051007673480135685,0.005604002799379879,0.21986797511669737,-0.024272434482633495,True,0,0.004672007709773657,68.40038256542914,0.028056476906209715,0.0034541433889329998,66.49681026427116,0.018468428059892128,Unknown,0,0.613609510863837,0.5-1.0%,<0.8,<0.5x
2025-08-13,AAPL,233.10403442382812,234.77241529044048,230.2068337695816,230.8462285986664,69878500.0,229.42758178710938,55626200.0,72.05082690891614,5.265303104002598,0.022949738924103652,62238455.0,0.8937593325541259,0.07802708581608986,0.00618341875247341,0.2694330760329081,-0.009780561886878295,True,0,0.004672007709773657,68.40038256542914,0.028056476906209715,0.0034541433889329998,66.49681026427116,0.018468428059892128,Unknown,0,0.5762331252765767,0.5-1.0%,0.8-1.2,<0.5x
2025-08-13,CSCO,69.60499572753906,71.2165859178937,69.4566881232546,71.04850748654908,38096400.0,70.57392120361328,21912100.0,64.00138204577976,1.2081531469975135,0.017118974351897822,18562325.0,1.1804609605747125,0.042491780077764885,0.006724669323199021,0.39281963889697163,0.020317270694015746,True,1,0.004672007709773657,68.40038256542914,0.028056476906209715,0.0034541433889329998,66.49681026427116,0.018468428059892128,Unknown,0,0.623505353954409,0.5-1.0%,0.8-1.2,<0.5x
2025-08-13,CRM,236.2366485595703,236.5555848046755,228.84148546301256,232.23009942481045,10209200.0,230.88462829589844,13178000.0,23.008693623912876,6.327240060418561,0.027404336560291318,6671155.0,1.9753700820922313,-0.08469186608575174,0.005827460835494311,0.21264739697943497,-0.01725249717708136,True,0,0.004672007709773657,68.40038256542914,0.028056476906209715,0.0034541433889329998,66.49681026427116,0.018468428059892128,Unknown,0,0.5729631496032184,0.5-1.0%,1.2-2.0,<0.5x
2025-08-13,AMD,184.4199981689453,186.64999389648438,179.3800048828125,179.91000366210938,108305100.0,174.9499969482422,52243500.0,63.389226857147754,7.474964219836455,0.04272628951258498,67070260.0,0.77893689393779,0.06408716272126935,0.02835099628686803,0.6635492248517689,-0.025068058557245095,True,0,0.004672007709773657,68.40038256542914,0.028056476906209715,0.0034541433889329998,66.49681026427116,0.018468428059892128,Technology,1,0.5005387985846522,>2.0%,<0.8,0.5-1.0x
2025-08-14,AMZN,230.97999572753906,233.11000061035156,227.02000427246094,227.39999389648438,61545800.0,224.55999755859375,36508300.0,52.74117175955433,4.885949698885423,0.02175788097615448,46506920.0,0.7850079085004984,0.00932760140407396,0.012646937873026978,0.5812577928377939,-0.015743192291748056,True,0,-0.0035495352749699677,68.58048548177358,0.0188897696764172,-0.0032564634088059524,68.07084601580418,0.013941076816755826,Consumer Cyclical,0,0.5651746698294312,1.0-2.0%,<0.8,0.5-1.0x
2025-08-15,CRM,241.6285400390625,243.6816426523053,233.844683048516,235.35958456043838,12942800.0,232.58889770507812,7544800.0,29.14190253175581,6.263428287623112,0.02692917997988501,6984510.0,1.0802189416294057,-0.0633949040089884,0.011912377945371555,0.44235947601336584,-0.026635649830586382,True,0,-0.00015525574552652387,67.93356146996338,0.019757605717830584,0.0016125811515528257,68.11482453586582,0.01733838881075922,Unknown,0,0.5101008256493982,1.0-2.0%,0.8-1.2,<0.5x
2025-08-20,KO,69.67254638671875,70.66787062610618,69.38676743973072,69.71196598732539,17530800.0,69.11083221435547,13862200.0,52.52292111161186,0.9341941085581431,0.013517332647082428,13082325.0,1.0596128746228213,0.017168441203206708,0.008698112201940045,0.6434784457137289,0.0005654639063514895,True,0,-0.0016688283241826046,53.567431935028026,-0.002436317477915062,-0.0006407580401621815,59.68773892364789,0.004735356322481898,Unknown,0,0.5188362870444151,0.5-1.0%,0.8-1.2,0.5-1.0x
2025-08-22,PFE,25.43217658996582,25.658198138322764,25.314254096717555,25.451830963621944,34560500.0,25.294599533081055,37068100.0,65.75307207650523,0.45559262663872324,0.018011458376436647,44527165.0,0.8324828225646075,0.05226807103132325,0.006216007900629437,0.3451140807543648,0.0007722184578475193,True,0,0.0024675897607018753,47.076047264290274,-0.008350515304340833,0.0034774267710081528,53.261897550459445,0.0021189871693074736,Unknown,0,0.691024180069211,0.5-1.0%,0.8-1.2,<0.5x
2025-08-22,DIS,118.06121063232422,118.97502602057473,116.34283363696201,116.79974133108728,7161700.0,115.42901611328125,6337100.0,46.98476061918874,2.1146938365087053,0.01832029681716562,8698730.0,0.7285086443653269,0.008516481778519491,0.011875048960486724,0.6481908606065884,-0.010800274785379099,True,0,0.0024675897607018753,47.076047264290274,-0.008350515304340833,0.0034774267710081528,53.261897550459445,0.0021189871693074736,Unknown,0,0.6895709373339344,1.0-2.0%,<0.8,0.5-1.0x
2025-08-22,MA,597.273193359375,600.0752772273864,591.4097481134643,593.623466796479,2388900.0,590.2529907226562,2349200.0,66.68479897362649,9.011020045168767,0.015266369144756776,2623390.0,0.8954825626384182,0.03546012734505122,0.005710222780398261,0.3740393492554471,-0.006148218133275595,True,0,0.0024675897607018753,47.076047264290274,-0.008350515304340833,0.0034774267710081528,53.261897550459445,0.0021189871693074736,Unknown,0,0.702079028874264,0.5-1.0%,0.8-1.2,<0.5x
2025-08-22,INTC,24.799999237060547,25.229999542236328,23.649999618530273,23.649999618530273,200266800.0,23.5,97718300.0,56.78915321821947,1.2212788116701918,0.05196931113490178,139001785.0,0.703000324780002,0.0920760840807826,0.006382962490649934,0.1228217644463491,-0.048625777466365136,True,0,0.0024675897607018753,47.076047264290274,-0.008350515304340833,0.0034774267710081528,53.261897550459445,0.0021189871693074736,Unknown,0,0.7284111191154272,0.5-1.0%,<0.8,<0.5x
2025-08-22,ABBV,209.09263610839844,209.9564042336698,205.63753330816454,209.33090861215646,5516900.0,208.00050354003906,5323900.0,74.44050539307017,3.884900949353653,0.018677363194968558,5091900.0,1.0455625601445433,0.05562242723374777,0.0063961627470834675,0.3424553391351576,0.0011382576292137136,True,0,0.0024675897607018753,47.076047264290274,-0.008350515304340833,0.0034774267710081528,53.261897550459445,0.0021189871693074736,Unknown,0,0.5509944157085614,0.5-1.0%,0.8-1.2,<0.5x
2025-08-22,AVGO,292.9366149902344,299.0045840804541,287.96467333005705,290.69475314081933,16301300.0,288.55255126953125,14946300.0,46.532149151297915,9.270921972224329,0.03212905909663763,17508050.0,0.853681592181882,-0.026576943308218026,0.007423957479714298,0.23106675665118465,-0.007712082262210749,True,0,0.0024675897607018753,47.076047264290274,-0.008350515304340833,0.0034774267710081528,53.261897550459445,0.0021189871693074736,Unknown,0,0.7363382967487138,0.5-1.0%,0.8-1.2,<0.5x
2025-08-22,HD,407.8236389160156,409.51305707849366,393.5178402054212,396.04703785640595,5284700.0,392.9151916503906,2942600.0,59.329423770994595,8.104211812459061,0.020625855107353683,3454730.0,0.8517597612548593,0.029522987836411607,0.007970794391686412,0.3864467363995302,-0.029735359525348844,True,0,0.0024675897607018753,47.076047264290274,-0.008350515304340833,0.0034774267710081528,53.261897550459445,0.0021189871693074736,Unknown,0,0.6900237711595723,0.5-1.0%,0.8-1.2,<0.5x
2025-08-22,JNJ,176.86065673828125,178.70532892070915,175.06532513024973,177.60049441757673,9524000.0,176.5055389404297,8859600.0,75.73205133244106,2.4583012259344947,0.013927615193788151,8493940.0,1.0430495153014974,0.0421604920472749,0.006203519072093168,0.4454114351795127,0.004165741101800988,True,1,0.0024675897607018753,47.076047264290274,-0.008350515304340833,0.0034774267710081528,53.261897550459445,0.0021189871693074736,Unknown,0,0.5442958887204584,0.5-1.0%,0.8-1.2,<0.5x
2025-08-22,AAPL,227.53941345214844,228.8681272027074,225.1916985271248,225.95095699429655,42477800.0,224.68218994140625,30621200.0,58.226669519604265,4.752881688925267,0.021153798127767704,61851995.0,0.4950721476324248,0.027138648738513682,0.005646940922291938,0.2669469042005953,-0.007030093959247919,True,0,0.0024675897607018753,47.076047264290274,-0.008350515304340833,0.0034774267710081528,53.261897550459445,0.0021189871693074736,Unknown,0,0.6913329181555884,0.5-1.0%,<0.8,<0.5x
2025-08-22,MRK,85.78221893310547,86.24367128379076,85.18330392496152,85.9098537334127,11977400.0,84.51566314697266,13889000.0,65.24066095222393,1.9623280901742488,0.02321851378911578,12141195.0,1.1439565874693554,0.0642179618686558,0.01649623909375888,0.7104778214310976,0.0014856828962053466,True,0,0.0024675897607018753,47.076047264290274,-0.008350515304340833,0.0034774267710081528,53.261897550459445,0.0021189871693074736,Unknown,0,0.6245302088275302,1.0-2.0%,0.8-1.2,0.5-1.0x
2025-08-22,GOOGL,205.771240234375,208.21744781149425,200.98865555430208,202.41643648326647,42827000.0,199.4410400390625,19774600.0,60.31530260570316,4.139405121433847,0.02075503176589484,31217475.0,0.6334464911079452,0.021402430574022135,0.014918676936407898,0.718798077723139,-0.016573771425848965,True,0,0.0024675897607018753,47.076047264290274,-0.008350515304340833,0.0034774267710081528,53.261897550459445,0.0021189871693074736,Unknown,0,0.6797552860976392,1.0-2.0%,<0.8,0.5-1.0x
2025-08-22,BAC,48.95191192626953,49.129991133367035,47.94279767737831,48.00215867107213,45078900.0,47.74493408203125,28713200.0,59.50018040993154,0.8679274421411014,0.018178419529282477,32182825.0,0.8921901666494474,0.03068471689531216,0.005387473958995097,0.2963664663100526,-0.01978563634409543,True,0,0.0024675897607018753,47.076047264290274,-0.008350515304340833,0.0034774267710081528,53.261897550459445,0.0021189871693074736,Unknown,0,0.6864077683213328,0.5-1.0%,0.8-1.2,<0.5x
2025-08-22,JPM,293.4828796386719,294.3943304858857,287.42976002403793,290.4711947382056,8552800.0,288.7572937011719,6624000.0,51.7964590884179,4.997166189771977,0.017305766118390853,7532360.0,0.8794056577221482,0.0024051741719006703,0.005935438080422695,0.3429745923883196,-0.010368273877141655,True,0,0.0024675897607018753,47.076047264290274,-0.008350515304340833,0.0034774267710081528,53.261897550459445,0.0021189871693074736,Unknown,0,0.7121068125379978,0.5-1.0%,0.8-1.2,<0.5x
2025-08-26,AMD,166.6199951171875,169.77000427246094,164.91000366210938,168.64999389648438,52138600.0,163.36000061035156,36134700.0,47.26039855390963,7.097023120632987,0.04344406889150852,69377190.0,0.5208440987592607,-0.021856724341754674,0.032382426948874554,0.7453819997786614,0.012036755723471104,True,1,-0.0008590783140525704,53.96810140238477,-0.00034644235147573976,-0.00042006069874947553,59.30666854493669,0.007510917117185656,Technology,1,0.5064916091861568,>2.0%,<0.8,0.5-1.0x
2025-08-28,AMD,168.5800018310547,170.99000549316406,166.64999389648438,168.5,36285200.0,167.1300048828125,37031000.0,50.939975328683346,6.760953764819148,0.04045326133724321,65186915.0,0.5680741296010097,-0.016388647309392823,0.008197182296189768,0.2026334101434499,-0.0004747883148646142,True,0,0.0010810599914197194,56.93052834770786,0.005631484524250885,0.0009433264400939152,63.07826442113574,0.013010867216789457,Technology,1,0.5005387985846522,0.5-1.0%,<0.8,<0.5x
2025-09-03,TSLA,334.0899963378906,343.3299865722656,328.510009765625,335.20001220703125,88733300.0,329.3599853515625,58392000.0,48.786111353418605,12.238054463006927,0.037157077384321266,74689110.0,0.7818007203459781,0.0008973220197421305,0.01773144011175201,0.477202227945784,0.0033115030689648078,True,1,0.006382473700543066,47.37488025169001,-0.005526787427600599,0.0037483822600882276,52.875876843088605,0.002030785080417097,Consumer Cyclical,0,0.6819329912473376,1.0-2.0%,<0.8,<0.5x
2025-09-03,AAPL,238.2390594482422,238.6186963224971,234.133039090421,236.98028515930878,66427800.0,229.49752807617188,44075600.0,60.576329618572025,4.330145535750114,0.01886793976409588,54130545.0,0.8142463742051738,0.03695674079348055,0.032604957211797604,1.7280613368207867,-0.0053117257753623045,True,0,0.006382473700543066,47.37488025169001,-0.005526787427600599,0.0037483822600882276,52.875876843088605,0.002030785080417097,Unknown,0,0.6319069645075329,>2.0%,0.8-1.2,1.0-2.0x
2025-09-03,GOOGL,230.30323791503906,230.95222645491896,224.44230678385503,225.86012385269166,103336100.0,211.0231170654297,47523000.0,70.0572907737271,4.558354753388911,0.021601210411348205,29935715.0,1.587501751670204,0.1027587310296516,0.07030986459488994,3.2549039269555298,-0.01967197213282877,True,0,0.006382473700543066,47.37488025169001,-0.005526787427600599,0.0037483822600882276,52.875876843088605,0.002030785080417097,Unknown,0,0.6504225617776651,>2.0%,1.2-2.0,>2.0x
2025-09-03,CRM,255.5916748046875,257.136474793279,249.71141296191587,254.20631253100441,17417900.0,252.013671875,9312500.0,52.89044061032619,5.929791540593058,0.023529642247085165,8474210.0,1.0989224954302526,0.04132690213785528,0.008700482952734305,0.3697669034390914,-0.00544975559375269,True,0,0.006382473700543066,47.37488025169001,-0.005526787427600599,0.0037483822600882276,52.875876843088605,0.002030785080417097,Unknown,0,0.6585320605937146,0.5-1.0%,0.8-1.2,<0.5x
2025-09-03,AVGO,301.2962951660156,303.3488418851159,295.3279398199263,301.1966507762421,18529400.0,297.16131591796875,19693000.0,52.12444852333039,9.577358187785014,0.032229491776880004,17756335.0,1.109068960458338,0.0029046317172101155,0.01357961027264838,0.4213411234237887,-0.00033082834592188627,True,0,0.006382473700543066,47.37488025169001,-0.005526787427600599,0.0037483822600882276,52.875876843088605,0.002030785080417097,Unknown,0,0.6578021455327759,1.0-2.0%,0.8-1.2,<0.5x
2025-09-04,TSLA,338.5299987792969,338.8900146484375,331.4800109863281,336.1499938964844,60711000.0,334.0899963378906,88733300.0,51.49685744028201,12.422477487552191,0.03718302739896586,76227710.0,1.1640556957568318,0.0014717319788977168,0.0061659959327555495,0.16582823842167943,-0.007080187196271109,True,0,0.0011752158746296784,51.85650005901036,-0.0032596806373750287,0.001056285627081884,56.5171047384895,0.0037647222165655414,Consumer Cyclical,0,0.5435920808222442,0.5-1.0%,0.8-1.2,<0.5x
2025-09-04,CSCO,67.22220611572266,67.6374689077935,66.64876162396016,67.33096452040336,14388500.0,66.90582275390625,14320100.0,47.24444386780886,1.205551515916522,0.018018633749573562,22385745.0,0.6396972716342476,-0.0064631289467278474,0.00635433134214442,0.3526533382307526,0.0016152806580951677,True,0,0.0011752158746296784,51.85650005901036,-0.0032596806373750287,0.001056285627081884,56.5171047384895,0.0037647222165655414,Unknown,0,0.5636015051349356,0.5-1.0%,<0.8,<0.5x
2025-09-04,AMZN,235.67999267578125,235.77000427246094,230.77999877929688,231.19000244140625,59391800.0,225.99000549316406,29223100.0,49.96510792515966,4.626446041869303,0.02047190552419916,34703585.0,0.8420772666570326,0.0188733381444115,0.02300985363000702,1.1239722459058752,-0.019421212798823174,True,0,0.0011752158746296784,51.85650005901036,-0.0032596806373750287,0.001056285627081884,56.5171047384895,0.0037647222165655414,Consumer Cyclical,0,0.5922784954633015,>2.0%,0.8-1.2,1.0-2.0x
2025-09-04,META,747.535400390625,760.0267237435045,744.7095967582477,747.4555024338443,11439100.0,735.95263671875,7699300.0,45.953642291321074,15.980926942365654,0.02171461333927239,9755380.0,0.7892362983297422,-0.01245493624560301,0.015629899454372435,0.7197871410449973,-0.0001068932619005331,True,0,0.0011752158746296784,51.85650005901036,-0.0032596806373750287,0.001056285627081884,56.5171047384895,0.0037647222165655414,Unknown,0,0.5704850069030596,1.0-2.0%,<0.8,0.5-1.0x
2025-09-04,HD,409.0444030761719,410.5645697881965,404.58326638510255,405.88484564670364,3873100.0,402.80474853515625,3025100.0,62.05872169272234,7.083002810673269,0.017584208816880605,3602075.0,0.839821491779044,0.021665995015431205,0.007646625623825192,0.43485753060919824,-0.007784369047910761,True,0,0.0011752158746296784,51.85650005901036,-0.0032596806373750287,0.001056285627081884,56.5171047384895,0.0037647222165655414,Unknown,0,0.5313162491752346,0.5-1.0%,0.8-1.2,<0.5x
2025-09-05,TSLA,350.8399963378906,355.8699951171875,344.67999267578125,348.0,108989800.0,338.5299987792969,60711000.0,53.96028317054589,12.064443642877704,0.035637738712612776,75337080.0,0.8058581511255812,0.03245253761777733,0.027973890806873663,0.7849513413984722,-0.008160909016927084,True,0,0.009144209815324648,56.48406080072203,0.012376317426101568,0.003635701257193362,61.486016829727475,0.012873890390359577,Consumer Cyclical,0,0.5293731637321927,>2.0%,0.8-1.2,0.5-1.0x
2025-09-05,META,751.3297729492188,756.8215846100361,743.9208368275713,751.499502790698,9663400.0,747.535400390625,11439100.0,50.937807325578966,16.55900980539343,0.022151472420892056,9840640.0,1.1624345571019772,-0.0065136590757978174,0.005302895886939328,0.23939247857573237,0.00022585489524470172,True,0,0.009144209815324648,56.48406080072203,0.012376317426101568,0.003635701257193362,61.486016829727475,0.012873890390359577,Unknown,0,0.5816177992748685,0.5-1.0%,0.8-1.2,<0.5x
2025-09-05,HD,416.25775146484375,417.6984152675188,411.35940963564434,413.9129015531928,5855600.0,409.0444030761719,3873100.0,66.44195297409263,7.131346985128053,0.017434163458777505,3655090.0,1.0596455901222679,0.03723307646303309,0.0119021271050476,0.6826898883442145,-0.005665080510542173,True,0,0.009144209815324648,56.48406080072203,0.012376317426101568,0.003635701257193362,61.486016829727475,0.012873890390359577,Unknown,0,0.575937403399353,1.0-2.0%,0.8-1.2,0.5-1.0x
2025-09-05,AVGO,333.6787414550781,355.05114009731574,330.22129098021907,354.49316800977635,78401600.0,304.9928894042969,31220800.0,57.98568133962497,9.254768323770271,0.030344210128460412,18450365.0,1.692150805688668,0.1693979864787727,0.16229977919210498,5.348624284666449,0.05871601608447416,True,1,0.009144209815324648,56.48406080072203,0.012376317426101568,0.003635701257193362,61.486016829727475,0.012873890390359577,Unknown,0,0.555157487790894,>2.0%,1.2-2.0,>2.0x
2025-09-08,TSLA,346.3999938964844,358.44000244140625,344.8399963378906,354.6400146484375,75208300.0,350.8399963378906,108989800.0,60.02266002968994,12.441268835378628,0.035461375456738296,77453635.0,1.4071618459224025,0.047826477461703654,0.010831200405346925,0.30543655641785894,0.023234887242269152,True,1,0.004009939647713001,57.196790086360856,0.0087326398300005,0.002132096560682591,58.9509389074606,0.007863249085281243,Consumer Cyclical,0,0.5168572006411055,1.0-2.0%,1.2-2.0,<0.5x
2025-09-08,AVGO,344.3998107910156,352.8890142231355,340.01573125336444,341.51030589623633,43535600.0,333.6787414550781,78401600.0,72.02496214347288,12.169302778716599,0.03647011711219519,21554475.0,3.6373699660975274,0.1234518431230649,0.02347037275136852,0.6435507919858118,-0.008460959581281957,True,0,0.004009939647713001,57.196790086360856,0.0087326398300005,0.002132096560682591,58.9509389074606,0.007863249085281243,Unknown,0,0.5883651719291858,>2.0%,>2.0,0.5-1.0x
2025-09-09,AVGO,335.45233154296875,349.7105721166718,334.6153429310139,348.28572108973026,26972300.0,344.3998107910156,43535600.0,75.34139408532515,12.672229206526657,0.036795110826051705,23108320.0,1.8839794498258635,0.13669621532045806,0.01128313714746096,0.30664772830286635,0.036847303146990605,True,1,0.0013820503229010966,59.60867109012291,0.010355059073285933,0.0002157160297943172,60.43665445074156,0.007369278457576955,Unknown,0,0.5878666569832391,1.0-2.0%,1.2-2.0,<0.5x
2025-09-09,META,764.5599975585938,765.1590798691678,752.3082462809408,756.3621991005824,10999000.0,751.179931640625,13087800.0,52.4134709790033,16.167041914235575,0.021522196258525868,10161175.0,1.2880203322942474,0.0016039019043931901,0.006898836406131101,0.3205451861539538,-0.010838456056846352,True,0,0.0013820503229010966,59.60867109012291,0.010355059073285933,0.0002157160297943172,60.43665445074156,0.007369278457576955,Unknown,0,0.5069073777016982,0.5-1.0%,1.2-2.0,<0.5x
2025-09-10,AMD,159.5399932861328,164.52999877929688,158.0,163.5399932861328,52465300.0,155.82000732421875,42802500.0,41.97186410109897,6.310365294292761,0.0404977858919145,49221575.0,0.8695881836369519,-0.014436374643848615,0.04954425361982487,1.2233817856624236,0.02445884899237779,True,1,0.005563997437779924,60.9903080186884,0.017047452813128583,0.005058998522635359,61.839868119720556,0.013620526457234217,Technology,1,0.5621160931589628,>2.0%,0.8-1.2,1.0-2.0x
2025-09-11,AMZN,229.9499969482422,231.52999877929688,229.33999633789062,231.49000549316406,37485600.0,230.3300018310547,60907700.0,51.9399651610705,5.1735294280629995,0.022461378834433145,35742245.0,1.7040815427234635,0.006977395020588695,0.0050362681929739615,0.22421901300437513,0.006652591940809953,True,1,0.004374024884677512,61.156060308981125,0.016188727960978033,0.003020493279514,63.58324417585598,0.013869514824052409,Consumer Cyclical,0,0.5355507672497958,0.5-1.0%,1.2-2.0,<0.5x
2025-09-11,TSLA,368.80999755859375,368.989990234375,347.6000061035156,350.1700134277344,103756000.0,347.7900085449219,72121700.0,57.82533490632045,11.992609789693384,0.034482329839974034,73658805.0,0.9791320942553983,0.031960549407601624,0.006843223854445748,0.19845595950748848,-0.05323124030066659,True,0,0.004374024884677512,61.156060308981125,0.016188727960978033,0.003020493279514,63.58324417585598,0.013869514824052409,Consumer Cyclical,0,0.562084696981956,0.5-1.0%,0.8-1.2,<0.5x
2025-09-12,AVGO,358.5683898925781,363.0720610727096,355.86820014112755,361.5974031029108,31949800.0,358.32928466796875,29430900.0,70.55297154276016,14.575742983444128,0.040676951639468,26113960.0,1.1270178862187121,0.1527612729888752,0.009120433564257267,0.2242162501530203,0.008376755984253033,True,1,0.001643467534007244,64.08034410889412,0.018793175031691423,-4.571504769766076e-05,68.10694310766927,0.01789991641264077,Unknown,0,0.6126262676955446,0.5-1.0%,0.8-1.2,<0.5x
2025-09-12,TSLA,395.94000244140625,396.69000244140625,370.239990234375,370.94000244140625,168156400.0,368.80999755859375,103756000.0,67.12456176307658,12.663850814062386,0.034337059455798645,75454660.0,1.3750774306053464,0.08454061089512832,0.005775344749091573,0.16819567081817385,-0.06739634397869776,True,0,0.001643467534007244,64.08034410889412,0.018793175031691423,-4.571504769766076e-05,68.10694310766927,0.01789991641264077,Consumer Cyclical,0,0.5500890391800966,0.5-1.0%,1.2-2.0,<0.5x
2025-09-15,AAPL,236.47076416015625,237.95932665324483,234.80238330570734,236.77047667310174,42699500.0,233.84332275390625,55824200.0,57.22020888117969,4.737449772467597,0.020259076533278776,48015070.0,1.1626391464179893,0.02164861188895073,0.012517586068839731,0.617875451937683,0.0012658356614253454,True,0,0.0030342741455572524,66.1735979022159,0.02358045578426804,0.003392164616640289,67.7390098751192,0.01979407858990112,Unknown,0,0.5708468655539405,1.0-2.0%,0.8-1.2,0.5-1.0x
2025-09-15,PFE,23.555227279663086,23.70263320939148,23.270246355832995,23.57488165353944,50760200.0,23.456958770751953,81378200.0,39.73325668099605,0.4599353268104074,0.019607628222627575,39065095.0,2.0831435326088417,-0.0358104335967695,0.005027202543175449,0.2563901399035076,0.0008336997896828135,True,0,0.0030342741455572524,66.1735979022159,0.02358045578426804,0.003392164616640289,67.7390098751192,0.01979407858990112,Unknown,0,0.634867424602005,0.5-1.0%,>2.0,<0.5x
2025-09-15,INTC,24.770000457763672,25.459999084472656,24.219999313354492,24.329999923706055,83951600.0,24.079999923706055,52672800.0,52.933540853636146,0.8568250077180768,0.035582433988073134,110657665.0,0.47599775397393396,-0.002582712529525022,0.010382059833558485,0.2917748638847597,-0.018084691140048074,True,0,0.0030342741455572524,66.1735979022159,0.02358045578426804,0.003392164616640289,67.7390098751192,0.01979407858990112,Unknown,0,0.5442579892049954,1.0-2.0%,<0.8,<0.5x
2025-09-15,TSLA,410.0400085449219,425.70001220703125,402.42999267578125,423.1300048828125,163823700.0,395.94000244140625,168156400.0,74.83656490095248,13.75071896183025,0.03472929958337607,80112445.0,2.099004717681504,0.21622807599640836,0.0686720267559477,1.9773513310017647,0.03093610991145842,True,1,0.0030342741455572524,66.1735979022159,0.02358045578426804,0.003392164616640289,67.7390098751192,0.01979407858990112,Consumer Cyclical,0,0.6387794579529985,>2.0%,>2.0,1.0-2.0x
2025-09-15,BAC,50.32845687866211,50.825871948111235,50.19912789801211,50.5871110449863,29043600.0,50.31850814819336,27851100.0,63.779048847365495,0.8544666175339778,0.01698115959673293,36631440.0,0.7603059011603147,0.02438082713384504,0.005338053664108593,0.31435153964017876,0.005113044824682215,True,1,0.0030342741455572524,66.1735979022159,0.02358045578426804,0.003392164616640289,67.7390098751192,0.01979407858990112,Unknown,0,0.5706628526160793,0.5-1.0%,<0.8,<0.5x
2025-09-15,ABBV,216.05245971679688,218.0282217702049,212.77607639615232,218.0282217702049,5162100.0,216.7772216796875,4418800.0,71.25703797209108,3.733025890872425,0.017220563405819393,4568725.0,0.9671844989575866,0.0398589384463468,0.005770901946358092,0.33511690705821595,0.009061955545784463,True,1,0.0030342741455572524,66.1735979022159,0.02358045578426804,0.003392164616640289,67.7390098751192,0.01979407858990112,Unknown,0,0.5834237775879173,0.5-1.0%,0.8-1.2,<0.5x
2025-09-15,AMZN,231.42999267578125,233.72999572753906,230.32000732421875,230.6300048828125,33243300.0,228.14999389648438,38496200.0,49.35528870538025,4.927533189188408,0.021597779184794174,34638630.0,1.1113661250459386,0.004278318013708926,0.010870090084040718,0.5032966580051785,-0.003468706482381766,True,0,0.0030342741455572524,66.1735979022159,0.02358045578426804,0.003392164616640289,67.7390098751192,0.01979407858990112,Consumer Cyclical,0,0.5855000731808369,1.0-2.0%,0.8-1.2,0.5-1.0x
2025-09-15,AMD,161.16000366210938,162.3000030517578,157.60000610351562,160.00999450683594,36808700.0,158.57000732421875,42232800.0,46.26055375964665,6.327238486260031,0.039901861600618455,45054495.0,0.9373715097683372,-0.014134009855449325,0.009081081642841389,0.22758541277434127,-0.007187108272941706,True,0,0.0030342741455572524,66.1735979022159,0.02358045578426804,0.003392164616640289,67.7390098751192,0.01979407858990112,Technology,1,0.5005387985846522,0.5-1.0%,0.8-1.2,<0.5x
2025-09-16,TSLA,421.6199951171875,423.25,411.42999267578125,414.5,104285700.0,410.0400085449219,163823700.0,77.75697361675536,14.894239733529876,0.03632386943504353,84587640.0,1.9367333099729465,0.18018541173466818,0.010876966545057301,0.2994440491673975,-0.01717731029478287,True,0,0.0015716780758336642,69.85486425524158,0.029156539034575824,0.0008473107621727576,70.47127137654995,0.02108877704314449,Consumer Cyclical,0,0.6412045261255188,1.0-2.0%,1.2-2.0,<0.5x
2025-09-16,AMZN,234.0500030517578,235.89999389648438,232.22999572753906,232.94000244140625,38203900.0,231.42999267578125,33243300.0,53.1782003276961,4.974138092178857,0.02149305729420866,34318335.0,0.9686746166444263,0.013840543913670622,0.006524693485776617,0.3035721440864863,-0.004765178151961135,True,0,0.0015716780758336642,69.85486425524158,0.029156539034575824,0.0008473107621727576,70.47127137654995,0.02108877704314449,Consumer Cyclical,0,0.5493141044875193,0.5-1.0%,0.8-1.2,<0.5x
2025-09-18,GOOGL,251.86524963378906,253.82397511354577,249.6367116291099,251.51547232528497,31239500.0,249.36688232421875,34108000.0,84.05214376782719,5.668205384926679,0.022730385575246766,39191105.0,0.8702995233229581,0.10417716569861812,0.008616180228265827,0.37906001197132305,-0.0013906790913114108,True,0,0.008321983570130382,67.08165680628198,0.028835942234019862,0.004111181244743786,67.32548604297345,0.018460801142500927,Unknown,0,0.600939576114459,0.5-1.0%,0.8-1.2,<0.5x
2025-09-18,AVGO,344.1009216308594,349.43157748264656,342.54656637339025,348.73409712551546,24663900.0,344.9179382324219,45197100.0,60.39643100295405,13.702278025139739,0.039726197179998514,28456300.0,1.5882985490032084,0.07437763723124902,0.011063961801030132,0.27850543435858127,0.013285696847098166,True,1,0.008321983570130382,67.08165680628198,0.028835942234019862,0.004111181244743786,67.32548604297345,0.018460801142500927,Unknown,0,0.6816502130827329,1.0-2.0%,1.2-2.0,<0.5x
2025-09-18,CRM,243.88633728027344,246.89148112821167,242.5584787704777,243.7665355373202,9344400.0,241.81967163085938,10124000.0,44.66875874271099,6.4796670508593595,0.026795450540312737,10188110.0,0.9937073706506899,-0.01292109331704483,0.008050891365995835,0.3004573986872725,-0.0004914609902838248,True,0,0.008321983570130382,67.08165680628198,0.028835942234019862,0.004111181244743786,67.32548604297345,0.018460801142500927,Unknown,0,0.5703829416014159,0.5-1.0%,0.8-1.2,<0.5x
2025-09-18,TSLA,416.8500061035156,432.2200012207031,416.55999755859375,428.8699951171875,90454500.0,425.8599853515625,106133500.0,80.54186771833362,15.050082559768347,0.03534044774679634,88462970.0,1.1997505849057521,0.18587686265055736,0.0070680737077002675,0.19999955174141784,0.028027115793883988,True,1,0.008321983570130382,67.08165680628198,0.028835942234019862,0.004111181244743786,67.32548604297345,0.018460801142500927,Consumer Cyclical,0,0.7284034378762276,0.5-1.0%,0.8-1.2,<0.5x
2025-09-18,INTC,30.56999969482422,32.380001068115234,30.15999984741211,31.780000686645508,523908000.0,24.899999618530273,63093700.0,57.706109598822835,0.8726983494476047,0.035048127020779286,80009965.0,0.7885730233727761,0.2769719363313279,0.27630526801274413,7.883595829498353,0.038074290927556584,True,1,0.008321983570130382,67.08165680628198,0.028835942234019862,0.004111181244743786,67.32548604297345,0.018460801142500927,Unknown,0,0.6212094830700366,>2.0%,<0.8,>2.0x
2025-09-18,META,779.0883178710938,787.6056471582369,772.2085614820411,779.5875734416616,10955000.0,774.5650634765625,9400900.0,60.171039468427686,15.911290057772565,0.020542225318498402,9665550.0,0.9726192508444941,0.03490235225309357,0.00648429706157414,0.31565699241624956,0.0006404098623118599,True,0,0.008321983570130382,67.08165680628198,0.028835942234019862,0.004111181244743786,67.32548604297345,0.018460801142500927,Unknown,0,0.6250226057767119,0.5-1.0%,0.8-1.2,<0.5x
2025-09-19,NFLX,122.6969985961914,122.99500274658203,120.80999755859375,121.86199951171875,49476000.0,120.77799987792969,31691000.0,47.266037079324086,2.820304205527616,0.023351141833596326,27610750.0,1.1477775866283966,-0.0035377671520832044,0.008975141456926433,0.3843555711701215,-0.00685200544729581,True,0,0.003376281631011962,71.08179933536938,0.029952090755094307,0.0028784234156631933,69.99393034815978,0.01968932394231082,Unknown,0,0.5751196178218816,0.5-1.0%,0.8-1.2,<0.5x
2025-09-19,TSLA,426.07000732421875,429.4700012207031,421.7200012207031,421.82000732421875,93131000.0,416.8500061035156,90454500.0,74.50482919716677,15.093648352792707,0.03620882363390089,89111605.0,1.0150698104921352,0.15209659322199154,0.011922756742071232,0.3292776606779466,-0.010075387431145177,True,0,0.003376281631011962,71.08179933536938,0.029952090755094307,0.0028784234156631933,69.99393034815978,0.01968932394231082,Consumer Cyclical,0,0.5359124578728043,1.0-2.0%,0.8-1.2,<0.5x
2025-09-19,META,777.2210693359375,789.6225600448605,768.0447499547826,785.2490765825911,23696800.0,779.0883178710938,10955000.0,61.80848683759658,15.874561173374227,0.020375817233086527,9618390.0,1.1389640054104688,0.039193330541130944,0.007907651251057132,0.3880900167388909,0.01022351695285213,True,1,0.003376281631011962,71.08179933536938,0.029952090755094307,0.0028784234156631933,69.99393034815978,0.01968932394231082,Unknown,0,0.5550108702687198,0.5-1.0%,0.8-1.2,<0.5x
2025-09-19,CRM,246.69180297851562,246.80162631939768,242.95783985692353,245.6235352392074,11813900.0,243.88633728027344,9344400.0,46.96601950779436,6.379105797037425,0.026156060516446956,10245575.0,0.9120425159154074,-0.005549795597080576,0.007122981870598102,0.27232624982340764,-0.004349207571936717,True,0,0.003376281631011962,71.08179933536938,0.029952090755094307,0.0028784234156631933,69.99393034815978,0.01968932394231082,Unknown,0,0.5942420505122948,0.5-1.0%,0.8-1.2,<0.5x
2025-09-19,AAPL,245.26223754882812,246.06146581163878,239.9773675285625,240.99636870073516,163741300.0,237.64962768554688,44249600.0,60.4461842949156,4.540748039750179,0.019106901550708103,49099910.0,0.9012155012096763,0.030203986420030304,0.014082668875949703,0.7370461839966825,-0.017700967326151878,True,0,0.003376281631011962,71.08179933536938,0.029952090755094307,0.0028784234156631933,69.99393034815978,0.01968932394231082,Unknown,0,0.5013411282837625,1.0-2.0%,0.8-1.2,0.5-1.0x
2025-09-19,V,340.9346618652344,342.01254388602956,337.5813188166458,339.77698185363715,13674300.0,337.511474609375,7526600.0,42.78429710315707,5.714992428502259,0.016932735205867026,5289940.0,1.4228138693444539,-0.014391125226405954,0.006712385843723325,0.39641474115756264,-0.003407176099103458,True,0,0.003376281631011962,71.08179933536938,0.029952090755094307,0.0028784234156631933,69.99393034815978,0.01968932394231082,Financial Services,0,0.5319358188964813,0.5-1.0%,1.2-2.0,<0.5x
2025-09-22,AAPL,255.8319854736328,256.3914711896616,247.8797028858207,248.05953649140056,105517400.0,245.26223754882812,163741300.0,67.9311168900841,4.817254474488874,0.01964124001571921,55755915.0,2.9367520916839047,0.05480931756420149,0.011405338916128651,0.580683241333071,-0.03133299808653676,True,0,-0.001530047058229892,73.68992971967583,0.029326213094654996,-0.002260096647637066,72.56367479932442,0.017918544810293202,Unknown,0,0.5429328936936579,1.0-2.0%,>2.0,0.5-1.0x
2025-09-23,INTC,29.34000015258789,30.200000762939453,28.81999969482422,28.989999771118164,126317900.0,28.760000228881836,130314500.0,66.79568656466684,1.3434980117897273,0.046714116867097165,101049510.0,1.2896104097882315,0.13461574724283776,0.007997202378508823,0.17119455348500037,-0.012073141919042754,True,0,0.00028233824319385924,75.76261946240457,0.03399007665540621,-0.00017996577748092863,74.79518040396074,0.022456681768133313,Unknown,0,0.5289013735749309,0.5-1.0%,1.2-2.0,<0.5x
2025-09-24,CVX,157.4218292236328,158.71737278128862,156.50210843633351,156.57134252066982,6285200.0,155.6812744140625,7181400.0,52.714221793632,2.6867233072726013,0.01725784502590064,7938275.0,0.9046549785690217,0.0032381033764414813,0.005717245763546482,0.331283874375162,-0.005431943606479066,True,0,0.0023069009184658465,69.14205602057632,0.027132548295820902,0.00196006597900952,67.91793280029401,0.01769222392994707,Unknown,0,0.5278749741978568,0.5-1.0%,0.8-1.2,<0.5x
2025-09-24,XOM,113.5666732788086,114.7562728834336,113.47745727916364,113.57658868873862,14756100.0,112.96196746826172,25369100.0,57.76381201657248,1.8864215825767838,0.016699616914044993,16428810.0,1.5441836627242023,0.01590309948642421,0.005440957113725842,0.32581328911502133,8.730152969468294e-05,True,0,0.0023069009184658465,69.14205602057632,0.027132548295820902,0.00196006597900952,67.91793280029401,0.01769222392994707,Unknown,0,0.5955739706493868,0.5-1.0%,1.2-2.0,<0.5x
2025-09-24,TSLA,442.7900085449219,444.2099914550781,429.0299987792969,429.8299865722656,93133600.0,425.8500061035156,83422700.0,72.61101084701296,15.348449443292337,0.03604191434380639,90973195.0,0.9170030798632498,0.13433903959816162,0.009345967856538075,0.2593083088591306,-0.030151507287817698,True,0,0.0023069009184658465,69.14205602057632,0.027132548295820902,0.00196006597900952,67.91793280029401,0.01769222392994707,Consumer Cyclical,0,0.5724977298701249,0.5-1.0%,0.8-1.2,<0.5x
2025-09-24,AMZN,220.2100067138672,224.55999755859375,219.4499969482422,224.14999389648438,49509000.0,220.7100067138672,70956200.0,39.62310935128368,5.068600481226455,0.022964978147988955,41814885.0,1.696912475067192,-0.026254021607367117,0.01558600461227322,0.6786858019996892,0.01757745835334142,True,1,0.0023069009184658465,69.14205602057632,0.027132548295820902,0.00196006597900952,67.91793280029401,0.01769222392994707,Consumer Cyclical,0,0.5438901946648221,1.0-2.0%,1.2-2.0,0.5-1.0x
2025-09-24,AMD,160.8800048828125,165.10000610351562,158.42999267578125,162.97999572753906,38464100.0,160.89999389648438,39448300.0,49.98069135329241,5.852445974912624,0.03637318953957088,45171885.0,0.8732931999627644,0.01974349783328333,0.012927295897803854,0.35540726731539657,0.012884960730010149,True,1,0.0023069009184658465,69.14205602057632,0.027132548295820902,0.00196006597900952,67.91793280029401,0.01769222392994707,Technology,1,0.5005387985846522,1.0-2.0%,0.8-1.2,<0.5x
2025-09-25,INTC,33.9900016784668,34.25,31.209999084472656,31.610000610351562,295709300.0,31.219999313354492,164458500.0,73.21398839688885,1.4303632042094727,0.04581560652365641,103819140.0,1.5840865181506993,0.2042134329907217,0.01249203413115533,0.2726589273614701,-0.07529266125151031,True,0,-0.0065424836367798354,65.88670926432702,0.01311070160081429,-0.004779800178643262,64.22130203224869,0.006883433808924977,Unknown,0,0.5354861136832388,1.0-2.0%,1.2-2.0,<0.5x
2025-09-26,GOOGL,246.3788299560547,249.25695217808112,245.80921049475367,246.90849752367055,18503200.0,245.6293182373047,31020400.0,67.79036520618833,5.476334573623706,0.022295117752730846,40789995.0,0.760490409474186,0.02551285630954614,0.005207763045330091,0.2335831146122658,0.0021451978078036054,True,1,0.0013815191232853829,62.03734978846076,0.015115738788614275,0.002218707824069778,59.20532372832479,0.008322121707313057,Unknown,0,0.5066490277103105,0.5-1.0%,<0.8,<0.5x
2025-09-26,INTC,35.5,36.29999923706055,34.4900016784668,35.02000045776367,268583300.0,33.9900016784668,295709300.0,78.37071266931734,1.5453373264464634,0.04546446749443555,114057885.0,2.5926247887202187,0.30316675729760645,0.03030299289303641,0.666520352333286,-0.013706440204512213,True,0,0.0013815191232853829,62.03734978846076,0.015115738788614275,0.002218707824069778,59.20532372832479,0.008322121707313057,Unknown,0,0.5581709074218384,>2.0%,>2.0,0.5-1.0x
2025-09-26,PFE,23.348861694335938,23.397995754087752,23.20145764073626,23.319380133878308,33374500.0,23.19162940979004,56738300.0,37.3336058822679,0.4415056574769861,0.019037284947758363,47240295.0,1.2010572753620612,-0.02385849967956677,0.005508484196213521,0.28935240562557973,-0.0012642514633053469,True,0,0.0013815191232853829,62.03734978846076,0.015115738788614275,0.002218707824069778,59.20532372832479,0.008322121707313057,Unknown,0,0.5198809266066102,0.5-1.0%,1.2-2.0,<0.5x
2025-09-29,TSLA,443.2099914550781,450.9800109863281,439.5,444.3500061035156,79491500.0,440.3999938964844,101628200.0,69.57878441184987,16.381489556460966,0.037196843286767665,95044915.0,1.0692649890843713,0.12920196259479488,0.00896914682510122,0.24112655893818516,0.002565578109099705,True,1,0.005268765444016696,64.1772453776768,0.02054471709386374,0.0038378480562618494,63.047338847003694,0.013923230902900485,Consumer Cyclical,0,0.6328163146117367,0.5-1.0%,0.8-1.2,<0.5x
2025-09-29,GOOGL,243.89047241210938,250.98582213384148,242.61131034259105,247.6879914773483,32505800.0,246.3788299560547,18503200.0,68.46146322839496,5.34428452842033,0.02169133009266081,40098190.0,0.4614472623327886,0.021415874774735277,0.005313612056389447,0.2449647870227787,0.015331865879279913,True,1,0.005268765444016696,64.1772453776768,0.02054471709386374,0.0038378480562618494,63.047338847003694,0.013923230902900485,Unknown,0,0.5968544362037225,0.5-1.0%,<0.8,<0.5x
2025-09-29,META,742.794189453125,750.1681799899285,738.5476529969768,748.1098002440084,9246800.0,743.1439208984375,9696300.0,43.89107937549962,16.120741452308877,0.021692623728684225,10901215.0,0.8894696600333082,-0.011147752601582961,0.006682257912528311,0.30804286268480935,0.007105388526055431,True,1,0.005268765444016696,64.1772453776768,0.02054471709386374,0.0038378480562618494,63.047338847003694,0.013923230902900485,Unknown,0,0.5429335670646327,0.5-1.0%,0.8-1.2,<0.5x
2025-09-29,CSCO,66.95526123046875,67.1826596909189,66.6784243864921,66.95526123046875,14358300.0,66.46090698242188,15077400.0,46.61575883983006,1.149655320036123,0.017298218941553013,18929150.0,0.7965175404072555,0.002598330642179736,0.0074382711655985355,0.43000214014696336,0.0,True,0,0.005268765444016696,64.1772453776768,0.02054471709386374,0.0038378480562618494,63.047338847003694,0.013923230902900485,Unknown,0,0.5256520421635816,0.5-1.0%,<0.8,<0.5x
2025-09-29,CRM,244.70501708984375,245.42385799816446,242.47859986042315,244.32562460095255,6373500.0,243.03770446777344,4974600.0,46.7457597149788,6.1601642477917595,0.02534653732548149,10530850.0,0.47238352079841606,-0.005190840207838887,0.00529926060649528,0.20907236907535312,-0.0015528149759602402,True,0,0.005268765444016696,64.1772453776768,0.02054471709386374,0.0038378480562618494,63.047338847003694,0.013923230902900485,Unknown,0,0.5159640411468052,0.5-1.0%,<0.8,<0.5x
2025-10-01,PFE,26.73916244506836,26.9750111802223,25.137368479190027,25.520619393712767,150879900.0,25.039098739624023,164867300.0,63.58163785742515,0.5082939299163193,0.020300009005993144,52808510.0,3.1219835590892453,0.0665297629701469,0.019230750239693895,0.9473271777375284,-0.04774739329625327,True,0,-0.00533009543882245,67.80287800842733,0.011829210435167381,-0.004518260599758751,67.07910500619573,0.00839739850668364,Unknown,0,0.5727524114197858,1.0-2.0%,>2.0,0.5-1.0x
2025-10-01,ABBV,242.630859375,243.05777438590601,230.33946415539563,231.967725278787,12243100.0,229.88275146484375,9187300.0,76.62866544518918,4.053141352683545,0.01763134174641805,5570240.0,1.6493544263801918,0.0649552774742772,0.009069727070245606,0.514409351295581,-0.04596817976896434,True,0,-0.00533009543882245,67.80287800842733,0.011829210435167381,-0.004518260599758751,67.07910500619573,0.00839739850668364,Unknown,0,0.5267004310776642,0.5-1.0%,1.2-2.0,0.5-1.0x
2025-10-02,TSLA,436.0,470.75,435.57000732421875,470.5400085449219,137009000.0,459.4599914550781,98122300.0,73.7530195149294,16.14951055966136,0.03514889404954928,96229955.0,1.0196648226635874,0.14184350912276278,0.024115303390735067,0.6860899622258329,0.07340504084175954,True,1,0.006315814272667441,70.0405118080222,0.025236029915996383,0.0029919198201318123,69.03311138810037,0.01727025964564577,Consumer Cyclical,0,0.5110465135288398,>2.0%,0.8-1.2,0.5-1.0x
2025-10-02,META,726.45751953125,727.176964520395,717.5548070653372,721.9911913779041,11415300.0,716.7554321289062,20419600.0,33.95286432933484,16.4818603235734,0.02299509649284275,11889840.0,1.717399056673597,-0.04248884352223026,0.007304805815627521,0.3176679783840503,-0.00618612554652088,True,0,0.006315814272667441,70.0405118080222,0.025236029915996383,0.0029919198201318123,69.03311138810037,0.01727025964564577,Unknown,0,0.6002989026348862,0.5-1.0%,1.2-2.0,<0.5x
2025-10-03,XOM,112.2779541015625,112.76370332123852,110.92974570294811,110.92974570294811,12950100.0,110.32503509521484,13062600.0,45.82297028569557,2.0238188083972606,0.018344148330889952,16933525.0,0.7714046543764514,-0.010548816000285899,0.00548117303757373,0.2987968118609198,-0.012153713957162336,True,0,0.0012877753145625402,71.85446796397292,0.02173723134539962,0.0011506700631172297,69.69020052969707,0.01477782182988241,Unknown,0,0.5001992498756493,0.5-1.0%,<0.8,<0.5x
2025-10-06,INTC,36.59000015258789,38.68000030517578,36.43000030517578,37.189998626708984,112086100.0,36.83000183105469,125359300.0,74.50339203418194,1.6974122963725833,0.04608776030364849,146012500.0,0.858551836315384,0.225188970905847,0.009774552749295581,0.21208565321673462,0.01613332875173028,True,1,0.008737008882417624,67.33972801462414,0.022686379881132535,0.0036012069504047927,69.6696939486733,0.015416159939359853,Unknown,0,0.6254549242907694,0.5-1.0%,0.8-1.2,<0.5x
2025-10-06,AMZN,220.89999389648438,221.72999572753906,216.02999877929688,221.0,43690900.0,219.50999450683594,43639000.0,41.555031294448696,4.729014684381482,0.021543505091902376,46487540.0,0.9387246561121539,-0.021745144690975438,0.006787870850762838,0.31507736655694973,0.00045251630550056563,True,0,0.008737008882417624,67.33972801462414,0.022686379881132535,0.0036012069504047927,69.6696939486733,0.015416159939359853,Consumer Cyclical,0,0.5755453924067634,0.5-1.0%,0.8-1.2,<0.5x
2025-10-06,AMD,203.7100067138672,226.7100067138672,203.00999450683594,226.4499969482422,248859600.0,164.6699981689453,42699100.0,54.08476420235628,5.74083783341138,0.034862682317646554,43692810.0,0.9772568987895263,0.3824786138476324,0.37517458836619944,10.761495198443068,0.10041947688598332,True,1,0.008737008882417624,67.33972801462414,0.022686379881132535,0.0036012069504047927,69.6696939486733,0.015416159939359853,Technology,1,0.553018448853531,>2.0%,0.8-1.2,>2.0x
2025-10-06,JPM,307.7916259765625,310.3500927332471,303.759824574425,308.78713549615594,7214500.0,307.1445617675781,6029900.0,55.0322553749902,5.110478084139348,0.0166386735116819,8772255.0,0.6873831187077895,0.00416279135845965,0.0053478847846923005,0.3214129287973339,0.0032239345657773797,True,1,0.008737008882417624,67.33972801462414,0.022686379881132535,0.0036012069504047927,69.6696939486733,0.015416159939359853,Unknown,0,0.5938639021117201,0.5-1.0%,<0.8,<0.5x
2025-10-06,TSLA,453.25,453.54998779296875,436.69000244140625,440.75,85324900.0,429.8299865722656,133188200.0,59.49649953200538,18.414628691569458,0.042841656624330184,101254775.0,1.3153769785178033,0.05183901822407644,0.0254054248630195,0.5930075273651186,-0.02836074872376631,True,0,0.008737008882417624,67.33972801462414,0.022686379881132535,0.0036012069504047927,69.6696939486733,0.015416159939359853,Consumer Cyclical,0,0.596352382212874,>2.0%,1.2-2.0,0.5-1.0x
2025-10-06,NFLX,116.33100128173828,116.35800170898438,114.54499816894531,116.03700256347656,29686000.0,115.33200073242188,31374000.0,34.226001474433986,2.7702185172627245,0.024019513228508198,31875950.0,0.9842530183414141,-0.03663798126341178,0.006112803268629146,0.2544932201779178,-0.00253366350187209,True,0,0.008737008882417624,67.33972801462414,0.022686379881132535,0.0036012069504047927,69.6696939486733,0.015416159939359853,Unknown,0,0.5764793379196564,0.5-1.0%,0.8-1.2,<0.5x
2025-10-06,CSCO,68.54322814941406,68.58300857011012,67.44907686060085,68.07572852397331,21952700.0,67.55848693847656,11113200.0,53.14648422177154,1.1086178389050134,0.01640974937633813,18607560.0,0.5972411213506769,0.015300287309018001,0.00765620440800849,0.466564371729423,-0.006867346638473633,True,0,0.008737008882417624,67.33972801462414,0.022686379881132535,0.0036012069504047927,69.6696939486733,0.015416159939359853,Unknown,0,0.565936907794404,0.5-1.0%,<0.8,<0.5x
2025-10-06,BAC,50.12948989868164,51.05468222788927,49.63207483114961,50.66669908241042,25386300.0,50.378196716308594,24565700.0,49.973578913659004,0.8663427699178498,0.017196780083186154,33167380.0,0.7406584421199384,-0.006146929037145754,0.005726730707064568,0.3330118010094097,0.010602806053242096,True,1,0.008737008882417624,67.33972801462414,0.022686379881132535,0.0036012069504047927,69.6696939486733,0.015416159939359853,Unknown,0,0.5570195567435731,0.5-1.0%,<0.8,<0.5x
2025-10-07,AMD,211.50999450683594,218.89999389648438,209.27999877929688,214.85000610351562,115748100.0,203.7100067138672,248859600.0,78.96724341019456,9.762207169947843,0.0479220796632731,54043340.0,4.604815320444665,0.29728982395414416,0.05468557764712941,1.1411353186543733,0.015545783112849697,True,1,0.0021556836514979795,70.844405427691,0.021203532740075914,0.0013847036302383586,71.83001957022091,0.014965790205371032,Technology,1,0.5502245652847897,>2.0%,>2.0,1.0-2.0x
2025-10-08,TSLA,438.69000244140625,441.3299865722656,425.2300109863281,437.57000732421875,71192100.0,433.0899963378906,102296100.0,57.58406493428486,18.9368984379895,0.043725088545372916,104184610.0,0.9818734264110601,0.02129081652980358,0.010344295698838733,0.23657575188451824,-0.0025595792637534143,True,0,0.0014887580132551942,65.49767936704316,0.013376876221471434,0.001688847263605822,66.53492682616003,0.010257948724708976,Consumer Cyclical,0,0.596277965818208,1.0-2.0%,0.8-1.2,<0.5x
2025-10-08,NFLX,121.42500305175781,121.73899841308594,119.19999694824219,119.71099853515625,28514000.0,119.10600280761719,33091000.0,47.138981901927465,2.7807141429588755,0.023346549102570006,32947400.0,1.0043584622762343,-0.0011664556672000836,0.005079473017965902,0.21756847213906874,-0.01431785330984605,True,0,0.0014887580132551942,65.49767936704316,0.013376876221471434,0.001688847263605822,66.53492682616003,0.010257948724708976,Unknown,0,0.6095820658205511,0.5-1.0%,0.8-1.2,<0.5x
2025-10-08,AMZN,225.22000122070312,226.72999572753906,221.19000244140625,222.9199981689453,46686000.0,221.77999877929688,31194700.0,45.41948559276325,4.649915607538075,0.020966343372403985,47182775.0,0.6611459372620623,-0.007983485735905571,0.005140226332054865,0.245165608554349,-0.010317616502108077,True,0,0.0014887580132551942,65.49767936704316,0.013376876221471434,0.001688847263605822,66.53492682616003,0.010257948724708976,Consumer Cyclical,0,0.579576628335842,0.5-1.0%,<0.8,<0.5x
2025-10-09,PEP,143.30831909179688,143.33802729742456,137.24758825692288,139.0994853699906,13706600.0,137.4951629638672,8256700.0,41.01320053952756,2.2292900064596335,0.01621358859762562,7042545.0,1.172402874245035,-0.004256934689428005,0.011668209786732692,0.719656214074744,-0.03025772317281558,True,0,6.532335318026753e-05,70.66170006766284,0.020623867779313132,0.0006240230430819767,70.31164456523095,0.013629879609604156,Unknown,0,0.5077506621546619,1.0-2.0%,0.8-1.2,0.5-1.0x
2025-10-10,CSCO,67.57838439941406,70.43310365587872,67.52864749433009,70.03523877035192,20961500.0,69.58763122558594,21209500.0,63.285291764003304,1.1665933020027544,0.016764377252919366,20405760.0,1.039387898318906,0.035242220906055444,0.006432285980750708,0.3836877376182037,0.03508025979598607,True,1,0.0011462511740037735,69.46603041349275,0.01839630256499558,0.0014452482394900132,66.36944272006014,0.010445644498007223,Unknown,0,0.5140730935305914,0.5-1.0%,0.8-1.2,<0.5x
2025-10-10,MA,556.6438598632812,568.5659544292115,555.8550666621728,566.728748229674,3553900.0,563.7032470703125,2579800.0,39.276585716390855,9.461430860510344,0.016784417882429174,2840790.0,0.9081276687118724,-0.014269865858875797,0.005367187744767648,0.31977205181398083,0.017794912288984027,True,1,0.0011462511740037735,69.46603041349275,0.01839630256499558,0.0014452482394900132,66.36944272006014,0.010445644498007223,Unknown,0,0.5436906528769563,0.5-1.0%,0.8-1.2,<0.5x
2025-10-10,HD,373.3353576660156,377.8163852346832,372.37158986117817,377.8163852346832,2992400.0,375.26287841796875,3321400.0,23.67449838316458,6.095265953843239,0.0162426562934752,3502500.0,0.9482940756602427,-0.05660349433631551,0.006804581437629819,0.41893279736290867,0.011860331483199572,True,1,0.0011462511740037735,69.46603041349275,0.01839630256499558,0.0014452482394900132,66.36944272006014,0.010445644498007223,Unknown,0,0.5256953500300744,0.5-1.0%,0.8-1.2,<0.5x
2025-10-10,PEP,148.6262969970703,149.35913464941973,143.59550107705212,144.21940360690348,17545200.0,143.30831909179688,13706600.0,56.48023305594644,2.505086366034065,0.0174803973831374,7420655.0,1.847087622319054,0.0300754746961025,0.006357513094009629,0.3636938540162967,-0.030556868770436934,True,0,0.0011462511740037735,69.46603041349275,0.01839630256499558,0.0014452482394900132,66.36944272006014,0.010445644498007223,Unknown,0,0.5414520944194711,0.5-1.0%,1.2-2.0,<0.5x
2025-10-14,AMD,218.08999633789062,224.97999572753906,215.89999389648438,219.1999969482422,71216300.0,216.4199981689453,63104000.0,69.08423737635233,11.694328809482215,0.054035342890785897,70476135.0,0.8953952994158945,0.20687565949793463,0.012845387685137613,0.23772196118196573,0.005063871468089743,True,1,-0.011129357029641827,55.36824272547708,-0.007902933168186466,-0.008853163164866304,52.63284037700186,-0.010843045901961945,Technology,1,0.5048606757022588,1.0-2.0%,0.8-1.2,<0.5x
2025-10-14,WMT,106.99189758300781,107.70045228852622,102.6806862328139,103.83833005402624,30859500.0,101.91226196289062,10871200.0,50.7971626940678,1.7259617843941895,0.016935761714548785,15822740.0,0.6870617857589773,0.012666851007779867,0.018899277221782786,1.1159390135695655,-0.030369975396761416,True,0,-0.011129357029641827,55.36824272547708,-0.007902933168186466,-0.008853163164866304,52.63284037700186,-0.010843045901961945,Unknown,0,0.7128594590808115,1.0-2.0%,<0.8,1.0-2.0x
2025-10-14,JNJ,189.64590454101562,193.1734949239154,184.7072598099331,191.7028367133322,13613300.0,189.69557189941406,7979500.0,76.69443608097548,2.6997576472069778,0.014232054128488157,9142805.0,0.8727627899752866,0.05060801258654779,0.01058150590348251,0.7434981491745186,0.010729795174562103,True,1,-0.011129357029641827,55.36824272547708,-0.007902933168186466,-0.008853163164866304,52.63284037700186,-0.010843045901961945,Unknown,0,0.6326972616166222,1.0-2.0%,0.8-1.2,0.5-1.0x
2025-10-15,INTC,37.150001525878906,37.4900016784668,35.63999938964844,36.400001525878906,99242700.0,35.630001068115234,117908300.0,61.64623277853198,1.8366295658131022,0.051547277876920275,166709425.0,0.7072683503047293,0.05252509207754685,0.021611014164485503,0.4192464676037063,-0.020604394740664524,True,0,0.010050179984283415,52.1468377895639,0.0051399055470200405,0.006931159493656455,51.83748341055614,0.002586167695464603,Unknown,0,0.5370976373889859,>2.0%,<0.8,<0.5x
2025-10-15,GOOGL,250.86590576171875,251.94520161834686,245.82920701293574,247.0883778879278,27007700.0,245.28955078125,22111600.0,57.23832206110822,5.77403544871678,0.023539671503846827,29687265.0,0.7448176852936773,0.0031931782678951137,0.0073334844511252955,0.3115372468102142,-0.01528816493143325,True,0,0.010050179984283415,52.1468377895639,0.0051399055470200405,0.006931159493656455,51.83748341055614,0.002586167695464603,Unknown,0,0.5152639372438123,0.5-1.0%,<0.8,<0.5x
2025-10-15,AMD,238.60000610351562,239.24000549316406,220.75999450683594,222.7100067138672,108481000.0,218.08999633789062,71216300.0,69.6567678669931,11.507591168165963,0.05276533248382952,72639625.0,0.9804056670171412,0.20547994104732936,0.021183962829815908,0.4014750183997789,-0.07134838539187667,True,0,0.010050179984283415,52.1468377895639,0.0051399055470200405,0.006931159493656455,51.83748341055614,0.002586167695464603,Technology,1,0.50216993031365,>2.0%,0.8-1.2,<0.5x
2025-10-15,AVGO,350.6590270996094,358.7136225658441,346.8363549208457,353.7930450422342,23918500.0,343.4728088378906,22078000.0,54.253490338519825,14.14660726534404,0.04118697871079755,24421900.0,0.9040246663854983,0.044574310802582895,0.030046734235706106,0.7295202313013815,0.008858336777792542,True,1,0.010050179984283415,52.1468377895639,0.0051399055470200405,0.006931159493656455,51.83748341055614,0.002586167695464603,Unknown,0,0.536341284830945,>2.0%,0.8-1.2,0.5-1.0x
2025-10-15,TSLA,435.1499938964844,440.510009765625,426.3299865722656,434.8999938964844,71558200.0,429.239990234375,72669400.0,54.228670195146925,19.43548601655974,0.0452788334235762,93820540.0,0.7745574689721462,0.00012877072786499077,0.01318610518795996,0.29122007328691685,-0.0005748447999737278,True,0,0.010050179984283415,52.1468377895639,0.0051399055470200405,0.006931159493656455,51.83748341055614,0.002586167695464603,Consumer Cyclical,0,0.5225612001079234,1.0-2.0%,<0.8,<0.5x
2025-10-15,JPM,304.3172912597656,310.71840983834574,304.0684138931284,305.014160038565,11354800.0,300.7235107421875,16178800.0,45.342693880493734,6.282312798424849,0.020890660603555943,9198405.0,1.7588701519448209,-0.00862625384560134,0.014267754741849662,0.6829728849944099,0.0022847095974537334,True,1,0.010050179984283415,52.1468377895639,0.0051399055470200405,0.006931159493656455,51.83748341055614,0.002586167695464603,Unknown,0,0.5712526129636787,1.0-2.0%,1.2-2.0,0.5-1.0x
2025-10-15,META,716.9652709960938,723.3101331023296,708.9318445822669,716.4756800447307,10246800.0,708.072509765625,8829800.0,39.936384248651414,17.453901418923312,0.024649878618646877,13074885.0,0.6753252514266855,-0.023809711617818752,0.011867669148583598,0.48144939503296663,-0.0006833322679319948,True,0,0.010050179984283415,52.1468377895639,0.0051399055470200405,0.006931159493656455,51.83748341055614,0.002586167695464603,Unknown,0,0.5662223326221908,1.0-2.0%,<0.8,<0.5x
2025-10-15,CSCO,69.14997100830078,69.92582577170401,68.45369984871817,68.941089660426,16260500.0,68.2945556640625,15402000.0,53.48153169728323,1.3959998692395468,0.02044086612271702,20292750.0,0.7589902797797243,0.01719898309210599,0.009466845344799812,0.4631332785981512,-0.003029852717786138,True,0,0.010050179984283415,52.1468377895639,0.0051399055470200405,0.006931159493656455,51.83748341055614,0.002586167695464603,Unknown,0,0.501816564020575,0.5-1.0%,<0.8,<0.5x
2025-10-15,BAC,52.00971984863281,52.57677273948624,50.96514893363839,51.303391341776916,69992200.0,49.8310432434082,42462600.0,48.672786520951995,0.9792701442804077,0.01965180900381708,31552790.0,1.3457637185174434,0.012119161121712185,0.029546804612875108,1.503515763212235,-0.013767676724340167,True,0,0.010050179984283415,52.1468377895639,0.0051399055470200405,0.006931159493656455,51.83748341055614,0.002586167695464603,Unknown,0,0.5583517617270649,>2.0%,1.2-2.0,1.0-2.0x
2025-10-15,AAPL,249.09852600097656,251.5761352503302,247.2303418581919,249.24838988167792,33893600.0,247.53004455566406,35478000.0,50.61207006188504,4.8269774999233315,0.01950057217736189,53463205.0,0.66359658011524,-0.01263438958251173,0.006941966697814102,0.35598784664754574,0.0006012631847792609,True,0,0.010050179984283415,52.1468377895639,0.0051399055470200405,0.006931159493656455,51.83748341055614,0.002586167695464603,Unknown,0,0.582594364641413,0.5-1.0%,<0.8,<0.5x
2025-10-16,PEP,151.1912078857422,152.88465115333304,150.8148838016132,150.90402352905767,8532900.0,149.69583129882812,6101100.0,65.13758203714056,2.8083176322181367,0.018760159236579362,7966640.0,0.7658310153339425,0.060643580098930894,0.008070981133854732,0.43021922319921396,-0.0019030927735947385,True,0,0.004798933981110893,55.106995015919026,0.00624287698120396,0.002480636926623476,54.52366512246995,0.0022289935758481594,Unknown,0,0.5427868565152526,0.5-1.0%,<0.8,<0.5x
2025-10-16,AVGO,353.4736633300781,362.5463002369994,348.822559012796,356.1185964559741,20317200.0,350.6590270996094,23918500.0,57.284708703623906,14.224764869816143,0.040565802590262164,23357970.0,1.0239973764843435,0.050063397683708155,0.015569453327701942,0.3838073533257147,0.00742711319267758,True,1,0.004798933981110893,55.106995015919026,0.00624287698120396,0.002480636926623476,54.52366512246995,0.0022289935758481594,Unknown,0,0.5883905107398397,1.0-2.0%,0.8-1.2,<0.5x
2025-10-16,BAC,50.179229736328125,52.487235304217876,49.74150585103032,52.328062637293606,49027700.0,52.00971984863281,69992200.0,62.883571959273084,1.1054458122659525,0.021254600399371534,33135505.0,2.112302196692038,0.031139998921164702,0.006120832597969884,0.2879768371533754,0.04106463707360784,True,1,0.004798933981110893,55.106995015919026,0.00624287698120396,0.002480636926623476,54.52366512246995,0.0022289935758481594,Unknown,0,0.5009117866398837,0.5-1.0%,>2.0,<0.5x
2025-10-16,CRM,245.6035614013672,256.3262437224176,242.27892599819603,252.78197687329362,24869700.0,236.19874572753906,8389200.0,43.78635569270277,7.1975084708732044,0.030472255255646886,8551825.0,0.9809835912217567,0.041957746064508195,0.07020880273802854,2.3040238455937057,0.02839765540533213,True,1,0.004798933981110893,55.106995015919026,0.00624287698120396,0.002480636926623476,54.52366512246995,0.0022289935758481594,Unknown,0,0.7126297433655865,>2.0%,0.8-1.2,>2.0x
2025-10-16,NFLX,118.35900115966797,121.6709976196289,117.5999984741211,121.21499633789062,28326000.0,120.3290023803711,20252000.0,48.97331072255197,2.6272570361016268,0.02183394679693782,30878250.0,0.6558661841263672,0.007719879369630478,0.007363095679284554,0.33723154809176403,0.023561401348901414,True,1,0.004798933981110893,55.106995015919026,0.00624287698120396,0.002480636926623476,54.52366512246995,0.0022289935758481594,Unknown,0,0.632060066263986,0.5-1.0%,<0.8,<0.5x
2025-10-17,PEP,152.22113037109375,152.41919009526555,150.27021111047537,152.28054677724646,6710100.0,151.1912078857422,8532900.0,67.28206516192046,2.835496362381478,0.018754373366236428,8087955.0,1.0550132882786811,0.06575640499463398,0.007205041263560124,0.384179259037862,0.000390177257766352,True,0,-0.0034000137271711153,53.23302784470799,-0.005181612385426582,-0.0017256204526679571,49.905148486728514,-0.007999145084144232,Unknown,0,0.5359377138510802,0.5-1.0%,0.8-1.2,<0.5x
2025-10-17,V,341.2141418457031,342.7710554887772,336.3337941303852,337.1022609743228,6267100.0,334.7369689941406,6241500.0,40.04202315729554,6.603077024543095,0.019726166023385002,6402255.0,0.9748908782921017,-0.017180543548182103,0.007066121161608478,0.3582105693134552,-0.01219772557886678,True,0,-0.0034000137271711153,53.23302784470799,-0.005181612385426582,-0.0017256204526679571,49.905148486728514,-0.007999145084144232,Financial Services,0,0.5391686890636911,0.5-1.0%,0.8-1.2,<0.5x
2025-10-17,PG,150.34861755371094,150.97424745464548,149.38535237248615,149.52439470853963,8612900.0,148.56112670898438,8809700.0,41.89922645326417,2.1577803098163497,0.014524528439012276,7866685.0,1.1198745087670348,-0.00465046591113949,0.006483984208346758,0.4464161597791394,-0.005512296818040442,True,0,-0.0034000137271711153,53.23302784470799,-0.005181612385426582,-0.0017256204526679571,49.905148486728514,-0.007999145084144232,Unknown,0,0.5275690524460523,0.5-1.0%,0.8-1.2,<0.5x
2025-10-17,XOM,111.26679229736328,111.9309886393161,110.21598571831368,110.66208085309158,13460100.0,109.68067169189453,11782200.0,43.30857125547711,2.0815896052953407,0.018978636556336585,15722815.0,0.7493696262405937,-0.01272676975665854,0.00894787701477558,0.471471013642867,-0.005464486476397271,True,0,-0.0034000137271711153,53.23302784470799,-0.005181612385426582,-0.0017256204526679571,49.905148486728514,-0.007999145084144232,Unknown,0,0.516988736930596,0.5-1.0%,<0.8,<0.5x
2025-10-20,AAPL,261.98602294921875,264.1239650925819,255.3824390623343,255.64218177653177,90483000.0,252.045654296875,49147000.0,56.51742856840488,4.847370712034153,0.019232113823016442,46879140.0,1.0483767406995947,0.009493719275448065,0.01426934929582463,0.7419542868318241,-0.02481531462688115,True,0,0.005315165023582339,56.075169595233234,0.00919113944174188,0.00441000740511077,53.422505566310974,0.0033582151301094765,Unknown,0,0.5166128227358833,1.0-2.0%,0.8-1.2,0.5-1.0x
2025-10-20,AMD,240.55999755859375,242.8800048828125,234.39999389648438,236.47000122070312,56741700.0,233.0800018310547,55804200.0,71.46721861903305,11.644084558230272,0.04995745866979335,75249135.0,0.7415925777751465,0.20039799434447358,0.014544359717766086,0.29113489967335543,-0.017296047349673473,True,0,0.005315165023582339,56.075169595233234,0.00919113944174188,0.00441000740511077,53.422505566310974,0.0033582151301094765,Technology,1,0.5005387985846522,1.0-2.0%,<0.8,<0.5x
2025-10-20,CRM,253.87022399902344,254.988414232794,243.90631113516227,244.60518003126887,9963900.0,242.6882781982422,10851200.0,49.72792712962053,8.155723782334647,0.03360575897148427,9279955.0,1.169316015002228,0.011560715216254236,0.007898617301412662,0.23503761090814618,-0.03787754603794644,True,0,0.005315165023582339,56.075169595233234,0.00919113944174188,0.00441000740511077,53.422505566310974,0.0033582151301094765,Unknown,0,0.5962591879313968,0.5-1.0%,0.8-1.2,<0.5x
2025-10-20,GOOGL,256.3822937011719,257.1617826336821,254.06381810029453,254.52352413042843,22350200.0,253.13442993164062,29671600.0,64.90233588649347,5.9451900557045505,0.023486295630784238,27875145.0,1.064446480906198,0.032552878652119865,0.005487575116363781,0.23365009121195943,-0.007302938214036896,True,0,0.005315165023582339,56.075169595233234,0.00919113944174188,0.00441000740511077,53.422505566310974,0.0033582151301094765,Unknown,0,0.5585628760460999,0.5-1.0%,0.8-1.2,<0.5x
2025-10-20,INTC,38.099998474121094,38.52000045776367,37.560001373291016,37.56999969482422,80230200.0,37.0099983215332,119394700.0,64.66952945325765,1.8561352845439691,0.050152266109777965,141173955.0,0.8457275281407254,0.051011981005675056,0.015131083455499508,0.3017028866129235,-0.014106967889326057,True,0,0.005315165023582339,56.075169595233234,0.00919113944174188,0.00441000740511077,53.422505566310974,0.0033582151301094765,Unknown,0,0.6234392681251618,1.0-2.0%,0.8-1.2,<0.5x
2025-10-20,META,731.5733032226562,733.1720358988009,719.5930841941394,720.602270855396,8900200.0,716.3357543945312,12232400.0,44.28613481023251,17.231605318991164,0.024055207649876197,12447060.0,0.9827541604202117,-0.006551478475338324,0.005956028907800281,0.2475983161106046,-0.015224809594670038,True,0,0.005315165023582339,56.075169595233234,0.00919113944174188,0.00441000740511077,53.422505566310974,0.0033582151301094765,Unknown,0,0.5885451995282781,0.5-1.0%,0.8-1.2,<0.5x
2025-10-20,ABBV,232.05999755859375,232.25999450683594,230.0,231.0,5246700.0,229.57000732421875,7150000.0,59.50645531887783,4.475763462837314,0.019496290107776367,6444775.0,1.1094258527256575,0.014582020920957062,0.006229004792257945,0.3194969277654224,-0.004588734019886364,True,0,0.005315165023582339,56.075169595233234,0.00919113944174188,0.00441000740511077,53.422505566310974,0.0033582151301094765,Unknown,0,0.5177316365106338,0.5-1.0%,0.8-1.2,<0.5x
2025-10-20,MRK,85.58847045898438,86.26270801965859,84.30940181161394,84.52753860547006,8611800.0,84.07144165039062,10758900.0,51.42563333921226,1.9007257916972218,0.022608459595606215,13013785.0,0.8267310394324172,0.00774275308994854,0.0054251116208533815,0.23995936556012473,-0.012551316068319331,True,0,0.005315165023582339,56.075169595233234,0.00919113944174188,0.00441000740511077,53.422505566310974,0.0033582151301094765,Unknown,0,0.6211924546331217,0.5-1.0%,0.8-1.2,<0.5x
2025-10-20,NFLX,123.85600280761719,124.7760009765625,120.69000244140625,120.78800201416016,39862000.0,119.93599700927734,29571000.0,48.47943655700612,2.7079970685168364,0.02257868476557014,29714750.0,0.9951623352038971,0.0073381354974833,0.0071038305940534915,0.31462552703184926,-0.02539988030514293,True,0,0.005315165023582339,56.075169595233234,0.00919113944174188,0.00441000740511077,53.422505566310974,0.0033582151301094765,Unknown,0,0.6010455341707588,0.5-1.0%,0.8-1.2,<0.5x
2025-10-20,TSLA,447.42999267578125,449.79998779296875,440.6099853515625,443.8699951171875,63719000.0,439.30999755859375,89331600.0,56.752220115317556,18.906714789410174,0.043037296884846005,91238575.0,0.9790990269192609,0.016659540424164287,0.010379908456295835,0.24118402426781446,-0.008020360911428276,True,0,0.005315165023582339,56.075169595233234,0.00919113944174188,0.00441000740511077,53.422505566310974,0.0033582151301094765,Consumer Cyclical,0,0.533504389014112,1.0-2.0%,0.8-1.2,<0.5x
2025-10-20,AVGO,348.5730285644531,355.9089979812152,347.17570830871205,353.12431765989385,15640200.0,348.6628723144531,20937900.0,55.66048840391812,14.1286541422829,0.040522393590392114,22125525.0,0.9463233075825319,0.038584333338847365,0.01279587159890377,0.31577284718782456,0.01288863119255419,True,1,0.005315165023582339,56.075169595233234,0.00919113944174188,0.00441000740511077,53.422505566310974,0.0033582151301094765,Unknown,0,0.5660388513249182,1.0-2.0%,0.8-1.2,<0.5x
2025-10-21,PEP,151.69625854492188,153.6867989265854,151.35955548418895,153.20153973130147,5614300.0,152.1518096923828,4810600.0,68.49305922193199,2.7076787646642786,0.01779590246174925,7755835.0,0.620255588211972,0.0628649886327084,0.006899228087007145,0.387686328458837,0.009825496460542678,True,1,0.00016364420706964087,61.00452678486052,0.01516595584463798,0.00020852832782835074,59.11859860803811,0.008627009051170864,Unknown,0,0.5007237859081377,0.5-1.0%,<0.8,<0.5x
2025-10-23,GOOGL,252.91456604003906,254.8732762688867,251.68537434804077,252.81462530948346,19901400.0,251.52548217773438,35029400.0,59.42701244211894,6.334673442600715,0.02518501659455908,28753755.0,1.2182547983732908,0.023048696360272958,0.005125298322013131,0.20350585447382194,-0.0003953122982234881,True,0,-0.0009578992611833192,55.29398545258104,0.00228985922712166,0.00047921021992335734,55.15696156904325,0.002388509460925947,Unknown,0,0.5591025568932537,0.5-1.0%,1.2-2.0,<0.5x
2025-10-23,AAPL,259.3285827636719,260.36758405794774,257.76012648314656,259.68824995662277,32754900.0,258.19970703125,45015300.0,60.027226101730875,5.383723122102557,0.020851003992235217,45584035.0,0.9875233730405831,0.020659348597144467,0.0057650837117046395,0.2764895020811238,0.0013849960212330423,True,0,-0.0009578992611833192,55.29398545258104,0.00228985922712166,0.00047921021992335734,55.15696156904325,0.002388509460925947,Unknown,0,0.5638916761218329,0.5-1.0%,0.8-1.2,<0.5x
2025-10-23,NFLX,111.35900115966797,112.78299713134766,109.9729995727539,112.69000244140625,68497000.0,111.63700103759766,147890000.0,34.94653665479047,3.4982443192454507,0.031335885832935395,38446950.0,3.846599015006392,-0.05565428561605479,0.009432369143040298,0.3010085367724458,0.011811174486666128,True,1,-0.0009578992611833192,55.29398545258104,0.00228985922712166,0.00047921021992335734,55.15696156904325,0.002388509460925947,Unknown,0,0.7308280049175353,0.5-1.0%,>2.0,<0.5x
2025-10-23,MA,572.9094848632812,576.1246262858137,570.8125978565886,573.498565858622,2187500.0,570.5030517578125,1820500.0,50.653613125152354,11.014249906716161,0.019306206816562102,2575375.0,0.7068873465029365,0.010408684022974679,0.005250653947564034,0.2719671449422,0.001027170825543017,True,0,-0.0009578992611833192,55.29398545258104,0.00228985922712166,0.00047921021992335734,55.15696156904325,0.002388509460925947,Unknown,0,0.6235712471024603,0.5-1.0%,<0.8,<0.5x
2025-10-23,BAC,51.49240493774414,51.53219905302635,50.845767641798794,51.21385372072003,26028800.0,50.835819244384766,34955000.0,52.56138329097705,1.1945389857613478,0.023497978463154098,31586170.0,1.1066552228396163,0.013315985833193045,0.007436380134210641,0.31646893139642734,-0.005438981775187389,True,0,-0.0009578992611833192,55.29398545258104,0.00228985922712166,0.00047921021992335734,55.15696156904325,0.002388509460925947,Unknown,0,0.633696228570161,0.5-1.0%,0.8-1.2,<0.5x
2025-10-23,XOM,114.97437286376953,115.83682449420566,114.35974598931857,115.61873084316686,15001100.0,113.71537780761719,12938800.0,57.5650895148041,2.012699267213788,0.017699446688897762,13254895.0,0.9761525836304248,0.030928748592840227,0.016737868459354276,0.9456718480275064,0.005573127941279499,True,1,-0.0009578992611833192,55.29398545258104,0.00228985922712166,0.00047921021992335734,55.15696156904325,0.002388509460925947,Unknown,0,0.5575051740445583,1.0-2.0%,0.8-1.2,0.5-1.0x
2025-10-23,CVX,154.83078002929688,156.8383573118618,154.3956374495825,156.45266549625217,9810900.0,153.85171508789062,6036700.0,53.7039865718938,2.6035115206525514,0.016922213178873227,6507115.0,0.9277075939183493,0.027429508561566562,0.01690556655072516,0.9990162854011998,0.010366620867793035,True,1,-0.0009578992611833192,55.29398545258104,0.00228985922712166,0.00047921021992335734,55.15696156904325,0.002388509460925947,Unknown,0,0.5808152606207535,1.0-2.0%,0.8-1.2,0.5-1.0x
2025-10-24,AMD,252.9199981689453,253.38999938964844,241.9499969482422,243.36000061035156,71221100.0,234.99000549316406,39024400.0,67.4311698289517,11.262129434133247,0.047925993322557994,77315610.0,0.5047415392570789,0.14574923639692883,0.03561851534758565,0.7431982704638193,-0.039283356075842754,True,0,0.008860328718863851,58.79534115947212,0.01848089543142195,0.006996564729420798,58.542720285408365,0.013511338406676954,Technology,1,0.5005387985846522,>2.0%,<0.8,0.5-1.0x
2025-10-27,AMD,259.6700134277344,260.4200134277344,249.8000030517578,257.8800048828125,65613100.0,252.9199981689453,71221100.0,73.13793477797755,11.771976895729756,0.04654427084040353,79360820.0,0.8974340234891727,0.1845305785590723,0.019610970859465237,0.4213401672293813,-0.006941245971106997,True,0,0.012024123526054633,62.81294972074544,0.030293359242178353,0.008091488904615723,62.74255068517204,0.02138726692255477,Technology,1,0.5005387985846522,1.0-2.0%,0.8-1.2,<0.5x
2025-10-28,TSLA,460.54998779296875,467.0,451.6000061035156,454.7799987792969,80185700.0,452.4200134277344,105867500.0,58.38794682861327,19.470015190703826,0.04303526504760558,90135005.0,1.1745436747909428,0.0351671864951828,0.005216359315500227,0.12121127428237967,-0.012687429150709044,True,0,0.003614048259198369,68.40513189654615,0.0370569036728674,0.002641393650765088,67.84762719906507,0.026055699829725,Consumer Cyclical,0,0.5648918565442232,0.5-1.0%,0.8-1.2,<0.5x
2025-10-29,AMZN,230.3000030517578,232.82000732421875,227.75999450683594,231.6699981689453,52036200.0,229.25,47100000.0,59.00557713402879,5.079108115794418,0.022155324387325707,43812345.0,1.0750394666160874,0.04754109508533633,0.010556153408703653,0.47646124354389785,0.005913562947362875,True,1,0.004218620233332948,70.50441994289375,0.042667941572205326,0.002416046445048669,68.89320157553712,0.02699448027191842,Consumer Cyclical,0,0.5223261922675777,1.0-2.0%,0.8-1.2,<0.5x
2025-10-30,AAPL,271.13714599609375,273.87451306817263,268.2199910571769,271.72657092903916,69886500.0,269.4388122558594,51086700.0,69.72957238705493,4.947775738583009,0.018363262876487877,44618735.0,1.1449607435083042,0.05454560870626657,0.008490828229332167,0.46238123836933853,0.002169184010713964,True,1,-0.0056624740799868295,71.69935819215333,0.03479801165570762,-0.005077155273342724,69.08948904906221,0.018793090148073066,Unknown,0,0.6342007321485575,0.5-1.0%,0.8-1.2,<0.5x
2025-10-30,ABBV,228.1999969482422,229.64999389648438,226.41000366210938,227.0500030517578,5020700.0,225.13999938964844,5469300.0,48.36437914395439,3.852149302651042,0.017110017380714968,5468945.0,1.000064911971139,-0.007290048555991913,0.008483626487018609,0.49582804612347553,-0.005064936714500836,True,0,-0.0056624740799868295,71.69935819215333,0.03479801165570762,-0.005077155273342724,69.08948904906221,0.018793090148073066,Unknown,0,0.6263282861522039,0.5-1.0%,0.8-1.2,<0.5x
2025-10-30,GOOGL,281.2960205078125,291.3993974290424,279.87693527724974,291.3993974290424,74876000.0,274.3905334472656,43580300.0,74.49141210327228,6.513688788404101,0.023738751867895435,29188690.0,1.4930543302902597,0.1470325110919377,0.061987794433315035,2.61124909929018,0.034671921117098804,True,1,-0.0056624740799868295,71.69935819215333,0.03479801165570762,-0.005077155273342724,69.08948904906221,0.018793090148073066,Unknown,0,0.6965217784041287,>2.0%,1.2-2.0,>2.0x
2025-10-31,GOOGL,281.0061950683594,285.81304844327684,276.8489107040144,283.02486366213384,39267900.0,281.2960205078125,74876000.0,77.69696490384528,7.263344159359291,0.02582099862716531,31658325.0,2.36512828774106,0.10802030662773876,0.006145992222713736,0.23802302581154883,0.007132477930222721,True,1,0.012970169650603294,62.41264516853106,0.03596309081904203,0.007663681139118271,59.78291877801573,0.019598219899843006,Unknown,0,0.5804243941448922,0.5-1.0%,>2.0,<0.5x
2025-10-31,META,647.8216552734375,674.3400676801817,645.0439523217459,673.9603724515775,56953200.0,665.9268798828125,88440100.0,30.102475860371012,21.8077269664886,0.03274793017865002,16150025.0,5.476158705636679,-0.06463550947274654,0.012063625619345396,0.3683782624897089,0.0387837597677422,True,1,0.012970169650603294,62.41264516853106,0.03596309081904203,0.007663681139118271,59.78291877801573,0.019598219899843006,Unknown,0,0.5780511682429172,1.0-2.0%,>2.0,<0.5x
2025-10-31,AMD,256.1199951171875,262.1300048828125,253.41000366210938,259.6000061035156,34449200.0,254.83999633789062,45162500.0,68.09122440978807,11.326877195344252,0.04444701521783897,81495390.0,0.5541724507361705,0.09709458469525889,0.018678425027575874,0.42024025541492877,0.013405280834009183,True,1,0.012970169650603294,62.41264516853106,0.03596309081904203,0.007663681139118271,59.78291877801573,0.019598219899843006,Technology,1,0.5005387985846522,1.0-2.0%,<0.8,<0.5x
2025-11-03,AMZN,254.0,258.6000061035156,252.89999389648438,255.36000061035156,95997800.0,244.22000122070312,166340800.0,67.04411781469925,6.853310179420207,0.02806203482583242,53402270.0,3.1148638438028944,0.1396514905892694,0.045614607050882584,1.6254917839704268,0.005325816913772485,True,1,0.009601387125294054,63.97394917407733,0.035612301796887014,0.005292748845898328,61.433219445882166,0.019695082330396074,Consumer Cyclical,0,0.5725165805672486,>2.0%,>2.0,1.0-2.0x
2025-11-03,INTC,39.5,40.45000076293945,39.04999923706055,40.25,61267500.0,39.9900016784668,80471400.0,64.82546001327502,1.8362467833333314,0.04591764706831922,117283680.0,0.6861261515668676,0.052273834041793865,0.006501583161303118,0.14159225431629033,0.018633540372670808,True,1,0.009601387125294054,63.97394917407733,0.035612301796887014,0.005292748845898328,61.433219445882166,0.019695082330396074,Unknown,0,0.5373590861087644,0.5-1.0%,<0.8,<0.5x
2025-11-03,NFLX,110.00900268554688,113.3499984741211,107.51499938964844,113.3239974975586,58634000.0,111.88600158691406,68665000.0,40.60599794538733,3.051513026766583,0.027273412075559247,45084150.0,1.5230408025880493,-0.02810483949855047,0.012852330856845241,0.47124029883898205,0.029252363887738213,True,1,0.009601387125294054,63.97394917407733,0.035612301796887014,0.005292748845898328,61.433219445882166,0.019695082330396074,Unknown,0,0.5244786165980617,1.0-2.0%,1.2-2.0,<0.5x
2025-11-03,AMD,259.6499938964844,260.9100036621094,253.88999938964844,259.3299865722656,36351400.0,256.1199951171875,34449200.0,68.53261995333237,11.140671768584173,0.04349786030367043,81082895.0,0.4248639617517357,0.08401045119137773,0.012533154444304109,0.2881326657634821,-0.0012339773292263517,True,0,0.009601387125294054,63.97394917407733,0.035612301796887014,0.005292748845898328,61.433219445882166,0.019695082330396074,Technology,1,0.5005387985846522,1.0-2.0%,<0.8,<0.5x
2025-11-03,AVGO,361.85760498046875,374.13413323017323,361.28871669170906,371.289569949187,17198900.0,368.9241027832031,21598400.0,59.55185023766329,12.978955526780872,0.03518055727144482,21492325.0,1.0049354827828074,0.05130478975066999,0.006411798925954005,0.18225404664519917,0.025403258621051698,True,1,0.009601387125294054,63.97394917407733,0.035612301796887014,0.005292748845898328,61.433219445882166,0.019695082330396074,Unknown,0,0.5604373713534374,0.5-1.0%,0.8-1.2,<0.5x
2025-11-03,META,637.1903686523438,658.792746197499,635.6615861365713,655.4654426520216,33003600.0,647.8216552734375,56953200.0,27.05955918161629,22.34261185162769,0.034488831408695575,18189970.0,3.131022206193853,-0.08485841507987135,0.011799215596393936,0.34211700177869847,0.027881064066072873,True,1,0.009601387125294054,63.97394917407733,0.035612301796887014,0.005292748845898328,61.433219445882166,0.019695082330396074,Unknown,0,0.6298961804743893,1.0-2.0%,>2.0,<0.5x
2025-11-05,INTC,38.380001068115234,38.689998626708984,37.11000061035156,37.41999816894531,74631600.0,37.029998779296875,102250300.0,50.79094694601215,1.8811515880925793,0.050800746694712656,114298255.0,0.8945919603059557,-0.02055990596427426,0.010531984944770846,0.20731949095281735,-0.02565480882269588,True,0,-0.0012273106778934399,54.77900840580467,0.006971566715401556,-0.0003850669311504475,53.38698884357124,0.003375139038239716,Unknown,0,0.6131290897792651,1.0-2.0%,0.8-1.2,<0.5x
2025-11-05,TSLA,462.07000732421875,466.3299865722656,440.7099914550781,452.04998779296875,85573000.0,444.260009765625,87756600.0,51.97596777381,19.40229064259719,0.04367327739634525,82425315.0,1.0646801895752536,0.019864833453748565,0.017534727087980418,0.40149785253917747,-0.02216573344061011,True,0,-0.0012273106778934399,54.77900840580467,0.006971566715401556,-0.0003850669311504475,53.38698884357124,0.003375139038239716,Consumer Cyclical,0,0.6118264188123221,1.0-2.0%,0.8-1.2,<0.5x
2025-11-05,META,635.4317626953125,641.7066132741587,626.0293969573662,631.7947143740674,20219900.0,626.8087768554688,27356600.0,23.922262138334958,21.921667059222298,0.034973452620107544,19522100.0,1.4013144077737538,-0.10608610250712103,0.007954479424509334,0.22744335570506433,-0.005756693176593544,True,0,-0.0012273106778934399,54.77900840580467,0.006971566715401556,-0.0003850669311504475,53.38698884357124,0.003375139038239716,Unknown,0,0.5930995986053169,0.5-1.0%,1.2-2.0,<0.5x
2025-11-06,PFE,24.420000076293945,24.695153802926907,24.11536478994566,24.32173008492038,124137200.0,24.184152603149414,107240900.0,48.422244420472175,0.48525518302246284,0.020065006658917205,68700445.0,1.5609927999738575,0.006772813957903301,0.0056887451889899385,0.2835157389026717,-0.004040419453322299,True,0,-0.0023906374146783075,57.153488641341944,0.011037350960166226,-0.0016382446276142963,55.38923942762995,0.004999192211956327,Unknown,0,0.5906698187664002,0.5-1.0%,1.2-2.0,<0.5x
2025-11-07,KO,70.05792999267578,70.37569774955632,68.92588188527753,69.32308589924251,25108300.0,68.57831573486328,15906700.0,54.19432992590341,1.0221592609996035,0.014904992198284138,16137710.0,0.9856850817123372,0.01320750737680898,0.010860140795213679,0.728624386429662,-0.010600279602401496,True,0,-0.005493202798844948,49.14710227550235,-0.011579633304684811,-0.003580482365448266,48.42910837210588,-0.008361066882433432,Unknown,0,0.6450355299230494,1.0-2.0%,0.8-1.2,0.5-1.0x
2025-11-07,XOM,116.20361328125,116.49109966487235,113.90372977551294,114.21103941586294,17181100.0,113.5072021484375,14219700.0,52.90699554097453,1.8114022172358322,0.015958478254683748,12726240.0,1.1173528080564252,0.01138140946284616,0.006200815931530127,0.3885593496178254,-0.017446420902726734,True,0,-0.005493202798844948,49.14710227550235,-0.011579633304684811,-0.003580482365448266,48.42910837210588,-0.008361066882433432,Unknown,0,0.576112026682374,0.5-1.0%,0.8-1.2,<0.5x
2025-11-07,PG,146.97999572753906,147.94000244140625,146.0,146.9499969482422,8500100.0,146.1300048828125,10024500.0,37.067017330221915,2.442232885852713,0.016712740739393238,8211820.0,1.2207403474503824,-0.014434366798681486,0.005611387381306611,0.33575506667677385,-0.00020414276910424832,True,0,-0.005493202798844948,49.14710227550235,-0.011579633304684811,-0.003580482365448266,48.42910837210588,-0.008361066882433432,Unknown,0,0.5779789971496467,0.5-1.0%,1.2-2.0,<0.5x
2025-11-07,PEP,141.5653533935547,142.65470460799116,140.27794244312685,141.54554288665878,7592300.0,140.2086181640625,6449400.0,36.78628941750819,2.6014466276034347,0.018554113589218893,7077025.0,0.9113151359504876,-0.03986836756559775,0.009535253539350213,0.5139158760400602,-0.00013995853554902177,True,0,-0.005493202798844948,49.14710227550235,-0.011579633304684811,-0.003580482365448266,48.42910837210588,-0.008361066882433432,Unknown,0,0.7028715605452382,0.5-1.0%,0.8-1.2,0.5-1.0x
2025-11-10,PFE,24.389999389648438,24.889999389648438,23.90999984741211,24.65999984741211,148958600.0,24.43000030517578,117794500.0,52.217852554883656,0.4940069530885867,0.020221324065392073,75184900.0,1.566730819619365,0.019646135225305672,0.009414635258420363,0.46557956481856233,0.010948923740241081,True,1,0.015055626126951256,47.94469727413864,0.004163975966319455,0.00934474522241525,49.05494920995177,0.004204471422513789,Unknown,0,0.5545605241693103,0.5-1.0%,1.2-2.0,<0.5x
2025-11-11,JNJ,192.6071014404297,192.69652997893053,187.85726033703008,188.19511159082387,7465600.0,187.22129821777344,5323800.0,53.345631252552266,2.7289729580900652,0.014576188628474087,7953240.0,0.6693875703486881,-0.0006147452769830197,0.005201402737404938,0.35684244146265887,-0.0234437005951484,True,0,-0.004268043847792302,56.04014830133531,0.004650344027364195,-0.0021865943264035197,57.80371255773848,0.006586957353927669,Unknown,0,0.5054999308059488,0.5-1.0%,<0.8,<0.5x
2025-11-12,AMD,258.8900146484375,263.510009765625,250.0,253.1300048828125,108942000.0,237.52000427246094,61336800.0,52.63864831338038,12.439693028983454,0.052373243538316,56645980.0,1.0828094067752028,0.027054905696962894,0.06572078279539444,1.2548541651294414,-0.022755144212522803,True,0,0.005260870379364344,54.9085576035275,0.009632752615597706,0.0026207892791255587,58.93523131276137,0.012053755166141045,Technology,1,0.5747108584675046,>2.0%,0.8-1.2,1.0-2.0x
2025-11-12,NVDA,193.78921508789062,195.87909508520013,191.1193655455878,195.70910637927892,154935300.0,193.1492462158203,176483300.0,51.9533201560008,7.52598449331392,0.03896460711477261,187391420.0,0.9417896507748327,0.017411715900837788,0.013253275452073382,0.3401362527032559,0.009809923140048473,True,1,0.005260870379364344,54.9085576035275,0.009632752615597706,0.0026207892791255587,58.93523131276137,0.012053755166141045,Technology,1,0.5005387985846522,1.0-2.0%,0.8-1.2,<0.5x
2025-11-12,MRK,90.67499542236328,92.12262917320368,90.38745971137259,90.63534106306275,13218900.0,90.17922973632812,15436000.0,66.60133904389113,2.145879311273999,0.023795715682516472,10595420.0,1.4568558867888202,0.056329522682449396,0.005057831255248425,0.2125521805156122,-0.0004375154198728805,True,0,0.005260870379364344,54.9085576035275,0.009632752615597706,0.0026207892791255587,58.93523131276137,0.012053755166141045,Unknown,0,0.5386515596798984,0.5-1.0%,1.2-2.0,<0.5x
2025-11-13,CSCO,76.9681396484375,79.07685861000078,76.24202934739962,77.53510550095773,57638500.0,73.56634521484375,57591600.0,62.88208105414322,1.4734056030556322,0.020028256110218422,19581820.0,2.9410749358333392,0.08180499947498299,0.05394804206357645,2.6935965750933324,0.007312376101857801,True,1,-0.005699744403639094,54.558338189755965,-0.00327325361469899,-0.004214388573155892,59.22210988012293,0.004344257843709842,Unknown,0,0.5672156366737958,>2.0%,>2.0,>2.0x
2025-11-13,META,609.3930053710938,617.1466913787408,602.5086055074847,612.5704066192014,20973800.0,608.5137329101562,24493300.0,26.62064657506388,20.350718507015262,0.03344331837786138,22623085.0,1.0826684335933847,-0.09706076979676315,0.0066665277867182186,0.1993381072833756,0.005186997631250062,True,1,-0.005699744403639094,54.558338189755965,-0.00327325361469899,-0.004214388573155892,59.22210988012293,0.004344257843709842,Unknown,0,0.5474180265456514,0.5-1.0%,0.8-1.2,<0.5x
2025-11-14,ABBV,232.36000061035156,235.0,230.32000732421875,233.61000061035156,5461500.0,232.2899932861328,7968500.0,61.06278477782852,5.159280418996981,0.022210515166883767,5677475.0,1.4035288574586413,0.03800140728061363,0.005682583677174489,0.2558510522820881,0.005350798325132194,True,1,-0.014546440696382397,46.32441053124778,-0.03125264833414698,-0.009910022439924365,48.36434289537774,-0.017429514578521044,Unknown,0,0.5250011854387764,0.5-1.0%,1.2-2.0,<0.5x
2025-11-14,PG,147.6699981689453,149.3800048828125,147.61000061035156,149.10000610351562,9150800.0,147.9600067138672,7566800.0,46.03010945968183,2.354248277028684,0.015911382604770034,8170590.0,0.9261020317994172,0.00023889649758590537,0.007704780602322004,0.4842307418346038,0.009590931428785464,True,1,-0.014546440696382397,46.32441053124778,-0.03125264833414698,-0.009910022439924365,48.36434289537774,-0.017429514578521044,Unknown,0,0.6720135924253318,0.5-1.0%,0.8-1.2,<0.5x
2025-11-14,PEP,144.43727111816406,145.41767209110108,142.53585535946084,144.47687702060037,5770500.0,143.6153106689453,6663300.0,47.85318680553311,2.505437643370053,0.01744547730809468,6403250.0,1.0406121891227111,-0.008343669900951034,0.005999126051686061,0.3438785850188504,0.0002741331571740692,True,0,-0.014546440696382397,46.32441053124778,-0.03125264833414698,-0.009910022439924365,48.36434289537774,-0.017429514578521044,Unknown,0,0.5764832629520628,0.5-1.0%,0.8-1.2,<0.5x
2025-11-14,XOM,119.29000091552734,119.4800033569336,116.66000366210938,118.44999694824219,17064300.0,117.76000213623047,17291900.0,62.57860585707578,1.9835996526636244,0.016844426092731388,13633670.0,1.2683232027766551,0.03198426577214919,0.005859330838101542,0.34784983506383327,-0.007091633507193788,True,0,-0.014546440696382397,46.32441053124778,-0.03125264833414698,-0.009910022439924365,48.36434289537774,-0.017429514578521044,Unknown,0,0.5387210764171895,0.5-1.0%,1.2-2.0,<0.5x
2025-11-17,GOOGL,284.83367919921875,293.7578650793077,283.38464532335746,285.59319216713175,52670200.0,276.22930908203125,31647200.0,55.866337026491976,7.810442610086635,0.028275213213407355,33692230.0,0.9393026225928055,0.03784890653044681,0.033898948363657255,1.19889275839601,0.0026594225238692768,True,1,-0.004204537514768969,46.638997305414755,-0.02066804575627701,-0.0033187846489819576,48.27193929867941,-0.01141146627122247,Unknown,0,0.5796551279594936,>2.0%,0.8-1.2,1.0-2.0x
2025-11-17,JNJ,198.32081604003906,199.0163965828153,194.6640259312004,195.71735093885428,13257000.0,194.69384765625,8824800.0,69.36154646180016,2.9195177462930264,0.014995428882004043,7566365.0,1.1663196263992022,0.03476084578496197,0.005256988317429377,0.3505727217804533,-0.013302168094427929,True,0,-0.004204537514768969,46.638997305414755,-0.02066804575627701,-0.0033187846489819576,48.27193929867941,-0.01141146627122247,Unknown,0,0.5774356584999828,0.5-1.0%,0.8-1.2,<0.5x
2025-11-18,GOOGL,284.09417724609375,288.61121173854644,278.0181648979437,287.7318125744744,49158700.0,284.83367919921875,52670200.0,61.72142548411967,8.504593566314478,0.02985810382474533,35208230.0,1.495962733713112,0.03869873334194773,0.010174826879333507,0.3407727074383395,0.012642450954008183,True,1,-0.00669246761369897,43.53256712580394,-0.030330249959039657,-0.005363013039167005,43.209754279641146,-0.021675773879624605,Unknown,0,0.5954903571409874,1.0-2.0%,1.2-2.0,<0.5x
2025-11-18,AAPL,267.44000244140625,270.7099914550781,265.32000732421875,269.989990234375,45677300.0,267.4599914550781,45018300.0,54.615882507139695,5.351284813063451,0.02000779549849884,48841905.0,0.9217146628494527,0.004578029586651988,0.009459354146886702,0.47278342821908714,0.009444749380357165,True,1,-0.00669246761369897,43.53256712580394,-0.030330249959039657,-0.005363013039167005,43.209754279641146,-0.021675773879624605,Unknown,0,0.6706054045140795,0.5-1.0%,0.8-1.2,<0.5x
2025-11-18,MRK,95.61279296875,96.83237251811403,91.32940361752004,93.31245438317721,28153500.0,92.07305145263672,14345800.0,70.28716210664402,2.2944151132145105,0.024919507684556107,11747135.0,1.2212169179974521,0.06887307105050056,0.013461082379550045,0.5401825168437242,-0.024651999572604787,True,0,-0.00669246761369897,43.53256712580394,-0.030330249959039657,-0.005363013039167005,43.209754279641146,-0.021675773879624605,Unknown,0,0.6556777936774398,1.0-2.0%,1.2-2.0,0.5-1.0x
2025-11-19,HD,332.3504333496094,339.553843339997,329.24054252991095,338.7788569952691,7595000.0,334.3177185058594,10168500.0,18.198611170782037,8.016461280762234,0.02397857139187714,3489685.0,2.913873315213264,-0.08305285557340825,0.013344008535795109,0.5564972290348982,0.0189752799294364,True,1,0.00127452629653656,39.52523948847419,-0.03353729319897125,0.0010605040914188027,39.2513914063927,-0.022973601900149854,Unknown,0,0.6519309035735769,1.0-2.0%,>2.0,0.5-1.0x
2025-11-19,AMZN,222.69000244140625,223.74000549316406,218.52000427246094,223.74000549316406,58335600.0,222.5500030517578,60608400.0,40.48666359423457,7.052465088728062,0.0316893506718483,54659015.0,1.1088454484589596,-0.05455311738075075,0.005347123905136477,0.16873567276614074,0.004692960695354471,True,1,0.00127452629653656,39.52523948847419,-0.03353729319897125,0.0010605040914188027,39.2513914063927,-0.022973601900149854,Consumer Cyclical,0,0.5105643451003408,0.5-1.0%,0.8-1.2,<0.5x
2025-11-19,NVDA,186.50961303710938,187.8495347223247,182.8198161698128,184.7796984316032,247246400.0,181.3498992919922,213598900.0,42.30307531519544,7.544146584732107,0.0415999491269926,193195630.0,1.1056093763611528,-0.04406446796373431,0.0189126057031258,0.4546305007583324,-0.009362038255228024,True,0,0.00127452629653656,39.52523948847419,-0.03353729319897125,0.0010605040914188027,39.2513914063927,-0.022973601900149854,Technology,1,0.6240592315476708,1.0-2.0%,0.8-1.2,<0.5x
2025-11-21,DIS,103.57919311523438,104.07583290391742,101.99988222472078,102.78457400021458,10785400.0,102.00981140136719,12609900.0,31.610207321831837,2.8252448346564534,0.027695814704923452,11443775.0,1.101900378153188,-0.057061074020273606,0.007594981190574035,0.27422848078283407,-0.007730918017115488,True,0,0.003073357487269008,35.34061800198384,-0.04507794454826264,0.003861805132809218,35.37021902284653,-0.028603638357021288,Unknown,0,0.6634288614114328,0.5-1.0%,0.8-1.2,<0.5x
2025-11-21,KO,72.4411849975586,72.67951649938256,70.99136912094397,71.18004633250936,26492500.0,70.71332550048828,15396500.0,60.99417643951944,0.9681147824953649,0.01369069797868126,15172340.0,1.0147742536747792,0.021832262803730407,0.006600182196463933,0.4820924547997142,-0.017717587020918295,True,0,0.003073357487269008,35.34061800198384,-0.04507794454826264,0.003861805132809218,35.37021902284653,-0.028603638357021288,Unknown,0,0.5500529229610642,0.5-1.0%,0.8-1.2,<0.5x
2025-11-21,MA,539.5895385742188,543.5934732289701,530.872590287745,531.7412805961031,3807500.0,527.0882568359375,3240300.0,30.449312743290946,10.17609018097931,0.01930623581345835,2738550.0,1.1832173960672618,-0.030244082699712682,0.00882778870486949,0.45725064120037584,-0.01475954240249582,True,0,0.003073357487269008,35.34061800198384,-0.04507794454826264,0.003861805132809218,35.37021902284653,-0.028603638357021288,Unknown,0,0.5243718558666979,0.5-1.0%,0.8-1.2,<0.5x
2025-11-21,GOOGL,299.464111328125,303.7213362601199,293.6579118539212,296.2262391249899,74137700.0,289.26080322265625,62025200.0,62.60477492878367,10.02320608229017,0.03465110367744808,39065225.0,1.5877343596510707,0.048493079681540596,0.02408012362799134,0.6949309278037042,-0.010930403102369746,True,0,0.003073357487269008,35.34061800198384,-0.04507794454826264,0.003861805132809218,35.37021902284653,-0.028603638357021288,Unknown,0,0.6196841725734866,>2.0%,1.2-2.0,0.5-1.0x
2025-11-21,HD,341.11376953125,344.6906413304692,330.86008048064383,332.4199986477496,7441300.0,330.2440490722656,4025300.0,17.010808178098948,8.076661400641594,0.024456644785366653,3789485.0,1.0622287725113042,-0.08660298786286946,0.006588913809640873,0.2694120091887368,-0.02615297189960223,True,0,0.003073357487269008,35.34061800198384,-0.04507794454826264,0.003861805132809218,35.37021902284653,-0.028603638357021288,Unknown,0,0.585998320590781,0.5-1.0%,0.8-1.2,<0.5x
2025-11-21,MRK,96.93152618408203,99.42024951616861,94.5518636875184,94.67084946000507,23183300.0,94.16516876220703,12554200.0,70.01611228404178,2.525269534785185,0.026817448192146136,13091275.0,0.9589745842173508,0.06892965190354472,0.0053701459302327005,0.20024820750116795,-0.023879332835520937,True,0,0.003073357487269008,35.34061800198384,-0.04507794454826264,0.003861805132809218,35.37021902284653,-0.028603638357021288,Unknown,0,0.570428675162104,0.5-1.0%,0.8-1.2,<0.5x
2025-11-21,AMD,203.77999877929688,208.8300018310547,195.0,208.80999755859375,67421100.0,206.02000427246094,66342900.0,37.99765135867026,15.032911649480766,0.07296821346338668,55906265.0,1.1866809560610068,-0.14327154605632308,0.013542341657478335,0.18559234240089334,0.02408887906760986,True,1,0.003073357487269008,35.34061800198384,-0.04507794454826264,0.003861805132809218,35.37021902284653,-0.028603638357021288,Technology,1,0.520548926584679,1.0-2.0%,0.8-1.2,<0.5x
2025-11-21,TSLA,391.0899963378906,402.79998779296875,383.760009765625,402.32000732421875,100460600.0,395.2300109863281,113548800.0,39.35659913960003,21.78461300305443,0.055118822957520824,88194205.0,1.2874859521665851,-0.07029301761298912,0.017938911876142632,0.32545890702288505,0.02791313079609825,True,1,0.003073357487269008,35.34061800198384,-0.04507794454826264,0.003861805132809218,35.37021902284653,-0.028603638357021288,Consumer Cyclical,0,0.688708864814293,1.0-2.0%,1.2-2.0,<0.5x
2025-11-21,PFE,25.040000915527344,25.520000457763672,24.59000015258789,24.59000015258789,73079400.0,24.399999618530273,51983200.0,46.34458331161741,0.6266708933908789,0.025683233737223567,99857235.0,0.5205751991831138,-0.001517093186427232,0.007786907255249449,0.30319029663167474,-0.018300152913666993,True,0,0.003073357487269008,35.34061800198384,-0.04507794454826264,0.003861805132809218,35.37021902284653,-0.028603638357021288,Unknown,0,0.6080213502788675,0.5-1.0%,<0.8,<0.5x
2025-11-21,WMT,105.10574340820312,107.9299880641229,104.50696553269024,107.76033572860443,41420800.0,106.89210510253906,50375900.0,63.01187954439752,2.2024581049211127,0.02060449743045426,17296930.0,2.9124185621379053,0.049638635402720066,0.008122495344557916,0.3942098258874564,0.024634224665807704,True,1,0.003073357487269008,35.34061800198384,-0.04507794454826264,0.003861805132809218,35.37021902284653,-0.028603638357021288,Unknown,0,0.626042873441223,0.5-1.0%,>2.0,<0.5x
2025-11-21,JPM,296.6817321777344,300.32530061703676,291.4951361556371,299.93706770739834,11766800.0,297.0401306152344,7501600.0,40.88562357748396,6.923614130060181,0.02330868262049265,7418195.0,1.0112433010995263,-0.022138091042949504,0.00975267916211787,0.4184140013791881,0.010853395195687144,True,1,0.003073357487269008,35.34061800198384,-0.04507794454826264,0.003861805132809218,35.37021902284653,-0.028603638357021288,Unknown,0,0.6009262194253293,0.5-1.0%,0.8-1.2,<0.5x
2025-11-21,BAC,51.29344177246094,51.51230181579871,50.43788727175451,51.02483718770596,43867200.0,50.73633575439453,36661600.0,41.7141370891049,1.1179868874372914,0.022035231177301898,36248960.0,1.0113834990024542,-0.027733033134220375,0.005686288318258039,0.2580543980911525,-0.005264192882514344,True,0,0.003073357487269008,35.34061800198384,-0.04507794454826264,0.003861805132809218,35.37021902284653,-0.028603638357021288,Unknown,0,0.6011094951684638,0.5-1.0%,0.8-1.2,<0.5x
2025-11-24,INTC,35.790000915527344,36.15999984741211,34.689998626708984,34.970001220703125,103804200.0,34.5,105641700.0,42.54369743130049,1.8244807388159932,0.05288349967582589,89041665.0,1.186429970733364,-0.06270518426908822,0.013623223788496376,0.25760821186204186,-0.02344866074350487,True,0,0.008829511318643629,38.704186947814385,-0.0300011912493251,0.005553596464458456,41.64648069710871,-0.0159189933441789,Unknown,0,0.5599688018763438,1.0-2.0%,0.8-1.2,<0.5x
2025-11-24,TSLA,417.7799987792969,421.7200012207031,401.0899963378906,402.1700134277344,96806400.0,391.0899963378906,100460600.0,38.258140164097505,21.588567647646524,0.055201022398421604,88480845.0,1.1353937679957735,-0.06399059824679254,0.028331118651960942,0.5132353971177721,-0.038814393988544964,True,0,0.008829511318643629,38.704186947814385,-0.0300011912493251,0.005553596464458456,41.64648069710871,-0.0159189933441789,Consumer Cyclical,0,0.5001222998163548,>2.0%,0.8-1.2,0.5-1.0x
2025-11-24,AMZN,226.27999877929688,227.3300018310547,222.27000427246094,222.55999755859375,54318400.0,220.69000244140625,68490500.0,40.649709670696154,7.177940387918102,0.03252499120264346,57789090.0,1.1851804553420031,-0.05696315006665864,0.008473402041327125,0.2605197335345767,-0.016714599485578057,True,0,0.008829511318643629,38.704186947814385,-0.0300011912493251,0.005553596464458456,41.64648069710871,-0.0159189933441789,Consumer Cyclical,0,0.5299518948377566,0.5-1.0%,0.8-1.2,<0.5x
2025-11-24,AMD,215.0500030517578,217.1300048828125,205.85000610351562,207.16000366210938,46749600.0,203.77999877929688,67421100.0,37.25632656596373,14.94698951959319,0.07334865840185556,55716265.0,1.2100793188488137,-0.13988850359834437,0.016586538929530572,0.2261328194805942,-0.03808649956638111,True,0,0.008829511318643629,38.704186947814385,-0.0300011912493251,0.005553596464458456,41.64648069710871,-0.0159189933441789,Technology,1,0.6330315900200717,1.0-2.0%,1.2-2.0,<0.5x
2025-11-24,MSFT,474.0,476.8999938964844,468.0199890136719,475.0,34421000.0,472.1199951171875,31769200.0,28.39326145938559,11.268817189240377,0.023868544661920708,26835900.0,1.1838321055004677,-0.05909302402241634,0.006100154436580552,0.2555729527285587,0.002105263157894737,True,1,0.008829511318643629,38.704186947814385,-0.0300011912493251,0.005553596464458456,41.64648069710871,-0.0159189933441789,Technology,1,0.578916318073763,0.5-1.0%,0.8-1.2,<0.5x
2025-11-25,DIS,102.61570739746094,103.22160852632899,101.31451361814831,101.8012184734595,10574500.0,101.25492095947266,15024800.0,32.79966615603517,2.747567257246415,0.027135147913908603,12121045.0,1.23956309047611,-0.0580310005309177,0.005395268781114345,0.1988295327606784,-0.008000777753105013,True,0,-0.002726527612465621,48.582814292063134,-0.015023321496734354,-0.00014953477332706351,49.52409860227307,-0.006183988221196146,Unknown,0,0.5522887479426191,0.5-1.0%,1.2-2.0,<0.5x
2025-11-25,MA,545.6503295898438,549.5744886793535,538.1915629700748,540.6878132621437,3132600.0,537.0432739257812,5941000.0,40.570696843321926,10.505915501778338,0.01956251202064257,2984945.0,1.9903214297080851,-0.009320479697694894,0.006786304778981525,0.3469035455068625,-0.009178154576408202,True,0,-0.002726527612465621,48.582814292063134,-0.015023321496734354,-0.00014953477332706351,49.52409860227307,-0.006183988221196146,Unknown,0,0.535463929374684,0.5-1.0%,1.2-2.0,<0.5x
2025-11-25,HD,348.81396484375,350.7315550203923,336.6724916695622,336.8215216768073,6316600.0,334.41705322265625,6132900.0,27.537707391271855,8.430394713325501,0.02520922492464076,4193565.0,1.462454975659135,-0.06342592985320017,0.007190029428762914,0.2852142202013922,-0.03560474136937684,True,0,-0.002726527612465621,48.582814292063134,-0.015023321496734354,-0.00014953477332706351,49.52409860227307,-0.006183988221196146,Unknown,0,0.5396274896579862,0.5-1.0%,1.2-2.0,<0.5x
2025-11-26,AMD,214.24000549316406,215.58999633789062,207.0,210.0500030517578,43270200.0,206.1300048828125,69773500.0,39.99561741720324,15.256996775364314,0.07401638002210356,55889330.0,1.2484225522116654,-0.10972750115031549,0.01901711578173144,0.2569311789640664,-0.01994764284946858,True,0,0.005945278960569572,50.69794914610508,0.0011261662192416644,0.003866615487351533,53.872723522189936,0.007445527701180454,Technology,1,0.5159250739645085,1.0-2.0%,1.2-2.0,<0.5x
2025-11-26,NFLX,106.13999938964844,106.94999694824219,105.22000122070312,105.73999786376953,27951000.0,104.4000015258789,35122600.0,37.209051411697146,3.5281063015999963,0.033794121168910535,41361975.0,0.8491519082442267,-0.03851576510905441,0.012835213776873975,0.3798061122146281,-0.00378287813467,True,0,0.005945278960569572,50.69794914610508,0.0011261662192416644,0.003866615487351533,53.872723522189936,0.007445527701180454,Unknown,0,0.5388007218187457,1.0-2.0%,0.8-1.2,<0.5x
2025-11-26,JPM,306.258544921875,307.1445325435829,301.83848048809654,303.6303853642607,7910900.0,301.6393737792969,8877200.0,47.49992223382266,7.0735896187204474,0.023450485028178192,8037080.0,1.104530501127275,-0.008118825589526035,0.006600635586853444,0.2814711754968861,-0.008655785732581895,True,0,0.005945278960569572,50.69794914610508,0.0011261662192416644,0.003866615487351533,53.872723522189936,0.007445527701180454,Unknown,0,0.5512013764622674,0.5-1.0%,0.8-1.2,<0.5x
2025-11-26,INTC,36.810001373291016,37.2400016784668,36.130001068115234,36.20000076293945,54563400.0,35.83000183105469,62203300.0,48.46047112600215,1.786822722231697,0.04986945662623485,80278840.0,0.7748405432863753,-0.016531499783107417,0.01032651166554167,0.20707086790492915,-0.016850845234679224,True,0,0.005945278960569572,50.69794914610508,0.0011261662192416644,0.003866615487351533,53.872723522189936,0.007445527701180454,Unknown,0,0.583027962751139,1.0-2.0%,<0.8,<0.5x
2025-11-26,TSLA,426.5799865722656,426.94000244140625,416.8900146484375,423.95001220703125,63463000.0,419.3999938964844,71915600.0,48.823150898219346,21.68407132060705,0.051702602852109425,87614285.0,0.820820486065714,-0.006001013883696782,0.010848875481075718,0.20983228856210462,-0.006203501095667044,True,0,0.005945278960569572,50.69794914610508,0.0011261662192416644,0.003866615487351533,53.872723522189936,0.007445527701180454,Consumer Cyclical,0,0.6197411810550978,1.0-2.0%,0.8-1.2,<0.5x
2025-11-28,AMD,217.52999877929688,218.3000030517578,214.02000427246094,216.13999938964844,18658000.0,214.24000549316406,43270200.0,44.118341171576596,14.842924966772445,0.06928176151137212,55586060.0,0.7784361762643368,-0.07716677649875003,0.008868529909298381,0.12800670358017202,-0.006431014127758013,True,0,0.002995368500863523,53.65904900612259,0.0076838330305315505,0.0017360179732825807,56.83944383014752,0.012015816575247973,Technology,1,0.50216993031365,0.5-1.0%,<0.8,<0.5x
2025-12-02,AMD,215.24000549316406,225.97999572753906,214.38999938964844,221.7899932861328,42002500.0,219.75999450683594,30768700.0,46.87687000564156,13.616399202555865,0.061960318269539766,54076810.0,0.5689814173580136,-0.03808791540728318,0.009237344512373152,0.14908484608146874,0.02953238645225335,True,1,0.003710531096019912,54.88230012736383,0.014937537076167073,0.002425437530835171,56.4244522294876,0.013642623483513194,Technology,1,0.5005387985846522,0.5-1.0%,<0.8,<0.5x
2025-12-02,NVDA,181.4499053955078,185.6496685428864,179.98997995570696,181.74987648908228,182632200.0,179.9099884033203,188131000.0,44.56431864224865,7.911114455527667,0.043972625009527616,217413965.0,0.8653124007006634,-0.024494993325776204,0.010226714492567963,0.2325700248814376,0.0016504610587313902,True,0,0.003710531096019912,54.88230012736383,0.014937537076167073,0.002425437530835171,56.4244522294876,0.013642623483513194,Technology,1,0.5005387985846522,1.0-2.0%,0.8-1.2,<0.5x
2025-12-03,CVX,151.58999633789062,152.5,150.97999572753906,151.0399932861328,8060200.0,150.25,9196300.0,45.70405126204068,2.711898166413753,0.0180492390443511,8527910.0,1.0783767652332166,-0.005273592302918906,0.00525785880953619,0.2913063978274336,-0.0036414398583551116,True,0,-0.0038263700118066303,57.51493916862436,0.014957691048629984,-0.0014086348413591453,57.26439442555409,0.011264646957897195,Unknown,0,0.5136400537230341,0.5-1.0%,0.8-1.2,<0.5x
2025-12-04,NVDA,183.3800048828125,184.52000427246094,179.9600067138672,181.6199951171875,167364900.0,179.5800018310547,165138000.0,44.4848383745513,7.440569037008247,0.041433171629033545,216343145.0,0.7633151491811769,-0.01648787887716896,0.011359802123468056,0.2741716763847226,-0.009690616743433899,True,0,0.0022612893405069686,58.338817134120355,0.023190523276207742,0.0020617079027339404,58.863782389993595,0.01745843844953776,Technology,1,0.5005387985846522,1.0-2.0%,<0.8,<0.5x
2025-12-04,TSLA,454.5299987792969,454.6300048828125,445.3900146484375,449.94000244140625,71906500.0,446.739990234375,87483000.0,58.39363498057015,18.71189556703165,0.04188542771202272,83518290.0,1.0474711587126604,0.06523795809593458,0.0071630305703154415,0.17101486033672225,-0.01020135198689821,True,0,0.0022612893405069686,58.338817134120355,0.023190523276207742,0.0020617079027339404,58.863782389993595,0.01745843844953776,Consumer Cyclical,0,0.5368057715744472,0.5-1.0%,0.8-1.2,<0.5x
2025-12-05,AMZN,229.52999877929688,231.24000549316406,228.5500030517578,230.32000732421875,33117400.0,229.11000061035156,45683200.0,47.70090834182315,6.191958212657626,0.027026136773437133,44199285.0,1.033573280653748,-0.009963952211310523,0.0052813352129706965,0.1954158397570718,0.003430047411425223,True,1,0.0023116767273585605,57.87758138015434,0.021393724792822644,0.0015779611262079173,59.212078826921584,0.016635351023152722,Consumer Cyclical,0,0.512729848890455,0.5-1.0%,0.8-1.2,<0.5x
2025-12-05,AMD,217.97000122070312,223.63999938964844,216.24000549316406,217.1699981689453,33292400.0,215.97999572753906,24478200.0,45.35463537842368,12.39805986104541,0.05740374157931592,50817615.0,0.48168730468755766,-0.037273152446333,0.0055097808359411676,0.09598295658704042,-0.0036837641410092836,True,0,0.0023116767273585605,57.87758138015434,0.021393724792822644,0.0015779611262079173,59.212078826921584,0.016635351023152722,Technology,1,0.5120358432677661,0.5-1.0%,<0.8,<0.5x
2025-12-08,AMD,221.11000061035156,223.7100067138672,218.36000061035156,219.08999633789062,30943200.0,217.97000122070312,33292400.0,46.57999210351468,12.059627275407122,0.05532700466976774,49179750.0,0.6769534208693618,-0.025814235175793288,0.0051382993573205575,0.09287145378626058,-0.009219974924576631,True,0,0.0027659131269542675,59.391664382780895,0.024467130730754016,0.0013126324483418207,60.1566234534966,0.017101853864404548,Technology,1,0.512136313551685,0.5-1.0%,<0.8,<0.5x
2025-12-08,AVGO,400.3340148925781,406.5121961238282,396.6410686959877,401.71138434383937,30410600.0,389.4947509765625,24779900.0,60.7538181889688,15.150466975089707,0.038897743646361414,22792110.0,1.087213952547614,0.0939736291243598,0.03136533505688244,0.8063535854943201,0.0034287538390555157,True,1,0.0027659131269542675,59.391664382780895,0.024467130730754016,0.0013126324483418207,60.1566234534966,0.017101853864404548,Unknown,0,0.5367835375092848,>2.0%,0.8-1.2,0.5-1.0x
2025-12-08,CRM,259.11175537109375,263.8541005481511,255.92689375155607,261.4579743418438,10805400.0,260.15008544921875,15852400.0,66.36856931834056,7.640914090272454,0.029371176554020235,8308150.0,1.9080541396099011,0.0996407799034813,0.005027439796403003,0.17116916604128557,0.008973598822740342,True,1,0.0027659131269542675,59.391664382780895,0.024467130730754016,0.0013126324483418207,60.1566234534966,0.017101853864404548,Unknown,0,0.6069042656335364,0.5-1.0%,1.2-2.0,<0.5x
2025-12-11,NFLX,94.08999633789062,94.81999969482422,92.76000213623047,93.9000015258789,43949000.0,92.70999908447266,74129300.0,26.172786723814646,3.7094929009637427,0.04001178877786247,48184090.0,1.538460101664263,-0.10660765962759655,0.012835750762137103,0.32079922328388394,-0.0020233738969573506,True,0,-0.0060387272621023206,60.56662919937868,0.01829215421002628,-0.0035342430018929774,60.942012800060716,0.014580294460252441,Unknown,0,0.5111448457833729,1.0-2.0%,1.2-2.0,<0.5x
2025-12-12,HD,359.6499938964844,360.760009765625,356.04998779296875,359.260009765625,3861200.0,357.4599914550781,6609800.0,50.555208612293704,8.640708892062465,0.024172520278114368,5418745.0,1.2198027403024132,0.029982914318331222,0.005035579795153335,0.2083183605688197,-0.0010855205707804604,True,0,-0.005594820942947718,58.46740823831844,0.014173833442962858,-0.001450992821813898,62.19935883751904,0.017548334308630897,Unknown,0,0.5247022131804034,0.5-1.0%,1.2-2.0,<0.5x
2025-12-12,V,347.8299865722656,349.8399963378906,345.9700012207031,348.0,6942300.0,345.6300048828125,12953600.0,63.498743427283905,6.651783732830202,0.019245388533572255,6778730.0,1.910918416871597,0.05366102137777262,0.006857029435251312,0.35629467408723375,0.0004885443325700431,True,0,-0.005594820942947718,58.46740823831844,0.014173833442962858,-0.001450992821813898,62.19935883751904,0.017548334308630897,Financial Services,0,0.5137966771141694,0.5-1.0%,1.2-2.0,<0.5x
2025-12-15,AVGO,339.1610412597656,361.3086660726182,336.8654458966141,361.198890766926,65894900.0,359.24261474609375,95588500.0,44.036766720152194,17.834825382089917,0.049645628469482256,29701690.0,3.2182848854728467,-0.042136310133960686,0.005445556681004908,0.10968854356134004,0.06101305975876029,True,1,0.007740954164611515,47.927438474425344,0.008039131109616626,0.005837828072627235,53.594141055240485,0.013400876114644689,Unknown,0,0.6472824388478013,0.5-1.0%,>2.0,<0.5x
2025-12-15,NFLX,93.7699966430664,96.37000274658203,93.52999877929688,96.0199966430664,40016500.0,95.19000244140625,49323100.0,32.2939557183735,3.540583335878615,0.037194907501531,48879445.0,1.0090765146781024,-0.07086113889099377,0.008719342161705008,0.23442300969147745,0.023432619023763236,True,1,0.007740954164611515,47.927438474425344,0.008039131109616626,0.005837828072627235,53.594141055240485,0.013400876114644689,Unknown,0,0.5440618761100605,0.5-1.0%,0.8-1.2,<0.5x
2025-12-15,NVDA,176.2899932861328,178.4199981689453,175.02999877929688,177.94000244140625,164775600.0,175.02000427246094,204274900.0,39.869588944543025,6.54731702944233,0.037408963944771986,206971620.0,0.9869705807975026,-0.018657045539165695,0.016683796695603034,0.4459839283502703,0.009272839904657009,True,1,0.007740954164611515,47.927438474425344,0.008039131109616626,0.005837828072627235,53.594141055240485,0.013400876114644689,Technology,1,0.506374068484039,1.0-2.0%,0.8-1.2,<0.5x
2025-12-15,AMD,207.5800018310547,215.36000061035156,206.5800018310547,212.27999877929688,27222200.0,210.77999877929688,37073900.0,41.80863589055006,10.978748178165024,0.052086290168644654,40088530.0,0.9248006848841801,-0.024515779562760853,0.007116424749440373,0.13662759867133673,0.02214055481095361,True,1,0.007740954164611515,47.927438474425344,0.008039131109616626,0.005837828072627235,53.594141055240485,0.013400876114644689,Technology,1,0.506374068484039,0.5-1.0%,0.8-1.2,<0.5x
2025-12-16,PEP,150.3699951171875,152.35000610351562,149.99000549316406,151.99000549316406,7520300.0,151.22000122070312,8409600.0,64.37764482472008,2.443635602486302,0.01615947350059769,7959185.0,1.056590593132337,0.03377753995925592,0.005091947270501135,0.31510601321960147,0.010658663842534201,True,1,-0.00373439608637112,45.645377389759524,-0.008180646843658823,-0.0022034972563884222,52.50670859973154,0.0031465113386841548,Unknown,0,0.5169146700967718,0.5-1.0%,0.8-1.2,<0.5x
2025-12-16,PG,145.2100067138672,146.5399932861328,144.64999389648438,146.10000610351562,10251700.0,145.1300048828125,13877700.0,49.367783416090276,2.540160042838952,0.017502652500356795,11040300.0,1.2570038857639738,0.0053640359437532315,0.00668367110912983,0.3818661833681256,0.006091713569250983,True,1,-0.00373439608637112,45.645377389759524,-0.008180646843658823,-0.0022034972563884222,52.50670859973154,0.0031465113386841548,Unknown,0,0.5602608631654108,0.5-1.0%,1.2-2.0,<0.5x
2025-12-17,NFLX,94.79000091552734,97.33000183105469,94.45999908447266,95.9800033569336,50472800.0,94.56999969482422,34265000.0,32.72480127468266,3.3562175708322193,0.035489241637545486,48909035.0,0.7005863027148256,-0.05474739976548437,0.014909629551225894,0.4201168822794004,0.012398441339711458,True,1,0.0021413862894918787,46.71870537340405,-0.0020007148476449688,0.0015024730828318365,50.51355108049723,0.00268113266800607,Unknown,0,0.5330510093774261,1.0-2.0%,<0.8,<0.5x
2025-12-17,INTC,36.04999923706055,37.84000015258789,35.970001220703125,37.59000015258789,54792000.0,37.310001373291016,50490300.0,45.718055731687926,1.9150151958604598,0.051327127455732424,84084370.0,0.600471883181143,-0.02702282606663986,0.007504657437437587,0.14621230155359952,0.04096836683362775,True,1,0.0021413862894918787,46.71870537340405,-0.0020007148476449688,0.0015024730828318365,50.51355108049723,0.00268113266800607,Unknown,0,0.5134171666929918,0.5-1.0%,<0.8,<0.5x
2025-12-17,PG,147.80999755859375,148.4499969482422,146.4499969482422,146.69000244140625,9833300.0,145.2100067138672,10251700.0,49.57627916976589,2.4937199961824867,0.017173196617890817,11057770.0,0.9271037469580213,0.009837470751825839,0.010192105633982639,0.5934891366331084,-0.007635115539894207,True,0,0.0021413862894918787,46.71870537340405,-0.0020007148476449688,0.0015024730828318365,50.51355108049723,0.00268113266800607,Unknown,0,0.5295451280281278,1.0-2.0%,0.8-1.2,0.5-1.0x
2025-12-17,CVX,149.52000427246094,149.8699951171875,147.35000610351562,147.5,8805300.0,146.75,11290500.0,38.888027832451755,2.51144588651637,0.017113770947300645,9042380.0,1.2486203853410274,-0.016968129173725033,0.005110732538330494,0.2986327533579973,-0.013694944220074152,True,0,0.0021413862894918787,46.71870537340405,-0.0020007148476449688,0.0015024730828318365,50.51355108049723,0.00268113266800607,Unknown,0,0.5439369574614036,0.5-1.0%,1.2-2.0,<0.5x
2025-12-17,AVGO,325.3973693847656,345.9480437905322,320.80617864389535,345.9480437905322,73300900.0,340.648193359375,58061100.0,39.057562542179866,17.886095844682682,0.05250606400784082,34234470.0,1.6959836095023524,-0.08047233424690259,0.015558134563672868,0.29631119486216956,0.05940393297384793,True,1,0.0021413862894918787,46.71870537340405,-0.0020007148476449688,0.0015024730828318365,50.51355108049723,0.00268113266800607,Unknown,0,0.5511028917630723,1.0-2.0%,1.2-2.0,<0.5x
2025-12-19,AMD,213.42999267578125,215.17999267578125,204.1999969482422,204.60000610351562,58445500.0,201.05999755859375,29720100.0,37.89283364299936,10.495041352278474,0.052198555056780824,36523240.0,0.8137312023796356,-0.03947266803294802,0.01760672728492514,0.3373029629991252,-0.043157313337508746,True,0,0.004662523712025175,46.32461322783323,-0.005658641378601836,0.0031329435516346126,48.6797744271229,-0.0015496031625581441,Technology,1,0.506374068484039,1.0-2.0%,0.8-1.2,<0.5x
2025-12-19,AVGO,339.7099914550781,342.79411720970523,331.9448503322005,332.7034086883467,159095200.0,329.2500305175781,54501900.0,36.87430967007322,17.97378997002811,0.05459009355830119,38445675.0,1.417634103185859,-0.10874755682056925,0.010488619136465706,0.19213411175535097,-0.02105954608146107,True,0,0.004662523712025175,46.32461322783323,-0.005658641378601836,0.0031329435516346126,48.6797744271229,-0.0015496031625581441,Unknown,0,0.7711702611374244,1.0-2.0%,1.2-2.0,<0.5x
2025-12-19,CRM,259.9100036621094,262.0400085449219,255.5,260.67999267578125,20732100.0,257.8500061035156,5654200.0,59.69095692040731,6.725613129445084,0.026083432112640872,8983945.0,0.6293671655380794,0.053386976520677365,0.010975320943484903,0.4207774841933439,0.00295377104229684,True,1,0.004662523712025175,46.32461322783323,-0.005658641378601836,0.0031329435516346126,48.6797744271229,-0.0015496031625581441,Unknown,0,0.6075690512374735,1.0-2.0%,<0.8,<0.5x
2025-12-19,TSLA,481.20001220703125,490.489990234375,474.7200012207031,488.1199951171875,103305400.0,483.3699951171875,95168400.0,62.77706370581615,19.138545252516817,0.03959398689584962,79765025.0,1.1931093859746174,0.09117814897936616,0.009826840821694811,0.248190232712455,0.014176806890475579,True,1,0.004662523712025175,46.32461322783323,-0.005658641378601836,0.0031329435516346126,48.6797744271229,-0.0015496031625581441,Consumer Cyclical,0,0.6586261602994998,0.5-1.0%,0.8-1.2,<0.5x
2025-12-19,INTC,36.81999969482422,37.58000183105469,36.439998626708984,36.47999954223633,163221300.0,36.279998779296875,69468400.0,42.782812693312664,1.905242874225615,0.05251496522411238,83866375.0,0.8283224355410616,-0.058787114351511405,0.005512700376759198,0.10497389369360237,-0.009320179738331423,True,0,0.004662523712025175,46.32461322783323,-0.005658641378601836,0.0031329435516346126,48.6797744271229,-0.0015496031625581441,Unknown,0,0.7082171718622708,0.5-1.0%,0.8-1.2,<0.5x
2025-12-22,XOM,118.1500015258789,118.45999908447266,117.33999633789062,117.33999633789062,11768600.0,116.69000244140625,45412800.0,50.088713812269326,2.205932721215346,0.018904213514975413,16835835.0,2.6973892295808315,0.004103148632941478,0.005570262086597843,0.29465717165039584,-0.00690306130277865,True,0,0.00826603602074254,52.01787675284925,0.007871476590563642,0.004922163789874204,54.247804295098916,0.0070044794988963766,Unknown,0,0.5077117286401913,0.5-1.0%,>2.0,<0.5x
2025-12-22,AVGO,341.45001220703125,346.239990234375,337.2200012207031,346.0299987792969,28739600.0,339.7099914550781,159095200.0,41.40159152090517,17.657382593035184,0.05197781353855212,44957085.0,3.5388237471357407,-0.07471941715907426,0.018604125528213916,0.3579243577534321,0.013235807844471916,True,1,0.00826603602074254,52.01787675284925,0.007871476590563642,0.004922163789874204,54.247804295098916,0.0070044794988963766,Unknown,0,0.61837048114731,1.0-2.0%,>2.0,<0.5x
2025-12-22,CSCO,77.69425201416016,78.7287174167277,77.54504888699233,78.59940449841532,18016100.0,78.00260162353516,84881900.0,57.22484918735736,1.6667646963263913,0.021368065444415774,21002495.0,4.0415150676145855,0.01709306692765833,0.007651063714009503,0.3580606645890349,0.011516022163671962,True,1,0.00826603602074254,52.01787675284925,0.007871476590563642,0.004922163789874204,54.247804295098916,0.0070044794988963766,Unknown,0,0.5617282676675533,0.5-1.0%,>2.0,<0.5x
2025-12-29,XOM,120.52999877929688,121.30000305175781,119.4000015258789,120.1500015258789,14782500.0,119.11000061035156,8066100.0,56.72783725481485,1.9915903029533526,0.016720596866324492,15773435.0,0.5113724436053403,0.02049050427694188,0.00873143237509949,0.5221962137419097,-0.003162690375298262,True,0,-0.006074851293517961,57.043388719209304,0.002310231361721149,-0.004012718258531204,61.75881826704295,0.007983577337331349,Unknown,0,0.5193521516570635,0.5-1.0%,<0.8,0.5-1.0x
2025-12-29,CVX,150.99000549316406,151.63999938964844,150.08999633789062,151.0,5589100.0,150.02000427246094,3706900.0,49.286673647408186,2.2557912744638866,0.015036603187712218,8433095.0,0.4395657821950304,0.006901604228680247,0.006532433673040227,0.4344354633484293,6.618878699296358e-05,True,0,-0.006074851293517961,57.043388719209304,0.002310231361721149,-0.004012718258531204,61.75881826704295,0.007983577337331349,Unknown,0,0.5749726732821264,0.5-1.0%,<0.8,<0.5x
