Date,Ticker,Sector,Open,Close,Prob
2024-01-18,ABAT,Industrials,2.880000114440918,2.9700000286102295,0.5440722302259625
2024-01-24,ABAT,Industrials,2.8299999237060547,2.7100000381469727,0.8019599605198111
2024-02-01,ABAT,Industrials,2.799999952316284,2.5399999618530273,0.6936243694951633
2024-02-07,ABAT,Industrials,2.740000009536743,2.4800000190734863,0.7333257226621882
2024-02-08,ABAT,Industrials,2.509999990463257,2.359999895095825,0.6645147486305479
2024-02-09,ABAT,Industrials,2.4200000762939453,2.369999885559082,0.7372906362324926
2024-03-04,ABAT,Industrials,2.490000009536743,2.490000009536743,0.5077791067153185
2024-03-11,ABAT,Industrials,2.0799999237060547,2.009999990463257,0.6085655254066543
2024-03-12,ABAT,Industrials,2.049999952316284,1.9600000381469727,0.5881695063850655
2024-03-21,ABAT,Industrials,2.130000114440918,1.9800000190734863,0.8478679581536772
2024-03-25,ABAT,Industrials,1.9199999570846558,1.7200000286102295,0.5678418646138996
2024-03-26,ABAT,Industrials,1.7699999809265137,1.7050000429153442,0.5179681613490634
2024-03-27,ABAT,Industrials,1.7400000095367432,1.600000023841858,0.5408448325816216
2024-04-01,ABAT,Industrials,1.8250000476837158,1.75,0.5075597199173169
2024-04-03,ABAT,Industrials,1.7200000286102295,1.75,0.526103567185069
2024-04-04,ABAT,Industrials,1.7999999523162842,1.7200000286102295,0.7045547733717794
2024-04-05,ABAT,Industrials,1.7999999523162842,1.7599999904632568,0.6389668729552562
2024-04-11,ABAT,Industrials,1.8300000429153442,1.7699999809265137,0.5985952488379638
2024-04-15,ABAT,Industrials,1.7599999904632568,1.6100000143051147,0.5602562482834972
2024-04-16,ABAT,Industrials,1.6200000047683716,1.5,0.5807792387067082
2024-04-17,ABAT,Industrials,1.5099999904632568,1.4299999475479126,0.6563915847210384
2024-04-18,ABAT,Industrials,1.440000057220459,1.3600000143051147,0.7353040986201508
2024-04-19,ABAT,Industrials,1.3799999952316284,1.340000033378601,0.6055412898104686
2024-04-23,ABAT,Industrials,1.350000023841858,1.2799999713897705,0.5792031246186854
2024-04-24,ABAT,Industrials,1.2899999618530273,1.3700000047683716,0.5649045994294067
2024-04-26,ABAT,Industrials,1.399999976158142,1.340000033378601,0.5023183093704581
2024-05-01,ABAT,Industrials,1.309999942779541,1.309999942779541,0.5665997669995072
2024-05-15,ABAT,Industrials,1.3300000429153442,1.309999942779541,0.5967259474341405
2024-05-16,ABAT,Industrials,1.3700000047683716,1.3300000429153442,0.6278490934921048
2024-05-21,ABAT,Industrials,1.4600000381469727,1.4199999570846558,0.5240659941462201
2024-05-22,ABAT,Industrials,1.4500000476837158,1.4600000381469727,0.5767216316400869
2024-05-28,ABAT,Industrials,1.4500000476837158,1.3899999856948853,0.526858826002816
2024-05-29,ABAT,Industrials,1.399999976158142,1.3600000143051147,0.7786459469771109
2024-05-31,ABAT,Industrials,1.3799999952316284,1.3799999952316284,0.5241968397182096
2024-06-03,ABAT,Industrials,1.399999976158142,1.399999976158142,0.5389122577155636
2024-06-12,ABAT,Industrials,1.2699999809265137,1.2100000381469727,0.7438439579309849
2024-06-13,ABAT,Industrials,1.25,1.1799999475479126,0.5373557565876849
2024-06-17,ABAT,Industrials,1.0700000524520874,1.0299999713897705,0.733341632476105
2024-06-18,ABAT,Industrials,1.0499999523162842,1.0,0.7660878409904989
2024-06-20,ABAT,Industrials,1.0499999523162842,1.0399999618530273,0.7070416360942163
2024-06-21,ABAT,Industrials,1.0499999523162842,1.0299999713897705,0.6907699172904752
2024-06-25,ABAT,Industrials,1.0499999523162842,1.0499999523162842,0.5332887878694097
2024-06-26,ABAT,Industrials,1.0800000429153442,1.1150000095367432,0.6418750756791962
2024-06-28,ABAT,Industrials,1.2699999809265137,1.25,0.8425368963508776
2024-07-05,ABAT,Industrials,1.059999942779541,1.0099999904632568,0.5642852175974854
2024-07-11,ABAT,Industrials,1.1100000143051147,1.100000023841858,0.5364219645796219
2024-07-25,ABAT,Industrials,0.9800000190734863,1.0299999713897705,0.596522706154916
2024-08-12,ABAT,Industrials,1.0299999713897705,1.0399999618530273,0.5019639538158662
2024-08-27,ABAT,Industrials,1.090000033378601,1.100000023841858,0.712774809131681
2024-08-28,ABAT,Industrials,1.1200000047683716,1.090000033378601,0.5192475045143797
2024-08-30,ABAT,Industrials,1.1100000143051147,1.1050000190734863,0.6134422258921746
2024-09-10,ABAT,Industrials,1.0299999713897705,1.0399999618530273,0.6646316114125556
2024-09-18,ABAT,Industrials,1.0099999904632568,0.9900000095367432,0.5388969454433871
2024-09-19,ABAT,Industrials,1.0,1.0099999904632568,0.7272362163464904
2024-09-20,ABAT,Industrials,1.059999942779541,1.0399999618530273,0.660708930912862
2024-09-25,ABAT,Industrials,0.875,0.8100000023841858,0.6646696366160852
2024-10-07,ABAT,Industrials,1.0399999618530273,1.059999942779541,0.5585645744232554
2024-10-10,ABAT,Industrials,1.0,1.0,0.5574082133282559
2024-10-14,ABAT,Industrials,1.0199999809265137,1.0,0.5227165892552893
2024-10-17,ABAT,Industrials,1.0499999523162842,1.0299999713897705,0.5714528415740837
2024-10-18,ABAT,Industrials,1.0499999523162842,0.9980000257492065,0.5577443589990836
2024-10-22,ABAT,Industrials,1.0199999809265137,1.0099999904632568,0.7261616949288126
2024-10-24,ABAT,Industrials,1.0099999904632568,1.0099999904632568,0.5827126452179364
2024-10-30,ABAT,Industrials,1.0099999904632568,1.0,0.5779769395327653
2024-10-31,ABAT,Industrials,1.0099999904632568,0.996999979019165,0.8029013418347781
2024-11-01,ABAT,Industrials,1.0099999904632568,0.9929999709129333,0.5854676334381242
2024-11-11,ABAT,Industrials,1.0,0.9539999961853027,0.5031395379023849
2024-11-14,ABAT,Industrials,0.9900000095367432,0.9620000123977661,0.5638571592122066
2024-11-18,ABAT,Industrials,0.8600000143051147,0.800000011920929,0.5844870174809504
2024-11-19,ABAT,Industrials,0.8199999928474426,0.800000011920929,0.5814049223000138
2024-12-03,ABAT,Industrials,0.8920000195503235,0.925000011920929,0.5720124463358872
2024-12-17,ABAT,Industrials,0.8830000162124634,0.8600000143051147,0.8267827136036257
2024-12-18,ABAT,Industrials,1.1699999570846558,0.8799999952316284,0.9023155943498081
2024-12-27,ABAT,Industrials,3.630000114440918,3.359999895095825,0.7539459222251172
2025-01-02,ABAT,Industrials,2.509999990463257,2.130000114440918,0.7354464102915923
2025-01-14,ABAT,Industrials,1.899999976158142,1.8200000524520874,0.609559563430598
2025-01-17,ABAT,Industrials,2.0799999237060547,2.0,0.5741069277686168
2025-02-07,ABAT,Industrials,1.3600000143051147,1.309999942779541,0.6523116931517351
2025-02-10,ABAT,Industrials,1.3200000524520874,1.2799999713897705,0.536004285772704
2025-02-14,ABAT,Industrials,1.3300000429153442,1.3799999952316284,0.5436584502164102
2025-02-24,ABAT,Industrials,1.0,1.0199999809265137,0.5712459866644141
2025-02-25,ABAT,Industrials,1.0399999618530273,0.9919999837875366,0.689155261999508
2025-02-27,ABAT,Industrials,1.0399999618530273,0.9929999709129333,0.9101516463103175
2025-03-10,ABAT,Industrials,1.0299999713897705,0.9380000233650208,0.7760687619649733
2025-03-12,ABAT,Industrials,1.0199999809265137,0.996999979019165,0.7667195047299405
2025-03-25,ABAT,Industrials,1.0299999713897705,1.059999942779541,0.5221167047736062
2025-04-08,ABAT,Industrials,1.0,0.9240000247955322,0.9574647180478013
2025-04-14,ABAT,Industrials,1.0299999713897705,1.0199999809265137,0.6819594795295558
2025-04-17,ABAT,Industrials,1.100000023841858,1.1699999570846558,0.7745573431460594
2025-04-21,ABAT,Industrials,1.190000057220459,1.1299999952316284,0.6826265727621423
2025-04-22,ABAT,Industrials,1.149999976158142,1.0700000524520874,0.5034196913233764
2025-04-23,ABAT,Industrials,1.1200000047683716,1.1100000143051147,0.7095392706440998
2025-05-12,ABAT,Industrials,1.409999966621399,1.340000033378601,0.8260910915167774
2025-05-20,ABAT,Industrials,1.440000057220459,1.3899999856948853,0.7248522374348474
2025-05-29,ABAT,Industrials,1.3899999856948853,1.340000033378601,0.8576950811219121
2025-06-03,ABAT,Industrials,1.399999976158142,1.4800000190734863,0.5014008528804698
2025-06-05,ABAT,Industrials,1.5399999618530273,1.4500000476837158,0.5281727130153577
2025-06-09,ABAT,Industrials,1.4800000190734863,1.4500000476837158,0.5221498915803984
2025-06-20,ABAT,Industrials,1.3600000143051147,1.2699999809265137,0.6460524395055866
2025-06-25,ABAT,Industrials,1.2599999904632568,1.2799999713897705,0.5143652917893026
2025-06-30,ABAT,Industrials,1.5490000247955322,1.6200000047683716,0.5209867686993525
2025-07-07,ABAT,Industrials,1.8799999952316284,1.8799999952316284,0.7501197042480419
2025-07-08,ABAT,Industrials,1.8899999856948853,1.9700000286102295,0.5938517881161101
2025-07-09,ABAT,Industrials,2.0,1.7999999523162842,0.6130829057741567
2025-07-18,ABAT,Industrials,2.4800000190734863,2.4000000953674316,0.7009321941887311
2025-07-21,ABAT,Industrials,2.690000057220459,2.559999942779541,0.6121288380677347
2025-07-25,ABAT,Industrials,3.744999885559082,3.1549999713897705,0.716573791516377
2025-08-04,ABAT,Industrials,2.380000114440918,2.2899999618530273,0.678160311414297
2025-08-07,ABAT,Industrials,2.190000057220459,2.0799999237060547,0.5571104404499104
2025-08-11,ABAT,Industrials,2.2799999713897705,2.25,0.7057961412277185
2025-08-13,ABAT,Industrials,2.4000000953674316,2.4700000286102295,0.5348402675168952
2025-09-05,ABAT,Industrials,2.5399999618530273,2.4000000953674316,0.5990412931146566
2025-09-08,ABAT,Industrials,2.450000047683716,2.380000114440918,0.5142014112648061
2025-09-26,ABAT,Industrials,4.460000038146973,4.380000114440918,0.6206236439925341
2025-09-30,ABAT,Industrials,5.25,4.860000133514404,0.74977635602661
2025-10-02,ABAT,Industrials,5.25,5.010000228881836,0.5946315707501021
2025-10-10,ABAT,Industrials,6.400000095367432,6.75,0.6297033581923642
2025-10-15,ABAT,Industrials,11.414999961853027,8.949999809265137,0.717891731294094
2025-10-20,ABAT,Industrials,6.014999866485596,6.71999979019165,0.6565220558873063
2025-11-10,ABAT,Industrials,4.645999908447266,4.28000020980835,0.6521900418739248
2025-11-12,ABAT,Industrials,4.119999885559082,4.349999904632568,0.5004164530593537
2025-11-19,ABAT,Industrials,3.799999952316284,4.019999980926514,0.6089400718411486
2025-11-20,ABAT,Industrials,4.150000095367432,3.509999990463257,0.8956688846095924
2025-11-21,ABAT,Industrials,3.5399999618530273,3.369999885559082,0.7829101883321519
2025-11-26,ABAT,Industrials,3.619999885559082,3.5799999237060547,0.5015932315640279
2025-12-15,ABAT,Industrials,4.139999866485596,3.930000066757202,0.6804704919004188
2025-12-18,ABAT,Industrials,3.75,3.7699999809265137,0.5122923682197296
2025-12-26,ABAT,Industrials,4.03000020980835,3.819999933242798,0.5231507330664981
2025-12-30,ABAT,Industrials,3.5299999713897705,3.359999895095825,0.5811890276519798
2026-01-02,ABAT,Industrials,3.4200000762939453,3.700000047683716,0.5277882379849361
2026-01-05,ABAT,Industrials,3.869999885559082,4.659999847412109,0.5885572128618648
2026-01-14,ABAT,Industrials,5.25,5.309999942779541,0.7368707341547857
2024-01-18,ABNB,Consumer Cyclical,137.0,137.0399932861328,0.6457892339549804
2024-01-24,ABNB,Consumer Cyclical,143.80999755859375,141.19000244140625,0.800784992580695
2024-01-25,ABNB,Consumer Cyclical,143.1999969482422,142.11000061035156,0.6092741614183235
2024-02-22,ABNB,Consumer Cyclical,151.02000427246094,155.25999450683594,0.5396479245698362
2024-03-14,ABNB,Consumer Cyclical,165.74000549316406,166.44000244140625,0.5038411231613328
2024-03-21,ABNB,Consumer Cyclical,165.80999755859375,168.17999267578125,0.7129846950331296
2024-04-04,ABNB,Consumer Cyclical,161.22000122070312,158.83999633789062,0.5503956659368425
2024-04-09,ABNB,Consumer Cyclical,161.5500030517578,162.66000366210938,0.5144003246802965
2024-04-15,ABNB,Consumer Cyclical,161.80999755859375,155.60000610351562,0.5237595239558912
2024-04-17,ABNB,Consumer Cyclical,158.4499969482422,158.3699951171875,0.5416593634346644
2024-04-18,ABNB,Consumer Cyclical,159.60000610351562,160.10000610351562,0.7176094830242884
2024-05-03,ABNB,Consumer Cyclical,161.80999755859375,159.7100067138672,0.5501063010287333
2024-05-15,ABNB,Consumer Cyclical,147.57000732421875,145.8000030517578,0.6079780413699898
2024-05-28,ABNB,Consumer Cyclical,146.0,147.00999450683594,0.5561015241714332
2024-06-12,ABNB,Consumer Cyclical,149.99000549316406,149.32000732421875,0.6484535498515361
2024-07-09,ABNB,Consumer Cyclical,152.9199981689453,152.4499969482422,0.6888923421770793
2024-07-16,ABNB,Consumer Cyclical,148.47000122070312,151.25999450683594,0.5041356835741643
2024-07-26,ABNB,Consumer Cyclical,141.89999389648438,140.10000610351562,0.6342770435782359
2024-07-29,ABNB,Consumer Cyclical,141.24000549316406,140.2899932861328,0.6413156748575926
2024-08-14,ABNB,Consumer Cyclical,117.72000122070312,116.23999786376953,0.6031002674314162
2024-09-10,ABNB,Consumer Cyclical,117.01000213623047,115.12000274658203,0.6588695995912918
2024-09-19,ABNB,Consumer Cyclical,127.93000030517578,128.75,0.5655507184444387
2024-09-26,ABNB,Consumer Cyclical,132.70599365234375,129.25,0.7160081452515189
2024-10-24,ABNB,Consumer Cyclical,133.5500030517578,132.75,0.5148841925724356
2024-10-31,ABNB,Consumer Cyclical,137.6999969482422,134.7899932861328,0.5615176112991047
2024-11-06,ABNB,Consumer Cyclical,141.97999572753906,140.91000366210938,0.5659961159752148
2024-12-19,ABNB,Consumer Cyclical,129.1300048828125,129.35000610351562,0.6728028546152576
2025-01-06,ABNB,Consumer Cyclical,137.0,135.1999969482422,0.501270382312615
2025-02-24,ABNB,Consumer Cyclical,147.0,144.82000732421875,0.6159948088590982
2025-02-26,ABNB,Consumer Cyclical,143.16000366210938,144.02999877929688,0.5926386384177761
2025-03-03,ABNB,Consumer Cyclical,140.33999633789062,140.97999572753906,0.6182865556237442
2025-03-12,ABNB,Consumer Cyclical,127.0,126.55000305175781,0.7540086223860938
2025-04-08,ABNB,Consumer Cyclical,110.73999786376953,105.69000244140625,0.8524005504992855
2025-04-14,ABNB,Consumer Cyclical,117.30000305175781,113.22000122070312,0.6174169848588351
2025-04-15,ABNB,Consumer Cyclical,114.2249984741211,114.63999938964844,0.5007993150248073
2025-04-17,ABNB,Consumer Cyclical,113.75,112.69999694824219,0.7341572630477137
2025-04-23,ABNB,Consumer Cyclical,119.69999694824219,118.27999877929688,0.6846811947094804
2025-05-08,ABNB,Consumer Cyclical,124.625,126.38999938964844,0.5067901032515234
2025-05-12,ABNB,Consumer Cyclical,133.16000366210938,134.2100067138672,0.7531610169893955
2025-05-29,ABNB,Consumer Cyclical,130.0,128.36000061035156,0.7891243520265733
2025-06-06,ABNB,Consumer Cyclical,139.17999267578125,140.63999938964844,0.5088920686599854
2025-06-09,ABNB,Consumer Cyclical,141.47000122070312,139.00999450683594,0.5266023685633371
2025-08-06,ABNB,Consumer Cyclical,130.6750030517578,130.5,0.5692420936358743
2025-08-22,ABNB,Consumer Cyclical,127.16999816894531,129.9199981689453,0.6133268346811476
2025-09-29,ABNB,Consumer Cyclical,124.44000244140625,122.91999816894531,0.608822314075787
2025-11-07,ABNB,Consumer Cyclical,125.49500274658203,120.87999725341797,0.6257051369534581
2025-11-10,ABNB,Consumer Cyclical,121.94000244140625,120.19999694824219,0.5857632715074907
2025-11-21,ABNB,Consumer Cyclical,112.16999816894531,114.26000213623047,0.7184074507721017
2025-12-15,ABNB,Consumer Cyclical,129.2899932861328,131.80999755859375,0.6095419263275298
2025-12-17,ABNB,Consumer Cyclical,133.9600067138672,133.77999877929688,0.5094584569519932
2025-12-22,ABNB,Consumer Cyclical,136.08999633789062,136.9499969482422,0.560653772530337
2024-01-18,ACHR,Industrials,5.21999979019165,5.019999980926514,0.6224204279761106
2024-01-22,ACHR,Industrials,5.449999809265137,5.309999942779541,0.6953650494461637
2024-01-23,ACHR,Industrials,5.489999771118164,5.420000076293945,0.507113746918275
2024-01-24,ACHR,Industrials,5.550000190734863,5.010000228881836,0.8386185301889235
2024-01-25,ACHR,Industrials,5.050000190734863,4.980000019073486,0.7120995047237804
2024-01-26,ACHR,Industrials,5.019999980926514,4.900000095367432,0.5873554857715856
2024-02-06,ACHR,Industrials,4.699999809265137,5.059999942779541,0.5053820567636742
2024-02-09,ACHR,Industrials,5.25,5.400000095367432,0.5055238739359068
2024-02-15,ACHR,Industrials,5.539999961853027,5.449999809265137,0.5039250930249156
2024-02-22,ACHR,Industrials,5.170000076293945,4.869999885559082,0.5845080868854595
2024-02-29,ACHR,Industrials,4.800000190734863,4.829999923706055,0.5454026461899376
2024-03-04,ACHR,Industrials,4.579999923706055,4.480000019073486,0.6089660028797822
2024-03-06,ACHR,Industrials,4.269999980926514,4.25,0.5189571054013019
2024-03-07,ACHR,Industrials,4.320000171661377,4.289999961853027,0.5048909124093197
2024-03-08,ACHR,Industrials,4.340000152587891,4.579999923706055,0.5070526040869101
2024-03-18,ACHR,Industrials,5.050000190734863,4.869999885559082,0.5015770869308761
2024-03-21,ACHR,Industrials,5.099999904632568,5.110000133514404,0.8143489749319498
2024-03-25,ACHR,Industrials,4.949999809265137,4.949999809265137,0.582803965197129
2024-03-26,ACHR,Industrials,4.980000019073486,4.789999961853027,0.5293834620409514
2024-03-27,ACHR,Industrials,4.840000152587891,4.739999771118164,0.5133938835511896
2024-04-04,ACHR,Industrials,4.5,4.300000190734863,0.539883250143638
2024-04-11,ACHR,Industrials,4.199999809265137,4.190000057220459,0.598287307696808
2024-04-15,ACHR,Industrials,4.059999942779541,3.890000104904175,0.5484721069202273
2024-04-17,ACHR,Industrials,3.9100000858306885,3.7799999713897705,0.58831027984972
2024-04-18,ACHR,Industrials,3.799999952316284,3.7799999713897705,0.7748011487227443
2024-04-24,ACHR,Industrials,4.050000190734863,3.9700000286102295,0.5548962836350954
2024-04-25,ACHR,Industrials,4.010000228881836,3.9800000190734863,0.550104458933583
2024-04-29,ACHR,Industrials,4.059999942779541,4.070000171661377,0.6613659846014442
2024-05-10,ACHR,Industrials,3.880000114440918,3.6500000953674316,0.5936670668385684
2024-05-13,ACHR,Industrials,3.740000009536743,3.75,0.5686181516095267
2024-05-15,ACHR,Industrials,4.059999942779541,3.890000104904175,0.5447928832978117
2024-05-22,ACHR,Industrials,3.5,3.4200000762939453,0.7855434370657955
2024-05-31,ACHR,Industrials,3.240000009536743,3.2699999809265137,0.5138419637553002
2024-06-03,ACHR,Industrials,3.3499999046325684,3.299999952316284,0.5368152115790397
2024-06-05,ACHR,Industrials,3.4000000953674316,3.450000047683716,0.5000161906120391
2024-06-06,ACHR,Industrials,3.6600000858306885,3.430000066757202,0.6818088169148953
2024-06-12,ACHR,Industrials,3.430000066757202,3.359999895095825,0.7088599558601976
2024-06-13,ACHR,Industrials,3.4100000858306885,3.2699999809265137,0.5250933601999572
2024-06-20,ACHR,Industrials,3.0999999046325684,3.119999885559082,0.7389957477262515
2024-06-21,ACHR,Industrials,3.1500000953674316,3.6600000858306885,0.5225767926062375
2024-06-24,ACHR,Industrials,3.680000066757202,3.740000009536743,0.5571436408655246
2024-06-25,ACHR,Industrials,3.759999990463257,3.6600000858306885,0.5640893355480966
2024-07-02,ACHR,Industrials,3.490000009536743,3.7200000286102295,0.5726881488442129
2024-07-05,ACHR,Industrials,4.760000228881836,4.400000095367432,0.6297600504742554
2024-07-08,ACHR,Industrials,4.610000133514404,4.480000019073486,0.6095070238522114
2024-07-11,ACHR,Industrials,4.46999979019165,4.570000171661377,0.7586822582532432
2024-07-15,ACHR,Industrials,5.320000171661377,5.050000190734863,0.5977056740491407
2024-07-18,ACHR,Industrials,5.110000133514404,4.829999923706055,0.5457767186902529
2024-07-22,ACHR,Industrials,4.679999828338623,4.599999904632568,0.5665216271081757
2024-07-26,ACHR,Industrials,4.5,4.690000057220459,0.5746741998772944
2024-07-29,ACHR,Industrials,4.769999980926514,4.460000038146973,0.6013422602838843
2024-08-06,ACHR,Industrials,4.079999923706055,3.9200000762939453,0.6261331226677065
2024-08-07,ACHR,Industrials,4.0,3.8399999141693115,0.76271665074994
2024-08-12,ACHR,Industrials,3.680000066757202,3.549999952316284,0.5270556642825035
2024-08-22,ACHR,Industrials,3.8499999046325684,3.680000066757202,0.5378516757123832
2024-08-26,ACHR,Industrials,3.8399999141693115,3.930000066757202,0.5138651201926786
2024-08-29,ACHR,Industrials,3.609999895095825,3.5399999618530273,0.5956493236250542
2024-08-30,ACHR,Industrials,3.5999999046325684,3.4000000953674316,0.7425583692484921
2024-09-03,ACHR,Industrials,3.430000066757202,3.380000114440918,0.6887564210918099
2024-09-17,ACHR,Industrials,3.140000104904175,3.130000114440918,0.5565203096716158
2024-09-19,ACHR,Industrials,3.1600000858306885,3.049999952316284,0.7270485813360724
2024-09-23,ACHR,Industrials,3.0799999237060547,3.0399999618530273,0.5088338834204765
2024-09-26,ACHR,Industrials,2.9600000381469727,2.9200000762939453,0.7471094953209392
2024-09-27,ACHR,Industrials,2.990000009536743,3.069999933242798,0.54690715749009
2024-10-01,ACHR,Industrials,3.049999952316284,2.9700000286102295,0.6872141861389209
2024-10-02,ACHR,Industrials,3.075000047683716,3.200000047683716,0.6213450473414454
2024-10-23,ACHR,Industrials,3.390000104904175,3.119999885559082,0.6417288116237929
2024-10-24,ACHR,Industrials,3.1500000953674316,3.0899999141693115,0.6083601402880905
2024-10-30,ACHR,Industrials,3.4100000858306885,3.2799999713897705,0.5905897019139595
2024-11-01,ACHR,Industrials,3.2300000190734863,3.2799999713897705,0.6129718545149591
2024-11-13,ACHR,Industrials,4.769999980926514,4.28000020980835,0.7859270284835463
2024-11-22,ACHR,Industrials,6.079999923706055,6.039999961853027,0.5498367217398096
2024-11-27,ACHR,Industrials,7.510000228881836,8.079999923706055,0.5228586700827693
2024-12-02,ACHR,Industrials,9.6899995803833,7.300000190734863,0.7875617502617573
2024-12-18,ACHR,Industrials,9.279999732971191,8.949999809265137,0.7776695146946637
2024-12-19,ACHR,Industrials,9.140000343322754,8.420000076293945,0.7413029152735817
2024-12-23,ACHR,Industrials,9.699999809265137,9.380000114440918,0.5129161947014101
2024-12-26,ACHR,Industrials,11.119999885559082,11.329999923706055,0.566007725114095
2025-01-06,ACHR,Industrials,11.600000381469727,11.449999809265137,0.5922284921642607
2025-01-14,ACHR,Industrials,8.680000305175781,8.220000267028809,0.6713721264537306
2025-01-28,ACHR,Industrials,9.3100004196167,9.15999984741211,0.5326377262999659
2025-01-31,ACHR,Industrials,9.329999923706055,9.449999809265137,0.5684721053046661
2025-02-05,ACHR,Industrials,9.319999694824219,9.149999618530273,0.6056954947453835
2025-02-06,ACHR,Industrials,9.239999771118164,9.149999618530273,0.6269373740565528
2025-02-18,ACHR,Industrials,11.0,10.670000076293945,0.5455708221552219
2025-02-19,ACHR,Industrials,10.989999771118164,10.0600004196167,0.6163317658059866
2025-02-20,ACHR,Industrials,10.229999542236328,10.130000114440918,0.5971851478102729
2025-02-21,ACHR,Industrials,10.369999885559082,9.130000114440918,0.7406012631505289
2025-02-26,ACHR,Industrials,8.229999542236328,8.210000038146973,0.6101776421285011
2025-02-27,ACHR,Industrials,8.600000381469727,7.920000076293945,0.8470746020540041
2025-03-03,ACHR,Industrials,9.149999618530273,7.880000114440918,0.7005713389059616
2025-03-12,ACHR,Industrials,7.289999961853027,7.480000019073486,0.7916294200693577
2025-03-13,ACHR,Industrials,7.659999847412109,7.25,0.5561165573633106
2025-04-08,ACHR,Industrials,7.190000057220459,6.400000095367432,0.9804508094322858
2025-04-14,ACHR,Industrials,7.329999923706055,7.25,0.6918678872982121
2025-04-17,ACHR,Industrials,7.190000057220459,7.230000019073486,0.7348444818163244
2025-04-23,ACHR,Industrials,7.809999942779541,8.050000190734863,0.6783183625458321
2025-04-28,ACHR,Industrials,8.739999771118164,8.529999732971191,0.5331205846516578
2025-05-08,ACHR,Industrials,8.920000076293945,8.760000228881836,0.5305362666111083
2025-05-12,ACHR,Industrials,9.239999771118164,9.079999923706055,0.7379486427075723
2025-05-29,ACHR,Industrials,11.199999809265137,10.600000381469727,0.8065354867344586
2025-06-03,ACHR,Industrials,10.199999809265137,9.720000267028809,0.5403192478508531
2025-06-11,ACHR,Industrials,11.75,12.170000076293945,0.5116938572923607
2025-06-20,ACHR,Industrials,10.399999618530273,10.039999961853027,0.6441896732474945
2025-06-25,ACHR,Industrials,10.829999923706055,9.930000305175781,0.5168282082618806
2025-07-02,ACHR,Industrials,10.109999656677246,9.979999542236328,0.5473649218337509
2025-07-09,ACHR,Industrials,10.470000267028809,10.449999809265137,0.643184949348948
2025-07-21,ACHR,Industrials,13.364999771118164,11.850000381469727,0.6940652083894623
2025-07-28,ACHR,Industrials,11.40999984741211,10.789999961853027,0.6339611649831574
2025-07-30,ACHR,Industrials,10.25,10.149999618530273,0.5031892081751252
2025-08-05,ACHR,Industrials,10.5,10.329999923706055,0.6119085432336839
2025-08-07,ACHR,Industrials,9.920000076293945,9.800000190734863,0.5344607966582496
2025-08-08,ACHR,Industrials,9.854999542236328,9.720000267028809,0.5487155988752119
2025-08-11,ACHR,Industrials,9.895000457763672,9.539999961853027,0.5507830589365433
2025-08-13,ACHR,Industrials,10.524999618530273,10.199999809265137,0.505922427095811
2025-08-15,ACHR,Industrials,10.180000305175781,9.819999694824219,0.5226503596427257
2025-08-18,ACHR,Industrials,10.0,9.850000381469727,0.5101029504044423
2025-08-28,ACHR,Industrials,9.210000038146973,9.199999809265137,0.517572885481669
2025-09-03,ACHR,Industrials,8.65999984741211,8.390000343322754,0.645713914915594
2025-09-05,ACHR,Industrials,8.614999771118164,8.5,0.6845030321477688
2025-09-10,ACHR,Industrials,8.600000381469727,8.25,0.5662660326003484
2025-09-15,ACHR,Industrials,9.359999656677246,9.119999885559082,0.6537874034160389
2025-09-16,ACHR,Industrials,9.170000076293945,9.109999656677246,0.5050569681494046
2025-09-26,ACHR,Industrials,9.40999984741211,9.279999732971191,0.5034681272513186
2025-10-15,ACHR,Industrials,13.4399995803833,13.029999732971191,0.6589247222498303
2025-10-16,ACHR,Industrials,13.319999694824219,11.869999885559082,0.7066578704299005
2025-10-20,ACHR,Industrials,11.869999885559082,11.979999542236328,0.6697730232132918
2025-10-27,ACHR,Industrials,11.579999923706055,11.34000015258789,0.6403750070919937
2025-10-29,ACHR,Industrials,11.220000267028809,11.180000305175781,0.5034787584723882
2025-10-31,ACHR,Industrials,11.09000015258789,11.220000267028809,0.5524675297308114
2025-11-05,ACHR,Industrials,9.84000015258789,9.569999694824219,0.5215443034254138
2025-11-18,ACHR,Industrials,7.599999904632568,7.610000133514404,0.6293534053642127
2025-11-19,ACHR,Industrials,7.650000095367432,7.46999979019165,0.7343736248095466
2025-11-20,ACHR,Industrials,7.75,6.869999885559082,0.8893980292055905
2025-12-12,ACHR,Industrials,8.609999656677246,8.300000190734863,0.564143806754187
2025-12-15,ACHR,Industrials,8.460000038146973,7.829999923706055,0.659766853710869
2025-12-18,ACHR,Industrials,7.880000114440918,7.820000171661377,0.5079673248729089
2025-12-19,ACHR,Industrials,7.96999979019165,8.15999984741211,0.574593326038801
2026-01-02,ACHR,Industrials,7.670000076293945,8.130000114440918,0.5601237871037982
2026-01-05,ACHR,Industrials,8.25,8.5600004196167,0.526590836549606
2026-01-06,ACHR,Industrials,8.604999542236328,8.819999694824219,0.5131325307741212
2026-01-08,ACHR,Industrials,8.489999771118164,8.710000038146973,0.5378622911369632
2024-01-24,ADBE,Technology,601.7100219726562,606.47998046875,0.579969132947738
2024-01-25,ADBE,Technology,615.4199829101562,622.5800170898438,0.6515678051776054
2024-02-07,ADBE,Technology,613.25,615.8499755859375,0.5181493143786647
2024-02-22,ADBE,Technology,553.9400024414062,537.5700073242188,0.5432338910053671
2024-02-23,ADBE,Technology,543.489990234375,553.4400024414062,0.5225949787326212
2024-02-27,ADBE,Technology,565.9099731445312,552.489990234375,0.5155304197862323
2024-03-06,ADBE,Technology,548.0,543.0900268554688,0.5401432398424968
2024-03-07,ADBE,Technology,550.0,556.0399780273438,0.512337463746878
2024-03-27,ADBE,Technology,515.469970703125,504.3999938964844,0.5090810657475018
2024-04-04,ADBE,Technology,503.55999755859375,487.1099853515625,0.5344895420795093
2024-04-15,ADBE,Technology,477.0199890136719,470.1000061035156,0.5331165223875777
2024-04-19,ADBE,Technology,476.5400085449219,465.0199890136719,0.5484321453917053
2024-05-23,ADBE,Technology,488.3800048828125,483.30999755859375,0.6119083572398412
2024-06-03,ADBE,Technology,447.5799865722656,439.0199890136719,0.5264586241627804
2024-06-20,ADBE,Technology,527.6699829101562,522.9500122070312,0.5243426525037409
2024-06-28,ADBE,Technology,549.7000122070312,555.5399780273438,0.5074681167998315
2024-07-25,ADBE,Technology,536.7999877929688,532.1500244140625,0.5453459172889286
2024-07-26,ADBE,Technology,535.3499755859375,542.4400024414062,0.5425893057596456
2024-07-30,ADBE,Technology,541.8499755859375,538.7100219726562,0.5513104761925507
2024-08-23,ADBE,Technology,565.4500122070312,558.2999877929688,0.5085747117394196
2024-09-06,ADBE,Technology,570.9000244140625,563.4099731445312,0.5015987266791146
2024-09-09,ADBE,Technology,567.6900024414062,569.8800048828125,0.5508542424536101
2024-09-10,ADBE,Technology,576.75,574.47998046875,0.5328437239202556
2024-09-19,ADBE,Technology,518.8099975585938,526.4400024414062,0.5280230342765919
2024-09-23,ADBE,Technology,525.7100219726562,527.8699951171875,0.5124536921763534
2024-10-04,ADBE,Technology,507.2900085449219,507.2200012207031,0.5090256553012302
2024-10-08,ADBE,Technology,492.45001220703125,496.239990234375,0.5267218779731633
2024-10-17,ADBE,Technology,506.510009765625,496.8299865722656,0.5024157393659295
2025-01-02,ADBE,Technology,447.760009765625,441.0,0.5491924347444428
2025-03-12,ADBE,Technology,436.69000244140625,438.6000061035156,0.5154367861105952
2025-03-19,ADBE,Technology,394.1000061035156,387.8900146484375,0.5523376921097265
2025-04-08,ADBE,Technology,350.1000061035156,340.0,0.9193667212554025
2025-04-14,ADBE,Technology,359.510009765625,350.9100036621094,0.5251286604284116
2025-04-17,ADBE,Technology,349.75,348.79998779296875,0.5376547872758061
2025-04-22,ADBE,Technology,349.1400146484375,349.9100036621094,0.5051277032035568
2025-04-23,ADBE,Technology,358.1199951171875,351.9599914550781,0.5897371904497369
2025-05-01,ADBE,Technology,378.29998779296875,374.6300048828125,0.5377244099656475
2025-06-06,ADBE,Technology,417.5400085449219,416.9200134277344,0.5205494981365041
2025-06-20,ADBE,Technology,380.4800109863281,376.9200134277344,0.5118141955706449
2025-06-24,ADBE,Technology,384.9599914550781,382.3399963378906,0.5098442659008419
2025-08-04,ADBE,Technology,351.1600036621094,338.8500061035156,0.5483092837668616
2025-08-06,ADBE,Technology,341.6499938964844,345.6199951171875,0.5034425592281492
2025-10-07,ADBE,Technology,352.5899963378906,348.30999755859375,0.5555174071726717
2025-10-16,ADBE,Technology,333.8599853515625,329.2300109863281,0.5016209449843858
2025-10-27,ADBE,Technology,355.57000732421875,357.79998779296875,0.5036701034254009
2024-01-18,AMD,Technology,166.1999969482422,162.6699981689453,0.5212849851003644
2024-01-24,AMD,Technology,172.5500030517578,178.2899932861328,0.5805397962103616
2024-01-25,AMD,Technology,183.41000366210938,180.3300018310547,0.7168779123582106
2024-02-22,AMD,Technology,173.1999969482422,181.86000061035156,0.501173949456172
2024-03-06,AMD,Technology,210.42999267578125,210.6300048828125,0.5163220985126046
2024-03-07,AMD,Technology,212.52000427246094,211.3800048828125,0.5582518528704891
2024-03-08,AMD,Technology,213.41000366210938,207.38999938964844,0.5046811599753628
2024-03-18,AMD,Technology,193.2899932861328,190.64999389648438,0.5063782555396383
2024-03-21,AMD,Technology,185.97000122070312,178.67999267578125,0.5183238623506932
2024-03-27,AMD,Technology,179.9600067138672,179.58999633789062,0.508370559967695
2024-04-04,AMD,Technology,182.9199981689453,165.8300018310547,0.5305377181361453
2024-04-05,AMD,Technology,168.10000610351562,170.4199981689453,0.5304506157652915
2024-04-15,AMD,Technology,164.42999267578125,160.32000732421875,0.5275965972384921
2024-04-16,AMD,Technology,162.27999877929688,163.4600067138672,0.5426347780007023
2024-04-18,AMD,Technology,155.50999450683594,155.0800018310547,0.5637220553630867
2024-04-24,AMD,Technology,156.55999755859375,151.74000549316406,0.668373101705547
2024-05-23,AMD,Technology,170.17999267578125,160.42999267578125,0.6120461066964443
2024-06-03,AMD,Technology,170.82000732421875,163.5500030517578,0.5180758437238893
2024-06-20,AMD,Technology,155.82000732421875,161.77999877929688,0.5604552984029952
2024-07-05,AMD,Technology,165.97000122070312,171.89999389648438,0.5413929563438764
2024-07-18,AMD,Technology,163.41000366210938,155.77000427246094,0.5444047916119684
2024-07-26,AMD,Technology,140.32000732421875,139.99000549316406,0.5480527411751875
2024-07-29,AMD,Technology,141.19000244140625,139.75,0.518252734834203
2024-08-07,AMD,Technology,133.75,128.6699981689453,0.5400954443769919
2024-08-30,AMD,Technology,147.52000427246094,148.55999755859375,0.511128884304526
2024-09-09,AMD,Technology,136.10000610351562,138.14999389648438,0.5139189163772027
2024-09-19,AMD,Technology,153.80999755859375,156.74000549316406,0.5014611170601347
2024-10-16,AMD,Technology,158.07000732421875,156.1300048828125,0.5073688751723974
2024-10-17,AMD,Technology,160.0,156.25,0.5117380040549587
2024-11-05,AMD,Technology,141.94000244140625,141.66000366210938,0.5200121167023575
2024-11-06,AMD,Technology,144.9499969482422,145.10000610351562,0.5084903802572436
2024-11-18,AMD,Technology,138.19000244140625,138.92999267578125,0.5329331370079391
2024-11-25,AMD,Technology,140.49000549316406,141.1300048828125,0.5090810657475018
2024-12-11,AMD,Technology,128.52000427246094,130.14999389648438,0.5316006224332466
2024-12-19,AMD,Technology,122.16000366210938,118.87999725341797,0.5536304776795521
2024-12-23,AMD,Technology,120.70999908447266,124.5999984741211,0.5340202071967789
2024-12-24,AMD,Technology,127.51000213623047,126.29000091552734,0.5252715227092659
2024-12-31,AMD,Technology,123.0999984741211,120.79000091552734,0.501552334677354
2025-01-02,AMD,Technology,122.29000091552734,120.62999725341797,0.549336050061052
2025-01-03,AMD,Technology,121.6500015258789,125.37000274658203,0.549336050061052
2025-01-06,AMD,Technology,129.07000732421875,129.5500030517578,0.5029600432264274
2025-01-14,AMD,Technology,118.0,116.08999633789062,0.5486621225298587
2025-02-04,AMD,Technology,115.44999694824219,119.5,0.5014300468893055
2025-02-10,AMD,Technology,108.44000244140625,110.4800033569336,0.5124823975906153
2025-02-24,AMD,Technology,111.48999786376953,108.11000061035156,0.5127800612733321
2025-02-26,AMD,Technology,104.94999694824219,104.73999786376953,0.5624565933417995
2025-03-03,AMD,Technology,101.5199966430664,98.2300033569336,0.6010936603494921
2025-03-12,AMD,Technology,99.05000305175781,100.79000091552734,0.532498818267884
2025-03-17,AMD,Technology,102.5999984741211,104.58999633789062,0.5116842379207034
2025-03-19,AMD,Technology,104.41999816894531,106.2300033569336,0.5246061845640937
2025-04-08,AMD,Technology,86.1500015258789,78.20999908447266,0.919085236257117
2025-04-14,AMD,Technology,97.11000061035156,94.5,0.5552147230407071
2025-04-17,AMD,Technology,88.83999633789062,87.5,0.5262938737129318
2025-04-23,AMD,Technology,91.87999725341797,90.38999938964844,0.5595340312179626
2025-05-01,AMD,Technology,99.2699966430664,96.6500015258789,0.5230726516150063
2025-05-08,AMD,Technology,101.91999816894531,101.69999694824219,0.5170519165283493
2025-05-14,AMD,Technology,119.83000183105469,117.72000122070312,0.519222325605078
2025-05-29,AMD,Technology,115.48999786376953,113.02999877929688,0.5273816942589435
2025-06-06,AMD,Technology,117.69000244140625,116.19000244140625,0.525941489218494
2025-06-24,AMD,Technology,133.42999267578125,138.42999267578125,0.5187945669127371
2025-07-17,AMD,Technology,161.80999755859375,160.41000366210938,0.5280050834682424
2025-07-25,AMD,Technology,163.50999450683594,166.47000122070312,0.5332051290074397
2025-07-28,AMD,Technology,169.0800018310547,173.66000366210938,0.5434032674293201
2025-07-29,AMD,Technology,175.2100067138672,177.44000244140625,0.7386047608577591
2025-07-31,AMD,Technology,182.02000427246094,176.30999755859375,0.7458652515546335
2025-08-04,AMD,Technology,174.61000061035156,176.77999877929688,0.5331745942905937
2025-08-07,AMD,Technology,166.83999633789062,172.39999389648438,0.5180758437238893
2025-10-06,AMD,Technology,226.4499969482422,203.7100067138672,0.511212104534224
2025-10-07,AMD,Technology,214.85000610351562,211.50999450683594,0.6229697043795918
2025-10-24,AMD,Technology,243.36000061035156,252.9199981689453,0.5009975095167863
2025-10-27,AMD,Technology,257.8800048828125,259.6700134277344,0.5008357436389982
2025-11-03,AMD,Technology,259.3299865722656,259.6499938964844,0.5526157351505232
2025-11-20,AMD,Technology,232.6999969482422,206.02000427246094,0.5453993638792035
2025-11-21,AMD,Technology,208.80999755859375,203.77999877929688,0.5641873506354522
2025-11-24,AMD,Technology,207.16000366210938,215.0500030517578,0.5434539155846052
2025-11-26,AMD,Technology,210.0500030517578,214.24000549316406,0.5308910148008361
2025-12-15,AMD,Technology,212.27999877929688,207.5800018310547,0.5254505533719821
2025-12-19,AMD,Technology,204.60000610351562,213.42999267578125,0.5075075686844386
2025-12-22,AMD,Technology,220.0,214.9499969482422,0.5242086386355335
2026-01-02,AMD,Technology,218.89999389648438,223.47000122070312,0.5122401494666556
2026-01-05,AMD,Technology,230.25,221.0800018310547,0.5104101313758875
2024-01-18,AMZN,Consumer Cyclical,152.77000427246094,153.5,0.6003841963797487
2024-01-24,AMZN,Consumer Cyclical,157.8000030517578,156.8699951171875,0.8111560483981389
2024-03-21,AMZN,Consumer Cyclical,179.99000549316406,178.14999389648438,0.7927581966512258
2024-04-15,AMZN,Consumer Cyclical,187.42999267578125,183.6199951171875,0.5179676366316823
2024-04-17,AMZN,Consumer Cyclical,184.30999755859375,181.27999877929688,0.6582971134589295
2024-04-22,AMZN,Consumer Cyclical,176.94000244140625,177.22999572753906,0.5021970238251238
2024-04-29,AMZN,Consumer Cyclical,182.75,180.9600067138672,0.5391346578142726
2024-05-01,AMZN,Consumer Cyclical,181.63999938964844,179.0,0.5497668037035686
2024-07-18,AMZN,Consumer Cyclical,189.58999633789062,183.75,0.5617480684361569
2024-07-22,AMZN,Consumer Cyclical,185.0,182.5500030517578,0.5466497181211246
2024-07-25,AMZN,Consumer Cyclical,182.91000366210938,179.85000610351562,0.677010478716991
2024-07-29,AMZN,Consumer Cyclical,183.83999633789062,183.1999969482422,0.6237591108368556
2024-07-30,AMZN,Consumer Cyclical,184.72000122070312,181.7100067138672,0.6026738082889744
2024-08-01,AMZN,Consumer Cyclical,189.2899932861328,184.07000732421875,0.5718654403236207
2024-08-07,AMZN,Consumer Cyclical,166.5500030517578,162.77000427246094,0.7642675456633605
2024-08-12,AMZN,Consumer Cyclical,168.13999938964844,166.8000030517578,0.5121973018566809
2024-08-14,AMZN,Consumer Cyclical,172.11000061035156,170.10000610351562,0.5990443656356316
2024-09-10,AMZN,Consumer Cyclical,177.49000549316406,179.5500030517578,0.5431397619114552
2024-09-19,AMZN,Consumer Cyclical,190.0399932861328,189.8699951171875,0.6178804535195471
2024-09-26,AMZN,Consumer Cyclical,194.30999755859375,191.16000366210938,0.6769021963319806
2024-10-08,AMZN,Consumer Cyclical,181.9199981689453,182.72000122070312,0.5513592883277333
2024-11-01,AMZN,Consumer Cyclical,199.0,197.92999267578125,0.5183270737782103
2024-12-19,AMZN,Consumer Cyclical,224.91000366210938,223.2899932861328,0.5092775337175673
2024-12-31,AMZN,Consumer Cyclical,222.97000122070312,219.38999938964844,0.5985959131366964
2025-01-06,AMZN,Consumer Cyclical,226.77999877929688,227.61000061035156,0.5005743204412533
2025-02-06,AMZN,Consumer Cyclical,238.00999450683594,238.8300018310547,0.6058191260968198
2025-02-26,AMZN,Consumer Cyclical,214.94000244140625,214.35000610351562,0.6854238596774717
2025-02-27,AMZN,Consumer Cyclical,218.35000610351562,208.74000549316406,0.8196659266861
2025-03-03,AMZN,Consumer Cyclical,213.35000610351562,205.02000427246094,0.6152206147602998
2025-03-12,AMZN,Consumer Cyclical,200.72000122070312,198.88999938964844,0.7512331875107255
2025-04-08,AMZN,Consumer Cyclical,185.22999572753906,170.66000366210938,0.9399048436541471
2025-04-14,AMZN,Consumer Cyclical,186.83999633789062,182.1199951171875,0.608694295059924
2025-04-17,AMZN,Consumer Cyclical,176.0,172.61000061035156,0.7341572630477137
2025-04-23,AMZN,Consumer Cyclical,183.4499969482422,180.60000610351562,0.7311646737736082
2025-04-28,AMZN,Consumer Cyclical,190.11000061035156,187.6999969482422,0.5816741858186293
2025-05-01,AMZN,Consumer Cyclical,190.6300048828125,190.1999969482422,0.5878681877656142
2025-05-08,AMZN,Consumer Cyclical,191.42999267578125,192.0800018310547,0.5342479906835392
2025-05-12,AMZN,Consumer Cyclical,210.7100067138672,208.63999938964844,0.757075965530111
2025-05-29,AMZN,Consumer Cyclical,208.02999877929688,205.6999969482422,0.7916513353536682
2025-06-20,AMZN,Consumer Cyclical,214.67999267578125,209.69000244140625,0.5240342418099538
2025-07-09,AMZN,Consumer Cyclical,221.07000732421875,222.5399932861328,0.5758225944602214
2025-07-28,AMZN,Consumer Cyclical,233.35000610351562,232.7899932861328,0.5631791061798537
2025-07-29,AMZN,Consumer Cyclical,234.14999389648438,231.00999450683594,0.6330422968948435
2025-07-31,AMZN,Consumer Cyclical,235.77000427246094,234.11000061035156,0.6401015759421109
2025-08-04,AMZN,Consumer Cyclical,217.39999389648438,211.64999389648438,0.5003607130537474
2025-08-05,AMZN,Consumer Cyclical,213.0500030517578,213.75,0.5236681969843207
2025-08-15,AMZN,Consumer Cyclical,232.5800018310547,231.02999877929688,0.5284182822301178
2025-09-11,AMZN,Consumer Cyclical,231.49000549316406,229.9499969482422,0.5256351105723983
2025-09-24,AMZN,Consumer Cyclical,224.14999389648438,220.2100067138672,0.5076623241652524
2025-10-06,AMZN,Consumer Cyclical,221.0,220.89999389648438,0.5085469384934009
2025-10-31,AMZN,Consumer Cyclical,250.10000610351562,244.22000122070312,0.6201941169560737
2025-11-10,AMZN,Consumer Cyclical,248.33999633789062,248.39999389648438,0.520073517213366
2025-11-20,AMZN,Consumer Cyclical,227.0500030517578,217.13999938964844,0.8476727137878296
2025-12-05,AMZN,Consumer Cyclical,230.32000732421875,229.52999877929688,0.5016466331875311
2025-12-15,AMZN,Consumer Cyclical,227.92999267578125,222.5399932861328,0.625967674487456
2025-12-17,AMZN,Consumer Cyclical,224.66000366210938,221.27000427246094,0.6066731273179631
2025-12-22,AMZN,Consumer Cyclical,228.61000061035156,228.42999267578125,0.6141520619331958
2026-01-05,AMZN,Consumer Cyclical,228.83999633789062,233.05999755859375,0.5332934177226863
2024-01-19,ANET,Technology,65.15249633789062,65.87750244140625,0.5288657142789667
2024-01-25,ANET,Technology,66.4375,66.1050033569336,0.665880078073784
2024-02-22,ANET,Technology,65.33999633789062,67.19000244140625,0.5013098755806008
2024-03-06,ANET,Technology,71.07749938964844,71.125,0.5191529487624212
2024-03-20,ANET,Technology,72.25749969482422,74.1449966430664,0.5034876099342387
2024-03-21,ANET,Technology,74.75,76.1500015258789,0.5218806823425514
2024-04-04,ANET,Technology,75.23999786376953,72.19249725341797,0.5191529487624212
2024-04-15,ANET,Technology,68.82499694824219,65.80000305175781,0.5444047916119684
2024-04-24,ANET,Technology,64.19750213623047,63.692501068115234,0.668373101705547
2024-04-25,ANET,Technology,64.16000366210938,66.19000244140625,0.5427535012971938
2024-04-29,ANET,Technology,66.93250274658203,65.9175033569336,0.5203683455405763
2024-06-03,ANET,Technology,75.0999984741211,74.09750366210938,0.5257133270989528
2024-06-05,ANET,Technology,74.6675033569336,74.38999938964844,0.508370559967695
2024-06-13,ANET,Technology,80.0,82.9175033569336,0.6485581274590628
2024-06-17,ANET,Technology,83.16999816894531,85.0199966430664,0.5083704653489676
2024-06-20,ANET,Technology,85.99500274658203,85.04750061035156,0.5160442988523201
2024-07-18,ANET,Technology,84.66500091552734,83.15750122070312,0.5435556672241577
2024-07-26,ANET,Technology,79.61000061035156,79.80249786376953,0.5719507112705902
2024-07-29,ANET,Technology,80.2750015258789,80.13749694824219,0.5688346150407377
2024-08-07,ANET,Technology,82.84249877929688,79.3324966430664,0.5113401446208329
2024-08-14,ANET,Technology,87.1500015258789,87.1624984741211,0.5000829965304838
2024-08-30,ANET,Technology,87.75,88.34500122070312,0.513093897764927
2024-09-09,ANET,Technology,79.9800033569336,81.19249725341797,0.5675715662917686
2024-10-17,ANET,Technology,103.0,101.84750366210938,0.5003267120397715
2024-11-18,ANET,Technology,94.9749984741211,92.61750030517578,0.5257882479454667
2024-12-19,ANET,Technology,110.30999755859375,109.06999969482422,0.5122401494666556
2025-01-02,ANET,Technology,111.31999969482422,111.79000091552734,0.5266548567766948
2025-01-03,ANET,Technology,112.4800033569336,115.19999694824219,0.5266548567766948
2025-01-07,ANET,Technology,119.69000244140625,115.29000091552734,0.5098411376055031
2025-01-14,ANET,Technology,114.61000061035156,114.91000366210938,0.5267994655743031
2025-01-16,ANET,Technology,117.31999969482422,118.12999725341797,0.5176870832095944
2025-01-22,ANET,Technology,126.18000030517578,129.82000732421875,0.5010931273581658
2025-01-28,ANET,Technology,105.0199966430664,106.54000091552734,0.6079991348582232
2025-01-29,ANET,Technology,107.37999725341797,107.83999633789062,0.5073688751723974
2025-01-31,ANET,Technology,115.4000015258789,115.2300033569336,0.5194824393271323
2025-02-26,ANET,Technology,95.75499725341797,96.37999725341797,0.6017943307659008
2025-02-27,ANET,Technology,97.93000030517578,91.56999969482422,0.6811928094478761
2025-03-12,ANET,Technology,82.44000244140625,80.25,0.5852768757323733
2025-04-08,ANET,Technology,72.63999938964844,69.5,0.9202379632501647
2025-04-17,ANET,Technology,72.51000213623047,71.19999694824219,0.534269476934597
2025-04-23,ANET,Technology,73.20999908447266,70.76000213623047,0.5751794394099882
2025-05-01,ANET,Technology,87.7699966430664,87.83999633789062,0.5752055881851857
2025-05-08,ANET,Technology,87.5199966430664,87.2699966430664,0.5208893141803709
2025-05-14,ANET,Technology,99.1500015258789,98.22000122070312,0.5220644482718169
2025-06-06,ANET,Technology,96.11000061035156,97.25,0.5304504847244059
2025-06-24,ANET,Technology,94.6500015258789,94.97000122070312,0.5194740328365853
2025-07-24,ANET,Technology,114.0,114.04000091552734,0.5449189369733524
2025-07-31,ANET,Technology,124.54000091552734,123.22000122070312,0.7330645718278982
2025-09-08,ANET,Technology,143.8000030517578,140.00999450683594,0.5051983961033413
2025-09-11,ANET,Technology,151.99000549316406,153.0399932861328,0.5266294619581267
2025-10-06,ANET,Technology,151.60000610351562,149.5,0.5260946168811282
2025-10-07,ANET,Technology,150.47999572753906,145.2899932861328,0.5542690773076684
2025-10-10,ANET,Technology,159.86000061035156,154.10000610351562,0.5222329780353996
2025-10-15,ANET,Technology,140.4199981689453,143.3800048828125,0.5034765921605168
2025-10-27,ANET,Technology,157.41000366210938,156.80999755859375,0.5038151184816821
2025-11-03,ANET,Technology,160.5,157.58999633789062,0.5526157351505232
2025-11-10,ANET,Technology,137.5,137.25999450683594,0.5210677333365362
2025-11-12,ANET,Technology,136.22000122070312,134.97999572753906,0.505911302345595
2025-11-20,ANET,Technology,129.88999938964844,119.58999633789062,0.5655168425323145
2025-11-24,ANET,Technology,118.91500091552734,122.16999816894531,0.5462221001204136
2025-11-26,ANET,Technology,127.4749984741211,127.6500015258789,0.5075075686844386
2025-12-15,ANET,Technology,125.5,125.88999938964844,0.5156076530955271
2025-12-22,ANET,Technology,133.42999267578125,130.72999572753906,0.521001087122554
2026-01-02,ANET,Technology,134.0500030517578,133.60000610351562,0.5056849087418638
2026-01-09,ANET,Technology,124.56999969482422,122.88999938964844,0.5119025985281715
2024-01-24,APP,Communication Services,45.41999816894531,43.310001373291016,0.8024746039355807
2024-01-25,APP,Communication Services,43.91999816894531,44.06999969482422,0.6304013580627036
2024-02-07,APP,Communication Services,46.5,47.689998626708984,0.620947807577767
2024-02-22,APP,Communication Services,57.7599983215332,57.79999923706055,0.5424927538830323
2024-03-21,APP,Communication Services,71.5199966430664,71.91000366210938,0.7157830763217157
2024-04-11,APP,Communication Services,77.20999908447266,78.23999786376953,0.5925457165445067
2024-04-17,APP,Communication Services,72.75,70.9000015258789,0.7106893404235731
2024-04-18,APP,Communication Services,71.47000122070312,68.86000061035156,0.6953212433057925
2024-04-23,APP,Communication Services,68.86000061035156,71.18499755859375,0.7164483968783785
2024-04-24,APP,Communication Services,71.80000305175781,69.69999694824219,0.5054878520393126
2024-05-03,APP,Communication Services,73.0,75.06999969482422,0.5293032725489848
2024-05-10,APP,Communication Services,85.73999786376953,86.43000030517578,0.6321666092475369
2024-05-13,APP,Communication Services,87.05000305175781,86.37000274658203,0.5384979716397683
2024-05-23,APP,Communication Services,81.51000213623047,79.26000213623047,0.7860678929824602
2024-05-31,APP,Communication Services,82.98999786376953,81.4800033569336,0.5482498085502144
2024-06-03,APP,Communication Services,83.05000305175781,82.69999694824219,0.510012531956637
2024-06-12,APP,Communication Services,79.1500015258789,76.54000091552734,0.6451111574431981
2024-06-20,APP,Communication Services,81.5999984741211,77.18000030517578,0.6623703871968731
2024-07-05,APP,Communication Services,87.51000213623047,86.80000305175781,0.5353700565350317
2024-07-08,APP,Communication Services,87.31999969482422,85.18000030517578,0.5990405249606338
2024-07-09,APP,Communication Services,85.6500015258789,84.70999908447266,0.7167526343179178
2024-07-11,APP,Communication Services,85.0,82.01000213623047,0.7426888431065163
2024-07-18,APP,Communication Services,81.98999786376953,80.93000030517578,0.5342158629066213
2024-07-22,APP,Communication Services,83.25,83.23999786376953,0.5939595261643775
2024-07-26,APP,Communication Services,78.81999969482422,77.52999877929688,0.5568739061875956
2024-07-29,APP,Communication Services,78.22000122070312,76.8499984741211,0.6301088485008914
2024-08-01,APP,Communication Services,78.88999938964844,75.08999633789062,0.6724793721586247
2024-08-06,APP,Communication Services,68.98999786376953,69.0,0.5390417605369778
2024-08-07,APP,Communication Services,72.0,67.19000244140625,0.7795723056807476
2024-08-22,APP,Communication Services,91.4000015258789,89.0,0.5313830200192895
2024-09-10,APP,Communication Services,87.9000015258789,86.2300033569336,0.66384081354841
2024-09-19,APP,Communication Services,126.5,124.0,0.7243980784172632
2024-09-26,APP,Communication Services,133.0500030517578,128.1300048828125,0.7801349990275517
2024-10-17,APP,Communication Services,146.30999755859375,143.0,0.5671013000979048
2024-11-01,APP,Communication Services,171.13999938964844,163.52999877929688,0.6449290732790385
2024-11-06,APP,Communication Services,175.22999572753906,168.5500030517578,0.5634155009961248
2024-11-07,APP,Communication Services,230.0,246.52999877929688,0.5248971129196803
2024-11-20,APP,Communication Services,327.6600036621094,325.2200012207031,0.6042216232262755
2024-11-25,APP,Communication Services,344.0,319.5899963378906,0.7151088049256502
2024-11-29,APP,Communication Services,332.5,336.75,0.5016471046571065
2024-12-04,APP,Communication Services,373.0,373.70001220703125,0.5421980219842697
2024-12-19,APP,Communication Services,315.3999938964844,318.739990234375,0.6268470465661569
2024-12-23,APP,Communication Services,347.6050109863281,344.82000732421875,0.5005402859903281
2025-01-06,APP,Communication Services,358.8800048828125,354.92999267578125,0.5603340196081772
2025-01-14,APP,Communication Services,324.5199890136719,321.0899963378906,0.5925093305033179
2025-01-31,APP,Communication Services,371.0400085449219,369.5899963378906,0.5561397631307654
2025-02-13,APP,Communication Services,499.3399963378906,471.6700134277344,0.6783719754987745
2025-02-18,APP,Communication Services,514.0999755859375,496.0,0.5839339515602422
2025-02-19,APP,Communication Services,502.739990234375,494.1700134277344,0.5748250918186434
2025-02-21,APP,Communication Services,452.7699890136719,415.30999755859375,0.7749996003089289
2025-02-27,APP,Communication Services,346.44000244140625,320.489990234375,0.864564273286253
2025-03-03,APP,Communication Services,350.239990234375,337.3399963378906,0.8616244249368056
2025-03-12,APP,Communication Services,285.0,272.5899963378906,0.8173107216441
2025-03-28,APP,Communication Services,286.80999755859375,272.3800048828125,0.803767277556528
2025-04-08,APP,Communication Services,255.0500030517578,235.27999877929688,0.9790490029584528
2025-04-14,APP,Communication Services,258.94000244140625,236.07000732421875,0.6866370303083073
2025-04-17,APP,Communication Services,231.38999938964844,238.22000122070312,0.7075706134831293
2025-04-23,APP,Communication Services,255.5050048828125,252.35000610351562,0.8356532676468268
2025-04-28,APP,Communication Services,278.6400146484375,284.9800109863281,0.5732565934267921
2025-04-29,APP,Communication Services,286.5,288.8800048828125,0.5882962787995731
2025-05-12,APP,Communication Services,350.55999755859375,347.8999938964844,0.6983002401316161
2025-05-22,APP,Communication Services,360.5199890136719,351.4700012207031,0.516393685290751
2025-05-29,APP,Communication Services,400.0950012207031,384.2300109863281,0.8455309386935524
2025-06-11,APP,Communication Services,386.29998779296875,383.42999267578125,0.5215556538916486
2025-06-25,APP,Communication Services,355.3999938964844,338.79998779296875,0.5269437730891575
2025-06-26,APP,Communication Services,342.4100036621094,347.45001220703125,0.5024512727536752
2025-07-02,APP,Communication Services,342.5299987792969,336.0,0.5725465452779238
2025-07-08,APP,Communication Services,352.1400146484375,344.75,0.7157866712645444
2025-07-09,APP,Communication Services,350.2699890136719,352.739990234375,0.6268225186207956
2025-07-14,APP,Communication Services,342.8999938964844,355.8999938964844,0.5117216713025996
2025-07-28,APP,Communication Services,366.5,370.9599914550781,0.5952436494879718
2025-07-29,APP,Communication Services,373.9599914550781,361.6300048828125,0.6502312547742922
2025-07-31,APP,Communication Services,380.0,390.70001220703125,0.6582192180873844
2025-08-04,APP,Communication Services,383.010009765625,395.010009765625,0.502456176889103
2025-08-05,APP,Communication Services,398.0,377.92999267578125,0.6130333261528171
2025-08-08,APP,Communication Services,448.6000061035156,455.9800109863281,0.6589327219960258
2025-08-13,APP,Communication Services,470.3800048828125,446.3999938964844,0.5623631915275279
2025-09-03,APP,Communication Services,487.69000244140625,487.3500061035156,0.6590304383851238
2025-09-05,APP,Communication Services,506.0,490.239990234375,0.6677363973524221
2025-09-18,APP,Communication Services,616.3250122070312,621.52001953125,0.548010159793617
2025-10-02,APP,Communication Services,710.1900024414062,683.6400146484375,0.5345729065154576
2025-10-07,APP,Communication Services,595.2150268554688,631.8499755859375,0.5076202774032303
2025-10-16,APP,Communication Services,612.8099975585938,605.6799926757812,0.6850963433856729
2025-10-22,APP,Communication Services,568.72998046875,564.8200073242188,0.5238201833527365
2025-10-27,APP,Communication Services,634.25,643.0999755859375,0.5764490058060744
2025-11-03,APP,Communication Services,646.9849853515625,632.1400146484375,0.5503665695483595
2025-11-06,APP,Communication Services,651.469970703125,621.3599853515625,0.6798112284228919
2025-11-10,APP,Communication Services,635.9500122070312,651.3200073242188,0.5553858533528534
2025-11-12,APP,Communication Services,602.0,584.8599853515625,0.5677693543836884
2025-11-20,APP,Communication Services,554.25,520.8200073242188,0.8538727595917689
2025-12-08,APP,Communication Services,697.6749877929688,689.760009765625,0.5550423033939379
2025-12-15,APP,Communication Services,682.5700073242188,675.1649780273438,0.6321474424135425
2025-12-17,APP,Communication Services,684.5900268554688,657.1300048828125,0.5747500016151327
2025-12-19,APP,Communication Services,702.0,721.3699951171875,0.5581805670562927
2025-12-22,APP,Communication Services,731.969970703125,733.5999755859375,0.5082726548106412
2026-01-02,APP,Communication Services,683.3699951171875,618.3200073242188,0.514847999616525
2026-01-14,APP,Communication Services,672.5499877929688,617.760009765625,0.5772125418582672
2024-01-24,BE,Industrials,12.270000457763672,11.869999885559082,0.8590982977526983
2024-01-25,BE,Industrials,12.180000305175781,12.470000267028809,0.6711435119686615
2024-01-26,BE,Industrials,12.649999618530273,12.470000267028809,0.5884635052106835
2024-01-31,BE,Industrials,11.529999732971191,11.319999694824219,0.7022603479541527
2024-02-01,BE,Industrials,12.039999961853027,12.010000228881836,0.5864647332560241
2024-02-07,BE,Industrials,11.539999961853027,11.300000190734863,0.6669312783295254
2024-02-22,BE,Industrials,9.039999961853027,8.600000381469727,0.667610160750009
2024-02-29,BE,Industrials,9.15999984741211,8.770000457763672,0.6097074431110041
2024-03-06,BE,Industrials,9.779999732971191,9.539999961853027,0.5770257307859367
2024-03-08,BE,Industrials,10.619999885559082,10.3100004196167,0.5069550229324824
2024-03-12,BE,Industrials,10.529999732971191,10.300000190734863,0.5066563506427674
2024-03-15,BE,Industrials,9.100000381469727,9.260000228881836,0.6486619492707592
2024-03-21,BE,Industrials,9.640000343322754,9.819999694824219,0.8008088343623184
2024-03-26,BE,Industrials,10.25,10.800000190734863,0.500897010278074
2024-04-01,BE,Industrials,11.75,11.729999542236328,0.5362223299745216
2024-04-04,BE,Industrials,12.0,11.789999961853027,0.5312891361432848
2024-04-09,BE,Industrials,12.0,11.880000114440918,0.6065249974651022
2024-04-11,BE,Industrials,11.510000228881836,11.380000114440918,0.6028515183316783
2024-04-17,BE,Industrials,9.949999809265137,9.800000190734863,0.7419324486478203
2024-04-18,BE,Industrials,9.859999656677246,9.75,0.7587770768774839
2024-04-29,BE,Industrials,10.789999961853027,10.989999771118164,0.6027737032028202
2024-05-03,BE,Industrials,11.84000015258789,11.800000190734863,0.5370911798308354
2024-05-10,BE,Industrials,12.5,11.15999984741211,0.5725576345129075
2024-05-31,BE,Industrials,16.829999923706055,16.31999969482422,0.5602140056039406
2024-06-03,BE,Industrials,16.889999389648438,15.75,0.5909030407504349
2024-06-12,BE,Industrials,15.59000015258789,15.3100004196167,0.6795691825347333
2024-07-01,BE,Industrials,12.319999694824219,11.369999885559082,0.6679368916065995
2024-07-08,BE,Industrials,12.319999694824219,12.40999984741211,0.6086440447688224
2024-07-11,BE,Industrials,13.449999809265137,13.369999885559082,0.5654296532047526
2024-07-17,BE,Industrials,16.440000534057617,15.279999732971191,0.690507420845879
2024-07-22,BE,Industrials,14.609999656677246,14.25,0.5923414883869318
2024-07-26,BE,Industrials,14.880000114440918,14.510000228881836,0.6398780937784061
2024-07-29,BE,Industrials,14.619999885559082,13.789999961853027,0.6100576383140677
2024-07-30,BE,Industrials,13.869999885559082,13.069999694824219,0.6433814146144082
2024-08-06,BE,Industrials,11.109999656677246,10.649999618530273,0.7498624414832744
2024-08-07,BE,Industrials,10.899999618530273,9.899999618530273,0.8679149767126637
2024-08-09,BE,Industrials,12.100000381469727,11.489999771118164,0.7469016622515348
2024-08-12,BE,Industrials,11.5600004196167,11.140000343322754,0.5197904479860825
2024-08-14,BE,Industrials,11.930000305175781,11.40999984741211,0.6809405462114014
2024-08-26,BE,Industrials,12.020000457763672,11.869999885559082,0.5500386393659658
2024-08-30,BE,Industrials,12.0600004196167,11.90999984741211,0.6197508913786923
2024-09-17,BE,Industrials,9.930000305175781,10.09000015258789,0.5531319721478791
2024-09-19,BE,Industrials,10.84000015258789,10.239999771118164,0.6960200050656459
2024-09-23,BE,Industrials,11.010000228881836,10.859999656677246,0.5256326449314515
2024-09-26,BE,Industrials,10.380000114440918,10.40999984741211,0.7413348160922368
2024-09-27,BE,Industrials,10.600000381469727,10.699999809265137,0.5113678233775389
2024-10-18,BE,Industrials,10.260000228881836,10.15999984741211,0.511808994472949
2024-10-24,BE,Industrials,9.180000305175781,9.1899995803833,0.6324889282708519
2024-10-25,BE,Industrials,9.300000190734863,9.5,0.5577293676996591
2024-11-01,BE,Industrials,9.8100004196167,9.9399995803833,0.5072731890565437
2024-11-13,BE,Industrials,13.710000038146973,13.600000381469727,0.6799776810091098
2024-11-15,BE,Industrials,20.950000762939453,21.139999389648438,0.7177583353317094
2024-11-25,BE,Industrials,26.299999237060547,25.950000762939453,0.7071283803970518
2024-11-27,BE,Industrials,26.950000762939453,27.209999084472656,0.6355246121907157
2024-11-29,BE,Industrials,27.665000915527344,27.450000762939453,0.7044244566446461
2024-12-04,BE,Industrials,26.440000534057617,26.280000686645508,0.5432392647707126
2024-12-05,BE,Industrials,26.450000762939453,25.959999084472656,0.5631891656742435
2024-12-06,BE,Industrials,26.719999313354492,27.079999923706055,0.5797602554479928
2024-12-09,BE,Industrials,27.68000030517578,26.579999923706055,0.6472726989849036
2024-12-11,BE,Industrials,24.670000076293945,23.600000381469727,0.5292189904803427
2024-12-12,BE,Industrials,24.100000381469727,24.809999465942383,0.565816622908577
2024-12-19,BE,Industrials,24.0,22.8799991607666,0.6983491597852396
2025-01-06,BE,Industrials,24.889999389648438,25.479999542236328,0.5774690985495642
2025-01-14,BE,Industrials,23.690000534057617,22.299999237060547,0.5109997175271034
2025-01-16,BE,Industrials,23.270000457763672,23.559999465942383,0.5091288655743851
2025-01-17,BE,Industrials,24.25,23.920000076293945,0.5351303680527408
2025-01-22,BE,Industrials,26.950000762939453,25.530000686645508,0.5704627963010438
2025-01-28,BE,Industrials,22.790000915527344,20.399999618530273,0.679635381573065
2025-02-05,BE,Industrials,23.889999389648438,24.260000228881836,0.6557555625945174
2025-02-20,BE,Industrials,27.25,25.989999771118164,0.6318339884213608
2025-02-21,BE,Industrials,26.5,24.170000076293945,0.7701869938298843
2025-02-26,BE,Industrials,22.90999984741211,23.399999618530273,0.6113005167402616
2025-02-27,BE,Industrials,23.790000915527344,23.040000915527344,0.7984097494596242
2025-03-03,BE,Industrials,24.3799991607666,23.420000076293945,0.661208878395957
2025-03-07,BE,Industrials,22.959999084472656,23.079999923706055,0.5237082469559683
2025-03-12,BE,Industrials,25.489999771118164,24.549999237060547,0.717019586816187
2025-03-20,BE,Industrials,25.200000762939453,25.40999984741211,0.5588043806483233
2025-03-24,BE,Industrials,24.489999771118164,23.030000686645508,0.5812820313230488
2025-04-01,BE,Industrials,19.860000610351562,21.239999771118164,0.5199513623471809
2025-04-08,BE,Industrials,18.56999969482422,17.020000457763672,0.9776941336217487
2025-04-14,BE,Industrials,18.200000762939453,17.899999618530273,0.6978430500103815
2025-04-23,BE,Industrials,18.0,17.260000228881836,0.8409015194356542
2025-05-01,BE,Industrials,18.850000381469727,16.809999465942383,0.5888905820568178
2025-05-05,BE,Industrials,16.915000915527344,16.31999969482422,0.6633678431043877
2025-05-08,BE,Industrials,16.770000457763672,17.239999771118164,0.6095825215467099
2025-05-09,BE,Industrials,17.3700008392334,17.6200008392334,0.5438883146691994
2025-05-12,BE,Industrials,18.610000610351562,18.90999984741211,0.786684430283777
2025-05-29,BE,Industrials,19.770000457763672,18.56999969482422,0.8192306794018858
2025-06-20,BE,Industrials,21.709999084472656,21.75,0.5296802179582236
2025-06-27,BE,Industrials,22.649999618530273,22.18000030517578,0.5047191129488393
2025-07-18,BE,Industrials,24.440000534057617,24.989999771118164,0.5202045723004655
2025-07-21,BE,Industrials,25.3799991607666,25.360000610351562,0.5409293033904935
2025-07-28,BE,Industrials,34.900001525878906,34.779998779296875,0.5870604977758229
2025-08-04,BE,Industrials,37.720001220703125,36.099998474121094,0.5948900943305044
2025-08-05,BE,Industrials,36.5099983215332,37.61000061035156,0.6126964002694691
2025-08-07,BE,Industrials,39.349998474121094,36.79999923706055,0.5258451270091935
2025-08-08,BE,Industrials,37.15999984741211,36.79999923706055,0.6197054016242016
2025-08-11,BE,Industrials,37.125,37.650001525878906,0.5170515323834377
2025-08-13,BE,Industrials,43.0,44.08000183105469,0.5046590685769292
2025-08-15,BE,Industrials,46.11000061035156,45.279998779296875,0.5042637678312447
2025-09-03,BE,Industrials,51.8849983215332,52.45000076293945,0.6146803377241391
2025-09-05,BE,Industrials,56.439998626708984,57.06999969482422,0.5949561627432522
2025-09-08,BE,Industrials,57.47999954223633,53.439998626708984,0.5122350461078461
2025-09-18,BE,Industrials,80.5,80.97000122070312,0.6055024803717634
2025-10-07,BE,Industrials,88.83000183105469,86.05999755859375,0.5153617957010851
2025-10-08,BE,Industrials,88.1500015258789,87.58000183105469,0.5253125566496492
2025-10-15,BE,Industrials,120.80999755859375,116.58000183105469,0.7206851707989781
2025-10-16,BE,Industrials,119.44000244140625,115.08999633789062,0.7482416384862112
2025-10-20,BE,Industrials,116.13999938964844,109.05999755859375,0.7458348435372143
2025-10-27,BE,Industrials,112.66000366210938,108.52999877929688,0.6602223287809037
2025-10-31,BE,Industrials,131.69000244140625,132.16000366210938,0.5206115233108846
2025-11-10,BE,Industrials,141.97000122070312,139.22999572753906,0.7082180552037751
2025-11-12,BE,Industrials,130.33999633789062,126.72000122070312,0.5535522419650013
2025-11-20,BE,Industrials,113.0999984741211,93.37999725341797,0.8888972920549941
2025-11-21,BE,Industrials,94.0199966430664,89.98999786376953,0.8701396834451988
2025-11-26,BE,Industrials,99.86000061035156,101.13999938964844,0.515036867955642
2025-12-15,BE,Industrials,96.4800033569336,89.58000183105469,0.7322632722362086
2025-12-17,BE,Industrials,88.30000305175781,76.97000122070312,0.6602935462538716
2025-12-18,BE,Industrials,82.91000366210938,80.20999908447266,0.6719315110873094
2025-12-22,BE,Industrials,93.9000015258789,92.26000213623047,0.6009852054507764
2025-12-26,BE,Industrials,92.5,90.18000030517578,0.5747026830201072
2025-12-30,BE,Industrials,88.91999816894531,87.26000213623047,0.693251696013494
2026-01-02,BE,Industrials,90.56999969482422,98.69000244140625,0.5789104780381505
2026-01-05,BE,Industrials,104.0,103.87000274658203,0.5605052620207592
2026-01-08,BE,Industrials,121.11000061035156,121.83999633789062,0.58842213761787
2024-05-03,BND,Unknown,67.05992639463369,66.96607208251953,0.5241208488541201
2024-05-15,BND,Unknown,67.59490080528943,67.67937469482422,0.5274523833138391
2024-06-12,BND,Unknown,68.17874576055588,67.9998779296875,0.5483468075418723
2024-07-11,BND,Unknown,68.77569681055901,68.73792266845703,0.5961092443169485
2024-08-05,BND,Unknown,70.84242823708854,70.41617584228516,0.8857587145708313
2024-11-13,BND,Unknown,69.70368408287712,69.28309631347656,0.6525858469274941
2025-04-03,BND,Unknown,71.6281509399414,71.6281509399414,0.7620454544779155
2025-04-04,BND,Unknown,72.05540800005814,71.68639373779297,0.7938120380255653
2025-04-23,BND,Unknown,70.71531206597783,70.4336929321289,0.6904359121450007
2025-08-01,BND,Unknown,72.31159764443598,72.40013885498047,0.5305795409344977
2025-09-05,BND,Unknown,73.33029272420201,73.310546875,0.5337463813458839
2024-01-25,BRK-B,Financial Services,379.239990234375,380.8500061035156,0.6053053257581784
2024-02-22,BRK-B,Financial Services,411.29998779296875,415.1600036621094,0.571669587866093
2024-02-23,BRK-B,Financial Services,417.67999267578125,417.2200012207031,0.5154510159961181
2024-04-04,BRK-B,Financial Services,423.8399963378906,415.32000732421875,0.5104757364600518
2024-04-15,BRK-B,Financial Services,406.989990234375,400.260009765625,0.5215675545262841
2024-04-17,BRK-B,Financial Services,398.94000244140625,397.739990234375,0.5453829633680022
2024-05-06,BRK-B,Financial Services,403.9599914550781,404.9200134277344,0.5044023381800281
2024-06-12,BRK-B,Financial Services,411.0899963378906,408.7699890136719,0.5749367176326429
2024-07-26,BRK-B,Financial Services,435.6600036621094,437.6600036621094,0.5688516137156139
2024-08-06,BRK-B,Financial Services,416.4100036621094,422.1400146484375,0.5291005812620382
2024-08-07,BRK-B,Financial Services,426.07000732421875,427.0199890136719,0.7956342117090404
2024-08-12,BRK-B,Financial Services,434.1600036621094,430.3900146484375,0.5169463808530709
2024-09-19,BRK-B,Financial Services,462.0,459.7099914550781,0.6551206836046808
2024-11-06,BRK-B,Financial Services,461.0,468.8999938964844,0.5705901564069183
2024-12-19,BRK-B,Financial Services,451.7300109863281,449.3399963378906,0.664536626886608
2025-02-24,BRK-B,Financial Services,483.5,498.4200134277344,0.580280647302322
2025-02-25,BRK-B,Financial Services,503.1499938964844,499.82000732421875,0.5006624597827388
2025-04-08,BRK-B,Financial Services,509.0299987792969,492.6400146484375,0.9333876258820398
2025-04-14,BRK-B,Financial Services,531.0,529.52001953125,0.54933297252522
2025-04-23,BRK-B,Financial Services,527.5,526.8099975585938,0.707564616522702
2025-04-28,BRK-B,Financial Services,533.6300048828125,530.9400024414062,0.5276349764363168
2025-05-12,BRK-B,Financial Services,520.2999877929688,514.2999877929688,0.9031047401886925
2025-08-22,BRK-B,Financial Services,491.5,489.0,0.5571861271922667
2024-01-18,BROS,Consumer Cyclical,28.290000915527344,27.68000030517578,0.6378171049831084
2024-01-22,BROS,Consumer Cyclical,28.399999618530273,27.299999237060547,0.5116829514737865
2024-01-24,BROS,Consumer Cyclical,27.700000762939453,27.489999771118164,0.836014667565355
2024-02-22,BROS,Consumer Cyclical,28.770000457763672,27.399999618530273,0.6808600728943901
2024-04-04,BROS,Consumer Cyclical,32.880001068115234,32.4900016784668,0.5068896476865573
2024-04-17,BROS,Consumer Cyclical,32.0099983215332,30.600000381469727,0.6789503243696097
2024-05-08,BROS,Consumer Cyclical,31.149999618530273,31.770000457763672,0.5890118501427645
2024-05-09,BROS,Consumer Cyclical,32.40999984741211,32.79999923706055,0.5340678737235985
2024-05-16,BROS,Consumer Cyclical,38.25,37.779998779296875,0.5597903199504098
2024-05-31,BROS,Consumer Cyclical,36.099998474121094,35.38999938964844,0.5436048005368245
2024-06-12,BROS,Consumer Cyclical,40.04999923706055,39.849998474121094,0.5004535855208919
2024-06-18,BROS,Consumer Cyclical,39.66999816894531,39.630001068115234,0.6189891360830119
2024-07-19,BROS,Consumer Cyclical,38.939998626708984,39.16999816894531,0.5286967817777191
2024-07-26,BROS,Consumer Cyclical,37.869998931884766,38.02000045776367,0.6349270447232548
2024-07-29,BROS,Consumer Cyclical,38.38999938964844,38.36000061035156,0.6202218137220565
2024-08-01,BROS,Consumer Cyclical,38.63999938964844,37.9900016784668,0.6772744796649808
2024-08-07,BROS,Consumer Cyclical,38.27000045776367,37.70000076293945,0.7661700101746857
2024-08-09,BROS,Consumer Cyclical,30.450000762939453,29.489999771118164,0.829352835731274
2024-09-17,BROS,Consumer Cyclical,34.25,34.689998626708984,0.5017099398150846
2024-09-19,BROS,Consumer Cyclical,35.25,34.84000015258789,0.6239276988641673
2024-09-23,BROS,Consumer Cyclical,35.099998474121094,34.619998931884766,0.6131393980473478
2024-09-26,BROS,Consumer Cyclical,32.959999084472656,32.66999816894531,0.6344939283700081
2024-09-27,BROS,Consumer Cyclical,32.900001525878906,32.459999084472656,0.5479704900035527
2024-10-24,BROS,Consumer Cyclical,34.970001220703125,35.400001525878906,0.5039634833111651
2024-11-25,BROS,Consumer Cyclical,51.814998626708984,51.90999984741211,0.5541367817242902
2024-11-29,BROS,Consumer Cyclical,53.86000061035156,53.72999954223633,0.5055728112161617
2024-12-18,BROS,Consumer Cyclical,53.290000915527344,51.27000045776367,0.7105897852760321
2024-12-19,BROS,Consumer Cyclical,52.2400016784668,52.31999969482422,0.6060350490216485
2024-12-31,BROS,Consumer Cyclical,52.9900016784668,52.380001068115234,0.5895499352978827
2025-01-06,BROS,Consumer Cyclical,58.209999084472656,57.779998779296875,0.5397622477218107
2025-01-07,BROS,Consumer Cyclical,58.84000015258789,57.529998779296875,0.6221401938009331
2025-01-28,BROS,Consumer Cyclical,59.709999084472656,59.59000015258789,0.5110500997159035
2025-02-13,BROS,Consumer Cyclical,84.55999755859375,83.54000091552734,0.6691713133871258
2025-02-21,BROS,Consumer Cyclical,82.97000122070312,76.0999984741211,0.7506797070305797
2025-02-26,BROS,Consumer Cyclical,73.98999786376953,75.4000015258789,0.6292532814766699
2025-02-27,BROS,Consumer Cyclical,76.80000305175781,76.55999755859375,0.8105586188674405
2025-03-12,BROS,Consumer Cyclical,62.9900016784668,62.310001373291016,0.7726507410669488
2025-03-26,BROS,Consumer Cyclical,71.5,68.7699966430664,0.6748076284140523
2025-04-08,BROS,Consumer Cyclical,55.849998474121094,52.59000015258789,0.9461868077010911
2025-04-14,BROS,Consumer Cyclical,59.72999954223633,58.38999938964844,0.6456363036143095
2025-04-23,BROS,Consumer Cyclical,61.18000030517578,61.11000061035156,0.7141143399274384
2025-04-28,BROS,Consumer Cyclical,63.9900016784668,61.52000045776367,0.5433399299278718
2025-05-01,BROS,Consumer Cyclical,60.380001068115234,59.959999084472656,0.5542540997652966
2025-05-12,BROS,Consumer Cyclical,66.36000061035156,69.86000061035156,0.7069938542204037
2025-05-29,BROS,Consumer Cyclical,71.37999725341797,69.7300033569336,0.825132624378508
2025-06-11,BROS,Consumer Cyclical,71.52999877929688,71.47000122070312,0.5064238406346828
2025-06-30,BROS,Consumer Cyclical,70.81999969482422,68.37000274658203,0.5032867924775385
2025-07-10,BROS,Consumer Cyclical,66.98999786376953,63.709999084472656,0.5432450678942433
2025-07-14,BROS,Consumer Cyclical,63.86000061035156,63.439998626708984,0.6228727147133047
2025-07-18,BROS,Consumer Cyclical,63.91999816894531,64.37000274658203,0.5756524495627837
2025-07-23,BROS,Consumer Cyclical,63.11000061035156,62.810001373291016,0.5301505177693535
2025-07-25,BROS,Consumer Cyclical,58.97999954223633,59.5,0.5902626974331443
2025-07-28,BROS,Consumer Cyclical,59.81999969482422,59.22999954223633,0.6125140873066457
2025-07-29,BROS,Consumer Cyclical,59.86000061035156,58.310001373291016,0.5680060237245855
2025-08-05,BROS,Consumer Cyclical,58.95000076293945,57.45000076293945,0.5800914570056283
2025-08-07,BROS,Consumer Cyclical,69.55999755859375,70.2699966430664,0.5683826109135959
2025-08-11,BROS,Consumer Cyclical,66.77999877929688,67.4800033569336,0.5274926112453626
2025-08-13,BROS,Consumer Cyclical,69.94999694824219,67.54000091552734,0.5435564504460157
2025-09-05,BROS,Consumer Cyclical,72.20999908447266,65.9800033569336,0.6310055560886817
2025-09-18,BROS,Consumer Cyclical,58.59000015258789,58.119998931884766,0.6152405799889894
2025-09-19,BROS,Consumer Cyclical,58.5,58.619998931884766,0.5064313524050901
2025-09-29,BROS,Consumer Cyclical,53.7599983215332,52.56999969482422,0.6635465256494173
2025-10-02,BROS,Consumer Cyclical,52.0099983215332,52.33000183105469,0.6670452147116809
2025-10-15,BROS,Consumer Cyclical,53.630001068115234,55.0099983215332,0.5016159550713767
2025-10-20,BROS,Consumer Cyclical,55.3650016784668,56.099998474121094,0.5485423141858128
2025-10-27,BROS,Consumer Cyclical,58.380001068115234,59.869998931884766,0.5499691633230197
2025-11-03,BROS,Consumer Cyclical,56.0,54.4900016784668,0.5498542677028415
2025-11-06,BROS,Consumer Cyclical,56.30500030517578,53.220001220703125,0.6334690386223691
2025-11-10,BROS,Consumer Cyclical,54.61000061035156,56.68000030517578,0.5449600761733384
2025-11-12,BROS,Consumer Cyclical,56.9900016784668,57.619998931884766,0.5402535741704516
2025-11-20,BROS,Consumer Cyclical,51.5,50.869998931884766,0.8488818641507546
2025-11-21,BROS,Consumer Cyclical,51.599998474121094,54.84000015258789,0.7401126408414367
2025-12-15,BROS,Consumer Cyclical,61.63999938964844,60.59000015258789,0.6115273507734825
2025-12-16,BROS,Consumer Cyclical,61.029998779296875,62.0,0.5179529888397242
2025-12-17,BROS,Consumer Cyclical,62.75,63.0099983215332,0.5566067299644893
2024-01-18,CCJ,Energy,48.09246994102615,47.624298095703125,0.6363239484560327
2024-01-24,CCJ,Energy,47.60437246671207,47.25572967529297,0.8337513806225603
2024-01-25,CCJ,Energy,47.61433345877969,45.8014030456543,0.6903109606566511
2024-02-01,CCJ,Energy,49.71614014405577,50.363616943359375,0.5133163816219707
2024-02-29,CCJ,Energy,40.98020125191241,40.3725700378418,0.6861602085825941
2024-03-04,CCJ,Energy,42.06596772574399,41.13957977294922,0.5843766505108755
2024-03-08,CCJ,Energy,44.18769420757006,41.06985092163086,0.5048079087234202
2024-03-21,CCJ,Energy,42.27514896368216,42.47437286376953,0.7917231589571875
2024-03-25,CCJ,Energy,43.251344961386714,41.80698013305664,0.5800310459991399
2024-04-09,CCJ,Energy,49.17823490619069,47.71394729614258,0.5159239593544735
2024-04-12,CCJ,Energy,50.90151395872632,49.39738082885742,0.7074583413628953
2024-04-17,CCJ,Energy,48.40126693802252,48.22196578979492,0.6491183724467466
2024-04-29,CCJ,Energy,49.467108240987486,49.2280387878418,0.6054330518271359
2024-05-01,CCJ,Energy,47.4848339733343,46.73774719238281,0.6188414591904144
2024-05-03,CCJ,Energy,48.749905948531634,48.22196578979492,0.5292639502172508
2024-05-10,CCJ,Energy,52.5351472489927,50.71225357055664,0.5439764817640962
2024-06-12,CCJ,Energy,51.39957166167798,52.23630905151367,0.5982269511995445
2024-06-24,CCJ,Energy,51.65856600194476,50.24407958984375,0.5226689113583254
2024-06-28,CCJ,Energy,52.10681647803448,49.00889587402344,0.6143611230793509
2024-07-18,CCJ,Energy,48.14227568733715,46.26957702636719,0.6170956301594042
2024-07-22,CCJ,Energy,46.94694038600322,47.42507553100586,0.5628828495202255
2024-07-26,CCJ,Energy,45.25353859746582,45.014469146728516,0.6121978252516316
2024-08-07,CCJ,Energy,39.48603110996017,37.96197509765625,0.7867923177471011
2024-08-09,CCJ,Energy,39.4461864110399,39.39638137817383,0.5195977618110269
2024-08-12,CCJ,Energy,39.77490111649456,38.93816375732422,0.5122551381049527
2024-08-14,CCJ,Energy,39.63544880148154,39.695213317871094,0.6135808662690803
2024-08-23,CCJ,Energy,42.48434169998507,42.444496154785156,0.5186252783083506
2024-08-26,CCJ,Energy,43.370879872974946,42.16558074951172,0.5227655401901068
2024-09-10,CCJ,Energy,37.09535362835571,37.553565979003906,0.6466366797301109
2024-09-19,CCJ,Energy,41.29896195843412,40.920440673828125,0.6825752126439103
2024-09-23,CCJ,Energy,45.26349859602654,45.84124755859375,0.5288961409832593
2024-09-26,CCJ,Energy,48.15223654796839,47.87332534790039,0.7358152638311979
2024-10-24,CCJ,Energy,54.69671504432819,53.640830993652344,0.5137290838572336
2024-11-01,CCJ,Energy,52.83398115401921,52.296077728271484,0.5187457323051399
2024-11-05,CCJ,Energy,51.38961404895418,51.06089401245117,0.5066989154085351
2024-11-06,CCJ,Energy,52.3956857639582,51.011085510253906,0.5789546031475631
2024-11-13,CCJ,Energy,55.42387962175643,52.77421188354492,0.6644723392837303
2024-11-20,CCJ,Energy,58.1432767866341,57.38623046875,0.5143163974535195
2024-11-25,CCJ,Energy,60.265004902453775,57.8842887878418,0.5776498397524911
2024-12-02,CCJ,Energy,59.98320786356265,58.71567916870117,0.57289292932617
2024-12-04,CCJ,Energy,59.93330326997613,59.49415969848633,0.5157758010585708
2024-12-06,CCJ,Energy,61.38048880477591,60.94134521484375,0.5553771145311093
2024-12-09,CCJ,Energy,61.550155244917114,57.40822219848633,0.5911088419419401
2024-12-19,CCJ,Energy,52.497779557586576,52.80717849731445,0.6985302483050451
2024-12-31,CCJ,Energy,51.49972542819374,51.29013442993164,0.6210235745150597
2025-01-06,CCJ,Energy,54.07471439960692,54.7034912109375,0.5403937038145606
2025-01-07,CCJ,Energy,55.49195146297801,51.479766845703125,0.5838779387590463
2025-01-28,CCJ,Energy,48.006525848168,48.50555419921875,0.6430644881531543
2025-01-30,CCJ,Energy,51.010678734940214,50.20225143432617,0.5365161720432637
2025-01-31,CCJ,Energy,50.691300484849364,49.34392166137695,0.611245291455338
2025-02-06,CCJ,Energy,50.63141581643619,48.60536193847656,0.6532336098858977
2025-02-20,CCJ,Energy,48.4057523895955,46.449562072753906,0.6668850486355999
2025-02-26,CCJ,Energy,44.58319271949971,44.63309860229492,0.6704824858070425
2025-02-27,CCJ,Energy,45.55130627472254,43.395503997802734,0.8443313232297717
2025-03-03,CCJ,Energy,44.553252296629765,41.030113220214844,0.6941874421323102
2025-03-07,CCJ,Energy,42.267700591283905,41.748714447021484,0.5540686927524169
2025-03-12,CCJ,Energy,43.43542991210488,42.517215728759766,0.7576081980273575
2025-03-24,CCJ,Energy,45.271852803079184,45.65111541748047,0.5006838690978769
2025-04-01,CCJ,Energy,41.76867114676029,41.71876907348633,0.5845963003963404
2025-04-08,CCJ,Energy,38.71461904986713,36.60871887207031,0.9339818394111068
2025-04-14,CCJ,Energy,41.85849788264446,41.2297248840332,0.5955683107233408
2025-04-23,CCJ,Energy,41.519159254619154,41.88844299316406,0.7220698608291369
2025-05-01,CCJ,Energy,45.91060783443794,45.42155838012695,0.5820129534183676
2025-05-08,CCJ,Energy,50.31203832920197,49.14431381225586,0.5675489508503945
2025-05-12,CCJ,Energy,52.348075278839104,51.06058120727539,0.7989953775385836
2025-05-20,CCJ,Energy,51.59953155370681,52.29817199707031,0.555720217523341
2025-05-29,CCJ,Energy,60.77167364497577,59.035057067871094,0.8310998135753431
2025-06-17,CCJ,Energy,69.6443939320844,69.11542510986328,0.6449767261871059
2025-07-31,CCJ,Energy,79.7946348939407,74.78439331054688,0.6772748607938899
2025-08-22,CCJ,Energy,73.49689847750712,74.76443481445312,0.6141516607104183
2025-08-29,CCJ,Energy,80.83261142503659,77.23960876464844,0.5785217380864957
2025-09-03,CCJ,Energy,75.85231026218345,77.02003479003906,0.6099983220892972
2025-09-05,CCJ,Energy,76.88030577302106,75.70259857177734,0.6240615977320453
2025-09-24,CCJ,Energy,87.6094162077248,82.92852783203125,0.5029403624676867
2025-10-08,CCJ,Energy,87.00059870612763,86.04246520996094,0.5118636637029861
2025-10-10,CCJ,Energy,87.24013837081519,86.48161315917969,0.5203519337148511
2025-10-15,CCJ,Energy,95.8134463630947,93.27838134765625,0.6880306682647185
2025-10-16,CCJ,Energy,94.06684337287061,90.9529037475586,0.7292779485944619
2025-10-28,CCJ,Energy,100.33464087094845,106.7022476196289,0.5343693190894017
2025-10-31,CCJ,Energy,105.7640707893628,102.0113754272461,0.6223988108850207
2025-11-03,CCJ,Energy,103.07929262275421,100.65401458740234,0.6066820600126464
2025-11-10,CCJ,Energy,96.05297529020713,94.0568618774414,0.6016830004854009
2025-11-12,CCJ,Energy,92.8492113584256,92.39010620117188,0.522041486014815
2025-11-20,CCJ,Energy,87.37986964403613,81.82069396972656,0.8631344994863528
2025-12-15,CCJ,Energy,92.41999816894531,89.77999877929688,0.6293591599628238
2025-12-17,CCJ,Energy,88.20999908447266,84.8499984741211,0.6128958094679569
2025-12-19,CCJ,Energy,88.26000213623047,89.98999786376953,0.5667596670624848
2026-01-05,CCJ,Energy,100.16999816894531,100.16999816894531,0.5182756672256329
2026-01-12,CCJ,Energy,108.5,109.79000091552734,0.636020394732345
2024-01-25,CEG,Utilities,116.43472890875036,119.05179595947266,0.5576735252571043
2024-02-07,CEG,Utilities,130.31997411365813,130.85325622558594,0.5808867833157207
2024-02-22,CEG,Utilities,130.7545218427079,131.7322235107422,0.5198208981822896
2024-03-05,CEG,Utilities,175.18536404533882,174.5730743408203,0.5586887977544873
2024-03-07,CEG,Utilities,179.84392645736176,177.69668579101562,0.6455259884728416
2024-03-21,CEG,Utilities,175.59891176118356,172.3038330078125,0.7185161136009137
2024-04-01,CEG,Utilities,184.0790501889819,184.02957153320312,0.5284189518540539
2024-04-04,CEG,Utilities,191.41133450533323,181.18966674804688,0.6081143446055697
2024-04-15,CEG,Utilities,192.05451020525342,183.4556427001953,0.562798523654003
2024-04-17,CEG,Utilities,185.94921885246683,183.4556427001953,0.6240783096857868
2024-05-10,CEG,Utilities,218.20735200537894,212.67596435546875,0.5307146059162918
2024-05-13,CEG,Utilities,214.7242479086407,211.35000610351562,0.5054874747942087
2024-05-23,CEG,Utilities,221.4331248277902,218.84060668945312,0.7184643097415797
2024-06-10,CEG,Utilities,197.739291912984,212.7037811279297,0.5205567211997492
2024-06-12,CEG,Utilities,219.28418225877513,216.17236328125,0.6601876289333726
2024-06-20,CEG,Utilities,221.81130785560492,220.31484985351562,0.7588567539573248
2024-07-01,CEG,Utilities,206.3215817439521,203.2097625732422,0.6008588714229297
2024-07-16,CEG,Utilities,212.21814821389574,203.041259765625,0.5153630927650548
2024-07-18,CEG,Utilities,188.66149263338502,185.59922790527344,0.5748403047467544
2024-07-22,CEG,Utilities,190.51470229262227,188.71102905273438,0.6041988574140613
2024-07-25,CEG,Utilities,175.11416933200044,168.9004364013672,0.7360489952537899
2024-07-26,CEG,Utilities,174.95560845806367,173.4690704345703,0.6167871037415197
2024-07-29,CEG,Utilities,174.4699991566529,171.13023376464844,0.6270299208635304
2024-08-06,CEG,Utilities,172.0816406488788,179.41522216796875,0.521373902190008
2024-08-07,CEG,Utilities,188.3839939491908,178.047607421875,0.8186730058098156
2024-08-13,CEG,Utilities,187.9902451561268,188.05975341796875,0.5167570109500222
2024-08-28,CEG,Utilities,195.784289829434,192.388671875,0.510183641724654
2024-09-10,CEG,Utilities,175.58928593743371,178.9650421142578,0.6439621348645451
2024-09-19,CEG,Utilities,203.64783867929194,207.013671875,0.6145415740511316
2024-09-23,CEG,Utilities,257.7096719926482,255.2870635986328,0.543489458990324
2024-10-03,CEG,Utilities,270.2099109372859,275.3927001953125,0.5173881559285887
2024-10-17,CEG,Utilities,282.9683041432111,269.2666931152344,0.5814511043818812
2024-10-24,CEG,Utilities,265.88099575592713,262.61444091796875,0.5811612741666254
2024-10-30,CEG,Utilities,264.9774674777266,259.913818359375,0.5555518018278296
2024-11-05,CEG,Utilities,228.7078925790036,232.08364868164062,0.5930826511782573
2024-11-06,CEG,Utilities,237.11751802260497,233.3148193359375,0.5654545255553627
2024-11-08,CEG,Utilities,241.51591932150183,237.66357421875,0.5323459183662899
2024-11-13,CEG,Utilities,229.35326189020302,224.3491973876953,0.677578849565089
2024-11-14,CEG,Utilities,226.57320432974643,223.7733154296875,0.5801859428962511
2024-11-25,CEG,Utilities,252.08769871733733,247.54315185546875,0.5423064499911995
2024-12-03,CEG,Utilities,250.0699886139653,246.1310577392578,0.5438970542896231
2024-12-04,CEG,Utilities,251.27224702381784,252.78378295898438,0.5384624804342921
2024-12-12,CEG,Utilities,241.60642154736598,237.68836975097656,0.5936595674677664
2024-12-13,CEG,Utilities,240.6418283909152,237.73809814453125,0.5246183480415544
2024-12-19,CEG,Utilities,227.5849564735615,223.91551208496094,0.6922064978867514
2025-01-06,CEG,Utilities,256.4432795391022,262.8076171875,0.5260421177425769
2025-01-17,CEG,Utilities,318.3763207034995,314.59747314453125,0.5603126086488933
2025-01-21,CEG,Utilities,324.1837819315276,321.8369445800781,0.5295710867182934
2025-01-28,CEG,Utilities,279.9814137926878,277.2467346191406,0.5706889758887728
2025-01-31,CEG,Utilities,310.2617689472107,298.3087463378906,0.604217237024942
2025-02-05,CEG,Utilities,308.7999404251047,312.08154296875,0.6268631256148208
2025-02-18,CEG,Utilities,322.0358064111168,323.7860107421875,0.5113437106430645
2025-02-24,CEG,Utilities,288.3943120194499,266.2284851074219,0.7047277473263351
2025-02-26,CEG,Utilities,271.2304543587468,268.635009765625,0.5144463908766593
2025-02-27,CEG,Utilities,274.85018406561255,248.34864807128906,0.8197698919901969
2025-03-12,CEG,Utilities,218.60596381862905,214.5510711669922,0.7573847455267244
2025-03-13,CEG,Utilities,215.965795254019,209.0913848876953,0.5059763616633909
2025-04-08,CEG,Utilities,188.2390357475635,184.25387573242188,0.9432101199966128
2025-04-14,CEG,Utilities,214.17245838397025,205.93313598632812,0.6576294029627097
2025-04-17,CEG,Utilities,207.57702567041687,205.9132080078125,0.726124743459126
2025-04-23,CEG,Utilities,212.45884979933385,209.0216522216797,0.7397967974494563
2025-05-01,CEG,Utilities,231.33853180764697,239.72232055664062,0.5288987426626531
2025-05-08,CEG,Utilities,270.7418207103821,269.58612060546875,0.5652263970663022
2025-05-09,CEG,Utilities,271.06066599295434,270.3632507324219,0.547807955799609
2025-05-12,CEG,Utilities,285.29759850724275,284.22161865234375,0.7697748958577173
2025-05-29,CEG,Utilities,313.14273248316795,302.65740966796875,0.848581285513036
2025-06-03,CEG,Utilities,341.19669384940596,312.29473876953125,0.6299534593007485
2025-06-11,CEG,Utilities,296.13277814177053,291.5036926269531,0.5195443468547882
2025-07-08,CEG,Utilities,319.9317375989255,312.10516357421875,0.6377859241566342
2025-07-21,CEG,Utilities,323.65797790986136,317.1333312988281,0.562173065605377
2025-07-28,CEG,Utilities,329.30964106806135,327.88800048828125,0.5440531999410364
2025-07-29,CEG,Utilities,331.22018702958565,329.74365234375,0.5514095523576236
2025-07-31,CEG,Utilities,348.6591116096612,347.02294921875,0.6207330323674087
2025-08-04,CEG,Utilities,344.31934215175085,354.0564270019531,0.5182574992294325
2025-08-08,CEG,Utilities,337.91440833871303,334.9763488769531,0.5804021506522907
2025-09-05,CEG,Utilities,310.69349209493316,301.2343444824219,0.6207193131383102
2025-10-08,CEG,Utilities,368.387275757002,370.57476806640625,0.5033562996821024
2025-10-15,CEG,Utilities,396.5200182404685,403.4870300292969,0.5958412875328732
2025-10-16,CEG,Utilities,406.43364094763524,396.0755310058594,0.7150862112501496
2025-10-20,CEG,Utilities,395.48619926873897,369.575927734375,0.6083223732903481
2025-10-22,CEG,Utilities,360.5862467249354,349.6587829589844,0.5068215851585346
2025-10-27,CEG,Utilities,392.29986298492736,390.7016906738281,0.5836980433727698
2025-10-28,CEG,Utilities,396.5749612352367,384.5088195800781,0.5148299265013002
2025-10-31,CEG,Utilities,387.5552939660353,376.5679016113281,0.5806760746039956
2025-11-03,CEG,Utilities,380.48341181230194,377.2770690917969,0.5933832979695813
2025-11-05,CEG,Utilities,364.5117464355063,362.83367919921875,0.5127122011092458
2025-11-10,CEG,Utilities,366.7791602982924,360.5163269042969,0.5895755576934933
2025-11-12,CEG,Utilities,354.2235439914304,353.6142272949219,0.5422698838814272
2025-11-20,CEG,Utilities,368.25,345.7799987792969,0.8292197604327983
2025-12-08,CEG,Utilities,362.7650146484375,357.6700134277344,0.5133224438215206
2025-12-15,CEG,Utilities,356.6499938964844,357.1400146484375,0.6834138314729696
2025-12-17,CEG,Utilities,368.5150146484375,340.9700012207031,0.5734837362234452
2025-12-18,CEG,Utilities,351.989990234375,361.04998779296875,0.5279884099829351
2025-12-22,CEG,Utilities,363.2749938964844,357.80999755859375,0.5027049240891263
2026-01-02,CEG,Utilities,358.0,366.25,0.5359295914099218
2026-01-14,CEG,Utilities,335.9700012207031,330.3800048828125,0.5610798125097728
2024-01-18,CELH,Consumer Defensive,60.40999984741211,59.58000183105469,0.6459272214249907
2024-01-22,CELH,Consumer Defensive,54.0099983215332,52.65999984741211,0.633048036175753
2024-02-02,CELH,Consumer Defensive,51.56999969482422,53.349998474121094,0.5700953826680378
2024-02-14,CELH,Consumer Defensive,61.22999954223633,62.560001373291016,0.5286030253656699
2024-02-15,CELH,Consumer Defensive,63.18000030517578,63.38999938964844,0.5422615920066335
2024-02-22,CELH,Consumer Defensive,62.16999816894531,64.12999725341797,0.5631429179079939
2024-03-06,CELH,Consumer Defensive,87.81999969482422,87.48999786376953,0.5097108425769905
2024-03-08,CELH,Consumer Defensive,90.05999755859375,88.88999938964844,0.5278708150724876
2024-03-13,CELH,Consumer Defensive,92.58000183105469,96.11000061035156,0.5019931640730232
2024-03-21,CELH,Consumer Defensive,91.62000274658203,90.94999694824219,0.7831953960006146
2024-04-01,CELH,Consumer Defensive,83.93000030517578,82.52999877929688,0.5213326310873513
2024-04-04,CELH,Consumer Defensive,78.55000305175781,79.47000122070312,0.526962528546798
2024-04-17,CELH,Consumer Defensive,73.02999877929688,70.97000122070312,0.6303209183543603
2024-04-23,CELH,Consumer Defensive,70.23999786376953,72.02999877929688,0.6192497039942527
2024-04-29,CELH,Consumer Defensive,73.5999984741211,73.7300033569336,0.627413930245936
2024-05-03,CELH,Consumer Defensive,75.68000030517578,75.97000122070312,0.5085905160519931
2024-05-10,CELH,Consumer Defensive,83.4800033569336,82.80999755859375,0.5074710463960816
2024-05-13,CELH,Consumer Defensive,83.31999969482422,86.58000183105469,0.5094531034354952
2024-05-15,CELH,Consumer Defensive,92.62000274658203,93.87000274658203,0.5158834920704923
2024-06-12,CELH,Consumer Defensive,66.48999786376953,61.689998626708984,0.7309709738562102
2024-06-18,CELH,Consumer Defensive,59.02000045776367,63.279998779296875,0.5342346479183663
2024-07-01,CELH,Consumer Defensive,57.68000030517578,57.84000015258789,0.5247404252708779
2024-07-11,CELH,Consumer Defensive,57.310001373291016,58.52000045776367,0.6090746074722114
2024-07-26,CELH,Consumer Defensive,46.900001525878906,48.02000045776367,0.68135231341007
2024-07-29,CELH,Consumer Defensive,48.470001220703125,46.880001068115234,0.6414727506398005
2024-07-30,CELH,Consumer Defensive,47.279998779296875,46.310001373291016,0.6249523648296875
2024-08-06,CELH,Consumer Defensive,43.599998474121094,40.380001068115234,0.559792550060328
2024-08-22,CELH,Consumer Defensive,41.5,39.33000183105469,0.53784764230482
2024-08-23,CELH,Consumer Defensive,39.91999816894531,39.540000915527344,0.5234212752623287
2024-08-29,CELH,Consumer Defensive,38.58000183105469,37.630001068115234,0.6010760167682343
2024-08-30,CELH,Consumer Defensive,38.2400016784668,38.029998779296875,0.7241331401363525
2024-09-10,CELH,Consumer Defensive,33.70000076293945,32.5,0.6948872858643688
2024-09-19,CELH,Consumer Defensive,35.70000076293945,34.06999969482422,0.7692501318871958
2024-09-24,CELH,Consumer Defensive,33.099998474121094,31.6299991607666,0.5162265748468339
2024-09-25,CELH,Consumer Defensive,31.829999923706055,31.020000457763672,0.6496660564353827
2024-09-26,CELH,Consumer Defensive,31.6299991607666,31.31999969482422,0.7275193964798508
2024-09-27,CELH,Consumer Defensive,31.899999618530273,32.529998779296875,0.5801239494886223
2024-09-30,CELH,Consumer Defensive,32.900001525878906,31.360000610351562,0.5707252198042565
2024-10-01,CELH,Consumer Defensive,31.610000610351562,31.200000762939453,0.6077353637530529
2024-10-10,CELH,Consumer Defensive,33.529998779296875,34.90999984741211,0.7734818590292907
2024-10-24,CELH,Consumer Defensive,30.799999237060547,31.700000762939453,0.6695269128599632
2024-11-05,CELH,Consumer Defensive,31.34000015258789,31.729999542236328,0.5018525831213525
2024-11-13,CELH,Consumer Defensive,27.329999923706055,27.040000915527344,0.674348218712245
2024-11-25,CELH,Consumer Defensive,30.34000015258789,29.75,0.5197142914210019
2024-11-29,CELH,Consumer Defensive,28.559999465942383,28.450000762939453,0.5110311201768061
2024-12-02,CELH,Consumer Defensive,28.790000915527344,28.639999389648438,0.574674061330186
2024-12-09,CELH,Consumer Defensive,28.510000228881836,30.559999465942383,0.5590217907626325
2024-12-12,CELH,Consumer Defensive,30.1200008392334,31.989999771118164,0.5722593377846048
2024-12-19,CELH,Consumer Defensive,27.450000762939453,27.940000534057617,0.6943070522367134
2024-12-31,CELH,Consumer Defensive,26.049999237060547,26.34000015258789,0.6372009305559352
2025-01-06,CELH,Consumer Defensive,29.399999618530273,28.93000030517578,0.572044166554284
2025-01-07,CELH,Consumer Defensive,29.1200008392334,29.200000762939453,0.6028395852293672
2025-01-14,CELH,Consumer Defensive,27.270000457763672,26.8700008392334,0.5195111096264954
2025-01-17,CELH,Consumer Defensive,27.940000534057617,27.229999542236328,0.5443057149094833
2025-02-06,CELH,Consumer Defensive,22.81999969482422,21.959999084472656,0.5686971137619418
2025-02-14,CELH,Consumer Defensive,23.059999465942383,22.34000015258789,0.5327663512864855
2025-02-18,CELH,Consumer Defensive,22.479999542236328,22.739999771118164,0.5050699331879672
2025-02-19,CELH,Consumer Defensive,24.09000015258789,26.09000015258789,0.7283787803332624
2025-02-21,CELH,Consumer Defensive,34.11000061035156,32.619998931884766,0.8269526436206249
2025-02-26,CELH,Consumer Defensive,27.139999389648438,27.209999084472656,0.5919136658545361
2025-03-03,CELH,Consumer Defensive,26.200000762939453,25.649999618530273,0.6469462702849126
2025-03-24,CELH,Consumer Defensive,33.369998931884766,34.880001068115234,0.5171667977191311
2025-03-31,CELH,Consumer Defensive,34.380001068115234,35.619998931884766,0.6354637750655543
2025-04-01,CELH,Consumer Defensive,36.04999923706055,35.72999954223633,0.6112309995942435
2025-04-08,CELH,Consumer Defensive,35.95000076293945,33.88999938964844,0.9198591535683057
2025-04-14,CELH,Consumer Defensive,38.02000045776367,37.34000015258789,0.6097044018749657
2025-04-17,CELH,Consumer Defensive,37.08000183105469,37.2400016784668,0.806271211911445
2025-04-23,CELH,Consumer Defensive,39.150001525878906,37.27000045776367,0.6717624368982801
2025-04-28,CELH,Consumer Defensive,37.04999923706055,35.93000030517578,0.5478950142720236
2025-05-08,CELH,Consumer Defensive,36.400001525878906,35.2400016784668,0.5961000416160903
2025-05-12,CELH,Consumer Defensive,37.7400016784668,37.31999969482422,0.8193359014287647
2025-05-20,CELH,Consumer Defensive,37.75,38.08000183105469,0.6717643970982922
2025-05-29,CELH,Consumer Defensive,35.150001525878906,36.34000015258789,0.8193380120807234
2025-06-20,CELH,Consumer Defensive,44.36000061035156,43.369998931884766,0.5169871040900306
2025-08-07,CELH,Consumer Defensive,51.0099983215332,50.119998931884766,0.6477294937219884
2025-08-08,CELH,Consumer Defensive,51.150001525878906,51.95000076293945,0.6792668700715435
2025-08-15,CELH,Consumer Defensive,57.08000183105469,57.29999923706055,0.5461748660223145
2025-09-05,CELH,Consumer Defensive,61.189998626708984,58.369998931884766,0.5587456003167035
2025-09-19,CELH,Consumer Defensive,55.84000015258789,54.72999954223633,0.5066861512413866
2025-09-24,CELH,Consumer Defensive,51.34000015258789,51.880001068115234,0.5957213620196267
2025-09-29,CELH,Consumer Defensive,55.529998779296875,56.900001525878906,0.5229869069957538
2025-10-20,CELH,Consumer Defensive,65.5,64.44999694824219,0.575155401423247
2025-10-21,CELH,Consumer Defensive,65.0,63.400001525878906,0.5276029499760012
2025-10-27,CELH,Consumer Defensive,63.970001220703125,62.220001220703125,0.578262696092864
2025-10-31,CELH,Consumer Defensive,60.709999084472656,60.22999954223633,0.5316853051861073
2025-11-12,CELH,Consumer Defensive,44.2599983215332,44.90999984741211,0.5661254958143932
2025-11-13,CELH,Consumer Defensive,45.27000045776367,44.0099983215332,0.7425299915785405
2025-11-20,CELH,Consumer Defensive,42.040000915527344,39.209999084472656,0.9075621713444305
2025-12-12,CELH,Consumer Defensive,44.209999084472656,43.84000015258789,0.6014976081684268
2025-12-15,CELH,Consumer Defensive,44.7400016784668,43.810001373291016,0.6843603638405165
2025-12-18,CELH,Consumer Defensive,41.970001220703125,41.66999816894531,0.5102249371552936
2026-01-05,CELH,Consumer Defensive,48.369998931884766,48.09000015258789,0.5013311467047248
2026-01-14,CELH,Consumer Defensive,53.15999984741211,53.130001068115234,0.5273601174808805
2024-01-18,CIFR,Financial Services,2.880000114440918,2.630000114440918,0.7757638501584591
2024-01-24,CIFR,Financial Services,2.799999952316284,2.2850000858306885,0.8852136873514656
2024-01-30,CIFR,Financial Services,3.190000057220459,3.0799999237060547,0.5903660251974944
2024-02-14,CIFR,Financial Services,3.9600000381469727,4.019999980926514,0.5115520304028823
2024-02-22,CIFR,Financial Services,3.2300000190734863,3.244999885559082,0.5612008839682499
2024-02-27,CIFR,Financial Services,3.5999999046325684,3.450000047683716,0.6590197428684303
2024-02-28,CIFR,Financial Services,3.569999933242798,3.2699999809265137,0.8037519228897629
2024-02-29,CIFR,Financial Services,3.299999952316284,2.9600000381469727,0.5711791546677967
2024-03-01,CIFR,Financial Services,3.0,3.0899999141693115,0.5484313275218317
2024-03-05,CIFR,Financial Services,3.0799999237060547,2.8499999046325684,0.8469587146094238
2024-03-08,CIFR,Financial Services,3.549999952316284,3.509999990463257,0.5127523596415617
2024-03-11,CIFR,Financial Services,3.6600000858306885,3.1600000858306885,0.7363178872232389
2024-03-12,CIFR,Financial Services,3.200000047683716,3.134999990463257,0.5184274341837487
2024-03-20,CIFR,Financial Services,4.300000190734863,4.550000190734863,0.5114552263280823
2024-04-04,CIFR,Financial Services,4.440000057220459,4.159999847412109,0.5689268692535747
2024-04-08,CIFR,Financial Services,4.320000171661377,4.289999961853027,0.6166270099242345
2024-04-18,CIFR,Financial Services,3.490000009536743,3.680000066757202,0.5135675467704933
2024-04-26,CIFR,Financial Services,4.480000019073486,4.5,0.5241407888443654
2024-05-03,CIFR,Financial Services,4.099999904632568,4.139999866485596,0.5091349958498311
2024-05-10,CIFR,Financial Services,4.050000190734863,3.7200000286102295,0.5828793744524766
2024-05-13,CIFR,Financial Services,3.8399999141693115,3.7200000286102295,0.5827443391570438
2024-05-15,CIFR,Financial Services,3.890000104904175,4.159999847412109,0.5408558156155229
2024-05-17,CIFR,Financial Services,4.130000114440918,3.8499999046325684,0.5269688781020369
2024-05-23,CIFR,Financial Services,4.210000038146973,3.9000000953674316,0.7516164385672782
2024-05-31,CIFR,Financial Services,3.819999933242798,3.7100000381469727,0.533040804160365
2024-06-03,CIFR,Financial Services,3.7799999713897705,3.640000104904175,0.5433177955127033
2024-06-14,CIFR,Financial Services,5.099999904632568,4.949999809265137,0.5991522998096026
2024-06-20,CIFR,Financial Services,5.3379998207092285,5.239999771118164,0.8889134180581636
2024-06-26,CIFR,Financial Services,4.329999923706055,4.210000038146973,0.5313261388243954
2024-06-28,CIFR,Financial Services,4.21999979019165,4.150000095367432,0.511539100983248
2024-07-08,CIFR,Financial Services,4.75,4.619999885559082,0.67430334283386
2024-07-09,CIFR,Financial Services,4.699999809265137,4.369999885559082,0.7030921217695912
2024-07-10,CIFR,Financial Services,4.460000038146973,4.429999828338623,0.578545208417948
2024-07-11,CIFR,Financial Services,4.610000133514404,4.360000133514404,0.7145770224607018
2024-07-18,CIFR,Financial Services,7.074999809265137,6.0,0.7679239964508985
2024-07-19,CIFR,Financial Services,6.090000152587891,6.190000057220459,0.5909651781238758
2024-07-22,CIFR,Financial Services,6.300000190734863,6.460000038146973,0.6084128199443408
2024-07-24,CIFR,Financial Services,6.25,5.71999979019165,0.8233674440079133
2024-07-26,CIFR,Financial Services,5.880000114440918,5.820000171661377,0.7054540836884089
2024-07-29,CIFR,Financial Services,6.03000020980835,5.570000171661377,0.6821772329087615
2024-08-06,CIFR,Financial Services,4.210000038146973,3.9700000286102295,0.79576356957858
2024-08-07,CIFR,Financial Services,4.179999828338623,3.880000114440918,0.868800112848035
2024-08-14,CIFR,Financial Services,4.0,3.6500000953674316,0.665416263448909
2024-08-20,CIFR,Financial Services,4.130000114440918,3.950000047683716,0.6638427267488775
2024-08-22,CIFR,Financial Services,4.079999923706055,3.7899999618530273,0.5513140546502096
2024-08-29,CIFR,Financial Services,3.640000104904175,3.5899999141693115,0.5603438483992254
2024-08-30,CIFR,Financial Services,3.609999895095825,3.509999990463257,0.7007361497245927
2024-09-05,CIFR,Financial Services,2.990000009536743,2.890000104904175,0.5465035077667625
2024-09-06,CIFR,Financial Services,2.9700000286102295,2.700000047683716,0.7172156887393308
2024-09-10,CIFR,Financial Services,2.9800000190734863,3.109999895095825,0.5582256746386307
2024-09-17,CIFR,Financial Services,3.130000114440918,2.9800000190734863,0.553714880340559
2024-09-18,CIFR,Financial Services,3.0299999713897705,2.9000000953674316,0.5373592294504482
2024-09-19,CIFR,Financial Services,3.0999999046325684,2.930000066757202,0.8163129473052534
2024-09-26,CIFR,Financial Services,4.010000228881836,4.139999866485596,0.7160345817590162
2024-10-15,CIFR,Financial Services,4.449999809265137,4.380000114440918,0.5279434867879493
2024-10-24,CIFR,Financial Services,5.269999980926514,5.585000038146973,0.5154707393909109
2024-10-29,CIFR,Financial Services,5.809999942779541,5.389999866485596,0.6478715425368681
2024-11-01,CIFR,Financial Services,5.090000152587891,5.25,0.6163105363645226
2024-11-13,CIFR,Financial Services,7.400000095367432,6.619999885559082,0.7317559727684383
2024-11-14,CIFR,Financial Services,6.730000019073486,6.420000076293945,0.5384461724320622
2024-11-15,CIFR,Financial Services,6.590000152587891,6.630000114440918,0.5683854333880626
2024-12-04,CIFR,Financial Services,6.340000152587891,6.849999904632568,0.5003208669076293
2024-12-05,CIFR,Financial Services,7.2230000495910645,6.889999866485596,0.5352548754800256
2024-12-10,CIFR,Financial Services,6.519999980926514,6.130000114440918,0.5311263238925047
2024-12-17,CIFR,Financial Services,7.460000038146973,7.230000019073486,0.6899042573010749
2024-12-19,CIFR,Financial Services,6.534999847412109,5.739999771118164,0.7227970024998264
2024-12-31,CIFR,Financial Services,4.839000225067139,4.639999866485596,0.7916967153933104
2025-01-06,CIFR,Financial Services,5.739999771118164,5.849999904632568,0.5358469054062419
2025-01-14,CIFR,Financial Services,5.099999904632568,4.949999809265137,0.6550706025089681
2025-01-15,CIFR,Financial Services,5.25,5.239999771118164,0.5637108333607793
2025-01-17,CIFR,Financial Services,5.5,5.429999828338623,0.5997726288516119
2025-01-28,CIFR,Financial Services,4.699999809265137,4.489999771118164,0.6355886295929879
2025-01-30,CIFR,Financial Services,4.599999904632568,4.699999809265137,0.518139363742775
2025-01-31,CIFR,Financial Services,5.599999904632568,5.730000019073486,0.7854216214227152
2025-02-05,CIFR,Financial Services,5.889999866485596,5.710000038146973,0.6081509832452812
2025-02-06,CIFR,Financial Services,5.809999942779541,5.889999866485596,0.6501259274050821
2025-02-10,CIFR,Financial Services,6.079999923706055,5.960000038146973,0.524354916653817
2025-02-21,CIFR,Financial Services,6.179999828338623,5.489999771118164,0.761499526514397
2025-02-24,CIFR,Financial Services,5.610000133514404,4.965000152587891,0.6826517219606272
2025-02-27,CIFR,Financial Services,4.5279998779296875,3.9700000286102295,0.9290041382607461
2025-03-03,CIFR,Financial Services,4.510000228881836,3.8499999046325684,0.858889450119855
2025-03-12,CIFR,Financial Services,3.3299999237060547,3.200000047683716,0.5588212552630695
2025-04-08,CIFR,Financial Services,2.380000114440918,2.109999895095825,0.9800020804728302
2025-04-14,CIFR,Financial Services,2.5199999809265137,2.440000057220459,0.7119569260948896
2025-04-15,CIFR,Financial Services,2.4600000381469727,2.319999933242798,0.5014173943122961
2025-04-17,CIFR,Financial Services,2.3399999141693115,2.369999885559082,0.708312367361763
2025-04-23,CIFR,Financial Services,2.9200000762939453,2.859999895095825,0.8376928083752728
2025-05-12,CIFR,Financial Services,3.180000066757202,3.1500000953674316,0.7002992064834569
2025-05-22,CIFR,Financial Services,3.6500000953674316,3.569999933242798,0.537388573316646
2025-05-29,CIFR,Financial Services,3.390000104904175,3.25,0.8102139235581064
2025-06-10,CIFR,Financial Services,4.199999809265137,4.059999942779541,0.5463360894713932
2025-06-20,CIFR,Financial Services,3.9549999237060547,3.7899999618530273,0.6170665736206129
2025-07-08,CIFR,Financial Services,5.940000057220459,6.03000020980835,0.6487752929160299
2025-07-09,CIFR,Financial Services,6.139999866485596,6.260000228881836,0.6342423219377015
2025-07-11,CIFR,Financial Services,6.409999847412109,5.869999885559082,0.7587669511379659
2025-07-21,CIFR,Financial Services,6.414999961853027,6.25,0.5907488018661624
2025-07-28,CIFR,Financial Services,6.590000152587891,6.159999847412109,0.6929547896711464
2025-07-31,CIFR,Financial Services,5.610000133514404,5.460000038146973,0.7882944310779152
2025-08-08,CIFR,Financial Services,4.960000038146973,4.75,0.6237944097083885
2025-08-11,CIFR,Financial Services,4.934999942779541,4.760000228881836,0.5489495759999665
2025-08-13,CIFR,Financial Services,4.840000152587891,4.900000095367432,0.5426465726438596
2025-08-14,CIFR,Financial Services,4.989999771118164,5.320000171661377,0.5226315610189107
2025-08-28,CIFR,Financial Services,7.28000020980835,7.019999980926514,0.5852246995024447
2025-08-29,CIFR,Financial Services,7.25,7.639999866485596,0.5583105491709263
2025-09-03,CIFR,Financial Services,8.694999694824219,8.109999656677246,0.773209744282184
2025-09-05,CIFR,Financial Services,7.78000020980835,7.519999980926514,0.6001337253468292
2025-09-18,CIFR,Financial Services,12.640000343322754,11.850000381469727,0.7699521586259401
2025-09-23,CIFR,Financial Services,14.34000015258789,14.149999618530273,0.7247934963577358
2025-09-24,CIFR,Financial Services,14.805000305175781,14.140000343322754,0.6824843651124728
2025-09-30,CIFR,Financial Services,12.720000267028809,12.59000015258789,0.5502675136202609
2025-10-01,CIFR,Financial Services,12.880000114440918,12.600000381469727,0.5800350670047629
2025-10-10,CIFR,Financial Services,18.780000686645508,16.969999313354492,0.7361890093768666
2025-10-15,CIFR,Financial Services,21.510000228881836,21.030000686645508,0.7400796300885968
2025-10-20,CIFR,Financial Services,20.0,19.90999984741211,0.7753339295386755
2025-10-27,CIFR,Financial Services,20.90999984741211,20.540000915527344,0.6478193577710821
2025-10-31,CIFR,Financial Services,20.030000686645508,18.649999618530273,0.635566262740845
2025-11-03,CIFR,Financial Services,22.940000534057617,22.760000228881836,0.7097764091152714
2025-11-10,CIFR,Financial Services,21.868000030517578,19.649999618530273,0.6631783625179984
2025-11-19,CIFR,Financial Services,14.899999618530273,14.619999885559082,0.6599689910410066
2025-11-20,CIFR,Financial Services,16.799999237060547,14.5600004196167,0.9324980511099914
2025-12-17,CIFR,Financial Services,15.65999984741211,14.390000343322754,0.6598462255572255
2025-12-18,CIFR,Financial Services,15.399999618530273,15.149999618530273,0.660397281811151
2025-12-19,CIFR,Financial Services,15.529999732971191,16.209999084472656,0.5597112877876703
2025-12-22,CIFR,Financial Services,16.649999618530273,16.34000015258789,0.5918371079438189
2026-01-02,CIFR,Financial Services,14.970000267028809,16.200000762939453,0.5778779702091159
2026-01-05,CIFR,Financial Services,16.719999313354492,18.15999984741211,0.5116235539773493
2024-01-18,CRWD,Technology,281.6700134277344,283.1099853515625,0.5122043208687851
2024-01-24,CRWD,Technology,300.5799865722656,300.2799987792969,0.6222887412211865
2024-01-25,CRWD,Technology,305.6099853515625,293.4599914550781,0.7043605210289036
2024-02-15,CRWD,Technology,337.5,331.3800048828125,0.5011584923911083
2024-02-22,CRWD,Technology,304.92999267578125,310.9100036621094,0.5320183867209123
2024-03-06,CRWD,Technology,360.04998779296875,329.57000732421875,0.547352030760056
2024-04-04,CRWD,Technology,324.29998779296875,309.19000244140625,0.5199771703580824
2024-04-17,CRWD,Technology,304.0,293.69000244140625,0.5452892457616413
2024-04-24,CRWD,Technology,303.6000061035156,297.6199951171875,0.6429975152277835
2024-05-23,CRWD,Technology,350.0,342.3500061035156,0.610406701838905
2024-06-03,CRWD,Technology,319.3699951171875,308.69000244140625,0.5293486347942151
2024-06-05,CRWD,Technology,334.6099853515625,342.17999267578125,0.5055392733227879
2024-06-28,CRWD,Technology,389.3299865722656,383.19000244140625,0.5237326518169426
2024-07-23,CRWD,Technology,269.0199890136719,268.8800048828125,0.5335055149220881
2024-07-26,CRWD,Technology,259.95001220703125,256.1600036621094,0.5989294890581511
2024-07-29,CRWD,Technology,259.510009765625,258.80999755859375,0.5717259307350558
2024-08-07,CRWD,Technology,238.3699951171875,230.6699981689453,0.5400954443769919
2024-08-09,CRWD,Technology,242.17999267578125,240.89999389648438,0.5610686115479178
2024-08-13,CRWD,Technology,242.0,248.11000061035156,0.5432787181038993
2024-08-14,CRWD,Technology,250.0,256.2200012207031,0.6026668355508682
2024-08-30,CRWD,Technology,277.7799987792969,277.2799987792969,0.5283617953135338
2024-09-09,CRWD,Technology,249.11500549316406,246.5800018310547,0.5468686916511405
2024-09-10,CRWD,Technology,248.75,247.74000549316406,0.5514419839199973
2024-09-19,CRWD,Technology,276.0,277.3800048828125,0.5014611170601347
2024-10-17,CRWD,Technology,310.0,310.3399963378906,0.5003267120397715
2024-11-25,CRWD,Technology,375.0,363.67999267578125,0.5373221919573423
2024-12-19,CRWD,Technology,364.92999267578125,351.0299987792969,0.5211295638805539
2024-12-31,CRWD,Technology,351.8599853515625,342.1600036621094,0.5147392482980949
2025-01-02,CRWD,Technology,346.5199890136719,347.3399963378906,0.5366667325693361
2025-01-03,CRWD,Technology,349.2300109863281,359.0199890136719,0.5168406874887899
2025-01-14,CRWD,Technology,344.9949951171875,348.0400085449219,0.5366667325693361
2025-02-26,CRWD,Technology,384.69000244140625,394.55999755859375,0.568610301458518
2025-02-27,CRWD,Technology,401.6400146484375,380.239990234375,0.6724207032394178
2025-03-03,CRWD,Technology,399.0,382.7300109863281,0.5971416907561057
2025-03-12,CRWD,Technology,343.5899963378906,346.760009765625,0.5755186556505059
2025-03-19,CRWD,Technology,366.2200012207031,375.04998779296875,0.526011158194293
2025-04-01,CRWD,Technology,358.94000244140625,362.3800048828125,0.5091068324353992
2025-04-08,CRWD,Technology,342.7099914550781,325.0400085449219,0.9090152703284382
2025-04-15,CRWD,Technology,383.3999938964844,392.79998779296875,0.5380797140285039
2025-04-17,CRWD,Technology,383.79998779296875,375.6199951171875,0.5230083433352642
2025-04-23,CRWD,Technology,382.5,385.75,0.5907963331997401
2025-05-01,CRWD,Technology,431.510009765625,431.8800048828125,0.586538649758037
2025-05-08,CRWD,Technology,427.4849853515625,428.6300048828125,0.5208893141803709
2025-05-27,CRWD,Technology,464.0,472.2200012207031,0.5164125879772551
2025-05-29,CRWD,Technology,472.0,458.80999755859375,0.5296345389457869
2025-07-24,CRWD,Technology,463.9800109863281,462.0299987792969,0.5249135614992818
2025-07-28,CRWD,Technology,471.0,472.17999267578125,0.5349984683846422
2025-07-31,CRWD,Technology,465.760009765625,454.57000732421875,0.6636631338252702
2025-08-04,CRWD,Technology,452.8999938964844,454.8599853515625,0.5331165223875777
2025-08-06,CRWD,Technology,445.0,451.69000244140625,0.5034425592281492
2025-08-08,CRWD,Technology,431.0,424.489990234375,0.52186005707215
2025-08-27,CRWD,Technology,421.6000061035156,422.6099853515625,0.5012494654706087
2025-10-03,CRWD,Technology,499.8399963378906,489.8800048828125,0.5133207893448335
2025-10-06,CRWD,Technology,495.510009765625,495.95001220703125,0.5220643902088553
2025-10-24,CRWD,Technology,528.7999877929688,527.3200073242188,0.5179310085637733
2025-10-27,CRWD,Technology,532.5399780273438,529.7000122070312,0.5029896711538347
2025-11-03,CRWD,Technology,549.3200073242188,551.9199829101562,0.5524723135320506
2025-11-20,CRWD,Technology,532.5599975585938,501.30999755859375,0.5265488023101447
2025-11-24,CRWD,Technology,498.1600036621094,506.82000732421875,0.5376480297767835
2025-12-15,CRWD,Technology,509.010009765625,487.4700012207031,0.515577422723736
2026-01-02,CRWD,Technology,474.0,453.5799865722656,0.5274520135277149
2026-01-05,CRWD,Technology,458.6300048828125,456.54998779296875,0.5224195130014179
2024-01-18,DDOG,Technology,128.2100067138672,126.91999816894531,0.5115242415478646
2024-01-24,DDOG,Technology,130.4949951171875,122.58000183105469,0.5727598039401128
2024-01-25,DDOG,Technology,123.61000061035156,122.19000244140625,0.6590100579365618
2024-02-22,DDOG,Technology,130.1999969482422,131.1199951171875,0.5004934888962398
2024-03-06,DDOG,Technology,126.75,124.58999633789062,0.5369046875605388
2024-03-18,DDOG,Technology,121.52999877929688,120.87000274658203,0.5030623309184278
2024-03-20,DDOG,Technology,122.63999938964844,123.44000244140625,0.5014684397041085
2024-03-21,DDOG,Technology,125.01000213623047,122.86000061035156,0.5057932780046981
2024-03-26,DDOG,Technology,123.56999969482422,123.44999694824219,0.5667495615300352
2024-04-04,DDOG,Technology,122.58999633789062,120.72000122070312,0.5205419407074362
2024-04-11,DDOG,Technology,127.79000091552734,130.8000030517578,0.5079365393886486
2024-05-01,DDOG,Technology,127.0199966430664,126.41999816894531,0.5169089527371785
2024-05-08,DDOG,Technology,114.0999984741211,117.27999877929688,0.5054706444292529
2024-05-09,DDOG,Technology,118.11000061035156,115.87000274658203,0.5027675499868258
2024-05-23,DDOG,Technology,124.54000091552734,122.12000274658203,0.6116373979882989
2024-06-03,DDOG,Technology,111.0,109.33999633789062,0.5334159157113048
2024-06-05,DDOG,Technology,110.0,110.4800033569336,0.5124823975906153
2024-06-13,DDOG,Technology,120.41999816894531,119.54000091552734,0.6573876717258245
2024-06-28,DDOG,Technology,129.88999938964844,129.69000244140625,0.5185476159131055
2024-07-25,DDOG,Technology,118.2699966430664,120.30999755859375,0.554084491589187
2024-07-26,DDOG,Technology,121.43000030517578,118.30999755859375,0.5427332731809223
2024-07-29,DDOG,Technology,119.0,117.91999816894531,0.55468836471909
2024-08-07,DDOG,Technology,108.69999694824219,108.04000091552734,0.5422438011998899
2024-08-12,DDOG,Technology,113.05000305175781,112.16000366210938,0.5465104069673462
2024-08-30,DDOG,Technology,117.22000122070312,116.26000213623047,0.5008540218771476
2024-09-09,DDOG,Technology,108.2699966430664,107.69999694824219,0.5646872699330765
2024-09-10,DDOG,Technology,108.45999908447266,108.12000274658203,0.551298491545775
2024-10-04,DDOG,Technology,119.55000305175781,122.69000244140625,0.5082122115868329
2024-10-14,DDOG,Technology,131.27999877929688,129.1199951171875,0.5088837363683933
2024-10-17,DDOG,Technology,127.33000183105469,126.22000122070312,0.5003267120397715
2024-11-18,DDOG,Technology,126.91500091552734,125.97000122070312,0.5130965904995678
2024-11-25,DDOG,Technology,155.6999969482422,156.6300048828125,0.511914060483081
2024-12-11,DDOG,Technology,156.08999633789062,156.47999572753906,0.5190421424335059
2025-01-02,DDOG,Technology,145.0,143.6300048828125,0.5308165854211565
2025-01-03,DDOG,Technology,144.6300048828125,144.8300018310547,0.5371992504363095
2025-01-06,DDOG,Technology,147.19000244140625,146.0399932861328,0.5037763955183371
2025-01-14,DDOG,Technology,139.5,139.16000366210938,0.5658645137852064
2025-01-17,DDOG,Technology,139.4199981689453,138.39999389648438,0.5144931148467151
2025-01-22,DDOG,Technology,139.99000549316406,140.1199951171875,0.5099033780660375
2025-01-28,DDOG,Technology,143.39999389648438,151.88999938964844,0.5196578197679304
2025-01-31,DDOG,Technology,145.74000549316406,142.7100067138672,0.5187553831012823
2025-02-26,DDOG,Technology,115.83999633789062,113.37000274658203,0.5731728413693217
2025-02-27,DDOG,Technology,116.78500366210938,113.52999877929688,0.6934325802307262
2025-03-12,DDOG,Technology,104.41999816894531,102.02999877929688,0.5691347030092891
2025-04-08,DDOG,Technology,91.0,87.0,0.9178780574653398
2025-04-14,DDOG,Technology,94.0999984741211,91.87999725341797,0.5375710774619539
2025-04-23,DDOG,Technology,95.23999786376953,94.58000183105469,0.5715589159439022
2025-05-01,DDOG,Technology,106.66000366210938,106.31999969482422,0.5817200237450095
2025-05-08,DDOG,Technology,107.375,109.22000122070312,0.5000330201989867
2025-06-06,DDOG,Technology,122.63999938964844,122.16000366210938,0.5368679346036024
2025-07-24,DDOG,Technology,145.0,146.55999755859375,0.6138492686245551
2025-07-25,DDOG,Technology,147.46499633789062,149.83999633789062,0.5842468152735446
2025-07-28,DDOG,Technology,150.89999389648438,150.77000427246094,0.5244483205222235
2025-08-04,DDOG,Technology,137.1999969482422,139.1300048828125,0.5233490034743878
2025-08-07,DDOG,Technology,147.75,136.3800048828125,0.5048286274838124
2025-10-06,DDOG,Technology,153.11000061035156,157.36000061035156,0.5310006388856273
2025-10-27,DDOG,Technology,158.27499389648438,157.6199951171875,0.5038151184816821
2025-11-26,DDOG,Technology,159.92999267578125,158.39999389648438,0.5002182750345491
2025-12-08,DDOG,Technology,152.8350067138672,154.27999877929688,0.5263177445396287
2025-12-22,DDOG,Technology,142.17999267578125,141.83999633789062,0.5363313805717632
2026-01-02,DDOG,Technology,137.25,133.77000427246094,0.5274520135277149
2024-01-18,DOCN,Technology,34.90999984741211,34.4900016784668,0.5286403025161199
2024-01-24,DOCN,Technology,34.650001525878906,32.650001525878906,0.5914742984290992
2024-01-25,DOCN,Technology,33.099998474121094,33.13999938964844,0.6857286368222064
2024-02-01,DOCN,Technology,34.040000915527344,34.63999938964844,0.5016810580774307
2024-02-22,DOCN,Technology,38.5,38.959999084472656,0.5214611034741661
2024-02-27,DOCN,Technology,36.54999923706055,37.540000915527344,0.5091085607099199
2024-03-06,DOCN,Technology,38.79999923706055,39.11000061035156,0.5231853033763423
2024-03-21,DOCN,Technology,40.0,39.83000183105469,0.504529852993855
2024-04-04,DOCN,Technology,37.13999938964844,36.77000045776367,0.5312457274069604
2024-04-08,DOCN,Technology,37.70000076293945,37.47999954223633,0.5024893461003328
2024-04-11,DOCN,Technology,36.279998779296875,36.47999954223633,0.5127800612733321
2024-04-17,DOCN,Technology,33.77000045776367,33.22999954223633,0.5594515974375541
2024-04-24,DOCN,Technology,33.02000045776367,33.02000045776367,0.6842984214975714
2024-04-29,DOCN,Technology,33.810001373291016,34.040000915527344,0.5075075686844386
2024-05-01,DOCN,Technology,35.68000030517578,35.529998779296875,0.5369354468353643
2024-05-03,DOCN,Technology,36.0,34.2400016784668,0.5062658304755278
2024-05-10,DOCN,Technology,33.810001373291016,35.90999984741211,0.5039558256134987
2024-05-23,DOCN,Technology,38.15999984741211,36.36000061035156,0.6111285296661251
2024-05-28,DOCN,Technology,36.650001525878906,37.33000183105469,0.5403568481101111
2024-06-20,DOCN,Technology,34.970001220703125,33.77000045776367,0.5466031561896095
2024-07-18,DOCN,Technology,34.310001373291016,33.380001068115234,0.5129201811568408
2024-07-26,DOCN,Technology,32.91999816894531,32.18000030517578,0.550163251869915
2024-07-29,DOCN,Technology,32.56999969482422,32.470001220703125,0.5553605862418357
2024-08-07,DOCN,Technology,28.639999389648438,27.700000762939453,0.5455677738951916
2024-08-09,DOCN,Technology,30.31999969482422,32.56999969482422,0.5676151464835093
2024-08-30,DOCN,Technology,37.79999923706055,37.43000030517578,0.511128884304526
2024-09-09,DOCN,Technology,36.91999816894531,38.880001068115234,0.5379175690448186
2024-10-04,DOCN,Technology,40.70000076293945,42.900001525878906,0.5497982408747436
2024-11-06,DOCN,Technology,36.95000076293945,38.81999969482422,0.5494616311396915
2024-11-07,DOCN,Technology,39.29999923706055,38.77000045776367,0.5008450793492537
2024-12-19,DOCN,Technology,35.720001220703125,35.45000076293945,0.5484529491066961
2024-12-31,DOCN,Technology,34.43000030517578,34.06999969482422,0.527480232915365
2025-01-02,DOCN,Technology,34.68000030517578,34.2599983215332,0.549336050061052
2025-01-03,DOCN,Technology,34.5,35.720001220703125,0.549336050061052
2025-01-06,DOCN,Technology,36.06999969482422,35.599998474121094,0.5103324379037117
2025-01-14,DOCN,Technology,33.79999923706055,33.560001373291016,0.5486621225298587
2025-01-15,DOCN,Technology,34.56999969482422,34.2400016784668,0.5007542984566656
2025-01-16,DOCN,Technology,35.849998474121094,35.27000045776367,0.5108623175843034
2025-01-17,DOCN,Technology,35.70000076293945,36.130001068115234,0.5097546941289074
2025-01-22,DOCN,Technology,37.5,38.27000045776367,0.5162549929337977
2025-01-28,DOCN,Technology,40.5,41.970001220703125,0.5191231857279286
2025-01-31,DOCN,Technology,42.060001373291016,41.47999954223633,0.5150996836803118
2025-02-04,DOCN,Technology,40.58000183105469,40.81999969482422,0.5024613705971989
2025-02-10,DOCN,Technology,45.45000076293945,45.93000030517578,0.5586054185443383
2025-02-25,DOCN,Technology,45.0,40.83000183105469,0.5999481188891683
2025-02-26,DOCN,Technology,41.40999984741211,43.939998626708984,0.5705274731409457
2025-03-03,DOCN,Technology,43.220001220703125,40.349998474121094,0.5875725727304572
2025-03-12,DOCN,Technology,37.2599983215332,36.099998474121094,0.5632655954448531
2025-04-08,DOCN,Technology,29.690000534057617,25.90999984741211,0.9132255799745467
2025-04-14,DOCN,Technology,28.649999618530273,27.59000015258789,0.5330176118612117
2025-04-22,DOCN,Technology,26.18000030517578,26.68000030517578,0.5103585018195257
2025-04-23,DOCN,Technology,28.489999771118164,28.25,0.604933588794726
2025-05-01,DOCN,Technology,31.639999389648438,31.479999542236328,0.5230726516150063
2025-05-08,DOCN,Technology,28.799999237060547,29.889999389648438,0.5314478773341502
2025-05-27,DOCN,Technology,28.90999984741211,28.81999969482422,0.5099491825119011
2025-05-29,DOCN,Technology,28.950000762939453,27.920000076293945,0.5401705103406791
2025-06-06,DOCN,Technology,28.5,28.6299991607666,0.5516647139197705
2025-06-16,DOCN,Technology,27.350000381469727,28.149999618530273,0.5264983473843067
2025-07-21,DOCN,Technology,29.709999084472656,29.139999389648438,0.5009946474830979
2025-07-28,DOCN,Technology,29.06999969482422,29.149999618530273,0.5245929949158425
2025-07-29,DOCN,Technology,29.420000076293945,28.459999084472656,0.7468631293984973
2025-07-31,DOCN,Technology,28.25,27.860000610351562,0.7008413126691556
2025-08-04,DOCN,Technology,26.25,27.010000228881836,0.5484529491066961
2025-08-05,DOCN,Technology,30.989999771118164,34.810001373291016,0.525172916610914
2025-08-06,DOCN,Technology,35.56999969482422,36.470001220703125,0.5479065972850524
2025-08-07,DOCN,Technology,37.29999923706055,34.33000183105469,0.5157794972947141
2025-10-06,DOCN,Technology,37.900001525878906,38.38999938964844,0.5222091291241748
2025-10-07,DOCN,Technology,39.0,38.290000915527344,0.5042541822496422
2025-10-09,DOCN,Technology,38.880001068115234,39.540000915527344,0.5377406538726276
2025-10-10,DOCN,Technology,39.79999923706055,37.290000915527344,0.5222329780353996
2025-10-16,DOCN,Technology,44.0,43.08000183105469,0.5000748487997544
2025-10-27,DOCN,Technology,40.0,40.380001068115234,0.5038151184816821
2025-10-31,DOCN,Technology,39.0,40.65999984741211,0.507720390412177
2025-11-03,DOCN,Technology,40.9900016784668,41.43000030517578,0.5632145085046265
2025-11-19,DOCN,Technology,44.29999923706055,44.09000015258789,0.5287281084077198
2025-11-20,DOCN,Technology,45.18000030517578,43.18000030517578,0.5323578289017958
2025-11-24,DOCN,Technology,44.34000015258789,45.150001525878906,0.5061200840920171
2025-12-22,DOCN,Technology,48.400001525878906,49.209999084472656,0.521001087122554
2026-01-02,DOCN,Technology,48.63999938964844,48.970001220703125,0.5122401494666556
2024-01-18,DUOL,Technology,205.1999969482422,199.80999755859375,0.5334159157113048
2024-01-24,DUOL,Technology,196.0,190.57000732421875,0.5954441984901226
2024-01-25,DUOL,Technology,193.0,191.97000122070312,0.6903071773916861
2024-02-01,DUOL,Technology,182.0,181.44000244140625,0.500806960187821
2024-02-22,DUOL,Technology,178.86000061035156,177.02999877929688,0.5126587268379558
2024-02-29,DUOL,Technology,240.61000061035156,239.0,0.5267604715182433
2024-03-06,DUOL,Technology,215.07000732421875,212.25999450683594,0.5402011915476304
2024-03-21,DUOL,Technology,237.39999389648438,235.6199951171875,0.504529852993855
2024-04-04,DUOL,Technology,221.42999267578125,216.17999267578125,0.521383343290685
2024-04-18,DUOL,Technology,208.8800048828125,205.05999755859375,0.5373947113414409
2024-04-24,DUOL,Technology,223.1999969482422,216.3800048828125,0.6552121022543193
2024-05-10,DUOL,Technology,202.2100067138672,188.1199951171875,0.5141166203272471
2024-05-23,DUOL,Technology,179.13999938964844,175.77999877929688,0.6314349774493118
2024-07-10,DUOL,Technology,189.1999969482422,188.10000610351562,0.5189361047474622
2024-07-11,DUOL,Technology,189.74000549316406,192.57000732421875,0.5439675321072956
2024-07-18,DUOL,Technology,182.11000061035156,178.57000732421875,0.5332609066024995
2024-07-26,DUOL,Technology,175.8800048828125,173.27999877929688,0.6198177329849782
2024-07-29,DUOL,Technology,174.9600067138672,169.9199981689453,0.5632484381457085
2024-08-07,DUOL,Technology,169.74000549316406,161.39999389648438,0.5372616988874332
2024-08-14,DUOL,Technology,193.5500030517578,197.07000732421875,0.5182650402494023
2024-08-30,DUOL,Technology,209.7100067138672,212.57000732421875,0.5610186906421459
2024-09-26,DUOL,Technology,292.0,277.9599914550781,0.6075736429314034
2024-10-04,DUOL,Technology,287.94000244140625,283.489990234375,0.556520948284839
2024-11-06,DUOL,Technology,310.0,318.8500061035156,0.5088924749554932
2024-12-19,DUOL,Technology,345.1600036621094,335.2200012207031,0.5266997317449242
2025-01-02,DUOL,Technology,327.29998779296875,325.8800048828125,0.5380501501290212
2025-01-03,DUOL,Technology,328.3399963378906,340.05999755859375,0.5373434677797585
2025-01-14,DUOL,Technology,320.0,312.5199890136719,0.5452892457616413
2025-01-16,DUOL,Technology,327.6700134277344,341.79998779296875,0.5003774354925992
2025-01-17,DUOL,Technology,351.80999755859375,351.1300048828125,0.5095774123182005
2025-02-10,DUOL,Technology,398.0799865722656,401.45001220703125,0.5129911809250516
2025-02-24,DUOL,Technology,390.260009765625,389.8999938964844,0.513810671372105
2025-02-26,DUOL,Technology,388.75,386.55999755859375,0.5498538769941417
2025-02-27,DUOL,Technology,391.32000732421875,375.7799987792969,0.6724207032394178
2025-03-12,DUOL,Technology,294.6600036621094,291.0199890136719,0.5852768757323733
2025-03-17,DUOL,Technology,286.7900085449219,294.17999267578125,0.5444617016657542
2025-04-08,DUOL,Technology,317.80999755859375,293.2699890136719,0.9004156934540283
2025-04-17,DUOL,Technology,329.2699890136719,326.5,0.5230083433352642
2025-04-23,DUOL,Technology,364.45001220703125,370.0,0.5747803314438897
2025-05-01,DUOL,Technology,396.17999267578125,400.0,0.5720611741516203
2025-05-08,DUOL,Technology,505.07000732421875,503.57000732421875,0.6020235265620011
2025-05-29,DUOL,Technology,530.469970703125,513.3900146484375,0.5259859671731438
2025-06-16,DUOL,Technology,482.57000732421875,474.8999938964844,0.5076217098916705
2025-06-24,DUOL,Technology,454.6499938964844,422.7900085449219,0.5361403345576135
2025-07-29,DUOL,Technology,342.5,333.7099914550781,0.7314714544479303
2025-08-04,DUOL,Technology,343.2900085449219,352.3599853515625,0.5275965972384921
2025-08-05,DUOL,Technology,354.6000061035156,340.30999755859375,0.5082748740239872
2025-08-06,DUOL,Technology,343.79998779296875,343.6099853515625,0.5188740450360224
2025-08-07,DUOL,Technology,446.0,390.8399963378906,0.5293697312824562
2025-08-08,DUOL,Technology,404.5,370.3399963378906,0.5506928716914159
2025-10-03,DUOL,Technology,315.54998779296875,322.6300048828125,0.5134657084700301
2025-10-10,DUOL,Technology,340.45001220703125,325.0,0.5364787356422676
2025-10-24,DUOL,Technology,318.0,312.0,0.508370559967695
2025-10-27,DUOL,Technology,317.3500061035156,306.7300109863281,0.5143991732189934
2025-10-31,DUOL,Technology,267.05499267578125,270.6400146484375,0.5170601298151588
2025-11-03,DUOL,Technology,278.82000732421875,264.92999267578125,0.5938123482782564
2025-11-10,DUOL,Technology,202.7899932861328,192.8000030517578,0.5570932685494387
2025-11-20,DUOL,Technology,176.10000610351562,168.00999450683594,0.551473363265165
2025-11-24,DUOL,Technology,175.0,172.47000122070312,0.5253518822609013
2025-11-26,DUOL,Technology,178.25999450683594,188.42999267578125,0.5161375545075908
2025-11-28,DUOL,Technology,192.35000610351562,191.41000366210938,0.5019002864750678
2025-12-15,DUOL,Technology,197.75,185.97000122070312,0.5134901447749445
2025-12-19,DUOL,Technology,186.51600646972656,185.9600067138672,0.5109093286219811
2026-01-02,DUOL,Technology,176.72999572753906,176.47999572753906,0.5275965972384921
2026-01-06,DUOL,Technology,189.0,178.94000244140625,0.5100902080915191
2024-01-17,EOSE,Industrials,0.8009999990463257,0.8880000114440918,0.5509615979129538
2024-01-18,EOSE,Industrials,0.9200000166893005,0.8880000114440918,0.7157802216922119
2024-01-22,EOSE,Industrials,0.9610000252723694,1.0499999523162842,0.5417885961999439
2024-01-23,EOSE,Industrials,1.0800000429153442,1.0800000429153442,0.5008025823913153
2024-01-24,EOSE,Industrials,1.100000023841858,0.9909999966621399,0.8515716145198817
2024-02-07,EOSE,Industrials,1.2000000476837158,1.1399999856948853,0.7106613510166464
2024-02-09,EOSE,Industrials,1.25,1.159999966621399,0.5036322623271834
2024-02-14,EOSE,Industrials,1.0499999523162842,1.0199999809265137,0.5542016125134277
2024-02-21,EOSE,Industrials,0.9800000190734863,0.9279999732971191,0.6847466961130441
2024-02-26,EOSE,Industrials,0.9779999852180481,0.9769999980926514,0.5683810985122715
2024-02-29,EOSE,Industrials,1.0,0.9520000219345093,0.634994746244082
2024-03-04,EOSE,Industrials,1.0499999523162842,1.0099999904632568,0.5516464062444904
2024-03-05,EOSE,Industrials,1.0399999618530273,1.0800000429153442,0.5651463034732445
2024-03-06,EOSE,Industrials,1.100000023841858,1.1100000143051147,0.5008111890013507
2024-03-08,EOSE,Industrials,1.100000023841858,1.0399999618530273,0.5191975659912271
2024-03-11,EOSE,Industrials,1.0499999523162842,0.9559999704360962,0.6367259621099401
2024-03-12,EOSE,Industrials,0.972000002861023,1.0,0.5565136222672655
2024-04-01,EOSE,Industrials,1.0950000286102295,0.9940000176429749,0.6942027275101652
2024-04-05,EOSE,Industrials,1.0,1.0099999904632568,0.5797228794695062
2024-04-11,EOSE,Industrials,0.9200000166893005,0.9210000038146973,0.6031523821739395
2024-04-17,EOSE,Industrials,0.8299999833106995,0.8240000009536743,0.5357155064870383
2024-04-18,EOSE,Industrials,0.8399999737739563,0.7699999809265137,0.6946280975324356
2024-04-24,EOSE,Industrials,0.7900000214576721,0.7599999904632568,0.6064792832036939
2024-05-03,EOSE,Industrials,0.7310000061988831,0.7440000176429749,0.5090076795733134
2024-05-06,EOSE,Industrials,0.7599999904632568,0.7300000190734863,0.5020930327986972
2024-05-13,EOSE,Industrials,0.7379999756813049,0.7200000286102295,0.5361632702485049
2024-05-16,EOSE,Industrials,0.7400000095367432,0.7059999704360962,0.5249595323320035
2024-05-17,EOSE,Industrials,0.7329999804496765,0.7139999866485596,0.5814128849345985
2024-05-22,EOSE,Industrials,0.7070000171661377,0.7279999852180481,0.5578019388083094
2024-05-24,EOSE,Industrials,0.699999988079071,0.7089999914169312,0.5176665614369139
2024-06-03,EOSE,Industrials,0.7310000061988831,0.7369999885559082,0.5267414946924085
2024-06-18,EOSE,Industrials,0.7900000214576721,0.7879999876022339,0.5251578744952616
2024-06-26,EOSE,Industrials,1.340000033378601,1.2799999713897705,0.5903894871085688
2024-06-28,EOSE,Industrials,1.3680000305175781,1.2699999809265137,0.6536567863129482
2024-07-02,EOSE,Industrials,1.5099999904632568,1.5499999523162842,0.6911273009595147
2024-07-08,EOSE,Industrials,2.0399999618530273,1.940000057220459,0.782707062263921
2024-07-11,EOSE,Industrials,2.125,2.119999885559082,0.8800481659159481
2024-07-15,EOSE,Industrials,2.4000000953674316,2.059999942779541,0.7846729454303808
2024-07-22,EOSE,Industrials,1.909999966621399,1.8700000047683716,0.6155022502947198
2024-08-01,EOSE,Industrials,2.049999952316284,1.8200000524520874,0.6681491134112539
2024-08-12,EOSE,Industrials,1.5800000429153442,1.6799999475479126,0.5328563140659719
2024-08-14,EOSE,Industrials,1.809999942779541,1.7999999523162842,0.6192154692948225
2024-08-16,EOSE,Industrials,1.9049999713897705,1.9299999475479126,0.5367819658545075
2024-08-20,EOSE,Industrials,1.9900000095367432,1.8899999856948853,0.6605116806573981
2024-09-19,EOSE,Industrials,2.5299999713897705,2.4000000953674316,0.6916149650073258
2024-09-26,EOSE,Industrials,2.5,2.5899999141693115,0.7179485538872725
2024-10-02,EOSE,Industrials,2.9200000762939453,2.9600000381469727,0.5435570647022439
2024-10-09,EOSE,Industrials,3.180000066757202,2.9700000286102295,0.5189684094806416
2024-10-16,EOSE,Industrials,3.5199999809265137,3.450000047683716,0.506876576364739
2024-10-24,EOSE,Industrials,3.0899999141693115,3.130000114440918,0.5667366900230767
2024-10-25,EOSE,Industrials,3.1700000762939453,3.3399999141693115,0.5462031867950153
2024-10-29,EOSE,Industrials,3.4749999046325684,3.450000047683716,0.6199169266241304
2024-11-01,EOSE,Industrials,3.380000114440918,3.1500000953674316,0.7153238071293418
2024-11-05,EOSE,Industrials,2.990000009536743,3.180000066757202,0.5322381770599819
2024-11-08,EOSE,Industrials,2.7799999713897705,2.6700000762939453,0.5482464979786178
2024-11-18,EOSE,Industrials,2.2100000381469727,2.1500000953674316,0.5514037038324973
2024-11-25,EOSE,Industrials,2.7300000190734863,2.7899999618530273,0.5017978306370343
2024-11-27,EOSE,Industrials,2.7300000190734863,2.700000047683716,0.5134016654301782
2024-12-02,EOSE,Industrials,2.9700000286102295,2.890000104904175,0.5612884956996553
2024-12-03,EOSE,Industrials,3.299999952316284,2.930000066757202,0.7534580484159906
2024-12-18,EOSE,Industrials,4.329999923706055,4.039999961853027,0.7373293659385785
2024-12-19,EOSE,Industrials,4.239999771118164,4.320000171661377,0.7059076852551937
2024-12-27,EOSE,Industrials,5.300000190734863,5.170000076293945,0.796907268396345
2025-01-06,EOSE,Industrials,5.789999961853027,5.519999980926514,0.665480813353185
2025-01-07,EOSE,Industrials,5.559999942779541,5.389999866485596,0.5639415893601409
2025-01-14,EOSE,Industrials,4.869999885559082,4.599999904632568,0.5421912966094213
2025-01-21,EOSE,Industrials,6.079999923706055,5.739999771118164,0.5089417195066179
2025-01-28,EOSE,Industrials,5.885000228881836,5.679999828338623,0.5424767405170173
2025-01-31,EOSE,Industrials,5.860000133514404,5.739999771118164,0.5472894213416479
2025-02-05,EOSE,Industrials,5.96999979019165,5.389999866485596,0.722125930177753
2025-02-06,EOSE,Industrials,5.510000228881836,5.460000038146973,0.6238945913839603
2025-02-13,EOSE,Industrials,5.005000114440918,5.230000019073486,0.5065967829513157
2025-02-19,EOSE,Industrials,5.019999980926514,4.820000171661377,0.620611364641663
2025-02-21,EOSE,Industrials,4.784999847412109,4.480000019073486,0.8097421660569397
2025-02-26,EOSE,Industrials,4.119999885559082,4.28000020980835,0.6147877254063885
2025-02-27,EOSE,Industrials,4.309999942779541,4.070000171661377,0.8868127921798334
2025-03-03,EOSE,Industrials,4.449999809265137,3.984999895095825,0.7242508595006112
2025-03-12,EOSE,Industrials,4.119999885559082,4.110000133514404,0.7694804438539155
2025-03-24,EOSE,Industrials,4.5,4.349999904632568,0.5410784121385585
2025-04-08,EOSE,Industrials,3.7799999713897705,3.299999952316284,0.9810857389669211
2025-04-14,EOSE,Industrials,4.320000171661377,4.21999979019165,0.6383994732838203
2025-04-17,EOSE,Industrials,4.960000038146973,4.739999771118164,0.7762229989285501
2025-04-22,EOSE,Industrials,4.679999828338623,4.650000095367432,0.5057857104383412
2025-04-23,EOSE,Industrials,4.869999885559082,4.860000133514404,0.640663217538302
2025-04-28,EOSE,Industrials,5.300000190734863,5.480000019073486,0.5027573942636696
2025-05-01,EOSE,Industrials,5.329999923706055,5.139999866485596,0.5153557253515287
2025-05-12,EOSE,Industrials,6.460000038146973,6.329999923706055,0.7132789384079125
2025-06-03,EOSE,Industrials,4.179999828338623,3.859999895095825,0.5386716586801348
2025-06-09,EOSE,Industrials,3.940000057220459,4.179999828338623,0.5129980734207634
2025-06-10,EOSE,Industrials,4.239999771118164,4.070000171661377,0.5602123355512106
2025-06-20,EOSE,Industrials,4.789999961853027,4.489999771118164,0.6684115109883628
2025-06-25,EOSE,Industrials,4.420000076293945,4.210000038146973,0.5578433180594384
2025-06-27,EOSE,Industrials,4.590000152587891,4.409999847412109,0.6052419337647993
2025-07-07,EOSE,Industrials,5.204999923706055,5.150000095367432,0.7850655532307421
2025-07-09,EOSE,Industrials,4.840000152587891,4.659999847412109,0.6271119794972386
2025-07-28,EOSE,Industrials,6.449999809265137,6.179999828338623,0.671412315661956
2025-07-29,EOSE,Industrials,6.289999961853027,5.954999923706055,0.6830951494141355
2025-08-07,EOSE,Industrials,6.565000057220459,6.559999942779541,0.5231590100441066
2025-08-08,EOSE,Industrials,6.599999904632568,6.369999885559082,0.5765266068192905
2025-08-26,EOSE,Industrials,6.34499979019165,6.920000076293945,0.5027799878245468
2025-08-28,EOSE,Industrials,7.269000053405762,7.130000114440918,0.5350206087900239
2025-09-03,EOSE,Industrials,7.670000076293945,7.619999885559082,0.6600771547000179
2025-09-05,EOSE,Industrials,7.539999961853027,7.210000038146973,0.6585441822254234
2025-09-10,EOSE,Industrials,7.050000190734863,6.869999885559082,0.5321904442449937
2025-09-22,EOSE,Industrials,10.460000038146973,10.239999771118164,0.5489706264737014
2025-09-23,EOSE,Industrials,10.300000190734863,10.15999984741211,0.5606034655763927
2025-09-24,EOSE,Industrials,10.270000457763672,10.649999618530273,0.5028756538038316
2025-10-02,EOSE,Industrials,12.954999923706055,12.359999656677246,0.6148376933644656
2025-10-03,EOSE,Industrials,12.470000267028809,12.600000381469727,0.5337195893814023
2025-10-06,EOSE,Industrials,14.4350004196167,13.859999656677246,0.5657031509914164
2025-10-07,EOSE,Industrials,14.199999809265137,13.65999984741211,0.6913194606820424
2025-10-09,EOSE,Industrials,15.050000190734863,14.640000343322754,0.5596026684642329
2025-10-15,EOSE,Industrials,18.280000686645508,18.280000686645508,0.6676074546527573
2025-10-20,EOSE,Industrials,16.198999404907227,15.010000228881836,0.6761777873501787
2025-10-21,EOSE,Industrials,17.024999618530273,16.299999237060547,0.5479358158604264
2025-10-27,EOSE,Industrials,16.239999771118164,15.380000114440918,0.6993364727848905
2025-10-31,EOSE,Industrials,14.649999618530273,16.030000686645508,0.5359729919214644
2025-11-05,EOSE,Industrials,14.399999618530273,14.859999656677246,0.5442840779292835
2025-11-06,EOSE,Industrials,15.800000190734863,15.289999961853027,0.8402292736984456
2025-11-12,EOSE,Industrials,19.05500030517578,17.270000457763672,0.6156686799426017
2025-11-20,EOSE,Industrials,13.34000015258789,12.880000114440918,0.887992178522539
2025-11-21,EOSE,Industrials,12.979999542236328,12.359999656677246,0.7959501476275344
2025-11-26,EOSE,Industrials,13.5,14.210000038146973,0.5021048131775413
2025-12-08,EOSE,Industrials,15.119999885559082,15.430000305175781,0.5604474057711503
2025-12-15,EOSE,Industrials,15.09000015258789,13.630000114440918,0.6801795840526574
2025-12-17,EOSE,Industrials,13.449999809265137,12.270000457763672,0.5667054543389904
2025-12-18,EOSE,Industrials,12.699999809265137,12.3100004196167,0.518419195503515
2025-12-19,EOSE,Industrials,12.449999809265137,13.069999694824219,0.5063331376320971
2025-12-22,EOSE,Industrials,13.4350004196167,12.890000343322754,0.5478531905621539
2026-01-02,EOSE,Industrials,11.6899995803833,12.970000267028809,0.5757802652873123
2026-01-05,EOSE,Industrials,13.284000396728516,13.460000038146973,0.5085238579737311
2026-01-07,EOSE,Industrials,14.329999923706055,13.979999542236328,0.504408716986438
2026-01-13,EOSE,Industrials,16.584999084472656,16.81999969482422,0.5681325591159597
2024-01-17,FI,Unknown,,,0.5447667383847209
2024-01-18,FI,Unknown,,,0.5666957178738912
2024-01-22,FI,Unknown,,,0.5730260344881198
2024-01-23,FI,Unknown,,,0.5047119834705789
2024-01-24,FI,Unknown,,,0.824990511790968
2024-01-25,FI,Unknown,,,0.7476148944643065
2024-01-26,FI,Unknown,,,0.5548720617261668
2024-01-30,FI,Unknown,,,0.5398138178631064
2024-01-31,FI,Unknown,,,0.6380247103813198
2024-02-02,FI,Unknown,,,0.532200896426457
2024-02-06,FI,Unknown,,,0.5743172727084208
2024-02-07,FI,Unknown,,,0.7456146715615134
2024-02-09,FI,Unknown,,,0.5242761909032799
2024-02-13,FI,Unknown,,,0.587518109496218
2024-02-14,FI,Unknown,,,0.5410489062270825
2024-02-15,FI,Unknown,,,0.5731416476523779
2024-02-16,FI,Unknown,,,0.568656563617195
2024-02-20,FI,Unknown,,,0.5482508672845007
2024-02-22,FI,Unknown,,,0.6062556189148823
2024-02-23,FI,Unknown,,,0.652125012287738
2024-02-27,FI,Unknown,,,0.5284563306119411
2024-02-28,FI,Unknown,,,0.6266324872042429
2024-02-29,FI,Unknown,,,0.6140047557211498
2024-03-01,FI,Unknown,,,0.5805188668832747
2024-03-05,FI,Unknown,,,0.6416105422350916
2024-03-06,FI,Unknown,,,0.5257130278029882
2024-03-07,FI,Unknown,,,0.5453486831881138
2024-03-08,FI,Unknown,,,0.5092972570767151
2024-03-12,FI,Unknown,,,0.6334014585035264
2024-03-13,FI,Unknown,,,0.5312843399650602
2024-03-14,FI,Unknown,,,0.530969212901762
2024-03-15,FI,Unknown,,,0.5533517921895894
2024-03-18,FI,Unknown,,,0.5451789379608716
2024-03-21,FI,Unknown,,,0.8181782820559523
2024-03-25,FI,Unknown,,,0.5189922768792158
2024-03-26,FI,Unknown,,,0.5770164368112342
2024-03-27,FI,Unknown,,,0.5835993401520047
2024-04-01,FI,Unknown,,,0.5402365037907345
2024-04-02,FI,Unknown,,,0.5079302547284906
2024-04-04,FI,Unknown,,,0.6137539910024918
2024-04-10,FI,Unknown,,,0.6331782006814928
2024-04-12,FI,Unknown,,,0.5655464264795182
2024-04-15,FI,Unknown,,,0.5090286240607519
2024-04-16,FI,Unknown,,,0.6256928215926987
2024-04-17,FI,Unknown,,,0.7607160815858112
2024-04-18,FI,Unknown,,,0.7931929157648565
2024-04-19,FI,Unknown,,,0.5406947241102987
2024-04-22,FI,Unknown,,,0.5635281449156311
2024-04-23,FI,Unknown,,,0.7483549413796973
2024-04-25,FI,Unknown,,,0.6828914617881388
2024-04-29,FI,Unknown,,,0.5042167701224969
2024-05-06,FI,Unknown,,,0.5330275763537359
2024-05-07,FI,Unknown,,,0.5155983803626605
2024-05-08,FI,Unknown,,,0.6655706317505975
2024-05-10,FI,Unknown,,,0.661370468812084
2024-05-13,FI,Unknown,,,0.6487964312835413
2024-05-15,FI,Unknown,,,0.5980098924608996
2024-05-16,FI,Unknown,,,0.5504040980521546
2024-05-21,FI,Unknown,,,0.5080524364731019
2024-05-22,FI,Unknown,,,0.5080524364731019
2024-05-23,FI,Unknown,,,0.8229345224008926
2024-05-24,FI,Unknown,,,0.5957740564375679
2024-05-28,FI,Unknown,,,0.5743172727084208
2024-05-29,FI,Unknown,,,0.5197269144904575
2024-06-12,FI,Unknown,,,0.6971246549422451
2024-06-13,FI,Unknown,,,0.5323167834857455
2024-06-14,FI,Unknown,,,0.5132729599283606
2024-06-18,FI,Unknown,,,0.5144589176965415
2024-06-20,FI,Unknown,,,0.6839064003683912
2024-06-24,FI,Unknown,,,0.5023434317919441
2024-06-25,FI,Unknown,,,0.5267082088175081
2024-06-26,FI,Unknown,,,0.503602288608856
2024-06-28,FI,Unknown,,,0.5496585197594027
2024-07-08,FI,Unknown,,,0.5074256581571985
2024-07-09,FI,Unknown,,,0.5665758663525858
2024-07-11,FI,Unknown,,,0.5268322750439001
2024-07-15,FI,Unknown,,,0.5731714207214308
2024-07-16,FI,Unknown,,,0.5089998198221113
2024-07-17,FI,Unknown,,,0.6729077011538402
2024-07-18,FI,Unknown,,,0.6322791785072948
2024-07-24,FI,Unknown,,,0.5952357619215636
2024-07-25,FI,Unknown,,,0.7302007308259251
2024-07-26,FI,Unknown,,,0.6372033479432325
2024-07-29,FI,Unknown,,,0.5382547225368449
2024-07-30,FI,Unknown,,,0.5454957264433814
2024-08-01,FI,Unknown,,,0.5288857421835741
2024-08-02,FI,Unknown,,,0.7283159700563727
2024-08-05,FI,Unknown,,,0.8953601334709862
2024-08-06,FI,Unknown,,,0.5465549300162679
2024-08-07,FI,Unknown,,,0.8512610412791697
2024-08-08,FI,Unknown,,,0.5089875966367785
2024-08-09,FI,Unknown,,,0.5665806076662367
2024-08-20,FI,Unknown,,,0.6126625218547578
2024-08-22,FI,Unknown,,,0.6139224306906074
2024-08-26,FI,Unknown,,,0.6013314492504369
2024-08-27,FI,Unknown,,,0.6852136240009641
2024-08-28,FI,Unknown,,,0.5500987581306906
2024-08-29,FI,Unknown,,,0.5767208107799463
2024-08-30,FI,Unknown,,,0.6341710520172481
2024-09-03,FI,Unknown,,,0.6783283013548028
2024-09-10,FI,Unknown,,,0.5864571165924415
2024-09-17,FI,Unknown,,,0.6258279409754048
2024-09-18,FI,Unknown,,,0.5511723371138887
2024-09-19,FI,Unknown,,,0.7661315769561113
2024-09-20,FI,Unknown,,,0.5222863788291989
2024-09-23,FI,Unknown,,,0.5685731168694005
2024-09-24,FI,Unknown,,,0.5656926121473107
2024-09-25,FI,Unknown,,,0.5870804560478651
2024-09-26,FI,Unknown,,,0.7446711332496703
2024-09-27,FI,Unknown,,,0.613768978619961
2024-09-30,FI,Unknown,,,0.5453870432878997
2024-10-01,FI,Unknown,,,0.6137376135516069
2024-10-04,FI,Unknown,,,0.5498849929490426
2024-10-10,FI,Unknown,,,0.5561992519932943
2024-10-14,FI,Unknown,,,0.5706331649820132
2024-10-17,FI,Unknown,,,0.6218644873016728
2024-10-18,FI,Unknown,,,0.5683718686619094
2024-10-21,FI,Unknown,,,0.553849385898303
2024-10-22,FI,Unknown,,,0.5535127666347054
2024-10-24,FI,Unknown,,,0.515158410023318
2024-10-31,FI,Unknown,,,0.5893592476710925
2024-11-01,FI,Unknown,,,0.6042201008602008
2024-11-06,FI,Unknown,,,0.6083212593343985
2024-11-07,FI,Unknown,,,0.5240969491934765
2024-11-08,FI,Unknown,,,0.5550349967097575
2024-11-13,FI,Unknown,,,0.7327032136215584
2024-11-14,FI,Unknown,,,0.5740499901430433
2024-11-15,FI,Unknown,,,0.5712733556826678
2024-11-21,FI,Unknown,,,0.5221336359094404
2024-11-25,FI,Unknown,,,0.5624655498614465
2024-11-26,FI,Unknown,,,0.5768821035457025
2024-11-27,FI,Unknown,,,0.55206136264472
2024-11-29,FI,Unknown,,,0.5423114867474639
2024-12-02,FI,Unknown,,,0.5759219059224561
2024-12-03,FI,Unknown,,,0.5700221076227155
2024-12-04,FI,Unknown,,,0.5489101802323904
2024-12-09,FI,Unknown,,,0.5024498328562923
2024-12-10,FI,Unknown,,,0.5384672746219903
2024-12-11,FI,Unknown,,,0.5463955767463402
2024-12-12,FI,Unknown,,,0.5561789855020598
2024-12-17,FI,Unknown,,,0.5555614400311483
2024-12-18,FI,Unknown,,,0.6294488367681041
2024-12-19,FI,Unknown,,,0.625748389173716
2024-12-20,FI,Unknown,,,0.7125065433190384
2024-12-27,FI,Unknown,,,0.5860377681349835
2024-12-30,FI,Unknown,,,0.5092954764188499
2024-12-31,FI,Unknown,,,0.5858382103203391
2025-01-07,FI,Unknown,,,0.5425417389853225
2025-01-10,FI,Unknown,,,0.5978073941974794
2025-01-13,FI,Unknown,,,0.7418761464206056
2025-01-14,FI,Unknown,,,0.5861456706383733
2025-01-17,FI,Unknown,,,0.5116095046714778
2025-01-21,FI,Unknown,,,0.5487387089838202
2025-01-22,FI,Unknown,,,0.5392564142554284
2025-01-27,FI,Unknown,,,0.7668417176345661
2025-01-28,FI,Unknown,,,0.5511215275334802
2025-01-30,FI,Unknown,,,0.5929038415113431
2025-01-31,FI,Unknown,,,0.6494831535618957
2025-02-03,FI,Unknown,,,0.8025977537266568
2025-02-06,FI,Unknown,,,0.6717692179657172
2025-02-12,FI,Unknown,,,0.6492678710381016
2025-02-21,FI,Unknown,,,0.6448011948885348
2025-02-24,FI,Unknown,,,0.596415739557003
2025-02-26,FI,Unknown,,,0.6242363099156804
2025-02-27,FI,Unknown,,,0.7808566868032616
2025-02-28,FI,Unknown,,,0.6376255510836727
2025-03-03,FI,Unknown,,,0.6125993229164296
2025-03-04,FI,Unknown,,,0.6586034585264178
2025-03-06,FI,Unknown,,,0.7615109511112721
2025-03-07,FI,Unknown,,,0.6566942569886676
2025-03-10,FI,Unknown,,,0.7836260312226448
2025-03-12,FI,Unknown,,,0.8353215641498375
2025-03-13,FI,Unknown,,,0.5904308653388369
2025-03-18,FI,Unknown,,,0.7864237862249965
2025-03-19,FI,Unknown,,,0.7326321011674873
2025-03-20,FI,Unknown,,,0.7297499368344295
2025-03-21,FI,Unknown,,,0.7283812490374302
2025-03-24,FI,Unknown,,,0.5837335354781962
2025-03-27,FI,Unknown,,,0.5106162265675528
2025-03-28,FI,Unknown,,,0.5609916994651436
2025-03-31,FI,Unknown,,,0.7708219475470308
2025-04-01,FI,Unknown,,,0.6015419996546543
2025-04-02,FI,Unknown,,,0.6817024779370388
2025-04-03,FI,Unknown,,,0.8763985276244345
2025-04-04,FI,Unknown,,,0.8694477704409768
2025-04-07,FI,Unknown,,,0.5689417436150103
2025-04-08,FI,Unknown,,,0.9049038418126162
2025-04-10,FI,Unknown,,,0.8136828093044095
2025-04-11,FI,Unknown,,,0.6350637786199256
2025-04-14,FI,Unknown,,,0.5194889247334616
2025-04-16,FI,Unknown,,,0.7409611242559065
2025-04-17,FI,Unknown,,,0.8064285937859684
2025-04-21,FI,Unknown,,,0.7348084885735336
2025-04-22,FI,Unknown,,,0.5831908886216122
2025-04-23,FI,Unknown,,,0.680485417288221
2025-04-28,FI,Unknown,,,0.5690748980999348
2025-04-29,FI,Unknown,,,0.6335407973255172
2025-04-30,FI,Unknown,,,0.6698288222167417
2025-05-01,FI,Unknown,,,0.713087687601593
2025-05-02,FI,Unknown,,,0.572437447558785
2025-05-05,FI,Unknown,,,0.7623629037810917
2025-05-06,FI,Unknown,,,0.5936282016060054
2025-05-08,FI,Unknown,,,0.5779229091274796
2025-05-09,FI,Unknown,,,0.5981042120619666
2025-05-12,FI,Unknown,,,0.8762603493808506
2025-05-13,FI,Unknown,,,0.5394403077885427
2025-05-14,FI,Unknown,,,0.6105177539202096
2025-05-15,FI,Unknown,,,0.7292401475907366
2025-05-16,FI,Unknown,,,0.5072418098781175
2025-05-19,FI,Unknown,,,0.6905470538787059
2025-05-20,FI,Unknown,,,0.6689943612149976
2025-05-21,FI,Unknown,,,0.6455450734453344
2025-05-22,FI,Unknown,,,0.5709109897962183
2025-05-23,FI,Unknown,,,0.5383791294686517
2025-05-27,FI,Unknown,,,0.505619783671105
2025-05-28,FI,Unknown,,,0.5496862966512025
2025-05-29,FI,Unknown,,,0.81697958513601
2025-05-30,FI,Unknown,,,0.5612289764038766
2025-06-03,FI,Unknown,,,0.5590792131648267
2025-06-04,FI,Unknown,,,0.5721647644490404
2025-06-05,FI,Unknown,,,0.5848390003847849
2025-06-06,FI,Unknown,,,0.5873083228564845
2025-06-09,FI,Unknown,,,0.5309725068836116
2025-06-10,FI,Unknown,,,0.5154545927284486
2025-06-11,FI,Unknown,,,0.5795869707379786
2025-06-12,FI,Unknown,,,0.5599271518349874
2025-06-13,FI,Unknown,,,0.5417900900355249
2025-06-16,FI,Unknown,,,0.5559305912082043
2025-06-17,FI,Unknown,,,0.5524226782145151
2025-06-24,FI,Unknown,,,0.5518345895977078
2025-06-25,FI,Unknown,,,0.5743172727084208
2025-06-26,FI,Unknown,,,0.5614652398852981
2025-06-27,FI,Unknown,,,0.5990486006628978
2025-06-30,FI,Unknown,,,0.6633683893416135
2025-07-01,FI,Unknown,,,0.609346833796075
2025-07-02,FI,Unknown,,,0.5020147300202362
2025-07-07,FI,Unknown,,,0.5789564438913241
2025-07-08,FI,Unknown,,,0.6640315005725802
2025-07-09,FI,Unknown,,,0.7062224313071553
2025-07-11,FI,Unknown,,,0.6380247103813198
2025-07-15,FI,Unknown,,,0.6265819321543002
2025-07-16,FI,Unknown,,,0.5734910298284205
2025-07-18,FI,Unknown,,,0.510334310673646
2025-07-21,FI,Unknown,,,0.5778650404725083
2025-07-23,FI,Unknown,,,0.568216383680383
2025-07-29,FI,Unknown,,,0.5102054390812061
2025-07-31,FI,Unknown,,,0.7180814974254758
2025-08-01,FI,Unknown,,,0.5382338791483742
2025-08-08,FI,Unknown,,,0.503884506535625
2025-08-13,FI,Unknown,,,0.6044483596258191
2025-08-14,FI,Unknown,,,0.5123825664078063
2025-08-15,FI,Unknown,,,0.5190317900895276
2025-08-18,FI,Unknown,,,0.5234163402280728
2025-08-19,FI,Unknown,,,0.5264596202483872
2025-08-22,FI,Unknown,,,0.501097651295762
2025-08-28,FI,Unknown,,,0.5304002163099548
2025-08-29,FI,Unknown,,,0.556759981197117
2025-09-02,FI,Unknown,,,0.5559592226658238
2025-09-03,FI,Unknown,,,0.5445705671121814
2025-09-05,FI,Unknown,,,0.7025155959547331
2025-09-10,FI,Unknown,,,0.5963509971524346
2025-09-11,FI,Unknown,,,0.5766321504982712
2025-09-15,FI,Unknown,,,0.5470122344866937
2025-09-18,FI,Unknown,,,0.672289421609448
2025-09-22,FI,Unknown,,,0.5006876073722448
2025-09-23,FI,Unknown,,,0.5403053540321201
2025-09-24,FI,Unknown,,,0.5376821940483943
2025-09-25,FI,Unknown,,,0.5195866786579321
2025-09-29,FI,Unknown,,,0.6377293373903968
2025-10-01,FI,Unknown,,,0.5462770508453899
2025-10-02,FI,Unknown,,,0.5081205917988104
2025-10-06,FI,Unknown,,,0.5387388887742306
2025-10-07,FI,Unknown,,,0.5018846150299585
2025-10-14,FI,Unknown,,,0.5129899146058683
2025-10-16,FI,Unknown,,,0.5752787308620022
2025-10-20,FI,Unknown,,,0.5261416108491322
2025-10-24,FI,Unknown,,,0.5431344688787846
2025-10-27,FI,Unknown,,,0.6363811463686534
2025-10-28,FI,Unknown,,,0.6220814065865194
2025-10-29,FI,Unknown,,,0.5561863952924394
2025-10-30,FI,Unknown,,,0.6380247103813198
2025-10-31,FI,Unknown,,,0.6267007505550649
2025-11-03,FI,Unknown,,,0.6225910598054013
2025-11-04,FI,Unknown,,,0.592903347829132
2025-11-12,FI,Unknown,,,0.5988254400964489
2025-11-13,FI,Unknown,,,0.5330226122228793
2025-11-14,FI,Unknown,,,0.5711336644163184
2025-11-18,FI,Unknown,,,0.6929388058106454
2025-11-19,FI,Unknown,,,0.5988348206464252
2025-11-20,FI,Unknown,,,0.7917891048504659
2025-11-21,FI,Unknown,,,0.7969818990398908
2025-12-01,FI,Unknown,,,0.523713503923318
2025-12-04,FI,Unknown,,,0.5466937546060279
2025-12-05,FI,Unknown,,,0.5754329377326268
2025-12-08,FI,Unknown,,,0.5681583061678411
2025-12-11,FI,Unknown,,,0.6479149591148523
2025-12-12,FI,Unknown,,,0.544221916159647
2025-12-15,FI,Unknown,,,0.7212168619444006
2025-12-26,FI,Unknown,,,0.5089923697781026
2025-12-29,FI,Unknown,,,0.5371674865274956
2026-01-07,FI,Unknown,,,0.5159219776735906
2026-01-12,FI,Unknown,,,0.5386367662524093
2026-01-13,FI,Unknown,,,0.5091731865959652
2026-01-14,FI,Unknown,,,0.5456824183512455
2024-01-18,FUBO,Communication Services,2.609999895095825,2.5199999809265137,0.6781780411988404
2024-01-22,FUBO,Communication Services,2.640000104904175,2.7300000190734863,0.5148807725104665
2024-01-24,FUBO,Communication Services,2.880000114440918,2.700000047683716,0.8665967679299141
2024-01-25,FUBO,Communication Services,2.740000009536743,2.680000066757202,0.7797837133827139
2024-01-26,FUBO,Communication Services,2.7300000190734863,2.6700000762939453,0.5972814358958176
2024-02-29,FUBO,Communication Services,2.130000114440918,2.069999933242798,0.7415190568996376
2024-03-01,FUBO,Communication Services,2.3299999237060547,1.899999976158142,0.8443555465941552
2024-03-04,FUBO,Communication Services,1.9500000476837158,1.850000023841858,0.6616917246138259
2024-03-08,FUBO,Communication Services,1.690000057220459,1.6799999475479126,0.5350564237862582
2024-03-12,FUBO,Communication Services,1.6299999952316284,1.5399999618530273,0.6594025384557881
2024-03-14,FUBO,Communication Services,1.6299999952316284,1.5499999523162842,0.6052540234979578
2024-03-21,FUBO,Communication Services,1.6399999856948853,1.590000033378601,0.8095382773755634
2024-03-25,FUBO,Communication Services,1.5199999809265137,1.5399999618530273,0.5323809522496138
2024-03-26,FUBO,Communication Services,1.559999942779541,1.5,0.6543297225356708
2024-03-27,FUBO,Communication Services,1.5399999618530273,1.559999942779541,0.6318330882582638
2024-04-01,FUBO,Communication Services,1.590000033378601,1.5800000429153442,0.5191863908134063
2024-04-04,FUBO,Communication Services,1.600000023841858,1.559999942779541,0.5529989683792008
2024-04-11,FUBO,Communication Services,1.5299999713897705,1.4900000095367432,0.6052491951323201
2024-04-17,FUBO,Communication Services,1.4299999475479126,1.3899999856948853,0.617128171055759
2024-04-18,FUBO,Communication Services,1.399999976158142,1.399999976158142,0.6955070069563895
2024-04-29,FUBO,Communication Services,1.409999966621399,1.399999976158142,0.6591929770158982
2024-05-03,FUBO,Communication Services,1.6299999952316284,1.3700000047683716,0.5902775737540029
2024-05-06,FUBO,Communication Services,1.4299999475479126,1.409999966621399,0.5442610685594008
2024-05-14,FUBO,Communication Services,1.559999942779541,1.4600000381469727,0.5288533402929428
2024-05-15,FUBO,Communication Services,1.5,1.3799999952316284,0.6025829710187741
2024-05-16,FUBO,Communication Services,1.409999966621399,1.3300000429153442,0.5720191792476207
2024-05-17,FUBO,Communication Services,1.340000033378601,1.3200000524520874,0.5232746004444294
2024-05-20,FUBO,Communication Services,1.340000033378601,1.2999999523162842,0.5622554873139751
2024-05-23,FUBO,Communication Services,1.25,1.2200000286102295,0.8543383368718298
2024-05-24,FUBO,Communication Services,1.2300000190734863,1.25,0.5125218708932436
2024-06-03,FUBO,Communication Services,1.2699999809265137,1.2799999713897705,0.5409374594295342
2024-06-12,FUBO,Communication Services,1.2899999618530273,1.25,0.6641853754051661
2024-06-14,FUBO,Communication Services,1.2100000381469727,1.1799999475479126,0.5762362831396044
2024-07-17,FUBO,Communication Services,1.440000057220459,1.4500000476837158,0.6762414686144489
2024-07-22,FUBO,Communication Services,1.4500000476837158,1.4500000476837158,0.6239146339022061
2024-07-26,FUBO,Communication Services,1.4800000190734863,1.4800000190734863,0.616542553044201
2024-07-29,FUBO,Communication Services,1.4900000095367432,1.440000057220459,0.6417914727943619
2024-07-30,FUBO,Communication Services,1.4500000476837158,1.4500000476837158,0.623356557876098
2024-08-06,FUBO,Communication Services,1.4500000476837158,1.3300000429153442,0.6414490792714277
2024-08-07,FUBO,Communication Services,1.340000033378601,1.2400000095367432,0.7839706046320848
2024-08-09,FUBO,Communication Services,1.2899999618530273,1.2599999904632568,0.6194924275886721
2024-08-14,FUBO,Communication Services,1.2899999618530273,1.2899999618530273,0.6242515375078996
2024-08-19,FUBO,Communication Services,1.7400000095367432,1.7999999523162842,0.5027430761211555
2024-08-22,FUBO,Communication Services,2.049999952316284,1.9800000190734863,0.5188030110194182
2024-08-26,FUBO,Communication Services,2.0899999141693115,1.9600000381469727,0.5879829007279136
2024-09-04,FUBO,Communication Services,1.690000057220459,1.7300000190734863,0.5301832127485976
2024-09-10,FUBO,Communication Services,1.6799999475479126,1.7100000381469727,0.6224990214390249
2024-09-19,FUBO,Communication Services,1.6699999570846558,1.559999942779541,0.7049573861822518
2024-09-23,FUBO,Communication Services,1.4900000095367432,1.3799999952316284,0.5191898868928481
2024-09-24,FUBO,Communication Services,1.3899999856948853,1.4299999475479126,0.5209681894531928
2024-09-26,FUBO,Communication Services,1.4199999570846558,1.4199999570846558,0.7813593684544828
2024-10-04,FUBO,Communication Services,1.4900000095367432,1.5,0.6143290470806191
2024-10-24,FUBO,Communication Services,1.590000033378601,1.600000023841858,0.5537869851527127
2024-10-29,FUBO,Communication Services,1.809999942779541,1.7899999618530273,0.5607503755537058
2024-10-30,FUBO,Communication Services,1.8200000524520874,1.809999942779541,0.5778248952663991
2024-10-31,FUBO,Communication Services,1.840000033378601,1.7400000095367432,0.7482704095791977
2024-11-01,FUBO,Communication Services,1.75,1.5199999809265137,0.7779669585256619
2024-11-08,FUBO,Communication Services,1.4500000476837158,1.4199999570846558,0.5176257052893992
2024-11-13,FUBO,Communication Services,1.5499999523162842,1.5399999618530273,0.732083735814509
2024-11-14,FUBO,Communication Services,1.559999942779541,1.5700000524520874,0.5447997564918863
2024-11-27,FUBO,Communication Services,1.4800000190734863,1.5,0.5384936123499614
2024-12-02,FUBO,Communication Services,1.6299999952316284,1.7000000476837158,0.5700290938883219
2024-12-19,FUBO,Communication Services,1.409999966621399,1.3200000524520874,0.628062917127468
2025-01-07,FUBO,Communication Services,5.429999828338623,5.460000038146973,0.5849849551710447
2025-01-10,FUBO,Communication Services,5.699999809265137,5.110000133514404,0.6505569330540552
2025-01-15,FUBO,Communication Services,4.050000190734863,3.930000066757202,0.6197856981143385
2025-01-16,FUBO,Communication Services,4.0,3.990000009536743,0.6655255765092141
2025-01-17,FUBO,Communication Services,4.070000171661377,3.819999933242798,0.7450612799139058
2025-01-31,FUBO,Communication Services,4.150000095367432,4.039999961853027,0.6258521155822439
2025-02-10,FUBO,Communication Services,4.010000228881836,3.8499999046325684,0.5630328282216954
2025-02-14,FUBO,Communication Services,3.930000066757202,4.059999942779541,0.5508449068832009
2025-02-21,FUBO,Communication Services,4.159999847412109,3.759999990463257,0.8347901159032131
2025-02-24,FUBO,Communication Services,3.819999933242798,4.010000228881836,0.6008746424771192
2025-02-26,FUBO,Communication Services,3.859999895095825,3.5999999046325684,0.623738293346488
2025-02-27,FUBO,Communication Services,3.6500000953674316,3.5199999809265137,0.8824751108504624
2025-03-12,FUBO,Communication Services,3.1500000953674316,3.0999999046325684,0.7333917265448624
2025-04-08,FUBO,Communication Services,2.880000114440918,2.609999895095825,0.9508567610908145
2025-04-14,FUBO,Communication Services,2.940000057220459,2.880000114440918,0.6316208596268229
2025-04-23,FUBO,Communication Services,3.049999952316284,2.9200000762939453,0.6934821904249001
2025-05-01,FUBO,Communication Services,3.0799999237060547,2.930000066757202,0.585183960189554
2025-05-08,FUBO,Communication Services,2.630000114440918,2.700000047683716,0.5727073526191941
2025-05-09,FUBO,Communication Services,2.7300000190734863,2.690000057220459,0.5929232828647885
2025-05-12,FUBO,Communication Services,2.8499999046325684,2.8399999141693115,0.8883402698149335
2025-05-29,FUBO,Communication Services,3.8399999141693115,3.619999885559082,0.8455751068485247
2025-06-09,FUBO,Communication Services,3.4600000381469727,3.3399999141693115,0.504000396326931
2025-06-10,FUBO,Communication Services,3.380000114440918,3.2799999713897705,0.5043350567806513
2025-06-11,FUBO,Communication Services,3.299999952316284,3.369999885559082,0.5257717035918358
2025-06-20,FUBO,Communication Services,3.190000057220459,3.119999885559082,0.6586516504549499
2025-06-25,FUBO,Communication Services,3.4800000190734863,3.380000114440918,0.5417480988646293
2025-06-27,FUBO,Communication Services,3.4700000286102295,3.5299999713897705,0.5391410601151226
2025-07-08,FUBO,Communication Services,3.700000047683716,3.609999895095825,0.64332759884285
2025-07-15,FUBO,Communication Services,3.4600000381469727,3.4000000953674316,0.5660740957736878
2025-07-21,FUBO,Communication Services,3.4000000953674316,3.319999933242798,0.5696224788709211
2025-07-29,FUBO,Communication Services,3.809999942779541,3.5399999618530273,0.7001913440505894
2025-07-30,FUBO,Communication Services,3.984999895095825,4.159999847412109,0.525642833900837
2025-07-31,FUBO,Communication Services,4.400000095367432,3.9800000190734863,0.7304701989493755
2025-08-04,FUBO,Communication Services,3.859999895095825,3.9600000381469727,0.5034446037661475
2025-08-05,FUBO,Communication Services,4.0,3.9200000762939453,0.6125202604673357
2025-08-07,FUBO,Communication Services,3.799999952316284,3.700000047683716,0.5327050220140681
2025-08-13,FUBO,Communication Services,3.6600000858306885,3.759999990463257,0.5170265344460321
2025-08-19,FUBO,Communication Services,3.799999952316284,3.4800000190734863,0.6372625231127211
2025-08-28,FUBO,Communication Services,3.450000047683716,3.4800000190734863,0.5108440590455929
2025-08-29,FUBO,Communication Services,3.549999952316284,3.5299999713897705,0.5858263205575743
2025-09-03,FUBO,Communication Services,3.799999952316284,3.7100000381469727,0.7087815323055576
2025-09-10,FUBO,Communication Services,4.119999885559082,3.930000066757202,0.5308344529697845
2025-09-11,FUBO,Communication Services,3.950000047683716,4.159999847412109,0.5059051819741034
2025-10-02,FUBO,Communication Services,3.940000057220459,3.950000047683716,0.5140230374487799
2025-10-07,FUBO,Communication Services,3.940000057220459,3.869999885559082,0.5085608694233964
2025-10-08,FUBO,Communication Services,3.9000000953674316,3.880000114440918,0.5565694704278308
2025-10-15,FUBO,Communication Services,3.9100000858306885,3.869999885559082,0.5404456343664915
2025-10-20,FUBO,Communication Services,3.700000047683716,3.6500000953674316,0.6873996744714646
2025-10-27,FUBO,Communication Services,3.6700000762939453,3.5799999237060547,0.5969724285280943
2025-10-29,FUBO,Communication Services,4.300000190734863,3.690000057220459,0.7012143971214329
2025-11-03,FUBO,Communication Services,3.930000066757202,3.4600000381469727,0.6198401485801677
2025-11-10,FUBO,Communication Services,3.930000066757202,3.940000057220459,0.6225137553274299
2025-11-12,FUBO,Communication Services,3.890000104904175,3.930000066757202,0.5564520913870035
2025-11-20,FUBO,Communication Services,3.509999990463257,3.240000009536743,0.8939015219733055
2025-12-12,FUBO,Communication Services,2.759999990463257,2.6600000858306885,0.6561206246826742
2025-12-22,FUBO,Communication Services,2.75,2.6500000953674316,0.5319137357013504
2026-01-02,FUBO,Communication Services,2.5399999618530273,2.5899999141693115,0.5497288183286088
2024-01-25,GLD,Unknown,187.33999633789062,187.13999938964844,0.7055096121280734
2024-02-29,GLD,Unknown,189.63999938964844,189.30999755859375,0.5130836514982808
2024-03-01,GLD,Unknown,190.27000427246094,192.88999938964844,0.5188510176990453
2024-03-21,GLD,Unknown,203.8800048828125,201.97000122070312,0.708493479536866
2024-04-09,GLD,Unknown,217.80999755859375,217.6699981689453,0.5261295418350275
2024-04-11,GLD,Unknown,216.85000610351562,219.8000030517578,0.6528745637116363
2024-04-12,GLD,Unknown,221.8699951171875,216.88999938964844,0.6733781658324265
2024-04-18,GLD,Unknown,221.30999755859375,220.33999633789062,0.6506290465711734
2024-05-31,GLD,Unknown,217.77000427246094,215.3000030517578,0.592007039532007
2024-06-12,GLD,Unknown,216.47000122070312,214.72000122070312,0.722496221988767
2024-07-10,GLD,Unknown,220.13999938964844,219.36000061035156,0.6480774135338948
2024-07-11,GLD,Unknown,222.64999389648438,223.25,0.5990428566717166
2024-07-26,GLD,Unknown,219.9600067138672,220.6300048828125,0.5415758105694639
2024-08-02,GLD,Unknown,227.9499969482422,225.33999633789062,0.5202025512681396
2024-08-07,GLD,Unknown,221.94000244140625,220.5500030517578,0.8242030047840299
2024-08-26,GLD,Unknown,233.4499969482422,232.75999450683594,0.5134768529802348
2024-09-19,GLD,Unknown,238.24000549316406,239.1699981689453,0.6532817679655686
2024-10-24,GLD,Unknown,253.27000427246094,252.8000030517578,0.5553250248918221
2024-11-13,GLD,Unknown,241.30999755859375,237.6300048828125,0.7520154061906926
2024-11-21,GLD,Unknown,246.22999572753906,246.66000366210938,0.5190220782839257
2025-01-07,GLD,Unknown,245.52000427246094,244.55999755859375,0.549510104640816
2025-01-10,GLD,Unknown,248.00999450683594,248.2100067138672,0.5244030090467209
2025-03-03,GLD,Unknown,265.07000732421875,266.739990234375,0.6291001702526617
2025-03-18,GLD,Unknown,279.8999938964844,279.9599914550781,0.5231552502115918
2025-03-27,GLD,Unknown,280.54998779296875,281.9700012207031,0.536404544129642
2025-03-28,GLD,Unknown,283.82000732421875,284.05999755859375,0.548380503112363
2025-04-08,GLD,Unknown,277.8699951171875,275.20001220703125,0.9253397507787745
2025-04-10,GLD,Unknown,288.80999755859375,292.3500061035156,0.815003062664131
2025-04-16,GLD,Unknown,304.6499938964844,307.4700012207031,0.6485619629193541
2025-04-21,GLD,Unknown,315.0199890136719,315.5899963378906,0.5515139937439172
2025-04-22,GLD,Unknown,317.489990234375,311.1099853515625,0.5986405774350546
2025-05-05,GLD,Unknown,305.9200134277344,306.8800048828125,0.6166336987311626
2025-05-19,GLD,Unknown,297.8500061035156,298.0299987792969,0.5088334422372152
2025-05-29,GLD,Unknown,305.739990234375,305.6099853515625,0.7442392483250867
2025-07-11,GLD,Unknown,308.8599853515625,309.1400146484375,0.5853704499751998
2025-07-31,GLD,Unknown,304.5899963378906,302.9599914550781,0.7084809887841362
2025-08-01,GLD,Unknown,308.6099853515625,309.1099853515625,0.5287724915600587
2025-09-03,GLD,Unknown,327.760009765625,328.1400146484375,0.7279641587136595
2025-09-05,GLD,Unknown,329.5299987792969,331.04998779296875,0.6466479616745446
2025-09-08,GLD,Unknown,333.6600036621094,334.82000732421875,0.5771293555741519
2025-10-07,GLD,Unknown,366.510009765625,366.260009765625,0.5365952347676518
2025-10-10,GLD,Unknown,367.5400085449219,369.1199951171875,0.7275175543194965
2025-10-15,GLD,Unknown,385.92999267578125,387.3900146484375,0.5948637052399258
2025-10-16,GLD,Unknown,391.1499938964844,396.45001220703125,0.6282003235611956
2025-10-20,GLD,Unknown,397.45001220703125,403.1499938964844,0.5217252074995584
2025-11-07,GLD,Unknown,367.94000244140625,368.30999755859375,0.531408054851731
2025-12-15,GLD,Unknown,397.760009765625,395.79998779296875,0.6178068077242473
2025-12-30,GLD,Unknown,403.6000061035156,398.8900146484375,0.5116813462360872
2024-01-24,GLW,Technology,29.095994309778057,28.952993392944336,0.5734257247607032
2024-01-25,GLW,Technology,29.17226349163871,29.38199806213379,0.6510761435585816
2024-03-06,GLW,Technology,31.465016997144016,31.551565170288086,0.540057102517349
2024-03-21,GLW,Technology,31.59964655817558,31.859291076660156,0.5100690201148373
2024-03-27,GLW,Technology,31.25345569746748,31.753511428833008,0.5047322256467245
2024-04-04,GLW,Technology,31.70543381795848,31.12844467163086,0.5198323770091151
2024-04-15,GLW,Technology,30.60915581607852,30.089868545532227,0.5240581284076731
2024-06-17,GLW,Technology,37.20904759750626,37.54819107055664,0.5037639674062014
2024-07-08,GLW,Technology,39.63151171146917,41.71482849121094,0.5222331544086435
2024-07-09,GLW,Technology,42.199321231774356,43.284584045410156,0.5094221648273008
2024-07-12,GLW,Technology,44.07915462562599,44.20512008666992,0.5011584923911083
2024-07-26,GLW,Technology,41.90862613472781,41.52103042602539,0.5327383505100873
2024-08-01,GLW,Technology,38.98228937033469,38.79818344116211,0.5315790853998773
2024-08-30,GLW,Technology,40.86407924397991,40.82505798339844,0.507265929729587
2024-09-06,GLW,Technology,40.65921796936218,39.64468765258789,0.5160843657754565
2024-10-17,GLW,Technology,45.35142362889249,45.38068771362305,0.5003267120397715
2024-12-11,GLW,Technology,47.77208472835147,46.741668701171875,0.5161101216639574
2024-12-19,GLW,Technology,45.97621056666907,46.18229675292969,0.5297270475615855
2025-01-03,GLW,Technology,46.172482049013,46.61408996582031,0.5665330483274377
2025-01-14,GLW,Technology,46.02528099657924,46.54539489746094,0.5507784602678263
2025-01-22,GLW,Technology,51.0792303711688,53.0026741027832,0.5195767831905802
2025-01-28,GLW,Technology,48.93988531507844,50.27452087402344,0.5121476897284803
2025-01-31,GLW,Technology,49.48944526105141,51.108673095703125,0.5180758437238893
2025-02-26,GLW,Technology,49.401117531893895,49.0772705078125,0.5582898552417244
2025-03-03,GLW,Technology,49.813347833593006,47.622230529785156,0.6170185783864698
2025-03-12,GLW,Technology,45.30280551007999,44.80931091308594,0.5533219757648923
2025-03-19,GLW,Technology,47.335996926481954,48.125587463378906,0.5453369961822155
2025-04-08,GLW,Technology,40.21981129127015,38.67023849487305,0.9153605567469991
2025-04-14,GLW,Technology,42.0556079157744,41.06861877441406,0.5559166677214389
2025-04-17,GLW,Technology,41.098227377015625,40.97978973388672,0.534269476934597
2025-04-23,GLW,Technology,42.82546047258671,42.410926818847656,0.5483673847147389
2025-05-01,GLW,Technology,44.08880683415722,44.1973762512207,0.5378686044408274
2025-05-29,GLW,Technology,49.43829195723441,49.30998229980469,0.5288118732402795
2025-06-06,GLW,Technology,50.92784317942735,50.33230972290039,0.5266579786817136
2025-07-29,GLW,Technology,58.43153430257024,61.51837158203125,0.7125285121070666
2025-07-31,GLW,Technology,62.61017759086873,62.768985748291016,0.7289827134342066
2025-08-04,GLW,Technology,62.51092056759528,63.01712417602539,0.5821253688086454
2025-08-06,GLW,Technology,63.42406918979589,63.50347137451172,0.538301293842203
2025-08-07,GLW,Technology,65.99478259139185,64.27767181396484,0.5734502796052299
2025-09-18,GLW,Technology,77.1866910056295,79.34931945800781,0.5279203996041764
2025-10-02,GLW,Technology,83.51510324283299,82.23944854736328,0.5038447987879999
2025-10-06,GLW,Technology,83.82405161490252,85.04986572265625,0.5825920120048671
2025-10-27,GLW,Technology,88.32868005726347,89.06616973876953,0.5029896711538347
2025-11-03,GLW,Technology,89.35518247743536,87.20252227783203,0.5524723135320506
2025-11-20,GLW,Technology,84.25,78.02999877929688,0.5453993638792035
2025-11-21,GLW,Technology,78.55999755859375,79.45999908447266,0.541028744768797
2025-11-24,GLW,Technology,80.05000305175781,82.5999984741211,0.5167323625399319
2025-12-15,GLW,Technology,89.22000122070312,88.11000061035156,0.5344197026980642
2025-12-22,GLW,Technology,89.80000305175781,88.4000015258789,0.521001087122554
2026-01-02,GLW,Technology,88.91000366210938,90.66999816894531,0.5063652723858558
2024-01-24,GOOG,Communication Services,149.17119260178288,149.2307586669922,0.7697823845578453
2024-01-25,GOOG,Communication Services,150.61041176967234,152.4962615966797,0.6542264743401368
2024-02-01,GOOG,Communication Services,142.62032911698014,141.6476287841797,0.5567626673336373
2024-02-06,GOOG,Communication Services,144.87342326208224,144.3275146484375,0.5131964335740504
2024-02-22,GOOG,Communication Services,145.03223741840605,144.2382049560547,0.5663182152380873
2024-02-29,GOOG,Communication Services,137.32007836867083,138.7394256591797,0.5034370498344952
2024-04-15,GOOG,Communication Services,159.086836748206,155.16624450683594,0.5144579171690686
2024-04-17,GOOG,Communication Services,156.01983278787083,155.71214294433594,0.6371651625040233
2024-04-26,GOOG,Communication Services,174.67985340729925,172.39697265625,0.5344498780928489
2024-06-12,GOOG,Communication Services,178.61490428755323,178.4261016845703,0.5194753480866542
2024-07-09,GOOG,Communication Services,190.53912131842858,189.23739624023438,0.7420060295340782
2024-07-18,GOOG,Communication Services,182.3809532461557,178.08824157714844,0.5377412236062611
2024-07-22,GOOG,Communication Services,181.19849926480467,182.1921844482422,0.5676705865964884
2024-07-29,GOOG,Communication Services,169.42332041868983,170.04934692382812,0.663838543225997
2024-08-07,GOOG,Communication Services,162.2091598776104,159.73487854003906,0.7908632761210094
2024-08-22,GOOG,Communication Services,167.97253171361726,164.44496154785156,0.5450454997162039
2024-08-30,GOOG,Communication Services,163.18297313639766,164.06735229492188,0.5157704847104291
2024-09-10,GOOG,Communication Services,150.69171904726548,149.25892639160156,0.659439983021513
2024-09-17,GOOG,Communication Services,159.28845740813813,159.47750854492188,0.5267395064702295
2024-09-19,GOOG,Communication Services,163.9947900867692,162.42269897460938,0.6091293564135982
2024-09-26,GOOG,Communication Services,164.2037238913834,163.00973510742188,0.6663389198839378
2024-10-30,GOOG,Communication Services,181.49671405969505,175.2581024169922,0.6919164409600416
2024-11-06,GOOG,Communication Services,174.4720583941824,177.4371337890625,0.5422329785259229
2024-12-19,GOOG,Communication Services,192.53045879108183,188.96434020996094,0.6247034629328017
2025-02-24,GOOG,Communication Services,183.08722953293318,180.4873504638672,0.6223903802966019
2025-02-27,GOOG,Communication Services,175.2577171475479,169.54994201660156,0.8352006288899035
2025-03-03,GOOG,Communication Services,173.05626616990452,168.0059356689453,0.7002941260760008
2025-03-12,GOOG,Communication Services,168.00787776905614,168.5364227294922,0.7651289513740959
2025-03-19,GOOG,Communication Services,163.4653498695458,165.82386779785156,0.5015383992727274
2025-03-25,GOOG,Communication Services,170.71042533673634,172.31600952148438,0.5457033529162482
2025-04-08,GOOG,Communication Services,153.15372459087558,146.17791748046875,0.9276119047353961
2025-04-14,GOOG,Communication Services,161.86474587796025,161.0270538330078,0.6557818869025032
2025-04-17,GOOG,Communication Services,156.1804006573908,152.93931579589844,0.7256818655862118
2025-04-23,GOOG,Communication Services,157.47685003131366,157.28736877441406,0.725664949522069
2025-05-01,GOOG,Communication Services,162.07419641613544,162.34344482421875,0.5861220513694448
2025-05-07,GOOG,Communication Services,165.61446287344089,152.380859375,0.5214237818234797
2025-05-08,GOOG,Communication Services,155.49230101963664,155.32276916503906,0.570524295058175
2025-05-12,GOOG,Communication Services,158.66357863988551,159.1422576904297,0.8741303019446938
2025-05-29,GOOG,Communication Services,174.51996262584905,172.48556518554688,0.7812053167941594
2025-06-11,GOOG,Communication Services,180.950104343879,178.5138702392578,0.5133003118217083
2025-06-20,GOOG,Communication Services,174.5949374560243,167.470947265625,0.5657264593177853
2025-07-08,GOOG,Communication Services,178.50388486434102,174.8894805908203,0.6406521504893112
2025-07-09,GOOG,Communication Services,175.83801093756307,177.3856201171875,0.5759849098293222
2025-07-21,GOOG,Communication Services,186.8110341716985,190.85476684570312,0.5342602835173518
2025-09-03,GOOG,Communication Services,226.13021268624902,230.7430877685547,0.5330537023397426
2025-09-18,GOOG,Communication Services,251.6957867895291,252.1654815673828,0.5575641594899391
2025-10-20,GOOG,Communication Services,255.06359074677613,256.8524169921875,0.522027069515952
2025-11-20,GOOG,Communication Services,304.5413108694683,289.79095458984375,0.8464128875794578
2025-11-21,GOOG,Communication Services,296.6764341573702,299.4546203613281,0.5555279610483206
2025-12-15,GOOG,Communication Services,312.625,309.32000732421875,0.6085159218103592
2025-12-22,GOOG,Communication Services,311.2250061035156,311.3299865722656,0.5072068251161614
2024-01-18,GRAB,Technology,3.009999990463257,3.0,0.5366142737535763
2024-01-19,GRAB,Technology,3.0399999618530273,3.0,0.5119591367894181
2024-01-24,GRAB,Technology,3.190000057220459,3.1700000762939453,0.5825732582078509
2024-01-25,GRAB,Technology,3.2200000286102295,3.1600000858306885,0.6715435774922777
2024-02-23,GRAB,Technology,3.200000047683716,3.1600000858306885,0.5054391155896002
2024-02-29,GRAB,Technology,3.119999885559082,3.069999933242798,0.508332251229188
2024-03-06,GRAB,Technology,3.1500000953674316,3.0999999046325684,0.5369046875605388
2024-03-07,GRAB,Technology,3.130000114440918,3.200000047683716,0.5272452255180103
2024-03-18,GRAB,Technology,3.2100000381469727,3.1700000762939453,0.5586310150255058
2024-03-21,GRAB,Technology,3.2200000286102295,3.25,0.5043848413373854
2024-03-26,GRAB,Technology,3.190000057220459,3.1600000858306885,0.5590525002717877
2024-04-04,GRAB,Technology,3.25,3.1600000858306885,0.5198323770091151
2024-04-18,GRAB,Technology,3.259999990463257,3.390000104904175,0.5057013764090544
2024-04-19,GRAB,Technology,3.4200000762939453,3.369999885559082,0.5373343511843279
2024-04-24,GRAB,Technology,3.569999933242798,3.4800000190734863,0.6687296107880213
2024-06-25,GRAB,Technology,3.569999933242798,3.5199999809265137,0.5050929774192461
2024-06-28,GRAB,Technology,3.569999933242798,3.549999952316284,0.5348844258647475
2024-07-03,GRAB,Technology,3.5299999713897705,3.5399999618530273,0.5190541106788936
2024-07-05,GRAB,Technology,3.559999942779541,3.549999952316284,0.5098738431229055
2024-08-13,GRAB,Technology,3.2799999713897705,3.369999885559082,0.5048499204118815
2024-08-23,GRAB,Technology,3.2300000190734863,3.2300000190734863,0.500014571287624
2024-08-30,GRAB,Technology,3.2200000286102295,3.2200000286102295,0.5093543956978139
2024-09-05,GRAB,Technology,3.3499999046325684,3.3399999141693115,0.5167640939934885
2024-09-09,GRAB,Technology,3.319999933242798,3.3499999046325684,0.5327933767104406
2024-09-26,GRAB,Technology,3.8299999237060547,3.799999952316284,0.5915070917375667
2024-09-30,GRAB,Technology,3.880000114440918,3.799999952316284,0.5013370064169329
2024-10-17,GRAB,Technology,3.630000114440918,3.619999885559082,0.5115930598149481
2024-11-18,GRAB,Technology,4.760000228881836,4.989999771118164,0.5526569935571525
2024-11-25,GRAB,Technology,5.210000038146973,5.139999866485596,0.5159681215124272
2024-12-11,GRAB,Technology,5.510000228881836,5.400000095367432,0.5169347058177415
2025-01-06,GRAB,Technology,4.989999771118164,4.869999885559082,0.5043685501621943
2025-01-16,GRAB,Technology,4.539999961853027,4.449999809265137,0.5272990389881532
2025-01-17,GRAB,Technology,4.5,4.5,0.5034766805482429
2025-01-21,GRAB,Technology,4.677999973297119,4.610000133514404,0.5019127712028845
2025-01-22,GRAB,Technology,4.65500020980835,4.659999847412109,0.5204485283146552
2025-01-28,GRAB,Technology,4.489999771118164,4.559999942779541,0.5180932748757714
2025-01-31,GRAB,Technology,4.690000057220459,4.579999923706055,0.5159681215124272
2025-02-21,GRAB,Technology,5.010000228881836,4.900000095367432,0.5017357302867813
2025-02-26,GRAB,Technology,4.699999809265137,4.869999885559082,0.5530339732364089
2025-03-03,GRAB,Technology,4.880000114440918,4.730000019073486,0.593072405159414
2025-03-12,GRAB,Technology,4.460000038146973,4.21999979019165,0.5447372442199755
2025-03-17,GRAB,Technology,4.489999771118164,4.449999809265137,0.6143921494086966
2025-03-18,GRAB,Technology,4.635000228881836,4.599999904632568,0.5295164521537902
2025-04-08,GRAB,Technology,3.7899999618530273,3.7300000190734863,0.9168912567917228
2025-04-11,GRAB,Technology,4.03000020980835,4.050000190734863,0.5405541876195441
2025-04-14,GRAB,Technology,4.105000019073486,3.9800000190734863,0.5002695172323397
2025-04-15,GRAB,Technology,4.010000228881836,4.059999942779541,0.5485877469918662
2025-04-17,GRAB,Technology,4.079999923706055,4.110000133514404,0.533562024812361
2025-04-22,GRAB,Technology,4.130000114440918,4.239999771118164,0.5510295655668593
2025-04-23,GRAB,Technology,4.489999771118164,4.380000114440918,0.5907963331997401
2025-05-01,GRAB,Technology,4.929999828338623,4.769999980926514,0.5720611741516203
2025-05-29,GRAB,Technology,5.03000020980835,4.889999866485596,0.5289564124542768
2025-06-06,GRAB,Technology,5.28000020980835,5.170000076293945,0.5271182678531956
2025-06-16,GRAB,Technology,4.659999847412109,4.710000038146973,0.508332251229188
2025-06-24,GRAB,Technology,4.630000114440918,4.739999771118164,0.5065872529397185
2025-07-17,GRAB,Technology,5.170000076293945,5.25,0.5097029026727442
2025-07-22,GRAB,Technology,5.425000190734863,5.46999979019165,0.5560027026426683
2025-07-29,GRAB,Technology,5.400000095367432,5.309999942779541,0.7570206051839988
2025-08-04,GRAB,Technology,4.869999885559082,4.960000038146973,0.5235239013462046
2025-08-07,GRAB,Technology,4.835000038146973,4.949999809265137,0.5090810657475018
2025-09-05,GRAB,Technology,5.090000152587891,5.159999847412109,0.5186105624029468
2025-10-03,GRAB,Technology,6.119999885559082,6.159999847412109,0.5134657084700301
2025-10-06,GRAB,Technology,6.275000095367432,6.389999866485596,0.5222091291241748
2025-10-07,GRAB,Technology,6.550000190734863,6.269999980926514,0.5535965320330384
2025-10-20,GRAB,Technology,5.789999961853027,5.670000076293945,0.502508629440347
2025-10-24,GRAB,Technology,5.84499979019165,5.849999904632568,0.5265365590322095
2025-10-27,GRAB,Technology,6.0,6.119999885559082,0.5094994771252394
2025-11-10,GRAB,Technology,5.775000095367432,5.900000095367432,0.5123899651011846
2025-11-20,GRAB,Technology,5.409999847412109,4.980000019073486,0.5462913188226877
2025-11-24,GRAB,Technology,5.170000076293945,5.25,0.5084608592173798
2025-11-26,GRAB,Technology,5.289999961853027,5.320000171661377,0.5161997805906946
2025-12-19,GRAB,Technology,4.96999979019165,4.929999828338623,0.5109093286219811
2025-12-22,GRAB,Technology,5.019999980926514,5.179999828338623,0.5154098354536877
2026-01-02,GRAB,Technology,5.045000076293945,5.079999923706055,0.5142130480448156
2026-01-09,GRAB,Technology,4.940000057220459,4.849999904632568,0.5119025985281715
2024-01-18,HIMS,Healthcare,8.470000267028809,8.420000076293945,0.6829597818245775
2024-01-22,HIMS,Healthcare,8.449999809265137,8.6899995803833,0.5184694256367851
2024-01-23,HIMS,Healthcare,8.819999694824219,8.75,0.506786427868408
2024-01-24,HIMS,Healthcare,8.899999618530273,8.9399995803833,0.8509309598440726
2024-02-06,HIMS,Healthcare,8.609999656677246,9.420000076293945,0.5139828531757352
2024-02-22,HIMS,Healthcare,9.479999542236328,9.449999809265137,0.5472381769551891
2024-03-11,HIMS,Healthcare,14.34000015258789,14.470000267028809,0.5341014070819607
2024-03-22,HIMS,Healthcare,16.860000610351562,16.329999923706055,0.5240580970806682
2024-03-25,HIMS,Healthcare,16.459999084472656,16.309999465942383,0.5472522508377915
2024-04-17,HIMS,Healthcare,12.800000190734863,12.40999984741211,0.5463349919200967
2024-04-23,HIMS,Healthcare,12.0,12.329999923706055,0.5803071328171154
2024-04-24,HIMS,Healthcare,12.460000038146973,12.34000015258789,0.5633728498311581
2024-05-07,HIMS,Healthcare,13.635000228881836,12.350000381469727,0.7177411468586798
2024-05-15,HIMS,Healthcare,14.0,13.84000015258789,0.5513328389466138
2024-05-23,HIMS,Healthcare,16.729999542236328,15.829999923706055,0.7575056214374815
2024-06-03,HIMS,Healthcare,19.979999542236328,20.489999771118164,0.5025385397246641
2024-06-12,HIMS,Healthcare,22.75,23.68000030517578,0.5313835508593261
2024-06-17,HIMS,Healthcare,24.170000076293945,24.149999618530273,0.6814732480507424
2024-06-28,HIMS,Healthcare,20.200000762939453,20.190000534057617,0.5121079593531513
2024-07-01,HIMS,Healthcare,20.399999618530273,21.420000076293945,0.5034361558208621
2024-07-10,HIMS,Healthcare,21.209999084472656,20.209999084472656,0.5635221602291434
2024-07-11,HIMS,Healthcare,20.93000030517578,21.049999237060547,0.7140074608155981
2024-07-18,HIMS,Healthcare,22.40999984741211,20.3700008392334,0.5735913992063334
2024-07-19,HIMS,Healthcare,20.729999542236328,19.420000076293945,0.5622536154998576
2024-07-22,HIMS,Healthcare,20.010000228881836,20.34000015258789,0.5895782872896633
2024-07-26,HIMS,Healthcare,23.719999313354492,21.770000457763672,0.6446171493461086
2024-08-09,HIMS,Healthcare,16.049999237060547,15.960000038146973,0.715254620154897
2024-08-14,HIMS,Healthcare,16.100000381469727,15.430000305175781,0.6291530619121786
2024-08-20,HIMS,Healthcare,16.709999084472656,16.530000686645508,0.5998001544999911
2024-08-22,HIMS,Healthcare,17.290000915527344,16.459999084472656,0.6061454753916631
2024-08-29,HIMS,Healthcare,14.739999771118164,14.729999542236328,0.5917989763049617
2024-08-30,HIMS,Healthcare,14.8100004196167,14.729999542236328,0.6544698813068666
2024-09-09,HIMS,Healthcare,13.960000038146973,13.970000267028809,0.5085456152959629
2024-09-19,HIMS,Healthcare,17.1200008392334,16.920000076293945,0.7188243918906752
2024-09-26,HIMS,Healthcare,17.549999237060547,17.709999084472656,0.7245739582308701
2024-10-07,HIMS,Healthcare,18.75,19.440000534057617,0.6145498542677023
2024-10-14,HIMS,Healthcare,20.0,20.5,0.5128896683034296
2024-10-24,HIMS,Healthcare,21.6200008392334,21.520000457763672,0.5574414931515407
2024-11-05,HIMS,Healthcare,22.079999923706055,20.639999389648438,0.6086655258361784
2024-11-13,HIMS,Healthcare,29.1200008392334,27.600000381469727,0.6754686624049943
2024-11-15,HIMS,Healthcare,21.334999084472656,19.31999969482422,0.7233757121698978
2024-11-27,HIMS,Healthcare,31.489999771118164,30.34000015258789,0.5540432198977381
2024-12-02,HIMS,Healthcare,33.560001373291016,30.850000381469727,0.6686943248146014
2024-12-17,HIMS,Healthcare,32.20000076293945,31.1200008392334,0.6521787557660188
2024-12-18,HIMS,Healthcare,31.34000015258789,28.549999237060547,0.7272153692111052
2024-12-31,HIMS,Healthcare,25.600000381469727,24.18000030517578,0.6454715364408906
2025-01-06,HIMS,Healthcare,27.350000381469727,26.899999618530273,0.5445181158538498
2025-01-07,HIMS,Healthcare,27.68000030517578,27.670000076293945,0.5679541537448358
2025-01-28,HIMS,Healthcare,31.0,31.540000915527344,0.500036328810378
2025-02-14,HIMS,Healthcare,60.02000045776367,60.470001220703125,0.6402289190397663
2025-02-27,HIMS,Healthcare,43.209999084472656,41.34000015258789,0.8038229766992571
2025-03-12,HIMS,Healthcare,36.150001525878906,33.93000030517578,0.8009807859281446
2025-03-26,HIMS,Healthcare,37.779998779296875,33.36000061035156,0.749589537416845
2025-04-08,HIMS,Healthcare,29.799999237060547,26.100000381469727,0.9794413231400573
2025-04-14,HIMS,Healthcare,28.719999313354492,28.309999465942383,0.7158709186594624
2025-04-23,HIMS,Healthcare,27.0,26.709999084472656,0.8325401215272054
2025-04-28,HIMS,Healthcare,29.93000030517578,28.479999542236328,0.7714609985580362
2025-04-29,HIMS,Healthcare,37.939998626708984,35.040000915527344,0.8015084078827679
2025-05-05,HIMS,Healthcare,42.279998779296875,41.880001068115234,0.7138669515959647
2025-05-12,HIMS,Healthcare,56.09000015258789,55.209999084472656,0.8467401043490439
2025-05-28,HIMS,Healthcare,53.849998474121094,53.34000015258789,0.5070426880723344
2025-05-29,HIMS,Healthcare,54.0,52.400001525878906,0.8484505223669405
2025-06-02,HIMS,Healthcare,56.93000030517578,56.77000045776367,0.6718571132202845
2025-06-03,HIMS,Healthcare,61.91999816894531,54.72999954223633,0.5908734773135671
2025-06-20,HIMS,Healthcare,62.869998931884766,64.22000122070312,0.6172101142705813
2025-06-25,HIMS,Healthcare,43.70000076293945,41.40999984741211,0.5112559046058921
2025-07-02,HIMS,Healthcare,48.20000076293945,47.459999084472656,0.6527746877863795
2025-07-08,HIMS,Healthcare,48.900001525878906,48.959999084472656,0.7307165377670648
2025-07-09,HIMS,Healthcare,50.5,51.2400016784668,0.6148373738247618
2025-07-15,HIMS,Healthcare,53.0,50.459999084472656,0.5822224127906265
2025-07-18,HIMS,Healthcare,50.66999816894531,50.380001068115234,0.5109257747155885
2025-07-25,HIMS,Healthcare,58.15999984741211,57.650001525878906,0.5066691817098703
2025-07-28,HIMS,Healthcare,58.7400016784668,58.68000030517578,0.5912395852920971
2025-07-31,HIMS,Healthcare,66.29000091552734,66.18000030517578,0.5946378558886255
2025-08-07,HIMS,Healthcare,51.7599983215332,51.04999923706055,0.5477486782316172
2025-08-08,HIMS,Healthcare,52.05500030517578,51.939998626708984,0.6171057406411172
2025-08-13,HIMS,Healthcare,48.59000015258789,48.33000183105469,0.5853010804289891
2025-08-26,HIMS,Healthcare,43.5,45.349998474121094,0.5120491361340324
2025-08-28,HIMS,Healthcare,44.45000076293945,44.119998931884766,0.5107891576699949
2025-09-03,HIMS,Healthcare,43.0,44.459999084472656,0.5494546117139005
2025-09-05,HIMS,Healthcare,48.83000183105469,48.40999984741211,0.6084574791971381
2025-09-08,HIMS,Healthcare,49.119998931884766,49.63999938964844,0.5030384792378311
2025-09-10,HIMS,Healthcare,50.0,47.779998779296875,0.5241425990423402
2025-10-08,HIMS,Healthcare,58.369998931884766,58.16999816894531,0.5424616949849222
2025-10-09,HIMS,Healthcare,59.10499954223633,58.25,0.5098636102601173
2025-10-15,HIMS,Healthcare,55.29999923706055,62.7599983215332,0.5064176455722793
2025-10-20,HIMS,Healthcare,51.369998931884766,51.36000061035156,0.7476400825139408
2025-10-27,HIMS,Healthcare,50.13999938964844,48.22999954223633,0.7065885179685366
2025-10-28,HIMS,Healthcare,49.13999938964844,47.119998931884766,0.61476070118415
2025-10-31,HIMS,Healthcare,45.3650016784668,45.459999084472656,0.5929370227451699
2025-11-03,HIMS,Healthcare,46.900001525878906,44.38999938964844,0.6413788020516012
2025-11-04,HIMS,Healthcare,45.75,42.790000915527344,0.6635516678425023
2025-11-05,HIMS,Healthcare,44.099998474121094,43.72999954223633,0.5333751172071365
2025-11-06,HIMS,Healthcare,44.0,41.52000045776367,0.6980909893070931
2025-11-10,HIMS,Healthcare,42.494998931884766,41.04999923706055,0.6627187539590637
2025-11-19,HIMS,Healthcare,36.599998474121094,35.83000183105469,0.5812947972320176
2025-11-20,HIMS,Healthcare,36.779998779296875,33.619998931884766,0.876912956475518
2025-11-26,HIMS,Healthcare,37.75,38.400001525878906,0.5095663263915259
2025-12-15,HIMS,Healthcare,37.81999969482422,36.25,0.6604406838864258
2025-12-18,HIMS,Healthcare,35.599998474121094,34.77000045776367,0.5072729463409904
2025-12-19,HIMS,Healthcare,34.970001220703125,35.560001373291016,0.5538083190791163
2025-12-22,HIMS,Healthcare,35.970001220703125,35.04999923706055,0.5042975620162383
2026-01-02,HIMS,Healthcare,33.0,33.40999984741211,0.5482663307890071
2026-01-05,HIMS,Healthcare,33.959999084472656,34.709999084472656,0.5399578020527649
2024-01-18,HOOD,Financial Services,10.760000228881836,10.670000076293945,0.6819243455544152
2024-01-22,HOOD,Financial Services,10.8100004196167,10.989999771118164,0.5069654331535892
2024-01-23,HOOD,Financial Services,11.15999984741211,10.949999809265137,0.5352956898668961
2024-01-24,HOOD,Financial Services,11.100000381469727,10.8100004196167,0.8722461760165572
2024-01-26,HOOD,Financial Services,10.760000228881836,10.789999961853027,0.5178911212777761
2024-02-07,HOOD,Financial Services,10.84000015258789,11.0,0.65605602397629
2024-02-14,HOOD,Financial Services,13.64799976348877,13.380000114440918,0.5888263078966994
2024-02-22,HOOD,Financial Services,13.710000038146973,13.970000267028809,0.5665359295568155
2024-03-04,HOOD,Financial Services,17.06999969482422,16.6299991607666,0.5359044080105746
2024-03-07,HOOD,Financial Services,16.6200008392334,16.360000610351562,0.5671126557409291
2024-03-08,HOOD,Financial Services,16.579999923706055,17.0,0.5058177115734803
2024-03-14,HOOD,Financial Services,19.1200008392334,18.049999237060547,0.5083213596161719
2024-03-21,HOOD,Financial Services,18.65999984741211,19.09000015258789,0.6878761093313795
2024-04-09,HOOD,Financial Services,18.65999984741211,18.299999237060547,0.524996334604823
2024-04-15,HOOD,Financial Services,18.079999923706055,17.190000534057617,0.5536874268811013
2024-04-18,HOOD,Financial Services,17.187000274658203,17.079999923706055,0.6882765286408393
2024-05-03,HOOD,Financial Services,17.8799991607666,17.950000762939453,0.528098652715771
2024-05-09,HOOD,Financial Services,19.04199981689453,17.299999237060547,0.5012579197367263
2024-05-10,HOOD,Financial Services,17.420000076293945,16.229999542236328,0.5715273246119341
2024-05-15,HOOD,Financial Services,18.350000381469727,18.520000457763672,0.5472295586022502
2024-05-23,HOOD,Financial Services,19.920000076293945,19.239999771118164,0.7823237162874273
2024-05-29,HOOD,Financial Services,20.75,21.084999084472656,0.6799415446838448
2024-06-03,HOOD,Financial Services,21.899999618530273,21.280000686645508,0.5590909831128396
2024-06-12,HOOD,Financial Services,24.0,23.700000762939453,0.5961771040181787
2024-06-20,HOOD,Financial Services,22.0,21.729999542236328,0.7317648694437785
2024-06-26,HOOD,Financial Services,22.68000030517578,22.309999465942383,0.5642315704261858
2024-06-27,HOOD,Financial Services,22.440000534057617,22.59000015258789,0.5599856008337629
2024-07-09,HOOD,Financial Services,22.25,22.600000381469727,0.5899872054022773
2024-07-11,HOOD,Financial Services,22.649999618530273,22.040000915527344,0.613027379813909
2024-07-26,HOOD,Financial Services,21.59000015258789,21.200000762939453,0.6041770926956388
2024-07-29,HOOD,Financial Services,21.559999465942383,21.18000030517578,0.6307986008924071
2024-07-30,HOOD,Financial Services,21.299999237060547,20.399999618530273,0.6356362497338502
2024-08-01,HOOD,Financial Services,20.889999389648438,20.239999771118164,0.6864508966151767
2024-08-07,HOOD,Financial Services,17.600000381469727,17.1200008392334,0.7648540936439285
2024-08-12,HOOD,Financial Services,18.360000610351562,18.540000915527344,0.5170789053100049
2024-08-14,HOOD,Financial Services,18.729999542236328,18.649999618530273,0.6151304233594078
2024-08-30,HOOD,Financial Services,20.3799991607666,20.1200008392334,0.5294965854390213
2024-09-19,HOOD,Financial Services,23.93600082397461,22.809999465942383,0.7111997618030181
2024-09-26,HOOD,Financial Services,22.780000686645508,22.43000030517578,0.7504476916375089
2024-10-24,HOOD,Financial Services,26.950000762939453,27.219999313354492,0.5215879954050494
2024-11-13,HOOD,Financial Services,33.630001068115234,31.90999984741211,0.6799589794199851
2024-11-14,HOOD,Financial Services,32.849998474121094,32.220001220703125,0.5167929491304307
2024-11-20,HOOD,Financial Services,37.0,36.08000183105469,0.5222400207650739
2024-11-25,HOOD,Financial Services,39.220001220703125,37.849998474121094,0.5173972254237396
2024-11-27,HOOD,Financial Services,37.5099983215332,37.650001525878906,0.5338754699035383
2024-12-02,HOOD,Financial Services,37.92499923706055,37.619998931884766,0.5651810283808002
2024-12-05,HOOD,Financial Services,42.709999084472656,38.91999816894531,0.6025893484256039
2024-12-19,HOOD,Financial Services,38.47999954223633,36.939998626708984,0.6487306057859618
2024-12-31,HOOD,Financial Services,38.95000076293945,37.2599983215332,0.6232514526793461
2025-01-06,HOOD,Financial Services,42.11000061035156,42.709999084472656,0.591335135729936
2025-01-14,HOOD,Financial Services,41.79999923706055,41.7599983215332,0.5946728811686139
2025-01-17,HOOD,Financial Services,47.7400016784668,48.150001525878906,0.6262190297705279
2025-01-21,HOOD,Financial Services,49.93000030517578,50.0,0.5336201675101309
2025-02-06,HOOD,Financial Services,54.79999923706055,53.16999816894531,0.5911749907892309
2025-02-19,HOOD,Financial Services,61.09000015258789,59.22999954223633,0.5705927173361285
2025-02-21,HOOD,Financial Services,57.869998931884766,51.599998474121094,0.7801940003427986
2025-02-24,HOOD,Financial Services,52.2400016784668,49.93000030517578,0.6510678729839325
2025-02-26,HOOD,Financial Services,47.310001373291016,48.849998474121094,0.5142216565197362
2025-02-27,HOOD,Financial Services,51.7599983215332,48.779998779296875,0.8286843545639297
2025-03-03,HOOD,Financial Services,54.720001220703125,46.88999938964844,0.7913357436169954
2025-03-12,HOOD,Financial Services,38.9900016784668,38.91999816894531,0.7982136435159009
2025-03-25,HOOD,Financial Services,48.75,48.150001525878906,0.511806739319687
2025-04-08,HOOD,Financial Services,37.1349983215332,34.16999816894531,0.9608215324798238
2025-04-14,HOOD,Financial Services,45.0099983215332,44.13999938964844,0.6702395396516686
2025-04-17,HOOD,Financial Services,41.029998779296875,41.18000030517578,0.720567205688673
2025-04-23,HOOD,Financial Services,45.29999923706055,44.65999984741211,0.6989802459609394
2025-04-28,HOOD,Financial Services,50.52000045776367,48.93000030517578,0.5512300406203883
2025-05-01,HOOD,Financial Services,51.125,46.619998931884766,0.5943384039966881
2025-05-08,HOOD,Financial Services,51.729000091552734,54.06999969482422,0.5426803543553005
2025-05-09,HOOD,Financial Services,54.939998626708984,54.650001525878906,0.5217111894159929
2025-05-12,HOOD,Financial Services,59.18000030517578,57.43000030517578,0.7125053113615935
2025-05-22,HOOD,Financial Services,64.88999938964844,64.7699966430664,0.5173696348072628
2025-05-29,HOOD,Financial Services,66.32499694824219,63.95000076293945,0.8671524752662556
2025-07-01,HOOD,Financial Services,95.01200103759766,92.33000183105469,0.5505795594730118
2025-07-08,HOOD,Financial Services,95.4000015258789,91.2699966430664,0.6849074360737616
2025-07-09,HOOD,Financial Services,92.91000366210938,94.54000091552734,0.5385011443213913
2025-07-24,HOOD,Financial Services,103.0,101.93000030517578,0.5377138237680095
2025-07-28,HOOD,Financial Services,105.83999633789062,106.7699966430664,0.650006136387708
2025-08-11,HOOD,Financial Services,116.22000122070312,113.62000274658203,0.5822159730539025
2025-08-13,HOOD,Financial Services,115.6500015258789,108.62000274658203,0.5640872723181475
2025-08-19,HOOD,Financial Services,116.12000274658203,107.5,0.6306570085408905
2025-08-28,HOOD,Financial Services,104.0,103.69000244140625,0.5146830998474093
2025-09-03,HOOD,Financial Services,101.58999633789062,100.81999969482422,0.6569379118743779
2025-09-05,HOOD,Financial Services,104.9800033569336,101.25,0.6893845874148885
2025-09-08,HOOD,Financial Services,110.62999725341797,117.27999877929688,0.5469220217174461
2025-09-10,HOOD,Financial Services,120.83000183105469,117.45999908447266,0.5551336412980866
2025-09-18,HOOD,Financial Services,120.08000183105469,120.91000366210938,0.5321233671418794
2025-09-24,HOOD,Financial Services,127.51499938964844,126.80000305175781,0.5262153447691792
2025-10-07,HOOD,Financial Services,146.3300018310547,145.0,0.5094689841710298
2025-10-08,HOOD,Financial Services,146.11000061035156,150.8699951171875,0.5167906693994233
2025-10-16,HOOD,Financial Services,135.3800048828125,131.44000244140625,0.6389370091626467
2025-10-27,HOOD,Financial Services,144.99000549316406,145.86000061035156,0.6067844433721311
2025-10-31,HOOD,Financial Services,143.60000610351562,146.77999877929688,0.5999973133482639
2025-11-03,HOOD,Financial Services,148.7899932861328,147.0800018310547,0.5795581524920862
2025-11-05,HOOD,Financial Services,139.63499450683594,142.47999572753906,0.5125155533694233
2025-11-10,HOOD,Financial Services,135.4499969482422,135.8800048828125,0.6008293593616275
2025-11-12,HOOD,Financial Services,133.3300018310547,132.97999572753906,0.519533719681439
2025-11-20,HOOD,Financial Services,121.62999725341797,106.20999908447266,0.8580712558025819
2025-11-21,HOOD,Financial Services,107.83999633789062,107.30000305175781,0.6982209174815115
2025-11-26,HOOD,Financial Services,121.33000183105469,128.1999969482422,0.5333495473296783
2025-12-12,HOOD,Financial Services,125.33999633789062,119.5,0.5301722037947318
2025-12-15,HOOD,Financial Services,120.4000015258789,115.26000213623047,0.6566799049446176
2025-12-16,HOOD,Financial Services,116.69499969482422,119.4000015258789,0.6095680731459492
2025-12-17,HOOD,Financial Services,120.97000122070312,115.80000305175781,0.6144112650606316
2025-12-18,HOOD,Financial Services,121.87000274658203,117.16000366210938,0.5759030338904475
2025-12-19,HOOD,Financial Services,119.47000122070312,121.3499984741211,0.5819165405520881
2025-12-22,HOOD,Financial Services,123.51000213623047,122.37000274658203,0.5209743665608652
2026-01-02,HOOD,Financial Services,115.47799682617188,115.20999908447266,0.5570975505650647
2026-01-05,HOOD,Financial Services,117.91999816894531,123.23999786376953,0.5368892818718612
2024-01-25,IBM,Technology,174.01096986296065,179.1571502685547,0.7064267391214446
2024-03-06,IBM,Technology,183.70511332777724,186.23046875,0.5372831684929155
2024-03-07,IBM,Technology,187.57858076727518,186.59121704101562,0.5179310085637733
2024-03-27,IBM,Technology,180.00253107612397,181.14178466796875,0.5082255767299655
2024-04-04,IBM,Technology,182.28104165712688,178.4265594482422,0.5046710038256318
2024-04-15,IBM,Technology,176.17652554183172,172.0751953125,0.5210547711138007
2024-04-16,IBM,Technology,176.19551069089496,174.4486541748047,0.5361181007719337
2024-04-19,IBM,Technology,173.19546871982038,172.3885040283203,0.5288627427537942
2024-04-24,IBM,Technology,173.89802866367035,174.7809600830078,0.6663692265834712
2024-05-23,IBM,Technology,168.16476555084765,163.6392059326172,0.6119083572398412
2024-06-20,IBM,Technology,166.90873759318737,166.7553253173828,0.5262399436797072
2024-07-19,IBM,Technology,178.65410946327353,175.70098876953125,0.5167640939934885
2024-07-25,IBM,Technology,179.10474802167624,184.07135009765625,0.54996443221276
2024-09-09,IBM,Technology,195.31449574146652,196.85232543945312,0.5508542424536101
2024-09-11,IBM,Technology,200.9435260240678,203.00364685058594,0.5318385026607769
2024-11-06,IBM,Technology,206.47586128748588,206.59193420410156,0.5026141934605305
2024-11-18,IBM,Technology,201.78634930477145,202.84889221191406,0.5146415015549833
2024-12-19,IBM,Technology,218.76758851139502,218.28018188476562,0.5162673736595526
2025-01-02,IBM,Technology,216.23307474879277,214.40042114257812,0.5371992504363095
2025-03-03,IBM,Technology,249.97830402606652,245.5133514404297,0.6089538699443823
2025-03-12,IBM,Technology,245.6703793850625,244.96383666992188,0.5014375050605939
2025-03-19,IBM,Technology,243.68812682975238,247.5740966796875,0.5153745570936079
2025-04-08,IBM,Technology,228.21289791186288,216.89842224121094,0.9132567659940504
2025-04-23,IBM,Technology,241.40167208931354,240.89138793945312,0.587684600489185
2025-05-08,IBM,Technology,250.23345154782086,249.3895263671875,0.5004561115674683
2025-10-07,IBM,Technology,293.9293866614242,292.25860595703125,0.5867918237146236
2025-11-20,IBM,Technology,294.6400146484375,290.3999938964844,0.5356923617220058
2025-11-21,IBM,Technology,293.4800109863281,297.44000244140625,0.5322503047496504
2025-11-24,IBM,Technology,299.17999267578125,304.1199951171875,0.5158775272139262
2026-01-05,IBM,Technology,295.7699890136719,294.9700012207031,0.5160166559191015
2024-01-18,IONQ,Technology,11.390000343322754,10.720000267028809,0.5319130086580637
2024-01-24,IONQ,Technology,12.050000190734863,11.069999694824219,0.5818942740073685
2024-01-25,IONQ,Technology,11.449999809265137,11.279999732971191,0.6924287251803595
2024-02-01,IONQ,Technology,10.470000267028809,10.239999771118164,0.5137615580615534
2024-02-29,IONQ,Technology,11.710000038146973,10.359999656677246,0.5205372536040268
2024-03-06,IONQ,Technology,9.890000343322754,9.920000076293945,0.5586136342677119
2024-03-07,IONQ,Technology,10.399999618530273,10.899999618530273,0.5304486479239114
2024-03-12,IONQ,Technology,10.010000228881836,9.869999885559082,0.5054875534374076
2024-03-18,IONQ,Technology,9.390000343322754,9.539999961853027,0.5026090188601464
2024-03-21,IONQ,Technology,9.739999771118164,9.420000076293945,0.5151133349387781
2024-03-27,IONQ,Technology,9.229999542236328,9.550000190734863,0.5090810657475018
2024-04-04,IONQ,Technology,9.470000267028809,9.119999885559082,0.5305377181361453
2024-04-05,IONQ,Technology,9.220000267028809,9.210000038146973,0.5036630776788864
2024-04-08,IONQ,Technology,9.270000457763672,8.369999885559082,0.5024893461003328
2024-04-24,IONQ,Technology,8.15999984741211,8.199999809265137,0.6807329351403785
2024-05-23,IONQ,Technology,8.6899995803833,8.319999694824219,0.6226930890945455
2024-06-03,IONQ,Technology,8.289999961853027,7.78000020980835,0.508370559967695
2024-06-05,IONQ,Technology,7.880000114440918,7.929999828338623,0.5090810657475018
2024-06-13,IONQ,Technology,8.0,7.710000038146973,0.6669908330355915
2024-06-25,IONQ,Technology,6.829999923706055,6.590000152587891,0.5138696461406953
2024-06-28,IONQ,Technology,7.179999828338623,7.03000020980835,0.5385738205329644
2024-07-18,IONQ,Technology,8.630000114440918,8.210000038146973,0.5122401494666556
2024-07-26,IONQ,Technology,8.119999885559082,8.210000038146973,0.5809894525865281
2024-07-29,IONQ,Technology,8.34000015258789,7.889999866485596,0.5448794148738871
2024-07-30,IONQ,Technology,7.940000057220459,7.800000190734863,0.543031132378793
2024-08-09,IONQ,Technology,7.199999809265137,7.119999885559082,0.5550851880864329
2024-08-14,IONQ,Technology,7.380000114440918,7.309999942779541,0.5099891679543669
2024-08-30,IONQ,Technology,7.440000057220459,7.420000076293945,0.5074109216718671
2024-09-09,IONQ,Technology,6.949999809265137,6.619999885559082,0.5427881325128664
2024-09-10,IONQ,Technology,6.699999809265137,6.900000095367432,0.5570604158337917
2024-09-19,IONQ,Technology,8.130000114440918,7.71999979019165,0.522426871524828
2024-09-26,IONQ,Technology,7.789999961853027,8.0600004196167,0.5174263254725552
2024-10-24,IONQ,Technology,15.289999961853027,15.710000038146973,0.6095235889429397
2024-10-28,IONQ,Technology,17.520000457763672,17.809999465942383,0.5831389847388837
2024-11-06,IONQ,Technology,16.729999542236328,16.450000762939453,0.5009957876717418
2024-11-14,IONQ,Technology,27.899999618530273,26.15999984741211,0.5126088942019391
2024-11-25,IONQ,Technology,33.93000030517578,30.8799991607666,0.5126771510210191
2024-12-19,IONQ,Technology,40.709999084472656,37.7599983215332,0.5816560076348735
2024-12-23,IONQ,Technology,45.33000183105469,41.31999969482422,0.5386871025154387
2024-12-24,IONQ,Technology,41.9900016784668,44.58000183105469,0.5154486149206884
2025-01-06,IONQ,Technology,48.29999923706055,51.06999969482422,0.5132467740508548
2025-01-10,IONQ,Technology,31.989999771118164,32.33000183105469,0.6356576844328806
2025-01-14,IONQ,Technology,28.200000762939453,29.510000228881836,0.6569620263582012
2025-01-15,IONQ,Technology,32.779998779296875,39.38999938964844,0.5906389246975937
2025-01-21,IONQ,Technology,39.189998626708984,45.310001373291016,0.5393279700342372
2025-01-24,IONQ,Technology,41.689998626708984,40.7599983215332,0.5230142272749101
2025-01-28,IONQ,Technology,40.0099983215332,38.86000061035156,0.5746576959165863
2025-01-29,IONQ,Technology,39.2599983215332,39.540000915527344,0.5512954127024895
2025-01-30,IONQ,Technology,40.45000076293945,38.810001373291016,0.6337548513005912
2025-02-04,IONQ,Technology,41.88999938964844,41.86000061035156,0.5058856950041013
2025-02-06,IONQ,Technology,42.66999816894531,41.27000045776367,0.6007563901548508
2025-02-07,IONQ,Technology,41.65999984741211,40.56999969482422,0.6007563901548508
2025-02-12,IONQ,Technology,38.0,38.0,0.5042988433427803
2025-02-13,IONQ,Technology,38.58000183105469,38.650001525878906,0.506500847120137
2025-02-20,IONQ,Technology,35.63999938964844,33.75,0.5425472828553782
2025-02-21,IONQ,Technology,34.810001373291016,31.739999771118164,0.5426557748239889
2025-02-26,IONQ,Technology,30.780000686645508,29.93000030517578,0.6039265037192073
2025-03-03,IONQ,Technology,25.31999969482422,23.110000610351562,0.7072202986621948
2025-03-05,IONQ,Technology,22.90999984741211,22.6299991607666,0.5268728423796304
2025-03-12,IONQ,Technology,20.270000457763672,21.81999969482422,0.5853038953891821
2025-03-19,IONQ,Technology,23.59000015258789,23.299999237060547,0.5698564996362964
2025-04-01,IONQ,Technology,24.309999465942383,23.190000534057617,0.5481987288725859
2025-04-08,IONQ,Technology,24.049999237060547,21.280000686645508,0.8991584565818992
2025-04-11,IONQ,Technology,26.239999771118164,26.09000015258789,0.532710157073254
2025-04-14,IONQ,Technology,27.700000762939453,25.350000381469727,0.5027872248978913
2025-04-15,IONQ,Technology,25.59000015258789,25.399999618530273,0.560352960843676
2025-04-17,IONQ,Technology,24.93000030517578,25.739999771118164,0.5345630055007907
2025-04-22,IONQ,Technology,24.489999771118164,25.559999465942383,0.5020198706067368
2025-04-23,IONQ,Technology,27.09000015258789,26.799999237060547,0.6057701076581609
2025-05-01,IONQ,Technology,28.334999084472656,27.3799991607666,0.5393189206642595
2025-05-27,IONQ,Technology,46.54999923706055,48.040000915527344,0.5735745912311541
2025-05-29,IONQ,Technology,48.0,43.20000076293945,0.5758603870540446
2025-06-06,IONQ,Technology,37.66999816894531,39.02000045776367,0.5543643442174128
2025-07-25,IONQ,Technology,44.2400016784668,43.16999816894531,0.5079410604497475
2025-07-28,IONQ,Technology,43.91999816894531,42.34000015258789,0.5245929949158425
2025-07-29,IONQ,Technology,43.0099983215332,40.529998779296875,0.765215160428882
2025-07-30,IONQ,Technology,40.974998474121094,39.880001068115234,0.5042335729325809
2025-07-31,IONQ,Technology,41.119998931884766,39.869998931884766,0.7023277504206168
2025-08-04,IONQ,Technology,38.9900016784668,39.86000061035156,0.529419822638128
2025-08-20,IONQ,Technology,37.380001068115234,36.790000915527344,0.5038047473699727
2025-08-21,IONQ,Technology,37.25,37.16999816894531,0.510733940469165
2025-09-15,IONQ,Technology,56.880001068115234,59.11000061035156,0.5408424793114692
2025-09-17,IONQ,Technology,63.310001373291016,65.44000244140625,0.5237907826563206
2025-09-18,IONQ,Technology,68.56999969482422,66.80999755859375,0.567795355258747
2025-09-23,IONQ,Technology,74.08000183105469,75.13999938964844,0.5719132377146526
2025-10-07,IONQ,Technology,80.95999908447266,79.2300033569336,0.5364629286299896
2025-10-09,IONQ,Technology,74.87000274658203,77.5,0.5228202297123851
2025-10-20,IONQ,Technology,65.30999755859375,59.939998626708984,0.5313686010948171
2025-10-23,IONQ,Technology,61.099998474121094,59.369998931884766,0.5361889300972499
2025-10-24,IONQ,Technology,62.0099983215332,60.29999923706055,0.5798766874995427
2025-10-27,IONQ,Technology,63.0,62.79999923706055,0.5324680690448947
2025-10-29,IONQ,Technology,58.849998474121094,61.11000061035156,0.5039863642596504
2025-10-31,IONQ,Technology,61.0,62.380001068115234,0.5264323694422617
2025-11-05,IONQ,Technology,55.0,55.40999984741211,0.5300098178356535
2025-11-06,IONQ,Technology,57.279998779296875,57.43000030517578,0.509751260218673
2025-11-12,IONQ,Technology,54.7599983215332,50.709999084472656,0.510544227648951
2025-11-20,IONQ,Technology,48.56999969482422,41.0,0.5588919621141757
2025-11-21,IONQ,Technology,42.560001373291016,41.709999084472656,0.6224877838572919
2025-11-24,IONQ,Technology,42.75,46.7599983215332,0.5692719462359191
2025-11-26,IONQ,Technology,47.400001525878906,46.900001525878906,0.5130387845958561
2025-11-28,IONQ,Technology,47.70000076293945,49.29999923706055,0.5119989930555711
2025-12-15,IONQ,Technology,50.779998779296875,46.06999969482422,0.5134901447749445
2025-12-16,IONQ,Technology,46.939998626708984,49.66999816894531,0.5159305704353855
2025-12-19,IONQ,Technology,47.13999938964844,48.47999954223633,0.5105300182863336
2025-12-22,IONQ,Technology,49.880001068115234,53.86000061035156,0.521001087122554
2026-01-02,IONQ,Technology,46.0099983215332,46.77000045776367,0.5242028138132037
2024-01-18,IREN,Financial Services,4.809999942779541,4.329999923706055,0.6618102081013945
2024-01-24,IREN,Financial Services,4.25,4.0,0.7952737423409523
2024-01-26,IREN,Financial Services,4.300000190734863,4.269999980926514,0.626049729030255
2024-02-01,IREN,Financial Services,3.950000047683716,3.75,0.6628903082747478
2024-02-07,IREN,Financial Services,3.869999885559082,4.119999885559082,0.7563091547435591
2024-02-14,IREN,Financial Services,8.15999984741211,8.300000190734863,0.5514209722339227
2024-02-15,IREN,Financial Services,8.449999809265137,7.739999771118164,0.6506176577441426
2024-02-20,IREN,Financial Services,7.159999847412109,6.869999885559082,0.7776610277193132
2024-02-22,IREN,Financial Services,6.760000228881836,6.630000114440918,0.6004231073165414
2024-02-27,IREN,Financial Services,7.320000171661377,6.769999980926514,0.5314121011239306
2024-02-28,IREN,Financial Services,6.989999771118164,6.050000190734863,0.7405119058306715
2024-02-29,IREN,Financial Services,6.244999885559082,5.900000095367432,0.5094085126109751
2024-03-01,IREN,Financial Services,5.949999809265137,5.989999771118164,0.6191568493944805
2024-03-04,IREN,Financial Services,6.099999904632568,5.699999809265137,0.6686336374386642
2024-03-11,IREN,Financial Services,5.679999828338623,5.079999923706055,0.892924049330538
2024-03-12,IREN,Financial Services,5.130000114440918,4.929999828338623,0.6942045346752928
2024-03-18,IREN,Financial Services,4.650000095367432,4.610000133514404,0.5663351053950542
2024-03-21,IREN,Financial Services,5.699999809265137,5.650000095367432,0.8150573223532424
2024-03-25,IREN,Financial Services,5.150000095367432,5.579999923706055,0.5789682138098856
2024-03-27,IREN,Financial Services,5.909999847412109,5.369999885559082,0.5113054619439978
2024-04-04,IREN,Financial Services,5.920000076293945,5.760000228881836,0.6347384539969917
2024-04-08,IREN,Financial Services,6.079999923706055,5.409999847412109,0.6214747368475506
2024-04-18,IREN,Financial Services,4.550000190734863,4.679999828338623,0.6474163040193014
2024-05-03,IREN,Financial Services,4.769999980926514,4.730000019073486,0.5113570323072579
2024-05-10,IREN,Financial Services,5.150000095367432,4.789999961853027,0.5455071049628094
2024-05-13,IREN,Financial Services,4.929999828338623,4.849999904632568,0.5848666908874682
2024-05-15,IREN,Financial Services,5.059999942779541,5.199999809265137,0.5681501457448973
2024-05-30,IREN,Financial Services,7.800000190734863,7.409999847412109,0.5099939975198354
2024-05-31,IREN,Financial Services,7.539999961853027,7.789999961853027,0.5128369831360127
2024-06-03,IREN,Financial Services,8.244999885559082,8.0,0.6104291434209875
2024-06-04,IREN,Financial Services,8.25,8.890000343322754,0.520037618615995
2024-06-12,IREN,Financial Services,13.010000228881836,13.550000190734863,0.5432130752557316
2024-06-13,IREN,Financial Services,13.630000114440918,13.699999809265137,0.6822697639198292
2024-06-20,IREN,Financial Services,14.050000190734863,13.899999618530273,0.845479820316805
2024-07-08,IREN,Financial Services,15.418000221252441,14.630000114440918,0.728873382994999
2024-07-09,IREN,Financial Services,14.760000228881836,12.819999694824219,0.781671209074553
2024-07-10,IREN,Financial Services,13.550000190734863,12.899999618530273,0.7008460293219552
2024-07-11,IREN,Financial Services,13.229999542236328,11.199999809265137,0.7497288025037513
2024-07-15,IREN,Financial Services,12.949999809265137,11.994999885559082,0.5698411209939052
2024-07-18,IREN,Financial Services,11.539999961853027,10.229999542236328,0.6098159934596122
2024-07-22,IREN,Financial Services,11.5,11.579999923706055,0.629495382752755
2024-07-24,IREN,Financial Services,11.239999771118164,10.204999923706055,0.7048628691049217
2024-07-26,IREN,Financial Services,9.899999618530273,9.539999961853027,0.771196231201982
2024-07-29,IREN,Financial Services,9.84000015258789,9.720000267028809,0.7518267911874646
2024-08-06,IREN,Financial Services,8.625,7.920000076293945,0.6325086030400268
2024-08-14,IREN,Financial Services,7.429999828338623,7.25,0.6765527282517697
2024-08-19,IREN,Financial Services,8.0600004196167,8.119999885559082,0.5353769734265916
2024-08-20,IREN,Financial Services,8.359999656677246,8.130000114440918,0.6501137146756363
2024-08-29,IREN,Financial Services,8.279999732971191,8.520000457763672,0.6395111397255588
2024-09-06,IREN,Financial Services,6.909999847412109,6.440000057220459,0.6102282290359959
2024-09-19,IREN,Financial Services,8.199999809265137,7.789999961853027,0.761235325533959
2024-09-26,IREN,Financial Services,9.100000381469727,9.130000114440918,0.6999451798609807
2024-10-07,IREN,Financial Services,8.729999542236328,8.350000381469727,0.6205672937122853
2024-10-14,IREN,Financial Services,8.109999656677246,8.529999732971191,0.5081762700579785
2024-10-18,IREN,Financial Services,9.220000267028809,9.489999771118164,0.5023357370393211
2024-10-24,IREN,Financial Services,8.829999923706055,9.239999771118164,0.5822269965979028
2024-10-25,IREN,Financial Services,9.3100004196167,9.25,0.5328013713116564
2024-10-29,IREN,Financial Services,11.335000038146973,10.550000190734863,0.6754145596833708
2024-11-01,IREN,Financial Services,9.260000228881836,9.050000190734863,0.5775475412900835
2024-11-05,IREN,Financial Services,8.699999809265137,8.9399995803833,0.5326133387611964
2024-11-15,IREN,Financial Services,10.699999809265137,10.670000076293945,0.5760692372395902
2024-12-05,IREN,Financial Services,15.010000228881836,14.149999618530273,0.5070912630425066
2024-12-12,IREN,Financial Services,14.199999809265137,13.430000305175781,0.550969600230881
2024-12-17,IREN,Financial Services,14.100000381469727,13.729999542236328,0.6310559009997123
2024-12-19,IREN,Financial Services,12.65999984741211,11.414999961853027,0.6385487742738647
2024-12-24,IREN,Financial Services,11.880000114440918,11.8100004196167,0.6285852496904512
2024-12-31,IREN,Financial Services,10.180000305175781,9.819999694824219,0.7796310572398737
2025-01-02,IREN,Financial Services,10.3100004196167,10.460000038146973,0.5037093331021049
2025-01-06,IREN,Financial Services,11.720000267028809,11.770000457763672,0.5610715810445064
2025-01-14,IREN,Financial Services,11.149999618530273,10.970000267028809,0.6852906054282644
2025-01-15,IREN,Financial Services,11.649999618530273,11.550000190734863,0.5345708556798645
2025-01-17,IREN,Financial Services,12.029999732971191,11.989999771118164,0.5453467509584979
2025-01-28,IREN,Financial Services,10.380000114440918,10.079999923706055,0.5547483345110801
2025-01-30,IREN,Financial Services,10.25,10.300000190734863,0.5464432677407294
2025-01-31,IREN,Financial Services,10.739999771118164,10.220000267028809,0.6393279687755483
2025-02-05,IREN,Financial Services,10.75,11.069999694824219,0.6168998425024445
2025-02-06,IREN,Financial Services,11.220000267028809,11.59000015258789,0.6512886509678086
2025-02-19,IREN,Financial Services,13.109999656677246,13.0,0.613954068481711
2025-02-20,IREN,Financial Services,13.300000190734863,12.359999656677246,0.6302137355418375
2025-02-21,IREN,Financial Services,12.5600004196167,10.880000114440918,0.769396199804773
2025-02-24,IREN,Financial Services,10.96500015258789,10.15999984741211,0.705329861844745
2025-02-27,IREN,Financial Services,8.770000457763672,7.860000133514404,0.8356871663564719
2025-03-03,IREN,Financial Services,8.90999984741211,7.570000171661377,0.8902404897098425
2025-03-12,IREN,Financial Services,7.329999923706055,7.039999961853027,0.760172609045901
2025-03-13,IREN,Financial Services,7.159999847412109,6.75,0.5639139120962193
2025-04-08,IREN,Financial Services,6.175000190734863,5.300000190734863,0.9737450353326574
2025-04-14,IREN,Financial Services,5.889999866485596,5.75,0.7102596693377639
2025-04-23,IREN,Financial Services,6.480000019073486,6.099999904632568,0.8328963349092126
2025-05-01,IREN,Financial Services,6.400000095367432,6.369999885559082,0.610753889293248
2025-05-08,IREN,Financial Services,6.869999885559082,6.889999866485596,0.5305362666111083
2025-05-12,IREN,Financial Services,7.445000171661377,7.510000228881836,0.7338540076616615
2025-05-22,IREN,Financial Services,9.350000381469727,9.279999732971191,0.5061277965942238
2025-05-29,IREN,Financial Services,9.039999961853027,8.600000381469727,0.8602203344486828
2025-06-09,IREN,Financial Services,10.279999732971191,10.34000015258789,0.574529036476506
2025-06-10,IREN,Financial Services,10.569999694824219,10.489999771118164,0.5569883539129046
2025-06-20,IREN,Financial Services,10.244999885559082,10.470000267028809,0.6168270223073541
2025-07-08,IREN,Financial Services,17.459999084472656,16.889999389648438,0.8085927310705414
2025-07-09,IREN,Financial Services,17.3700008392334,16.959999084472656,0.6330426608803833
2025-07-11,IREN,Financial Services,17.614999771118164,16.229999542236328,0.7629801573871651
2025-07-21,IREN,Financial Services,18.469999313354492,18.149999618530273,0.5630622912044339
2025-07-24,IREN,Financial Services,19.125,18.139999389648438,0.5521719558027121
2025-07-28,IREN,Financial Services,17.84000015258789,16.579999923706055,0.6829156268799733
2025-07-31,IREN,Financial Services,16.75,16.110000610351562,0.7155223873402008
2025-08-07,IREN,Financial Services,18.700000762939453,18.56999969482422,0.5667885553115463
2025-08-08,IREN,Financial Services,18.815000534057617,18.450000762939453,0.6470309711412765
2025-08-11,IREN,Financial Services,19.06999969482422,17.969999313354492,0.5830867097817893
2025-08-13,IREN,Financial Services,17.959999084472656,17.729999542236328,0.5407271044100702
2025-08-19,IREN,Financial Services,20.899999618530273,18.729999542236328,0.6762830933126329
2025-08-29,IREN,Financial Services,27.5,26.479999542236328,0.662455906298291
2025-09-03,IREN,Financial Services,30.0,28.209999084472656,0.7563004301542409
2025-09-05,IREN,Financial Services,27.155000686645508,26.149999618530273,0.5856782818804743
2025-09-16,IREN,Financial Services,37.459999084472656,36.45000076293945,0.539339945168803
2025-09-18,IREN,Financial Services,38.380001068115234,36.31999969482422,0.5258202962641599
2025-09-22,IREN,Financial Services,41.3849983215332,41.900001525878906,0.5119939956556222
2025-09-23,IREN,Financial Services,43.02000045776367,41.77000045776367,0.6287353435115528
2025-09-24,IREN,Financial Services,43.3849983215332,47.13999938964844,0.5369431340169439
2025-10-07,IREN,Financial Services,60.224998474121094,61.68000030517578,0.5535365988848541
2025-10-10,IREN,Financial Services,67.87999725341797,59.77000045776367,0.7297421537378356
2025-10-15,IREN,Financial Services,71.38500213623047,67.9800033569336,0.633890743060821
2025-10-16,IREN,Financial Services,68.94000244140625,61.83000183105469,0.7036264068424629
2025-10-20,IREN,Financial Services,63.61000061035156,59.220001220703125,0.6721150219072621
2025-10-27,IREN,Financial Services,64.98999786376953,64.98999786376953,0.678951089071239
2025-10-31,IREN,Financial Services,61.79999923706055,60.75,0.6571063553174612
2025-11-03,IREN,Financial Services,73.06999969482422,67.75,0.6909801048046841
2025-11-10,IREN,Financial Services,65.8499984741211,60.16999816894531,0.6194357264391596
2025-11-12,IREN,Financial Services,58.310001373291016,55.70000076293945,0.5630403596004533
2025-11-19,IREN,Financial Services,49.529998779296875,45.83000183105469,0.6137524259525887
2025-11-20,IREN,Financial Services,48.970001220703125,43.470001220703125,0.9270997920501926
2025-12-08,IREN,Financial Services,45.31999969482422,46.34000015258789,0.5678454833187544
2025-12-15,IREN,Financial Services,40.34000015258789,35.47999954223633,0.7455645646103279
2025-12-17,IREN,Financial Services,37.16999816894531,33.779998779296875,0.6490683137830487
2025-12-18,IREN,Financial Services,35.65999984741211,35.79999923706055,0.5861393267470956
2025-12-19,IREN,Financial Services,36.900001525878906,39.91999816894531,0.5812297079245347
2025-12-22,IREN,Financial Services,42.0620002746582,42.040000915527344,0.5667431207182176
2025-12-26,IREN,Financial Services,42.529998779296875,40.29999923706055,0.5680418501812694
2025-12-30,IREN,Financial Services,39.619998931884766,38.29999923706055,0.6736296756106451
2026-01-02,IREN,Financial Services,39.0099983215332,42.70000076293945,0.5765625171335516
2026-01-05,IREN,Financial Services,44.79999923706055,48.2400016784668,0.5507334496487758
2026-01-12,IREN,Financial Services,46.724998474121094,50.33000183105469,0.5804560885694193
2024-01-24,KTOS,Industrials,18.219999313354492,17.389999389648438,0.7951056546972567
2024-01-31,KTOS,Industrials,17.389999389648438,16.93000030517578,0.6654040747572468
2024-02-01,KTOS,Industrials,17.079999923706055,17.239999771118164,0.5077223030804633
2024-02-15,KTOS,Industrials,21.09000015258789,20.700000762939453,0.671161283711797
2024-02-26,KTOS,Industrials,18.219999313354492,18.559999465942383,0.5391919368212087
2024-03-08,KTOS,Industrials,18.780000686645508,18.489999771118164,0.5051571616636114
2024-03-21,KTOS,Industrials,17.639999389648438,17.770000457763672,0.7975857263182835
2024-04-01,KTOS,Industrials,18.559999465942383,18.360000610351562,0.5103279359064142
2024-04-04,KTOS,Industrials,18.3700008392334,17.639999389648438,0.5472636341220456
2024-04-17,KTOS,Industrials,17.799999237060547,17.75,0.696962549660475
2024-04-29,KTOS,Industrials,19.0,18.65999984741211,0.6606798519610739
2024-05-03,KTOS,Industrials,18.43000030517578,18.540000915527344,0.5130079207071909
2024-05-08,KTOS,Industrials,19.110000610351562,19.84000015258789,0.5139868761569193
2024-05-15,KTOS,Industrials,20.229999542236328,20.309999465942383,0.5356142815325763
2024-06-12,KTOS,Industrials,20.729999542236328,20.459999084472656,0.7139779551843376
2024-06-28,KTOS,Industrials,20.15999984741211,20.010000228881836,0.6647284966797288
2024-07-08,KTOS,Industrials,20.809999465942383,20.780000686645508,0.5310015308883432
2024-07-22,KTOS,Industrials,21.1200008392334,21.399999618530273,0.5145651360653418
2024-08-07,KTOS,Industrials,20.559999465942383,20.06999969482422,0.8046140651012763
2024-08-09,KTOS,Industrials,19.899999618530273,19.729999542236328,0.5643668052562414
2024-08-12,KTOS,Industrials,19.969999313354492,19.6200008392334,0.5074668580740274
2024-08-14,KTOS,Industrials,19.950000762939453,19.84000015258789,0.5659050822428374
2024-08-22,KTOS,Industrials,21.290000915527344,21.649999618530273,0.5288677552860789
2024-09-10,KTOS,Industrials,21.489999771118164,21.219999313354492,0.6585567938150262
2024-09-19,KTOS,Industrials,23.979999542236328,22.799999237060547,0.739741577079463
2024-09-26,KTOS,Industrials,23.350000381469727,23.190000534057617,0.6808203008481547
2024-10-25,KTOS,Industrials,24.170000076293945,23.950000762939453,0.5021055680043636
2024-11-06,KTOS,Industrials,24.719999313354492,24.270000457763672,0.592625552885767
2024-11-13,KTOS,Industrials,27.579999923706055,27.729999542236328,0.5228396740288944
2024-11-15,KTOS,Industrials,25.530000686645508,24.420000076293945,0.6318687621031173
2024-11-19,KTOS,Industrials,24.639999389648438,25.049999237060547,0.5055956585462242
2024-12-03,KTOS,Industrials,27.049999237060547,26.360000610351562,0.5158442837325904
2024-12-09,KTOS,Industrials,28.299999237060547,27.229999542236328,0.5129697691891729
2024-12-19,KTOS,Industrials,26.020000457763672,25.600000381469727,0.5515466734382886
2024-12-27,KTOS,Industrials,26.920000076293945,26.520000457763672,0.7194778376840211
2024-12-31,KTOS,Industrials,26.65999984741211,26.3799991607666,0.650646575769225
2025-01-07,KTOS,Industrials,29.8799991607666,28.610000610351562,0.7100376360354617
2025-01-13,KTOS,Industrials,29.700000762939453,30.889999389648438,0.535535013401625
2025-01-17,KTOS,Industrials,33.84000015258789,33.619998931884766,0.5566970788546501
2025-02-05,KTOS,Industrials,34.599998474121094,34.279998779296875,0.5881286349849785
2025-02-21,KTOS,Industrials,27.030000686645508,25.290000915527344,0.8181661027805479
2025-02-24,KTOS,Industrials,25.559999465942383,24.389999389648438,0.6182783242007514
2025-02-25,KTOS,Industrials,24.559999465942383,25.110000610351562,0.536717964984493
2025-03-03,KTOS,Industrials,26.770000457763672,26.010000228881836,0.6989484587989593
2025-03-10,KTOS,Industrials,27.670000076293945,29.18000030517578,0.6004600507659166
2025-03-12,KTOS,Industrials,29.479999542236328,29.600000381469727,0.6943795081637296
2025-03-24,KTOS,Industrials,30.969999313354492,32.529998779296875,0.5488554732378421
2025-04-08,KTOS,Industrials,29.43000030517578,28.920000076293945,0.9304722758247409
2025-04-14,KTOS,Industrials,33.599998474121094,32.9900016784668,0.6235318792678014
2025-04-17,KTOS,Industrials,33.470001220703125,33.09000015258789,0.7864667203271039
2025-04-23,KTOS,Industrials,33.15999984741211,32.959999084472656,0.6722437567562611
2025-05-01,KTOS,Industrials,34.38999938964844,34.93000030517578,0.5355628990653923
2025-05-08,KTOS,Industrials,36.599998474121094,34.220001220703125,0.5842742386254106
2025-05-12,KTOS,Industrials,34.43000030517578,33.93000030517578,0.833728811382211
2025-05-29,KTOS,Industrials,37.529998779296875,36.43000030517578,0.7895631216311647
2025-06-02,KTOS,Industrials,37.70000076293945,38.040000915527344,0.5648990456108686
2025-06-05,KTOS,Industrials,40.66999816894531,40.36000061035156,0.5139706019767386
2025-06-06,KTOS,Industrials,40.93000030517578,40.470001220703125,0.5340444324597403
2025-06-13,KTOS,Industrials,41.650001525878906,41.7599983215332,0.5436322361279176
2025-06-20,KTOS,Industrials,42.459999084472656,43.11000061035156,0.526191670436503
2025-06-30,KTOS,Industrials,46.38999938964844,46.45000076293945,0.503572420812155
2025-07-07,KTOS,Industrials,45.41999816894531,44.779998779296875,0.782317908697185
2025-07-21,KTOS,Industrials,60.0099983215332,58.779998779296875,0.583353687245325
2025-07-28,KTOS,Industrials,61.189998626708984,59.36000061035156,0.7031237935509198
2025-07-29,KTOS,Industrials,60.599998474121094,57.09000015258789,0.6971513209040385
2025-08-05,KTOS,Industrials,61.09000015258789,59.400001525878906,0.5921121846307248
2025-08-08,KTOS,Industrials,60.06999969482422,63.880001068115234,0.5727612414081164
2025-08-11,KTOS,Industrials,65.94999694824219,65.41000366210938,0.5419542433606709
2025-08-14,KTOS,Industrials,70.19999694824219,69.12000274658203,0.5126674679002224
2025-09-05,KTOS,Industrials,64.5,64.80999755859375,0.5983574661178557
2025-09-10,KTOS,Industrials,65.3499984741211,65.66000366210938,0.5178614686889199
2025-09-11,KTOS,Industrials,66.08999633789062,67.66999816894531,0.5044213593024397
2025-09-24,KTOS,Industrials,84.37000274658203,81.18000030517578,0.5535700564910087
2025-09-26,KTOS,Industrials,85.0,86.27999877929688,0.5128372455940025
2025-09-29,KTOS,Industrials,88.94999694824219,88.08000183105469,0.5010469205230712
2025-10-02,KTOS,Industrials,95.0,95.02999877929688,0.5513029311479705
2025-10-03,KTOS,Industrials,95.69000244140625,96.19000244140625,0.5215268898428806
2025-10-06,KTOS,Industrials,98.3499984741211,100.25,0.5094151592992275
2025-10-07,KTOS,Industrials,101.1500015258789,103.69000244140625,0.607689615007627
2025-10-09,KTOS,Industrials,107.63999938964844,98.55000305175781,0.5709285363017587
2025-10-15,KTOS,Industrials,97.94999694824219,90.58000183105469,0.5696136617170909
2025-10-16,KTOS,Industrials,91.98999786376953,88.62000274658203,0.6631499777958227
2025-10-20,KTOS,Industrials,87.27999877929688,86.6500015258789,0.736345856885005
2025-10-27,KTOS,Industrials,93.06999969482422,90.68000030517578,0.6944916677769554
2025-10-31,KTOS,Industrials,89.5,90.5999984741211,0.5955429209753405
2025-11-06,KTOS,Industrials,77.94999694824219,72.41000366210938,0.6774626957305937
2025-11-10,KTOS,Industrials,81.43000030517578,79.18000030517578,0.6400233028922362
2025-11-20,KTOS,Industrials,74.4800033569336,67.30999755859375,0.8844672081226832
2025-11-26,KTOS,Industrials,75.80000305175781,75.7699966430664,0.5114550497514614
2025-12-01,KTOS,Industrials,76.5999984741211,73.20999908447266,0.8156330804938662
2025-12-08,KTOS,Industrials,77.58999633789062,77.02999877929688,0.5114869533953798
2025-12-22,KTOS,Industrials,77.0,81.52999877929688,0.5084716086048601
2025-12-30,KTOS,Industrials,78.19000244140625,75.9800033569336,0.593497596175381
2025-12-31,KTOS,Industrials,76.80000305175781,75.91000366210938,0.5136899108513737
2026-01-02,KTOS,Industrials,76.55000305175781,79.29000091552734,0.5097961607347172
2026-01-05,KTOS,Industrials,84.91000366210938,89.93000030517578,0.5139519955006422
2026-01-08,KTOS,Industrials,99.52999877929688,104.04000091552734,0.5767915322198233
2026-01-12,KTOS,Industrials,116.8499984741211,117.86000061035156,0.7271275172877515
2026-01-13,KTOS,Industrials,118.91000366210938,119.72000122070312,0.5556247069118081
2024-01-18,LEU,Energy,56.470001220703125,54.9900016784668,0.6360494647074725
2024-01-22,LEU,Energy,55.0,54.189998626708984,0.5324539399581122
2024-01-24,LEU,Energy,55.849998474121094,54.41999816894531,0.852400482294872
2024-01-25,LEU,Energy,54.9900016784668,52.56999969482422,0.6998539970946617
2024-02-01,LEU,Energy,51.29999923706055,51.58000183105469,0.5877964902676439
2024-02-09,LEU,Energy,53.36000061035156,45.689998626708984,0.8500701115556701
2024-02-12,LEU,Energy,46.0,46.97999954223633,0.5343254907698254
2024-02-14,LEU,Energy,46.2400016784668,44.81999969482422,0.568562519223182
2024-02-15,LEU,Energy,45.18000030517578,45.4900016784668,0.5231738828102362
2024-03-04,LEU,Energy,44.040000915527344,41.38999938964844,0.886289766210691
2024-03-08,LEU,Energy,42.22999954223633,40.04999923706055,0.6090237975504906
2024-03-11,LEU,Energy,40.470001220703125,39.369998931884766,0.6347748123631054
2024-03-14,LEU,Energy,38.880001068115234,38.5099983215332,0.616111202769271
2024-04-02,LEU,Energy,43.900001525878906,44.709999084472656,0.6462279370757058
2024-04-04,LEU,Energy,47.810001373291016,45.47999954223633,0.5719172651482348
2024-04-11,LEU,Energy,43.63999938964844,44.18000030517578,0.5808467631481484
2024-04-12,LEU,Energy,44.43000030517578,43.40999984741211,0.7329866190724946
2024-04-15,LEU,Energy,44.4900016784668,41.86000061035156,0.5361296193144981
2024-05-01,LEU,Energy,44.029998779296875,43.060001373291016,0.5179386261136391
2024-05-03,LEU,Energy,46.310001373291016,45.04999923706055,0.5653296136507916
2024-05-13,LEU,Energy,44.310001373291016,43.38999938964844,0.5374869252408541
2024-05-15,LEU,Energy,43.66999816894531,43.20000076293945,0.5462261275270255
2024-05-23,LEU,Energy,47.86000061035156,45.93000030517578,0.8024730147799796
2024-05-28,LEU,Energy,50.40999984741211,50.970001220703125,0.5513808767417054
2024-06-03,LEU,Energy,50.2599983215332,47.09000015258789,0.5309029626703032
2024-06-10,LEU,Energy,44.189998626708984,44.70000076293945,0.5586555846276311
2024-06-12,LEU,Energy,42.84000015258789,42.59000015258789,0.7509392475093992
2024-06-20,LEU,Energy,42.380001068115234,42.630001068115234,0.6004642771658294
2024-06-28,LEU,Energy,43.25,42.75,0.672503276447842
2024-07-01,LEU,Energy,43.459999084472656,41.900001525878906,0.7183798709626084
2024-07-08,LEU,Energy,41.790000915527344,39.220001220703125,0.606662502416063
2024-07-24,LEU,Energy,43.86000061035156,42.54999923706055,0.8075115421529152
2024-07-26,LEU,Energy,42.06999969482422,42.689998626708984,0.622514722204436
2024-08-01,LEU,Energy,43.91999816894531,40.72999954223633,0.6506142627535452
2024-08-07,LEU,Energy,43.790000915527344,42.29999923706055,0.7072721528106031
2024-08-12,LEU,Energy,40.849998474121094,39.16999816894531,0.5293671707972043
2024-08-14,LEU,Energy,38.02000045776367,36.849998474121094,0.6213391262131291
2024-08-20,LEU,Energy,39.29999923706055,38.7599983215332,0.5886068591123556
2024-08-26,LEU,Energy,40.18000030517578,38.599998474121094,0.543421307982097
2024-08-29,LEU,Energy,38.47999954223633,39.349998474121094,0.5062647786774295
2024-09-10,LEU,Energy,37.08000183105469,36.31999969482422,0.6803265801328031
2024-09-16,LEU,Energy,39.75,39.86000061035156,0.5812905082744518
2024-09-19,LEU,Energy,41.119998931884766,41.45000076293945,0.6736523012453302
2024-09-26,LEU,Energy,56.400001525878906,54.790000915527344,0.7718999770475401
2024-10-03,LEU,Energy,67.01000213623047,64.87000274658203,0.7231839981741455
2024-10-07,LEU,Energy,69.5,64.66000366210938,0.6467252878163651
2024-10-15,LEU,Energy,59.599998474121094,61.29999923706055,0.5531306731661744
2024-10-17,LEU,Energy,84.0,81.05000305175781,0.5031676915725958
2024-10-21,LEU,Energy,104.0,94.4800033569336,0.7060334208670741
2024-10-22,LEU,Energy,95.0,93.36000061035156,0.8330148441031685
2024-10-30,LEU,Energy,106.16000366210938,103.29000091552734,0.7020694729757814
2024-11-01,LEU,Energy,106.30000305175781,109.52999877929688,0.5547771296473297
2024-11-11,LEU,Energy,95.0,91.58999633789062,0.5618823327657602
2024-11-13,LEU,Energy,93.48999786376953,81.5999984741211,0.7425988949029507
2024-11-14,LEU,Energy,82.36000061035156,79.33999633789062,0.6237048410668604
2024-11-22,LEU,Energy,83.91999816894531,86.8499984741211,0.5780411000873575
2024-11-25,LEU,Energy,88.41999816894531,83.16999816894531,0.5240315148073101
2024-11-27,LEU,Energy,82.30000305175781,82.48999786376953,0.5128642237853596
2024-12-02,LEU,Energy,92.81999969482422,82.47000122070312,0.6345058721077832
2024-12-06,LEU,Energy,79.7300033569336,78.29000091552734,0.5224031194335386
2024-12-11,LEU,Energy,76.0,75.11000061035156,0.5921742505302448
2024-12-12,LEU,Energy,75.61000061035156,74.54000091552734,0.6035730498580242
2024-12-18,LEU,Energy,73.0,69.31999969482422,0.7878453060527468
2024-12-19,LEU,Energy,70.0,68.2300033569336,0.6348320747773631
2024-12-27,LEU,Energy,73.30000305175781,70.70999908447266,0.8088646198439817
2024-12-31,LEU,Energy,68.79000091552734,66.61000061035156,0.6317101843944852
2025-01-06,LEU,Energy,83.80000305175781,81.58000183105469,0.5896319634093578
2025-01-14,LEU,Energy,72.02999877929688,69.86000061035156,0.5620938379475715
2025-01-17,LEU,Energy,75.22000122070312,77.83000183105469,0.5489968979360565
2025-01-22,LEU,Energy,94.38999938964844,90.80999755859375,0.5787909424687165
2025-01-31,LEU,Energy,86.91000366210938,82.30000305175781,0.6012450187532009
2025-02-06,LEU,Energy,85.23999786376953,81.80999755859375,0.6188402852546849
2025-02-25,LEU,Energy,92.3499984741211,87.62999725341797,0.5021374660232095
2025-02-26,LEU,Energy,90.36000061035156,93.5,0.6784060739316936
2025-02-27,LEU,Energy,96.5,89.5199966430664,0.8329765077545631
2025-03-03,LEU,Energy,92.66000366210938,84.0,0.6967132688920853
2025-03-12,LEU,Energy,77.0,74.23999786376953,0.7513851735450194
2025-03-26,LEU,Energy,74.2300033569336,69.98999786376953,0.6953311829359334
2025-04-01,LEU,Energy,64.66000366210938,64.91000366210938,0.628459960061191
2025-04-08,LEU,Energy,63.65999984741211,55.45000076293945,0.9799193573199235
2025-04-14,LEU,Energy,67.18000030517578,64.87000274658203,0.7198453692271352
2025-04-23,LEU,Energy,67.61000061035156,67.2699966430664,0.7379053936110084
2025-04-28,LEU,Energy,72.0,70.37000274658203,0.6502124300173547
2025-05-01,LEU,Energy,70.87999725341797,71.08999633789062,0.514567558543919
2025-05-09,LEU,Energy,90.83999633789062,93.5999984741211,0.5550453351775787
2025-05-12,LEU,Energy,99.8499984741211,94.70999908447266,0.8575559585837039
2025-05-20,LEU,Energy,96.4800033569336,95.08999633789062,0.5769252938344336
2025-05-28,LEU,Energy,130.5500030517578,127.73999786376953,0.6207915428585322
2025-05-29,LEU,Energy,129.60000610351562,123.5,0.8777834814701883
2025-06-03,LEU,Energy,135.47000122070312,131.4499969482422,0.6745759079707068
2025-06-05,LEU,Energy,144.3800048828125,136.33999633789062,0.5665413412946455
2025-06-09,LEU,Energy,149.33999633789062,146.0800018310547,0.6246817076708417
2025-06-10,LEU,Energy,147.58999633789062,145.9199981689453,0.5323473819579599
2025-06-17,LEU,Energy,175.0,173.02999877929688,0.702333469977402
2025-06-20,LEU,Energy,193.19000244140625,190.0399932861328,0.6493931866190267
2025-06-24,LEU,Energy,198.10000610351562,192.17999267578125,0.5758316298941987
2025-06-25,LEU,Energy,195.6999969482422,181.17999267578125,0.6460343251354783
2025-07-08,LEU,Energy,185.5,173.85000610351562,0.6786493073641187
2025-07-09,LEU,Energy,180.14999389648438,179.3699951171875,0.5767738022472789
2025-07-24,LEU,Energy,235.0,242.3300018310547,0.510187554428005
2025-07-25,LEU,Energy,245.0,241.0,0.5225464992417301
2025-07-28,LEU,Energy,246.0,239.39999389648438,0.681426015906981
2025-08-05,LEU,Energy,212.7899932861328,213.8000030517578,0.607413958316196
2025-08-07,LEU,Energy,235.0,234.94000244140625,0.5226549629138543
2025-08-14,LEU,Energy,188.61000061035156,189.0800018310547,0.7494072508251068
2025-08-19,LEU,Energy,178.7100067138672,166.5800018310547,0.6094831288790162
2025-08-21,LEU,Energy,177.07000732421875,177.27999877929688,0.5217396994787411
2025-08-22,LEU,Energy,178.92999267578125,186.47000122070312,0.5857511411498905
2025-08-25,LEU,Energy,192.0,185.27999877929688,0.6018721376569892
2025-08-26,LEU,Energy,194.25,208.6699981689453,0.5392881148366658
2025-08-28,LEU,Energy,206.05999755859375,209.3800048828125,0.5325935557119176
2025-08-29,LEU,Energy,211.69000244140625,201.72999572753906,0.5900477349622494
2025-09-03,LEU,Energy,207.5,201.5399932861328,0.6128849843982035
2025-09-05,LEU,Energy,201.0,205.38999938964844,0.6079294103623233
2025-09-23,LEU,Energy,310.0,302.5899963378906,0.6198642192947316
2025-09-26,LEU,Energy,316.1499938964844,305.3500061035156,0.534535369615391
2025-10-08,LEU,Energy,378.8800048828125,364.2200012207031,0.5785284700577746
2025-10-10,LEU,Energy,380.9800109863281,363.7099914550781,0.6592690485461626
2025-10-15,LEU,Energy,430.0,436.0,0.5881520565180826
2025-10-16,LEU,Energy,454.0,415.42999267578125,0.7966020248860367
2025-10-20,LEU,Energy,400.0,399.8699951171875,0.6546162200212289
2025-10-27,LEU,Energy,391.1499938964844,359.7300109863281,0.6817954638165499
2025-10-28,LEU,Energy,374.0,363.70001220703125,0.5767582917069505
2025-10-31,LEU,Energy,386.0,367.4599914550781,0.6396158395838314
2025-11-05,LEU,Energy,331.0,325.7300109863281,0.5258793967457711
2025-11-10,LEU,Energy,308.989990234375,290.20001220703125,0.6679281215005223
2025-11-20,LEU,Energy,282.9599914550781,241.30999755859375,0.9187025976317145
2025-11-26,LEU,Energy,254.0,254.22000122070312,0.5885176456341831
2025-12-05,LEU,Energy,287.0,266.2300109863281,0.5398040922739137
2025-12-08,LEU,Energy,269.260009765625,268.5,0.5392384213686088
2025-12-18,LEU,Energy,227.61000061035156,229.67999267578125,0.510286114427317
2025-12-19,LEU,Energy,235.1999969482422,261.7699890136719,0.5372335450768214
2025-12-22,LEU,Energy,270.25,261.1600036621094,0.5040299033378683
2026-01-02,LEU,Energy,247.85000610351562,272.5,0.5813448485839582
2026-01-05,LEU,Energy,280.67999267578125,300.4100036621094,0.5369024976902671
2026-01-12,LEU,Energy,308.4800109863281,309.260009765625,0.6650214059336655
2024-01-18,LRCX,Technology,76.11161042877859,77.06803894042969,0.5119475066820062
2024-01-24,LRCX,Technology,83.3804281603594,83.19993591308594,0.581588169475211
2024-01-25,LRCX,Technology,86.02899142995048,84.91071319580078,0.6698820099566221
2024-03-06,LRCX,Technology,95.80706519390645,96.31519317626953,0.5372831684929155
2024-03-07,LRCX,Technology,97.01657527369024,97.56198120117188,0.5179310085637733
2024-03-18,LRCX,Technology,90.67823281328553,90.96037292480469,0.5168151980142174
2024-03-21,LRCX,Technology,96.64441161803373,96.59231567382812,0.5005062045266676
2024-04-04,LRCX,Technology,97.57733309994153,93.55072784423828,0.5191529487624212
2024-04-15,LRCX,Technology,95.934642446156,93.01397705078125,0.5238571988215123
2024-04-19,LRCX,Technology,87.97776150858135,85.55059051513672,0.5612318072370841
2024-04-24,LRCX,Technology,89.19675912226468,86.98979187011719,0.632340209949798
2024-04-25,LRCX,Technology,89.3923841088124,88.61970520019531,0.5298238529285656
2024-05-23,LRCX,Technology,97.44264865012107,94.18971252441406,0.6130682187920581
2024-06-03,LRCX,Technology,93.09261924778983,91.97783660888672,0.5115242415478646
2024-07-18,LRCX,Technology,96.93147268656534,93.82117462158203,0.5477787881124156
2024-07-19,LRCX,Technology,94.50469171472596,90.32577514648438,0.555903089419674
2024-07-26,LRCX,Technology,89.4383871112767,88.11271667480469,0.6292570241671145
2024-07-29,LRCX,Technology,89.54573155474762,87.88618469238281,0.5772850538797364
2024-07-30,LRCX,Technology,88.6406208541841,84.1948013305664,0.5597098124468909
2024-08-07,LRCX,Technology,78.59370576510753,73.67513275146484,0.5146919462615563
2024-08-30,LRCX,Technology,81.11503005609075,80.86092376708984,0.5127421428352548
2024-09-09,LRCX,Technology,73.16692644543024,72.32188415527344,0.5727006694904136
2024-09-10,LRCX,Technology,72.73848834207253,72.05103302001953,0.5424778611605612
2024-09-13,LRCX,Technology,74.43744478943177,75.80940246582031,0.5084968015765483
2024-09-19,LRCX,Technology,78.61640843327916,77.95155334472656,0.5021718299167425
2024-10-16,LRCX,Technology,76.21583473422929,73.24227905273438,0.5160449406948541
2024-10-17,LRCX,Technology,75.53417854968427,72.25437927246094,0.5365803482316224
2024-10-18,LRCX,Technology,73.33118382793718,71.9580078125,0.5119591367894181
2024-10-24,LRCX,Technology,75.25757569642902,75.64285278320312,0.5213822783272201
2024-12-23,LRCX,Technology,71.6934185696506,73.13026428222656,0.5160707809287356
2025-01-02,LRCX,Technology,72.05016210841808,71.7826156616211,0.5373434677797585
2025-01-03,LRCX,Technology,72.51589717932168,74.42838287353516,0.5365224862277628
2025-01-07,LRCX,Technology,78.14435667237143,76.81651306152344,0.5093058945793729
2025-01-14,LRCX,Technology,74.3590147820245,74.37882995605469,0.5267994655743031
2025-01-17,LRCX,Technology,80.67121653534089,79.5712890625,0.5104348792112996
2025-02-26,LRCX,Technology,80.94867025006462,80.56221008300781,0.561508388354834
2025-03-03,LRCX,Technology,77.23270218998624,75.09230041503906,0.6178271271852903
2025-03-12,LRCX,Technology,74.85178215256741,76.12399291992188,0.5392633595784544
2025-04-08,LRCX,Technology,64.25665358885257,59.8834228515625,0.9202379632501647
2025-04-14,LRCX,Technology,68.22237370678957,67.4471206665039,0.5312052702999978
2025-04-23,LRCX,Technology,66.4034973513578,66.32398986816406,0.5595340312179626
2025-05-01,LRCX,Technology,71.74083047245158,71.29357147216797,0.5194831254016451
2025-05-08,LRCX,Technology,75.63697825980579,74.44428253173828,0.5000330201989867
2025-05-29,LRCX,Technology,85.32765381808859,83.64794158935547,0.5284550116590919
2025-06-06,LRCX,Technology,85.73516670919975,85.82461547851562,0.5232335670280043
2025-07-28,LRCX,Technology,98.62257083017688,98.26387023925781,0.5051677963771506
2025-07-29,LRCX,Technology,99.03108984929537,98.58271789550781,0.7452374845331896
2025-07-30,LRCX,Technology,99.16061762586885,98.73217010498047,0.5077960731840893
2025-08-04,LRCX,Technology,97.07816963941328,98.05463409423828,0.5442308857040952
2025-09-16,LRCX,Technology,119.54673710902661,120.03496551513672,0.5044705396436752
2025-09-18,LRCX,Technology,126.09301861751881,125.86384582519531,0.5157842162405527
2025-09-22,LRCX,Technology,129.3312831781452,131.7226104736328,0.5562500855014302
2025-10-02,LRCX,Technology,146.728441692449,146.7484130859375,0.5410737231576405
2025-10-06,LRCX,Technology,149.65361346739465,148.90484619140625,0.611554721274613
2025-10-13,LRCX,Technology,137.86303467324433,137.58349609375,0.5018680835253737
2025-10-24,LRCX,Technology,149.6636146837047,151.43069458007812,0.502788315152844
2025-10-27,LRCX,Technology,155.8833749461289,156.64212036132812,0.5063485208277287
2025-11-03,LRCX,Technology,159.72704534918736,160.97499084472656,0.5526157351505232
2025-11-19,LRCX,Technology,146.5287729098994,148.55543518066406,0.5442367452806094
2025-11-20,LRCX,Technology,153.2077787096926,139.36056518554688,0.5453993638792035
2025-11-24,LRCX,Technology,145.36070055810933,150.13284301757812,0.5369412616893445
2025-12-15,LRCX,Technology,163.39999389648438,164.3000030517578,0.5134901447749445
2025-12-19,LRCX,Technology,166.0800018310547,172.27000427246094,0.5092188903411548
2025-12-22,LRCX,Technology,175.67999267578125,175.25999450683594,0.521001087122554
2025-12-26,LRCX,Technology,178.42999267578125,178.07000732421875,0.5596190683334881
2026-01-02,LRCX,Technology,177.85000610351562,185.05999755859375,0.5161315893780956
2026-01-06,LRCX,Technology,197.7899932861328,206.9600067138672,0.5099014690284718
2024-01-18,LTBR,Industrials,3.3299999237060547,3.0899999141693115,0.6808010675350423
2024-01-25,LTBR,Industrials,3.190000057220459,3.0999999046325684,0.7191560807937054
2024-01-26,LTBR,Industrials,3.140000104904175,3.049999952316284,0.5889375616627002
2024-02-02,LTBR,Industrials,3.25,3.130000114440918,0.5123262361706702
2024-02-05,LTBR,Industrials,3.1500000953674316,3.0399999618530273,0.5985141595625422
2024-02-22,LTBR,Industrials,2.9800000190734863,2.8499999046325684,0.6031641134903423
2024-02-23,LTBR,Industrials,3.0,2.880000114440918,0.5689504748915372
2024-02-26,LTBR,Industrials,2.9100000858306885,2.9800000190734863,0.5104616255244201
2024-03-04,LTBR,Industrials,2.880000114440918,2.7899999618530273,0.5719700764225027
2024-03-19,LTBR,Industrials,3.2300000190734863,3.0199999809265137,0.6674072476700333
2024-03-21,LTBR,Industrials,3.0999999046325684,2.9600000381469727,0.809522847380081
2024-04-09,LTBR,Industrials,2.740000009536743,2.7300000190734863,0.5908023300790596
2024-04-11,LTBR,Industrials,2.759999990463257,2.799999952316284,0.6106563236198003
2024-04-12,LTBR,Industrials,2.8299999237060547,2.809999942779541,0.7456961026129572
2024-04-17,LTBR,Industrials,2.630000114440918,2.5199999809265137,0.6276697485541589
2024-04-29,LTBR,Industrials,2.5899999141693115,2.680000066757202,0.5979307032147649
2024-05-03,LTBR,Industrials,2.5899999141693115,2.559999942779541,0.510268663635532
2024-05-15,LTBR,Industrials,2.430000066757202,2.359999895095825,0.572564433624355
2024-05-31,LTBR,Industrials,2.809999942779541,2.700000047683716,0.5278563766220817
2024-06-03,LTBR,Industrials,2.7200000286102295,2.690000057220459,0.5333072135713928
2024-06-07,LTBR,Industrials,2.440000057220459,2.430000066757202,0.6169488707137989
2024-06-12,LTBR,Industrials,2.4600000381469727,2.549999952316284,0.7283801790065928
2024-06-14,LTBR,Industrials,2.440000057220459,2.450000047683716,0.620121201073948
2024-06-17,LTBR,Industrials,2.4700000286102295,2.450000047683716,0.5815430606824971
2024-06-18,LTBR,Industrials,2.4800000190734863,2.490000009536743,0.6565803030299519
2024-06-27,LTBR,Industrials,4.199999809265137,3.640000104904175,0.8061165088448723
2024-07-02,LTBR,Industrials,4.059999942779541,3.609999895095825,0.7363289319068429
2024-07-08,LTBR,Industrials,4.010000228881836,4.079999923706055,0.7124288408265559
2024-07-10,LTBR,Industrials,4.059999942779541,3.740000009536743,0.8272812662842765
2024-07-11,LTBR,Industrials,3.7699999809265137,3.7300000190734863,0.7762661403541606
2024-07-15,LTBR,Industrials,4.039999961853027,3.9100000858306885,0.5340166866011232
2024-07-17,LTBR,Industrials,4.190000057220459,3.6600000858306885,0.9249412395387487
2024-07-18,LTBR,Industrials,3.690000057220459,3.3299999237060547,0.5443637522432797
2024-07-26,LTBR,Industrials,3.069999933242798,3.0899999141693115,0.5747200956710291
2024-07-29,LTBR,Industrials,3.1500000953674316,3.0799999237060547,0.6144716560922335
2024-08-16,LTBR,Industrials,2.5799999237060547,2.609999895095825,0.5421991213948307
2024-08-26,LTBR,Industrials,2.7100000381469727,2.740000009536743,0.5098749864253731
2024-08-30,LTBR,Industrials,2.5799999237060547,2.490000009536743,0.7303434549346076
2024-09-10,LTBR,Industrials,2.440000057220459,2.5299999713897705,0.621282807523159
2024-09-16,LTBR,Industrials,2.630000114440918,2.490000009536743,0.6007388686717862
2024-09-19,LTBR,Industrials,2.4200000762939453,2.4800000190734863,0.6912517191872458
2024-09-26,LTBR,Industrials,2.9000000953674316,2.799999952316284,0.739783393538883
2024-10-09,LTBR,Industrials,3.2300000190734863,2.9700000286102295,0.5446236103291278
2024-10-17,LTBR,Industrials,5.039999961853027,4.449999809265137,0.8012132131482693
2024-10-21,LTBR,Industrials,9.3100004196167,8.829999923706055,0.6712972226655575
2024-11-01,LTBR,Industrials,10.350000381469727,7.239999771118164,0.8886596938339838
2024-11-13,LTBR,Industrials,8.75,7.360000133514404,0.7932821822560022
2024-11-14,LTBR,Industrials,7.409999847412109,7.329999923706055,0.672325085667892
2024-11-18,LTBR,Industrials,6.550000190734863,6.610000133514404,0.5118293108964252
2024-11-22,LTBR,Industrials,6.920000076293945,6.300000190734863,0.5567628819770308
2024-11-25,LTBR,Industrials,6.389999866485596,6.269999980926514,0.5711587594968696
2024-11-26,LTBR,Industrials,6.329999923706055,5.789999961853027,0.5361184681168727
2024-12-02,LTBR,Industrials,6.650000095367432,5.710000038146973,0.644954344289436
2024-12-04,LTBR,Industrials,6.010000228881836,5.820000171661377,0.5743618575498295
2024-12-09,LTBR,Industrials,5.940000057220459,5.489999771118164,0.680555707435804
2024-12-17,LTBR,Industrials,4.71999979019165,4.760000228881836,0.6073950296519408
2024-12-18,LTBR,Industrials,4.900000095367432,4.489999771118164,0.8059625960015568
2024-12-19,LTBR,Industrials,4.599999904632568,4.53000020980835,0.7540875491056307
2024-12-27,LTBR,Industrials,5.739999771118164,5.309999942779541,0.7886395378013563
2025-01-06,LTBR,Industrials,6.949999809265137,6.369999885559082,0.6758017573542502
2025-01-14,LTBR,Industrials,5.349999904632568,5.070000171661377,0.5360034878753804
2025-01-17,LTBR,Industrials,5.539999961853027,5.690000057220459,0.5877301497947468
2025-01-31,LTBR,Industrials,8.9399995803833,9.050000190734863,0.5034936973655587
2025-02-04,LTBR,Industrials,9.380000114440918,9.579999923706055,0.5037159369892681
2025-02-05,LTBR,Industrials,9.75,9.470000267028809,0.7669937286079545
2025-02-06,LTBR,Industrials,9.6899995803833,8.960000038146973,0.55545494972552
2025-02-14,LTBR,Industrials,15.300000190734863,13.5600004196167,0.7262081735265474
2025-02-18,LTBR,Industrials,14.430000305175781,13.479999542236328,0.8328389821736686
2025-02-19,LTBR,Industrials,13.550000190734863,12.970000267028809,0.5787431969072819
2025-02-21,LTBR,Industrials,12.850000381469727,11.319999694824219,0.822348884052952
2025-02-26,LTBR,Industrials,10.010000228881836,9.859999656677246,0.825610694630313
2025-02-27,LTBR,Industrials,10.350000381469727,9.989999771118164,0.8487006855713695
2025-03-03,LTBR,Industrials,11.550000190734863,9.569999694824219,0.8445731721863124
2025-03-07,LTBR,Industrials,9.319999694824219,9.300000190734863,0.5961971135384484
2025-03-12,LTBR,Industrials,8.859999656677246,8.630000114440918,0.7800738173861659
2025-03-26,LTBR,Industrials,8.510000228881836,7.980000019073486,0.7083536201811874
2025-03-27,LTBR,Industrials,8.100000381469727,7.730000019073486,0.6644627894466
2025-04-08,LTBR,Industrials,7.480000019073486,6.730000019073486,0.982844303315064
2025-04-14,LTBR,Industrials,8.300000190734863,7.599999904632568,0.6404431166444883
2025-04-17,LTBR,Industrials,7.420000076293945,7.5,0.7626564707793444
2025-04-23,LTBR,Industrials,8.350000381469727,8.34000015258789,0.7685833789206452
2025-05-01,LTBR,Industrials,9.130000114440918,9.34000015258789,0.5099506729634906
2025-05-08,LTBR,Industrials,9.65999984741211,9.710000038146973,0.544971059983143
2025-05-09,LTBR,Industrials,9.8100004196167,9.539999961853027,0.6134823415154061
2025-05-12,LTBR,Industrials,10.149999618530273,10.930000305175781,0.6729180089454136
2025-05-20,LTBR,Industrials,10.329999923706055,10.010000228881836,0.6110847681552256
2025-05-29,LTBR,Industrials,17.049999237060547,14.949999809265137,0.8736395098763126
2025-06-03,LTBR,Industrials,15.729999542236328,14.819999694824219,0.6870738141878924
2025-06-05,LTBR,Industrials,15.699999809265137,14.6899995803833,0.5886900730275885
2025-06-09,LTBR,Industrials,16.260000228881836,15.729999542236328,0.5601937109980692
2025-06-10,LTBR,Industrials,16.139999389648438,13.430000305175781,0.6564126259729632
2025-06-16,LTBR,Industrials,13.619999885559082,13.430000305175781,0.5578697334068908
2025-06-17,LTBR,Industrials,13.600000381469727,13.029999732971191,0.676668873974092
2025-06-20,LTBR,Industrials,13.220000267028809,13.329999923706055,0.6296742880755463
2025-06-26,LTBR,Industrials,14.069999694824219,13.5600004196167,0.5120795781386401
2025-06-27,LTBR,Industrials,13.979999542236328,13.300000190734863,0.59149012588535
2025-06-30,LTBR,Industrials,13.380000114440918,13.369999885559082,0.5093477219361778
2025-07-08,LTBR,Industrials,13.140000343322754,12.119999885559082,0.7038939109277748
2025-07-09,LTBR,Industrials,12.25,12.119999885559082,0.7161568897039787
2025-07-28,LTBR,Industrials,15.170000076293945,14.989999771118164,0.6086961697357081
2025-08-05,LTBR,Industrials,14.260000228881836,14.270000457763672,0.5913507570547988
2025-08-07,LTBR,Industrials,14.75,14.069999694824219,0.5402924100582093
2025-08-11,LTBR,Industrials,14.0,13.5,0.5021348726444157
2025-08-22,LTBR,Industrials,14.380000114440918,15.350000381469727,0.535874282883816
2025-09-03,LTBR,Industrials,15.260000228881836,14.489999771118164,0.626052321349604
2025-09-05,LTBR,Industrials,14.300000190734863,14.229999542236328,0.6589747627194095
2025-09-10,LTBR,Industrials,14.720000267028809,13.800000190734863,0.5370235207920174
2025-09-18,LTBR,Industrials,15.0600004196167,15.140000343322754,0.5169694259763506
2025-10-08,LTBR,Industrials,23.34000015258789,23.09000015258789,0.51584779291952
2025-10-10,LTBR,Industrials,24.229999542236328,22.079999923706055,0.654848519580076
2025-10-16,LTBR,Industrials,27.770000457763672,26.40999984741211,0.6874116747546687
2025-10-20,LTBR,Industrials,24.850000381469727,26.079999923706055,0.5853195712911131
2025-10-27,LTBR,Industrials,26.0,23.790000915527344,0.686206230662395
2025-10-28,LTBR,Industrials,24.280000686645508,24.420000076293945,0.5592762487019612
2025-11-03,LTBR,Industrials,27.260000228881836,24.780000686645508,0.6235273589647927
2025-11-05,LTBR,Industrials,23.09000015258789,23.190000534057617,0.6104397992282568
2025-11-10,LTBR,Industrials,20.309999465942383,20.549999237060547,0.5768189815020628
2025-11-12,LTBR,Industrials,20.489999771118164,20.15999984741211,0.567930532239791
2025-11-20,LTBR,Industrials,17.559999465942383,14.529999732971191,0.9076935632139886
2025-11-26,LTBR,Industrials,15.220000267028809,15.170000076293945,0.51968281963644
2025-12-05,LTBR,Industrials,17.8799991607666,17.139999389648438,0.671863455429842
2025-12-08,LTBR,Industrials,17.43000030517578,16.940000534057617,0.555940988645932
2025-12-15,LTBR,Industrials,15.6899995803833,14.489999771118164,0.7274051359719277
2025-12-18,LTBR,Industrials,13.5600004196167,13.510000228881836,0.5061765544007997
2025-12-22,LTBR,Industrials,14.489999771118164,14.779999732971191,0.5407132861838309
2026-01-02,LTBR,Industrials,12.880000114440918,14.109999656677246,0.5701559067279091
2026-01-05,LTBR,Industrials,15.010000228881836,15.609999656677246,0.5949605376323082
2026-01-12,LTBR,Industrials,16.65999984741211,16.510000228881836,0.6644937776548934
2026-01-14,LTBR,Industrials,16.770000457763672,18.010000228881836,0.7032819534250472
2024-01-22,LUMN,Communication Services,1.3300000429153442,1.3799999952316284,0.5460695377492443
2024-01-24,LUMN,Communication Services,1.3899999856948853,1.350000023841858,0.8952880157560198
2024-01-25,LUMN,Communication Services,1.3799999952316284,1.3799999952316284,0.7274291119711014
2024-01-26,LUMN,Communication Services,1.399999976158142,1.399999976158142,0.6896588826594159
2024-02-01,LUMN,Communication Services,1.25,1.2799999713897705,0.5344826615750021
2024-02-07,LUMN,Communication Services,1.5199999809265137,1.4500000476837158,0.7142690921800016
2024-02-21,LUMN,Communication Services,1.559999942779541,1.5499999523162842,0.5979322033483125
2024-02-28,LUMN,Communication Services,1.5700000524520874,1.6100000143051147,0.6403667879656697
2024-03-06,LUMN,Communication Services,1.7699999809265137,1.7100000381469727,0.5058780159836764
2024-03-07,LUMN,Communication Services,1.7200000286102295,1.7300000190734863,0.5350404007332554
2024-03-08,LUMN,Communication Services,1.75,1.8200000524520874,0.5083644876149878
2024-03-21,LUMN,Communication Services,1.7899999618530273,1.7100000381469727,0.7859135725059583
2024-03-22,LUMN,Communication Services,1.7200000286102295,1.6100000143051147,0.6059953336898596
2024-03-25,LUMN,Communication Services,1.6299999952316284,1.6100000143051147,0.5665884899222631
2024-04-09,LUMN,Communication Services,1.3799999952316284,1.4600000381469727,0.5391957994658895
2024-04-11,LUMN,Communication Services,1.409999966621399,1.440000057220459,0.5930945963563699
2024-04-15,LUMN,Communication Services,1.3899999856948853,1.3700000047683716,0.5330823469049103
2024-04-23,LUMN,Communication Services,1.3899999856948853,1.3600000143051147,0.6548719911651952
2024-04-24,LUMN,Communication Services,1.3700000047683716,1.2899999618530273,0.55582480149624
2024-04-26,LUMN,Communication Services,1.2300000190734863,1.2100000381469727,0.5429214304897356
2024-04-29,LUMN,Communication Services,1.2400000095367432,1.2200000286102295,0.6748705189181949
2024-05-03,LUMN,Communication Services,1.3799999952316284,1.3200000524520874,0.5415594910307732
2024-05-06,LUMN,Communication Services,1.3300000429153442,1.3200000524520874,0.5119102301698506
2024-05-15,LUMN,Communication Services,1.350000023841858,1.2999999523162842,0.5478200188270883
2024-06-11,LUMN,Communication Services,1.2300000190734863,1.2300000190734863,0.5380909246600193
2024-06-12,LUMN,Communication Services,1.25,1.2300000190734863,0.6792744483856927
2024-06-17,LUMN,Communication Services,1.1399999856948853,1.0800000429153442,0.7024206717206412
2024-06-18,LUMN,Communication Services,1.090000033378601,1.0700000524520874,0.6057231610841513
2024-06-21,LUMN,Communication Services,1.159999966621399,1.0700000524520874,0.8170111577156478
2024-07-22,LUMN,Communication Services,1.3899999856948853,1.4299999475479126,0.6111483793024701
2024-07-24,LUMN,Communication Services,1.6200000047683716,1.5199999809265137,0.8068135025491997
2024-07-26,LUMN,Communication Services,1.690000057220459,1.7699999809265137,0.5233500032269521
2024-08-01,LUMN,Communication Services,3.2699999809265137,3.319999933242798,0.5599544468318489
2024-08-07,LUMN,Communication Services,7.21999979019165,6.630000114440918,0.7153070310601821
2024-08-19,LUMN,Communication Services,6.070000171661377,5.760000228881836,0.7438294553695521
2024-08-20,LUMN,Communication Services,5.789999961853027,6.150000095367432,0.5478412861362845
2024-08-30,LUMN,Communication Services,5.230000019073486,5.25,0.6917346658316876
2024-09-05,LUMN,Communication Services,5.420000076293945,5.5,0.5106211615421374
2024-09-09,LUMN,Communication Services,5.869999885559082,5.679999828338623,0.6120659525400669
2024-09-10,LUMN,Communication Services,5.789999961853027,5.360000133514404,0.6649970922103315
2024-09-17,LUMN,Communication Services,6.349999904632568,6.320000171661377,0.5431396767254895
2024-09-18,LUMN,Communication Services,6.369999885559082,6.380000114440918,0.5532715075303056
2024-09-19,LUMN,Communication Services,6.539999961853027,6.699999809265137,0.6674587959802141
2024-09-26,LUMN,Communication Services,7.21999979019165,6.940000057220459,0.7380440284316426
2024-10-01,LUMN,Communication Services,7.150000095367432,6.710000038146973,0.5839094061396369
2024-10-15,LUMN,Communication Services,6.119999885559082,6.179999828338623,0.5639753653324855
2024-10-21,LUMN,Communication Services,7.510000228881836,6.570000171661377,0.7586038241373897
2024-10-24,LUMN,Communication Services,6.199999809265137,6.28000020980835,0.5341916086467452
2024-10-28,LUMN,Communication Services,6.519999980926514,6.409999847412109,0.503019436545296
2024-10-30,LUMN,Communication Services,6.710000038146973,6.690000057220459,0.5823221478181438
2024-11-01,LUMN,Communication Services,6.5,7.0,0.5886229574187704
2024-11-13,LUMN,Communication Services,9.430000305175781,8.890000343322754,0.7399862281389963
2024-11-27,LUMN,Communication Services,7.699999809265137,7.369999885559082,0.5164066801744205
2024-12-19,LUMN,Communication Services,5.880000114440918,6.059999942779541,0.6319211269357917
2025-01-17,LUMN,Communication Services,5.659999847412109,5.659999847412109,0.5107928245213291
2025-01-21,LUMN,Communication Services,5.78000020980835,5.480000019073486,0.5219503234538678
2025-01-28,LUMN,Communication Services,5.039999961853027,5.079999923706055,0.5719091775289425
2025-01-30,LUMN,Communication Services,5.079999923706055,5.0,0.5104374016825031
2025-01-31,LUMN,Communication Services,5.059999942779541,4.940000057220459,0.6775533286134475
2025-02-05,LUMN,Communication Services,5.489999771118164,4.96999979019165,0.7047347623060988
2025-02-19,LUMN,Communication Services,4.960000038146973,4.880000114440918,0.6151290920002593
2025-02-21,LUMN,Communication Services,4.860000133514404,4.659999847412109,0.7934605640545215
2025-02-26,LUMN,Communication Services,4.889999866485596,4.710000038146973,0.740634522634348
2025-03-03,LUMN,Communication Services,4.760000228881836,4.789999961853027,0.676496592707568
2025-03-12,LUMN,Communication Services,5.0,4.980000019073486,0.7493705676735063
2025-03-13,LUMN,Communication Services,5.010000228881836,4.650000095367432,0.5144618821825939
2025-03-24,LUMN,Communication Services,5.050000190734863,4.860000133514404,0.560629484550641
2025-04-08,LUMN,Communication Services,3.619999885559082,3.240000009536743,0.9678521421333268
2025-04-14,LUMN,Communication Services,3.559999942779541,3.4700000286102295,0.729820204715035
2025-04-23,LUMN,Communication Services,3.3499999046325684,3.2799999713897705,0.7651167069544826
2025-05-01,LUMN,Communication Services,3.6700000762939453,3.5199999809265137,0.6452623953306975
2025-05-05,LUMN,Communication Services,3.9600000381469727,4.230000019073486,0.5126806598193266
2025-05-08,LUMN,Communication Services,4.300000190734863,4.159999847412109,0.5107401300732276
2025-05-12,LUMN,Communication Services,4.599999904632568,4.400000095367432,0.7540512874602798
2025-05-22,LUMN,Communication Services,4.360000133514404,3.8399999141693115,0.7064747130500034
2025-05-29,LUMN,Communication Services,4.0,3.9000000953674316,0.8223467012507295
2025-06-06,LUMN,Communication Services,3.990000009536743,3.940000057220459,0.5182803648877982
2025-06-09,LUMN,Communication Services,3.9800000190734863,4.199999809265137,0.5125790541437564
2025-06-11,LUMN,Communication Services,4.380000114440918,4.150000095367432,0.5360215256220966
2025-06-20,LUMN,Communication Services,4.010000228881836,3.940000057220459,0.599446206784079
2025-07-08,LUMN,Communication Services,4.440000057220459,4.519999980926514,0.6635187476480461
2025-07-15,LUMN,Communication Services,4.710000038146973,4.53000020980835,0.5159793565772374
2025-08-04,LUMN,Communication Services,3.8399999141693115,3.75,0.5587831395553954
2025-08-08,LUMN,Communication Services,3.799999952316284,3.759999990463257,0.5975356411719208
2025-08-14,LUMN,Communication Services,4.380000114440918,4.340000152587891,0.5417461731810885
2025-08-15,LUMN,Communication Services,4.429999828338623,4.429999828338623,0.5119571210465703
2025-08-22,LUMN,Communication Services,4.340000152587891,4.610000133514404,0.5485016108888908
2025-10-15,LUMN,Communication Services,7.059999942779541,7.269999980926514,0.6551269439630771
2025-10-16,LUMN,Communication Services,7.309999942779541,7.019999980926514,0.6558852365034115
2025-10-20,LUMN,Communication Services,7.0,7.159999847412109,0.6401819926559759
2025-11-06,LUMN,Communication Services,10.960000038146973,10.9399995803833,0.6193822130661055
2025-11-10,LUMN,Communication Services,10.899999618530273,10.489999771118164,0.6124024789818365
2025-11-12,LUMN,Communication Services,9.369999885559082,8.550000190734863,0.5608588771860197
2025-11-19,LUMN,Communication Services,7.699999809265137,7.679999828338623,0.6086109793551147
2025-11-20,LUMN,Communication Services,8.09000015258789,7.480000019073486,0.9201066960567976
2025-12-08,LUMN,Communication Services,8.350000381469727,8.369999885559082,0.5533608795160238
2025-12-18,LUMN,Communication Services,7.920000076293945,7.840000152587891,0.5161716451343642
2025-12-22,LUMN,Communication Services,8.369999885559082,7.769999980926514,0.5139696364470955
2025-12-30,LUMN,Communication Services,7.590000152587891,7.820000171661377,0.5490033621091092
2026-01-02,LUMN,Communication Services,7.900000095367432,7.690000057220459,0.5562431423355966
2024-07-26,MCD,Consumer Cyclical,244.23665639804676,243.36749267578125,0.6102219901740077
2024-07-29,MCD,Consumer Cyclical,244.8644422162244,252.46485900878906,0.5658572934642607
2024-08-01,MCD,Consumer Cyclical,257.6798526151998,259.5437316894531,0.5393831742466471
2024-09-10,MCD,Consumer Cyclical,284.4250161352961,282.9291076660156,0.6018237428765271
2024-09-19,MCD,Consumer Cyclical,285.8238118266543,285.4352722167969,0.6656969330955319
2024-11-01,MCD,Consumer Cyclical,286.07634977687997,286.75628662109375,0.6198353798055579
2024-11-06,MCD,Consumer Cyclical,291.6810955703385,285.5809326171875,0.6591593500748125
2025-01-07,MCD,Consumer Cyclical,287.0838574086551,282.74505615234375,0.631092057998139
2025-02-06,MCD,Consumer Cyclical,284.94381237431253,287.6506652832031,0.5735574531153412
2025-03-03,MCD,Consumer Cyclical,302.82562783337033,299.0711669921875,0.6472000914250282
2025-04-08,MCD,Consumer Cyclical,298.56988787616507,294.6876220703125,0.932008865833527
2025-08-01,MCD,Consumer Cyclical,299.98652980826387,299.38360595703125,0.5134154425425166
2025-11-04,MCD,Consumer Cyclical,296.43116642417056,297.4252014160156,0.5363161903598741
2025-11-21,MCD,Consumer Cyclical,304.44308546749676,307.5047302246094,0.6592198983273024
2024-01-18,MGK,Unknown,260.0106268920224,261.4880065917969,0.5939242504038593
2024-01-24,MGK,Unknown,268.74608029635976,268.2403869628906,0.7488050508848654
2024-02-07,MGK,Unknown,274.95305291517593,277.2434997558594,0.5502563298185844
2024-03-21,MGK,Unknown,289.23551632211746,286.545654296875,0.7012293341076203
2024-04-04,MGK,Unknown,285.3049650511218,279.13116455078125,0.5017384140236865
2024-04-05,MGK,Unknown,280.70932125106043,283.40911865234375,0.6401795000238617
2024-04-23,MGK,Unknown,270.21783340423457,272.7786865234375,0.5320492889056658
2024-04-24,MGK,Unknown,275.3295856452737,272.7191162109375,0.5876009966985309
2024-04-26,MGK,Unknown,274.6347468830389,275.8556213378906,0.515654650451483
2024-04-29,MGK,Unknown,277.4934012085788,276.5504455566406,0.7281976637305764
2024-05-23,MGK,Unknown,294.69467403262905,291.15118408203125,0.6303325305880095
2024-06-13,MGK,Unknown,310.0397822475188,309.2755126953125,0.5254926583659209
2024-07-15,MGK,Unknown,324.35183162144597,323.3086242675781,0.5845599163639018
2024-07-18,MGK,Unknown,315.97621462504253,310.97869873046875,0.561727540653807
2024-07-22,MGK,Unknown,312.6975558594621,313.9394836425781,0.580756905692412
2024-07-29,MGK,Unknown,302.40447440910145,301.36126708984375,0.6422926528467627
2024-08-01,MGK,Unknown,307.4615949214044,300.0597229003906,0.6788217922868374
2024-08-07,MGK,Unknown,290.65088030621314,284.49090576171875,0.7560153896181457
2024-08-30,MGK,Unknown,311.425847147662,312.6379699707031,0.5273348801701828
2024-09-19,MGK,Unknown,317.16853782967155,318.2514953613281,0.5434135654126662
2024-09-26,MGK,Unknown,323.6446517779876,320.87939453125,0.6509622556812837
2024-10-24,MGK,Unknown,324.81839770481605,325.41522216796875,0.527438637790435
2024-11-06,MGK,Unknown,329.2547578481297,331.5325927734375,0.5157338107777097
2024-12-19,MGK,Unknown,347.24884676358556,343.6778869628906,0.5144474221729137
2025-01-06,MGK,Unknown,350.62658076905717,350.9054870605469,0.5262898730143405
2025-01-16,MGK,Unknown,345.4468789592484,340.84490966796875,0.5117584824366268
2025-02-27,MGK,Unknown,343.0263273610721,331.14288330078125,0.7747831753167856
2025-03-12,MGK,Unknown,313.97020463379647,312.45611572265625,0.8519800678605571
2025-04-08,MGK,Unknown,288.60852912190103,272.8932800292969,0.8004523891884912
2025-04-14,MGK,Unknown,306.8366301301697,300.8935546875,0.5768680255771536
2025-04-17,MGK,Unknown,294.4020110220995,291.6797790527344,0.7282228361704707
2025-04-23,MGK,Unknown,301.9405472658945,298.5402526855469,0.7078859535260978
2025-05-01,MGK,Unknown,321.2855519304617,319.58038330078125,0.5770765330211747
2025-05-12,MGK,Unknown,334.79705584429854,336.23297119140625,0.8520388124409677
2025-05-29,MGK,Unknown,348.8969348190591,344.36981201171875,0.8076115523757533
2025-06-20,MGK,Unknown,351.37986622377235,347.18182373046875,0.5695737975747643
2025-07-15,MGK,Unknown,372.6419203354451,370.84515380859375,0.5180629134195837
2025-07-31,MGK,Unknown,386.73668105079616,379.8689880371094,0.5378233502352601
2025-09-03,MGK,Unknown,383.0632634353675,383.93170166015625,0.5870030057494666
2025-09-05,MGK,Unknown,390.5298825731277,386.2774963378906,0.5703485838097982
2025-10-27,MGK,Unknown,416.64318494260215,419.1707763671875,0.5547111657015756
2025-11-20,MGK,Unknown,410.9885547486271,394.45428466796875,0.796814144394193
2025-12-15,MGK,Unknown,411.8877105793517,407.4819030761719,0.6515155722095386
2025-12-19,MGK,Unknown,409.28019569509235,412.6269836425781,0.5582364646075834
2024-01-18,MP,Basic Materials,16.1299991607666,15.859999656677246,0.6645863210281251
2024-01-23,MP,Basic Materials,16.389999389648438,16.15999984741211,0.5275474075287265
2024-01-24,MP,Basic Materials,16.600000381469727,16.040000915527344,0.8785454702741627
2024-01-25,MP,Basic Materials,16.264999389648438,15.800000190734863,0.7677552838398731
2024-02-01,MP,Basic Materials,16.100000381469727,16.15999984741211,0.5505045804558151
2024-02-07,MP,Basic Materials,16.899999618530273,16.549999237060547,0.662990855687616
2024-02-29,MP,Basic Materials,15.550000190734863,15.210000038146973,0.5753309881518114
2024-03-01,MP,Basic Materials,15.350000381469727,15.470000267028809,0.5464567358280876
2024-03-05,MP,Basic Materials,15.710000038146973,14.270000457763672,0.6151982477966147
2024-03-06,MP,Basic Materials,14.59000015258789,14.739999771118164,0.5504767043510848
2024-03-08,MP,Basic Materials,15.5,15.239999771118164,0.5620339635695624
2024-03-21,MP,Basic Materials,14.0,14.220000267028809,0.7958467840634745
2024-04-01,MP,Basic Materials,14.739999771118164,15.079999923706055,0.5303784212169836
2024-04-12,MP,Basic Materials,17.649999618530273,16.84000015258789,0.8214314611499098
2024-04-15,MP,Basic Materials,16.989999771118164,16.5,0.5529510072624942
2024-04-17,MP,Basic Materials,16.56999969482422,16.780000686645508,0.668985576077051
2024-04-18,MP,Basic Materials,16.940000534057617,16.459999084472656,0.5906123588065795
2024-04-26,MP,Basic Materials,16.149999618530273,16.0,0.5163336212038172
2024-04-29,MP,Basic Materials,16.270000457763672,16.420000076293945,0.6269099901427404
2024-05-10,MP,Basic Materials,16.459999084472656,16.1299991607666,0.5570007232048537
2024-05-13,MP,Basic Materials,16.229999542236328,16.350000381469727,0.5182846347605051
2024-05-15,MP,Basic Materials,18.850000381469727,17.93000030517578,0.5970807816029591
2024-05-28,MP,Basic Materials,17.40999984741211,16.700000762939453,0.5278741185203296
2024-05-31,MP,Basic Materials,16.100000381469727,16.219999313354492,0.5559707103275173
2024-06-03,MP,Basic Materials,16.479999542236328,16.1299991607666,0.5338342972324855
2024-06-12,MP,Basic Materials,15.079999923706055,14.640000343322754,0.7074790934446027
2024-06-20,MP,Basic Materials,13.470000267028809,13.670000076293945,0.5970272250743994
2024-06-28,MP,Basic Materials,13.029999732971191,12.729999542236328,0.7047570911696318
2024-07-01,MP,Basic Materials,13.25,12.800000190734863,0.6094538524217731
2024-07-05,MP,Basic Materials,14.239999771118164,14.069999694824219,0.6090143884090842
2024-07-22,MP,Basic Materials,14.369999885559082,14.239999771118164,0.5633456551267746
2024-08-07,MP,Basic Materials,11.239999771118164,10.489999771118164,0.7674841647661784
2024-08-09,MP,Basic Materials,11.40999984741211,11.140000343322754,0.5445312084090808
2024-08-12,MP,Basic Materials,11.239999771118164,11.140000343322754,0.5003234993886339
2024-08-14,MP,Basic Materials,11.609999656677246,11.600000381469727,0.6166353691830354
2024-08-26,MP,Basic Materials,13.119999885559082,12.899999618530273,0.5255530157938232
2024-08-30,MP,Basic Materials,13.020000457763672,12.899999618530273,0.5080090257214349
2024-09-06,MP,Basic Materials,13.880000114440918,13.90999984741211,0.5445820812166312
2024-09-13,MP,Basic Materials,13.880000114440918,13.800000190734863,0.5463139379981312
2024-09-18,MP,Basic Materials,14.3100004196167,14.119999885559082,0.5137761993803052
2024-09-19,MP,Basic Materials,14.779999732971191,14.199999809265137,0.6835743994689939
2024-09-26,MP,Basic Materials,16.799999237060547,16.899999618530273,0.7162535339570034
2024-10-18,MP,Basic Materials,18.489999771118164,18.579999923706055,0.5161631380303303
2024-10-22,MP,Basic Materials,18.239999771118164,18.299999237060547,0.5880409415957395
2024-11-01,MP,Basic Materials,18.200000762939453,18.229999542236328,0.5648413351193352
2024-11-13,MP,Basic Materials,20.0,19.1200008392334,0.6832151755314837
2024-11-15,MP,Basic Materials,18.729999542236328,18.280000686645508,0.6469649722319796
2024-12-09,MP,Basic Materials,20.3700008392334,20.520000457763672,0.5276704040220929
2024-12-19,MP,Basic Materials,16.950000762939453,16.18000030517578,0.7059510834105085
2024-12-24,MP,Basic Materials,16.420000076293945,16.540000915527344,0.5031097632452354
2025-01-06,MP,Basic Materials,19.25,20.459999084472656,0.568179165519404
2025-01-07,MP,Basic Materials,20.719999313354492,20.579999923706055,0.6594358766755362
2025-01-10,MP,Basic Materials,19.5,19.75,0.6268079264977532
2025-01-14,MP,Basic Materials,19.84000015258789,19.389999389648438,0.5683481860327427
2025-01-17,MP,Basic Materials,21.440000534057617,20.940000534057617,0.5385104573397653
2025-01-21,MP,Basic Materials,21.200000762939453,20.8700008392334,0.5054657783424577
2025-01-22,MP,Basic Materials,21.5,21.079999923706055,0.5678770405830679
2025-02-03,MP,Basic Materials,22.350000381469727,22.229999542236328,0.8796180817822591
2025-02-06,MP,Basic Materials,24.200000762939453,24.110000610351562,0.6763575406101101
2025-02-14,MP,Basic Materials,24.68000030517578,23.719999313354492,0.5507076690286414
2025-02-21,MP,Basic Materials,24.56999969482422,24.299999237060547,0.7910182292591039
2025-02-24,MP,Basic Materials,24.440000534057617,24.270000457763672,0.6645408877298475
2025-02-26,MP,Basic Materials,24.110000610351562,23.770000457763672,0.6245953834696528
2025-03-03,MP,Basic Materials,24.139999389648438,22.530000686645508,0.7041902539086162
2025-03-12,MP,Basic Materials,24.530000686645508,24.34000015258789,0.7372219844838485
2025-03-24,MP,Basic Materials,26.219999313354492,26.459999084472656,0.5190081790685854
2025-03-25,MP,Basic Materials,26.6200008392334,26.93000030517578,0.5161437073442323
2025-04-04,MP,Basic Materials,26.100000381469727,23.059999465942383,0.8900862690333131
2025-04-08,MP,Basic Materials,26.0,21.940000534057617,0.9610132940825882
2025-04-15,MP,Basic Materials,29.280000686645508,25.06999969482422,0.6444085458296147
2025-04-28,MP,Basic Materials,24.770000457763672,24.850000381469727,0.5629064719081721
2025-05-12,MP,Basic Materials,22.56999969482422,21.139999389648438,0.8184755444136542
2025-05-14,MP,Basic Materials,22.145000457763672,21.079999923706055,0.6269701221203695
2025-05-22,MP,Basic Materials,19.799999237060547,20.079999923706055,0.5048290249531316
2025-05-29,MP,Basic Materials,19.75,19.770000457763672,0.8603601396434172
2025-06-02,MP,Basic Materials,22.8700008392334,20.5,0.8255427393329615
2025-06-03,MP,Basic Materials,20.700000762939453,22.0,0.5295362262366818
2025-06-06,MP,Basic Materials,27.09000015258789,25.700000762939453,0.6200591261501978
2025-06-10,MP,Basic Materials,28.479999542236328,27.229999542236328,0.5054006254283334
2025-06-20,MP,Basic Materials,38.63999938964844,37.7400016784668,0.6877387199910739
2025-06-24,MP,Basic Materials,36.79999923706055,34.90999984741211,0.5032555893285405
2025-07-08,MP,Basic Materials,31.25,31.190000534057617,0.7096325588997295
2025-07-09,MP,Basic Materials,31.549999237060547,30.030000686645508,0.6748902720945922
2025-07-10,MP,Basic Materials,48.099998474121094,45.22999954223633,0.6138167449905283
2025-07-16,MP,Basic Materials,61.08000183105469,58.54999923706055,0.7612241362602812
2025-07-21,MP,Basic Materials,63.71500015258789,59.0099983215332,0.7047338431198721
2025-07-28,MP,Basic Materials,62.66999816894531,64.11000061035156,0.6723324370854861
2025-07-29,MP,Basic Materials,65.04000091552734,60.2599983215332,0.7600365840374852
2025-08-06,MP,Basic Materials,69.6500015258789,67.51000213623047,0.5010534886079662
2025-08-07,MP,Basic Materials,71.0,71.06999969482422,0.5718724062030824
2025-08-08,MP,Basic Materials,76.94000244140625,74.31999969482422,0.6410786821445257
2025-08-11,MP,Basic Materials,74.93000030517578,72.69000244140625,0.5593119551065803
2025-08-13,MP,Basic Materials,75.54000091552734,75.4000015258789,0.5590438253203179
2025-08-25,MP,Basic Materials,68.48999786376953,72.30999755859375,0.5843779375817353
2025-09-03,MP,Basic Materials,68.30999755859375,65.98999786376953,0.6343370062297095
2025-09-05,MP,Basic Materials,64.69999694824219,63.04999923706055,0.6798458638386866
2025-09-10,MP,Basic Materials,63.959999084472656,62.439998626708984,0.5841670456679249
2025-09-15,MP,Basic Materials,66.01000213623047,65.94000244140625,0.6079285663744498
2025-09-18,MP,Basic Materials,68.06999969482422,72.12999725341797,0.5079050976224229
2025-09-24,MP,Basic Materials,76.41999816894531,71.2300033569336,0.5820673928420711
2025-09-29,MP,Basic Materials,69.31999969482422,68.18000030517578,0.5266523561743022
2025-10-07,MP,Basic Materials,75.9000015258789,73.7699966430664,0.5139617976442699
2025-10-08,MP,Basic Materials,75.23999786376953,70.58999633789062,0.5480601301601626
2025-10-09,MP,Basic Materials,73.6500015258789,72.29000091552734,0.5193524710924912
2025-10-10,MP,Basic Materials,74.41000366210938,78.33999633789062,0.5211471008232799
2025-10-14,MP,Basic Materials,97.79000091552734,98.6500015258789,0.6874399083183429
2025-10-16,MP,Basic Materials,91.93000030517578,83.83999633789062,0.6875659954212427
2025-10-20,MP,Basic Materials,83.5,82.9000015258789,0.6134899624736687
2025-10-23,MP,Basic Materials,70.875,68.44999694824219,0.5038484741813641
2025-10-29,MP,Basic Materials,65.44000244140625,64.29000091552734,0.5280388305410579
2025-10-30,MP,Basic Materials,66.97000122070312,64.91999816894531,0.7952710689742927
2025-11-06,MP,Basic Materials,56.38999938964844,51.95000076293945,0.7835305173061783
2025-11-10,MP,Basic Materials,61.54999923706055,64.18000030517578,0.6211235322051022
2025-11-13,MP,Basic Materials,60.15999984741211,57.540000915527344,0.7138587667970496
2025-11-20,MP,Basic Materials,64.25,56.68000030517578,0.8456830303010286
2025-11-26,MP,Basic Materials,58.77000045776367,60.150001525878906,0.5010341809220257
2025-12-05,MP,Basic Materials,63.63999938964844,62.09000015258789,0.5313579328000844
2025-12-15,MP,Basic Materials,57.06999969482422,53.2599983215332,0.7168844501698086
2025-12-17,MP,Basic Materials,54.130001068115234,52.029998779296875,0.6103899758306951
2025-12-18,MP,Basic Materials,53.439998626708984,52.040000915527344,0.5159190291381465
2025-12-22,MP,Basic Materials,54.540000915527344,54.38999938964844,0.530060628349049
2025-12-31,MP,Basic Materials,50.869998931884766,50.52000045776367,0.5318572832343087
2026-01-02,MP,Basic Materials,51.47999954223633,54.970001220703125,0.5586098145470573
2026-01-05,MP,Basic Materials,57.22999954223633,58.619998931884766,0.5603385909949672
2026-01-07,MP,Basic Materials,60.400001525878906,62.5,0.5101515158602618
2026-01-12,MP,Basic Materials,63.369998931884766,65.33999633789062,0.6328813506323966
2024-01-24,MRVL,Technology,71.29640327557314,71.82305145263672,0.5805397962103616
2024-01-25,MRVL,Technology,72.99558179071755,69.55745697021484,0.6876611337718883
2024-02-22,MRVL,Technology,68.42467432076752,69.42829132080078,0.501173949456172
2024-03-06,MRVL,Technology,81.12388822994134,80.85559844970703,0.5225062615396019
2024-03-21,MRVL,Technology,67.57011137839645,66.16902160644531,0.5190335927177854
2024-03-27,MRVL,Technology,71.09766961514592,71.85285949707031,0.5009975095167863
2024-04-04,MRVL,Technology,74.54573477002623,70.4319076538086,0.5199771703580824
2024-04-15,MRVL,Technology,70.76958675538364,67.50757598876953,0.5129201811568408
2024-04-24,MRVL,Technology,64.41463113583094,64.49419403076172,0.6653491758974944
2024-05-23,MRVL,Technology,75.44379371188893,74.6083984375,0.6154241115238706
2024-06-03,MRVL,Technology,69.81484953177173,67.83576965332031,0.5286403025161199
2024-06-05,MRVL,Technology,67.07993278953843,69.41704559326172,0.5265667335005119
2024-06-13,MRVL,Technology,74.18077200573465,72.47021484375,0.662305447178822
2024-06-18,MRVL,Technology,72.1519568078094,72.73871612548828,0.5247920343467694
2024-06-28,MRVL,Technology,68.92972784397372,69.51649475097656,0.5350287401947792
2024-07-18,MRVL,Technology,69.41507470064137,67.89220428466797,0.5444047916119684
2024-07-26,MRVL,Technology,65.60292029565477,65.41380310058594,0.5875184318622032
2024-07-30,MRVL,Technology,64.57771525232407,62.507408142089844,0.5142903862630692
2024-08-07,MRVL,Technology,60.06882627065023,55.888397216796875,0.5146919462615563
2024-08-15,MRVL,Technology,66.45890323213501,69.0069808959961,0.5004938423804665
2024-08-23,MRVL,Technology,70.13171945144879,71.50528717041016,0.5087196915452288
2024-08-30,MRVL,Technology,77.93518810690162,75.88478088378906,0.5188476492861579
2024-09-09,MRVL,Technology,67.52392304148559,68.60884857177734,0.5635286430084656
2024-09-11,MRVL,Technology,72.53049145717542,74.54107666015625,0.5349490267567664
2024-09-19,MRVL,Technology,74.48135781397755,74.53112030029297,0.5021415706800215
2024-10-17,MRVL,Technology,83.80734788593183,79.6035385131836,0.5253254472727668
2024-12-11,MRVL,Technology,109.46855123549238,110.93291473388672,0.501284677619045
2024-12-19,MRVL,Technology,107.30687509418026,108.69154357910156,0.5331745942905937
2024-12-23,MRVL,Technology,112.21797162092929,113.32371520996094,0.5054881347754635
2025-01-03,MRVL,Technology,114.66852768425929,117.72675323486328,0.5261209088033492
2025-01-06,MRVL,Technology,121.82100073834982,118.55358123779297,0.5029600432264274
2025-01-14,MRVL,Technology,116.35132568888689,114.81645202636719,0.5267994655743031
2025-01-22,MRVL,Technology,124.38450556650004,124.79313659667969,0.5044363223571586
2025-01-28,MRVL,Technology,102.95608594523887,103.53414916992188,0.5609709753893384
2025-01-29,MRVL,Technology,104.261721100713,106.43446350097656,0.5283302754392126
2025-01-30,MRVL,Technology,110.99920771139058,109.9626693725586,0.5030915406458847
2025-01-31,MRVL,Technology,112.0756143032353,112.4842529296875,0.5140530677336907
2025-02-10,MRVL,Technology,111.41780667635132,112.42444610595703,0.5293184791435922
2025-02-26,MRVL,Technology,95.53087947809402,94.58404541015625,0.6017943307659008
2025-02-27,MRVL,Technology,97.673724618119,87.35818481445312,0.6934325802307262
2025-03-12,MRVL,Technology,69.48787483060944,69.61743927001953,0.5540025205574297
2025-04-08,MRVL,Technology,54.059416233112486,49.86343002319336,0.9220325613395656
2025-04-14,MRVL,Technology,55.72729651694818,52.14518356323242,0.5330176118612117
2025-04-22,MRVL,Technology,49.99991118442632,50.5087890625,0.5212603063353151
2025-04-23,MRVL,Technology,54.72949604772335,53.65187072753906,0.589686973782769
2025-05-01,MRVL,Technology,60.01785180827209,60.81609344482422,0.5262789442701218
2025-05-08,MRVL,Technology,57.93244688507242,57.50339126586914,0.5240969304813569
2025-05-29,MRVL,Technology,67.21201489069142,63.589988708496094,0.5421654717160376
2025-06-06,MRVL,Technology,66.82287126682598,68.19983673095703,0.5297724901794709
2025-07-24,MRVL,Technology,73.56831313562719,73.93780517578125,0.5304604389654671
2025-07-28,MRVL,Technology,75.04627604065156,75.80522918701172,0.5245929949158425
2025-07-29,MRVL,Technology,76.29455677022618,76.23463439941406,0.757520913116662
2025-07-30,MRVL,Technology,82.99529390392082,81.62718200683594,0.5137355544875951
2025-07-31,MRVL,Technology,82.6357914468956,80.25907897949219,0.7011075678825954
2025-08-04,MRVL,Technology,75.59552112067753,76.42437744140625,0.5331745942905937
2025-10-06,MRVL,Technology,88.7273686465294,88.79727172851562,0.522443345143063
2025-10-10,MRVL,Technology,92.90315539383766,85.54844665527344,0.5364787356422676
2025-10-24,MRVL,Technology,83.81968354606965,84.06950378417969,0.508370559967695
2025-10-27,MRVL,Technology,85.9781388833241,88.6462173461914,0.5052235859912886
2025-10-31,MRVL,Technology,93.33284790837628,93.67259979248047,0.5003471727524758
2025-11-10,MRVL,Technology,93.10300945199434,93.16297149658203,0.5070585951346535
2025-11-19,MRVL,Technology,79.03312810191288,81.26152801513672,0.5600025327888779
2025-11-20,MRVL,Technology,83.34004009560961,76.62487030029297,0.5429154848687321
2025-11-24,MRVL,Technology,78.43355951047583,83.72975158691406,0.5219565842219566
2025-12-15,MRVL,Technology,84.8089791191092,84.19941711425781,0.5234729431046328
2025-12-17,MRVL,Technology,86.43780222255383,81.64125061035156,0.5087387832492738
2025-12-22,MRVL,Technology,86.51774782956932,84.73902893066406,0.5138312075601426
2025-12-26,MRVL,Technology,87.03737163233146,86.27791595458984,0.5693614135746489
2026-01-02,MRVL,Technology,86.6776331541274,89.32572937011719,0.5136477880418939
2026-01-06,MRVL,Technology,92.63334455447546,88.16656494140625,0.5121993275951977
2024-01-24,MSFT,Technology,395.641052600286,396.64605712890625,0.5803985292951214
2024-03-21,MSFT,Technology,424.29864595105556,423.8445739746094,0.5043848413373854
2024-04-04,MSFT,Technology,419.52089960464946,412.5024108886719,0.5198323770091151
2024-04-15,MSFT,Technology,421.1101986920762,408.3169860839844,0.512095212169091
2024-04-17,MSFT,Technology,411.88051429574114,406.5401306152344,0.5365224862277628
2024-05-01,MSFT,Technology,387.5575723765422,389.85760498046875,0.5604042779177145
2024-05-23,MSFT,Technology,428.1691242148773,422.26531982421875,0.6017148589290401
2024-07-29,MSFT,Technology,426.7945502371275,421.99835205078125,0.5746593892078603
2024-08-01,MSFT,Technology,416.12417291556886,412.4849548339844,0.5755431597879768
2024-08-30,MSFT,Technology,411.73253163556785,413.2582092285156,0.507265929729587
2024-09-09,MSFT,Technology,403.45033296201285,401.9444885253906,0.5467249388388258
2024-09-10,MSFT,Technology,404.4013853254675,410.3455505371094,0.551298491545775
2024-12-19,MSFT,Technology,438.38612742715867,433.8297424316406,0.5173533545155283
2025-01-02,MSFT,Technology,422.4139505741353,415.51483154296875,0.5451454086414104
2025-01-03,MSFT,Technology,417.99651176266025,420.2499084472656,0.5485184689568648
2025-01-06,MSFT,Technology,424.865875513533,424.71697998046875,0.5102177229868288
2025-01-22,MSFT,Technology,434.35587089419175,442.9326171875,0.5124913153293174
2025-01-31,MSFT,Technology,415.911907348454,412.0205993652344,0.5223849988567564
2025-02-10,MSFT,Technology,410.6804647918203,409.2013854980469,0.5089360896429022
2025-03-12,MSFT,Technology,380.9080172396425,381.2262878417969,0.5452243968290433
2025-04-08,MSFT,Technology,366.2963003111999,352.6693420410156,0.9084557013608707
2025-04-17,MSFT,Technology,371.757014425277,365.81884765625,0.51372350575105
2025-04-22,MSFT,Technology,361.44235434917846,364.864013671875,0.5017249488438131
2025-04-23,MSFT,Technology,374.05472426245655,372.3936462402344,0.587684600489185
2025-05-01,MSFT,Technology,428.81116623183453,423.1316223144531,0.5950506832795665
2025-05-29,MSFT,Technology,459.93167902845283,457.0717468261719,0.5288118732402795
2025-06-06,MSFT,Technology,468.4417212017894,468.730712890625,0.5185667300516067
2025-06-24,MSFT,Technology,487.23560408546166,488.3915100097656,0.5556466468990279
2025-07-24,MSFT,Technology,506.98609704492156,509.0887145996094,0.5358769578082299
2025-07-29,MSFT,Technology,513.7224399565682,510.7727966308594,0.7597164650462124
2025-07-31,MSFT,Technology,553.2831833968122,531.62939453125,0.6693462499520645
2025-08-04,MSFT,Technology,526.4177481275262,533.7619018554688,0.533707638468006
2025-09-08,MSFT,Technology,497.1794589519428,497.2693176269531,0.5306227751658299
2025-10-31,MSFT,Technology,527.8919782690999,516.8426513671875,0.5104494272839402
2025-11-20,MSFT,Technology,492.7099914550781,478.42999267578125,0.5461475348556224
2025-11-24,MSFT,Technology,475.0,474.0,0.538112618293841
2025-11-26,MSFT,Technology,486.30999755859375,485.5,0.5043535085075711
2024-01-24,MU,Technology,87.74636320776904,87.41883850097656,0.5727598039401128
2024-01-25,MU,Technology,88.48080588870263,88.53042602539062,0.6504575505267725
2024-02-14,MU,Technology,81.5631382113439,81.21576690673828,0.5084126736497337
2024-03-06,MU,Technology,94.336530799975,94.84269714355469,0.5191529487624212
2024-03-18,MU,Technology,96.0932391732201,93.07605743408203,0.5095915568027586
2024-03-21,MU,Technology,112.51901075117168,109.02542877197266,0.5050177655588785
2024-03-26,MU,Technology,118.10673696070361,117.90824127197266,0.5488673456060081
2024-04-01,MU,Technology,118.4194289312762,123.48603820800781,0.5328581896378776
2024-04-04,MU,Technology,129.32752936438908,123.27741241455078,0.6230045418715975
2024-04-15,MU,Technology,122.82042103375173,120.57522583007812,0.5129201811568408
2024-05-23,MU,Technology,130.9071218854963,125.44313049316406,0.6139274767848266
2024-06-03,MU,Technology,127.29097233689068,127.33070373535156,0.5292298478168371
2024-06-13,MU,Technology,141.85496832003116,142.2026824951172,0.6649818515778174
2024-06-20,MU,Technology,155.9818301986993,143.24578857421875,0.6517732237393836
2024-06-25,MU,Technology,139.15278022607362,140.19589233398438,0.5011067295136482
2024-07-09,MU,Technology,131.00172347872,130.3951873779297,0.508868132100348
2024-07-10,MU,Technology,132.34404906061982,135.6153564453125,0.5102626815400447
2024-07-18,MU,Technology,119.81562438979458,116.78294372558594,0.5328095588734106
2024-07-26,MU,Technology,109.37525783461598,108.78861236572266,0.5989294890581511
2024-07-29,MU,Technology,109.9121894897216,107.23746490478516,0.5717259307350558
2024-07-30,MU,Technology,108.3809350233851,101.97750854492188,0.5685190206886227
2024-08-07,MU,Technology,92.84965340131838,86.3070297241211,0.5146919462615563
2024-08-30,MU,Technology,96.369551094754,95.69341278076172,0.5220986712843689
2024-09-09,MU,Technology,87.35105756430082,85.780029296875,0.5576664751669844
2024-09-10,MU,Technology,86.47605642230124,86.35673522949219,0.5599696098642206
2024-09-11,MU,Technology,87.69907237386903,90.13516235351562,0.5619103465835873
2024-09-13,MU,Technology,87.58968408796053,90.70191192626953,0.5160039405209897
2024-09-19,MU,Technology,88.842533558341,88.74310302734375,0.5095445152611522
2024-09-23,MU,Technology,92.15362197304302,93.03856658935547,0.5001696999197677
2024-09-26,MU,Technology,112.45764894722011,109.25593566894531,0.5041783423025954
2024-10-17,MU,Technology,110.83229336946395,111.5390625,0.5004717351290362
2024-12-11,MU,Technology,99.04628794738035,101.59461212158203,0.5211278145238252
2025-01-02,MU,Technology,84.7024165549458,87.04473876953125,0.5545116776496449
2025-01-03,MU,Technology,87.66269741233285,89.57643127441406,0.5452892457616413
2025-01-06,MU,Technology,95.25780443251747,98.93575286865234,0.5022795994558965
2025-01-07,MU,Technology,103.07220273488886,101.57710266113281,0.5125184846510284
2025-01-14,MU,Technology,96.73298436325099,97.0419692993164,0.5267994655743031
2025-01-28,MU,Technology,92.30748159841373,87.96172332763672,0.5390025891525132
2025-01-29,MU,Technology,89.58639143542192,88.71923828125,0.5167246724334403
2025-02-10,MU,Technology,92.88558330489352,95.61663055419922,0.508370559967695
2025-02-26,MU,Technology,95.68641009694274,97.39082336425781,0.5425431335676418
2025-03-03,MU,Technology,95.49702936978461,90.24424743652344,0.6057811793303371
2025-03-12,MU,Technology,92.16794020884099,95.32758331298828,0.5447372442199755
2025-04-01,MU,Technology,88.35570106399089,88.53534698486328,0.529170709265247
2025-04-08,MU,Technology,71.4590315276293,65.41096496582031,0.917323670253557
2025-04-14,MU,Technology,74.52298012401477,70.88016510009766,0.5330176118612117
2025-04-17,MU,Technology,70.30132136812074,68.66455078125,0.5428529282544613
2025-04-22,MU,Technology,67.40702823491193,70.07176971435547,0.5103585018195257
2025-04-23,MU,Technology,73.54491322875603,72.78640747070312,0.6016759381331794
2025-05-01,MU,Technology,79.24367024840856,77.61687469482422,0.5262789442701218
2025-05-29,MU,Technology,98.39588987879493,96.60942077636719,0.5273816942589435
2025-06-06,MU,Technology,107.8672169746937,108.34626770019531,0.5368243810695239
2025-06-11,MU,Technology,115.37239812458063,115.80155181884766,0.5309511446605325
2025-06-16,MU,Technology,117.5780476609707,119.60404968261719,0.5489809229691706
2025-06-20,MU,Technology,122.52828360614531,123.35665130615234,0.5023148178278096
2025-06-24,MU,Technology,124.86367477955537,127.65816497802734,0.5789844066729785
2025-07-24,MU,Technology,110.94567412955242,111.614990234375,0.5647688954473002
2025-07-29,MU,Technology,111.93466076948398,111.8447494506836,0.7531945139632384
2025-08-04,MU,Technology,105.91085157128352,107.65904998779297,0.5275965972384921
2025-08-05,MU,Technology,109.1874894491818,108.9477310180664,0.5082748740239872
2025-08-07,MU,Technology,114.02249680810154,111.75483703613281,0.5009975095167863
2025-09-18,MU,Technology,162.82222041878873,168.7161407470703,0.5287446237122662
2025-09-22,MU,Technology,164.2107878236834,164.45053100585938,0.5408580604401853
2025-09-23,MU,Technology,165.50944895108734,166.23870849609375,0.6130821068892185
2025-10-02,MU,Technology,184.76959785278888,183.5608367919922,0.5060412771702325
2025-10-03,MU,Technology,185.13521330677412,187.754150390625,0.5536949598459228
2025-10-06,MU,Technology,194.93124102646516,190.8828887939453,0.6215429138530915
2025-10-07,MU,Technology,194.77132560130494,185.61502075195312,0.5465578203528719
2025-10-27,MU,Technology,224.71921308799338,220.01112365722656,0.5001552818554448
2025-11-03,MU,Technology,233.78556365841868,234.605224609375,0.5528478088063221
2025-11-10,MU,Technology,247.8598683435185,253.1977081298828,0.5095915568027586
2025-11-20,MU,Technology,230.14703356948263,201.28868103027344,0.5545742237857771
2025-11-21,MU,Technology,204.44740539337903,207.2862548828125,0.5675981483817333
2025-11-24,MU,Technology,213.32382808036323,223.83956909179688,0.5374415924741489
2025-12-15,MU,Technology,247.0102186437451,237.4040985107422,0.5134901447749445
2025-12-19,MU,Technology,251.6483311790547,265.8126220703125,0.5092188903411548
2025-12-22,MU,Technology,277.03807341876205,276.4783020019531,0.5242086386355335
2026-01-02,MU,Technology,295.1300048828125,315.4200134277344,0.5161315893780956
2026-01-05,MU,Technology,325.1300048828125,312.1499938964844,0.5081119385857521
2026-01-06,MU,Technology,318.2799987792969,343.42999267578125,0.5100902080915191
2026-01-08,MU,Technology,342.8999938964844,327.0199890136719,0.5130802749376874
2024-01-18,NET,Technology,78.76000213623047,77.95999908447266,0.5286403025161199
2024-01-24,NET,Technology,85.37000274658203,82.33000183105469,0.5805397962103616
2024-01-25,NET,Technology,83.02999877929688,81.86000061035156,0.669991405760176
2024-02-22,NET,Technology,99.45999908447266,99.47000122070312,0.5004934888962398
2024-03-06,NET,Technology,98.7300033569336,97.48999786376953,0.5199771703580824
2024-03-21,NET,Technology,100.0,96.41000366210938,0.504529852993855
2024-04-24,NET,Technology,89.48999786376953,87.68000030517578,0.638416823496568
2024-04-29,NET,Technology,88.9000015258789,89.6500015258789,0.5075238418481026
2024-05-07,NET,Technology,74.73999786376953,74.12999725341797,0.5177927265533653
2024-05-23,NET,Technology,76.04000091552734,73.62000274658203,0.6265511619173388
2024-05-31,NET,Technology,68.48999786376953,67.69000244140625,0.5159827904248152
2024-06-03,NET,Technology,68.55999755859375,67.43000030517578,0.5306367386875054
2024-06-05,NET,Technology,69.0199966430664,69.8499984741211,0.5181624248303566
2024-06-13,NET,Technology,76.04000091552734,73.51000213623047,0.6575183135703999
2024-06-17,NET,Technology,77.02999877929688,77.68000030517578,0.5247920343467694
2024-06-20,NET,Technology,80.0,78.44999694824219,0.5426034681712225
2024-07-11,NET,Technology,83.86000061035156,82.0199966430664,0.5012783635560184
2024-07-26,NET,Technology,79.08999633789062,78.05999755859375,0.5427332731809223
2024-07-29,NET,Technology,78.61000061035156,77.37000274658203,0.55468836471909
2024-08-07,NET,Technology,78.75,76.37000274658203,0.516848548598411
2024-08-09,NET,Technology,77.51000213623047,77.70999908447266,0.5263123492215936
2024-08-14,NET,Technology,82.30000305175781,81.45999908447266,0.5000829965304838
2024-08-30,NET,Technology,82.0999984741211,82.13999938964844,0.5074109216718671
2024-09-09,NET,Technology,77.01000213623047,76.23999786376953,0.5614812386290567
2024-09-10,NET,Technology,76.6500015258789,76.80999755859375,0.5316964758018041
2024-09-26,NET,Technology,84.80999755859375,82.36000061035156,0.5032146363396863
2024-10-17,NET,Technology,92.05000305175781,90.4000015258789,0.5004717351290362
2024-12-02,NET,Technology,106.02999877929688,105.05000305175781,0.5721798856935079
2024-12-19,NET,Technology,110.37000274658203,108.58000183105469,0.5331745942905937
2025-01-02,NET,Technology,114.5,112.54000091552734,0.5293251486256522
2025-01-03,NET,Technology,113.4000015258789,114.7300033569336,0.5469864706424838
2025-01-06,NET,Technology,116.36499786376953,113.98999786376953,0.5172488105904998
2025-01-14,NET,Technology,112.45999908447266,112.0,0.5267994655743031
2025-01-28,NET,Technology,128.8300018310547,139.97999572753906,0.5095944505892589
2025-01-30,NET,Technology,137.25,137.25999450683594,0.5290102516870477
2025-01-31,NET,Technology,138.72999572753906,138.39999389648438,0.5378228327303285
2025-02-04,NET,Technology,139.52000427246094,140.13999938964844,0.5001624049247638
2025-02-26,NET,Technology,145.27000427246094,144.9199981689453,0.5498538769941417
2025-02-27,NET,Technology,148.0,140.72000122070312,0.6724207032394178
2025-03-12,NET,Technology,124.97000122070312,119.4000015258789,0.6054908538320444
2025-04-01,NET,Technology,114.16500091552734,115.66000366210938,0.5331956640560545
2025-04-08,NET,Technology,103.58999633789062,97.44999694824219,0.9132255799745467
2025-04-14,NET,Technology,110.0,107.12000274658203,0.5351128425086618
2025-04-23,NET,Technology,113.18000030517578,112.80000305175781,0.5483673847147389
2025-05-01,NET,Technology,125.69999694824219,122.61000061035156,0.563663867578795
2025-05-14,NET,Technology,152.0,154.49000549316406,0.5569320073341831
2025-05-27,NET,Technology,160.0,161.75999450683594,0.5604699363289362
2025-05-29,NET,Technology,164.80999755859375,164.16000366210938,0.6088161041802728
2025-06-06,NET,Technology,178.38999938964844,179.6699981689453,0.5952127386779881
2025-06-16,NET,Technology,174.11500549316406,179.27000427246094,0.5173277409380043
2025-07-24,NET,Technology,190.1999969482422,191.5800018310547,0.5304604389654671
2025-07-28,NET,Technology,200.91000366210938,199.41000366210938,0.5244483205222235
2025-07-31,NET,Technology,204.77000427246094,207.67999267578125,0.6789617114768245
2025-08-04,NET,Technology,204.57000732421875,208.8000030517578,0.53385199971972
2025-10-06,NET,Technology,219.5,221.02999877929688,0.5242936545683606
2025-10-10,NET,Technology,222.1199951171875,213.82000732421875,0.5218425683368095
2025-10-20,NET,Technology,212.41000366210938,213.0399932861328,0.5148040877935014
2025-10-27,NET,Technology,222.44000244140625,225.11000061035156,0.5038151184816821
2025-10-31,NET,Technology,236.5,253.3000030517578,0.5140863483454644
2025-11-03,NET,Technology,254.91000366210938,248.11000061035156,0.5259913549758262
2025-11-17,NET,Technology,213.44000244140625,202.25,0.5558900671783962
2025-11-20,NET,Technology,204.47000122070312,191.38999938964844,0.5710960991944283
2025-11-24,NET,Technology,187.86500549316406,193.99000549316406,0.5253518822609013
2025-12-22,NET,Technology,198.60000610351562,202.05999755859375,0.5224070155651768
2026-01-02,NET,Technology,198.89999389648438,196.02000427246094,0.5135028717652228
2024-01-18,NLR,Unknown,74.43453527727434,74.1246337890625,0.5499166819468511
2024-01-24,NLR,Unknown,74.12463453974313,72.8172378540039,0.8088397141149016
2024-01-25,NLR,Unknown,73.33051325041345,72.34269714355469,0.6950130595377364
2024-01-31,NLR,Unknown,74.07620449709312,73.38861083984375,0.5786458251614253
2024-02-29,NLR,Unknown,71.92626891396765,70.7738265991211,0.7023676504878935
2024-03-05,NLR,Unknown,72.38143846960571,71.79068756103516,0.5818631421570787
2024-03-12,NLR,Unknown,72.3233247549218,71.59699249267578,0.5527320839112498
2024-03-13,NLR,Unknown,72.10058960879273,70.8028793334961,0.5267385702148125
2024-04-01,NLR,Unknown,74.15368143250811,75.81940460205078,0.5011011319187569
2024-04-04,NLR,Unknown,78.65694386624675,76.30362701416016,0.5541994742513979
2024-04-17,NLR,Unknown,74.27957986345075,73.74694061279297,0.6243095330981717
2024-04-29,NLR,Unknown,76.02278196012249,76.82659149169922,0.566077686831492
2024-05-03,NLR,Unknown,78.38578566188953,78.51168060302734,0.50818789828911
2024-05-10,NLR,Unknown,82.55976900853032,80.90373229980469,0.5196251630480393
2024-05-13,NLR,Unknown,81.46543058429799,80.66162109375,0.5301783374691419
2024-05-15,NLR,Unknown,82.19177339705607,82.56946563720703,0.5075349291940885
2024-05-31,NLR,Unknown,84.46761363179225,84.04149627685547,0.5335203637087681
2024-06-12,NLR,Unknown,79.39297326653903,79.44139099121094,0.6656254466698543
2024-06-28,NLR,Unknown,78.97653774499624,77.44639587402344,0.6172021052998572
2024-07-01,NLR,Unknown,77.94030854667265,77.64977264404297,0.7019915356180014
2024-07-11,NLR,Unknown,82.58882620926961,82.57913970947266,0.5253774464521723
2024-07-18,NLR,Unknown,78.6763143813569,77.0687026977539,0.5401086498620319
2024-08-07,NLR,Unknown,70.6188707478922,69.48579406738281,0.7216675825265357
2024-09-10,NLR,Unknown,68.63356820790989,69.33084106445312,0.6121656819813059
2024-09-19,NLR,Unknown,73.58230361517693,73.70819854736328,0.65974999402654
2024-09-26,NLR,Unknown,82.62756574160444,81.83344268798828,0.6132935890510648
2024-10-17,NLR,Unknown,92.4185244913429,91.58566284179688,0.6682159260602429
2024-10-21,NLR,Unknown,94.42320193864126,93.61939239501953,0.5251501323067348
2024-10-24,NLR,Unknown,90.2879545173553,89.77467346191406,0.5811299898212668
2024-11-01,NLR,Unknown,89.17423918438963,87.24703216552734,0.5294760588804072
2024-11-05,NLR,Unknown,84.90340968481495,84.46761322021484,0.5275918761436574
2024-11-06,NLR,Unknown,86.23985573995347,85.47478485107422,0.5321947225330247
2024-11-13,NLR,Unknown,87.98304987936874,85.7459487915039,0.5999883340479377
2024-11-25,NLR,Unknown,94.46194268791909,91.14018249511719,0.5001578203040112
2024-12-13,NLR,Unknown,85.07772423606596,83.78001403808594,0.5296290802583927
2024-12-18,NLR,Unknown,82.80187846359196,79.29611206054688,0.6419516723130465
2024-12-19,NLR,Unknown,80.24519713150916,80.07087707519531,0.6334393961066905
2024-12-31,NLR,Unknown,80.61082493796316,79.36194610595703,0.6674799775179922
2025-01-06,NLR,Unknown,86.91372666246131,87.14788818359375,0.574460542030922
2025-01-07,NLR,Unknown,87.6064636823817,84.77698516845703,0.7179803669787261
2025-01-10,NLR,Unknown,83.2939532099963,82.43534851074219,0.5667086878369124
2025-01-14,NLR,Unknown,81.74261001868089,81.71334075927734,0.5426149447883317
2025-01-28,NLR,Unknown,84.79650125014253,84.17205810546875,0.5441924809991978
2025-02-06,NLR,Unknown,90.2505610048937,87.56743621826172,0.5519529810741266
2025-02-26,NLR,Unknown,79.82051563599524,80.08395385742188,0.6632233359659627
2025-02-27,NLR,Unknown,81.12793426016127,76.8056640625,0.8306992236470343
2025-03-03,NLR,Unknown,78.50335439305616,74.02497863769531,0.6911927834997366
2025-03-12,NLR,Unknown,74.59086257177066,74.16156768798828,0.7627897623577038
2025-04-08,NLR,Unknown,69.17583732892834,65.26335144042969,0.9229134686550647
2025-04-14,NLR,Unknown,73.66397153666406,72.41510009765625,0.6628155923162885
2025-04-17,NLR,Unknown,72.610229376379,73.00050354003906,0.691370959714826
2025-04-23,NLR,Unknown,73.6737325974397,73.9469223022461,0.7334112844803793
2025-04-29,NLR,Unknown,78.0545341330427,77.7520751953125,0.5143555789102189
2025-05-01,NLR,Unknown,77.97648058578577,78.03502655029297,0.6278934625734212
2025-05-08,NLR,Unknown,82.44510322728145,81.23526000976562,0.5425508716681876
2025-05-09,NLR,Unknown,81.81091387326774,82.42559814453125,0.5562718373215034
2025-05-12,NLR,Unknown,84.66966138353804,82.81586456298828,0.8466198263667545
2025-05-27,NLR,Unknown,96.38759936149626,97.59744262695312,0.6165270842534581
2025-05-29,NLR,Unknown,98.09504074990662,94.89480590820312,0.8444784414935574
2025-06-05,NLR,Unknown,96.76810992748688,95.23628997802734,0.6609364111581951
2025-06-06,NLR,Unknown,96.05586114896128,97.23644256591797,0.5257353751677982
2025-06-10,NLR,Unknown,100.20250835595475,96.9242172241211,0.5233985740275862
2025-06-17,NLR,Unknown,108.73972569575481,105.37362670898438,0.5637710215766225
2025-06-20,NLR,Unknown,107.93966648316044,104.44673156738281,0.5129131411657836
2025-07-18,NLR,Unknown,113.7644908145149,114.28160095214844,0.5318848838789796
2025-07-21,NLR,Unknown,116.07685938182192,111.94972229003906,0.6074812755963388
2025-07-23,NLR,Unknown,113.5205700878647,114.98409271240234,0.5063485705254402
2025-08-08,NLR,Unknown,117.17937555647221,115.14995574951172,0.5543380008684702
2025-08-22,NLR,Unknown,109.58857232710966,112.35951232910156,0.5802095839533459
2025-09-03,NLR,Unknown,116.31101503563562,116.59396362304688,0.5918915652478739
2025-09-05,NLR,Unknown,116.33053309686669,115.89147186279297,0.5907757905169071
2025-09-24,NLR,Unknown,137.70771341723338,132.4683074951172,0.5074191815967625
2025-10-15,NLR,Unknown,161.7290003519172,159.12393188476562,0.5925287583553551
2025-10-16,NLR,Unknown,162.40221175131992,153.64059448242188,0.6155572203257571
2025-10-20,NLR,Unknown,151.18187583828816,147.54258728027344,0.5753930785882765
2025-10-27,NLR,Unknown,146.25467949437805,142.5763702392578,0.6003198567846776
2025-10-28,NLR,Unknown,147.8450436737213,149.59152221679688,0.5368697313511054
2025-11-10,NLR,Unknown,138.43948453151438,136.2539520263672,0.6156480134233195
2025-11-12,NLR,Unknown,133.87329202722577,133.39520263671875,0.542351572664445
2025-11-20,NLR,Unknown,130.03885503198163,119.63809204101562,0.8513472566167322
2025-12-15,NLR,Unknown,127.66795797470088,123.42373657226562,0.6350242798373213
2025-12-19,NLR,Unknown,123.45300350347134,127.02400207519531,0.5543940137735619
2024-01-19,NVDA,Technology,57.956711672124605,59.45787811279297,0.51968461601856
2024-01-24,NVDA,Technology,60.27041798826244,61.32782745361328,0.6287980723677904
2024-01-25,NVDA,Technology,62.3152848013764,61.58269500732422,0.7127859154374401
2024-02-02,NVDA,Technology,63.93837399186544,66.12316131591797,0.513998670495084
2024-02-14,NVDA,Technology,73.16125433620005,73.8588638305664,0.5358342759618463
2024-02-22,NVDA,Technology,74.9832259524774,78.49427032470703,0.5050050511931163
2024-03-06,NVDA,Technology,87.97712182383515,88.65476989746094,0.6129868485263178
2024-03-07,NVDA,Technology,90.11202114454544,92.62174224853516,0.5816571097640119
2024-03-08,NVDA,Technology,95.08948806655721,87.48336791992188,0.5424253386706013
2024-03-21,NVDA,Technology,92.2529387505123,91.38837432861328,0.504529852993855
2024-04-04,NVDA,Technology,90.35989492370194,85.86119079589844,0.5192977575336251
2024-04-08,NVDA,Technology,88.65475649731144,87.08856201171875,0.5018088962199482
2024-04-15,NVDA,Technology,89.05255868186178,85.95713806152344,0.5136477880418939
2024-04-17,NVDA,Technology,88.29494666403578,83.99214935302734,0.5275254375810302
2024-04-18,NVDA,Technology,84.9266740115763,84.62782287597656,0.5221520551632914
2024-04-22,NVDA,Technology,78.06415962175684,79.4774398803711,0.503405910199046
2024-04-24,NVDA,Technology,83.90719970245839,79.63638305664062,0.6647158818670951
2024-05-23,NVDA,Technology,101.97597776870575,103.74607849121094,0.6064852906433202
2024-05-28,NVDA,Technology,110.18778556165118,113.8429183959961,0.5107909952786033
2024-06-03,NVDA,Technology,113.56306583418551,114.94136047363281,0.5212849851003644
2024-06-05,NVDA,Technology,118.31064561773049,122.37757110595703,0.5374664039759399
2024-06-13,NVDA,Technology,129.33464307228707,129.55455017089844,0.7330878396381023
2024-06-17,NVDA,Technology,132.9331153831068,130.92396545410156,0.5423604347680935
2024-06-20,NVDA,Technology,139.74020619139688,130.72406005859375,0.6121068434801636
2024-07-11,NVDA,Technology,135.69192330087128,127.34549713134766,0.5247920343467694
2024-07-18,NVDA,Technology,121.79786207097416,121.0381851196289,0.5447949014291411
2024-07-26,NVDA,Technology,116.14029297278634,113.01162719726562,0.6159613710772133
2024-08-07,NVDA,Technology,107.76386930019544,98.86768341064453,0.5238105963762872
2024-08-23,NVDA,Technology,125.80614369005178,129.31463623046875,0.5087196915452288
2024-08-30,NVDA,Technology,119.47885915972935,119.31893157958984,0.5292873334487482
2024-09-06,NVDA,Technology,107.9937729521253,102.78600311279297,0.5478141565785742
2024-09-09,NVDA,Technology,104.83512996607128,106.42445373535156,0.5699668440523921
2024-09-10,NVDA,Technology,107.76386463370491,108.05374145507812,0.5566129469164446
2024-09-11,NVDA,Technology,109.34320554644113,116.85999298095703,0.544793199224363
2024-09-19,NVDA,Technology,117.30982462581498,117.82965087890625,0.5014611170601347
2024-10-08,NVDA,Technology,130.2153933149511,132.84449768066406,0.5007493560426269
2024-10-17,NVDA,Technology,139.29229632563835,136.88311767578125,0.5004717351290362
2024-11-26,NVDA,Technology,137.65285491316135,136.8731231689453,0.502396156167991
2024-12-11,NVDA,Technology,137.32243273699547,139.2718963623047,0.5093378883892856
2024-12-19,NVDA,Technology,131.72394769790225,130.6442413330078,0.5456870544437661
2024-12-23,NVDA,Technology,136.24273302531586,139.63180541992188,0.5075768212267291
2025-01-02,NVDA,Technology,135.96280522543205,138.2721710205078,0.5282037866880762
2025-01-03,NVDA,Technology,139.9717090810043,144.4304962158203,0.5267994655743031
2025-01-06,NVDA,Technology,148.54936300568127,149.38912963867188,0.5054311599596536
2025-01-07,NVDA,Technology,152.98814312185272,140.10166931152344,0.5099861037757807
2025-01-14,NVDA,Technology,136.0128040706775,131.72396850585938,0.5282037866880762
2025-01-28,NVDA,Technology,121.77668294561497,128.95472717285156,0.5578021966846742
2025-02-26,NVDA,Technology,129.95446947322534,131.24411010742188,0.5393505685587283
2025-02-27,NVDA,Technology,134.96308744670299,120.11714935302734,0.6790834462951005
2025-03-12,NVDA,Technology,114.09929300935045,115.718994140625,0.572789410398488
2025-03-17,NVDA,Technology,122.71772499646224,119.50830841064453,0.5102763346461274
2025-03-19,NVDA,Technology,117.24871784817985,117.49867248535156,0.5351559343939438
2025-04-08,NVDA,Technology,103.79115551332612,96.28252410888672,0.9144848007216523
2025-04-11,NVDA,Technology,108.4803070767672,110.90986633300781,0.5405541876195441
2025-04-22,NVDA,Technology,98.76206678289148,98.8720474243164,0.5017249488438131
2025-04-23,NVDA,Technology,104.5010295750129,102.69136047363281,0.6016759381331794
2025-05-01,NVDA,Technology,113.05947899879722,111.5897445678711,0.5262789442701218
2025-05-29,NVDA,Technology,142.22419152756274,139.1647491455078,0.5405965599540715
2025-06-06,NVDA,Technology,142.4841247816278,141.69427490234375,0.528198066767969
2025-06-16,NVDA,Technology,143.33393622751285,144.6737823486328,0.5073878032289064
2025-07-24,NVDA,Technology,172.42067791171223,173.7205352783203,0.5449189369733524
2025-07-29,NVDA,Technology,177.94006357342778,175.49032592773438,0.7879915216207692
2025-07-31,NVDA,Technology,182.87950237318685,177.85006713867188,0.7219566981155667
2025-08-04,NVDA,Technology,175.14037394842856,179.97982788085938,0.5302507555170516
2025-10-09,NVDA,Technology,192.21928773885006,192.5592803955078,0.5305366187048919
2025-11-03,NVDA,Technology,208.06841462190084,206.8684844970703,0.546122319047496
2025-11-10,NVDA,Technology,195.09914200543773,199.03892517089844,0.5095915568027586
2025-11-19,NVDA,Technology,184.7796984316032,186.50961303710938,0.5385903834729426
2025-11-20,NVDA,Technology,195.9390891568929,180.62994384765625,0.5529279260127556
2025-11-26,NVDA,Technology,181.61988829154,180.2499542236328,0.5284581517458236
2025-12-15,NVDA,Technology,177.94000244140625,176.2899932861328,0.5254505533719821
2025-12-19,NVDA,Technology,176.6699981689453,180.99000549316406,0.5081878635066126
2025-12-22,NVDA,Technology,183.9199981689453,183.69000244140625,0.521001087122554
2025-12-26,NVDA,Technology,189.9199981689453,190.52999877929688,0.5560751324179389
2026-01-02,NVDA,Technology,189.83999633789062,188.85000610351562,0.5056849087418638
2024-01-24,NVO,Healthcare,102.66141659424534,101.2752685546875,0.8026891427827894
2024-02-22,NVO,Healthcare,118.46732934271687,119.86309814453125,0.5273948078306326
2024-04-01,NVO,Healthcare,125.17811630123434,123.6656265258789,0.5058864951699287
2024-04-12,NVO,Healthcare,122.88029235567902,120.71820831298828,0.6544854919243407
2024-04-15,NVO,Healthcare,121.97861482213558,120.12678527832031,0.522136930105692
2024-04-17,NVO,Healthcare,121.1448022585019,120.73759460449219,0.6209779813100892
2024-05-23,NVO,Healthcare,132.3043019128826,131.44140625,0.778273101537522
2024-06-20,NVO,Healthcare,137.2004729357886,136.69631958007812,0.7509233713291604
2024-07-29,NVO,Healthcare,124.11160812032776,124.15039825439453,0.6376814129676694
2024-07-30,NVO,Healthcare,127.10751027134852,125.29444885253906,0.5645480208866005
2024-08-09,NVO,Healthcare,126.46761062534551,129.40533447265625,0.5147583422098598
2024-09-06,NVO,Healthcare,130.17190660001515,127.6221923828125,0.5489238204627134
2024-09-19,NVO,Healthcare,131.047771613093,131.26187133789062,0.5952244232432876
2024-09-24,NVO,Healthcare,120.98514482450422,122.07510375976562,0.5013378563809068
2024-11-01,NVO,Healthcare,109.85201259951447,108.9372329711914,0.6981713057136576
2025-01-10,NVO,Healthcare,84.88033795328049,83.94609069824219,0.5938336058929866
2025-01-24,NVO,Healthcare,87.55658002769346,85.6102294921875,0.5327347314072824
2025-01-30,NVO,Healthcare,82.33061843959179,83.05076599121094,0.5201793262078476
2025-02-06,NVO,Healthcare,84.39375442828455,84.83168029785156,0.506705563954022
2025-02-18,NVO,Healthcare,79.89767981116553,80.12151336669922,0.5118929277196723
2025-02-19,NVO,Healthcare,80.71515158866583,81.16281127929688,0.5419112845319816
2025-02-21,NVO,Healthcare,86.01895182122499,85.71726989746094,0.6690856316508541
2025-02-24,NVO,Healthcare,86.47634611300859,88.1599349975586,0.5758367887176118
2025-02-25,NVO,Healthcare,89.8046015239962,88.5102767944336,0.505682939408793
2025-02-28,NVO,Healthcare,87.44952867322239,88.21833801269531,0.5028255221881173
2025-03-13,NVO,Healthcare,73.98077340528403,73.85426330566406,0.5476849757543234
2025-03-18,NVO,Healthcare,80.00473297667365,78.80773162841797,0.6615438672015118
2025-03-25,NVO,Healthcare,73.84452470941727,71.62568664550781,0.5494716782309537
2025-04-01,NVO,Healthcare,69.20022571027027,67.2719497680664,0.5682333869716961
2025-04-08,NVO,Healthcare,64.1966024448416,60.913597106933594,0.9336503092827622
2025-04-14,NVO,Healthcare,65.73922403563286,65.32389831542969,0.6356503381967952
2025-04-23,NVO,Healthcare,61.08170358930862,60.616939544677734,0.7092229462244596
2025-04-29,NVO,Healthcare,64.53281364016473,64.43392944335938,0.6108533212616867
2025-04-30,NVO,Healthcare,65.7293303163481,65.70954895019531,0.5411265453678782
2025-05-01,NVO,Healthcare,68.0432566643416,64.86902618408203,0.6389351525568739
2025-05-09,NVO,Healthcare,66.25342212060522,65.03712463378906,0.5442071645366064
2025-05-15,NVO,Healthcare,64.4734764808599,65.41289520263672,0.592551256848625
2025-05-19,NVO,Healthcare,64.64159277317489,66.27320098876953,0.5247838677051485
2025-05-20,NVO,Healthcare,68.66623639946431,67.44004821777344,0.7023515938255398
2025-05-29,NVO,Healthcare,68.48824386867682,68.6860122680664,0.7958252607814054
2025-06-30,NVO,Healthcare,68.65635057036819,68.25091552734375,0.6321104162098392
2025-07-15,NVO,Healthcare,68.71568015882195,66.47097778320312,0.70793926687316
2025-07-18,NVO,Healthcare,64.93824144081616,63.5933952331543,0.550525568387369
2025-07-21,NVO,Healthcare,64.02849796937289,64.19660186767578,0.5463636161708147
2025-08-08,NVO,Healthcare,50.13505554328699,50.51082229614258,0.615320120127448
2025-08-13,NVO,Healthcare,49.71973439616453,50.332828521728516,0.5360939325418717
2025-08-15,NVO,Healthcare,50.8668076240841,51.82600021362305,0.5200538195654788
2025-08-18,NVO,Healthcare,54.599998474121094,53.75,0.6709177576385863
2025-08-19,NVO,Healthcare,54.56999969482422,54.779998779296875,0.6132503540696239
2025-08-22,NVO,Healthcare,56.709999084472656,56.97999954223633,0.5565854776472721
2025-08-25,NVO,Healthcare,57.43000030517578,56.34000015258789,0.5275741283698214
2025-09-03,NVO,Healthcare,56.68000030517578,56.7400016784668,0.5685606566092647
2025-09-15,NVO,Healthcare,56.5,55.619998931884766,0.5628791377545123
2025-10-16,NVO,Healthcare,57.08000183105469,56.09000015258789,0.6533947745757862
2025-11-12,NVO,Healthcare,49.47999954223633,50.2599983215332,0.5191541439823855
2025-11-20,NVO,Healthcare,49.5,47.599998474121094,0.8594717036010932
2024-01-18,NVTS,Technology,6.239999771118164,6.150000095367432,0.5495598591284556
2024-01-25,NVTS,Technology,6.539999961853027,6.329999923706055,0.6903071773916861
2024-02-01,NVTS,Technology,5.809999942779541,5.679999828338623,0.5217739893313326
2024-02-22,NVTS,Technology,6.210000038146973,5.880000114440918,0.5068892032314507
2024-02-27,NVTS,Technology,5.809999942779541,5.730000019073486,0.5184626758533052
2024-02-29,NVTS,Technology,5.949999809265137,6.139999866485596,0.5324821515710838
2024-03-01,NVTS,Technology,7.320000171661377,5.659999847412109,0.5057275601511769
2024-03-06,NVTS,Technology,5.510000228881836,5.349999904632568,0.5578514504622752
2024-03-08,NVTS,Technology,5.420000076293945,4.849999904632568,0.5049148508052204
2024-03-11,NVTS,Technology,5.010000228881836,5.139999866485596,0.552023240024418
2024-03-12,NVTS,Technology,5.215000152587891,5.210000038146973,0.5227880470766331
2024-03-21,NVTS,Technology,4.789999961853027,4.460000038146973,0.5244441886012813
2024-03-26,NVTS,Technology,4.53000020980835,4.289999961853027,0.500806960187821
2024-03-27,NVTS,Technology,4.369999885559082,4.579999923706055,0.5177096815356523
2024-04-04,NVTS,Technology,4.71999979019165,4.519999980926514,0.5220927221423304
2024-04-05,NVTS,Technology,4.550000190734863,4.579999923706055,0.5036630776788864
2024-04-11,NVTS,Technology,4.349999904632568,4.369999885559082,0.5161801214013108
2024-04-24,NVTS,Technology,3.880000114440918,4.130000114440918,0.6729954362215694
2024-05-23,NVTS,Technology,3.819999933242798,3.609999895095825,0.6314349774493118
2024-06-03,NVTS,Technology,4.03000020980835,4.110000133514404,0.5009975095167863
2024-06-05,NVTS,Technology,4.199999809265137,4.570000171661377,0.5034687509639877
2024-06-28,NVTS,Technology,4.070000171661377,3.930000066757202,0.5441503104751019
2024-07-03,NVTS,Technology,4.039999961853027,4.03000020980835,0.5239779061114272
2024-07-11,NVTS,Technology,4.630000114440918,4.570000171661377,0.5891737887337719
2024-07-18,NVTS,Technology,4.619999885559082,4.170000076293945,0.5331745942905937
2024-07-26,NVTS,Technology,4.059999942779541,3.8299999237060547,0.5959258570353065
2024-07-29,NVTS,Technology,3.9000000953674316,3.880000114440918,0.5861435097920272
2024-07-30,NVTS,Technology,3.9000000953674316,3.5799999237060547,0.5645957162020028
2024-07-31,NVTS,Technology,3.700000047683716,3.7100000381469727,0.5082964900453307
2024-08-07,NVTS,Technology,3.3299999237060547,3.190000057220459,0.5662829465278982
2024-08-12,NVTS,Technology,3.049999952316284,2.869999885559082,0.5636147051659669
2024-08-14,NVTS,Technology,3.119999885559082,2.930000066757202,0.5272794527660412
2024-08-15,NVTS,Technology,3.0,3.140000104904175,0.508595996302749
2024-08-23,NVTS,Technology,3.0299999713897705,3.0899999141693115,0.5100483435182046
2024-08-30,NVTS,Technology,3.180000066757202,3.0199999809265137,0.5290400156624181
2024-09-09,NVTS,Technology,2.369999885559082,2.2699999809265137,0.5978993191733937
2024-09-11,NVTS,Technology,2.319999933242798,2.4700000286102295,0.5619103465835873
2024-09-13,NVTS,Technology,2.359999895095825,2.559999942779541,0.507844870485881
2024-09-18,NVTS,Technology,2.3499999046325684,2.2850000858306885,0.5437806456498503
2024-09-19,NVTS,Technology,2.4000000953674316,2.4000000953674316,0.5676600630051607
2024-09-23,NVTS,Technology,2.25,2.180000066757202,0.5454156266534272
2024-09-26,NVTS,Technology,2.2799999713897705,2.440000057220459,0.5150442433578538
2024-10-17,NVTS,Technology,2.6500000953674316,2.559999942779541,0.50115219578641
2024-11-25,NVTS,Technology,2.609999895095825,2.7799999713897705,0.5252683855501088
2024-12-10,NVTS,Technology,4.5,4.349999904632568,0.5692335885965633
2024-12-11,NVTS,Technology,4.449999809265137,4.079999923706055,0.6826330248435015
2024-12-13,NVTS,Technology,3.75,3.440000057220459,0.5112571149987507
2024-12-19,NVTS,Technology,3.319999933242798,2.809999942779541,0.5589052533221553
2024-12-23,NVTS,Technology,3.25,3.859999895095825,0.5194910130455707
2024-12-24,NVTS,Technology,4.119999885559082,3.9800000190734863,0.5569589473156115
2025-01-02,NVTS,Technology,3.6600000858306885,3.490000009536743,0.5498818782845526
2025-01-03,NVTS,Technology,3.5199999809265137,3.990000009536743,0.5589522656877618
2025-01-06,NVTS,Technology,4.099999904632568,4.25,0.5132467740508548
2025-01-14,NVTS,Technology,3.119999885559082,3.0899999141693115,0.6147962450075415
2025-01-17,NVTS,Technology,3.4000000953674316,3.259999990463257,0.5244294670738087
2025-01-21,NVTS,Technology,3.3399999141693115,3.559999942779541,0.5026215378105003
2025-01-28,NVTS,Technology,3.140000104904175,2.9800000190734863,0.5766134890271657
2025-01-29,NVTS,Technology,3.0,2.9800000190734863,0.5262941600260026
2025-01-30,NVTS,Technology,3.0299999713897705,3.0299999713897705,0.5085332969078386
2025-02-10,NVTS,Technology,2.990000009536743,2.9100000858306885,0.5218613244855324
2025-02-14,NVTS,Technology,2.9200000762939453,3.0,0.5188704468037605
2025-02-26,NVTS,Technology,2.430000066757202,2.5999999046325684,0.6243170800623437
2025-02-27,NVTS,Technology,2.6500000953674316,2.380000114440918,0.7251854854196235
2025-03-03,NVTS,Technology,2.509999990463257,2.2899999618530273,0.6338339581072181
2025-03-12,NVTS,Technology,2.640000104904175,2.440000057220459,0.5524145769354006
2025-03-17,NVTS,Technology,2.5199999809265137,2.6500000953674316,0.5317361720470002
2025-04-08,NVTS,Technology,1.850000023841858,1.6299999952316284,0.9171125460823996
2025-04-11,NVTS,Technology,1.784999966621399,1.7999999523162842,0.5992546054904432
2025-04-14,NVTS,Technology,1.8200000524520874,1.7400000095367432,0.524911653722021
2025-04-22,NVTS,Technology,1.840000033378601,1.7999999523162842,0.502747974889334
2025-04-23,NVTS,Technology,1.8899999856948853,1.8600000143051147,0.6051199085143205
2025-05-28,NVTS,Technology,7.03000020980835,6.159999847412109,0.5839122620116978
2025-05-29,NVTS,Technology,6.534999847412109,5.389999866485596,0.7076222685437492
2025-06-05,NVTS,Technology,6.829999923706055,6.050000190734863,0.5204061231860443
2025-06-06,NVTS,Technology,6.40500020980835,6.179999828338623,0.5176281526883214
2025-06-11,NVTS,Technology,8.524999618530273,7.960000038146973,0.5356036027925777
2025-06-16,NVTS,Technology,7.550000190734863,7.190000057220459,0.5275831416549689
2025-06-20,NVTS,Technology,7.110000133514404,7.010000228881836,0.5118079645049458
2025-06-24,NVTS,Technology,6.804999828338623,7.349999904632568,0.5236030508461954
2025-07-22,NVTS,Technology,8.789999961853027,8.619999885559082,0.6460757938866792
2025-07-28,NVTS,Technology,8.880000114440918,8.5600004196167,0.5239141335530754
2025-07-31,NVTS,Technology,7.550000190734863,7.329999923706055,0.702390859595691
2025-08-04,NVTS,Technology,8.050000190734863,8.050000190734863,0.5257237925803789
2025-08-07,NVTS,Technology,6.5,6.789999961853027,0.5379357831960729
2025-08-08,NVTS,Technology,6.900000095367432,6.659999847412109,0.513211531508904
2025-08-26,NVTS,Technology,6.284999847412109,6.090000152587891,0.5044254581072332
2025-08-28,NVTS,Technology,6.139999866485596,6.039999961853027,0.5032341938866027
2025-09-05,NVTS,Technology,5.650000095367432,5.599999904632568,0.5170300402991098
2025-09-08,NVTS,Technology,5.659999847412109,5.610000133514404,0.5157327336541204
2025-10-06,NVTS,Technology,8.03499984741211,8.130000114440918,0.5237858557955593
2025-10-13,NVTS,Technology,8.600000381469727,9.970000267028809,0.5018680835253737
2025-10-14,NVTS,Technology,12.449999809265137,12.569999694824219,0.530331568745268
2025-10-24,NVTS,Technology,14.149999618530273,14.069999694824219,0.5181312691494483
2025-10-27,NVTS,Technology,14.774999618530273,13.90999984741211,0.5143986765019236
2025-10-29,NVTS,Technology,13.175000190734863,13.569999694824219,0.5157397614594755
2025-10-31,NVTS,Technology,13.100000381469727,13.460000038146973,0.56376801999784
2025-11-05,NVTS,Technology,10.5600004196167,9.859999656677246,0.5524020362551779
2025-11-10,NVTS,Technology,8.399999618530273,9.600000381469727,0.5820874570999051
2025-11-12,NVTS,Technology,9.270000457763672,8.640000343322754,0.5631284777707171
2025-11-20,NVTS,Technology,8.489999771118164,7.550000190734863,0.6044579413446537
2025-11-24,NVTS,Technology,7.670000076293945,8.289999961853027,0.5798828585877255
2025-11-26,NVTS,Technology,8.350000381469727,8.34000015258789,0.5727872625133237
2025-11-28,NVTS,Technology,8.529999732971191,8.739999771118164,0.5142178762671146
2025-12-15,NVTS,Technology,8.75,7.960000038146973,0.5301748894773979
2025-12-19,NVTS,Technology,7.449999809265137,7.809999942779541,0.5296123947370726
2025-12-22,NVTS,Technology,8.0600004196167,7.900000095367432,0.5641237587437554
2025-12-30,NVTS,Technology,7.255000114440918,7.239999771118164,0.5091457095378252
2026-01-02,NVTS,Technology,7.5,8.380000114440918,0.5307997575262254
2026-01-05,NVTS,Technology,8.6899995803833,9.050000190734863,0.5110902792718153
2024-01-18,OKLO,Utilities,10.699999809265137,10.635000228881836,0.6438453293095678
2024-01-24,OKLO,Utilities,10.850000381469727,10.789999961853027,0.7649003326105576
2024-01-25,OKLO,Utilities,10.890000343322754,10.779999732971191,0.6065930816546652
2024-01-31,OKLO,Utilities,11.319999694824219,11.119999885559082,0.5600009127787434
2024-02-09,OKLO,Utilities,10.699999809265137,10.609999656677246,0.5078902673234093
2024-02-15,OKLO,Utilities,10.699999809265137,10.65999984741211,0.5580743614289534
2024-03-08,OKLO,Utilities,10.84000015258789,10.760000228881836,0.5601632635243948
2024-03-26,OKLO,Utilities,10.920000076293945,11.050000190734863,0.5032228733020092
2024-04-04,OKLO,Utilities,13.244999885559082,12.899999618530273,0.670555879447976
2024-04-05,OKLO,Utilities,13.15999984741211,13.100000381469727,0.6249731812201155
2024-04-09,OKLO,Utilities,16.600000381469727,14.15999984741211,0.6990394007620528
2024-04-15,OKLO,Utilities,12.850000381469727,12.5,0.5481339756292437
2024-04-17,OKLO,Utilities,12.949999809265137,12.699999809265137,0.6674610239669512
2024-04-24,OKLO,Utilities,13.1899995803833,13.399999618530273,0.5262791082165631
2024-04-29,OKLO,Utilities,12.949999809265137,14.420000076293945,0.632475436506456
2024-05-03,OKLO,Utilities,13.600000381469727,14.829999923706055,0.5142826880150586
2024-05-08,OKLO,Utilities,14.510000228881836,15.170000076293945,0.6352983988690268
2024-05-13,OKLO,Utilities,9.149999618530273,9.770000457763672,0.6308144257489501
2024-05-23,OKLO,Utilities,7.199999809265137,7.590000152587891,0.5367553690087287
2024-05-24,OKLO,Utilities,8.0600004196167,10.149999618530273,0.5699840147746761
2024-05-28,OKLO,Utilities,11.600000381469727,10.789999961853027,0.6466114296691865
2024-05-30,OKLO,Utilities,11.199999809265137,10.279999732971191,0.5389642117591201
2024-05-31,OKLO,Utilities,10.399999618530273,10.069999694824219,0.6041721124130002
2024-06-05,OKLO,Utilities,8.680000305175781,9.09000015258789,0.6904415975103547
2024-06-11,OKLO,Utilities,9.25,9.449999809265137,0.6575321055087359
2024-06-12,OKLO,Utilities,9.579999923706055,10.199999809265137,0.7077352742046024
2024-06-20,OKLO,Utilities,10.079999923706055,9.34000015258789,0.7078948726058883
2024-06-26,OKLO,Utilities,9.5,8.9399995803833,0.5942709748333632
2024-06-27,OKLO,Utilities,9.0,8.5600004196167,0.5964542498213262
2024-07-01,OKLO,Utilities,8.65999984741211,8.0,0.5693555724509197
2024-07-03,OKLO,Utilities,8.149999618530273,8.25,0.5696266254956189
2024-07-10,OKLO,Utilities,7.880000114440918,7.78000020980835,0.5246686043595351
2024-07-15,OKLO,Utilities,8.930000305175781,8.720000267028809,0.5987723712447559
2024-07-18,OKLO,Utilities,9.069999694824219,8.470000267028809,0.5741138957833714
2024-07-22,OKLO,Utilities,8.720000267028809,9.010000228881836,0.6056828440835256
2024-07-26,OKLO,Utilities,8.789999961853027,9.199999809265137,0.6661463252984623
2024-07-29,OKLO,Utilities,9.430000305175781,8.789999961853027,0.5637984445487683
2024-08-06,OKLO,Utilities,7.789999961853027,7.880000114440918,0.5957650274201446
2024-08-07,OKLO,Utilities,7.949999809265137,7.460000038146973,0.8243434098472332
2024-08-19,OKLO,Utilities,7.630000114440918,7.269999980926514,0.5285918378265583
2024-08-29,OKLO,Utilities,6.5,6.440000057220459,0.5519808013846554
2024-09-16,OKLO,Utilities,6.349999904632568,6.210000038146973,0.6042943908897854
2024-09-17,OKLO,Utilities,6.340000152587891,6.300000190734863,0.5837730793019618
2024-09-19,OKLO,Utilities,6.570000171661377,6.610000133514404,0.6963807724023298
2024-09-20,OKLO,Utilities,7.159999847412109,8.40999984741211,0.5926711597718132
2024-09-23,OKLO,Utilities,8.460000038146973,8.3100004196167,0.6086609233554201
2024-09-26,OKLO,Utilities,8.520000457763672,8.579999923706055,0.6791301670708628
2024-09-27,OKLO,Utilities,8.850000381469727,8.84000015258789,0.5140510582262321
2024-10-01,OKLO,Utilities,8.140000343322754,8.600000381469727,0.5518867795363884
2024-10-03,OKLO,Utilities,10.220000267028809,9.40999984741211,0.66846913306458
2024-10-21,OKLO,Utilities,19.3700008392334,22.309999465942383,0.6069847816708299
2024-10-22,OKLO,Utilities,22.46500015258789,20.829999923706055,0.6072384990317753
2024-10-24,OKLO,Utilities,18.989999771118164,18.059999465942383,0.6603181464215634
2024-10-25,OKLO,Utilities,18.360000610351562,19.110000610351562,0.5567392274975071
2024-10-30,OKLO,Utilities,26.399999618530273,22.889999389648438,0.8046456824797853
2024-10-31,OKLO,Utilities,23.059999465942383,22.459999084472656,0.81230904543781
2024-11-01,OKLO,Utilities,23.649999618530273,21.670000076293945,0.6585447730768244
2024-11-05,OKLO,Utilities,21.739999771118164,20.579999923706055,0.5468021092225154
2024-11-13,OKLO,Utilities,25.479999542236328,23.079999923706055,0.8161873168911906
2024-11-14,OKLO,Utilities,23.5,23.8799991607666,0.5214587916393737
2024-11-18,OKLO,Utilities,19.5,20.670000076293945,0.5621244955884771
2024-11-25,OKLO,Utilities,25.75,22.90999984741211,0.5038536657207456
2024-11-27,OKLO,Utilities,22.399999618530273,21.950000762939453,0.6044403726449569
2024-12-02,OKLO,Utilities,23.989999771118164,22.229999542236328,0.6694533168353034
2024-12-04,OKLO,Utilities,21.059999465942383,20.34000015258789,0.6326297375821083
2024-12-06,OKLO,Utilities,20.239999771118164,21.90999984741211,0.6199513946325546
2024-12-09,OKLO,Utilities,22.260000228881836,20.09000015258789,0.610578963436036
2024-12-12,OKLO,Utilities,19.450000762939453,18.3700008392334,0.6397166046806441
2024-12-18,OKLO,Utilities,21.40999984741211,18.3799991607666,0.862387165977309
2025-01-06,OKLO,Utilities,27.459999084472656,30.0,0.6070890816309533
2025-01-14,OKLO,Utilities,24.059999465942383,22.809999465942383,0.6219415099572334
2025-01-17,OKLO,Utilities,24.989999771118164,26.049999237060547,0.5732276516428296
2025-01-22,OKLO,Utilities,32.43000030517578,34.16999816894531,0.5432612067784458
2025-01-24,OKLO,Utilities,39.54999923706055,41.81999969482422,0.5791486155851127
2025-01-28,OKLO,Utilities,33.04999923706055,34.119998931884766,0.5909968124927034
2025-01-31,OKLO,Utilities,42.400001525878906,41.61000061035156,0.577094113027698
2025-02-06,OKLO,Utilities,51.22999954223633,47.7599983215332,0.6595494480602362
2025-02-07,OKLO,Utilities,49.39500045776367,55.4900016784668,0.5114110489458565
2025-02-13,OKLO,Utilities,55.40999984741211,55.029998779296875,0.5238141903003195
2025-02-14,OKLO,Utilities,55.380001068115234,52.619998931884766,0.6289446363607256
2025-02-21,OKLO,Utilities,43.560001373291016,38.790000915527344,0.8307143880280398
2025-02-26,OKLO,Utilities,34.5,35.189998626708984,0.8909090052247287
2025-02-27,OKLO,Utilities,38.45000076293945,32.38999938964844,0.9127235908556581
2025-03-03,OKLO,Utilities,34.75,29.3799991607666,0.7985246347713775
2025-03-12,OKLO,Utilities,27.469999313354492,26.190000534057617,0.7632590778463464
2025-04-01,OKLO,Utilities,22.8799991607666,22.530000686645508,0.5481439781770494
2025-04-08,OKLO,Utilities,23.8799991607666,20.229999542236328,0.9805402364952598
2025-04-14,OKLO,Utilities,23.924999237060547,22.549999237060547,0.8105263023814806
2025-04-17,OKLO,Utilities,21.959999084472656,21.979999542236328,0.7453246288935725
2025-04-23,OKLO,Utilities,22.18000030517578,23.3700008392334,0.750094765248634
2025-04-28,OKLO,Utilities,24.059999465942383,24.489999771118164,0.5780646235572131
2025-05-01,OKLO,Utilities,24.75,26.309999465942383,0.5596035958761634
2025-05-08,OKLO,Utilities,28.200000762939453,26.950000762939453,0.5085786006829688
2025-05-12,OKLO,Utilities,29.729999542236328,28.850000381469727,0.718367245814469
2025-05-14,OKLO,Utilities,34.54999923706055,37.0099983215332,0.5495329569244651
2025-05-20,OKLO,Utilities,41.33000183105469,37.56999969482422,0.607243340536833
2025-05-27,OKLO,Utilities,49.52000045776367,53.900001525878906,0.50746671163414
2025-05-29,OKLO,Utilities,55.724998474121094,52.93000030517578,0.8923272039654534
2025-06-03,OKLO,Utilities,56.0,49.77000045776367,0.6897939569426828
2025-06-09,OKLO,Utilities,51.70000076293945,54.2599983215332,0.5405275420286317
2025-06-11,OKLO,Utilities,53.560001373291016,68.02999877929688,0.5175959364835246
2025-06-16,OKLO,Utilities,67.0,65.44999694824219,0.5036850069870825
2025-06-17,OKLO,Utilities,68.26000213623047,62.77000045776367,0.795707010052281
2025-06-18,OKLO,Utilities,63.26499938964844,62.02000045776367,0.5241703613927668
2025-06-20,OKLO,Utilities,63.0,57.95000076293945,0.6638202486285041
2025-06-25,OKLO,Utilities,63.099998474121094,55.56999969482422,0.5196715579489173
2025-06-27,OKLO,Utilities,59.54999923706055,55.2599983215332,0.6566507744516963
2025-07-08,OKLO,Utilities,57.314998626708984,53.52000045776367,0.6892486760937873
2025-07-09,OKLO,Utilities,53.9900016784668,53.93000030517578,0.6057033707010527
2025-07-21,OKLO,Utilities,69.56999969482422,62.5099983215332,0.6712579214962398
2025-07-22,OKLO,Utilities,63.0,61.31999969482422,0.5009110394152194
2025-07-28,OKLO,Utilities,77.5,75.5,0.6377905571672358
2025-07-31,OKLO,Utilities,76.86000061035156,76.58999633789062,0.6389043895175819
2025-08-05,OKLO,Utilities,77.0,84.08999633789062,0.5798226768148319
2025-08-07,OKLO,Utilities,83.68499755859375,79.31999969482422,0.5524544718931643
2025-08-08,OKLO,Utilities,79.7300033569336,75.31999969482422,0.566144276519209
2025-08-15,OKLO,Utilities,74.26000213623047,71.05999755859375,0.5115763851140068
2025-08-19,OKLO,Utilities,69.41000366210938,65.41000366210938,0.6441910158503921
2025-08-25,OKLO,Utilities,71.34500122070312,71.19000244140625,0.5286117267661727
2025-08-26,OKLO,Utilities,73.8499984741211,74.30999755859375,0.5704007263369129
2025-08-28,OKLO,Utilities,74.33999633789062,77.88999938964844,0.5167322840511797
2025-09-03,OKLO,Utilities,74.63999938964844,72.2300033569336,0.6303370321906594
2025-09-05,OKLO,Utilities,71.22000122070312,69.79000091552734,0.6318576557568703
2025-09-08,OKLO,Utilities,70.5,70.72000122070312,0.5084115489838921
2025-09-10,OKLO,Utilities,75.44000244140625,73.75,0.5183843543358905
2025-09-11,OKLO,Utilities,74.18000030517578,79.97000122070312,0.5718545112589895
2025-10-01,OKLO,Utilities,112.5999984741211,115.93000030517578,0.6709441836152938
2025-10-08,OKLO,Utilities,135.85000610351562,134.77000427246094,0.5615503585946496
2025-10-15,OKLO,Utilities,185.9600067138672,171.55999755859375,0.7115390750018218
2025-10-16,OKLO,Utilities,174.85000610351562,162.13999938964844,0.6764222969495569
2025-10-20,OKLO,Utilities,167.19000244140625,159.0500030517578,0.6283490516448298
2025-10-24,OKLO,Utilities,133.52999877929688,136.0500030517578,0.5547954262760466
2025-10-27,OKLO,Utilities,144.8000030517578,137.42999267578125,0.7508418608139529
2025-10-31,OKLO,Utilities,140.5800018310547,132.77000427246094,0.5911042310011617
2025-11-05,OKLO,Utilities,116.37000274658203,121.2300033569336,0.5639986091049769
2025-11-10,OKLO,Utilities,116.98999786376953,111.5199966430664,0.6484646610396138
2025-11-12,OKLO,Utilities,108.5999984741211,111.16999816894531,0.6264249394439508
2025-11-20,OKLO,Utilities,106.11000061035156,88.0,0.8651907962176285
2025-11-21,OKLO,Utilities,89.44999694824219,88.16999816894531,0.7510514442740767
2025-12-08,OKLO,Utilities,108.13999938964844,104.61000061035156,0.5349932783461692
2025-12-15,OKLO,Utilities,89.3499984741211,82.33000183105469,0.7014920637635852
2025-12-17,OKLO,Utilities,84.29000091552734,75.94000244140625,0.5459170599065284
2025-12-18,OKLO,Utilities,80.50499725341797,77.72000122070312,0.6690197383132896
2025-12-19,OKLO,Utilities,78.69999694824219,83.2300033569336,0.5893377615206056
2026-01-02,OKLO,Utilities,73.98999786376953,77.80000305175781,0.5506520853222916
2026-01-05,OKLO,Utilities,81.6500015258789,89.33999633789062,0.5890645984874647
2026-01-09,OKLO,Utilities,114.3499984741211,105.30999755859375,0.5690924951516015
2024-01-18,ON,Technology,74.01000213623047,73.22000122070312,0.5334159157113048
2024-01-19,ON,Technology,74.19999694824219,73.87000274658203,0.5119591367894181
2024-01-25,ON,Technology,75.86000061035156,72.69000244140625,0.6815351663299507
2024-02-07,ON,Technology,77.04000091552734,76.95999908447266,0.5036873301436868
2024-03-06,ON,Technology,78.80999755859375,77.62000274658203,0.5199771703580824
2024-03-18,ON,Technology,75.48999786376953,73.81999969482422,0.5169600557581623
2024-03-21,ON,Technology,76.83000183105469,75.77999877929688,0.514433466540087
2024-03-27,ON,Technology,73.91999816894531,75.61000061035156,0.5090810657475018
2024-04-04,ON,Technology,71.38999938964844,69.0999984741211,0.5312457274069604
2024-04-09,ON,Technology,69.83000183105469,70.94000244140625,0.5046606187299612
2024-04-11,ON,Technology,69.63999938964844,70.5999984741211,0.5127800612733321
2024-04-15,ON,Technology,67.8499984741211,65.63999938964844,0.5456870544437661
2024-04-17,ON,Technology,65.27999877929688,64.47000122070312,0.5486621225298587
2024-04-24,ON,Technology,67.16999816894531,65.52999877929688,0.6399787231796858
2024-07-05,ON,Technology,73.1500015258789,73.37999725341797,0.52502584527879
2024-07-18,ON,Technology,76.29000091552734,75.43000030517578,0.5331745942905937
2024-07-26,ON,Technology,69.1500015258789,70.16999816894531,0.610731895764517
2024-07-29,ON,Technology,75.9000015258789,78.2699966430664,0.5490965780835532
2024-08-07,ON,Technology,70.08000183105469,66.38999938964844,0.5205099542422615
2024-08-30,ON,Technology,78.12000274658203,77.87000274658203,0.5074109216718671
2024-09-09,ON,Technology,68.80000305175781,69.38999938964844,0.5642277650446507
2024-09-19,ON,Technology,73.81999969482422,73.3499984741211,0.5014611170601347
2024-09-23,ON,Technology,69.9800033569336,69.73999786376953,0.5100758364420187
2024-09-26,ON,Technology,72.36000061035156,73.31999969482422,0.5003471727524758
2024-10-17,ON,Technology,70.79000091552734,69.23999786376953,0.5235242092720855
2024-10-23,ON,Technology,69.36000061035156,67.97000122070312,0.509902368236777
2024-10-24,ON,Technology,69.52999877929688,70.08000183105469,0.5048880101256997
2024-12-11,ON,Technology,67.0,67.97000122070312,0.5093378883892856
2024-12-19,ON,Technology,66.12999725341797,64.80000305175781,0.5450798052629499
2025-01-02,ON,Technology,63.810001373291016,61.709999084472656,0.5459640418894801
2025-01-06,ON,Technology,64.37999725341797,64.51000213623047,0.5096522472202726
2025-01-17,ON,Technology,54.58000183105469,54.630001068115234,0.5087079571627795
2025-02-04,ON,Technology,50.68000030517578,50.58000183105469,0.5164567688477696
2025-03-03,ON,Technology,47.59000015258789,44.90999984741211,0.6216762610707307
2025-03-05,ON,Technology,45.529998779296875,46.4900016784668,0.5161139789979573
2025-03-12,ON,Technology,43.2599983215332,42.849998474121094,0.5456949040210335
2025-04-08,ON,Technology,35.810001373291016,31.950000762939453,0.914396810259907
2025-04-14,ON,Technology,35.86000061035156,35.619998931884766,0.5661485138249251
2025-04-15,ON,Technology,35.83000183105469,35.849998474121094,0.5623288054204584
2025-04-22,ON,Technology,35.09000015258789,35.45000076293945,0.5017249488438131
2025-04-23,ON,Technology,37.0,36.619998931884766,0.5928441645840644
2025-05-01,ON,Technology,40.22999954223633,39.599998474121094,0.5230726516150063
2025-05-29,ON,Technology,43.72999954223633,42.939998626708984,0.5289564124542768
2025-06-06,ON,Technology,50.34000015258789,50.16999816894531,0.5297724901794709
2025-06-11,ON,Technology,54.290000915527344,51.779998779296875,0.5195452001253426
2025-07-21,ON,Technology,61.27000045776367,60.54999923706055,0.5151410123909806
2025-07-28,ON,Technology,57.459999084472656,58.65999984741211,0.5110431634124352
2025-07-29,ON,Technology,59.5,58.380001068115234,0.7192894651733718
2025-08-05,ON,Technology,48.40999984741211,47.2400016784668,0.537819095143472
2025-08-07,ON,Technology,47.970001220703125,47.59000015258789,0.5177096815356523
2025-08-22,ON,Technology,49.33000183105469,51.849998474121094,0.5180932748757714
2025-09-05,ON,Technology,48.34000015258789,49.11000061035156,0.5090810657475018
2025-10-06,ON,Technology,50.130001068115234,50.349998474121094,0.5228882076714176
2025-10-13,ON,Technology,47.900001525878906,50.11000061035156,0.5138437013152399
2025-10-24,ON,Technology,52.5,50.709999084472656,0.5180758437238893
2025-10-27,ON,Technology,51.84000015258789,52.68000030517578,0.5031346888960557
2025-11-19,ON,Technology,47.15999984741211,46.119998931884766,0.5537568099726181
2025-11-20,ON,Technology,46.4900016784668,44.900001525878906,0.5636548624536473
2025-11-21,ON,Technology,45.16999816894531,46.70000076293945,0.5500414687191385
2025-11-24,ON,Technology,47.189998626708984,47.38999938964844,0.5369412616893445
2025-12-30,ON,Technology,54.34000015258789,54.2400016784668,0.5721944235247542
2026-01-02,ON,Technology,55.25,56.70000076293945,0.5063652723858558
2026-01-06,ON,Technology,61.0,61.7599983215332,0.5067478587745704
2024-01-24,ONDS,Technology,1.409999966621399,1.3550000190734863,0.5374554797859069
2024-01-29,ONDS,Technology,1.4199999570846558,1.5099999904632568,0.5857610733754688
2024-02-01,ONDS,Technology,1.378000020980835,1.3799999952316284,0.5078956179978933
2024-02-15,ONDS,Technology,1.6100000143051147,1.590000033378601,0.5128786786560758
2024-02-22,ONDS,Technology,1.340000033378601,1.2899999618530273,0.5374894128984277
2024-02-26,ONDS,Technology,1.2999999523162842,1.399999976158142,0.5011502137704361
2024-02-27,ONDS,Technology,1.409999966621399,1.2999999523162842,0.5295182902484967
2024-02-29,ONDS,Technology,1.2999999523162842,1.2699999809265137,0.573916249462475
2024-03-01,ONDS,Technology,1.2799999713897705,1.2699999809265137,0.5508655047092877
2024-03-06,ONDS,Technology,1.2899999618530273,1.25,0.5962011974481098
2024-03-12,ONDS,Technology,1.1299999952316284,1.0800000429153442,0.5622516856457667
2024-03-18,ONDS,Technology,0.949999988079071,0.9300000071525574,0.530379886603117
2024-03-19,ONDS,Technology,0.949999988079071,0.9629999995231628,0.5328838264837881
2024-03-20,ONDS,Technology,0.9800000190734863,1.0199999809265137,0.542377268052445
2024-03-21,ONDS,Technology,1.0299999713897705,0.9750000238418579,0.5345097376590968
2024-03-27,ONDS,Technology,0.9879999756813049,0.9700000286102295,0.5311805080103472
2024-03-28,ONDS,Technology,1.0,0.9700000286102295,0.5107320408908351
2024-04-01,ONDS,Technology,0.9800000190734863,1.25,0.5324964721061474
2024-04-04,ONDS,Technology,1.0199999809265137,1.059999942779541,0.5828580214094279
2024-04-09,ONDS,Technology,1.0199999809265137,1.0199999809265137,0.5063938565160249
2024-04-11,ONDS,Technology,0.9800000190734863,0.925000011920929,0.528476338723607
2024-04-12,ONDS,Technology,0.949999988079071,0.9610000252723694,0.5230912141239079
2024-04-15,ONDS,Technology,1.0199999809265137,0.9440000057220459,0.5309939333070666
2024-04-16,ONDS,Technology,0.9599999785423279,0.9150000214576721,0.670869095954601
2024-04-17,ONDS,Technology,0.9200000166893005,0.8999999761581421,0.620282454561789
2024-04-29,ONDS,Technology,0.8100000023841858,0.8479999899864197,0.6375221886990303
2024-05-01,ONDS,Technology,0.8600000143051147,0.8330000042915344,0.6593767145532952
2024-05-06,ONDS,Technology,0.8429999947547913,0.8309999704360962,0.5506581192979958
2024-05-07,ONDS,Technology,0.8399999737739563,0.8209999799728394,0.5330698184367677
2024-05-08,ONDS,Technology,0.8299999833106995,0.8100000023841858,0.5180265291705634
2024-05-23,ONDS,Technology,0.7919999957084656,0.7200000286102295,0.6359557189559361
2024-05-31,ONDS,Technology,0.75,0.7239999771118164,0.6196236777044838
2024-06-03,ONDS,Technology,0.75,0.6830000281333923,0.5271659511928984
2024-07-11,ONDS,Technology,0.699999988079071,0.7310000061988831,0.5446950249948216
2024-07-18,ONDS,Technology,0.8799999952316284,0.8349999785423279,0.5286407789104403
2024-07-19,ONDS,Technology,0.8600000143051147,0.8429999947547913,0.5323898667818474
2024-07-22,ONDS,Technology,0.9160000085830688,1.1299999952316284,0.5250819882027925
2024-07-29,ONDS,Technology,1.0800000429153442,1.0099999904632568,0.5578979737123665
2024-08-09,ONDS,Technology,0.8600000143051147,0.7900000214576721,0.7486169456952935
2024-08-12,ONDS,Technology,0.800000011920929,0.7699999809265137,0.6093643219318596
2024-08-14,ONDS,Technology,0.7260000109672546,0.5879999995231628,0.6387179356786813
2024-08-15,ONDS,Technology,0.6100000143051147,0.6610000133514404,0.635174390056346
2024-08-16,ONDS,Technology,0.6679999828338623,0.7099999785423279,0.5520957561287285
2024-08-19,ONDS,Technology,0.7200000286102295,0.7390000224113464,0.6221486947597737
2024-08-21,ONDS,Technology,0.7900000214576721,0.8519999980926514,0.568589621303891
2024-08-28,ONDS,Technology,0.8740000128746033,0.8069999814033508,0.6313690796356611
2024-08-30,ONDS,Technology,0.8539999723434448,0.871999979019165,0.537036088907282
2024-09-05,ONDS,Technology,0.8199999928474426,0.7960000038146973,0.5386527327360717
2024-09-09,ONDS,Technology,0.800000011920929,0.8889999985694885,0.5933363171936115
2024-09-10,ONDS,Technology,0.9200000166893005,0.9390000104904175,0.5960755743643964
2024-09-17,ONDS,Technology,0.75,0.7409999966621399,0.5243336506087931
2024-09-18,ONDS,Technology,0.75,0.7699999809265137,0.5184383437559389
2024-09-19,ONDS,Technology,0.7889999747276306,0.7710000276565552,0.5712598275116055
2024-09-26,ONDS,Technology,0.7289999723434448,0.699999988079071,0.553495636329797
2024-10-01,ONDS,Technology,0.7990000247955322,0.7799999713897705,0.5383416306185025
2024-10-02,ONDS,Technology,0.7990000247955322,0.7630000114440918,0.5007289450836722
2024-10-04,ONDS,Technology,0.7480000257492065,0.7409999966621399,0.5185534157561692
2024-10-07,ONDS,Technology,0.7599999904632568,0.824999988079071,0.5901987517416054
2024-10-08,ONDS,Technology,0.8489999771118164,0.9229999780654907,0.5371326146719021
2024-10-21,ONDS,Technology,0.9309999942779541,0.9150000214576721,0.6039172419277655
2024-10-22,ONDS,Technology,0.9200000166893005,0.9010000228881836,0.5500778690460972
2024-10-23,ONDS,Technology,0.9100000262260437,0.8560000061988831,0.5962910571344298
2024-11-05,ONDS,Technology,0.7599999904632568,0.7419999837875366,0.6480853254520673
2024-11-18,ONDS,Technology,0.7390000224113464,0.675000011920929,0.5669219485387721
2024-11-20,ONDS,Technology,0.6800000071525574,0.7110000252723694,0.5229161543361464
2024-11-21,ONDS,Technology,0.7200000286102295,0.8109999895095825,0.5010816096932464
2024-11-25,ONDS,Technology,0.9399999976158142,0.8640000224113464,0.6007741595313218
2024-11-26,ONDS,Technology,0.8899999856948853,0.8349999785423279,0.5753198287853545
2024-11-27,ONDS,Technology,0.8399999737739563,0.8669999837875366,0.5188652084769455
2024-11-29,ONDS,Technology,1.1200000047683716,0.984000027179718,0.5259760106484495
2024-12-02,ONDS,Technology,1.2100000381469727,0.8199999928474426,0.5840506121103388
2024-12-11,ONDS,Technology,0.8999999761581421,1.0499999523162842,0.5982914350261496
2024-12-19,ONDS,Technology,1.559999942779541,1.3600000143051147,0.6002685984273538
2024-12-23,ONDS,Technology,1.600000023841858,1.9500000476837158,0.5563049071934678
2024-12-24,ONDS,Technology,2.059999942779541,2.0199999809265137,0.5985783867267108
2024-12-26,ONDS,Technology,2.1700000762939453,2.509999990463257,0.5473674523099487
2024-12-27,ONDS,Technology,2.890000104904175,2.5899999141693115,0.6295242830755213
2024-12-30,ONDS,Technology,2.740000009536743,2.7899999618530273,0.746141110749271
2025-01-03,ONDS,Technology,3.2300000190734863,2.799999952316284,0.5215959339721817
2025-01-06,ONDS,Technology,3.049999952316284,2.690000057220459,0.6405262937855752
2025-01-14,ONDS,Technology,1.899999976158142,1.9900000095367432,0.6082917102611982
2025-01-15,ONDS,Technology,2.059999942779541,2.2100000381469727,0.536271499540872
2025-01-16,ONDS,Technology,2.2699999809265137,2.200000047683716,0.5605439788888613
2025-01-21,ONDS,Technology,2.0999999046325684,2.009999990463257,0.6765282469446476
2025-01-22,ONDS,Technology,2.069999933242798,2.369999885559082,0.5903917164032979
2025-01-30,ONDS,Technology,1.7400000095367432,1.690000057220459,0.5451982205197313
2025-02-04,ONDS,Technology,1.6200000047683716,1.690000057220459,0.710125790891818
2025-02-05,ONDS,Technology,1.7200000286102295,1.6399999856948853,0.6750230813589502
2025-02-06,ONDS,Technology,1.6799999475479126,1.7599999904632568,0.5448402376801355
2025-02-07,ONDS,Technology,1.7799999713897705,1.909999966621399,0.5332820084063916
2025-02-10,ONDS,Technology,2.0,2.0999999046325684,0.526769876964298
2025-02-21,ONDS,Technology,1.399999976158142,1.25,0.5669146580101848
2025-02-25,ONDS,Technology,1.1699999570846558,1.0399999618530273,0.6969836528906029
2025-02-26,ONDS,Technology,1.059999942779541,1.0800000429153442,0.6718460570754871
2025-03-03,ONDS,Technology,0.9940000176429749,0.8519999980926514,0.6683005509788035
2025-03-24,ONDS,Technology,0.7099999785423279,0.8119999766349792,0.5303880061927393
2025-03-26,ONDS,Technology,0.8999999761581421,0.8450000286102295,0.5225366821195712
2025-04-01,ONDS,Technology,1.149999976158142,1.100000023841858,0.5943101951680697
2025-04-08,ONDS,Technology,0.8809999823570251,0.75,0.917579470853806
2025-04-11,ONDS,Technology,0.7850000262260437,0.8140000104904175,0.6143302180636301
2025-04-14,ONDS,Technology,0.9200000166893005,0.9139999747276306,0.5535816008002045
2025-04-15,ONDS,Technology,0.9259999990463257,0.8740000128746033,0.6320579848248129
2025-04-17,ONDS,Technology,0.8820000290870667,0.8880000114440918,0.5918411415548789
2025-04-22,ONDS,Technology,0.8199999928474426,0.8199999928474426,0.5759617937138015
2025-04-23,ONDS,Technology,0.8730000257492065,0.8420000076293945,0.6598610938483473
2025-04-24,ONDS,Technology,0.8600000143051147,0.8009999990463257,0.5507589376705898
2025-04-28,ONDS,Technology,0.75,0.7509999871253967,0.5699227198318655
2025-04-29,ONDS,Technology,0.7599999904632568,0.8069999814033508,0.529860143353991
2025-05-06,ONDS,Technology,0.7789999842643738,0.7570000290870667,0.5143194553812409
2025-05-29,ONDS,Technology,1.100000023841858,1.0700000524520874,0.5689600024873901
2025-06-03,ONDS,Technology,1.590000033378601,1.4199999570846558,0.5728552743753297
2025-06-05,ONDS,Technology,1.8849999904632568,1.5800000429153442,0.5558644115607029
2025-06-06,ONDS,Technology,1.659999966621399,1.7000000476837158,0.5764684299046657
2025-06-16,ONDS,Technology,1.8450000286102295,1.690000057220459,0.5497651369200809
2025-06-18,ONDS,Technology,1.5700000524520874,1.5499999523162842,0.5034202230509821
2025-06-24,ONDS,Technology,1.5399999618530273,1.590000033378601,0.5071510400940282
2025-07-17,ONDS,Technology,2.4800000190734863,2.4000000953674316,0.5414589072602661
2025-07-31,ONDS,Technology,2.1700000762939453,2.119999885559082,0.7029526627461745
2025-08-04,ONDS,Technology,2.2750000953674316,2.6700000762939453,0.5533618181370141
2025-08-05,ONDS,Technology,2.75,3.069999933242798,0.5430385426352711
2025-08-11,ONDS,Technology,3.609999895095825,3.430000066757202,0.5335669741169344
2025-08-12,ONDS,Technology,3.940000057220459,4.289999961853027,0.5026925682799486
2025-08-21,ONDS,Technology,3.640000104904175,3.799999952316284,0.5162597361270718
2025-08-25,ONDS,Technology,4.679999828338623,4.849999904632568,0.512642700885419
2025-08-28,ONDS,Technology,5.25,5.699999809265137,0.5102323709850559
2025-08-29,ONDS,Technology,6.0,5.860000133514404,0.5614089548297947
2025-09-03,ONDS,Technology,5.619999885559082,5.03000020980835,0.5058836816539657
2025-09-05,ONDS,Technology,5.449999809265137,5.630000114440918,0.5112853907320063
2025-09-10,ONDS,Technology,5.610000133514404,5.559999942779541,0.5242278200968528
2025-09-23,ONDS,Technology,7.514999866485596,7.880000114440918,0.5413468327391097
2025-09-24,ONDS,Technology,7.989999771118164,7.349999904632568,0.5024308246453311
2025-10-06,ONDS,Technology,10.5600004196167,10.65999984741211,0.590520177908844
2025-10-07,ONDS,Technology,11.0,11.09000015258789,0.584630814052142
2025-10-08,ONDS,Technology,11.265000343322754,11.260000228881836,0.5017224220088112
2025-10-13,ONDS,Technology,10.029999732971191,10.8100004196167,0.501846816210737
2025-10-20,ONDS,Technology,8.0600004196167,7.769999980926514,0.5784458007990526
2025-10-23,ONDS,Technology,6.849999904632568,7.059999942779541,0.5646343452727985
2025-10-24,ONDS,Technology,7.670000076293945,7.460000038146973,0.5926571511203277
2025-10-27,ONDS,Technology,8.1850004196167,7.53000020980835,0.5465913297316902
2025-11-03,ONDS,Technology,6.574999809265137,6.150000095367432,0.5766190524729714
2025-11-10,ONDS,Technology,6.369999885559082,5.880000114440918,0.6182892169196581
2025-11-12,ONDS,Technology,5.985000133514404,5.510000228881836,0.6085566059658539
2025-11-13,ONDS,Technology,6.320000171661377,6.559999942779541,0.5656269770907945
2025-11-17,ONDS,Technology,7.510000228881836,6.255000114440918,0.5716659460377932
2025-11-20,ONDS,Technology,7.920000076293945,6.269999980926514,0.5927740631922429
2025-11-21,ONDS,Technology,6.559999942779541,6.735000133514404,0.5849111291126198
2025-11-24,ONDS,Technology,6.784999847412109,8.720000267028809,0.5863798106267745
2025-11-26,ONDS,Technology,8.609999656677246,8.239999771118164,0.5155651221532741
2025-12-08,ONDS,Technology,9.295000076293945,9.020000457763672,0.5018626226091535
2025-12-17,ONDS,Technology,8.140000343322754,7.369999885559082,0.5330965925257978
2025-12-19,ONDS,Technology,7.989999771118164,9.220000267028809,0.5232157697695345
2025-12-22,ONDS,Technology,9.300000190734863,9.270000457763672,0.5511841149551414
2026-01-02,ONDS,Technology,10.135000228881836,11.020000457763672,0.5677612532854238
2026-01-05,ONDS,Technology,11.300000190734863,12.529999732971191,0.5253236918476104
2026-01-13,ONDS,Technology,13.5,13.890000343322754,0.5065107304217354
2024-01-18,OPEN,Real Estate,3.190000057220459,3.009999990463257,0.7154999114102251
2024-01-19,OPEN,Real Estate,3.049999952316284,3.1500000953674316,0.5230915864289785
2024-01-22,OPEN,Real Estate,3.315000057220459,3.490000009536743,0.5692637224313913
2024-01-23,OPEN,Real Estate,3.5799999237060547,3.359999895095825,0.5004037630257473
2024-01-24,OPEN,Real Estate,3.5199999809265137,3.2200000286102295,0.8663278917906628
2024-01-25,OPEN,Real Estate,3.319999933242798,3.380000114440918,0.6992082064646425
2024-01-26,OPEN,Real Estate,3.4100000858306885,3.3499999046325684,0.592661454133359
2024-02-01,OPEN,Real Estate,3.490000009536743,3.5299999713897705,0.5507341940351664
2024-02-07,OPEN,Real Estate,3.299999952316284,3.2149999141693115,0.7022523739606534
2024-02-22,OPEN,Real Estate,2.9700000286102295,2.9700000286102295,0.6042224173758923
2024-02-29,OPEN,Real Estate,3.1700000762939453,3.0799999237060547,0.5880108296370793
2024-03-08,OPEN,Real Estate,3.049999952316284,3.059999942779541,0.526438053632277
2024-03-21,OPEN,Real Estate,3.0999999046325684,3.130000114440918,0.8353477697618035
2024-03-26,OPEN,Real Estate,2.9700000286102295,2.9100000858306885,0.5196974106457215
2024-03-27,OPEN,Real Estate,2.9700000286102295,2.950000047683716,0.517581443517419
2024-04-04,OPEN,Real Estate,2.930000066757202,2.759999990463257,0.5326081018689959
2024-04-09,OPEN,Real Estate,2.7300000190734863,2.740000009536743,0.5958392724792918
2024-04-11,OPEN,Real Estate,2.5,2.4600000381469727,0.6319619391929245
2024-04-15,OPEN,Real Estate,2.369999885559082,2.190000057220459,0.5611350421258533
2024-04-18,OPEN,Real Estate,2.180000066757202,2.1549999713897705,0.5936890347414762
2024-04-29,OPEN,Real Estate,2.180000066757202,2.125,0.6595583573738024
2024-05-03,OPEN,Real Estate,2.380000114440918,2.2100000381469727,0.5520473179087249
2024-05-10,OPEN,Real Estate,2.319999933242798,2.319999933242798,0.5277028864483079
2024-05-13,OPEN,Real Estate,2.369999885559082,2.4800000190734863,0.5472776275980397
2024-05-23,OPEN,Real Estate,2.2300000190734863,2.119999885559082,0.8107452237156952
2024-05-31,OPEN,Real Estate,2.180000066757202,2.180000066757202,0.5356151974897813
2024-06-03,OPEN,Real Estate,2.2100000381469727,2.180000066757202,0.525132734303659
2024-06-12,OPEN,Real Estate,2.319000005722046,2.2300000190734863,0.625384622656126
2024-06-21,OPEN,Real Estate,1.8600000143051147,1.8899999856948853,0.5984215337875295
2024-06-28,OPEN,Real Estate,1.909999966621399,1.840000033378601,0.6784662387018877
2024-07-05,OPEN,Real Estate,1.809999942779541,1.7599999904632568,0.687514680068769
2024-07-08,OPEN,Real Estate,1.7799999713897705,1.809999942779541,0.6420832831285636
2024-07-09,OPEN,Real Estate,1.8200000524520874,1.899999976158142,0.5328915427877522
2024-07-11,OPEN,Real Estate,2.059999942779541,2.059999942779541,0.6290522724853731
2024-07-18,OPEN,Real Estate,2.759999990463257,2.569999933242798,0.6013918215438183
2024-07-22,OPEN,Real Estate,2.5299999713897705,2.5199999809265137,0.5586423291784411
2024-07-26,OPEN,Real Estate,2.609999895095825,2.5199999809265137,0.6296641417398413
2024-07-30,OPEN,Real Estate,2.509999990463257,2.3399999141693115,0.5954806163555123
2024-08-06,OPEN,Real Estate,1.7899999618530273,1.715000033378601,0.813895478143828
2024-08-07,OPEN,Real Estate,1.7699999809265137,1.600000023841858,0.8025083426470374
2024-08-14,OPEN,Real Estate,1.809999942779541,1.7599999904632568,0.6136441894970472
2024-08-20,OPEN,Real Estate,1.9900000095367432,1.9450000524520874,0.5271488476896709
2024-08-26,OPEN,Real Estate,2.3399999141693115,2.5,0.5809340930525535
2024-08-30,OPEN,Real Estate,2.130000114440918,2.1500000953674316,0.6257408116472306
2024-09-06,OPEN,Real Estate,2.0799999237060547,1.8899999856948853,0.5345418914063002
2024-09-10,OPEN,Real Estate,1.9900000095367432,1.9600000381469727,0.6707582803629605
2024-09-19,OPEN,Real Estate,2.3399999141693115,2.190000057220459,0.7120293470039778
2024-09-26,OPEN,Real Estate,2.069999933242798,2.0899999141693115,0.7442774430091919
2024-10-15,OPEN,Real Estate,1.9500000476837158,1.8899999856948853,0.6154993229939038
2024-10-24,OPEN,Real Estate,1.75,1.7699999809265137,0.6267969255788228
2024-10-25,OPEN,Real Estate,1.7999999523162842,1.75,0.5981486462456856
2024-11-01,OPEN,Real Estate,1.7799999713897705,1.8200000524520874,0.5967339035590618
2024-11-06,OPEN,Real Estate,1.9500000476837158,1.7799999713897705,0.5016564297937961
2024-11-13,OPEN,Real Estate,1.7999999523162842,1.809999942779541,0.6876140282630959
2024-11-25,OPEN,Real Estate,2.119999885559082,2.2799999713897705,0.5531467286779929
2024-11-29,OPEN,Real Estate,2.390000104904175,2.3399999141693115,0.6904373049272253
2024-12-19,OPEN,Real Estate,1.7599999904632568,1.6649999618530273,0.6668442739311388
2024-12-27,OPEN,Real Estate,1.7200000286102295,1.6699999570846558,0.7527475805925936
2025-01-06,OPEN,Real Estate,1.7200000286102295,1.7200000286102295,0.5681221226461431
2025-01-15,OPEN,Real Estate,1.4600000381469727,1.5099999904632568,0.536941991207377
2025-01-30,OPEN,Real Estate,1.4900000095367432,1.4299999475479126,0.5183415639208988
2025-02-05,OPEN,Real Estate,1.3300000429153442,1.3799999952316284,0.5748961565563104
2025-02-06,OPEN,Real Estate,1.399999976158142,1.3899999856948853,0.6323266185500891
2025-02-14,OPEN,Real Estate,1.5299999713897705,1.5499999523162842,0.5479401693124895
2025-02-21,OPEN,Real Estate,1.4900000095367432,1.3899999856948853,0.764220196365859
2025-02-26,OPEN,Real Estate,1.5,1.5399999618530273,0.6179595891841524
2025-02-27,OPEN,Real Estate,1.5499999523162842,1.4299999475479126,0.8391328894909079
2025-03-12,OPEN,Real Estate,1.149999976158142,1.2100000381469727,0.7698891010100696
2025-03-25,OPEN,Real Estate,1.2400000095367432,1.2000000476837158,0.5017782458060006
2025-03-26,OPEN,Real Estate,1.2100000381469727,1.2000000476837158,0.6676001995401708
2025-04-08,OPEN,Real Estate,1.0700000524520874,0.968999981880188,0.958795251568234
2025-04-14,OPEN,Real Estate,1.0299999713897705,0.953000009059906,0.5980767240746038
2025-04-23,OPEN,Real Estate,1.0299999713897705,0.8410000205039978,0.7542978036172452
2025-04-24,OPEN,Real Estate,0.8619999885559082,0.7770000100135803,0.5124012085687363
2025-04-28,OPEN,Real Estate,0.7689999938011169,0.7770000100135803,0.5066523957235988
2025-05-07,OPEN,Real Estate,0.800000011920929,0.871999979019165,0.7503524395414779
2025-05-08,OPEN,Real Estate,0.8999999761581421,0.871999979019165,0.6303925614927348
2025-05-12,OPEN,Real Estate,0.7039999961853027,0.7070000171661377,0.8569941228089861
2025-05-14,OPEN,Real Estate,0.7200000286102295,0.75,0.5386672824659309
2025-05-22,OPEN,Real Estate,0.6990000009536743,0.6800000071525574,0.5289339287843919
2025-05-29,OPEN,Real Estate,0.6840000152587891,0.6859999895095825,0.8220631750142345
2025-06-11,OPEN,Real Estate,0.6200000047683716,0.6079999804496765,0.5129506607168934
2025-06-26,OPEN,Real Estate,0.5170000195503235,0.5379999876022339,0.5694294076517062
2025-07-08,OPEN,Real Estate,0.6480000019073486,0.7319999933242798,0.5784700918449216
2025-07-11,OPEN,Real Estate,0.8999999761581421,0.7789999842643738,0.6082661070801427
2025-07-15,OPEN,Real Estate,1.0299999713897705,1.0399999618530273,0.5036364230598186
2025-07-16,OPEN,Real Estate,1.1950000524520874,1.4900000095367432,0.6377224578535696
2025-07-17,OPEN,Real Estate,1.909999966621399,1.649999976158142,0.5780751320600376
2025-07-18,OPEN,Real Estate,1.8450000286102295,2.25,0.5084528634899378
2025-07-21,OPEN,Real Estate,2.7799999713897705,3.2100000381469727,0.8592407503410013
2025-07-24,OPEN,Real Estate,2.4649999141693115,2.4200000762939453,0.5910936924951503
2025-07-25,OPEN,Real Estate,2.549999952316284,2.5399999618530273,0.626692821472747
2025-07-28,OPEN,Real Estate,2.6449999809265137,2.3399999141693115,0.8381417056284333
2025-07-31,OPEN,Real Estate,2.0999999046325684,1.840000033378601,0.6533263071351019
2025-08-01,OPEN,Real Estate,1.9550000429153442,2.0999999046325684,0.5981837196392523
2025-08-04,OPEN,Real Estate,2.2799999713897705,2.4600000381469727,0.5755294541651277
2025-08-07,OPEN,Real Estate,1.9249999523162842,1.850000023841858,0.5691827984673374
2025-08-12,OPEN,Real Estate,2.390000104904175,2.4700000286102295,0.5520019986824821
2025-08-13,OPEN,Real Estate,2.484999895095825,2.4200000762939453,0.565523573618595
2025-08-15,OPEN,Real Estate,3.4100000858306885,3.1700000762939453,0.8247155578517571
2025-08-18,OPEN,Real Estate,3.2899999618530273,3.7799999713897705,0.6639908542041512
2025-08-19,OPEN,Real Estate,4.025000095367432,3.619999885559082,0.6783582252667827
2025-08-27,OPEN,Real Estate,4.90500020980835,4.019999980926514,0.5415586281468217
2025-08-29,OPEN,Real Estate,4.519999980926514,4.449999809265137,0.6561211580192956
2025-09-03,OPEN,Real Estate,5.21999979019165,5.130000114440918,0.7426038041471437
2025-09-05,OPEN,Real Estate,6.409999847412109,6.650000095367432,0.6432887904887942
2025-09-08,OPEN,Real Estate,7.0,6.039999961853027,0.6082759154390711
2025-09-11,OPEN,Real Estate,7.610000133514404,10.520000457763672,0.6882171394921258
2025-09-15,OPEN,Real Estate,9.760000228881836,9.494999885559082,0.6192934410451926
2025-09-16,OPEN,Real Estate,9.800000190734863,8.920000076293945,0.6204721294268633
2025-09-17,OPEN,Real Estate,9.010000228881836,10.210000038146973,0.6784212997394732
2025-09-19,OPEN,Real Estate,10.039999961853027,9.569999694824219,0.5791124520525006
2025-09-24,OPEN,Real Estate,7.599999904632568,8.229999542236328,0.6186979437559477
2025-10-01,OPEN,Real Estate,8.100000381469727,8.0600004196167,0.8163320758713873
2025-10-02,OPEN,Real Estate,8.119999885559082,8.010000228881836,0.5961396763813577
2025-10-06,OPEN,Real Estate,8.305000305175781,9.279999732971191,0.5447029302922086
2025-10-09,OPEN,Real Estate,8.640000343322754,8.140000343322754,0.5630023082364687
2025-10-10,OPEN,Real Estate,8.220000267028809,7.570000171661377,0.6762657922091843
2025-10-27,OPEN,Real Estate,8.149999618530273,8.15999984741211,0.6234202647517029
2025-10-31,OPEN,Real Estate,7.420000076293945,7.769999980926514,0.5717723518238016
2025-11-05,OPEN,Real Estate,7.139999866485596,7.230000019073486,0.5753659678712808
2025-11-06,OPEN,Real Estate,7.360000133514404,6.559999942779541,0.6451756384267271
2025-11-10,OPEN,Real Estate,6.840000152587891,7.96999979019165,0.5934042195912675
2025-11-20,OPEN,Real Estate,6.954999923706055,6.159999847412109,0.9131795455048158
2025-11-21,OPEN,Real Estate,6.230000019073486,6.75,0.8271171280226022
2025-12-08,OPEN,Real Estate,7.275000095367432,7.050000190734863,0.5869727430895335
2025-12-11,OPEN,Real Estate,7.050000190734863,7.050000190734863,0.6939063549200292
2025-12-15,OPEN,Real Estate,6.664999961853027,6.46999979019165,0.71239274162352
2025-12-18,OPEN,Real Estate,6.420000076293945,6.28000020980835,0.5949207794650321
2025-12-19,OPEN,Real Estate,6.320000171661377,6.360000133514404,0.5727911273759108
2025-12-22,OPEN,Real Estate,6.570000171661377,6.420000076293945,0.5227700300272692
2026-01-02,OPEN,Real Estate,5.920000076293945,6.070000171661377,0.5671998170470653
2026-01-08,OPEN,Real Estate,6.264999866485596,6.429999828338623,0.5011476483574545
2026-01-14,OPEN,Real Estate,7.050000190734863,6.639999866485596,0.6250950055832921
2024-01-24,ORCL,Technology,111.08250536286852,111.95416259765625,0.5727598039401128
2024-01-25,ORCL,Technology,112.52221026011621,112.62994384765625,0.663260005121222
2024-02-22,ORCL,Technology,109.19228666356905,108.72218322753906,0.5093170442287865
2024-02-23,ORCL,Technology,109.69176427453282,109.64279174804688,0.5025036524664954
2024-03-14,ORCL,Technology,124.60789332345539,122.94292449951172,0.5122539132774124
2024-03-18,ORCL,Technology,124.5785124694952,125.16615295410156,0.5069136002646855
2024-03-21,ORCL,Technology,127.8300936164582,126.35120391845703,0.5014055019430643
2024-04-04,ORCL,Technology,124.9702653322562,121.63054656982422,0.5198323770091151
2024-04-15,ORCL,Technology,120.04814045160255,117.78826904296875,0.5233490034743878
2024-05-23,ORCL,Technology,124.34188782852522,121.9248046875,0.6130682187920581
2024-07-25,ORCL,Technology,138.09337224545428,135.79757690429688,0.536227880920155
2024-07-26,ORCL,Technology,136.83216304782007,136.97010803222656,0.5425893057596456
2024-07-30,ORCL,Technology,137.02923900018985,133.6791229248047,0.5317593125310798
2024-08-30,ORCL,Technology,138.2707401518489,139.21664428710938,0.5109839320357569
2024-09-06,ORCL,Technology,141.67995961862513,139.72901916503906,0.5358220699176383
2024-09-10,ORCL,Technology,151.9667727833595,153.6024169921875,0.55377641182949
2024-10-04,ORCL,Technology,166.23429334019005,168.3527374267578,0.5437261980856097
2024-12-19,ORCL,Technology,165.46251616143596,166.6870574951172,0.5274520135277149
2025-01-02,ORCL,Technology,166.42042370496998,163.96144104003906,0.5491924347444428
2025-01-06,ORCL,Technology,165.22551380740236,163.62570190429688,0.5142986357856479
2025-01-14,ORCL,Technology,154.85087101622338,154.74197387695312,0.5601565696111755
2025-01-16,ORCL,Technology,158.54344129552004,157.93955993652344,0.5423746798182948
2025-01-17,ORCL,Technology,160.1472092066032,159.4146270751953,0.5181110338786171
2025-01-28,ORCL,Technology,161.3549651716035,162.35482788085938,0.5415198252007085
2025-02-26,ORCL,Technology,169.2647945361062,170.73985290527344,0.5407501134954954
2025-03-03,ORCL,Technology,165.27523650520249,160.3946990966797,0.5981950957611362
2025-03-12,ORCL,Technology,144.7630712613088,149.37632751464844,0.5253514609541046
2025-04-08,ORCL,Technology,131.21040755423184,123.25106811523438,0.9217752463643686
2025-04-14,ORCL,Technology,135.91417483639714,133.76815795898438,0.5260487449766467
2025-04-17,ORCL,Technology,130.05237495730861,127.78713989257812,0.5264531356102544
2025-04-23,ORCL,Technology,134.0364145341473,130.54913330078125,0.5715589159439022
2025-05-01,ORCL,Technology,145.61097613270562,144.54791259765625,0.5410627007610038
2025-05-29,ORCL,Technology,163.93157702073114,161.8451690673828,0.5272371037122873
2025-06-06,ORCL,Technology,172.87329847889993,172.89317321777344,0.5232335670280043
2025-06-18,ORCL,Technology,209.7231237643549,209.50454711914062,0.5413473366840167
2025-06-20,ORCL,Technology,211.96848525571826,203.84144592285156,0.5240993743526
2025-07-03,ORCL,Technology,231.70983724704652,235.78329467773438,0.5066238993068013
2025-07-17,ORCL,Technology,242.27801994963468,247.66441345214844,0.563937009954653
2025-07-31,ORCL,Technology,254.6537623629589,252.66249084472656,0.685795431256572
2025-08-04,ORCL,Technology,244.82684699922362,251.42791748046875,0.5177755057504249
2025-09-05,ORCL,Technology,231.53511813906258,231.78402709960938,0.5091406635685162
2025-09-08,ORCL,Technology,238.84305903550808,237.439208984375,0.5047907838862369
2025-10-06,ORCL,Technology,291.103974049413,290.3174133300781,0.5856009997653028
2025-10-07,ORCL,Technology,291.94030071153065,282.9994812011719,0.610318231966669
2025-10-09,ORCL,Technology,290.78132268148715,296.17706298828125,0.548249924333834
2025-10-10,ORCL,Technology,299.488330685771,292.1876220703125,0.5371555086236995
2025-10-27,ORCL,Technology,285.81449478798436,280.6581115722656,0.5052235859912886
2025-10-31,ORCL,Technology,258.82583033285937,261.9176330566406,0.5379742952104365
2025-11-03,ORCL,Technology,264.54069731398414,257.1701965332031,0.5644301837188701
2025-11-10,ORCL,Technology,245.30156492467935,240.195068359375,0.5170306043929863
2025-11-20,ORCL,Technology,230.55057060239145,210.13453674316406,0.5462913188226877
2025-11-26,ORCL,Technology,208.94767119960986,204.41964721679688,0.5484204709615823
2025-12-19,ORCL,Technology,187.8933191010791,191.46388244628906,0.5148013290399711
2025-12-22,ORCL,Technology,196.30110985738344,197.85699462890625,0.5322672291191665
2026-01-02,ORCL,Technology,196.94938516426626,195.19403076171875,0.5635000620175094
2024-01-24,OSCR,Healthcare,11.380000114440918,11.6899995803833,0.8144184728681083
2024-01-25,OSCR,Healthcare,11.789999961853027,11.890000343322754,0.6006775743512861
2024-02-08,OSCR,Healthcare,17.43000030517578,16.68000030517578,0.552133722427662
2024-03-01,OSCR,Healthcare,16.3799991607666,16.579999923706055,0.5332403078830128
2024-03-04,OSCR,Healthcare,16.81999969482422,15.350000381469727,0.5715629660665167
2024-03-15,OSCR,Healthcare,14.010000228881836,13.850000381469727,0.684674852903003
2024-03-18,OSCR,Healthcare,14.029999732971191,13.829999923706055,0.6302448407734004
2024-03-21,OSCR,Healthcare,14.279999732971191,13.760000228881836,0.8618573624965955
2024-03-22,OSCR,Healthcare,14.029999732971191,13.5,0.5298026800209245
2024-03-26,OSCR,Healthcare,13.640000343322754,13.960000038146973,0.5070883664035575
2024-04-04,OSCR,Healthcare,14.239999771118164,13.979999542236328,0.5520882045574192
2024-04-17,OSCR,Healthcare,15.850000381469727,15.539999961853027,0.6091894979019609
2024-04-22,OSCR,Healthcare,16.139999389648438,16.18000030517578,0.5562538273023299
2024-04-26,OSCR,Healthcare,18.049999237060547,17.559999465942383,0.6131240176226198
2024-04-29,OSCR,Healthcare,17.729999542236328,17.399999618530273,0.6622705032171968
2024-05-03,OSCR,Healthcare,18.329999923706055,18.020000457763672,0.6090974367467925
2024-05-06,OSCR,Healthcare,18.280000686645508,18.969999313354492,0.5295785190271889
2024-05-07,OSCR,Healthcare,20.600000381469727,19.770000457763672,0.5122194096356012
2024-05-13,OSCR,Healthcare,21.8700008392334,21.950000762939453,0.5619375212834986
2024-05-15,OSCR,Healthcare,23.0,22.649999618530273,0.5774871869731001
2024-05-23,OSCR,Healthcare,22.420000076293945,20.959999084472656,0.8003515237125632
2024-06-10,OSCR,Healthcare,19.799999237060547,20.510000228881836,0.5321701430453536
2024-06-11,OSCR,Healthcare,20.81999969482422,20.010000228881836,0.6187802281974678
2024-06-12,OSCR,Healthcare,20.600000381469727,19.059999465942383,0.6587583892329371
2024-06-20,OSCR,Healthcare,19.420000076293945,18.040000915527344,0.7043428012707642
2024-06-25,OSCR,Healthcare,17.889999389648438,17.639999389648438,0.6408038642587102
2024-06-26,OSCR,Healthcare,17.799999237060547,17.920000076293945,0.5379179209299769
2024-06-28,OSCR,Healthcare,17.799999237060547,15.819999694824219,0.7185756718601558
2024-07-08,OSCR,Healthcare,16.8799991607666,16.1299991607666,0.7079488580505833
2024-07-09,OSCR,Healthcare,16.25,15.75,0.5802043135720936
2024-07-12,OSCR,Healthcare,16.68000030517578,16.520000457763672,0.5677367148480812
2024-07-18,OSCR,Healthcare,15.739999771118164,14.960000038146973,0.5915435046017852
2024-07-19,OSCR,Healthcare,15.170000076293945,15.25,0.56004303830415
2024-07-22,OSCR,Healthcare,15.5,15.34000015258789,0.6253929070369261
2024-07-26,OSCR,Healthcare,15.739999771118164,15.819999694824219,0.6387461104783357
2024-07-29,OSCR,Healthcare,16.0,16.899999618530273,0.6213914052010168
2024-08-13,OSCR,Healthcare,18.149999618530273,18.280000686645508,0.5464428523992807
2024-08-14,OSCR,Healthcare,18.3799991607666,18.200000762939453,0.5722555272512356
2024-08-26,OSCR,Healthcare,17.989999771118164,18.100000381469727,0.5480913767491712
2024-08-30,OSCR,Healthcare,17.940000534057617,18.299999237060547,0.5620913467117357
2024-09-10,OSCR,Healthcare,18.0,17.420000076293945,0.6534741557479746
2024-09-17,OSCR,Healthcare,22.110000610351562,21.93000030517578,0.5295267444980154
2024-09-19,OSCR,Healthcare,23.239999771118164,23.270000457763672,0.6675854927370252
2024-09-26,OSCR,Healthcare,21.709999084472656,20.479999542236328,0.7391944751619173
2024-10-18,OSCR,Healthcare,16.989999771118164,16.350000381469727,0.6817402975172657
2024-10-25,OSCR,Healthcare,17.510000228881836,16.190000534057617,0.5837079462497428
2024-10-28,OSCR,Healthcare,16.309999465942383,15.350000381469727,0.6820095953276519
2024-11-11,OSCR,Healthcare,13.729999542236328,13.800000190734863,0.5051116022926765
2024-11-14,OSCR,Healthcare,14.960000038146973,15.4399995803833,0.5318690610741426
2024-11-15,OSCR,Healthcare,15.529999732971191,14.869999885559082,0.6916176222890487
2024-11-20,OSCR,Healthcare,18.209999084472656,17.0,0.5326640585941081
2024-11-21,OSCR,Healthcare,17.09000015258789,16.309999465942383,0.6391629770581777
2024-11-25,OSCR,Healthcare,16.850000381469727,16.850000381469727,0.6396187187025925
2024-11-29,OSCR,Healthcare,16.920000076293945,17.329999923706055,0.503525905117763
2024-12-02,OSCR,Healthcare,17.540000915527344,18.43000030517578,0.5305615773435614
2024-12-06,OSCR,Healthcare,16.540000915527344,15.609999656677246,0.5278260372466673
2024-12-09,OSCR,Healthcare,15.850000381469727,16.549999237060547,0.5248809296453565
2024-12-11,OSCR,Healthcare,15.149999618530273,14.359999656677246,0.5123873884080684
2024-12-12,OSCR,Healthcare,14.5,13.640000343322754,0.619320074562318
2024-12-18,OSCR,Healthcare,13.800000190734863,13.380000114440918,0.7676588619008803
2024-12-27,OSCR,Healthcare,14.300000190734863,13.800000190734863,0.8205833931588531
2024-12-31,OSCR,Healthcare,13.729999542236328,13.4399995803833,0.6159474152697283
2025-01-06,OSCR,Healthcare,15.234999656677246,14.720000267028809,0.5314413462640494
2025-01-17,OSCR,Healthcare,15.210000038146973,15.899999618530273,0.5489968979360565
2025-01-21,OSCR,Healthcare,16.09000015258789,15.649999618530273,0.5001807541881729
2025-01-28,OSCR,Healthcare,16.510000228881836,16.280000686645508,0.5054452793477456
2025-02-10,OSCR,Healthcare,14.890000343322754,14.720000267028809,0.5200692555908474
2025-02-14,OSCR,Healthcare,13.5600004196167,13.460000038146973,0.5603014912353912
2025-02-18,OSCR,Healthcare,15.119999885559082,15.850000381469727,0.6250305656630231
2025-02-19,OSCR,Healthcare,16.149999618530273,15.989999771118164,0.6363408291928501
2025-02-20,OSCR,Healthcare,16.75,16.06999969482422,0.7330417730042299
2025-02-21,OSCR,Healthcare,16.59000015258789,14.819999694824219,0.7849528225446275
2025-02-26,OSCR,Healthcare,15.789999961853027,15.670000076293945,0.6049492874373166
2025-02-27,OSCR,Healthcare,15.75,14.789999961853027,0.8562615099473381
2025-03-03,OSCR,Healthcare,14.779999732971191,15.09000015258789,0.6792107476619722
2025-03-12,OSCR,Healthcare,14.920000076293945,14.1899995803833,0.7367706084334774
2025-04-08,OSCR,Healthcare,13.5,11.720000267028809,0.9642754478224163
2025-04-14,OSCR,Healthcare,12.8100004196167,12.420000076293945,0.6293459038703716
2025-04-23,OSCR,Healthcare,12.0,12.010000228881836,0.7415412545353257
2025-04-28,OSCR,Healthcare,12.399999618530273,12.619999885559082,0.5664587530269882
2025-04-29,OSCR,Healthcare,13.050000190734863,13.149999618530273,0.5475995621250703
2025-05-01,OSCR,Healthcare,13.15999984741211,13.050000190734863,0.5063403283074911
2025-05-08,OSCR,Healthcare,17.56999969482422,17.059999465942383,0.7137942820041124
2025-05-12,OSCR,Healthcare,17.799999237060547,16.81999969482422,0.8261814812263159
2025-05-29,OSCR,Healthcare,14.180000305175781,13.800000190734863,0.8094241460955517
2025-06-02,OSCR,Healthcare,13.949999809265137,14.260000228881836,0.6011692721416335
2025-06-03,OSCR,Healthcare,14.800000190734863,14.25,0.5658823068113442
2025-06-05,OSCR,Healthcare,14.404999732971191,15.649999618530273,0.5189516367578737
2025-06-09,OSCR,Healthcare,15.5,14.760000228881836,0.6084843498067174
2025-06-11,OSCR,Healthcare,14.899999618530273,14.149999618530273,0.5236087289203227
2025-06-17,OSCR,Healthcare,15.880000114440918,16.110000610351562,0.6972373985602598
2025-06-20,OSCR,Healthcare,21.549999237060547,21.219999313354492,0.76896878287739
2025-07-01,OSCR,Healthcare,21.549999237060547,20.450000762939453,0.5739347252239355
2025-07-03,OSCR,Healthcare,17.360000610351562,16.469999313354492,0.555550636063431
2025-07-08,OSCR,Healthcare,17.010000228881836,16.549999237060547,0.678619690736927
2025-07-09,OSCR,Healthcare,16.71500015258789,16.079999923706055,0.6470803623980054
2025-07-18,OSCR,Healthcare,13.9399995803833,13.420000076293945,0.7177248658032782
2025-07-21,OSCR,Healthcare,13.550000190734863,13.619999885559082,0.5565126885099094
2025-07-25,OSCR,Healthcare,14.279999732971191,14.449999809265137,0.5246849291023135
2025-07-31,OSCR,Healthcare,14.199999809265137,14.050000190734863,0.765822548189684
2025-08-07,OSCR,Healthcare,14.470000267028809,15.15999984741211,0.5500324557082757
2025-08-13,OSCR,Healthcare,15.140000343322754,14.930000305175781,0.5647826525984609
2025-08-15,OSCR,Healthcare,15.210000038146973,15.640000343322754,0.5872739043732208
2025-09-05,OSCR,Healthcare,18.790000915527344,19.43000030517578,0.6388434220848014
2025-09-24,OSCR,Healthcare,17.959999084472656,18.440000534057617,0.5126584042322174
2025-09-29,OSCR,Healthcare,18.700000762939453,19.1299991607666,0.5376264792240323
2025-09-30,OSCR,Healthcare,19.5,18.93000030517578,0.6255257171210548
2025-10-07,OSCR,Healthcare,23.549999237060547,22.469999313354492,0.6850470992317388
2025-10-08,OSCR,Healthcare,22.780000686645508,21.799999237060547,0.602830632109982
2025-10-10,OSCR,Healthcare,20.969999313354492,18.770000457763672,0.6367647763366511
2025-10-20,OSCR,Healthcare,19.59000015258789,20.18000030517578,0.6181584663854478
2025-10-27,OSCR,Healthcare,19.6200008392334,19.670000076293945,0.6427828230614292
2025-10-28,OSCR,Healthcare,19.809999465942383,19.540000915527344,0.5942806266990565
2025-11-06,OSCR,Healthcare,18.6299991607666,16.559999465942383,0.7553228679498505
2025-11-17,OSCR,Healthcare,14.149999618530273,14.25,0.645007650921909
2025-11-20,OSCR,Healthcare,14.289999961853027,13.029999732971191,0.8944806045457746
2025-11-24,OSCR,Healthcare,16.25,16.489999771118164,0.5199760936112473
2025-12-05,OSCR,Healthcare,17.290000915527344,16.770000457763672,0.5193290610166251
2025-12-08,OSCR,Healthcare,17.020000457763672,16.729999542236328,0.5718689714857622
2025-12-18,OSCR,Healthcare,15.5,14.800000190734863,0.5100066166063766
2026-01-02,OSCR,Healthcare,14.449999809265137,14.970000267028809,0.5253748692127784
2026-01-05,OSCR,Healthcare,15.649999618530273,16.56999969482422,0.6027679779594967
2026-01-08,OSCR,Healthcare,17.649999618530273,16.899999618530273,0.6270283526603878
2026-01-13,OSCR,Healthcare,17.895000457763672,17.3799991607666,0.539488301519698
2024-01-18,PANW,Technology,168.2050018310547,167.88499450683594,0.5085460024303656
2024-01-19,PANW,Technology,169.76499938964844,168.8699951171875,0.5135991122512756
2024-01-24,PANW,Technology,173.91000366210938,170.1199951171875,0.6395642219349066
2024-01-25,PANW,Technology,172.22999572753906,170.09500122070312,0.670608884566078
2024-02-22,PANW,Technology,137.06500244140625,133.91000366210938,0.6001908954119349
2024-02-23,PANW,Technology,138.47500610351562,141.0449981689453,0.5369273976088493
2024-02-26,PANW,Technology,144.25999450683594,151.38999938964844,0.5168262543752012
2024-02-27,PANW,Technology,158.6999969482422,157.375,0.5216716196016475
2024-03-06,PANW,Technology,149.49000549316406,139.42999267578125,0.54740104745538
2024-03-14,PANW,Technology,146.17999267578125,143.7899932861328,0.5106879601375042
2024-03-21,PANW,Technology,141.91000366210938,143.81500244140625,0.5683580901647585
2024-04-04,PANW,Technology,135.8350067138672,132.60000610351562,0.5346338723337202
2024-04-09,PANW,Technology,135.48500061035156,139.56500244140625,0.504515607759648
2024-04-17,PANW,Technology,139.0,138.6649932861328,0.5273808516007916
2024-06-03,PANW,Technology,148.2100067138672,147.24000549316406,0.5033964853081573
2024-06-05,PANW,Technology,148.11500549316406,147.7050018310547,0.5025246012627631
2024-06-20,PANW,Technology,159.74000549316406,155.52000427246094,0.5243426525037409
2024-07-19,PANW,Technology,165.97999572753906,165.44500732421875,0.5110842660753507
2024-07-25,PANW,Technology,163.27999877929688,160.06500244140625,0.5453459172889286
2024-07-26,PANW,Technology,161.61500549316406,163.40499877929688,0.5425893057596456
2024-07-30,PANW,Technology,162.6199951171875,158.7550048828125,0.5513104761925507
2024-08-07,PANW,Technology,155.5749969482422,152.10499572753906,0.5441095184669805
2024-08-14,PANW,Technology,167.9949951171875,169.9550018310547,0.5174406071039638
2024-09-09,PANW,Technology,169.4199981689453,172.02499389648438,0.5427881325128664
2024-09-10,PANW,Technology,173.5,173.7899932861328,0.5335686333024441
2024-09-19,PANW,Technology,168.9499969482422,166.8000030517578,0.503668629817275
2024-11-25,PANW,Technology,193.97999572753906,193.19000244140625,0.5110994632365776
2024-12-02,PANW,Technology,195.1199951171875,195.0850067138672,0.5655028522503147
2024-12-19,PANW,Technology,194.44000244140625,189.36000061035156,0.5194773879580542
2024-12-31,PANW,Technology,185.3800048828125,181.9600067138672,0.5239416789413188
2025-01-02,PANW,Technology,184.5,180.74000549316406,0.5485184689568648
2025-01-16,PANW,Technology,176.0,177.1699981689453,0.5389942963082924
2025-01-22,PANW,Technology,185.27999877929688,187.6999969482422,0.5036108902615681
2025-02-26,PANW,Technology,189.3699951171875,189.5500030517578,0.5498538769941417
2025-02-27,PANW,Technology,191.3800048828125,187.5,0.6642822860008185
2025-03-03,PANW,Technology,191.5,183.67999267578125,0.5779176557181107
2025-03-12,PANW,Technology,183.63999938964844,179.47999572753906,0.532498818267884
2025-03-17,PANW,Technology,183.5,185.0,0.5130173715577699
2025-04-08,PANW,Technology,157.72000122070312,152.52999877929688,0.9217752463643686
2025-04-17,PANW,Technology,171.13999938964844,167.69000244140625,0.5151745114371217
2025-04-23,PANW,Technology,168.74000549316406,168.32000732421875,0.5907963331997401
2025-05-01,PANW,Technology,188.63999938964844,186.27000427246094,0.5828059275142573
2025-05-29,PANW,Technology,189.0,185.82000732421875,0.5308934693758195
2025-06-06,PANW,Technology,199.0,199.60000610351562,0.5303059968740276
2025-07-29,PANW,Technology,206.0,193.83999633789062,0.7452374845331896
2025-08-04,PANW,Technology,174.47999572753906,171.0,0.5536304776795521
2025-10-06,PANW,Technology,209.3699951171875,212.5800018310547,0.5220643902088553
2025-10-27,PANW,Technology,219.7899932861328,220.2899932861328,0.5029896711538347
2025-11-24,PANW,Technology,185.4199981689453,183.88999938964844,0.5460783124443065
2025-11-28,PANW,Technology,187.22999572753906,190.1300048828125,0.5017552652313014
2025-12-22,PANW,Technology,188.49000549316406,189.49000549316406,0.5161447040453921
2026-01-05,PANW,Technology,183.0,182.1199951171875,0.5153368623914789
2024-01-18,PLTR,Technology,16.75,16.399999618530273,0.5026251252799658
2024-01-24,PLTR,Technology,17.510000228881836,16.75,0.5812319187748325
2024-01-25,PLTR,Technology,16.920000076293945,16.459999084472656,0.6805894659351841
2024-02-22,PLTR,Technology,23.770000457763672,23.59000015258789,0.5004934888962398
2024-03-06,PLTR,Technology,25.75,26.15999984741211,0.5264887306569654
2024-03-07,PLTR,Technology,27.010000228881836,26.459999084472656,0.5219641747535388
2024-03-21,PLTR,Technology,25.299999237060547,24.489999771118164,0.5077434898145508
2024-04-04,PLTR,Technology,23.81999969482422,22.479999542236328,0.5337385600363675
2024-04-11,PLTR,Technology,22.649999618530273,22.84000015258789,0.5127800612733321
2024-04-17,PLTR,Technology,22.010000228881836,21.309999465942383,0.5452892457616413
2024-04-24,PLTR,Technology,22.049999237060547,21.59000015258789,0.6647158818670951
2024-05-23,PLTR,Technology,21.389999389648438,20.719999313354492,0.6226930890945455
2024-06-18,PLTR,Technology,25.149999618530273,25.81999969482422,0.509500469578238
2024-06-20,PLTR,Technology,26.440000534057617,25.559999465942383,0.5354110086764674
2024-07-05,PLTR,Technology,26.0,27.229999542236328,0.5407170816116728
2024-07-18,PLTR,Technology,28.420000076293945,28.639999389648438,0.5122401494666556
2024-07-26,PLTR,Technology,27.0,27.18000030517578,0.5434086863015792
2024-07-29,PLTR,Technology,27.559999465942383,27.079999923706055,0.546276293015167
2024-07-30,PLTR,Technology,27.25,26.3700008392334,0.5521271295895367
2024-08-12,PLTR,Technology,30.219999313354492,29.3799991607666,0.5567919640249149
2024-08-14,PLTR,Technology,30.6200008392334,31.0,0.5000829965304838
2024-09-06,PLTR,Technology,30.600000381469727,30.329999923706055,0.5267972025075438
2024-09-09,PLTR,Technology,32.70000076293945,34.599998474121094,0.5247154019909102
2024-09-10,PLTR,Technology,34.810001373291016,34.7599983215332,0.5538077437362873
2024-11-06,PLTR,Technology,53.439998626708984,55.529998779296875,0.605614097993248
2024-11-11,PLTR,Technology,60.132999420166016,60.2400016784668,0.5051119350133716
2024-11-13,PLTR,Technology,61.52000045776367,60.70000076293945,0.5051343140779141
2024-11-15,PLTR,Technology,61.0099983215332,65.7699966430664,0.5100574452274359
2024-11-25,PLTR,Technology,66.9000015258789,64.6500015258789,0.5003170482408109
2024-12-02,PLTR,Technology,67.44000244140625,66.38999938964844,0.5580093208292742
2024-12-09,PLTR,Technology,80.58000183105469,72.45999908447266,0.5209027304310015
2024-12-11,PLTR,Technology,72.9800033569336,72.51000213623047,0.501284677619045
2024-12-19,PLTR,Technology,73.98999786376953,74.20999908447266,0.5363731687614222
2025-01-02,PLTR,Technology,76.19999694824219,75.19000244140625,0.5267994655743031
2025-01-14,PLTR,Technology,67.18000030517578,65.91000366210938,0.565192395711077
2025-01-16,PLTR,Technology,69.08000183105469,69.23999786376953,0.5095556517179305
2025-02-10,PLTR,Technology,112.02999877929688,116.6500015258789,0.518415908670001
2025-02-18,PLTR,Technology,120.94000244140625,124.62000274658203,0.5428496311149505
2025-02-26,PLTR,Technology,89.16000366210938,89.30999755859375,0.5606376764597215
2025-02-27,PLTR,Technology,91.91000366210938,84.7699966430664,0.6864283465482677
2025-03-03,PLTR,Technology,88.55000305175781,83.41999816894531,0.6164005854239193
2025-03-05,PLTR,Technology,86.3499984741211,90.12999725341797,0.5127138928510466
2025-03-12,PLTR,Technology,83.4800033569336,83.6500015258789,0.5677931707661984
2025-03-17,PLTR,Technology,88.44000244140625,87.3499984741211,0.5208536410126644
2025-03-19,PLTR,Technology,84.55000305175781,86.0999984741211,0.5351559343939438
2025-04-08,PLTR,Technology,83.29000091552734,77.31999969482422,0.9093104288190041
2025-04-15,PLTR,Technology,93.52999877929688,98.4000015258789,0.5380797140285039
2025-04-17,PLTR,Technology,94.70999908447266,93.77999877929688,0.5230083433352642
2025-04-23,PLTR,Technology,98.86000061035156,100.81999969482422,0.5914541939078745
2025-05-01,PLTR,Technology,120.04000091552734,116.19999694824219,0.5720611741516203
2025-05-29,PLTR,Technology,125.3499984741211,122.31999969482422,0.5289564124542768
2025-06-06,PLTR,Technology,123.7300033569336,127.72000122070312,0.5534675103536569
2025-07-28,PLTR,Technology,159.8800048828125,157.8800048828125,0.5239141335530754
2025-07-29,PLTR,Technology,158.71499633789062,156.24000549316406,0.7544550242005076
2025-07-30,PLTR,Technology,157.36500549316406,158.61000061035156,0.5072607552495698
2025-07-31,PLTR,Technology,159.99000549316406,158.35000610351562,0.7075029098616876
2025-08-04,PLTR,Technology,158.52999877929688,160.66000366210938,0.5122401494666556
2025-08-05,PLTR,Technology,171.80999755859375,173.27000427246094,0.5125184846510284
2025-08-07,PLTR,Technology,181.00999450683594,182.1999969482422,0.5712486196918686
2025-08-08,PLTR,Technology,184.73500061035156,186.9600067138672,0.5388768234606667
2025-08-21,PLTR,Technology,157.1699981689453,156.17999267578125,0.5087100707132437
2025-09-05,PLTR,Technology,157.82000732421875,153.11000061035156,0.5076902730414513
2025-09-08,PLTR,Technology,154.91000366210938,156.10000610351562,0.5064220847408949
2025-10-06,PLTR,Technology,179.17999267578125,179.52999877929688,0.526991689536677
2025-10-27,PLTR,Technology,188.97000122070312,189.17999267578125,0.5038151184816821
2025-11-03,PLTR,Technology,205.0449981689453,207.17999267578125,0.5582312430913384
2025-11-10,PLTR,Technology,184.30999755859375,193.61000061035156,0.510999542160381
2025-11-20,PLTR,Technology,172.07000732421875,155.7449951171875,0.5461041353137938
2025-11-26,PLTR,Technology,166.85000610351562,165.77000427246094,0.5161997805906946
2025-12-15,PLTR,Technology,185.0800018310547,183.25,0.5134901447749445
2025-12-22,PLTR,Technology,195.0399932861328,193.97999572753906,0.5216803099742615
2026-01-02,PLTR,Technology,181.3000030517578,167.86000061035156,0.5234937084404839
2026-01-05,PLTR,Technology,174.8800048828125,174.0399932861328,0.5257708545386047
2026-01-06,PLTR,Technology,175.75999450683594,179.7100067138672,0.5024893461003328
2024-01-18,POWI,Technology,76.2058223370642,75.87592315673828,0.5240990376359947
2024-01-25,POWI,Technology,78.76737094725873,76.06028747558594,0.6521854840131911
2024-02-14,POWI,Technology,71.02454018775231,73.01361846923828,0.5085576550659281
2024-02-22,POWI,Technology,71.49997204540726,70.16098022460938,0.5092574471816274
2024-02-29,POWI,Technology,69.75753295963537,69.53372955322266,0.5017755734681248
2024-03-06,POWI,Technology,70.60407214806405,70.9543685913086,0.5303932333647243
2024-03-18,POWI,Technology,69.19316015935543,67.7530517578125,0.5183495052911223
2024-04-04,POWI,Technology,68.58014175999794,66.30321502685547,0.5212385835622376
2024-04-08,POWI,Technology,67.55844613203408,67.66548156738281,0.5030550278242181
2024-04-15,POWI,Technology,66.78001344367031,65.36910247802734,0.5233490034743878
2024-04-24,POWI,Technology,64.31820825694722,65.14529418945312,0.632340209949798
2024-05-23,POWI,Technology,76.87046873985088,74.17514038085938,0.6119083572398412
2024-06-03,POWI,Technology,75.39622268284803,74.0888900756836,0.5115242415478646
2024-06-05,POWI,Technology,72.20593096138427,73.81571197509766,0.5018138924034181
2024-06-28,POWI,Technology,68.69369580292528,68.47905731201172,0.5354365956578814
2024-07-03,POWI,Technology,69.32784200004616,68.95710754394531,0.5253672407134639
2024-07-11,POWI,Technology,71.73763585147394,72.4400863647461,0.5019588188770682
2024-07-26,POWI,Technology,71.06444862438934,71.18152618408203,0.6026200632289807
2024-07-29,POWI,Technology,72.01081292252805,71.37666320800781,0.5448794148738871
2024-08-12,POWI,Technology,60.488692841977254,58.93745040893555,0.5744293686530866
2024-08-13,POWI,Technology,59.72770459605406,59.68867874145508,0.519396837434154
2024-08-14,POWI,Technology,60.02038826029452,58.19597244262695,0.5305700199870313
2024-08-15,POWI,Technology,60.18624996043619,63.57167053222656,0.5065784946069313
2024-08-30,POWI,Technology,65.52511765249164,65.66211700439453,0.513093897764927
2024-09-17,POWI,Technology,58.34240677950298,57.774837493896484,0.5051581093546778
2024-09-19,POWI,Technology,60.58333256540449,60.142974853515625,0.5014611170601347
2024-09-23,POWI,Technology,58.86105160286138,59.281837463378906,0.5107560035964708
2024-09-26,POWI,Technology,61.70869288406461,62.02183532714844,0.5003471727524758
2024-11-06,POWI,Technology,64.09639842735474,65.0064697265625,0.5077873245416749
2025-01-02,POWI,Technology,61.24182369653759,59.641563415527344,0.5373434677797585
2025-01-06,POWI,Technology,61.71307380790984,62.17449951171875,0.5004740665763032
2025-01-14,POWI,Technology,59.828099444446615,60.50551223754883,0.5509219834776092
2025-01-17,POWI,Technology,60.86876019275809,61.084747314453125,0.5069648479013202
2025-02-26,POWI,Technology,63.44096208781479,63.17588424682617,0.5607911581597292
2025-03-03,POWI,Technology,60.67650869627809,57.563377380371094,0.5875725727304572
2025-04-03,POWI,Technology,51.18933537643311,44.23405075073242,0.5746315527220139
2025-04-08,POWI,Technology,43.95820113428271,41.50513458251953,0.9217752463643686
2025-04-14,POWI,Technology,45.879279780817015,45.307884216308594,0.5019118618164143
2025-04-15,POWI,Technology,45.71179959290109,44.88425827026367,0.5571714693963342
2025-04-22,POWI,Technology,45.938391302884014,45.554176330566406,0.5017249488438131
2025-04-23,POWI,Technology,47.23881305986251,46.46052932739258,0.5914834410277391
2025-05-27,POWI,Technology,50.1844678548382,50.4209098815918,0.5053449753542438
2025-05-29,POWI,Technology,50.263277132838354,49.888912200927734,0.5401705103406791
2025-06-06,POWI,Technology,54.05374630198226,54.15267562866211,0.5304504847244059
2025-07-21,POWI,Technology,54.17245650884419,53.737178802490234,0.5265341410565307
2025-07-28,POWI,Technology,51.73885070152967,51.91691970825195,0.5213671338752943
2025-07-29,POWI,Technology,52.381878052621786,50.19559097290039,0.7489956853715344
2025-08-04,POWI,Technology,47.41573801391286,48.84028625488281,0.5536304776795521
2025-08-22,POWI,Technology,45.3580582856736,46.91121292114258,0.5214908569345442
2025-09-11,POWI,Technology,44.69996079772855,45.335975646972656,0.5011827252526816
2025-10-06,POWI,Technology,38.747255715318765,38.79694366455078,0.5375350786353953
2025-10-07,POWI,Technology,39.17457249714424,37.4752197265625,0.5625305267164018
2025-10-13,POWI,Technology,35.4777372486363,42.88135528564453,0.5334574232722399
2025-10-15,POWI,Technology,48.17817012165476,48.52599334716797,0.544436708014187
2025-10-27,POWI,Technology,43.169544865329534,42.772037506103516,0.5038151184816821
2025-11-10,POWI,Technology,36.1833136538241,35.45785903930664,0.520240260540258
2025-11-12,POWI,Technology,35.85537156234452,35.437984466552734,0.5111418341879781
2025-11-20,POWI,Technology,32.04921466832521,30.727495193481445,0.551473363265165
2025-12-15,POWI,Technology,36.91999816894531,36.34000015258789,0.5134901447749445
2026-01-02,POWI,Technology,36.36000061035156,37.29999923706055,0.5070932613342124
2024-01-19,QBTS,Technology,0.722000002861023,0.6850000023841858,0.5097154168449973
2024-01-22,QBTS,Technology,0.7229999899864197,0.7829999923706055,0.5114741540240005
2024-01-24,QBTS,Technology,0.8669999837875366,0.7549999952316284,0.5602043084891909
2024-01-25,QBTS,Technology,0.7699999809265137,0.7179999947547913,0.6988778073623453
2024-02-01,QBTS,Technology,0.8899999856948853,0.9200000166893005,0.5288091143494467
2024-02-14,QBTS,Technology,1.5800000429153442,1.850000023841858,0.5180252877606306
2024-02-15,QBTS,Technology,2.0199999809265137,1.9800000190734863,0.6331202270336119
2024-02-22,QBTS,Technology,1.9900000095367432,1.8899999856948853,0.5324829155211819
2024-02-23,QBTS,Technology,1.9199999570846558,1.7899999618530273,0.5103513601582357
2024-02-27,QBTS,Technology,1.940000057220459,1.8799999952316284,0.5048716689153951
2024-02-29,QBTS,Technology,2.0199999809265137,1.850000023841858,0.56120390373081
2024-03-06,QBTS,Technology,1.4900000095367432,1.600000023841858,0.6139101786001978
2024-03-07,QBTS,Technology,1.6699999570846558,1.840000033378601,0.5632427744275319
2024-03-08,QBTS,Technology,1.8700000047683716,1.8700000047683716,0.5118631554411576
2024-03-12,QBTS,Technology,1.8899999856948853,2.2100000381469727,0.5011150186086258
2024-03-14,QBTS,Technology,2.2200000286102295,2.059999942779541,0.5566237427238286
2024-03-18,QBTS,Technology,2.140000104904175,2.3499999046325684,0.5104821044769677
2024-03-20,QBTS,Technology,2.200000047683716,2.049999952316284,0.5145710160925663
2024-03-21,QBTS,Technology,2.130000114440918,1.899999976158142,0.5334918718873318
2024-03-25,QBTS,Technology,2.0399999618530273,2.0799999237060547,0.5325536856893738
2024-03-27,QBTS,Technology,2.0,2.0999999046325684,0.5221742091092262
2024-04-08,QBTS,Technology,1.9600000381469727,1.850000023841858,0.53145987326024
2024-04-09,QBTS,Technology,1.8899999856948853,1.8700000047683716,0.5169756413103943
2024-04-11,QBTS,Technology,1.840000033378601,1.7100000381469727,0.528476338723607
2024-04-18,QBTS,Technology,1.7000000476837158,1.6699999570846558,0.5553827292924085
2024-04-24,QBTS,Technology,1.590000033378601,1.5199999809265137,0.6983624344178422
2024-04-29,QBTS,Technology,1.4600000381469727,1.440000057220459,0.5404598870310647
2024-05-03,QBTS,Technology,1.4700000286102295,1.399999976158142,0.5209770999030222
2024-05-06,QBTS,Technology,1.440000057220459,1.409999966621399,0.5424101834003092
2024-05-07,QBTS,Technology,1.4500000476837158,1.3799999952316284,0.5439062428264667
2024-05-08,QBTS,Technology,1.3899999856948853,1.3600000143051147,0.5192417103816757
2024-05-10,QBTS,Technology,1.4049999713897705,1.2999999523162842,0.5255323851905374
2024-05-14,QBTS,Technology,1.409999966621399,1.399999976158142,0.5066697656105021
2024-05-15,QBTS,Technology,1.4299999475479126,1.3300000429153442,0.5131723062913737
2024-05-23,QBTS,Technology,1.2699999809265137,1.1699999570846558,0.642671513529913
2024-05-28,QBTS,Technology,1.2699999809265137,1.399999976158142,0.5086069012803143
2024-05-30,QBTS,Technology,1.4800000190734863,1.3700000047683716,0.5110356688931977
2024-06-03,QBTS,Technology,1.3700000047683716,1.3200000524520874,0.5112853907320063
2024-06-17,QBTS,Technology,1.1799999475479126,1.190000057220459,0.6180360288743015
2024-06-18,QBTS,Technology,1.2200000286102295,1.159999966621399,0.544264022329972
2024-06-20,QBTS,Technology,1.190000057220459,1.1399999856948853,0.5674577807800766
2024-06-25,QBTS,Technology,1.159999966621399,1.090000033378601,0.5058586614708048
2024-07-05,QBTS,Technology,1.1100000143051147,1.100000023841858,0.5604596335852282
2024-07-10,QBTS,Technology,1.1399999856948853,1.2200000286102295,0.5138586194619863
2024-07-11,QBTS,Technology,1.2599999904632568,1.1799999475479126,0.582008583391562
2024-07-12,QBTS,Technology,1.2100000381469727,1.2100000381469727,0.5128786786560758
2024-07-18,QBTS,Technology,1.190000057220459,1.0700000524520874,0.5684290946426852
2024-07-25,QBTS,Technology,0.9950000047683716,1.0299999713897705,0.5762291298801917
2024-07-29,QBTS,Technology,1.0199999809265137,0.9900000095367432,0.5942264252278958
2024-07-30,QBTS,Technology,1.0199999809265137,0.9549999833106995,0.5910674891910497
2024-08-07,QBTS,Technology,0.8999999761581421,0.8100000023841858,0.5463073517084315
2024-08-09,QBTS,Technology,0.8299999833106995,0.8420000076293945,0.597554631275515
2024-08-13,QBTS,Technology,0.8999999761581421,0.9480000138282776,0.5032946210730801
2024-08-14,QBTS,Technology,0.9900000095367432,0.8989999890327454,0.5207155883260053
2024-08-15,QBTS,Technology,0.9290000200271606,0.9390000104904175,0.5081816474877932
2024-08-30,QBTS,Technology,1.0199999809265137,1.0099999904632568,0.5074109216718671
2024-09-04,QBTS,Technology,0.949999988079071,0.9290000200271606,0.5162292375284683
2024-09-10,QBTS,Technology,0.8510000109672546,0.9359999895095825,0.6073057821682205
2024-09-19,QBTS,Technology,0.9950000047683716,0.9599999785423279,0.5014611170601347
2024-09-23,QBTS,Technology,0.9399999976158142,0.8999999761581421,0.5100758364420187
2024-10-04,QBTS,Technology,0.9300000071525574,1.0,0.5050578368333632
2024-10-17,QBTS,Technology,1.0700000524520874,1.0399999618530273,0.5734408423211648
2024-10-24,QBTS,Technology,1.25,1.1399999856948853,0.5066933145227336
2024-10-25,QBTS,Technology,1.159999966621399,1.0399999618530273,0.517833061583227
2024-10-28,QBTS,Technology,1.0700000524520874,1.2000000476837158,0.5196299777528458
2024-10-29,QBTS,Technology,1.2400000095367432,1.1399999856948853,0.5355732816560164
2024-11-04,QBTS,Technology,1.0499999523162842,0.9990000128746033,0.5065144094186195
2024-11-06,QBTS,Technology,1.149999976158142,1.1299999952316284,0.5125780568768233
2024-11-18,QBTS,Technology,1.659999966621399,1.440000057220459,0.5158383999772396
2024-11-19,QBTS,Technology,1.4500000476837158,1.4900000095367432,0.5325457055652104
2024-11-21,QBTS,Technology,1.809999942779541,1.9700000286102295,0.5202328474527782
2024-11-25,QBTS,Technology,3.4200000762939453,2.890000104904175,0.7231972715110963
2024-11-27,QBTS,Technology,2.890000104904175,2.740000009536743,0.525690302149698
2024-12-02,QBTS,Technology,3.240000009536743,2.759999990463257,0.5861901486552615
2024-12-09,QBTS,Technology,5.260000228881836,4.650000095367432,0.576538535179059
2024-12-11,QBTS,Technology,4.949999809265137,4.119999885559082,0.6504343154777278
2024-12-19,QBTS,Technology,9.289999961853027,6.369999885559082,0.7365836638553827
2024-12-23,QBTS,Technology,8.020000457763672,8.149999618530273,0.593267291708179
2024-12-27,QBTS,Technology,10.140000343322754,9.90999984741211,0.5333901024017391
2025-01-02,QBTS,Technology,8.5,9.609999656677246,0.5867851559645733
2025-01-07,QBTS,Technology,10.4399995803833,9.550000190734863,0.5522535128677811
2025-01-10,QBTS,Technology,6.340000152587891,5.769999980926514,0.6591990436775603
2025-01-14,QBTS,Technology,4.139999866485596,4.730000019073486,0.6342830448161646
2025-01-15,QBTS,Technology,5.960000038146973,5.789999961853027,0.606753822655154
2025-01-16,QBTS,Technology,5.985000133514404,5.809999942779541,0.6408944507024602
2025-01-21,QBTS,Technology,5.400000095367432,6.289999961853027,0.5538983340162471
2025-01-22,QBTS,Technology,6.994999885559082,6.25,0.6280528042074891
2025-01-24,QBTS,Technology,6.210000038146973,6.090000152587891,0.5750993901185876
2025-01-28,QBTS,Technology,5.880000114440918,5.739999771118164,0.5989413756275428
2025-01-30,QBTS,Technology,5.670000076293945,5.639999866485596,0.5647678467525608
2025-01-31,QBTS,Technology,5.690000057220459,5.940000057220459,0.5828133094942944
2025-02-04,QBTS,Technology,5.940000057220459,5.78000020980835,0.5582827972852197
2025-02-05,QBTS,Technology,5.849999904632568,6.260000228881836,0.5111854515797263
2025-02-06,QBTS,Technology,6.449999809265137,5.989999771118164,0.5273228218136398
2025-02-07,QBTS,Technology,6.050000190734863,5.809999942779541,0.5220485603423348
2025-02-12,QBTS,Technology,5.380000114440918,6.039999961853027,0.54099453387115
2025-02-13,QBTS,Technology,6.210000038146973,6.5,0.5326545190000409
2025-02-14,QBTS,Technology,6.559999942779541,6.369999885559082,0.5220485603423348
2025-02-21,QBTS,Technology,7.710000038146973,7.25,0.5442642013277236
2025-02-26,QBTS,Technology,6.150000095367432,6.139999866485596,0.6018757621987021
2025-02-27,QBTS,Technology,6.224999904632568,5.559999942779541,0.7138044472648066
2025-03-03,QBTS,Technology,5.579999923706055,4.900000095367432,0.6573775607127486
2025-03-12,QBTS,Technology,5.635000228881836,5.820000171661377,0.5637542988088493
2025-03-17,QBTS,Technology,10.90999984741211,11.180000305175781,0.6026096275400884
2025-03-19,QBTS,Technology,10.9399995803833,10.600000381469727,0.5710302776861308
2025-04-01,QBTS,Technology,7.914999961853027,7.420000076293945,0.7093594225478375
2025-04-08,QBTS,Technology,7.139999866485596,6.21999979019165,0.9127400606956501
2025-04-11,QBTS,Technology,7.28000020980835,7.25,0.5900877102616693
2025-04-14,QBTS,Technology,7.570000171661377,7.019999980926514,0.5235787087133166
2025-04-17,QBTS,Technology,6.510000228881836,6.420000076293945,0.596231748732269
2025-04-22,QBTS,Technology,6.369999885559082,6.25,0.5962737853500303
2025-04-23,QBTS,Technology,6.744999885559082,7.130000114440918,0.61058424628323
2025-04-24,QBTS,Technology,7.199999809265137,7.349999904632568,0.5151845778349851
2025-05-01,QBTS,Technology,7.010000228881836,6.980000019073486,0.5365277851544966
2025-05-08,QBTS,Technology,8.670000076293945,10.420000076293945,0.5015622532569997
2025-05-21,QBTS,Technology,17.299999237060547,15.359999656677246,0.5072375914418801
2025-05-27,QBTS,Technology,19.280000686645508,17.549999237060547,0.6834464600257565
2025-06-06,QBTS,Technology,16.610000610351562,18.6200008392334,0.5438789764530267
2025-06-16,QBTS,Technology,15.5,16.0,0.5211136662081876
2025-06-18,QBTS,Technology,15.739999771118164,15.710000038146973,0.5037871739923281
2025-06-24,QBTS,Technology,15.279999732971191,14.970000267028809,0.5193711401408645
2025-07-28,QBTS,Technology,19.299999237060547,18.350000381469727,0.5239141335530754
2025-07-29,QBTS,Technology,18.81999969482422,17.670000076293945,0.7570206051839988
2025-07-30,QBTS,Technology,17.920000076293945,17.059999465942383,0.5072607552495698
2025-07-31,QBTS,Technology,17.610000610351562,17.190000534057617,0.69281938170249
2025-08-04,QBTS,Technology,16.760000228881836,17.18000030517578,0.522814705220054
2025-09-05,QBTS,Technology,15.460000038146973,15.369999885559082,0.5076902730414513
2025-09-18,QBTS,Technology,22.8700008392334,24.020000457763672,0.5141747343282231
2025-09-23,QBTS,Technology,25.8799991607666,27.520000457763672,0.5012856365302107
2025-09-24,QBTS,Technology,28.440000534057617,27.719999313354492,0.5637519958057273
2025-10-07,QBTS,Technology,36.959999084472656,35.720001220703125,0.5836786633999717
2025-10-09,QBTS,Technology,34.70000076293945,35.06999969482422,0.5089443185224924
2025-10-10,QBTS,Technology,35.68000030517578,33.02000045776367,0.5649189035654004
2025-10-15,QBTS,Technology,46.400001525878906,44.779998779296875,0.6160030703499101
2025-10-20,QBTS,Technology,39.52000045776367,34.400001525878906,0.504564437191831
2025-10-23,QBTS,Technology,32.599998474121094,31.059999465942383,0.561168406118241
2025-10-24,QBTS,Technology,33.19499969482422,32.650001525878906,0.6101624170308513
2025-10-27,QBTS,Technology,33.9900016784668,35.040000915527344,0.5341824934097436
2025-11-03,QBTS,Technology,37.41999816894531,33.09000015258789,0.5665975630922196
2025-11-05,QBTS,Technology,30.559999465942383,31.020000457763672,0.563279261733079
2025-11-10,QBTS,Technology,30.110000610351562,29.3700008392334,0.5262794662813955
2025-11-19,QBTS,Technology,23.15999984741211,23.440000534057617,0.6186763167009988
2025-11-20,QBTS,Technology,23.969999313354492,20.510000228881836,0.6052582416266987
2025-11-28,QBTS,Technology,22.75,22.670000076293945,0.5281051975521868
2025-12-02,QBTS,Technology,21.565000534057617,22.5,0.5211163879179062
2025-12-03,QBTS,Technology,22.860000610351562,25.079999923706055,0.502219847288917
2025-12-15,QBTS,Technology,26.399999618530273,23.739999771118164,0.5301748894773979
2025-12-17,QBTS,Technology,26.0,23.799999237060547,0.5116535280213851
2025-12-19,QBTS,Technology,25.420000076293945,26.81999969482422,0.5017430487111791
2025-12-22,QBTS,Technology,27.65999984741211,32.189998626708984,0.5181353478150542
2025-12-24,QBTS,Technology,29.649999618530273,27.520000457763672,0.5236492326899943
2026-01-02,QBTS,Technology,26.94499969482422,28.1299991607666,0.5309939333070666
2026-01-05,QBTS,Technology,28.655000686645508,30.639999389648438,0.5246449284180643
2024-01-24,QCOM,Technology,148.47300266716329,148.0701446533203,0.5803985292951214
2024-01-25,QCOM,Technology,151.168330398509,148.1660614013672,0.6734408922968276
2024-03-06,QCOM,Technology,158.89670632016492,161.8563690185547,0.5127471436621202
2024-03-07,QCOM,Technology,163.5049137921831,169.40496826171875,0.5179310085637733
2024-04-04,QCOM,Technology,168.71085474658824,163.65916442871094,0.5198323770091151
2024-04-15,QCOM,Technology,168.00708454847756,163.7362823486328,0.5120487111282332
2024-04-24,QCOM,Technology,157.98081612093634,157.74945068359375,0.6588450603277067
2024-05-23,QCOM,Technology,198.48106980956084,194.50912475585938,0.6698705944181941
2024-05-28,QCOM,Technology,209.4231841802527,205.42233276367188,0.5184780196806259
2024-06-03,QCOM,Technology,202.85675761581388,199.32351684570312,0.5115242415478646
2024-06-17,QCOM,Technology,210.1459057661059,215.11181640625,0.5076901784185875
2024-06-18,QCOM,Technology,219.56468171132383,219.82603454589844,0.5079813555834714
2024-06-25,QCOM,Technology,196.64211382888243,195.70314025878906,0.5168510953583991
2024-07-03,QCOM,Technology,196.196835951093,197.2906951904297,0.5238332144386768
2024-07-05,QCOM,Technology,199.2654473281772,199.16864013671875,0.5264306982488851
2024-07-11,QCOM,Technology,203.30207153253417,193.45738220214844,0.5083704653489676
2024-07-18,QCOM,Technology,187.58155206195983,185.3357696533203,0.5450798052629499
2024-07-26,QCOM,Technology,173.28398401978438,174.2907257080078,0.582840753194529
2024-07-29,QCOM,Technology,175.6943135556455,172.92579650878906,0.517558319882442
2024-08-07,QCOM,Technology,158.34754194458074,151.12615966796875,0.5146919462615563
2024-08-30,QCOM,Technology,166.77894430291613,169.6926727294922,0.5320674546394663
2024-09-09,QCOM,Technology,156.743058890875,156.43170166015625,0.5642277650446507
2024-09-26,QCOM,Technology,170.19012384047446,168.00083923339844,0.5007433843114527
2024-11-18,QCOM,Technology,158.2122967310765,160.06101989746094,0.511385815959531
2024-11-25,QCOM,Technology,154.6510588463011,154.5343017578125,0.5090810657475018
2024-12-19,QCOM,Technology,150.65755201648741,147.10702514648438,0.5421665030417246
2024-12-23,QCOM,Technology,152.25186210796443,154.77537536621094,0.5188714135777461
2025-01-02,QCOM,Technology,151.61609196832984,150.27609252929688,0.5379059636340888
2025-01-03,QCOM,Technology,152.0171218088995,154.37435913085938,0.5280893869817141
2025-01-07,QCOM,Technology,158.45306967150353,157.00547790527344,0.5063709677346964
2025-01-14,QCOM,Technology,156.6337847324221,156.03713989257812,0.5202566382391904
2025-01-16,QCOM,Technology,161.72972440773205,157.89553833007812,0.5025227969812609
2025-03-03,QCOM,Technology,155.5089821410337,150.2565460205078,0.6182683515187827
2025-03-12,QCOM,Technology,151.6469291382608,150.26036071777344,0.51558166975904
2025-04-08,QCOM,Technology,128.95053131860624,122.58806610107422,0.900254746051093
2025-04-14,QCOM,Technology,140.37739967721834,136.87657165527344,0.5312052702999978
2025-04-17,QCOM,Technology,135.09666043382038,134.3886260986328,0.5046419038303144
2025-04-23,QCOM,Technology,140.21021699777037,138.12545776367188,0.5451813919917536
2025-05-08,QCOM,Technology,143.2193574412165,142.68833923339844,0.5006011345870853
2025-05-29,QCOM,Technology,147.3692219328876,145.87448120117188,0.5300293405486912
2025-06-06,QCOM,Technology,148.19511127067886,147.64111328125,0.5239125169790452
2025-07-28,QCOM,Technology,158.0483969937154,159.3245849609375,0.5244483205222235
2025-07-29,QCOM,Technology,160.30397172387103,160.3435516357422,0.6996535623081946
2025-08-05,QCOM,Technology,146.92882007669022,145.13821411132812,0.5115314885497857
2025-08-07,QCOM,Technology,146.7309544683255,144.3368682861328,0.505927272334105
2025-10-06,QCOM,Technology,169.67302439889434,167.76278686523438,0.5220643902088553
2025-10-07,QCOM,Technology,169.03628180900412,164.61886596679688,0.5392810843401705
2025-10-13,QCOM,Technology,155.1572011863041,160.9575653076172,0.5074780362979969
2025-11-03,QCOM,Technology,182.01994400971313,179.80128479003906,0.5526157351505232
2025-11-20,QCOM,Technology,166.28036382533708,158.7786865234375,0.5422099127646027
2025-11-21,QCOM,Technology,159.93279379545692,162.46983337402344,0.541028744768797
2025-11-24,QCOM,Technology,163.53439153699404,164.22088623046875,0.5160224028192502
2025-12-15,QCOM,Technology,179.72000122070312,179.25999450683594,0.5133452260298045
2025-12-22,QCOM,Technology,177.55999755859375,174.22000122070312,0.5147072312718018
2026-01-02,QCOM,Technology,173.8000030517578,172.97999572753906,0.507773573388301
2024-01-24,REMX,Unknown,48.38942673705109,47.7476806640625,0.8482934551140587
2024-01-25,REMX,Unknown,48.14038589706923,47.57526779174805,0.7691418400358723
2024-02-06,REMX,Unknown,43.322517301329796,44.20372009277344,0.5510789210844451
2024-02-07,REMX,Unknown,45.16155169498642,44.950828552246094,0.7526683570982656
2024-02-21,REMX,Unknown,46.694070252127055,46.66533660888672,0.5853481299974991
2024-02-23,REMX,Unknown,46.569555333321425,46.30136489868164,0.5337976906487182
2024-04-04,REMX,Unknown,51.780131561074015,50.32423400878906,0.5563911911980399
2024-04-11,REMX,Unknown,51.97169740572057,52.25904846191406,0.5665701873823829
2024-04-15,REMX,Unknown,50.86061883102109,49.44303512573242,0.5402285749494042
2024-04-17,REMX,Unknown,48.944965154447885,48.83960723876953,0.7086987286159357
2024-04-29,REMX,Unknown,49.280204799290765,50.352970123291016,0.5315676092906797
2024-05-15,REMX,Unknown,53.93524540397381,52.32609558105469,0.5511497310081229
2024-05-24,REMX,Unknown,50.630742863748395,51.07134246826172,0.5100016316619526
2024-06-12,REMX,Unknown,47.038891062032164,46.07148361206055,0.7006869244127
2024-07-05,REMX,Unknown,42.75740313696295,42.163551330566406,0.5250667179964991
2024-07-26,REMX,Unknown,40.2000050066316,40.21916198730469,0.5833337264145755
2024-08-07,REMX,Unknown,37.45104017081251,36.36869812011719,0.8352641488479999
2024-08-26,REMX,Unknown,39.050612664925616,38.83988952636719,0.5434603696684043
2024-08-30,REMX,Unknown,38.945249001684545,38.20772171020508,0.5257332713298081
2024-09-19,REMX,Unknown,38.40886575633237,38.35139846801758,0.6470267404780262
2024-11-13,REMX,Unknown,46.18642215868335,46.004432678222656,0.6529627954063238
2024-12-19,REMX,Unknown,39.098501780601566,38.677059173583984,0.609193019765743
2025-01-06,REMX,Unknown,39.91152721418516,40.471309661865234,0.5369380463145248
2025-01-07,REMX,Unknown,41.10965895071267,40.707008361816406,0.5061513296922259
2025-01-14,REMX,Unknown,41.09001627457676,40.88378143310547,0.5657271212563482
2025-01-17,REMX,Unknown,42.14083891524723,42.07209396362305,0.5640147380377512
2025-02-06,REMX,Unknown,40.785571834469536,40.84449768066406,0.5562087361709845
2025-02-27,REMX,Unknown,40.04901693049518,39.607086181640625,0.8911852430233196
2025-03-03,REMX,Unknown,39.65618966811591,38.56608581542969,0.6967547702058411
2025-03-18,REMX,Unknown,43.56484546381692,43.702335357666016,0.5108756400989767
2025-03-24,REMX,Unknown,42.062272635802984,41.689083099365234,0.5029597679832601
2025-04-08,REMX,Unknown,35.29577461679408,32.06475067138672,0.9304440970504474
2025-04-14,REMX,Unknown,36.218926251393086,36.94565963745117,0.5991855280767449
2025-04-15,REMX,Unknown,37.5447252472995,36.18946075439453,0.5139273902270594
2025-04-16,REMX,Unknown,36.4251598859186,36.31713104248047,0.5434572330892539
2025-04-17,REMX,Unknown,36.739422845360096,36.49390411376953,0.7103118058134489
2025-04-21,REMX,Unknown,37.15189810267241,36.06179428100586,0.7265370780049438
2025-04-23,REMX,Unknown,36.95548409487856,36.562652587890625,0.6847310382832238
2025-04-29,REMX,Unknown,37.56436883724665,37.65275573730469,0.501010115399931
2025-05-02,REMX,Unknown,37.4661634168449,37.51526641845703,0.5229835067901697
2025-05-06,REMX,Unknown,37.554549372992284,37.74114227294922,0.5501307770836348
2025-05-12,REMX,Unknown,39.38120442859114,38.95891189575195,0.8885929183979501
2025-05-29,REMX,Unknown,36.17964179412287,36.169822692871094,0.7353800103696799
2025-06-25,REMX,Unknown,39.282997273498424,39.253536224365234,0.5351371835213816
2025-07-08,REMX,Unknown,40.56951774685491,41.80693054199219,0.5295935940813448
2025-07-16,REMX,Unknown,46.953004220581754,46.63874053955078,0.5000582106880787
2025-07-25,REMX,Unknown,54.28910208612426,53.93555450439453,0.5780759749801937
2025-08-05,REMX,Unknown,50.40008817405993,50.66524887084961,0.5152389628760786
2025-09-29,REMX,Unknown,65.49458397355284,64.36519622802734,0.5480516022632429
2025-10-15,REMX,Unknown,80.24534634363458,76.49382019042969,0.6742186360251897
2025-10-20,REMX,Unknown,71.62273201441457,71.200439453125,0.585505727368944
2025-10-30,REMX,Unknown,69.60947143307438,70.27728271484375,0.6882823327258033
2025-11-06,REMX,Unknown,63.48132768583039,62.42068862915039,0.6190472992187934
2025-11-10,REMX,Unknown,66.72217827361752,67.90066528320312,0.5788656797663059
2025-11-13,REMX,Unknown,69.39342229683211,68.1952896118164,0.7416696844289759
2025-11-17,REMX,Unknown,71.05312080570206,70.7879638671875,0.5342744085066745
2025-11-20,REMX,Unknown,73.67525818128911,69.1184310913086,0.8383275805002709
2025-12-05,REMX,Unknown,71.19061424292357,70.8567123413086,0.5075707040644389
2025-12-08,REMX,Unknown,72.1039391948833,72.09412384033203,0.5120303930471948
2025-12-17,REMX,Unknown,71.16115525068112,70.36567687988281,0.5369816705408479
2024-01-18,RXRX,Healthcare,10.399999618530273,9.890000343322754,0.6583800407071121
2024-01-22,RXRX,Healthcare,9.789999961853027,10.479999542236328,0.5198495167117756
2024-01-23,RXRX,Healthcare,10.710000038146973,10.640000343322754,0.5076235967446971
2024-01-24,RXRX,Healthcare,10.84000015258789,10.359999656677246,0.8449380313791203
2024-01-25,RXRX,Healthcare,10.470000267028809,10.229999542236328,0.741256900826455
2024-02-01,RXRX,Healthcare,9.520000457763672,9.550000190734863,0.5750271609080875
2024-02-15,RXRX,Healthcare,12.579999923706055,12.430000305175781,0.6768485121395277
2024-02-22,RXRX,Healthcare,12.979999542236328,15.0,0.5833961961636857
2024-03-04,RXRX,Healthcare,12.920000076293945,12.300000190734863,0.5041738569975718
2024-03-08,RXRX,Healthcare,11.399999618530273,11.1899995803833,0.5287515827931908
2024-03-11,RXRX,Healthcare,11.350000381469727,10.369999885559082,0.6524572084848217
2024-03-18,RXRX,Healthcare,11.760000228881836,11.420000076293945,0.501496171738336
2024-03-21,RXRX,Healthcare,11.199999809265137,10.649999618530273,0.8551176591526292
2024-03-26,RXRX,Healthcare,10.609999656677246,10.319999694824219,0.5333473563749671
2024-04-03,RXRX,Healthcare,8.850000381469727,8.930000305175781,0.5568930094740526
2024-04-04,RXRX,Healthcare,9.020000457763672,8.729999542236328,0.5826635493835893
2024-04-11,RXRX,Healthcare,8.649999618530273,8.920000076293945,0.5959855612682236
2024-04-17,RXRX,Healthcare,7.639999866485596,7.46999979019165,0.6494677498057108
2024-04-24,RXRX,Healthcare,8.149999618530273,7.940000057220459,0.6342889159235311
2024-04-29,RXRX,Healthcare,8.300000190734863,8.199999809265137,0.6465626748835898
2024-05-03,RXRX,Healthcare,9.239999771118164,8.84000015258789,0.5428391705925608
2024-05-10,RXRX,Healthcare,9.050000190734863,8.600000381469727,0.5437009264480415
2024-05-13,RXRX,Healthcare,9.420000076293945,9.479999542236328,0.5412494666541802
2024-05-23,RXRX,Healthcare,9.550000190734863,9.029999732971191,0.7949351091609371
2024-05-31,RXRX,Healthcare,8.930000305175781,8.279999732971191,0.5116005108072412
2024-06-03,RXRX,Healthcare,8.390000343322754,8.59000015258789,0.525419599705327
2024-06-12,RXRX,Healthcare,8.949999809265137,9.300000190734863,0.7456242875428293
2024-07-08,RXRX,Healthcare,7.380000114440918,7.400000095367432,0.5923009702990841
2024-07-10,RXRX,Healthcare,7.480000019073486,7.230000019073486,0.6385944359014936
2024-07-11,RXRX,Healthcare,7.440000057220459,7.679999828338623,0.6611906814539728
2024-07-12,RXRX,Healthcare,7.789999961853027,8.359999656677246,0.515684475347221
2024-07-15,RXRX,Healthcare,8.40999984741211,8.199999809265137,0.528026127949302
2024-07-22,RXRX,Healthcare,7.71999979019165,8.140000343322754,0.6267377622367726
2024-07-26,RXRX,Healthcare,8.25,8.350000381469727,0.6328153998107923
2024-08-06,RXRX,Healthcare,6.9019999504089355,6.710000038146973,0.586323471113832
2024-08-07,RXRX,Healthcare,7.099999904632568,6.369999885559082,0.8226520928926052
2024-08-09,RXRX,Healthcare,6.829999923706055,6.289999961853027,0.5544551781852187
2024-08-14,RXRX,Healthcare,6.659999847412109,6.28000020980835,0.6303145043025741
2024-08-22,RXRX,Healthcare,7.699999809265137,7.349999904632568,0.529438149723236
2024-08-26,RXRX,Healthcare,7.889999866485596,7.889999866485596,0.5463882158465737
2024-08-30,RXRX,Healthcare,7.53000020980835,7.28000020980835,0.6329839572091506
2024-09-10,RXRX,Healthcare,6.159999847412109,6.320000171661377,0.6621554945733155
2024-09-17,RXRX,Healthcare,6.730000019073486,6.760000228881836,0.5425801494487064
2024-09-19,RXRX,Healthcare,7.159999847412109,6.940000057220459,0.6795119515428517
2024-09-26,RXRX,Healthcare,7.0,7.170000076293945,0.7434149431107537
2024-10-17,RXRX,Healthcare,7.099999904632568,6.550000190734863,0.5621792907110835
2024-10-24,RXRX,Healthcare,6.449999809265137,6.360000133514404,0.6642393034103419
2024-10-25,RXRX,Healthcare,6.420000076293945,6.480000019073486,0.5943576207825532
2024-11-13,RXRX,Healthcare,7.795000076293945,7.320000171661377,0.6520481629019997
2024-11-27,RXRX,Healthcare,5.940000057220459,6.380000114440918,0.5561456077984192
2024-11-29,RXRX,Healthcare,6.5,7.070000171661377,0.5059885470474177
2024-12-02,RXRX,Healthcare,7.230000019073486,7.579999923706055,0.5437133326880181
2024-12-09,RXRX,Healthcare,8.8100004196167,8.270000457763672,0.5450553837339225
2024-12-19,RXRX,Healthcare,6.510000228881836,6.090000152587891,0.6430219475687144
2024-12-23,RXRX,Healthcare,6.159999847412109,6.989999771118164,0.5081313048495595
2024-12-24,RXRX,Healthcare,7.239999771118164,7.239999771118164,0.5073401729737188
2024-12-31,RXRX,Healthcare,6.829999923706055,6.760000228881836,0.6004281608814281
2025-01-06,RXRX,Healthcare,8.029999732971191,7.949999809265137,0.5497333076431759
2025-01-07,RXRX,Healthcare,8.050000190734863,7.489999771118164,0.5881568272852747
2025-01-14,RXRX,Healthcare,6.960000038146973,6.320000171661377,0.6220087402172663
2025-01-17,RXRX,Healthcare,6.559999942779541,6.53000020980835,0.5319911498616793
2025-01-22,RXRX,Healthcare,7.170000076293945,7.489999771118164,0.5735468870314762
2025-01-28,RXRX,Healthcare,7.070000171661377,7.429999828338623,0.549632939833047
2025-01-31,RXRX,Healthcare,7.909999847412109,7.239999771118164,0.5858161569300309
2025-02-05,RXRX,Healthcare,7.699999809265137,7.920000076293945,0.6135544190574462
2025-02-06,RXRX,Healthcare,8.140000343322754,7.239999771118164,0.6027366947538222
2025-02-14,RXRX,Healthcare,9.170000076293945,10.529999732971191,0.5291607848959806
2025-02-18,RXRX,Healthcare,11.539999961853027,10.640000343322754,0.5338471040062454
2025-02-19,RXRX,Healthcare,10.8149995803833,10.869999885559082,0.6857413770622813
2025-02-24,RXRX,Healthcare,9.529999732971191,9.0,0.6487164093728236
2025-02-26,RXRX,Healthcare,8.53499984741211,8.34000015258789,0.7162759762172715
2025-02-27,RXRX,Healthcare,8.59000015258789,7.670000076293945,0.8239672723186683
2025-03-03,RXRX,Healthcare,7.869999885559082,6.590000152587891,0.7789964199576961
2025-03-12,RXRX,Healthcare,6.230000019073486,6.170000076293945,0.7240605630231626
2025-04-01,RXRX,Healthcare,5.320000171661377,5.09499979019165,0.5664531315094704
2025-04-08,RXRX,Healthcare,4.489999771118164,3.9700000286102295,0.9466596862571601
2025-04-11,RXRX,Healthcare,4.994999885559082,5.760000228881836,0.5717275822086839
2025-04-14,RXRX,Healthcare,5.940000057220459,5.510000228881836,0.6557524356922529
2025-04-23,RXRX,Healthcare,5.960000038146973,5.579999923706055,0.7640805997428429
2025-04-28,RXRX,Healthcare,5.78000020980835,5.840000152587891,0.5294825027866342
2025-05-08,RXRX,Healthcare,4.320000171661377,4.389999866485596,0.6126376388577824
2025-05-09,RXRX,Healthcare,4.519999980926514,4.329999923706055,0.5060420468503904
2025-05-12,RXRX,Healthcare,4.630000114440918,4.639999866485596,0.8673279954623891
2025-05-22,RXRX,Healthcare,4.15500020980835,4.144999980926514,0.5537438473847015
2025-05-29,RXRX,Healthcare,4.489999771118164,4.449999809265137,0.8189941035770704
2025-06-03,RXRX,Healthcare,4.425000190734863,4.389999866485596,0.512005910790919
2025-06-20,RXRX,Healthcare,5.230000019073486,5.03000020980835,0.5819455124191529
2025-07-08,RXRX,Healthcare,5.005000114440918,5.360000133514404,0.7027328360094199
2025-07-09,RXRX,Healthcare,5.460000038146973,5.590000152587891,0.5580350457805446
2025-07-21,RXRX,Healthcare,6.110000133514404,6.400000095367432,0.5618111553262853
2025-07-22,RXRX,Healthcare,6.510000228881836,6.539999961853027,0.557966420822635
2025-07-28,RXRX,Healthcare,6.659999847412109,6.309999942779541,0.620308812137809
2025-07-31,RXRX,Healthcare,5.855000019073486,5.949999809265137,0.6433343336248585
2025-08-05,RXRX,Healthcare,5.934999942779541,5.53000020980835,0.5699605574109988
2025-08-07,RXRX,Healthcare,5.545000076293945,5.409999847412109,0.5579819177268359
2025-08-08,RXRX,Healthcare,5.449999809265137,5.360000133514404,0.6204941991101885
2025-08-12,RXRX,Healthcare,5.355000019073486,5.409999847412109,0.5146011342877639
2025-08-13,RXRX,Healthcare,5.53000020980835,5.699999809265137,0.5751874480395561
2025-08-25,RXRX,Healthcare,5.0,4.829999923706055,0.6059307054991311
2025-08-26,RXRX,Healthcare,4.869999885559082,4.829999923706055,0.5554776188159004
2025-08-27,RXRX,Healthcare,4.869999885559082,4.889999866485596,0.5650728087100017
2025-09-03,RXRX,Healthcare,4.71999979019165,4.630000114440918,0.6459920054409597
2025-09-05,RXRX,Healthcare,4.579999923706055,4.610000133514404,0.6583641663165587
2025-09-10,RXRX,Healthcare,4.739999771118164,4.539999961853027,0.5191828431392325
2025-09-15,RXRX,Healthcare,4.929999828338623,4.769999980926514,0.5424593957598128
2025-09-18,RXRX,Healthcare,4.800000190734863,4.929999828338623,0.563428285654028
2025-09-22,RXRX,Healthcare,5.119999885559082,4.980000019073486,0.5944399055982311
2025-09-23,RXRX,Healthcare,5.010000228881836,4.809999942779541,0.5583422192505758
2025-09-24,RXRX,Healthcare,4.880000114440918,4.880000114440918,0.5163126856424801
2025-09-29,RXRX,Healthcare,4.775000095367432,4.909999847412109,0.514791549556272
2025-10-10,RXRX,Healthcare,6.039999961853027,5.320000171661377,0.6243370916645224
2025-10-15,RXRX,Healthcare,6.050000190734863,6.789999961853027,0.5831431298271759
2025-10-20,RXRX,Healthcare,6.21999979019165,6.679999828338623,0.6540154573096068
2025-10-27,RXRX,Healthcare,6.150000095367432,6.300000190734863,0.6645558002125524
2025-10-31,RXRX,Healthcare,5.699999809265137,5.519999980926514,0.5640289397626479
2025-11-03,RXRX,Healthcare,5.570000171661377,5.440000057220459,0.5830696666085035
2025-11-05,RXRX,Healthcare,5.070000171661377,4.960000038146973,0.5636041040940991
2025-11-10,RXRX,Healthcare,4.894999980926514,4.510000228881836,0.631405738035924
2025-11-20,RXRX,Healthcare,4.150000095367432,3.8499999046325684,0.8760331190795725
2025-11-21,RXRX,Healthcare,3.9100000858306885,4.170000076293945,0.8665637244447538
2025-12-03,RXRX,Healthcare,4.369999885559082,4.659999847412109,0.5170889500752662
2025-12-08,RXRX,Healthcare,4.974999904632568,4.820000171661377,0.5309053359741174
2025-12-17,RXRX,Healthcare,4.510000228881836,4.679999828338623,0.7270364990644567
2025-12-18,RXRX,Healthcare,4.760000228881836,4.440000057220459,0.5730547314758209
2025-12-19,RXRX,Healthcare,4.510000228881836,4.260000228881836,0.5722434399319611
2025-12-22,RXRX,Healthcare,4.360000133514404,4.400000095367432,0.591602965709388
2026-01-02,RXRX,Healthcare,4.170000076293945,4.199999809265137,0.5726663092368018
2026-01-05,RXRX,Healthcare,4.260000228881836,4.369999885559082,0.518319627145787
2026-01-12,RXRX,Healthcare,4.760000228881836,4.809999942779541,0.684456233049678
2026-01-14,RXRX,Healthcare,4.880000114440918,4.849999904632568,0.5599415365506696
2024-01-24,SHOP,Technology,82.27999877929688,80.7300033569336,0.5805397962103616
2024-01-25,SHOP,Technology,81.2699966430664,80.48999786376953,0.669991405760176
2024-02-02,SHOP,Technology,81.0,82.93000030517578,0.5094825113849145
2024-02-22,SHOP,Technology,78.27999877929688,75.02999877929688,0.5110796383342189
2024-02-29,SHOP,Technology,76.2699966430664,76.37000274658203,0.5105979500102032
2024-03-06,SHOP,Technology,74.18000030517578,74.01000213623047,0.5312457274069604
2024-04-17,SHOP,Technology,69.5,69.41000366210938,0.5693475841095929
2024-04-19,SHOP,Technology,71.0,69.66999816894531,0.5485758038266232
2024-04-24,SHOP,Technology,74.4000015258789,72.26000213623047,0.6632027560839688
2024-05-09,SHOP,Technology,63.56999969482422,62.45000076293945,0.5691962585724682
2024-05-15,SHOP,Technology,59.16999816894531,58.77000045776367,0.5034297550218989
2024-06-11,SHOP,Technology,63.869998931884766,63.81999969482422,0.5091961679316793
2024-07-18,SHOP,Technology,65.9000015258789,63.11000061035156,0.53385199971972
2024-07-26,SHOP,Technology,61.41999816894531,59.939998626708984,0.5991992079082489
2024-08-01,SHOP,Technology,61.599998474121094,58.16999816894531,0.5299382740842017
2024-08-14,SHOP,Technology,70.33999633789062,71.58999633789062,0.5000829965304838
2024-09-09,SHOP,Technology,68.4800033569336,68.12999725341797,0.5188882264040467
2024-09-19,SHOP,Technology,77.4000015258789,78.68000030517578,0.5124904085758089
2024-10-17,SHOP,Technology,82.88999938964844,81.62999725341797,0.5003267120397715
2024-12-19,SHOP,Technology,111.30000305175781,107.06999969482422,0.5409289465293351
2025-01-02,SHOP,Technology,107.5,107.52999877929688,0.5366667325693361
2025-01-03,SHOP,Technology,108.87000274658203,109.25,0.5366667325693361
2025-01-14,SHOP,Technology,103.11000061035156,101.61000061035156,0.5660070149992263
2025-02-04,SHOP,Technology,116.30000305175781,119.19999694824219,0.5031418116854841
2025-02-10,SHOP,Technology,121.45999908447266,119.9000015258789,0.5009975095167863
2025-02-26,SHOP,Technology,111.87999725341797,113.2300033569336,0.5584329025982518
2025-02-27,SHOP,Technology,114.8499984741211,110.83000183105469,0.6654711834185498
2025-03-03,SHOP,Technology,112.88999938964844,106.58000183105469,0.5971416907561057
2025-03-12,SHOP,Technology,96.66999816894531,96.52999877929688,0.5548978788300132
2025-03-19,SHOP,Technology,99.625,101.54000091552734,0.5010856866015978
2025-04-08,SHOP,Technology,83.93000030517578,77.08999633789062,0.9220325613395656
2025-04-14,SHOP,Technology,87.05999755859375,82.7699966430664,0.5842916699702545
2025-04-23,SHOP,Technology,91.52999877929688,90.95999908447266,0.5907963331997401
2025-05-01,SHOP,Technology,98.21499633789062,97.01000213623047,0.5262789442701218
2025-05-09,SHOP,Technology,94.47000122070312,91.7699966430664,0.5010689556922832
2025-05-27,SHOP,Technology,104.3550033569336,106.73999786376953,0.54483012727372
2025-05-29,SHOP,Technology,109.69499969482422,107.69999694824219,0.5289564124542768
2025-06-06,SHOP,Technology,106.99099731445312,111.41000366210938,0.5297724901794709
2025-07-24,SHOP,Technology,122.8499984741211,122.08000183105469,0.521578313521534
2025-07-28,SHOP,Technology,126.0999984741211,126.83999633789062,0.5096351831266485
2025-07-31,SHOP,Technology,125.3499984741211,122.20999908447266,0.6906993248910044
2025-08-04,SHOP,Technology,120.2300033569336,125.20999908447266,0.5345767111350131
2025-10-06,SHOP,Technology,166.5500030517578,164.5,0.526991689536677
2025-10-27,SHOP,Technology,174.77999877929688,175.05999755859375,0.5031346888960557
2025-11-03,SHOP,Technology,175.5,172.94000244140625,0.5609891833928748
2025-11-10,SHOP,Technology,157.11500549316406,158.8800048828125,0.5180928824749735
2025-11-19,SHOP,Technology,141.6999969482422,146.0,0.5825978967115171
2025-11-20,SHOP,Technology,154.48500061035156,144.55999755859375,0.5461041353137938
2025-11-24,SHOP,Technology,149.02000427246094,155.30999755859375,0.5160224028192502
2025-12-15,SHOP,Technology,166.69000244140625,159.85000610351562,0.5134901447749445
2025-12-22,SHOP,Technology,172.7100067138672,169.6699981689453,0.5216803099742615
2026-01-02,SHOP,Technology,162.19000244140625,157.1999969482422,0.5234937084404839
2026-01-05,SHOP,Technology,158.83999633789062,166.2100067138672,0.5031705067313682
2024-01-24,SIVR,Unknown,21.950000762939453,21.690000534057617,0.8705694583169282
2024-01-25,SIVR,Unknown,21.93000030517578,21.90999984741211,0.6966564971558136
2024-02-29,SIVR,Unknown,21.700000762939453,21.709999084472656,0.5307545112705749
2024-04-11,SIVR,Unknown,26.899999618530273,27.219999313354492,0.5320978414302918
2024-04-12,SIVR,Unknown,28.049999237060547,26.81999969482422,0.6956565118708895
2024-04-15,SIVR,Unknown,27.440000534057617,27.639999389648438,0.6614083605533422
2024-04-17,SIVR,Unknown,27.350000381469727,27.059999465942383,0.6668079606846148
2024-04-18,SIVR,Unknown,27.329999923706055,27.049999237060547,0.6980117188242718
2024-04-26,SIVR,Unknown,26.3700008392334,26.049999237060547,0.5090304854978255
2024-05-31,SIVR,Unknown,30.110000610351562,29.059999465942383,0.5101129065193343
2024-06-12,SIVR,Unknown,28.799999237060547,28.309999465942383,0.7286264275785767
2024-06-20,SIVR,Unknown,28.770000457763672,29.329999923706055,0.5773938839335898
2024-06-28,SIVR,Unknown,28.139999389648438,27.84000015258789,0.6106849097764699
2024-07-01,SIVR,Unknown,28.0,28.110000610351562,0.5039984683648999
2024-07-09,SIVR,Unknown,29.639999389648438,29.43000030517578,0.6314936400513251
2024-07-10,SIVR,Unknown,29.600000381469727,29.459999084472656,0.605002059470377
2024-07-11,SIVR,Unknown,30.079999923706055,30.040000915527344,0.5623205963942798
2024-08-02,SIVR,Unknown,27.68000030517578,27.280000686645508,0.6390648644667427
2024-08-12,SIVR,Unknown,26.59000015258789,26.690000534057617,0.546677500474176
2024-08-26,SIVR,Unknown,28.700000762939453,28.6200008392334,0.5099858675325575
2024-09-19,SIVR,Unknown,29.579999923706055,29.43000030517578,0.6941366640474314
2024-09-26,SIVR,Unknown,30.700000762939453,30.65999984741211,0.6092128535226595
2024-10-24,SIVR,Unknown,32.650001525878906,32.150001525878906,0.5030744339737745
2024-11-01,SIVR,Unknown,31.5,30.93000030517578,0.5766176801295243
2024-11-13,SIVR,Unknown,29.579999923706055,28.920000076293945,0.6949015619016269
2024-11-26,SIVR,Unknown,29.149999618530273,29.1200008392334,0.6408446363658602
2025-01-07,SIVR,Unknown,28.969999313354492,28.65999984741211,0.5579040114409238
2025-01-10,SIVR,Unknown,29.260000228881836,28.90999984741211,0.5958971545147053
2025-02-12,SIVR,Unknown,30.6299991607666,30.760000228881836,0.5690088973676927
2025-03-03,SIVR,Unknown,30.200000762939453,30.110000610351562,0.7033340525004029
2025-03-04,SIVR,Unknown,30.440000534057617,30.399999618530273,0.5005587210427194
2025-03-18,SIVR,Unknown,32.599998474121094,32.349998474121094,0.5424818692084946
2025-04-08,SIVR,Unknown,28.979999542236328,28.489999771118164,0.9230020083011787
2025-04-16,SIVR,Unknown,31.290000915527344,31.200000762939453,0.6288791448945631
2025-04-21,SIVR,Unknown,31.399999618530273,31.200000762939453,0.6394410493367813
2025-04-23,SIVR,Unknown,31.270000457763672,32.04999923706055,0.703495408501152
2025-05-05,SIVR,Unknown,31.020000457763672,30.889999389648438,0.7462305781720597
2025-05-06,SIVR,Unknown,31.670000076293945,31.690000534057617,0.6038435511702547
2025-05-09,SIVR,Unknown,31.1200008392334,31.229999542236328,0.5441510647006336
2025-05-19,SIVR,Unknown,30.899999618530273,30.850000381469727,0.6224552419286995
2025-05-29,SIVR,Unknown,31.790000915527344,31.799999237060547,0.7495740765205126
2025-06-06,SIVR,Unknown,34.529998779296875,34.290000915527344,0.5467582712881054
2025-08-01,SIVR,Unknown,35.439998626708984,35.22999954223633,0.5436368749346729
2025-09-05,SIVR,Unknown,39.279998779296875,39.04999923706055,0.53463339217627
2025-09-08,SIVR,Unknown,39.43000030517578,39.380001068115234,0.5366499058109458
2025-10-01,SIVR,Unknown,45.18000030517578,45.040000915527344,0.5056365951258192
2025-10-02,SIVR,Unknown,45.70000076293945,44.63999938964844,0.5910707375487165
2025-10-10,SIVR,Unknown,47.66999816894531,47.5099983215332,0.6287217154530452
2025-10-15,SIVR,Unknown,50.15999984741211,50.66999816894531,0.5054209158389569
2025-10-20,SIVR,Unknown,50.06999969482422,49.95000076293945,0.5225837524422241
2025-10-29,SIVR,Unknown,46.040000915527344,45.40999984741211,0.5042109836932146
2025-11-03,SIVR,Unknown,46.470001220703125,45.91999816894531,0.67836882630202
2025-11-05,SIVR,Unknown,45.65999984741211,45.81999969482422,0.5422357153529443
2025-11-07,SIVR,Unknown,46.220001220703125,46.09000015258789,0.6833772152281203
2025-11-10,SIVR,Unknown,47.41999816894531,48.09000015258789,0.5721252773918786
2025-12-15,SIVR,Unknown,60.709999084472656,60.9900016784668,0.5506309092938182
2025-12-19,SIVR,Unknown,62.75,63.97999954223633,0.6015665811398119
2026-01-02,SIVR,Unknown,70.70999908447266,69.02999877929688,0.5591618795883535
2026-01-05,SIVR,Unknown,72.98999786376953,72.51000213623047,0.5133038628566866
2026-01-12,SIVR,Unknown,79.93000030517578,81.08000183105469,0.6052843287089809
2026-01-14,SIVR,Unknown,87.52999877929688,88.77999877929688,0.6889478877601917
2024-01-18,SMR,Industrials,2.069999933242798,1.9199999570846558,0.7286880224740718
2024-01-22,SMR,Industrials,2.0299999713897705,2.180000066757202,0.573931502417375
2024-01-23,SMR,Industrials,2.2300000190734863,2.3399999141693115,0.5207083192991254
2024-01-24,SMR,Industrials,2.5,2.2699999809265137,0.8786530739360361
2024-01-25,SMR,Industrials,2.390000104904175,2.5199999809265137,0.6713878316181305
2024-01-26,SMR,Industrials,2.559999942779541,2.75,0.5085006670328663
2024-02-20,SMR,Industrials,2.75,2.6600000858306885,0.6892555518445724
2024-02-22,SMR,Industrials,2.6700000762939453,2.5299999713897705,0.6064282918461382
2024-03-04,SMR,Industrials,4.099999904632568,3.9000000953674316,0.6552839715408569
2024-03-05,SMR,Industrials,4.150000095367432,4.480000019073486,0.5549852582154545
2024-03-06,SMR,Industrials,4.889999866485596,4.21999979019165,0.5647877902264414
2024-03-11,SMR,Industrials,6.099999904632568,5.480000019073486,0.6735825029416038
2024-03-14,SMR,Industrials,7.699999809265137,7.239999771118164,0.7497645931396378
2024-03-21,SMR,Industrials,5.0,4.570000171661377,0.8633819214256259
2024-03-22,SMR,Industrials,4.599999904632568,4.25,0.6151496008482509
2024-03-25,SMR,Industrials,4.309999942779541,4.070000171661377,0.7005155566591887
2024-04-01,SMR,Industrials,5.809999942779541,5.239999771118164,0.5507264744462472
2024-04-05,SMR,Industrials,6.380000114440918,6.099999904632568,0.6412098310707134
2024-04-08,SMR,Industrials,6.25,5.940000057220459,0.5795240466240663
2024-04-11,SMR,Industrials,5.53000020980835,5.320000171661377,0.6623917877313058
2024-04-15,SMR,Industrials,5.309999942779541,4.849999904632568,0.6575981382839893
2024-04-17,SMR,Industrials,5.099999904632568,4.929999828338623,0.7528298619478387
2024-04-18,SMR,Industrials,5.039999961853027,4.889999866485596,0.7658482392554662
2024-04-23,SMR,Industrials,4.960000038146973,5.480000019073486,0.6329245855549246
2024-04-24,SMR,Industrials,5.579999923706055,5.5,0.5916375358394408
2024-05-03,SMR,Industrials,6.130000114440918,6.159999847412109,0.5298656813412564
2024-05-10,SMR,Industrials,5.909999847412109,6.28000020980835,0.565843909228101
2024-05-13,SMR,Industrials,6.460000038146973,6.380000114440918,0.5820816650145162
2024-05-15,SMR,Industrials,7.679999828338623,7.010000228881836,0.5245934386896955
2024-05-16,SMR,Industrials,7.230000019073486,6.090000152587891,0.5743041031833171
2024-05-23,SMR,Industrials,7.53000020980835,6.670000076293945,0.7474342882235817
2024-05-30,SMR,Industrials,9.029999732971191,8.710000038146973,0.5187726954715339
2024-05-31,SMR,Industrials,9.0600004196167,8.729999542236328,0.6520812478451208
2024-06-04,SMR,Industrials,7.829999923706055,6.980000019073486,0.6262450348566173
2024-06-12,SMR,Industrials,9.170000076293945,8.449999809265137,0.6987543592558153
2024-06-27,SMR,Industrials,12.010000228881836,11.979999542236328,0.5197913397625099
2024-07-02,SMR,Industrials,11.055000305175781,10.930000305175781,0.5841750504264512
2024-07-08,SMR,Industrials,12.859999656677246,13.6899995803833,0.6811793752140661
2024-07-10,SMR,Industrials,13.260000228881836,13.529999732971191,0.6315783488599417
2024-07-11,SMR,Industrials,13.8100004196167,13.0600004196167,0.8501259230590807
2024-07-15,SMR,Industrials,16.75,15.8100004196167,0.7524980633292729
2024-07-18,SMR,Industrials,14.520000457763672,12.859999656677246,0.5492720755538805
2024-07-22,SMR,Industrials,11.520000457763672,11.0600004196167,0.5854918062667716
2024-07-29,SMR,Industrials,11.170000076293945,9.5,0.6342427853811324
2024-08-01,SMR,Industrials,10.3100004196167,9.109999656677246,0.6732925028359764
2024-08-06,SMR,Industrials,9.15999984741211,8.130000114440918,0.7715576532503359
2024-08-07,SMR,Industrials,8.300000190734863,8.680000305175781,0.5465944858513059
2024-08-12,SMR,Industrials,9.5,9.229999542236328,0.5390652628305245
2024-08-29,SMR,Industrials,8.130000114440918,8.140000343322754,0.5976341436556726
2024-08-30,SMR,Industrials,8.289999961853027,8.229999542236328,0.7331024269761749
2024-09-10,SMR,Industrials,7.650000095367432,8.25,0.5544256973319394
2024-09-19,SMR,Industrials,9.569999694824219,9.609999656677246,0.6755397234612386
2024-09-26,SMR,Industrials,12.260000228881836,11.890000343322754,0.7280354535365448
2024-10-03,SMR,Industrials,13.130000114440918,12.010000228881836,0.6404075994110741
2024-10-30,SMR,Industrials,22.239999771118164,20.799999237060547,0.7127061611925682
2024-11-01,SMR,Industrials,19.899999618530273,19.010000228881836,0.6615973882600334
2024-11-05,SMR,Industrials,18.670000076293945,18.81999969482422,0.5255985416190231
2024-11-13,SMR,Industrials,24.280000686645508,24.979999542236328,0.6835345228365334
2024-11-14,SMR,Industrials,26.600000381469727,24.65999984741211,0.5288993670054053
2024-11-25,SMR,Industrials,31.969999313354492,28.059999465942383,0.6216050558763146
2024-12-02,SMR,Industrials,31.469999313354492,27.219999313354492,0.6365217957345997
2024-12-04,SMR,Industrials,25.65999984741211,24.850000381469727,0.6019761393508455
2024-12-09,SMR,Industrials,26.34000015258789,23.940000534057617,0.5988609816185463
2024-12-12,SMR,Industrials,22.989999771118164,21.65999984741211,0.6449779736929596
2024-12-13,SMR,Industrials,22.06999969482422,21.1299991607666,0.5815063006790279
2024-12-18,SMR,Industrials,22.5,19.110000610351562,0.8222281559625874
2024-12-19,SMR,Industrials,19.809999465942383,19.010000228881836,0.7175971399727671
2024-12-31,SMR,Industrials,18.420000076293945,17.93000030517578,0.6192478359575074
2025-01-06,SMR,Industrials,22.25,23.65999984741211,0.6358505396727896
2025-01-14,SMR,Industrials,19.649999618530273,19.229999542236328,0.5170631115668121
2025-01-16,SMR,Industrials,21.239999771118164,20.280000686645508,0.5404177518248929
2025-01-28,SMR,Industrials,21.350000381469727,20.950000762939453,0.6016778024066934
2025-01-31,SMR,Industrials,23.969999313354492,23.84000015258789,0.6041326981762732
2025-02-06,SMR,Industrials,25.079999923706055,23.25,0.6809407103439012
2025-02-18,SMR,Industrials,23.30500030517578,22.040000915527344,0.6099122630365179
2025-02-20,SMR,Industrials,21.65999984741211,20.780000686645508,0.6789759412889822
2025-02-21,SMR,Industrials,21.165000915527344,19.040000915527344,0.8329955905063308
2025-02-26,SMR,Industrials,18.69499969482422,17.950000762939453,0.8894670076991068
2025-02-27,SMR,Industrials,18.350000381469727,16.709999084472656,0.9256507060789413
2025-03-03,SMR,Industrials,17.924999237060547,15.449999809265137,0.849268536360468
2025-03-12,SMR,Industrials,16.969999313354492,15.979999542236328,0.7568276255807543
2025-03-13,SMR,Industrials,16.34000015258789,15.210000038146973,0.6083912893472647
2025-03-24,SMR,Industrials,18.979999542236328,18.8799991607666,0.5465731915310482
2025-04-01,SMR,Industrials,14.75,14.640000343322754,0.6739674066572396
2025-04-08,SMR,Industrials,15.300000190734863,13.90999984741211,0.9798010015539804
2025-04-14,SMR,Industrials,15.770000457763672,15.25,0.726653754662954
2025-04-17,SMR,Industrials,14.800000190734863,14.609999656677246,0.733486233872065
2025-04-23,SMR,Industrials,16.3799991607666,15.4399995803833,0.7793436700933875
2025-04-28,SMR,Industrials,16.899999618530273,16.959999084472656,0.5184962588605544
2025-04-29,SMR,Industrials,17.110000610351562,16.889999389648438,0.5230702112816741
2025-05-08,SMR,Industrials,17.100000381469727,16.93000030517578,0.5032586287313408
2025-05-12,SMR,Industrials,18.450000762939453,17.790000915527344,0.721658653577299
2025-05-20,SMR,Industrials,24.75,23.479999542236328,0.6995160685880155
2025-05-29,SMR,Industrials,35.9900016784668,32.97999954223633,0.9009740120394311
2025-06-03,SMR,Industrials,34.849998474121094,31.790000915527344,0.6027844338980216
2025-06-09,SMR,Industrials,35.099998474121094,35.2400016784668,0.5037468650374232
2025-06-10,SMR,Industrials,35.61000061035156,34.54999923706055,0.5250091836359945
2025-06-16,SMR,Industrials,41.41999816894531,42.4900016784668,0.5026888176708166
2025-06-17,SMR,Industrials,44.0,39.2400016784668,0.7893708870072019
2025-06-20,SMR,Industrials,40.59000015258789,37.20000076293945,0.6824813696500281
2025-06-27,SMR,Industrials,40.040000915527344,38.20000076293945,0.5754402513098364
2025-07-02,SMR,Industrials,36.47999954223633,35.209999084472656,0.5435667772210399
2025-07-08,SMR,Industrials,37.0,35.08000183105469,0.7051024137108359
2025-07-09,SMR,Industrials,35.380001068115234,35.459999084472656,0.6296844978057445
2025-07-21,SMR,Industrials,50.77000045776367,45.439998626708984,0.6820662320543649
2025-07-22,SMR,Industrials,45.869998931884766,44.439998626708984,0.5083024774067656
2025-07-28,SMR,Industrials,53.29999923706055,50.9900016784668,0.6542019992366706
2025-07-31,SMR,Industrials,50.959999084472656,50.209999084472656,0.6536581713242706
2025-08-05,SMR,Industrials,44.5,45.130001068115234,0.5901345981880594
2025-08-07,SMR,Industrials,46.5,44.68000030517578,0.5099983703404246
2025-08-11,SMR,Industrials,39.97999954223633,38.25,0.5334235926919371
2025-08-12,SMR,Industrials,38.689998626708984,38.16999816894531,0.5154353723368338
2025-08-13,SMR,Industrials,39.244998931884766,37.29999923706055,0.5745462055198908
2025-08-21,SMR,Industrials,34.630001068115234,33.4900016784668,0.5653108471037622
2025-08-25,SMR,Industrials,36.040000915527344,35.900001525878906,0.5996803052360065
2025-08-26,SMR,Industrials,36.150001525878906,36.02000045776367,0.5234165555771406
2025-09-03,SMR,Industrials,39.27000045776367,40.41999816894531,0.5824557896592254
2025-09-04,SMR,Industrials,40.869998931884766,36.029998779296875,0.6153864157906874
2025-09-05,SMR,Industrials,37.650001525878906,34.529998779296875,0.7116471129481616
2025-09-08,SMR,Industrials,34.91999816894531,33.95000076293945,0.542768095707166
2025-09-10,SMR,Industrials,36.459999084472656,34.310001373291016,0.5384808027987064
2025-09-15,SMR,Industrials,37.790000915527344,39.09000015258789,0.5230426513390494
2025-09-18,SMR,Industrials,37.279998779296875,38.119998931884766,0.5278170220698716
2025-09-26,SMR,Industrials,38.0,38.0,0.5225710910110627
2025-10-07,SMR,Industrials,42.310001373291016,39.209999084472656,0.5266580625371986
2025-10-08,SMR,Industrials,39.86000061035156,38.20000076293945,0.5549021971647565
2025-10-10,SMR,Industrials,41.02000045776367,39.2400016784668,0.5400525902323957
2025-10-15,SMR,Industrials,48.2400016784668,53.43000030517578,0.5493381609535752
2025-10-16,SMR,Industrials,56.33000183105469,47.63999938964844,0.8532666974857707
2025-10-17,SMR,Industrials,48.0,44.25,0.6720518951099631
2025-10-20,SMR,Industrials,46.39500045776367,44.209999084472656,0.6537140501356951
2025-10-22,SMR,Industrials,38.720001220703125,34.720001220703125,0.5610693426592459
2025-10-27,SMR,Industrials,38.869998931884766,38.709999084472656,0.6868451242265674
2025-10-31,SMR,Industrials,43.75,44.869998931884766,0.6452259880552449
2025-11-05,SMR,Industrials,38.220001220703125,37.90999984741211,0.7944675147940653
2025-11-10,SMR,Industrials,32.060001373291016,28.43000030517578,0.687772394568469
2025-11-20,SMR,Industrials,22.6200008392334,18.700000762939453,0.9370743306068058
2025-12-08,SMR,Industrials,22.350000381469727,21.559999465942383,0.6159971622147706
2025-12-15,SMR,Industrials,18.68000030517578,17.40999984741211,0.7186297231014603
2025-12-18,SMR,Industrials,16.479999542236328,15.789999961853027,0.5962905566764686
2025-12-19,SMR,Industrials,15.989999771118164,16.06999969482422,0.5258894063557479
2025-12-22,SMR,Industrials,16.540000915527344,16.43000030517578,0.5462859921691913
2025-12-30,SMR,Industrials,14.630000114440918,14.3100004196167,0.6375604011421754
2026-01-05,SMR,Industrials,17.94499969482422,18.780000686645508,0.5942367681725206
2024-01-18,SNOW,Technology,190.77000427246094,186.61000061035156,0.50754528352283
2024-01-24,SNOW,Technology,209.17999267578125,203.80999755859375,0.5739552036940602
2024-01-25,SNOW,Technology,205.36000061035156,206.00999450683594,0.6504575505267725
2024-02-22,SNOW,Technology,224.13999938964844,225.6199951171875,0.5004934888962398
2024-03-01,SNOW,Technology,191.25999450683594,186.72000122070312,0.5782993896152308
2024-03-06,SNOW,Technology,170.0,167.0,0.560602919995521
2024-03-08,SNOW,Technology,169.2899932861328,162.39999389648438,0.5041099293100642
2024-03-21,SNOW,Technology,166.0,158.38999938964844,0.5192221116549385
2024-03-26,SNOW,Technology,159.3800048828125,158.02000427246094,0.5876441936125432
2024-03-27,SNOW,Technology,159.60000610351562,160.0399932861328,0.5154573019018541
2024-04-05,SNOW,Technology,152.47999572753906,153.86000061035156,0.5070656001420197
2024-04-11,SNOW,Technology,154.66000366210938,159.35000610351562,0.5161801214013108
2024-04-24,SNOW,Technology,153.0,154.99000549316406,0.656993943459309
2024-05-01,SNOW,Technology,158.13999938964844,156.13999938964844,0.5096762905881882
2024-05-23,SNOW,Technology,168.25,154.5800018310547,0.6079923539940704
2024-06-11,SNOW,Technology,128.75,128.47999572753906,0.5026478245141007
2024-07-11,SNOW,Technology,139.0,138.17999267578125,0.523968511462865
2024-07-25,SNOW,Technology,126.2699966430664,129.58999633789062,0.5323793238202748
2024-07-26,SNOW,Technology,130.52999877929688,129.0,0.5427332731809223
2024-07-29,SNOW,Technology,130.0,129.57000732421875,0.5632484381457085
2024-08-07,SNOW,Technology,117.51000213623047,115.0999984741211,0.5291234948121661
2024-08-12,SNOW,Technology,125.29000091552734,123.02999877929688,0.5373959139067814
2024-08-23,SNOW,Technology,117.12999725341797,115.86000061035156,0.5847694043926823
2024-08-30,SNOW,Technology,115.37999725341797,114.2300033569336,0.5193808974461002
2024-09-09,SNOW,Technology,109.31999969482422,109.95999908447266,0.5527225418680337
2024-09-23,SNOW,Technology,111.41000366210938,113.26000213623047,0.5095776920185324
2024-09-26,SNOW,Technology,114.87999725341797,112.48999786376953,0.5174263254725552
2024-11-22,SNOW,Technology,175.0,167.44000244140625,0.6006876691339
2024-11-25,SNOW,Technology,174.9600067138672,171.4199981689453,0.6160941024008326
2024-11-26,SNOW,Technology,173.47500610351562,171.27999877929688,0.5626373805352759
2024-11-29,SNOW,Technology,174.88999938964844,174.8000030517578,0.5224030545332402
2024-12-19,SNOW,Technology,164.5,164.2100067138672,0.5234937084404839
2024-12-31,SNOW,Technology,155.9499969482422,154.41000366210938,0.5154190918517273
2025-01-02,SNOW,Technology,157.0,157.50999450683594,0.5373434677797585
2025-01-03,SNOW,Technology,158.8000030517578,162.22000122070312,0.5373434677797585
2025-01-06,SNOW,Technology,165.32000732421875,163.0800018310547,0.5011545272233571
2025-01-14,SNOW,Technology,165.00999450683594,163.41000366210938,0.5261209088033492
2025-01-22,SNOW,Technology,175.64999389648438,177.49000549316406,0.5044363223571586
2025-01-28,SNOW,Technology,179.02999877929688,188.02000427246094,0.5198026171302667
2025-01-31,SNOW,Technology,183.3000030517578,181.50999450683594,0.5152883238491329
2025-02-26,SNOW,Technology,166.0,166.19000244140625,0.5874097955803051
2025-02-27,SNOW,Technology,187.00999450683594,173.69000244140625,0.670522351246019
2025-03-03,SNOW,Technology,178.6999969482422,173.64999389648438,0.6171556488493404
2025-03-12,SNOW,Technology,155.3699951171875,152.3699951171875,0.5852768757323733
2025-04-01,SNOW,Technology,148.36000061035156,149.5399932861328,0.5331956640560545
2025-04-08,SNOW,Technology,138.0500030517578,133.50999450683594,0.9178780574653398
2025-04-23,SNOW,Technology,146.30999755859375,147.38999938964844,0.5483673847147389
2025-05-01,SNOW,Technology,168.39500427246094,165.36000061035156,0.5859285373145863
2025-05-08,SNOW,Technology,173.0,173.97000122070312,0.5000330201989867
2025-05-27,SNOW,Technology,202.60000610351562,206.35000610351562,0.5591755274826085
2025-05-29,SNOW,Technology,206.2899932861328,202.30999755859375,0.5721968597956198
2025-06-05,SNOW,Technology,211.22999572753906,210.10000610351562,0.5203264626123436
2025-06-06,SNOW,Technology,211.4499969482422,210.83999633789062,0.5728565601278217
2025-07-24,SNOW,Technology,214.50999450683594,215.02000427246094,0.546990333132634
2025-07-29,SNOW,Technology,220.36000061035156,218.75999450683594,0.73422922175079
2025-07-31,SNOW,Technology,225.1300048828125,223.5,0.6714384962349177
2025-08-04,SNOW,Technology,207.6999969482422,208.47999572753906,0.5381458466154423
2025-09-05,SNOW,Technology,223.9199981689453,225.5800018310547,0.5187553831012823
2025-10-06,SNOW,Technology,240.36000061035156,242.52000427246094,0.5163409516420188
2025-10-27,SNOW,Technology,263.1499938964844,265.9700012207031,0.5088192430200206
2025-11-03,SNOW,Technology,277.7300109863281,277.1400146484375,0.559466860548327
2025-11-17,SNOW,Technology,258.8800048828125,252.7899932861328,0.5267972025075438
2025-11-20,SNOW,Technology,258.6000061035156,244.66000366210938,0.5422099127646027
2025-11-24,SNOW,Technology,237.6999969482422,241.99000549316406,0.5462221001204136
2024-01-18,SOFI,Financial Services,7.619999885559082,7.409999847412109,0.6833091991700757
2024-01-22,SOFI,Financial Services,7.829999923706055,7.920000076293945,0.5468721449888558
2024-01-23,SOFI,Financial Services,8.100000381469727,7.75,0.5019472715424687
2024-01-24,SOFI,Financial Services,7.889999866485596,7.559999942779541,0.8392831020203153
2024-01-25,SOFI,Financial Services,7.659999847412109,7.650000095367432,0.7564778165419471
2024-01-26,SOFI,Financial Services,7.690000057220459,7.619999885559082,0.5793029682879492
2024-01-29,SOFI,Financial Services,8.819999694824219,9.15999984741211,0.6273524737057836
2024-02-01,SOFI,Financial Services,7.929999828338623,7.730000019073486,0.5709625385360717
2024-02-09,SOFI,Financial Services,8.1850004196167,8.130000114440918,0.5064573520910848
2024-02-15,SOFI,Financial Services,8.5,8.529999732971191,0.5076071923368535
2024-02-22,SOFI,Financial Services,8.239999771118164,8.15999984741211,0.5908923355854199
2024-03-04,SOFI,Financial Services,9.050000190734863,8.579999923706055,0.5116969325189241
2024-03-07,SOFI,Financial Services,7.5,7.46999979019165,0.5271158358239842
2024-03-11,SOFI,Financial Services,7.804999828338623,7.679999828338623,0.5926778223601464
2024-03-21,SOFI,Financial Services,7.550000190734863,7.440000057220459,0.8490190605481254
2024-04-04,SOFI,Financial Services,7.650000095367432,7.309999942779541,0.5666125218067534
2024-04-09,SOFI,Financial Services,7.820000171661377,7.889999866485596,0.5022962622952104
2024-05-03,SOFI,Financial Services,7.130000114440918,6.960000038146973,0.5298298348735114
2024-05-13,SOFI,Financial Services,7.03000020980835,7.110000133514404,0.5599194776897488
2024-05-15,SOFI,Financial Services,7.630000114440918,7.269999980926514,0.5581007228735823
2024-05-24,SOFI,Financial Services,6.869999885559082,6.920000076293945,0.5015730105903949
2024-05-28,SOFI,Financial Services,6.989999771118164,6.889999866485596,0.5034385956337589
2024-06-12,SOFI,Financial Services,7.170000076293945,7.070000171661377,0.6667809935828929
2024-06-28,SOFI,Financial Services,6.599999904632568,6.610000133514404,0.5812297505638733
2024-07-22,SOFI,Financial Services,7.590000152587891,7.539999961853027,0.623821581171402
2024-07-26,SOFI,Financial Services,7.480000019073486,7.409999847412109,0.5875714071262238
2024-07-29,SOFI,Financial Services,7.460000038146973,7.329999923706055,0.5948832001703688
2024-07-30,SOFI,Financial Services,7.579999923706055,7.420000076293945,0.5879500328169951
2024-08-06,SOFI,Financial Services,6.619999885559082,6.429999828338623,0.5928684507690933
2024-08-07,SOFI,Financial Services,6.599999904632568,6.320000171661377,0.8397270536219659
2024-08-14,SOFI,Financial Services,6.75,6.610000133514404,0.6158238383480891
2024-08-26,SOFI,Financial Services,7.610000133514404,7.670000076293945,0.5216281805128987
2024-08-30,SOFI,Financial Services,8.109999656677246,7.989999771118164,0.5165715126262141
2024-09-10,SOFI,Financial Services,7.159999847412109,7.050000190734863,0.6831992273902937
2024-09-19,SOFI,Financial Services,8.4399995803833,8.1899995803833,0.7164179273592259
2024-09-26,SOFI,Financial Services,7.829999923706055,7.760000228881836,0.7221109365509917
2024-10-24,SOFI,Financial Services,10.90999984741211,10.930000305175781,0.5874733114303211
2024-11-06,SOFI,Financial Services,12.069999694824219,11.8100004196167,0.6216289926983114
2024-11-13,SOFI,Financial Services,13.954999923706055,13.5,0.6794055705173074
2024-11-25,SOFI,Financial Services,16.08799934387207,15.699999809265137,0.5815538445240674
2024-11-27,SOFI,Financial Services,15.670000076293945,16.1200008392334,0.5007893583637234
2024-12-17,SOFI,Financial Services,17.149999618530273,16.65999984741211,0.6241124816297339
2024-12-18,SOFI,Financial Services,16.889999389648438,15.239999771118164,0.7254115974385215
2024-12-19,SOFI,Financial Services,15.720000267028809,15.029999732971191,0.6361342257942993
2024-12-31,SOFI,Financial Services,15.789999961853027,15.399999618530273,0.6169618871719484
2025-01-06,SOFI,Financial Services,15.199999809265137,15.289999961853027,0.5763246148704246
2025-02-10,SOFI,Financial Services,15.029999732971191,15.130000114440918,0.5150873949093285
2025-02-14,SOFI,Financial Services,15.40999984741211,16.209999084472656,0.5295231008837228
2025-02-18,SOFI,Financial Services,16.469999313354492,16.829999923706055,0.5004493574684268
2025-02-24,SOFI,Financial Services,14.800000190734863,14.359999656677246,0.690456467713932
2025-02-26,SOFI,Financial Services,14.180000305175781,14.470000267028809,0.5690984265833504
2025-02-27,SOFI,Financial Services,14.729999542236328,14.069999694824219,0.8374444184259966
2025-03-03,SOFI,Financial Services,14.649999618530273,13.569999694824219,0.7046823590149777
2025-03-12,SOFI,Financial Services,11.859999656677246,11.920000076293945,0.7602686208682489
2025-04-08,SOFI,Financial Services,10.489999771118164,9.5,0.9698425626407262
2025-04-14,SOFI,Financial Services,11.119999885559082,10.819999694824219,0.6458173755461666
2025-04-23,SOFI,Financial Services,12.020000457763672,11.739999771118164,0.660107821806887
2025-04-28,SOFI,Financial Services,13.239999771118164,13.199999809265137,0.5488606747071422
2025-04-29,SOFI,Financial Services,14.130000114440918,13.270000457763672,0.6650471560252615
2025-05-01,SOFI,Financial Services,12.84000015258789,12.510000228881836,0.5255082108557563
2025-05-08,SOFI,Financial Services,13.319000244140625,13.260000228881836,0.5346717216273686
2025-05-12,SOFI,Financial Services,14.039999961853027,14.039999961853027,0.6890809989988202
2025-05-29,SOFI,Financial Services,13.5,13.170000076293945,0.8313047749118199
2025-06-20,SOFI,Financial Services,15.5649995803833,15.199999809265137,0.5743847338081638
2025-07-08,SOFI,Financial Services,19.799999237060547,19.950000762939453,0.671307378549276
2025-07-14,SOFI,Financial Services,21.3700008392334,21.329999923706055,0.502930148164485
2025-07-18,SOFI,Financial Services,22.30500030517578,21.809999465942383,0.5465590318853263
2025-07-21,SOFI,Financial Services,21.950000762939453,21.15999984741211,0.5613744434678468
2025-07-24,SOFI,Financial Services,21.75,21.510000228881836,0.5409631919272145
2025-07-29,SOFI,Financial Services,23.110000610351562,22.399999618530273,0.5774010134803041
2025-07-31,SOFI,Financial Services,22.674999237060547,22.579999923706055,0.7144858319525101
2025-08-05,SOFI,Financial Services,22.0,21.540000915527344,0.6034116889872595
2025-08-07,SOFI,Financial Services,21.790000915527344,22.079999923706055,0.50259965134908
2025-08-08,SOFI,Financial Services,22.299999237060547,22.100000381469727,0.6008677344306215
2025-08-13,SOFI,Financial Services,24.18000030517578,23.809999465942383,0.534261738477009
2025-08-19,SOFI,Financial Services,24.610000610351562,22.75,0.6106034501237401
2025-09-03,SOFI,Financial Services,25.059999465942383,24.489999771118164,0.6362932677430868
2025-09-05,SOFI,Financial Services,25.770000457763672,25.600000381469727,0.5975354503999719
2025-09-26,SOFI,Financial Services,28.3700008392334,27.979999542236328,0.5086325179845634
2025-09-29,SOFI,Financial Services,28.360000610351562,27.549999237060547,0.511949059679089
2025-10-01,SOFI,Financial Services,26.729999542236328,25.760000228881836,0.6547492467056022
2025-10-06,SOFI,Financial Services,25.770000457763672,26.360000610351562,0.5117289786715215
2025-10-07,SOFI,Financial Services,27.100000381469727,28.139999389648438,0.5019649591632489
2025-10-08,SOFI,Financial Services,28.489999771118164,28.020000457763672,0.5334406465850977
2025-10-15,SOFI,Financial Services,28.200000762939453,28.030000686645508,0.5122533206902881
2025-10-20,SOFI,Financial Services,27.200000762939453,28.68000030517578,0.6261635927866794
2025-10-27,SOFI,Financial Services,30.0,30.0,0.5971490987652984
2025-10-31,SOFI,Financial Services,29.690000534057617,29.68000030517578,0.521627967153614
2025-11-05,SOFI,Financial Services,29.520000457763672,30.06999969482422,0.5459768768118097
2025-11-10,SOFI,Financial Services,29.059999465942383,30.540000915527344,0.535974245185934
2025-11-12,SOFI,Financial Services,31.18000030517578,32.209999084472656,0.5148292265052028
2025-11-20,SOFI,Financial Services,27.8799991607666,24.90999984741211,0.8442885056752572
2025-12-15,SOFI,Financial Services,27.434999465942383,25.81999969482422,0.6974068102516626
2025-12-19,SOFI,Financial Services,26.6200008392334,27.239999771118164,0.5723329992883056
2025-12-30,SOFI,Financial Services,27.030000686645508,26.559999465942383,0.628073972828762
2026-01-02,SOFI,Financial Services,26.65999984741211,27.459999084472656,0.5484170275006766
2024-01-18,SOUN,Technology,1.809999942779541,1.809999942779541,0.5177096815356523
2024-01-24,SOUN,Technology,1.9500000476837158,1.899999976158142,0.5825732582078509
2024-01-25,SOUN,Technology,1.9299999475479126,1.8600000143051147,0.6718363510846911
2024-02-01,SOUN,Technology,1.7000000476837158,1.7100000381469727,0.5217739893313326
2024-02-07,SOUN,Technology,1.75,1.7100000381469727,0.509299582270732
2024-02-20,SOUN,Technology,4.090000152587891,3.990000009536743,0.5896620150909163
2024-02-22,SOUN,Technology,4.059999942779541,3.9700000286102295,0.5156102608054783
2024-02-27,SOUN,Technology,7.119999885559082,6.860000133514404,0.6308074938622393
2024-02-29,SOUN,Technology,6.789999961853027,7.420000076293945,0.6836880402466832
2024-03-06,SOUN,Technology,5.21999979019165,5.039999961853027,0.5842947613335426
2024-03-07,SOUN,Technology,5.170000076293945,5.630000114440918,0.558704579316382
2024-03-12,SOUN,Technology,6.179999828338623,6.929999828338623,0.5050411232201988
2024-03-14,SOUN,Technology,9.550000190734863,8.369999885559082,0.5947248351416924
2024-03-18,SOUN,Technology,9.0600004196167,8.239999771118164,0.5505104089168897
2024-03-21,SOUN,Technology,8.0,6.679999828338623,0.528903103220102
2024-03-26,SOUN,Technology,6.114999771118164,5.809999942779541,0.5651752065710948
2024-04-04,SOUN,Technology,5.139999866485596,5.269999980926514,0.6623863512493078
2024-04-05,SOUN,Technology,5.329999923706055,5.179999828338623,0.5611005069215939
2024-04-24,SOUN,Technology,4.449999809265137,4.010000228881836,0.7486397642628496
2024-04-29,SOUN,Technology,4.440000057220459,4.619999885559082,0.5126418167667945
2024-05-07,SOUN,Technology,5.25,4.940000057220459,0.5131656534647903
2024-05-10,SOUN,Technology,5.550000190734863,5.090000152587891,0.5051357697543895
2024-05-13,SOUN,Technology,5.199999809265137,5.519999980926514,0.5149936240371465
2024-05-23,SOUN,Technology,5.199999809265137,4.989999771118164,0.62479166636989
2024-06-05,SOUN,Technology,4.980000019073486,4.980000019073486,0.5610257492804709
2024-06-13,SOUN,Technology,4.699999809265137,4.619999885559082,0.671711669437746
2024-06-28,SOUN,Technology,4.050000190734863,3.950000047683716,0.5675635182564254
2024-07-11,SOUN,Technology,5.514999866485596,5.369999885559082,0.608019829889489
2024-07-15,SOUN,Technology,6.289999961853027,5.630000114440918,0.5693913204063873
2024-07-18,SOUN,Technology,5.690000057220459,5.0,0.5161315893780956
2024-07-26,SOUN,Technology,4.989999771118164,5.119999885559082,0.5854685097996005
2024-07-29,SOUN,Technology,5.199999809265137,4.78000020980835,0.5448794148738871
2024-07-30,SOUN,Technology,4.869999885559082,4.949999809265137,0.55384142796538
2024-08-07,SOUN,Technology,4.599999904632568,4.300000190734863,0.5412912788501288
2024-08-13,SOUN,Technology,5.300000190734863,4.989999771118164,0.5297881325624456
2024-08-14,SOUN,Technology,5.050000190734863,4.980000019073486,0.5537398069098896
2024-08-15,SOUN,Technology,5.090000152587891,4.949999809265137,0.5021670446049542
2024-08-30,SOUN,Technology,4.900000095367432,4.889999866485596,0.5074109216718671
2024-09-09,SOUN,Technology,4.400000095367432,4.619999885559082,0.54935508594407
2024-09-10,SOUN,Technology,4.699999809265137,4.599999904632568,0.5428383268310659
2024-09-19,SOUN,Technology,5.059999942779541,5.010000228881836,0.522426871524828
2024-09-26,SOUN,Technology,5.0,4.909999847412109,0.5174263254725552
2024-10-17,SOUN,Technology,5.329999923706055,5.230000019073486,0.5193327297207365
2024-10-24,SOUN,Technology,5.059999942779541,5.28000020980835,0.5000084861962477
2024-11-05,SOUN,Technology,5.170000076293945,5.369999885559082,0.5027067153285135
2024-11-25,SOUN,Technology,8.800000190734863,8.029999732971191,0.5235256519310528
2024-12-16,SOUN,Technology,17.649999618530273,19.690000534057617,0.5021773476037988
2024-12-19,SOUN,Technology,22.43000030517578,18.854999542236328,0.7092303107902268
2024-12-23,SOUN,Technology,22.700000762939453,20.43000030517578,0.5684034696103648
2025-01-02,SOUN,Technology,20.475000381469727,20.15999984741211,0.5530461379833629
2025-01-06,SOUN,Technology,20.790000915527344,19.889999389648438,0.5241325651799482
2025-01-07,SOUN,Technology,20.149999618530273,17.975000381469727,0.5134087924289882
2025-01-14,SOUN,Technology,13.5600004196167,12.789999961853027,0.6229862167128442
2025-01-15,SOUN,Technology,13.40999984741211,13.890000343322754,0.5531023588886587
2025-01-16,SOUN,Technology,14.149999618530273,13.970000267028809,0.5760674310529508
2025-01-17,SOUN,Technology,14.359999656677246,13.640000343322754,0.5762149628611137
2025-01-21,SOUN,Technology,13.850000381469727,16.520000457763672,0.544523235752106
2025-01-30,SOUN,Technology,14.399999618530273,14.0,0.5573094570158236
2025-01-31,SOUN,Technology,14.350000381469727,14.149999618530273,0.5691191386666979
2025-02-04,SOUN,Technology,14.850000381469727,15.710000038146973,0.5125790941764403
2025-02-10,SOUN,Technology,15.720000267028809,15.329999923706055,0.5106052543581397
2025-02-13,SOUN,Technology,14.380000114440918,15.25,0.5104259755745107
2025-02-19,SOUN,Technology,11.5,11.069999694824219,0.5151692281938057
2025-02-21,SOUN,Technology,11.050000190734863,10.3100004196167,0.5669146580101848
2025-02-26,SOUN,Technology,9.420000076293945,9.569999694824219,0.638533316159713
2025-02-27,SOUN,Technology,10.0,9.210000038146973,0.7419630046511803
2025-03-03,SOUN,Technology,11.270000457763672,10.319999694824219,0.7043939331216389
2025-03-12,SOUN,Technology,9.024999618530273,9.130000114440918,0.5962149275582691
2025-03-17,SOUN,Technology,10.404999732971191,10.079999923706055,0.5320483891378183
2025-03-19,SOUN,Technology,9.729999542236328,9.850000381469727,0.5463075946724504
2025-04-01,SOUN,Technology,8.270000457763672,8.199999809265137,0.5662962454788503
2025-04-08,SOUN,Technology,8.10099983215332,7.179999828338623,0.9171125460823996
2025-04-14,SOUN,Technology,8.710000038146973,8.149999618530273,0.5144128366118581
2025-04-17,SOUN,Technology,7.840000152587891,7.820000171661377,0.55590318954924
2025-04-22,SOUN,Technology,7.699999809265137,8.140000343322754,0.5235221845729242
2025-04-23,SOUN,Technology,8.6899995803833,8.75,0.6051199085143205
2025-05-01,SOUN,Technology,9.609999656677246,9.149999618530273,0.5262789442701218
2025-05-08,SOUN,Technology,9.5649995803833,9.739999771118164,0.5031347632987994
2025-05-29,SOUN,Technology,11.359999656677246,10.529999732971191,0.5321585284577574
2025-06-06,SOUN,Technology,9.734999656677246,10.109999656677246,0.5409840191895702
2025-06-16,SOUN,Technology,9.289999961853027,9.720000267028809,0.5076217098916705
2025-06-24,SOUN,Technology,9.664999961853027,9.819999694824219,0.5240485167479115
2025-07-17,SOUN,Technology,11.989999771118164,12.640000343322754,0.5097029026727442
2025-07-21,SOUN,Technology,13.0,11.699999809265137,0.5152859013106595
2025-07-28,SOUN,Technology,11.970000267028809,11.239999771118164,0.5245929949158425
2025-07-31,SOUN,Technology,10.670000076293945,10.329999923706055,0.7137145587624916
2025-08-04,SOUN,Technology,10.324999809265137,10.640000343322754,0.529419822638128
2025-08-07,SOUN,Technology,10.9399995803833,10.720000267028809,0.508370559967695
2025-08-08,SOUN,Technology,13.15999984741211,13.550000190734863,0.5057275601511769
2025-08-21,SOUN,Technology,12.579999923706055,12.229999542236328,0.5006218048230702
2025-08-27,SOUN,Technology,12.100000381469727,11.90999984741211,0.5017801753093364
2025-09-03,SOUN,Technology,13.614999771118164,12.739999771118164,0.5092188903411548
2025-09-05,SOUN,Technology,13.539999961853027,14.260000228881836,0.5166954655071807
2025-09-08,SOUN,Technology,14.479999542236328,15.289999961853027,0.5081335226441465
2025-10-06,SOUN,Technology,18.18000030517578,18.25,0.5222091291241748
2025-10-07,SOUN,Technology,18.6200008392334,18.200000762939453,0.5535965320330384
2025-10-10,SOUN,Technology,18.739999771118164,17.360000610351562,0.5364787356422676
2025-10-27,SOUN,Technology,18.530000686645508,18.329999923706055,0.5070288615078083
2025-10-31,SOUN,Technology,17.270000457763672,17.6200008392334,0.507720390412177
2025-11-05,SOUN,Technology,15.5600004196167,15.720000267028809,0.5236221528886971
2025-11-10,SOUN,Technology,14.96500015258789,14.40999984741211,0.5697273353628984
2025-11-12,SOUN,Technology,13.664999961853027,13.239999771118164,0.527833059939979
2025-11-19,SOUN,Technology,11.65999984741211,11.630000114440918,0.5727736297298862
2025-11-20,SOUN,Technology,12.470000267028809,11.289999961853027,0.5775700037684084
2025-11-24,SOUN,Technology,11.390000343322754,11.949999809265137,0.5735761809405956
2025-11-26,SOUN,Technology,12.100000381469727,11.819999694824219,0.5296123947370726
2025-11-28,SOUN,Technology,11.949999809265137,12.050000190734863,0.5077525283029048
2025-12-17,SOUN,Technology,11.229999542236328,10.989999771118164,0.5208116121700536
2025-12-19,SOUN,Technology,10.989999771118164,11.020000457763672,0.5109093286219811
2025-12-22,SOUN,Technology,11.149999618530273,11.270000457763672,0.5147299911404318
2026-01-02,SOUN,Technology,10.289999961853027,10.600000381469727,0.5469573401559507
2026-01-05,SOUN,Technology,10.75,11.0,0.5163801548491503
2026-01-06,SOUN,Technology,11.085000038146973,11.229999542236328,0.5114981341995805
2024-01-18,SPOT,Communication Services,200.80999755859375,204.82000732421875,0.5822848468107249
2024-01-22,SPOT,Communication Services,206.0,205.6699981689453,0.5045803276320603
2024-01-24,SPOT,Communication Services,213.0,211.13999938964844,0.8274848140616096
2024-02-22,SPOT,Communication Services,247.9600067138672,248.1199951171875,0.5100740944166853
2024-03-21,SPOT,Communication Services,264.2099914550781,259.6400146484375,0.7834826677188352
2024-04-05,SPOT,Communication Services,298.67999267578125,310.30999755859375,0.726683283507142
2024-04-15,SPOT,Communication Services,302.7200012207031,290.5199890136719,0.5439396310061624
2024-04-23,SPOT,Communication Services,301.1300048828125,303.30999755859375,0.6534428870595828
2024-04-26,SPOT,Communication Services,292.6499938964844,289.5899963378906,0.5066924484603755
2024-05-10,SPOT,Communication Services,300.2099914550781,294.6000061035156,0.546054821194189
2024-05-15,SPOT,Communication Services,298.8500061035156,303.0400085449219,0.5503358464369301
2024-05-23,SPOT,Communication Services,302.9200134277344,300.510009765625,0.7713044247761467
2024-06-20,SPOT,Communication Services,311.6400146484375,313.8900146484375,0.6230957034889475
2024-07-08,SPOT,Communication Services,321.94000244140625,313.7099914550781,0.5008169117234508
2024-07-16,SPOT,Communication Services,303.7799987792969,298.5,0.5109137199519903
2024-07-18,SPOT,Communication Services,296.6600036621094,290.1600036621094,0.5681507832706398
2024-07-22,SPOT,Communication Services,298.0,295.45001220703125,0.5760178076614819
2024-07-23,SPOT,Communication Services,339.5,330.7900085449219,0.630225289821842
2024-07-24,SPOT,Communication Services,333.6199951171875,336.5199890136719,0.6998014665507606
2024-07-29,SPOT,Communication Services,323.739990234375,323.739990234375,0.5535671511491332
2024-08-07,SPOT,Communication Services,329.0,323.3399963378906,0.7921970752393919
2024-09-06,SPOT,Communication Services,331.260009765625,322.7699890136719,0.5596539756929979
2024-09-10,SPOT,Communication Services,326.5199890136719,327.0,0.6537447281573291
2024-09-19,SPOT,Communication Services,350.0,360.2200012207031,0.6246720274341773
2024-09-26,SPOT,Communication Services,386.7200012207031,379.1600036621094,0.7503770462478289
2024-10-24,SPOT,Communication Services,382.0,376.8699951171875,0.5435651498812115
2024-11-06,SPOT,Communication Services,386.1000061035156,391.1600036621094,0.514969246197565
2024-11-13,SPOT,Communication Services,460.260009765625,467.3699951171875,0.5455403731975264
2024-11-25,SPOT,Communication Services,483.3500061035156,481.3800048828125,0.5380290782901305
2024-12-18,SPOT,Communication Services,479.5,448.6499938964844,0.6049770806666978
2024-12-19,SPOT,Communication Services,453.9200134277344,454.1600036621094,0.5491178523175041
2025-01-06,SPOT,Communication Services,469.44000244140625,468.92999267578125,0.553615138174872
2025-01-07,SPOT,Communication Services,472.0,463.92999267578125,0.5650341769415457
2025-01-28,SPOT,Communication Services,518.0,530.7999877929688,0.5396460281315227
2025-02-12,SPOT,Communication Services,626.5599975585938,640.5900268554688,0.5430524649893296
2025-02-24,SPOT,Communication Services,612.2999877929688,601.6099853515625,0.6317218832016156
2025-02-26,SPOT,Communication Services,595.6199951171875,603.1300048828125,0.5981593051120924
2025-02-27,SPOT,Communication Services,611.0,590.760009765625,0.7880414037600669
2025-03-12,SPOT,Communication Services,544.4600219726562,535.8400268554688,0.7067583420609711
2025-04-08,SPOT,Communication Services,558.0,518.3499755859375,0.9616999210333466
2025-04-14,SPOT,Communication Services,562.0,549.1699829101562,0.6671289975281502
2025-04-21,SPOT,Communication Services,584.0,558.8200073242188,0.6919393268493104
2025-04-23,SPOT,Communication Services,610.0,592.7000122070312,0.7123312003338239
2025-04-28,SPOT,Communication Services,627.5,597.72998046875,0.5466055223535141
2025-05-30,SPOT,Communication Services,645.0,665.1400146484375,0.5611379475177158
2025-06-03,SPOT,Communication Services,675.760009765625,671.0700073242188,0.5424447851208672
2025-06-20,SPOT,Communication Services,714.5,707.4199829101562,0.5089688007792309
2025-06-30,SPOT,Communication Services,776.989990234375,767.3400268554688,0.5842875566994322
2025-07-23,SPOT,Communication Services,680.0,674.4600219726562,0.5025010824169089
2025-07-24,SPOT,Communication Services,694.1500244140625,681.4199829101562,0.5170645657231008
2025-07-31,SPOT,Communication Services,654.8099975585938,626.5399780273438,0.8124749415192709
2025-08-04,SPOT,Communication Services,661.0,658.5900268554688,0.5671379963043703
2025-08-08,SPOT,Communication Services,692.9199829101562,705.8900146484375,0.5760473622952673
2025-08-15,SPOT,Communication Services,725.0,732.8099975585938,0.5297776352749907
2025-08-25,SPOT,Communication Services,699.0900268554688,694.7899780273438,0.5203735474488156
2025-09-03,SPOT,Communication Services,693.6900024414062,697.3300170898438,0.5915732560932245
2025-09-05,SPOT,Communication Services,711.0,707.1900024414062,0.5576127152601008
2025-12-19,SPOT,Communication Services,571.1900024414062,582.1599731445312,0.5413024291311411
2024-01-18,STX,Technology,80.73419726963884,80.0289306640625,0.5115242415478646
2024-01-24,STX,Technology,85.89028773303824,84.98487091064453,0.5660542525436986
2024-01-25,STX,Technology,86.9195795483443,86.71943664550781,0.669608345231552
2024-02-22,STX,Technology,82.25910572827556,83.88884735107422,0.5019903306212925
2024-03-06,STX,Technology,95.29702811724088,89.72159576416016,0.5596689301461052
2024-03-07,STX,Technology,90.18861049727332,89.40709686279297,0.5019996272732049
2024-03-18,STX,Technology,82.5926836798411,81.38228607177734,0.5106932188800932
2024-03-21,STX,Technology,87.77227814356762,84.98585510253906,0.5011866650284497
2024-03-27,STX,Technology,91.91348178200757,90.87577819824219,0.5117795695001051
2024-04-04,STX,Technology,89.42490971968404,87.20538330078125,0.5134271399336164
2024-04-15,STX,Technology,83.28518206391807,80.59484100341797,0.5242028138132037
2024-04-17,STX,Technology,81.62293186670249,80.90230560302734,0.5486621225298587
2024-04-24,STX,Technology,84.1307142077114,83.6983413696289,0.6689981614133008
2024-05-01,STX,Technology,83.56382138982126,82.44924926757812,0.5160843657754565
2024-05-23,STX,Technology,92.24015858299954,89.79963684082031,0.6119083572398412
2024-06-05,STX,Technology,89.35764619748522,92.816650390625,0.529173952139051
2024-07-18,STX,Technology,102.3031604352034,100.07855224609375,0.533707638468006
2024-07-24,STX,Technology,105.42729917619535,105.93992614746094,0.5312320240956668
2024-07-26,STX,Technology,101.56807783254462,100.28166961669922,0.5535597837441738
2024-08-14,STX,Technology,95.58096112175323,93.87864685058594,0.5008111167828996
2024-08-30,STX,Technology,95.58095718729705,96.28703308105469,0.5047651467620723
2024-09-09,STX,Technology,96.09359247124087,98.01836395263672,0.5543340486271666
2024-10-17,STX,Technology,109.42784135292334,109.49600219726562,0.5003267120397715
2024-11-18,STX,Technology,94.83161934905527,94.4713363647461,0.5146415015549833
2024-11-25,STX,Technology,98.34679067895138,98.69733428955078,0.5186105624029468
2024-12-20,STX,Technology,86.41313829302241,85.64798736572266,0.5724964044419454
2025-01-02,STX,Technology,85.54989672282568,84.7455062866211,0.5491924347444428
2025-01-03,STX,Technology,85.26540376366543,87.45295715332031,0.5491924347444428
2025-01-06,STX,Technology,88.60069267671032,87.41372680664062,0.5108978820415854
2025-01-07,STX,Technology,88.1200266368612,87.89440155029297,0.5081298898703673
2025-01-17,STX,Technology,94.76114431685826,95.81077575683594,0.5038788750200494
2025-01-22,STX,Technology,106.56214319667846,106.12071228027344,0.5134058478216922
2025-01-28,STX,Technology,102.03989038240785,98.36127471923828,0.5017056696366132
2025-02-26,STX,Technology,98.41032592174564,98.36127471923828,0.5572254200279463
2025-02-27,STX,Technology,100.61750331980247,98.75366973876953,0.6577524339802201
2025-03-03,STX,Technology,100.99026716818824,98.15528106689453,0.607611350701201
2025-03-12,STX,Technology,86.32486194649395,85.07904052734375,0.5456949040210335
2025-03-19,STX,Technology,87.46695424023349,87.9515609741211,0.5437826622695096
2025-04-08,STX,Technology,70.20893566092789,65.80789947509766,0.9178780574653398
2025-04-14,STX,Technology,74.10559740825444,71.8704605102539,0.5019118618164143
2025-04-17,STX,Technology,72.68143768432185,74.94624328613281,0.5523212269639243
2025-04-22,STX,Technology,73.87812641546756,74.53086853027344,0.5017249488438131
2025-04-23,STX,Technology,78.27915456614373,77.2308120727539,0.5907963331997401
2025-05-01,STX,Technology,90.98778712048721,89.01968383789062,0.6067324518105943
2025-05-15,STX,Technology,105.78318626114132,106.24801635742188,0.5264123538908511
2025-05-27,STX,Technology,112.61716372389425,115.76217651367188,0.5591755274826085
2025-06-06,STX,Technology,127.48178672051391,125.57302856445312,0.5854787719359121
2025-06-11,STX,Technology,127.63014374429277,125.09830474853516,0.5140737674012728
2025-06-16,STX,Technology,127.28398537144484,129.59823608398438,0.5365772409250139
2025-06-20,STX,Technology,130.7158285865408,129.51914978027344,0.5079163776160505
2025-06-23,STX,Technology,130.87405076974397,131.6157989501953,0.5357582956627559
2025-06-24,STX,Technology,132.52568997578922,134.81027221679688,0.5535988090629125
2025-07-29,STX,Technology,150.87734206133177,151.80198669433594,0.7452374845331896
2025-07-31,STX,Technology,147.4471827723705,156.10708618164062,0.6641199878125101
2025-08-04,STX,Technology,155.8883482259861,153.91973876953125,0.5127752537274584
2025-09-18,STX,Technology,215.47372206701192,215.39418029785156,0.5313043147243813
2025-10-02,STX,Technology,262.61100861894903,254.07342529296875,0.558114807659396
2025-10-06,STX,Technology,259.42936280642004,242.19459533691406,0.6175802480645068
2025-10-07,STX,Technology,244.0098103845023,224.42120361328125,0.5042541822496422
2025-10-16,STX,Technology,223.56346732605897,225.4385528564453,0.5078715281258823
2025-10-24,STX,Technology,233.4674813599852,233.5073699951172,0.5009975095167863
2025-10-27,STX,Technology,240.6985156810738,229.7173309326172,0.5070288615078083
2025-10-31,STX,Technology,276.10561154508565,255.21044921875,0.5213150549564338
2025-11-03,STX,Technology,258.0729385377902,264.8551330566406,0.5625448078473787
2025-11-20,STX,Technology,272.4651604451882,239.8706817626953,0.535557124790781
2025-11-24,STX,Technology,242.2843441908905,252.71697998046875,0.5167021365666077
2025-12-15,STX,Technology,291.12621911251284,284.83270263671875,0.5344197026980642
2025-12-22,STX,Technology,300.46170931449115,282.10986328125,0.573011166590322
2025-12-26,STX,Technology,288.760009765625,286.2200012207031,0.5596190683334881
2026-01-02,STX,Technology,281.9700012207031,287.5400085449219,0.5668884532160721
2024-01-18,TMDX,Healthcare,79.91000366210938,80.2699966430664,0.6435330145477115
2024-01-24,TMDX,Healthcare,85.7699966430664,83.8499984741211,0.8291250441273554
2024-01-25,TMDX,Healthcare,85.88999938964844,85.58000183105469,0.6354684173244014
2024-02-07,TMDX,Healthcare,87.63999938964844,88.16000366210938,0.5904691583420001
2024-02-27,TMDX,Healthcare,90.45500183105469,88.70999908447266,0.7139423501893026
2024-02-29,TMDX,Healthcare,84.5,81.5999984741211,0.542543153176997
2024-03-07,TMDX,Healthcare,85.0,86.75,0.5081072091095635
2024-03-08,TMDX,Healthcare,87.62999725341797,83.75,0.5398631322755982
2024-03-18,TMDX,Healthcare,76.88999938964844,74.16000366210938,0.5423136922158609
2024-03-21,TMDX,Healthcare,75.4000015258789,73.9800033569336,0.8210137712208861
2024-03-26,TMDX,Healthcare,72.2699966430664,74.48999786376953,0.6522511965087314
2024-03-27,TMDX,Healthcare,75.5,74.12000274658203,0.54530731669316
2024-03-28,TMDX,Healthcare,76.08000183105469,73.94000244140625,0.5725397964403003
2024-04-09,TMDX,Healthcare,91.29000091552734,93.23500061035156,0.5354751419891813
2024-04-17,TMDX,Healthcare,93.97000122070312,87.86000061035156,0.7364149421675439
2024-04-18,TMDX,Healthcare,88.80000305175781,87.23999786376953,0.5774136520127078
2024-04-26,TMDX,Healthcare,90.0,92.08000183105469,0.515809478516681
2024-05-10,TMDX,Healthcare,130.25999450683594,129.97999572753906,0.5284937307271282
2024-05-15,TMDX,Healthcare,134.66000366210938,136.13999938964844,0.5081596705538929
2024-05-28,TMDX,Healthcare,141.49000549316406,142.86000061035156,0.5154957548162404
2024-05-30,TMDX,Healthcare,143.33999633789062,136.4199981689453,0.5250673424262455
2024-05-31,TMDX,Healthcare,139.00999450683594,136.39999389648438,0.5688190770483357
2024-06-07,TMDX,Healthcare,136.36000061035156,137.17999267578125,0.5864929295705162
2024-06-12,TMDX,Healthcare,143.10000610351562,141.8800048828125,0.6947821409942821
2024-06-20,TMDX,Healthcare,147.50999450683594,144.0,0.8066157118120802
2024-07-08,TMDX,Healthcare,153.1999969482422,149.1999969482422,0.7202321987031479
2024-07-09,TMDX,Healthcare,150.49000549316406,147.77999877929688,0.7513747937469001
2024-07-15,TMDX,Healthcare,144.30999755859375,144.35000610351562,0.5375562136451922
2024-07-22,TMDX,Healthcare,148.41000366210938,149.1699981689453,0.5887416211852452
2024-07-26,TMDX,Healthcare,149.47000122070312,140.49000549316406,0.6176322462465403
2024-07-29,TMDX,Healthcare,142.22000122070312,139.0,0.6164346974506876
2024-07-30,TMDX,Healthcare,139.91000366210938,138.42999267578125,0.5933974121194932
2024-08-01,TMDX,Healthcare,164.83999633789062,151.50999450683594,0.6913775390489817
2024-08-07,TMDX,Healthcare,157.24000549316406,145.85000610351562,0.7823646547146371
2024-08-13,TMDX,Healthcare,164.24000549316406,161.99000549316406,0.5317609324400442
2024-08-14,TMDX,Healthcare,162.8800048828125,163.0800018310547,0.5081271688611254
2024-08-30,TMDX,Healthcare,167.7899932861328,168.05999755859375,0.5143946135404157
2024-09-19,TMDX,Healthcare,160.7899932861328,165.97999572753906,0.6576786670508685
2024-09-26,TMDX,Healthcare,150.10000610351562,144.55999755859375,0.7318092671283574
2024-09-27,TMDX,Healthcare,155.22000122070312,159.13999938964844,0.5608377019063491
2024-10-08,TMDX,Healthcare,135.0,138.1199951171875,0.5460790269612035
2024-10-14,TMDX,Healthcare,136.33999633789062,134.23500061035156,0.5167953652736752
2024-10-24,TMDX,Healthcare,120.91000366210938,122.0,0.5508044344689961
2024-10-25,TMDX,Healthcare,123.55999755859375,125.16999816894531,0.5561274936422429
2024-10-28,TMDX,Healthcare,129.2100067138672,126.23999786376953,0.5402180805725569
2024-11-06,TMDX,Healthcare,84.62000274658203,86.3499984741211,0.5018473154480193
2024-11-13,TMDX,Healthcare,92.93800354003906,92.7300033569336,0.7312111631672064
2024-11-15,TMDX,Healthcare,88.93000030517578,80.4800033569336,0.7158399493374542
2024-11-27,TMDX,Healthcare,81.55000305175781,87.11000061035156,0.5470336152944687
2024-12-06,TMDX,Healthcare,66.8499984741211,68.26000213623047,0.5004110378593464
2024-12-10,TMDX,Healthcare,71.38999938964844,68.98999786376953,0.5321436786866212
2024-12-19,TMDX,Healthcare,61.189998626708984,60.529998779296875,0.6563602254455281
2024-12-23,TMDX,Healthcare,63.33000183105469,62.650001525878906,0.5365019009255908
2024-12-31,TMDX,Healthcare,60.02000045776367,62.349998474121094,0.6435938842529204
2025-01-06,TMDX,Healthcare,71.97000122070312,75.62999725341797,0.5695260042955264
2025-01-07,TMDX,Healthcare,77.55999755859375,78.66999816894531,0.599793186415155
2025-01-17,TMDX,Healthcare,58.380001068115234,57.20000076293945,0.534418110516281
2025-01-21,TMDX,Healthcare,58.220001220703125,56.72999954223633,0.5211032298781842
2025-02-05,TMDX,Healthcare,72.86000061035156,74.56999969482422,0.5645685943055488
2025-02-06,TMDX,Healthcare,75.12999725341797,73.5,0.6219476096053628
2025-02-14,TMDX,Healthcare,72.87000274658203,72.18000030517578,0.5359200873325874
2025-02-18,TMDX,Healthcare,73.48999786376953,75.0199966430664,0.531685078643435
2025-02-21,TMDX,Healthcare,75.88999938964844,71.94999694824219,0.8310981010520383
2025-02-27,TMDX,Healthcare,75.0,72.12000274658203,0.8402446152721187
2025-03-12,TMDX,Healthcare,69.54000091552734,67.08000183105469,0.7572871546762238
2025-03-26,TMDX,Healthcare,71.79000091552734,70.31999969482422,0.6978195084001146
2025-04-08,TMDX,Healthcare,72.87000274658203,67.94999694824219,0.95647704400271
2025-04-22,TMDX,Healthcare,88.58000183105469,91.20999908447266,0.515659235468032
2025-04-23,TMDX,Healthcare,95.0,92.25,0.7191823899715555
2025-05-08,TMDX,Healthcare,96.94000244140625,93.19999694824219,0.6063505361653777
2025-05-09,TMDX,Healthcare,114.5999984741211,111.5,0.582056644768031
2025-05-12,TMDX,Healthcare,114.31999969482422,118.7300033569336,0.5902442769833466
2025-05-20,TMDX,Healthcare,122.72000122070312,124.70999908447266,0.5511740916482326
2025-05-29,TMDX,Healthcare,130.22000122070312,127.69000244140625,0.8484878157772403
2025-06-25,TMDX,Healthcare,133.35000610351562,128.5800018310547,0.5703328502993334
2025-07-15,TMDX,Healthcare,118.44000244140625,115.68000030517578,0.5789444912844172
2025-07-16,TMDX,Healthcare,117.37000274658203,113.31999969482422,0.5017437291372494
2025-07-18,TMDX,Healthcare,113.91000366210938,109.87999725341797,0.5154899498484729
2025-07-23,TMDX,Healthcare,109.05000305175781,109.97000122070312,0.6137156963254661
2025-07-24,TMDX,Healthcare,111.0,106.79000091552734,0.6370733077472708
2025-07-28,TMDX,Healthcare,109.3499984741211,105.23999786376953,0.6926696963034304
2025-07-29,TMDX,Healthcare,105.9000015258789,104.83000183105469,0.6914604363814684
2025-07-31,TMDX,Healthcare,123.61000061035156,118.97000122070312,0.8768901212627388
2025-08-04,TMDX,Healthcare,125.51000213623047,128.5,0.5567888210396356
2025-08-07,TMDX,Healthcare,120.17500305175781,116.05000305175781,0.5531839772825502
2025-08-11,TMDX,Healthcare,125.97000122070312,127.26000213623047,0.5632639554686922
2025-08-13,TMDX,Healthcare,132.08999633789062,132.0399932861328,0.5252105909799368
2025-08-25,TMDX,Healthcare,120.5,114.97000122070312,0.6372559698152197
2025-08-28,TMDX,Healthcare,118.37999725341797,116.7249984741211,0.512653903336906
2025-09-09,TMDX,Healthcare,113.94999694824219,108.27999877929688,0.6092540977496348
2025-09-23,TMDX,Healthcare,127.01000213623047,120.52999877929688,0.5510297692097448
2025-09-29,TMDX,Healthcare,115.05000305175781,112.63999938964844,0.5594315613294311
2025-10-15,TMDX,Healthcare,112.0,112.61000061035156,0.5233245915879948
2025-10-20,TMDX,Healthcare,119.72000122070312,119.9000015258789,0.5847330444253005
2025-10-27,TMDX,Healthcare,133.10000610351562,132.4499969482422,0.6114071914206876
2025-11-10,TMDX,Healthcare,122.0,122.38999938964844,0.5305257475429744
2025-11-20,TMDX,Healthcare,134.91000366210938,123.81999969482422,0.855667280406364
2025-11-26,TMDX,Healthcare,146.89999389648438,145.75,0.5228558877041926
2025-12-05,TMDX,Healthcare,139.6999969482422,136.50999450683594,0.539584133090378
2025-12-08,TMDX,Healthcare,137.25999450683594,136.60000610351562,0.5295530414923144
2025-12-15,TMDX,Healthcare,127.79000091552734,123.1500015258789,0.7117571874642864
2025-12-17,TMDX,Healthcare,126.98999786376953,121.93000030517578,0.608823311111324
2025-12-18,TMDX,Healthcare,123.19999694824219,121.06999969482422,0.5004668067580492
2025-12-22,TMDX,Healthcare,129.5800018310547,129.35000610351562,0.5063034011316911
2025-12-31,TMDX,Healthcare,123.29000091552734,121.6500015258789,0.5047445228087447
2026-01-02,TMDX,Healthcare,124.26000213623047,122.69000244140625,0.5570975505650647
2026-01-05,TMDX,Healthcare,123.4000015258789,126.27999877929688,0.5312976506872893
2024-01-18,TSLA,Consumer Cyclical,216.8800048828125,211.8800048828125,0.6564832701892176
2024-01-24,TSLA,Consumer Cyclical,211.8800048828125,207.8300018310547,0.8359023712824741
2024-01-26,TSLA,Consumer Cyclical,185.5,183.25,0.6799801917014062
2024-01-30,TSLA,Consumer Cyclical,195.3300018310547,191.58999633789062,0.7214650853193865
2024-02-01,TSLA,Consumer Cyclical,188.5,188.86000061035156,0.5843650311531984
2024-02-07,TSLA,Consumer Cyclical,188.17999267578125,187.5800018310547,0.7977547462659778
2024-02-08,TSLA,Consumer Cyclical,189.0,189.55999755859375,0.6301042280645459
2024-02-16,TSLA,Consumer Cyclical,202.05999755859375,199.9499969482422,0.5079778717405347
2024-03-08,TSLA,Consumer Cyclical,181.5,175.33999633789062,0.5033994883935083
2024-03-26,TSLA,Consumer Cyclical,178.5800018310547,177.6699981689453,0.5215414962754937
2024-04-04,TSLA,Consumer Cyclical,170.07000732421875,171.11000061035156,0.5312314659457842
2024-04-23,TSLA,Consumer Cyclical,143.3300018310547,144.67999267578125,0.5800487648377571
2024-04-24,TSLA,Consumer Cyclical,162.83999633789062,162.1300048828125,0.6026544834684903
2024-05-03,TSLA,Consumer Cyclical,182.10000610351562,181.19000244140625,0.519990717529246
2024-05-10,TSLA,Consumer Cyclical,173.0500030517578,168.47000122070312,0.5578855378759455
2024-05-13,TSLA,Consumer Cyclical,170.0,171.88999938964844,0.548194453248785
2024-05-15,TSLA,Consumer Cyclical,179.89999389648438,173.99000549316406,0.5847502664810466
2024-05-23,TSLA,Consumer Cyclical,181.8000030517578,173.74000549316406,0.7879557555003834
2024-06-13,TSLA,Consumer Cyclical,188.38999938964844,182.47000122070312,0.5378718968085227
2024-06-14,TSLA,Consumer Cyclical,185.8000030517578,178.00999450683594,0.5886755187972266
2024-06-28,TSLA,Consumer Cyclical,199.5500030517578,197.8800048828125,0.5370263562669715
2024-07-05,TSLA,Consumer Cyclical,249.80999755859375,251.52000427246094,0.5622578051621427
2024-07-15,TSLA,Consumer Cyclical,255.97000122070312,252.63999938964844,0.5043029220601901
2024-07-18,TSLA,Consumer Cyclical,251.08999633789062,249.22999572753906,0.543711185626738
2024-07-22,TSLA,Consumer Cyclical,244.2100067138672,251.50999450683594,0.5618746044101038
2024-07-29,TSLA,Consumer Cyclical,224.89999389648438,232.10000610351562,0.6241503951763739
2024-08-06,TSLA,Consumer Cyclical,200.75,200.63999938964844,0.5046300872569657
2024-08-20,TSLA,Consumer Cyclical,224.8800048828125,221.10000610351562,0.5636656598604562
2024-08-30,TSLA,Consumer Cyclical,208.6300048828125,214.11000061035156,0.5837887491344086
2024-09-03,TSLA,Consumer Cyclical,215.25999450683594,210.60000610351562,0.6778231317592067
2024-09-06,TSLA,Consumer Cyclical,232.60000610351562,210.72999572753906,0.5699555821836413
2024-09-10,TSLA,Consumer Cyclical,220.07000732421875,226.1699981689453,0.6591076286161313
2024-09-17,TSLA,Consumer Cyclical,229.4499969482422,227.8699951171875,0.503648248530382
2024-09-18,TSLA,Consumer Cyclical,230.08999633789062,227.1999969482422,0.5254372951718588
2024-09-19,TSLA,Consumer Cyclical,234.0,243.9199981689453,0.6506940260353814
2024-09-26,TSLA,Consumer Cyclical,260.6000061035156,254.22000122070312,0.7499759861841467
2024-10-24,TSLA,Consumer Cyclical,244.67999267578125,260.4800109863281,0.5478907955864538
2024-10-29,TSLA,Consumer Cyclical,264.510009765625,259.5199890136719,0.5675430401388174
2024-11-01,TSLA,Consumer Cyclical,252.0399932861328,248.97999572753906,0.5690898998321877
2024-11-05,TSLA,Consumer Cyclical,247.33999633789062,251.44000244140625,0.5096027838245256
2024-11-13,TSLA,Consumer Cyclical,335.8500061035156,330.239990234375,0.6526478446120785
2024-11-18,TSLA,Consumer Cyclical,340.7300109863281,338.739990234375,0.5073629835752951
2024-11-25,TSLA,Consumer Cyclical,360.1400146484375,338.5899963378906,0.5618547964207018
2024-11-27,TSLA,Consumer Cyclical,341.79998779296875,332.8900146484375,0.5523970642472101
2024-12-02,TSLA,Consumer Cyclical,352.3800048828125,357.0899963378906,0.5448839593274739
2024-12-09,TSLA,Consumer Cyclical,397.6099853515625,389.7900085449219,0.5323595192057641
2024-12-17,TSLA,Consumer Cyclical,475.8999938964844,479.8599853515625,0.6569198208843664
2024-12-19,TSLA,Consumer Cyclical,451.8800048828125,436.1700134277344,0.7047974315093015
2024-12-26,TSLA,Consumer Cyclical,465.1600036621094,454.1300048828125,0.5238348413809862
2024-12-31,TSLA,Consumer Cyclical,423.7900085449219,403.8399963378906,0.6119743985369143
2025-01-06,TSLA,Consumer Cyclical,423.20001220703125,411.04998779296875,0.5608375621527044
2025-01-14,TSLA,Consumer Cyclical,414.3399963378906,396.3599853515625,0.50433960136896
2025-01-30,TSLA,Consumer Cyclical,410.7799987792969,400.2799987792969,0.5999985878851295
2025-02-14,TSLA,Consumer Cyclical,360.6199951171875,355.8399963378906,0.5298749096471689
2025-03-03,TSLA,Consumer Cyclical,300.3399963378906,284.6499938964844,0.7337488245746534
2025-03-12,TSLA,Consumer Cyclical,247.22000122070312,248.08999633789062,0.6938265808494579
2025-03-25,TSLA,Consumer Cyclical,283.6000061035156,288.1400146484375,0.5154353886575764
2025-03-28,TSLA,Consumer Cyclical,275.5799865722656,263.54998779296875,0.6105711999717477
2025-04-01,TSLA,Consumer Cyclical,263.79998779296875,268.4599914550781,0.5526411165486151
2025-04-08,TSLA,Consumer Cyclical,245.0,221.86000061035156,0.9627096440596192
2025-04-14,TSLA,Consumer Cyclical,258.3599853515625,252.35000610351562,0.6256494723104561
2025-04-17,TSLA,Consumer Cyclical,243.47000122070312,241.3699951171875,0.7489933327709465
2025-04-23,TSLA,Consumer Cyclical,254.86000061035156,250.74000549316406,0.6985532488721824
2025-04-28,TSLA,Consumer Cyclical,288.9800109863281,285.8800048828125,0.5434546555378853
2025-05-08,TSLA,Consumer Cyclical,279.6300048828125,284.82000732421875,0.5332218651611488
2025-05-09,TSLA,Consumer Cyclical,290.2099914550781,298.260009765625,0.517873670139271
2025-05-12,TSLA,Consumer Cyclical,321.989990234375,318.3800048828125,0.691925972513579
2025-05-20,TSLA,Consumer Cyclical,347.8699951171875,343.82000732421875,0.5900430385576418
2025-05-29,TSLA,Consumer Cyclical,365.2900085449219,358.42999267578125,0.8452209041289205
2025-06-06,TSLA,Consumer Cyclical,298.8299865722656,295.1400146484375,0.576456989369406
2025-06-10,TSLA,Consumer Cyclical,314.94000244140625,326.0899963378906,0.5153738428300788
2025-06-20,TSLA,Consumer Cyclical,327.95001220703125,322.1600036621094,0.625042388469696
2025-06-25,TSLA,Consumer Cyclical,342.70001220703125,327.54998779296875,0.5304730833386934
2025-07-08,TSLA,Consumer Cyclical,297.0,297.80999755859375,0.6868154923436725
2025-07-15,TSLA,Consumer Cyclical,319.67999267578125,310.7799987792969,0.5382406239173064
2025-07-21,TSLA,Consumer Cyclical,334.3999938964844,328.489990234375,0.5672976983309732
2025-07-25,TSLA,Consumer Cyclical,308.739990234375,316.05999755859375,0.5004339201670556
2025-09-03,TSLA,Consumer Cyclical,335.20001220703125,334.0899963378906,0.5972514202426942
2025-09-05,TSLA,Consumer Cyclical,348.0,350.8399963378906,0.5268896286165095
2025-09-18,TSLA,Consumer Cyclical,428.8699951171875,416.8500061035156,0.5334744093911229
2025-09-23,TSLA,Consumer Cyclical,439.8800048828125,425.8500061035156,0.6037457675941111
2025-10-08,TSLA,Consumer Cyclical,437.57000732421875,438.69000244140625,0.5053390449364598
2025-10-15,TSLA,Consumer Cyclical,434.8999938964844,435.1499938964844,0.5117433395625853
2025-10-20,TSLA,Consumer Cyclical,443.8699951171875,447.42999267578125,0.5205385235318497
2025-10-27,TSLA,Consumer Cyclical,439.9800109863281,452.4200134277344,0.5488307368459638
2025-11-10,TSLA,Consumer Cyclical,439.6000061035156,445.2300109863281,0.523176291174114
2025-11-12,TSLA,Consumer Cyclical,442.1499938964844,430.6000061035156,0.517322182896802
2025-11-20,TSLA,Consumer Cyclical,414.6300048828125,395.2300109863281,0.8546987525645925
2025-11-21,TSLA,Consumer Cyclical,402.32000732421875,391.0899963378906,0.7543342128347967
2025-12-15,TSLA,Consumer Cyclical,469.44000244140625,475.30999755859375,0.5895009807822479
2025-12-19,TSLA,Consumer Cyclical,488.1199951171875,481.20001220703125,0.5611297948215962
2026-01-02,TSLA,Consumer Cyclical,457.79998779296875,438.07000732421875,0.5356079775317876
2026-01-05,TSLA,Consumer Cyclical,447.989990234375,451.6700134277344,0.5160672994657921
2024-01-24,TSM,Technology,112.20822875323518,113.36601257324219,0.5774933676258801
2024-01-25,TSM,Technology,114.82540967557469,113.4049301147461,0.7033418961451182
2024-03-06,TSM,Technology,135.04293559681105,137.7379608154297,0.5127471436621202
2024-03-07,TSM,Technology,140.97779816849908,145.16140747070312,0.5085460024303656
2024-03-08,TSM,Technology,149.73417909826236,142.4080047607422,0.5223039837566777
2024-03-12,TSM,Technology,140.6080949081475,140.4913330078125,0.5002241135392598
2024-03-18,TSM,Technology,136.9394206829396,133.48126220703125,0.5035879063850799
2024-03-21,TSM,Technology,139.2546301366023,136.22628784179688,0.5077434898145508
2024-04-01,TSM,Technology,134.11621241622385,138.21913146972656,0.5035951055965866
2024-04-04,TSM,Technology,140.67112535915402,136.43145751953125,0.5198323770091151
2024-04-11,TSM,Technology,143.797119140625,143.797119140625,0.5143456862091205
2024-04-15,TSM,Technology,141.6675215390855,136.90032958984375,0.5063652723858558
2024-04-17,TSM,Technology,137.86746928883298,135.81600952148438,0.5266548567766948
2024-04-24,TSM,Technology,132.94394113907458,129.8960723876953,0.6647158818670951
2024-05-23,TSM,Technology,155.50016184864856,153.45848083496094,0.6111493330762922
2024-07-03,TSM,Technology,174.42388477521243,178.83372497558594,0.5125802079880657
2024-07-05,TSM,Technology,180.4506843903689,180.30369567871094,0.52434704157874
2024-07-08,TSM,Technology,186.19325313482545,182.89077758789062,0.5215539966179795
2024-07-18,TSM,Technology,171.9837744298662,168.42649841308594,0.5684190573483612
2024-07-26,TSM,Technology,161.00818207455956,158.69546508789062,0.5821643774684162
2024-08-07,TSM,Technology,158.31327949092687,151.93370056152344,0.5056382061531793
2024-08-09,TSM,Technology,162.98770781886967,163.77166748046875,0.5249074620132833
2024-09-06,TSM,Technology,161.5863613076046,153.6780548095703,0.5267972025075438
2024-09-09,TSM,Technology,157.53908330028716,159.51861572265625,0.549130153130116
2024-09-11,TSM,Technology,160.51817201117507,166.8193359375,0.544793199224363
2024-09-19,TSM,Technology,171.5169500575175,173.3267364501953,0.5014611170601347
2024-10-17,TSM,Technology,200.01131029472853,202.46041870117188,0.5016401490274597
2024-12-11,TSM,Technology,191.47382642754764,191.4049835205078,0.518897327998654
2024-12-19,TSM,Technology,195.7622511934336,192.05224609375,0.5302507555170516
2025-01-03,TSM,Technology,201.38648349204763,205.83651733398438,0.5266548567766948
2025-01-14,TSM,Technology,202.46199526591036,198.77171325683594,0.5383822460548899
2025-01-16,TSM,Technology,215.97983759236251,211.93434143066406,0.5238261959765259
2025-01-22,TSM,Technology,218.99916274595938,220.2325439453125,0.5169347058177415
2025-01-28,TSM,Technology,193.04881751289645,199.70907592773438,0.5892771087708517
2025-01-29,TSM,Technology,201.77130095714946,199.6400146484375,0.5073688751723974
2025-02-26,TSM,Technology,188.54943415718668,192.03250122070312,0.5829903524949994
2025-03-12,TSM,Technology,173.26539521795434,174.81451416015625,0.5561062077422567
2025-03-20,TSM,Technology,173.19756634629434,175.7928009033203,0.5449028271387301
2025-04-08,TSM,Technology,150.54369596988454,140.03396606445312,0.9178780574653398
2025-04-14,TSM,Technology,156.8039607420488,154.36720275878906,0.5312052702999978
2025-04-17,TSM,Technology,154.57523467262476,150.30596923828125,0.5103259966198851
2025-04-23,TSM,Technology,157.86385821190376,156.318603515625,0.549071359131913
2025-05-01,TSM,Technology,171.1669227600258,171.08767700195312,0.537488851147795
2025-05-29,TSM,Technology,197.57498596301218,195.28680419921875,0.5384724689991833
2025-06-11,TSM,Technology,212.9681180404494,212.07662963867188,0.5140737674012728
2025-07-31,TSM,Technology,244.54624195763768,240.21165466308594,0.6764765530795732
2025-08-04,TSM,Technology,236.52329054992316,237.60693359375,0.512095212169091
2025-09-03,TSM,Technology,230.1705374030622,230.04129028320312,0.5196527452925421
2025-10-03,TSM,Technology,292.0714993841344,291.4033203125,0.5039319945583023
2025-10-06,TSM,Technology,299.20226606620446,301.5858154296875,0.5591048174996293
2025-10-07,TSM,Technology,305.7944727076512,293.2383728027344,0.536732855184984
2025-10-13,TSM,Technology,297.4370190785133,302.07452392578125,0.5018680835253737
2025-10-20,TSM,Technology,299.1922939479247,296.89849853515625,0.5007493560426269
2025-10-27,TSM,Technology,297.8459384772374,297.447021484375,0.5036701034254009
2025-11-03,TSM,Technology,301.7753072434653,304.0391845703125,0.5531451853836237
2025-12-15,TSM,Technology,295.1499938964844,287.739990234375,0.5342753638825187
2026-01-02,TSM,Technology,311.9800109863281,319.6099853515625,0.5056849087418638
2026-01-05,TSM,Technology,330.3999938964844,322.25,0.5038541179072139
2026-01-06,TSM,Technology,330.2200012207031,327.42999267578125,0.5063244326948284
2024-01-18,TTD,Communication Services,65.7699966430664,65.05000305175781,0.6516521066211028
2024-01-24,TTD,Communication Services,71.5,69.6500015258789,0.8074024189774494
2024-01-25,TTD,Communication Services,70.87000274658203,69.12000274658203,0.7024978013878291
2024-02-06,TTD,Communication Services,68.02999877929688,68.5999984741211,0.5047599956839103
2024-02-22,TTD,Communication Services,83.61000061035156,83.5,0.577380147678881
2024-03-21,TTD,Communication Services,84.7300033569336,85.05999755859375,0.7673537589422618
2024-03-27,TTD,Communication Services,87.9800033569336,87.20999908447266,0.5392729664632222
2024-04-04,TTD,Communication Services,87.8499984741211,84.55999755859375,0.505734362192315
2024-04-11,TTD,Communication Services,86.9000015258789,87.69999694824219,0.6472058052360107
2024-04-17,TTD,Communication Services,82.55999755859375,80.12999725341797,0.6473182856806682
2024-04-24,TTD,Communication Services,84.5,83.79000091552734,0.5728082125427734
2024-05-03,TTD,Communication Services,89.2699966430664,88.58999633789062,0.5080369739049297
2024-06-12,TTD,Communication Services,94.58499908447266,97.45999908447266,0.6611825049791766
2024-07-10,TTD,Communication Services,102.18000030517578,99.81999969482422,0.6538635065864974
2024-07-11,TTD,Communication Services,101.05000305175781,98.56999969482422,0.608334114945024
2024-07-18,TTD,Communication Services,96.25,95.72000122070312,0.5142268675299788
2024-07-25,TTD,Communication Services,90.19999694824219,90.87999725341797,0.7325677519616821
2024-07-26,TTD,Communication Services,92.9800033569336,92.43000030517578,0.5182612202021136
2024-07-29,TTD,Communication Services,93.06999969482422,92.20999908447266,0.6291817283209968
2024-08-01,TTD,Communication Services,90.5199966430664,87.75,0.6692618050257814
2024-08-06,TTD,Communication Services,84.36000061035156,84.79000091552734,0.5142285410141305
2024-08-07,TTD,Communication Services,86.3499984741211,84.91000366210938,0.7680479906118531
2024-08-09,TTD,Communication Services,90.06999969482422,99.30000305175781,0.5515814493751581
2024-09-10,TTD,Communication Services,100.08999633789062,99.70999908447266,0.642413022334522
2024-09-19,TTD,Communication Services,110.91000366210938,110.13999938964844,0.7437589549644702
2024-09-26,TTD,Communication Services,112.20999908447266,109.36000061035156,0.7314492436279204
2024-11-06,TTD,Communication Services,122.55000305175781,124.80999755859375,0.5116048018998933
2024-12-19,TTD,Communication Services,130.16000366210938,126.2300033569336,0.5299534367152555
2025-01-06,TTD,Communication Services,123.7300033569336,126.58000183105469,0.5756314649007704
2025-02-27,TTD,Communication Services,73.06500244140625,71.48999786376953,0.8053308323872161
2025-03-03,TTD,Communication Services,71.0,67.16999816894531,0.5368200627386454
2025-03-12,TTD,Communication Services,60.189998626708984,60.20000076293945,0.8721735974347533
2025-03-25,TTD,Communication Services,60.625,62.0,0.5479678836805774
2025-03-26,TTD,Communication Services,62.4900016784668,58.79999923706055,0.6858310772435604
2025-04-08,TTD,Communication Services,48.689998626708984,45.27000045776367,0.9266614993446776
2025-04-14,TTD,Communication Services,51.400001525878906,48.63999938964844,0.6244228359330702
2025-04-23,TTD,Communication Services,51.0,50.08000183105469,0.7251747310771027
2025-05-01,TTD,Communication Services,54.099998474121094,53.060001373291016,0.5498775660256225
2025-05-08,TTD,Communication Services,57.685001373291016,59.900001525878906,0.521699018946642
2025-05-09,TTD,Communication Services,69.75,71.04000091552734,0.6548314378527708
2025-05-12,TTD,Communication Services,75.07499694824219,79.4000015258789,0.8496507098797721
2025-05-29,TTD,Communication Services,77.79000091552734,74.87999725341797,0.8421216472890138
2025-07-01,TTD,Communication Services,73.43499755859375,73.48999786376953,0.5609877076122982
2025-07-08,TTD,Communication Services,73.9800033569336,74.02999877929688,0.6243030409826141
2025-07-16,TTD,Communication Services,82.02999877929688,81.12999725341797,0.5004527743519043
2025-07-29,TTD,Communication Services,89.0,84.52999877929688,0.6639890920247634
2025-08-15,TTD,Communication Services,51.029998779296875,52.119998931884766,0.515442209459216
2025-09-24,TTD,Communication Services,47.095001220703125,46.869998931884766,0.5366792992452455
2025-09-29,TTD,Communication Services,47.58000183105469,49.63999938964844,0.5877178453536152
2025-10-02,TTD,Communication Services,49.75,50.880001068115234,0.5083404150524559
2025-10-06,TTD,Communication Services,52.38999938964844,53.13999938964844,0.5048652946553855
2025-10-07,TTD,Communication Services,54.70500183105469,53.4900016784668,0.5535392643019799
2025-10-15,TTD,Communication Services,51.165000915527344,51.099998474121094,0.5102922207994849
2025-10-20,TTD,Communication Services,50.369998931884766,52.494998931884766,0.6450858362528108
2025-10-24,TTD,Communication Services,54.790000915527344,52.0,0.50232618595542
2025-10-27,TTD,Communication Services,52.689998626708984,53.61000061035156,0.5541094665223482
2025-11-10,TTD,Communication Services,44.04999923706055,43.2599983215332,0.5879524020016271
2025-11-12,TTD,Communication Services,44.88999938964844,43.790000915527344,0.5454779977581555
2025-11-20,TTD,Communication Services,40.73500061035156,38.349998474121094,0.8687602959347729
2025-12-22,TTD,Communication Services,37.529998779296875,37.290000915527344,0.5593919688477977
2024-01-18,U,Technology,34.959999084472656,32.869998931884766,0.5285225236289115
2024-01-24,U,Technology,34.95000076293945,33.029998779296875,0.5914742984290992
2024-01-25,U,Technology,33.22999954223633,32.880001068115234,0.6918691818656856
2024-02-07,U,Technology,32.31999969482422,32.52000045776367,0.509299582270732
2024-02-22,U,Technology,31.540000915527344,31.020000457763672,0.5092574471816274
2024-03-06,U,Technology,27.299999237060547,27.059999465942383,0.5398369085280837
2024-03-21,U,Technology,27.610000610351562,27.56999969482422,0.5066488908592067
2024-04-04,U,Technology,25.989999771118164,25.31999969482422,0.5346338723337202
2024-04-08,U,Technology,25.600000381469727,26.209999084472656,0.5145692113727326
2024-04-11,U,Technology,26.18000030517578,26.049999237060547,0.5029229698821969
2024-04-24,U,Technology,23.360000610351562,23.56999969482422,0.638416823496568
2024-05-03,U,Technology,24.889999389648438,24.739999771118164,0.5094791546566904
2024-05-13,U,Technology,21.889999389648438,22.690000534057617,0.5079992462142247
2024-06-03,U,Technology,18.489999771118164,18.030000686645508,0.5177096815356523
2024-07-11,U,Technology,15.8100004196167,16.520000457763672,0.5537738736092569
2024-07-26,U,Technology,16.510000228881836,16.610000610351562,0.5809894525865281
2024-07-29,U,Technology,16.729999542236328,16.350000381469727,0.5448794148738871
2024-08-09,U,Technology,14.800000190734863,15.539999961853027,0.5722439176755845
2024-08-13,U,Technology,15.449999809265137,16.25,0.5100594682490527
2024-08-30,U,Technology,16.850000381469727,16.3700008392334,0.5035016734494141
2024-09-06,U,Technology,17.459999084472656,15.859999656677246,0.5162292375284683
2024-09-09,U,Technology,16.1200008392334,17.170000076293945,0.5607811403368752
2024-09-10,U,Technology,17.309999465942383,16.75,0.5531350635764894
2024-09-19,U,Technology,21.100000381469727,20.290000915527344,0.5021415706800215
2024-09-26,U,Technology,22.59000015258789,22.34000015258789,0.5206357900328956
2024-11-05,U,Technology,20.5,21.6200008392334,0.5027067153285135
2024-11-25,U,Technology,24.559999465942383,24.020000457763672,0.5219641747535388
2024-12-09,U,Technology,27.969999313354492,27.3799991607666,0.5023262623419095
2024-12-19,U,Technology,22.5,22.260000228881836,0.5280332307253994
2024-12-31,U,Technology,22.729999542236328,22.469999313354492,0.5154190918517273
2025-01-02,U,Technology,25.18000030517578,24.510000228881836,0.5333015433669417
2025-01-06,U,Technology,24.549999237060547,24.940000534057617,0.5179284310116499
2025-01-14,U,Technology,21.889999389648438,21.959999084472656,0.5366667325693361
2025-01-22,U,Technology,22.68000030517578,23.059999465942383,0.5001595944649445
2025-01-28,U,Technology,22.06999969482422,23.25,0.509419021348564
2025-02-10,U,Technology,21.34000015258789,20.399999618530273,0.5090810657475018
2025-02-21,U,Technology,29.329999923706055,28.34000015258789,0.5499660424166679
2025-02-26,U,Technology,25.989999771118164,26.510000228881836,0.5607911581597292
2025-03-12,U,Technology,21.649999618530273,21.510000228881836,0.5693498957300347
2025-04-01,U,Technology,19.799999237060547,20.190000534057617,0.5400670528087108
2025-04-08,U,Technology,18.1200008392334,16.75,0.9181470536116405
2025-04-14,U,Technology,19.719999313354492,18.15999984741211,0.5428450344398097
2025-04-17,U,Technology,19.260000228881836,19.229999542236328,0.5039312338305532
2025-04-23,U,Technology,21.09000015258789,20.950000762939453,0.5907963331997401
2025-05-01,U,Technology,21.940000534057617,21.190000534057617,0.5262789442701218
2025-05-08,U,Technology,21.024999618530273,20.649999618530273,0.5208893141803709
2025-05-27,U,Technology,21.139999389648438,21.809999465942383,0.5060253498329521
2025-05-29,U,Technology,24.780000686645508,23.770000457763672,0.5396487670070275
2025-06-06,U,Technology,25.209999084472656,25.1299991607666,0.5297724901794709
2025-06-24,U,Technology,23.969999313354492,24.040000915527344,0.5058766411125774
2025-07-17,U,Technology,34.849998474121094,36.52000045776367,0.554471908908578
2025-07-21,U,Technology,36.9900016784668,35.91999816894531,0.500681444423689
2025-07-25,U,Technology,33.650001525878906,32.77000045776367,0.5072607552495698
2025-07-28,U,Technology,32.9900016784668,33.4900016784668,0.5239141335530754
2025-07-31,U,Technology,33.5,33.36000061035156,0.6906993248910044
2025-08-04,U,Technology,32.220001220703125,34.0099983215332,0.5136477880418939
2025-08-07,U,Technology,32.779998779296875,33.56999969482422,0.5201618323172479
2025-09-05,U,Technology,42.20500183105469,43.81999969482422,0.5009975095167863
2025-09-10,U,Technology,45.869998931884766,43.099998474121094,0.5080613637750594
2025-10-03,U,Technology,39.470001220703125,37.88999938964844,0.5449266751888759
2025-10-06,U,Technology,38.5,37.529998779296875,0.5427334208455754
2025-10-13,U,Technology,37.0099983215332,37.13999938964844,0.509311477031669
2025-10-27,U,Technology,38.20000076293945,39.16999816894531,0.5038151184816821
2025-10-31,U,Technology,37.400001525878906,37.900001525878906,0.5003471727524758
2025-11-19,U,Technology,39.0099983215332,39.220001220703125,0.5319304030570571
2025-11-20,U,Technology,40.20000076293945,37.709999084472656,0.5380150386942381
2025-11-24,U,Technology,39.31999969482422,41.59000015258789,0.5061200840920171
2025-12-01,U,Technology,42.77000045776367,43.13999938964844,0.5709567570942101
2025-12-15,U,Technology,46.5,45.220001220703125,0.5191694468581252
2025-12-22,U,Technology,47.08000183105469,46.2400016784668,0.5000326417470384
2026-01-02,U,Technology,45.20000076293945,44.25,0.5234937084404839
2024-01-17,UAMY,Basic Materials,0.25999999046325684,0.23999999463558197,0.6628561323177887
2024-01-24,UAMY,Basic Materials,0.25,0.23000000417232513,0.8313342981343831
2024-01-29,UAMY,Basic Materials,0.23999999463558197,0.23999999463558197,0.6652287820394597
2024-02-13,UAMY,Basic Materials,0.23999999463558197,0.2199999988079071,0.7251977400805801
2024-02-15,UAMY,Basic Materials,0.25,0.2199999988079071,0.7063909738564903
2024-02-21,UAMY,Basic Materials,0.2199999988079071,0.2199999988079071,0.6869684870506669
2024-02-22,UAMY,Basic Materials,0.23000000417232513,0.2199999988079071,0.6391828881847778
2024-03-11,UAMY,Basic Materials,0.2800000011920929,0.23000000417232513,0.7085278710039148
2024-04-09,UAMY,Basic Materials,0.25999999046325684,0.25999999046325684,0.5813681235701653
2024-04-11,UAMY,Basic Materials,0.25999999046325684,0.25,0.6277310595439767
2024-04-15,UAMY,Basic Materials,0.25,0.23999999463558197,0.5658655124192933
2024-04-16,UAMY,Basic Materials,0.25,0.23999999463558197,0.6130444184926392
2024-04-18,UAMY,Basic Materials,0.25999999046325684,0.25,0.7980678754711507
2024-04-23,UAMY,Basic Materials,0.23999999463558197,0.23999999463558197,0.7820236977448694
2024-04-29,UAMY,Basic Materials,0.23999999463558197,0.2199999988079071,0.6885426879407844
2024-05-06,UAMY,Basic Materials,0.23000000417232513,0.2199999988079071,0.5631463462693662
2024-05-08,UAMY,Basic Materials,0.23000000417232513,0.2199999988079071,0.8268067941581916
2024-05-13,UAMY,Basic Materials,0.23000000417232513,0.2199999988079071,0.6781530972305448
2024-06-03,UAMY,Basic Materials,0.3700000047683716,0.3400000035762787,0.5776975632925541
2024-06-12,UAMY,Basic Materials,0.36000001430511475,0.3700000047683716,0.6327430446147155
2024-06-17,UAMY,Basic Materials,0.3799999952316284,0.3700000047683716,0.6048341596502311
2024-07-19,UAMY,Basic Materials,0.3100000023841858,0.3100000023841858,0.506073374462543
2024-07-29,UAMY,Basic Materials,0.3700000047683716,0.36000001430511475,0.6841863520958811
2024-08-01,UAMY,Basic Materials,0.38999998569488525,0.3700000047683716,0.5308503247339914
2024-08-02,UAMY,Basic Materials,0.3799999952316284,0.3400000035762787,0.666174953794498
2024-08-09,UAMY,Basic Materials,0.3499999940395355,0.36000001430511475,0.6128807571639957
2024-08-13,UAMY,Basic Materials,0.38999998569488525,0.3700000047683716,0.5305011965490016
2024-08-14,UAMY,Basic Materials,0.3799999952316284,0.3799999952316284,0.5242362055082165
2024-08-20,UAMY,Basic Materials,0.5899999737739563,0.6299999952316284,0.6090369705988652
2024-08-21,UAMY,Basic Materials,0.6499999761581421,0.7200000286102295,0.5160780000707742
2024-08-22,UAMY,Basic Materials,0.7300000190734863,0.6299999952316284,0.8248998468366183
2024-08-26,UAMY,Basic Materials,0.6600000262260437,0.6299999952316284,0.7120687405872883
2024-09-04,UAMY,Basic Materials,0.7200000286102295,0.7200000286102295,0.5479990343790729
2024-09-06,UAMY,Basic Materials,0.7400000095367432,0.699999988079071,0.5920412072270922
2024-09-17,UAMY,Basic Materials,0.699999988079071,0.6700000166893005,0.6298667194665053
2024-09-18,UAMY,Basic Materials,0.6800000071525574,0.6700000166893005,0.524828291544264
2024-09-19,UAMY,Basic Materials,0.699999988079071,0.699999988079071,0.7598873211860283
2024-09-23,UAMY,Basic Materials,0.800000011920929,0.7699999809265137,0.6169421761181855
2024-09-24,UAMY,Basic Materials,0.800000011920929,0.7799999713897705,0.577414981584824
2024-09-26,UAMY,Basic Materials,0.7900000214576721,0.7699999809265137,0.7023930679857836
2024-10-10,UAMY,Basic Materials,0.6899999976158142,0.6899999976158142,0.6224004451703222
2024-11-06,UAMY,Basic Materials,0.6299999952316284,0.6100000143051147,0.6787458585866003
2024-11-29,UAMY,Basic Materials,0.800000011920929,0.7599999904632568,0.5439549269768313
2024-12-02,UAMY,Basic Materials,0.7699999809265137,0.7099999785423279,0.5606821093492401
2024-12-04,UAMY,Basic Materials,1.149999976158142,1.0700000524520874,0.7426808980601558
2024-12-09,UAMY,Basic Materials,2.119999885559082,1.6200000047683716,0.8140812474313524
2024-12-12,UAMY,Basic Materials,1.600000023841858,1.6699999570846558,0.6635441731062682
2024-12-13,UAMY,Basic Materials,1.9900000095367432,1.9199999570846558,0.7095922447776918
2024-12-19,UAMY,Basic Materials,1.909999966621399,1.7599999904632568,0.8928405961881644
2024-12-31,UAMY,Basic Materials,1.840000033378601,1.7699999809265137,0.6792618568403564
2025-01-06,UAMY,Basic Materials,1.940000057220459,1.7899999618530273,0.6597654555515413
2025-01-17,UAMY,Basic Materials,1.8300000429153442,1.649999976158142,0.5831944938837159
2025-01-28,UAMY,Basic Materials,1.6799999475479126,1.6799999475479126,0.5463788057843245
2025-02-20,UAMY,Basic Materials,1.75,1.7000000476837158,0.5635022381340262
2025-02-24,UAMY,Basic Materials,1.6100000143051147,1.5,0.6811924800930199
2025-02-25,UAMY,Basic Materials,1.5199999809265137,1.4500000476837158,0.5343534838412419
2025-02-27,UAMY,Basic Materials,1.4600000381469727,1.3700000047683716,0.8807152135338858
2025-03-03,UAMY,Basic Materials,1.4199999570846558,1.2899999618530273,0.7876694088625632
2025-03-10,UAMY,Basic Materials,1.4600000381469727,1.2999999523162842,0.6837413849586729
2025-03-12,UAMY,Basic Materials,1.5,1.4700000286102295,0.7533638977803705
2025-03-19,UAMY,Basic Materials,1.7200000286102295,1.7999999523162842,0.5783408483021388
2025-03-20,UAMY,Basic Materials,1.8200000524520874,1.7899999618530273,0.6607143543701134
2025-03-25,UAMY,Basic Materials,2.359999895095825,2.2100000381469727,0.8079522463216451
2025-03-28,UAMY,Basic Materials,2.4000000953674316,2.2799999713897705,0.6765848682698541
2025-04-08,UAMY,Basic Materials,2.140000104904175,1.9500000476837158,0.9742210390793629
2025-04-15,UAMY,Basic Materials,3.200000047683716,3.259999990463257,0.5629062997793038
2025-04-16,UAMY,Basic Materials,3.3499999046325684,3.490000009536743,0.5038198913521181
2025-04-17,UAMY,Basic Materials,3.509999990463257,3.200000047683716,0.8230960762593376
2025-04-23,UAMY,Basic Materials,3.3299999237060547,3.440000057220459,0.572658595177893
2025-04-28,UAMY,Basic Materials,3.5399999618530273,3.359999895095825,0.6738286944388805
2025-05-01,UAMY,Basic Materials,3.2300000190734863,3.2200000286102295,0.5347724971230599
2025-05-05,UAMY,Basic Materials,3.450000047683716,3.4100000858306885,0.6782400114235501
2025-05-09,UAMY,Basic Materials,3.6500000953674316,3.2799999713897705,0.6744314447651648
2025-05-20,UAMY,Basic Materials,2.8499999046325684,2.619999885559082,0.8070657034441707
2025-05-28,UAMY,Basic Materials,2.5999999046325684,2.4200000762939453,0.6815382961846238
2025-05-29,UAMY,Basic Materials,2.450000047683716,2.4000000953674316,0.8481562544631552
2025-06-04,UAMY,Basic Materials,2.759999990463257,2.75,0.5426841323686185
2025-06-05,UAMY,Basic Materials,3.2799999713897705,3.0,0.8186603669757132
2025-06-09,UAMY,Basic Materials,3.5,3.049999952316284,0.6595585210195071
2025-06-20,UAMY,Basic Materials,2.9200000762939453,2.7300000190734863,0.6079873163159429
2025-06-25,UAMY,Basic Materials,2.640000104904175,2.5299999713897705,0.5124496310325162
2025-07-01,UAMY,Basic Materials,2.2300000190734863,1.9700000286102295,0.7935336133028532
2025-07-03,UAMY,Basic Materials,2.1600000858306885,2.2200000286102295,0.574324126343453
2025-07-08,UAMY,Basic Materials,2.2899999618530273,2.240000009536743,0.6997425771555914
2025-07-09,UAMY,Basic Materials,2.259999990463257,2.259999990463257,0.6429555054895439
2025-07-14,UAMY,Basic Materials,2.8299999237060547,2.990000009536743,0.5172358038867847
2025-07-21,UAMY,Basic Materials,4.070000171661377,3.5299999713897705,0.7807630540927782
2025-07-24,UAMY,Basic Materials,3.75,3.5999999046325684,0.5923753703721413
2025-08-05,UAMY,Basic Materials,3.5999999046325684,3.440000057220459,0.6208931083714428
2025-08-07,UAMY,Basic Materials,3.4800000190734863,3.5199999809265137,0.5364583490659861
2025-08-08,UAMY,Basic Materials,3.700000047683716,3.640000104904175,0.6749360185628649
2025-08-11,UAMY,Basic Materials,3.8499999046325684,3.7899999618530273,0.5120174727221797
2025-08-25,UAMY,Basic Materials,4.789999961853027,4.820000171661377,0.5785313965979049
2025-08-26,UAMY,Basic Materials,4.900000095367432,4.940000057220459,0.5471540512143009
2025-08-29,UAMY,Basic Materials,4.599999904632568,4.550000190734863,0.500900009632285
2025-09-03,UAMY,Basic Materials,4.380000114440918,4.309999942779541,0.5928387874644497
2025-09-05,UAMY,Basic Materials,4.650000095367432,4.510000228881836,0.6188926842887845
2025-09-23,UAMY,Basic Materials,7.070000171661377,7.300000190734863,0.5874465453245058
2025-09-24,UAMY,Basic Materials,7.869999885559082,6.670000076293945,0.7944640758560407
2025-09-26,UAMY,Basic Materials,6.460000038146973,6.25,0.51066187635117
2025-10-10,UAMY,Basic Materials,12.0,12.210000038146973,0.6901582667694925
2025-10-14,UAMY,Basic Materials,19.5,17.469999313354492,0.5551188838835727
2025-10-20,UAMY,Basic Materials,13.300000190734863,13.430000305175781,0.8121058237620716
2025-10-30,UAMY,Basic Materials,9.25,8.34000015258789,0.6503505987062062
2025-11-10,UAMY,Basic Materials,8.489999771118164,7.670000076293945,0.6921993951710709
2025-11-11,UAMY,Basic Materials,7.900000095367432,8.069999694824219,0.5372476997588304
2025-11-19,UAMY,Basic Materials,7.320000171661377,6.739999771118164,0.6521162712303299
2025-11-20,UAMY,Basic Materials,6.929999828338623,5.880000114440918,0.9051581518349768
2025-12-05,UAMY,Basic Materials,6.489999771118164,6.360000133514404,0.7391855845730292
2025-12-18,UAMY,Basic Materials,4.590000152587891,4.489999771118164,0.547177943016942
2025-12-19,UAMY,Basic Materials,4.519999980926514,4.820000171661377,0.5222008658032885
2025-12-22,UAMY,Basic Materials,5.139999866485596,5.590000152587891,0.6047134412929056
2025-12-23,UAMY,Basic Materials,5.630000114440918,6.03000020980835,0.5827923247030441
2025-12-30,UAMY,Basic Materials,5.639999866485596,5.179999828338623,0.7235141582447261
2026-01-02,UAMY,Basic Materials,5.199999809265137,5.929999828338623,0.5842457552642066
2026-01-05,UAMY,Basic Materials,6.400000095367432,6.869999885559082,0.62633845112589
2026-01-12,UAMY,Basic Materials,8.010000228881836,8.569999694824219,0.6548251473650786
2026-01-14,UAMY,Basic Materials,7.900000095367432,8.779999732971191,0.62330558573091
2024-01-25,UBER,Technology,64.27999877929688,66.0,0.6552916370478815
2024-02-22,UBER,Technology,79.58999633789062,78.02999877929688,0.501173949456172
2024-03-06,UBER,Technology,80.16999816894531,78.63999938964844,0.5198323770091151
2024-03-18,UBER,Technology,77.0,75.69999694824219,0.5168151980142174
2024-03-21,UBER,Technology,79.5999984741211,80.25,0.5037044234124286
2024-04-04,UBER,Technology,77.23999786376953,74.91999816894531,0.5256294656926467
2024-04-11,UBER,Technology,74.80000305175781,76.18000030517578,0.5039869548028679
2024-04-15,UBER,Technology,76.37999725341797,73.4000015258789,0.5135028717652228
2024-04-17,UBER,Technology,75.0,71.94000244140625,0.5365224862277628
2024-06-28,UBER,Technology,70.80999755859375,72.68000030517578,0.5328049545548107
2024-07-18,UBER,Technology,69.0,66.26000213623047,0.5185277296021109
2024-07-19,UBER,Technology,66.77999877929688,67.30999755859375,0.5403792341412796
2024-07-26,UBER,Technology,66.0999984741211,64.4000015258789,0.5438202622818694
2024-07-29,UBER,Technology,64.83499908447266,63.7599983215332,0.5721698707901838
2024-07-30,UBER,Technology,64.1500015258789,63.09000015258789,0.5633779908224015
2024-08-01,UBER,Technology,64.86000061035156,61.02000045776367,0.5442247278926005
2024-08-14,UBER,Technology,71.5999984741211,71.93000030517578,0.5000829965304838
2024-08-30,UBER,Technology,72.88999938964844,73.12999725341797,0.507265929729587
2024-09-09,UBER,Technology,70.94999694824219,69.80000305175781,0.536271773019106
2024-11-15,UBER,Technology,72.0999984741211,73.25,0.5332411379558933
2024-12-12,UBER,Technology,63.165000915527344,61.40999984741211,0.5060762935105009
2024-12-19,UBER,Technology,61.849998474121094,60.209999084472656,0.5484529491066961
2025-01-02,UBER,Technology,62.189998626708984,63.16999816894531,0.5369071671997239
2025-01-03,UBER,Technology,63.689998626708984,64.58999633789062,0.5266548567766948
2025-01-14,UBER,Technology,66.16000366210938,64.83999633789062,0.5266548567766948
2025-01-31,UBER,Technology,67.08999633789062,66.8499984741211,0.5186105624029468
2025-02-10,UBER,Technology,77.0999984741211,78.62999725341797,0.5219641747535388
2025-02-26,UBER,Technology,75.33000183105469,75.87000274658203,0.514369019968549
2025-03-03,UBER,Technology,77.05999755859375,74.44000244140625,0.5875725727304572
2025-03-12,UBER,Technology,72.30999755859375,71.19999694824219,0.5600341594292891
2025-03-17,UBER,Technology,72.0199966430664,72.7300033569336,0.5130173715577699
2025-03-19,UBER,Technology,71.91999816894531,73.0199966430664,0.5175276759343483
2025-04-08,UBER,Technology,69.30999755859375,65.06999969482422,0.9144848007216523
2025-04-17,UBER,Technology,73.9800033569336,75.23999786376953,0.5230083433352642
2025-04-23,UBER,Technology,76.92500305175781,73.7699966430664,0.5907963331997401
2025-06-06,UBER,Technology,85.4000015258789,85.5999984741211,0.5508179562303234
2025-06-16,UBER,Technology,84.8499984741211,85.12000274658203,0.5074767197698101
2025-07-17,UBER,Technology,91.20500183105469,90.5,0.5189171121986433
2025-07-24,UBER,Technology,91.05000305175781,90.87000274658203,0.5419141827999936
2025-08-04,UBER,Technology,87.69999694824219,88.43000030517578,0.5240581284076731
2025-08-07,UBER,Technology,90.72000122070312,92.66999816894531,0.5122043208687851
2025-10-09,UBER,Technology,99.96499633789062,96.0,0.5375964537960671
2025-10-20,UBER,Technology,93.0,93.69999694824219,0.5023636097012913
2025-10-24,UBER,Technology,95.1500015258789,94.06999969482422,0.5006568821986064
2025-10-27,UBER,Technology,94.91000366210938,96.41999816894531,0.5050785782015449
2025-11-03,UBER,Technology,97.66000366210938,99.72000122070312,0.5531451853836237
2025-11-20,UBER,Technology,90.19999694824219,83.36000061035156,0.5461475348556224
2025-11-21,UBER,Technology,83.97000122070312,83.87000274658203,0.570268859407756
2025-11-28,UBER,Technology,86.51000213623047,87.54000091552734,0.5017552652313014
2025-12-22,UBER,Technology,81.31999969482422,81.26000213623047,0.5291246144583052
2026-01-06,UBER,Technology,81.18000030517578,85.54000091552734,0.5062462585957155
2024-02-07,UNH,Healthcare,493.9226815372259,499.0924377441406,0.6833668912643159
2024-02-13,UNH,Healthcare,501.6003432895571,496.6515808105469,0.5762110523249702
2024-02-20,UNH,Healthcare,503.7240660466051,500.6971435546875,0.6044790348508278
2024-03-13,UNH,Healthcare,476.10285898928004,470.7776794433594,0.5449919543671857
2024-04-16,UNH,Healthcare,459.9439479149622,452.3420715332031,0.5411129855149606
2024-04-17,UNH,Healthcare,461.7094113856217,462.08563232421875,0.6025713138439165
2024-04-18,UNH,Healthcare,468.97362936011405,475.7748107910156,0.6197848241780488
2024-06-12,UNH,Healthcare,482.3541531868887,475.6687316894531,0.5881333907727953
2024-07-24,UNH,Healthcare,542.5284550859759,542.2862548828125,0.6203378528050585
2024-08-02,UNH,Healthcare,564.1618496312052,571.4278564453125,0.6318423948546984
2024-08-26,UNH,Healthcare,569.7033530183659,568.8120727539062,0.52875603737744
2024-09-19,UNH,Healthcare,567.5137365787089,561.0484008789062,0.6375159464864544
2024-10-25,UNH,Healthcare,550.4412353770713,548.8856811523438,0.5147913604429758
2024-11-06,UNH,Healthcare,587.1334402616646,580.1235961914062,0.5624428489803669
2024-12-06,UNH,Healthcare,565.9483547052441,534.3604125976562,0.5780981642990807
2024-12-18,UNH,Healthcare,476.69069469443224,487.7093505859375,0.7110439317002278
2025-01-07,UNH,Healthcare,506.3795223126915,501.8901062011719,0.5855061990334817
2025-01-13,UNH,Healthcare,522.1804263270486,528.1338500976562,0.5793834995241475
2025-01-27,UNH,Healthcare,527.0016492061889,530.4566040039062,0.7052018562993588
2025-02-12,UNH,Healthcare,526.8747789021097,514.7240600585938,0.6320407116057011
2025-02-27,UNH,Healthcare,454.96567660636504,457.2982177734375,0.7818783672554194
2025-03-18,UNH,Healthcare,492.2635924694371,493.7926025390625,0.5099131075500273
2025-04-03,UNH,Healthcare,519.4623982722622,529.704833984375,0.788123469369446
2025-04-08,UNH,Healthcare,570.6058145092978,542.0936889648438,0.8836936630417349
2025-04-15,UNH,Healthcare,580.4758843864321,571.9977416992188,0.5699380886803536
2025-05-14,UNH,Healthcare,315.06478679276836,301.8917541503906,0.6670199265391907
2025-05-20,UNH,Healthcare,314.545305654042,315.1921691894531,0.6591135348775014
2025-06-04,UNH,Healthcare,297.5105333632695,294.4132995605469,0.71713237924425
2025-06-09,UNH,Healthcare,298.98076902473423,297.1675109863281,0.5841698205721274
2025-06-20,UNH,Healthcare,305.5055674545465,298.11224365234375,0.5751372875649275
2025-07-03,UNH,Healthcare,305.841169621153,304.56781005859375,0.503370466913614
2025-07-21,UNH,Healthcare,280.9664532851321,278.49871826171875,0.5802566676139537
2025-07-25,UNH,Healthcare,277.3733939616759,277.4326171875,0.5603016559574354
2025-07-28,UNH,Healthcare,279.84113735419993,278.47894287109375,0.5415229145320639
2025-08-11,UNH,Healthcare,250.59352538217271,249.11288452148438,0.5011354893355567
2025-08-13,UNH,Healthcare,260.97778177309374,268.302001953125,0.5678764218229126
2025-08-20,UNH,Healthcare,302.4455792417313,295.9702453613281,0.5032618047304057
2025-08-22,UNH,Healthcare,302.1494822912276,303.45245361328125,0.557365842869302
2025-09-11,UNH,Healthcare,344.4958062816796,349.0462951660156,0.5356919928089429
2025-10-20,UNH,Healthcare,356.14547514647154,362.0458068847656,0.5360034053872803
2025-11-20,UNH,Healthcare,308.7342150670524,309.4593505859375,0.7433342685664047
2024-01-18,UPST,Financial Services,31.75,31.139999389648438,0.6749604300591534
2024-01-22,UPST,Financial Services,33.779998779296875,36.040000915527344,0.5413551646428955
2024-01-23,UPST,Financial Services,36.560001373291016,35.08000183105469,0.5043047575276854
2024-01-24,UPST,Financial Services,36.29999923706055,33.66999816894531,0.8656942855907576
2024-01-25,UPST,Financial Services,34.310001373291016,33.22999954223633,0.6896739279946376
2024-01-26,UPST,Financial Services,33.790000915527344,32.619998931884766,0.6145354758993509
2024-02-01,UPST,Financial Services,32.189998626708984,32.29999923706055,0.5703019679481496
2024-02-09,UPST,Financial Services,34.5,33.900001525878906,0.5040760511042885
2024-02-15,UPST,Financial Services,26.920000076293945,27.110000610351562,0.5079199506031854
2024-02-22,UPST,Financial Services,25.110000610351562,24.469999313354492,0.659027506370252
2024-02-29,UPST,Financial Services,26.200000762939453,25.75,0.5566607547148574
2024-03-08,UPST,Financial Services,27.149999618530273,27.34000015258789,0.5342618319783408
2024-03-11,UPST,Financial Services,27.5,26.270000457763672,0.6224806085593386
2024-03-12,UPST,Financial Services,26.489999771118164,25.299999237060547,0.5654386515481089
2024-03-21,UPST,Financial Services,27.010000228881836,26.34000015258789,0.7839991836103234
2024-03-26,UPST,Financial Services,26.600000381469727,26.579999923706055,0.5319092401712888
2024-04-04,UPST,Financial Services,26.440000534057617,25.100000381469727,0.5039599979281773
2024-04-17,UPST,Financial Services,22.739999771118164,22.440000534057617,0.5154376344239199
2024-05-03,UPST,Financial Services,24.670000076293945,24.149999618530273,0.5139843345870659
2024-05-13,UPST,Financial Services,26.239999771118164,27.43000030517578,0.5195902726047749
2024-05-24,UPST,Financial Services,23.350000381469727,23.350000381469727,0.5298834013859337
2024-05-28,UPST,Financial Services,23.709999084472656,23.510000228881836,0.5609749116367726
2024-05-31,UPST,Financial Services,24.799999237060547,24.719999313354492,0.5257066513732256
2024-06-03,UPST,Financial Services,25.479999542236328,24.1200008392334,0.5303520497647474
2024-06-12,UPST,Financial Services,25.920000076293945,24.979999542236328,0.6600868840269998
2024-06-13,UPST,Financial Services,25.15999984741211,23.06999969482422,0.5451850713159567
2024-06-28,UPST,Financial Services,23.83799934387207,23.59000015258789,0.5204818175277094
2024-07-08,UPST,Financial Services,23.40999984741211,23.219999313354492,0.5314640484010159
2024-07-10,UPST,Financial Services,24.639999389648438,24.81999969482422,0.6300865025877632
2024-07-11,UPST,Financial Services,26.100000381469727,26.920000076293945,0.6860754384865302
2024-07-22,UPST,Financial Services,28.149999618530273,27.649999618530273,0.5919484194354633
2024-07-25,UPST,Financial Services,25.15999984741211,25.760000228881836,0.6617965189411845
2024-07-26,UPST,Financial Services,26.985000610351562,26.110000610351562,0.6446675834765655
2024-07-29,UPST,Financial Services,26.309999465942383,26.049999237060547,0.6067788346350217
2024-07-30,UPST,Financial Services,26.31999969482422,26.030000686645508,0.621606933485522
2024-08-06,UPST,Financial Services,23.969999313354492,23.8700008392334,0.5404666480096995
2024-08-07,UPST,Financial Services,30.0,33.29999923706055,0.6981152848921008
2024-08-09,UPST,Financial Services,34.61000061035156,36.25,0.5017750225810848
2024-08-14,UPST,Financial Services,38.59000015258789,36.08000183105469,0.618586937811211
2024-08-26,UPST,Financial Services,42.439998626708984,43.150001525878906,0.531187174693531
2024-09-06,UPST,Financial Services,36.290000915527344,34.400001525878906,0.5329475391185062
2024-09-19,UPST,Financial Services,40.34000015258789,40.0,0.6431027818603512
2024-09-23,UPST,Financial Services,40.0,38.529998779296875,0.5182889352904753
2024-09-25,UPST,Financial Services,38.75,39.54999923706055,0.5027662479037246
2024-09-26,UPST,Financial Services,40.119998931884766,40.88999938964844,0.7301695564132225
2024-09-27,UPST,Financial Services,41.709999084472656,40.849998474121094,0.501948899017006
2024-10-21,UPST,Financial Services,53.810001373291016,52.540000915527344,0.5293358441085414
2024-10-24,UPST,Financial Services,51.400001525878906,51.09000015258789,0.5685249609346877
2024-11-05,UPST,Financial Services,48.2599983215332,50.599998474121094,0.5117794855171556
2024-11-06,UPST,Financial Services,53.689998626708984,53.97999954223633,0.5199091237871464
2024-11-13,UPST,Financial Services,70.20999908447266,67.80000305175781,0.5840933529439831
2024-11-25,UPST,Financial Services,77.19000244140625,79.5199966430664,0.5317823559046349
2024-11-27,UPST,Financial Services,80.0,78.43000030517578,0.5430972833670541
2024-12-06,UPST,Financial Services,74.5,77.16000366210938,0.5081384733998734
2024-12-09,UPST,Financial Services,77.65499877929688,76.38999938964844,0.5896166947263835
2024-12-11,UPST,Financial Services,76.04000091552734,78.4000015258789,0.5018588547920629
2024-12-12,UPST,Financial Services,78.87999725341797,77.08000183105469,0.5838207107414232
2024-12-18,UPST,Financial Services,83.69000244140625,73.31999969482422,0.7711888460453001
2024-12-19,UPST,Financial Services,75.54499816894531,67.2300033569336,0.6632564205988926
2024-12-31,UPST,Financial Services,64.20999908447266,61.56999969482422,0.6405546852150558
2025-01-06,UPST,Financial Services,65.08999633789062,63.52000045776367,0.6041307214879184
2025-01-21,UPST,Financial Services,64.0,64.01000213623047,0.5086379542997018
2025-01-31,UPST,Financial Services,68.1500015258789,64.74500274658203,0.5734100476734892
2025-02-06,UPST,Financial Services,65.47000122070312,65.13999938964844,0.6189093385044983
2025-02-12,UPST,Financial Services,83.44000244140625,88.7699966430664,0.5894017752488014
2025-02-18,UPST,Financial Services,83.30000305175781,86.88999938964844,0.5450559094916357
2025-02-21,UPST,Financial Services,80.2300033569336,71.7699966430664,0.7592215569287346
2025-02-24,UPST,Financial Services,72.24500274658203,70.5,0.6108333227154797
2025-02-26,UPST,Financial Services,68.3499984741211,68.77999877929688,0.5327639791637984
2025-02-27,UPST,Financial Services,70.88999938964844,66.7300033569336,0.8285270176544939
2025-03-03,UPST,Financial Services,68.08999633789062,61.689998626708984,0.7102422086733335
2025-03-12,UPST,Financial Services,50.5,49.65999984741211,0.7720073388593841
2025-04-08,UPST,Financial Services,40.72999954223633,35.88999938964844,0.9669229456850614
2025-04-14,UPST,Financial Services,40.5099983215332,39.959999084472656,0.6406010156229264
2025-04-23,UPST,Financial Services,45.0,43.97999954223633,0.8340654619232254
2025-05-08,UPST,Financial Services,48.029998779296875,47.93000030517578,0.5427903730740167
2025-05-12,UPST,Financial Services,50.90999984741211,52.959999084472656,0.6839889337467197
2025-05-29,UPST,Financial Services,47.95000076293945,46.689998626708984,0.8272859399567635
2025-06-05,UPST,Financial Services,50.95000076293945,51.380001068115234,0.5169624490686227
2025-06-06,UPST,Financial Services,53.38999938964844,54.33000183105469,0.534472467470783
2025-06-09,UPST,Financial Services,55.5099983215332,57.41999816894531,0.5645977545332969
2025-06-10,UPST,Financial Services,58.189998626708984,57.68000030517578,0.5665827391338116
2025-06-20,UPST,Financial Services,59.900001525878906,58.0099983215332,0.6314894799857435
2025-07-08,UPST,Financial Services,77.6500015258789,76.06999969482422,0.6611131093619952
2025-07-09,UPST,Financial Services,76.5,78.41999816894531,0.609317619995034
2025-07-21,UPST,Financial Services,79.08000183105469,76.68000030517578,0.567659222685186
2025-07-25,UPST,Financial Services,83.50499725341797,83.52999877929688,0.5279006058337126
2025-07-28,UPST,Financial Services,85.0,82.30000305175781,0.6598094549355303
2025-07-29,UPST,Financial Services,84.30000305175781,80.43000030517578,0.6731772532025919
2025-08-05,UPST,Financial Services,83.73999786376953,82.62000274658203,0.5581935641115977
2025-08-07,UPST,Financial Services,68.69999694824219,69.52999877929688,0.6097090164693867
2025-08-08,UPST,Financial Services,71.0199966430664,68.76000213623047,0.6130599655549959
2025-08-13,UPST,Financial Services,64.37999725341797,66.83000183105469,0.5363004443255763
2025-08-20,UPST,Financial Services,63.310001373291016,63.880001068115234,0.5698970136586041
2025-08-29,UPST,Financial Services,76.05000305175781,73.27999877929688,0.5593098043932847
2025-09-03,UPST,Financial Services,69.55000305175781,64.45999908447266,0.6157056324109604
2025-09-05,UPST,Financial Services,67.75,66.9000015258789,0.685735881449176
2025-09-11,UPST,Financial Services,62.900001525878906,62.189998626708984,0.5043470253018738
2025-09-15,UPST,Financial Services,64.43000030517578,66.9800033569336,0.5007344888970799
2025-09-18,UPST,Financial Services,69.0,68.05000305175781,0.5115246760961086
2025-09-24,UPST,Financial Services,63.22800064086914,60.61000061035156,0.5128089606476381
2025-10-01,UPST,Financial Services,54.685001373291016,52.130001068115234,0.7914289306568181
2025-10-03,UPST,Financial Services,53.31999969482422,51.959999084472656,0.5298465021440051
2025-10-06,UPST,Financial Services,52.869998931884766,52.61000061035156,0.5535647847457188
2025-10-15,UPST,Financial Services,52.04999923706055,51.06999969482422,0.5338631599430823
2025-10-20,UPST,Financial Services,47.41999816894531,50.220001220703125,0.6717158385623917
2025-10-24,UPST,Financial Services,53.970001220703125,52.689998626708984,0.5416292127993374
2025-10-27,UPST,Financial Services,54.5,52.7400016784668,0.678382024303654
2025-10-31,UPST,Financial Services,46.209999084472656,47.52000045776367,0.5416822002099034
2025-11-10,UPST,Financial Services,39.75,38.77000045776367,0.5748981210679807
2025-11-14,UPST,Financial Services,38.119998931884766,38.720001220703125,0.7523995235071943
2025-11-19,UPST,Financial Services,38.16999816894531,37.27000045776367,0.5108226766202294
2025-11-20,UPST,Financial Services,38.099998474121094,35.58000183105469,0.8967274682594897
2025-12-18,UPST,Financial Services,47.13999938964844,47.029998779296875,0.5246662355272022
2025-12-19,UPST,Financial Services,47.86000061035156,47.59000015258789,0.5530367404641998
2026-01-02,UPST,Financial Services,44.029998779296875,45.84000015258789,0.5541445716725937
2024-01-18,UUUU,Energy,7.699999809265137,7.599999904632568,0.6975130002603173
2024-01-23,UUUU,Energy,7.349999904632568,7.559999942779541,0.5379734694766928
2024-01-24,UUUU,Energy,7.599999904632568,7.480000019073486,0.8663970523171088
2024-02-01,UUUU,Energy,7.949999809265137,7.96999979019165,0.5362717803801007
2024-02-26,UUUU,Energy,6.079999923706055,6.320000171661377,0.5302567682315714
2024-03-04,UUUU,Energy,6.650000095367432,6.329999923706055,0.6200876914604093
2024-03-11,UUUU,Energy,6.130000114440918,6.119999885559082,0.5865628347599324
2024-03-21,UUUU,Energy,6.329999923706055,6.239999771118164,0.8225551754693864
2024-04-01,UUUU,Energy,6.340000152587891,6.53000020980835,0.5353878319617267
2024-04-17,UUUU,Energy,5.869999885559082,5.760000228881836,0.7310485712175957
2024-04-18,UUUU,Energy,5.900000095367432,5.849999904632568,0.7616921863787626
2024-04-24,UUUU,Energy,5.309999942779541,5.360000133514404,0.6068280435317213
2024-04-29,UUUU,Energy,5.449999809265137,5.510000228881836,0.6743379248622212
2024-05-01,UUUU,Energy,5.480000019073486,5.429999828338623,0.6160434159878886
2024-05-03,UUUU,Energy,5.659999847412109,5.539999961853027,0.5264169486132181
2024-05-13,UUUU,Energy,6.150000095367432,6.03000020980835,0.5417857612422962
2024-05-15,UUUU,Energy,6.210000038146973,6.159999847412109,0.5663123300546253
2024-05-16,UUUU,Energy,6.21999979019165,6.21999979019165,0.5673165344017616
2024-06-12,UUUU,Energy,5.949999809265137,5.940000057220459,0.7021477510013215
2024-06-20,UUUU,Energy,6.199999809265137,6.099999904632568,0.6700393092574468
2024-06-25,UUUU,Energy,5.78000020980835,5.570000171661377,0.6225711192221285
2024-07-08,UUUU,Energy,5.940000057220459,5.889999866485596,0.5102570851769274
2024-07-11,UUUU,Energy,6.53000020980835,6.650000095367432,0.5918928079624932
2024-07-18,UUUU,Energy,5.989999771118164,5.75,0.5473991667430501
2024-07-22,UUUU,Energy,5.670000076293945,5.710000038146973,0.6162103202501478
2024-07-26,UUUU,Energy,5.670000076293945,5.670000076293945,0.5489935655088878
2024-07-29,UUUU,Energy,5.71999979019165,5.5,0.6475343989368139
2024-08-06,UUUU,Energy,4.769999980926514,4.630000114440918,0.5792928708927281
2024-08-07,UUUU,Energy,4.699999809265137,4.449999809265137,0.789631656428709
2024-08-12,UUUU,Energy,4.489999771118164,4.590000152587891,0.5293910703800615
2024-08-23,UUUU,Energy,4.809999942779541,4.909999847412109,0.5347581223664295
2024-08-26,UUUU,Energy,4.960000038146973,4.869999885559082,0.5458808932910735
2024-08-29,UUUU,Energy,4.739999771118164,4.789999961853027,0.5014961854052329
2024-09-16,UUUU,Energy,4.760000228881836,4.670000076293945,0.606868838377442
2024-09-19,UUUU,Energy,4.900000095367432,4.949999809265137,0.6629761111894784
2024-09-26,UUUU,Energy,5.690000057220459,5.559999942779541,0.7363437463691784
2024-10-03,UUUU,Energy,5.96999979019165,5.610000133514404,0.5772361812734547
2024-10-07,UUUU,Energy,5.699999809265137,5.400000095367432,0.5027756461671096
2024-10-17,UUUU,Energy,6.71999979019165,6.639999866485596,0.5127717457647636
2024-10-21,UUUU,Energy,7.050000190734863,6.940000057220459,0.504797433467296
2024-10-25,UUUU,Energy,6.239999771118164,6.170000076293945,0.5197893411729912
2024-10-29,UUUU,Energy,6.539999961853027,6.420000076293945,0.5890946127788556
2024-11-06,UUUU,Energy,6.099999904632568,6.050000190734863,0.6037215073461903
2024-11-08,UUUU,Energy,6.400000095367432,6.309999942779541,0.5021309402666074
2024-11-13,UUUU,Energy,6.800000190734863,6.380000114440918,0.732028254862527
2024-11-15,UUUU,Energy,6.75,6.639999866485596,0.6653958687264007
2024-11-27,UUUU,Energy,6.980000019073486,6.800000190734863,0.5244396400908139
2024-12-02,UUUU,Energy,7.360000133514404,7.03000020980835,0.5321056649121814
2024-12-03,UUUU,Energy,7.099999904632568,6.980000019073486,0.5314600888134257
2024-12-04,UUUU,Energy,7.059999942779541,6.880000114440918,0.5366209751605958
2024-12-09,UUUU,Energy,6.829999923706055,6.369999885559082,0.5915210561876162
2024-12-10,UUUU,Energy,6.409999847412109,6.409999847412109,0.5326327984653685
2024-12-18,UUUU,Energy,5.579999923706055,5.349999904632568,0.7391049624057547
2024-12-19,UUUU,Energy,5.409999847412109,5.409999847412109,0.6388909319350589
2024-12-23,UUUU,Energy,5.349999904632568,5.400000095367432,0.5496342756843019
2025-01-06,UUUU,Energy,5.949999809265137,5.829999923706055,0.5411555949699652
2025-01-07,UUUU,Energy,5.860000133514404,5.449999809265137,0.6544337816394503
2025-01-14,UUUU,Energy,5.309999942779541,5.150000095367432,0.5833036370392842
2025-01-28,UUUU,Energy,5.269999980926514,5.269999980926514,0.551776031946319
2025-01-30,UUUU,Energy,5.590000152587891,5.539999961853027,0.5471318223474977
2025-02-04,UUUU,Energy,5.449999809265137,5.409999847412109,0.5179356852282004
2025-02-10,UUUU,Energy,5.260000228881836,5.070000171661377,0.5014660708889208
2025-02-11,UUUU,Energy,5.199999809265137,4.980000019073486,0.5589490406603914
2025-02-21,UUUU,Energy,4.909999847412109,4.639999866485596,0.7849803134274557
2025-02-24,UUUU,Energy,4.679999828338623,4.559999942779541,0.6700351679783543
2025-02-26,UUUU,Energy,4.449999809265137,4.440000057220459,0.6938693666691942
2025-02-28,UUUU,Energy,4.110000133514404,4.119999885559082,0.6989496807665772
2025-03-03,UUUU,Energy,4.150000095367432,3.799999952316284,0.7485833415291537
2025-03-12,UUUU,Energy,4.239999771118164,4.159999847412109,0.7611520390639506
2025-03-24,UUUU,Energy,4.440000057220459,4.289999961853027,0.500602890234552
2025-03-27,UUUU,Energy,4.21999979019165,4.019999980926514,0.6391287150943731
2025-04-08,UUUU,Energy,3.5899999141693115,3.440000057220459,0.9352294765934009
2025-04-14,UUUU,Energy,4.300000190734863,4.25,0.6430471634340192
2025-04-15,UUUU,Energy,4.320000171661377,4.130000114440918,0.5240684274653756
2025-04-17,UUUU,Energy,4.909999847412109,4.949999809265137,0.7157134027022731
2025-04-21,UUUU,Energy,5.079999923706055,4.489999771118164,0.7136719861493327
2025-04-22,UUUU,Energy,4.579999923706055,4.349999904632568,0.5482136629904917
2025-04-23,UUUU,Energy,4.449999809265137,4.480000019073486,0.6697948904655828
2025-05-01,UUUU,Energy,4.579999923706055,4.550000190734863,0.5416133580043165
2025-05-08,UUUU,Energy,4.800000190734863,4.760000228881836,0.5319236321007342
2025-05-09,UUUU,Energy,4.869999885559082,4.760000228881836,0.5519187791882721
2025-05-12,UUUU,Energy,4.800000190734863,4.659999847412109,0.8025004186374045
2025-05-27,UUUU,Energy,5.590000152587891,5.449999809265137,0.5053873849207581
2025-06-02,UUUU,Energy,4.949999809265137,4.869999885559082,0.6038312622901378
2025-06-03,UUUU,Energy,5.28000020980835,5.579999923706055,0.537612959485263
2025-06-06,UUUU,Energy,5.670000076293945,5.46999979019165,0.5796299666646773
2025-06-10,UUUU,Energy,5.699999809265137,5.360000133514404,0.5812568393198955
2025-06-11,UUUU,Energy,5.400000095367432,5.409999847412109,0.5361606385995679
2025-06-13,UUUU,Energy,5.579999923706055,5.619999885559082,0.5906700015583057
2025-06-17,UUUU,Energy,5.860000133514404,5.880000114440918,0.5919394230396994
2025-06-25,UUUU,Energy,5.699999809265137,5.610000133514404,0.522672381352404
2025-07-01,UUUU,Energy,5.809999942779541,5.75,0.6373889511309693
2025-07-21,UUUU,Energy,9.449999809265137,9.210000038146973,0.6853623442174528
2025-07-28,UUUU,Energy,10.300000190734863,10.039999961853027,0.744106298631885
2025-08-05,UUUU,Energy,9.800000190734863,9.920000076293945,0.5641320214168473
2025-08-08,UUUU,Energy,9.75,9.550000190734863,0.581750868126839
2025-08-13,UUUU,Energy,9.789999961853027,9.510000228881836,0.5113237411469829
2025-08-19,UUUU,Energy,10.449999809265137,8.470000267028809,0.6878426031822753
2025-08-22,UUUU,Energy,9.65999984741211,10.579999923706055,0.5161684490576467
2025-08-25,UUUU,Energy,10.75,10.930000305175781,0.5491184302172193
2025-08-28,UUUU,Energy,11.609999656677246,11.680000305175781,0.5574762393184035
2025-08-29,UUUU,Energy,12.239999771118164,11.5600004196167,0.6843401979770568
2025-09-18,UUUU,Energy,14.350000381469727,14.100000381469727,0.5197455098147804
2025-09-23,UUUU,Energy,15.800000190734863,16.670000076293945,0.5614749145666005
2025-09-24,UUUU,Energy,17.329999923706055,16.8700008392334,0.54720562612723
2025-09-26,UUUU,Energy,17.510000228881836,16.709999084472656,0.5354741500372024
2025-10-08,UUUU,Energy,18.0,18.0,0.5317983797246943
2025-10-10,UUUU,Energy,21.239999771118164,20.34000015258789,0.752726363468395
2025-10-15,UUUU,Energy,26.65999984741211,24.989999771118164,0.6884270677448465
2025-10-20,UUUU,Energy,22.329999923706055,22.579999923706055,0.6614342446425259
2025-10-23,UUUU,Energy,23.18000030517578,21.260000228881836,0.5336827537149155
2025-10-28,UUUU,Energy,19.709999084472656,20.030000686645508,0.5004677982477225
2025-10-30,UUUU,Energy,21.0,21.81999969482422,0.5976232852660301
2025-10-31,UUUU,Energy,22.299999237060547,20.510000228881836,0.6391712887681401
2025-11-10,UUUU,Energy,16.3799991607666,16.489999771118164,0.5969475762416034
2025-11-12,UUUU,Energy,15.899999618530273,15.819999694824219,0.5402714188486938
2025-11-19,UUUU,Energy,15.359999656677246,15.489999771118164,0.6181027932430879
2025-11-20,UUUU,Energy,15.989999771118164,13.210000038146973,0.8925118731089488
2025-11-26,UUUU,Energy,14.75,14.359999656677246,0.5049699933489131
2025-12-03,UUUU,Energy,15.350000381469727,15.100000381469727,0.5371469231763047
2025-12-05,UUUU,Energy,16.600000381469727,15.609999656677246,0.5159296865126269
2025-12-12,UUUU,Energy,16.0,14.569999694824219,0.5639590979916277
2025-12-15,UUUU,Energy,14.760000228881836,14.020000457763672,0.7245262863942835
2025-12-19,UUUU,Energy,14.4399995803833,15.069999694824219,0.5471125708604498
2025-12-30,UUUU,Energy,15.149999618530273,14.210000038146973,0.6933222951189767
2026-01-02,UUUU,Energy,14.65999984741211,16.68000030517578,0.5556436912281499
2026-01-05,UUUU,Energy,17.270000457763672,18.469999313354492,0.5757205824994741
2026-01-08,UUUU,Energy,19.530000686645508,18.59000015258789,0.5288411186296245
2026-01-12,UUUU,Energy,18.31999969482422,19.260000228881836,0.6201228017907285
2026-01-14,UUUU,Energy,19.559999465942383,20.90999984741211,0.5781691791317871
2024-02-07,V,Financial Services,275.30532177102106,275.315185546875,0.5643874941110661
2024-02-22,V,Financial Services,275.621242859487,280.13299560546875,0.512604270511863
2024-04-05,V,Financial Services,272.58051788719945,273.6072692871094,0.5737707842930565
2024-04-15,V,Financial Services,274.34768640066903,267.8219299316406,0.5014822921757086
2024-04-17,V,Financial Services,269.8161990506642,269.2139892578125,0.6677911153758477
2024-04-23,V,Financial Services,270.5171435515367,270.6158447265625,0.542475602635806
2024-04-24,V,Financial Services,278.96805971283686,271.5142822265625,0.5729471900312787
2024-06-12,V,Financial Services,273.7476194367676,267.3680725097656,0.6130669585218197
2024-07-22,V,Financial Services,264.31179058234994,264.7865295410156,0.5543972774911312
2024-07-26,V,Financial Services,252.7989137812878,256.62664794921875,0.5241143276226742
2024-07-30,V,Financial Services,260.35548339525775,260.2268981933594,0.6112940935851701
2024-08-07,V,Financial Services,256.8244906354326,253.71876525878906,0.8151173287279925
2024-09-19,V,Financial Services,288.4886138346245,282.6908874511719,0.676529357361554
2024-09-25,V,Financial Services,271.73967513574445,267.2204284667969,0.5939762100277194
2024-10-01,V,Financial Services,274.49476599193787,275.119140625,0.5085775121414657
2024-10-30,V,Financial Services,289.7274664880338,287.56695556640625,0.5204582943180434
2024-10-31,V,Financial Services,289.47967671149655,287.25970458984375,0.56722493293643
2024-11-06,V,Financial Services,303.5825274568053,304.6528625488281,0.6230595794394083
2024-12-19,V,Financial Services,309.63082403855225,312.6593322753906,0.6320524189261462
2025-01-14,V,Financial Services,306.5725577174601,306.91015625,0.5267416652826503
2025-01-31,V,Financial Services,344.0265128554702,339.3894348144531,0.5442102174955262
2025-03-12,V,Financial Services,334.1618965690233,331.0487365722656,0.788569471423175
2025-04-08,V,Financial Services,320.5057803033753,306.6109619140625,0.9198996332407884
2025-04-14,V,Financial Services,334.5995511231029,333.37615966796875,0.6239225196716917
2025-04-23,V,Financial Services,335.4250450938994,332.57049560546875,0.6734766641431105
2025-05-12,V,Financial Services,357.2072085072865,353.9349060058594,0.8959746861599168
2025-09-26,V,Financial Services,336.56335656214355,336.70306396484375,0.5100406884698943
2025-12-11,V,Financial Services,332.6000061035156,345.6300048828125,0.507201231278015
2024-01-24,VOO,Unknown,437.1243393004477,434.8525085449219,0.7517556414441913
2024-02-22,VOO,Unknown,451.65223108803946,454.9185791015625,0.5549795765559594
2024-03-21,VOO,Unknown,470.5677419197072,469.3294677734375,0.7618077105436614
2024-04-04,VOO,Unknown,470.6920722245274,461.184326171875,0.5315671149224115
2024-04-15,VOO,Unknown,463.1308791209657,453.4861755371094,0.5277379201811125
2024-04-17,VOO,Unknown,454.9534110887034,449.9452209472656,0.5170274971305625
2024-04-26,VOO,Unknown,455.16864737102475,457.0075988769531,0.5170520896495859
2024-05-23,VOO,Unknown,479.2118952591312,472.8831787109375,0.6794791505365617
2024-07-22,VOO,Unknown,498.93751639306373,500.42962646484375,0.562226930664366
2024-08-07,VOO,Unknown,476.78197929583496,467.8588562011719,0.765932499186606
2024-09-19,VOO,Unknown,515.242615680791,515.2720336914062,0.6562055359046157
2024-09-26,VOO,Unknown,519.9446028865656,518.0108032226562,0.6991411766505737
2024-10-17,VOO,Unknown,530.377538935577,527.1083374023438,0.5195550496301501
2024-11-06,VOO,Unknown,533.3612476397756,534.9859619140625,0.5009371790962989
2025-01-06,VOO,Unknown,541.6178373132151,540.9164428710938,0.5681749510062519
2025-02-10,VOO,Unknown,548.6908784184669,549.3922729492188,0.5072588325260752
2025-03-12,VOO,Unknown,510.6093063124816,507.517333984375,0.7746021922647255
2025-04-08,VOO,Unknown,475.49421836531945,452.75439453125,0.8664303422642728
2025-04-14,VOO,Unknown,495.6864705183345,491.1563720703125,0.604127166260418
2025-04-23,VOO,Unknown,492.35580332247525,487.776123046875,0.7074297627136334
2025-05-01,VOO,Unknown,510.63488828843447,508.8703918457031,0.582111964548298
2025-05-12,VOO,Unknown,529.8358773001077,531.2434692382812,0.8858899419370653
2025-05-29,VOO,Unknown,540.3929684461187,537.587646484375,0.7855540607338023
2025-07-31,VOO,Unknown,584.4995637453875,577.7281494140625,0.6230721105310602
2025-10-27,VOO,Unknown,625.968475034147,628.2221069335938,0.5137989553196157
2025-10-31,VOO,Unknown,628.0625937585746,625.2704467773438,0.5312348299303644
2025-11-10,VOO,Unknown,620.9327254539305,624.7020263671875,0.5105418572837657
2025-11-20,VOO,Unknown,616.9739140162726,598.2669067382812,0.8123389574325962
2025-12-15,VOO,Unknown,628.7805367860499,624.1935424804688,0.6099212642369786
2025-12-18,VOO,Unknown,621.2917429200417,620.2546997070312,0.5013286136222431
2024-01-24,VST,Utilities,39.512729540434485,38.62657165527344,0.7235266801233953
2024-01-25,VST,Utilities,39.12873165945571,39.8081169128418,0.6564475791460324
2024-03-06,VST,Utilities,58.35832421954305,59.963253021240234,0.6122095177681488
2024-03-07,VST,Utilities,60.26847522224883,60.73124694824219,0.6761536320117977
2024-03-21,VST,Utilities,67.03702290367588,67.55079650878906,0.7051501881415193
2024-04-04,VST,Utilities,73.66662291979391,69.69479370117188,0.5396196557900087
2024-04-09,VST,Utilities,74.00255948902037,68.6968994140625,0.5195453661568801
2024-04-15,VST,Utilities,69.98133126743508,67.40260314941406,0.5380122386759677
2024-04-17,VST,Utilities,67.79781427218893,67.82745361328125,0.676055149513069
2024-04-23,VST,Utilities,66.57265795335812,67.62983703613281,0.6101107323720562
2024-04-24,VST,Utilities,69.16126576053078,69.61575317382812,0.5108064884628896
2024-04-29,VST,Utilities,72.43160107990933,77.02588653564453,0.5974345734063305
2024-05-03,VST,Utilities,79.63426004535702,80.51359558105469,0.5794573166109614
2024-05-06,VST,Utilities,81.32376526507801,82.24262237548828,0.5137894640138626
2024-05-13,VST,Utilities,93.39734358350447,89.08958435058594,0.5077430815042725
2024-05-23,VST,Utilities,94.84972505051806,94.97816467285156,0.7496222062681397
2024-06-03,VST,Utilities,98.67335680823139,92.13267517089844,0.5201093231145248
2024-06-12,VST,Utilities,91.76712401043886,89.47492218017578,0.7110667491067106
2024-06-20,VST,Utilities,87.44906593706968,87.35991668701172,0.5757580458339764
2024-07-18,VST,Utilities,76.75072979316543,75.82948303222656,0.5677184426743496
2024-07-22,VST,Utilities,76.55260995184805,78.42481994628906,0.6007550186618069
2024-07-25,VST,Utilities,72.85772060360685,69.7175521850586,0.7422558829849681
2024-07-26,VST,Utilities,71.40156295179717,70.45059967041016,0.6704597625213353
2024-07-29,VST,Utilities,71.27277429191868,70.5694580078125,0.6351572364317482
2024-07-30,VST,Utilities,71.25296990480527,68.35054779052734,0.6372949934793004
2024-08-07,VST,Utilities,75.95826748567112,73.25395965576172,0.7986384382413152
2024-08-13,VST,Utilities,78.28614678378621,79.69277954101562,0.5191603801247108
2024-08-26,VST,Utilities,85.49762598492518,84.08108520507812,0.5425898064112161
2024-09-10,VST,Utilities,74.70022254051601,75.3639144897461,0.6991024277882508
2024-09-19,VST,Utilities,93.442141990662,91.86710357666016,0.6969153582852973
2024-09-25,VST,Utilities,113.37424694517246,118.23966979980469,0.5344875011420291
2024-09-26,VST,Utilities,119.15317733262582,113.3543930053711,0.7725226667468633
2024-10-03,VST,Utilities,127.49389695586542,131.51531982421875,0.5790497032579794
2024-10-07,VST,Utilities,138.87302066402242,130.34364318847656,0.5879801864915205
2024-10-17,VST,Utilities,138.49569859507253,126.37186431884766,0.5600215820908995
2024-11-06,VST,Utilities,124.28668945331646,125.2001953125,0.5348564841140178
2024-11-13,VST,Utilities,144.40370459445123,141.1170654296875,0.6988621874387546
2024-12-03,VST,Utilities,154.54164918812634,153.0720977783203,0.507808970615479
2024-12-04,VST,Utilities,157.8183758624005,160.17164611816406,0.5440530377902504
2024-12-11,VST,Utilities,144.9101218816837,144.96969604492188,0.5110081110131195
2024-12-18,VST,Utilities,140.25321449030375,131.95220947265625,0.7715716799469439
2024-12-19,VST,Utilities,133.66007715912392,136.23179626464844,0.7005664950862047
2025-01-06,VST,Utilities,164.26028463655823,163.05686950683594,0.6165403187562473
2025-01-14,VST,Utilities,165.77197840135963,169.58111572265625,0.5319001041161237
2025-01-21,VST,Utilities,178.32322667258092,184.34027099609375,0.5613476172681581
2025-01-22,VST,Utilities,191.93866715246716,185.84205627441406,0.5714752826490623
2025-01-28,VST,Utilities,141.405446594808,148.82481384277344,0.6521995377850175
2025-02-05,VST,Utilities,171.44093466160405,170.6751251220703,0.6097678272431208
2025-02-18,VST,Utilities,167.95004850267705,168.35781860351562,0.5252355449547129
2025-02-24,VST,Utilities,150.3763086024519,141.98228454589844,0.5923375895474771
2025-02-26,VST,Utilities,142.22099162048562,147.38272094726562,0.7212355784135819
2025-02-27,VST,Utilities,148.29769806727901,129.30174255371094,0.8356499512686881
2025-03-12,VST,Utilities,118.87884918786041,121.25582885742188,0.7567739322635283
2025-04-01,VST,Utilities,117.83893957871015,121.78417205810547,0.6024949347729053
2025-04-08,VST,Utilities,109.0518239801837,101.8089370727539,0.9770642389369745
2025-04-14,VST,Utilities,116.87255024091726,112.26978302001953,0.701167880703357
2025-04-17,VST,Utilities,117.39061798014086,114.9896011352539,0.7237568239644467
2025-04-23,VST,Utilities,121.54507052103679,119.55252838134766,0.6958455125226638
2025-05-01,VST,Utilities,137.15662504437762,136.7880096435547,0.5360335840687077
2025-05-08,VST,Utilities,140.6137053619647,140.3845672607422,0.520006137236507
2025-05-12,VST,Utilities,144.85779762701844,145.54522705078125,0.6922892531148505
2025-05-29,VST,Utilities,165.32121874114262,159.13436889648438,0.8353818227725931
2025-07-09,VST,Utilities,192.24471093473232,196.5241241455078,0.5554101136151964
2025-07-29,VST,Utilities,196.7136429678919,197.5116729736328,0.5801308298350033
2025-07-31,VST,Utilities,209.2227332132458,208.0256805419922,0.7180831063296044
2025-08-04,VST,Utilities,210.0307359608172,213.53207397460938,0.52269334411642
2025-08-11,VST,Utilities,203.09788632329042,199.58656311035156,0.5247322437404314
2025-08-25,VST,Utilities,191.0675967215655,189.6112060546875,0.5008665417269786
2025-09-30,VST,Utilities,198.91265269623102,195.64720153808594,0.5403800307683825
2025-10-02,VST,Utilities,203.7558923532988,202.36782836914062,0.5187344432707568
2025-10-07,VST,Utilities,201.28935340204708,199.34205627441406,0.5101608798120943
2025-10-08,VST,Utilities,201.29932434271325,206.2624053955078,0.527459679433643
2025-10-16,VST,Utilities,214.4909273154308,210.10704040527344,0.6438424450593155
2025-10-20,VST,Utilities,203.84578793255267,193.9695587158203,0.5876439110664737
2025-10-27,VST,Utilities,203.37643665595962,199.0225067138672,0.5757126970468578
2025-10-31,VST,Utilities,191.73267185443876,188.03782653808594,0.5517509192019344
2025-11-03,VST,Utilities,190.54431897388326,192.77120971679688,0.5984653697146186
2025-11-10,VST,Utilities,194.52876333653407,188.01783752441406,0.6008543078934853
2025-11-12,VST,Utilities,180.07891886621343,178.02178955078125,0.5374748660981534
2025-11-20,VST,Utilities,184.56267597351712,173.5480194091797,0.8868572829349434
2025-11-26,VST,Utilities,173.757728580842,176.5538330078125,0.5099952581874787
2025-12-15,VST,Utilities,172.71918039914652,168.01573181152344,0.7037305644142091
2025-12-18,VST,Utilities,165.42934474122464,165.93862915039062,0.516281527678766
2025-12-22,VST,Utilities,164.0,161.57000732421875,0.5291268866993745
2026-01-02,VST,Utilities,163.88999938964844,165.22999572753906,0.5334159099015188
2026-01-05,VST,Utilities,169.3699951171875,162.92999267578125,0.5088397473029279
2026-01-09,VST,Utilities,174.3300018310547,166.3699951171875,0.7173665329592401
2024-02-06,WWR,Basic Materials,0.5699999928474426,0.5299999713897705,0.6163980913390159
2024-02-07,WWR,Basic Materials,0.5400000214576721,0.5199999809265137,0.6332524972049131
2024-02-09,WWR,Basic Materials,0.5299999713897705,0.5199999809265137,0.5875268818921742
2024-02-15,WWR,Basic Materials,0.550000011920929,0.550000011920929,0.5052625514782701
2024-02-20,WWR,Basic Materials,0.550000011920929,0.5299999713897705,0.6149889332257791
2024-02-21,WWR,Basic Materials,0.5400000214576721,0.5,0.6473633369256738
2024-02-22,WWR,Basic Materials,0.5099999904632568,0.5,0.5799781745859053
2024-02-23,WWR,Basic Materials,0.5099999904632568,0.5,0.6752359254077964
2024-03-11,WWR,Basic Materials,0.5099999904632568,0.5,0.6019218283534418
2024-03-14,WWR,Basic Materials,0.5,0.4699999988079071,0.7566080648651314
2024-03-15,WWR,Basic Materials,0.49000000953674316,0.4699999988079071,0.7140774905643155
2024-03-18,WWR,Basic Materials,0.47999998927116394,0.47999998927116394,0.5074808545091156
2024-03-20,WWR,Basic Materials,0.5199999809265137,0.5299999713897705,0.6277219417658911
2024-03-22,WWR,Basic Materials,0.5099999904632568,0.5099999904632568,0.5706232852152188
2024-03-26,WWR,Basic Materials,0.5,0.5,0.5198626070567504
2024-04-01,WWR,Basic Materials,0.5099999904632568,0.49000000953674316,0.5505218514634681
2024-04-02,WWR,Basic Materials,0.5,0.49000000953674316,0.7257381266506818
2024-04-11,WWR,Basic Materials,0.47999998927116394,0.47999998927116394,0.6118733858364603
2024-04-16,WWR,Basic Materials,0.47999998927116394,0.46000000834465027,0.5855990288349409
2024-04-23,WWR,Basic Materials,0.4399999976158142,0.4300000071525574,0.7830042110254147
2024-04-29,WWR,Basic Materials,0.44999998807907104,0.4399999976158142,0.6672564103075818
2024-05-15,WWR,Basic Materials,0.5,0.47999998927116394,0.6022633456912125
2024-05-16,WWR,Basic Materials,0.5,0.47999998927116394,0.5841064708840363
2024-05-23,WWR,Basic Materials,0.47999998927116394,0.47999998927116394,0.8019832728659875
2024-05-29,WWR,Basic Materials,0.49000000953674316,0.4699999988079071,0.7848130238156895
2024-05-31,WWR,Basic Materials,0.49000000953674316,0.5,0.5224401961621139
2024-06-03,WWR,Basic Materials,0.5199999809265137,0.5699999928474426,0.5514057861962507
2024-06-04,WWR,Basic Materials,0.6000000238418579,0.5699999928474426,0.7226387934448256
2024-06-11,WWR,Basic Materials,0.5299999713897705,0.5099999904632568,0.6539871455368488
2024-06-12,WWR,Basic Materials,0.5199999809265137,0.5099999904632568,0.6952852958428634
2024-06-13,WWR,Basic Materials,0.5299999713897705,0.5099999904632568,0.5478986887923721
2024-06-17,WWR,Basic Materials,0.5,0.49000000953674316,0.6163747442851959
2024-06-26,WWR,Basic Materials,0.47999998927116394,0.47999998927116394,0.8088212345545507
2024-06-27,WWR,Basic Materials,0.5,0.47999998927116394,0.620263093680345
2024-06-28,WWR,Basic Materials,0.5199999809265137,0.47999998927116394,0.7441917810354467
2024-07-01,WWR,Basic Materials,0.5,0.47999998927116394,0.6720699350489611
2024-07-10,WWR,Basic Materials,0.47999998927116394,0.4699999988079071,0.5996022176578555
2024-07-11,WWR,Basic Materials,0.47999998927116394,0.46000000834465027,0.6316360711141688
2024-07-18,WWR,Basic Materials,0.5899999737739563,0.5099999904632568,0.7132202918742768
2024-07-19,WWR,Basic Materials,0.5199999809265137,0.5199999809265137,0.6082827546312012
2024-07-22,WWR,Basic Materials,0.5600000023841858,0.5299999713897705,0.5567564467496535
2024-07-24,WWR,Basic Materials,0.5400000214576721,0.5199999809265137,0.786583338373406
2024-07-26,WWR,Basic Materials,0.550000011920929,0.5199999809265137,0.6445097046591419
2024-07-30,WWR,Basic Materials,0.5400000214576721,0.5099999904632568,0.6773142166694421
2024-08-26,WWR,Basic Materials,0.5199999809265137,0.5400000214576721,0.5342672975855088
2024-09-06,WWR,Basic Materials,0.5299999713897705,0.5099999904632568,0.5679983482564374
2024-09-16,WWR,Basic Materials,0.5299999713897705,0.5099999904632568,0.5559641652691045
2024-09-17,WWR,Basic Materials,0.5299999713897705,0.5199999809265137,0.527442483747444
2024-09-18,WWR,Basic Materials,0.5400000214576721,0.5199999809265137,0.5078037847015063
2024-10-02,WWR,Basic Materials,0.5299999713897705,0.5099999904632568,0.5865922215948312
2024-10-07,WWR,Basic Materials,0.5199999809265137,0.5199999809265137,0.5924327376452708
2024-10-09,WWR,Basic Materials,0.5299999713897705,0.5199999809265137,0.5584474515990803
2024-10-16,WWR,Basic Materials,0.5299999713897705,0.5199999809265137,0.5128477290255722
2024-10-22,WWR,Basic Materials,0.6299999952316284,0.5899999737739563,0.7401848277218832
2024-10-24,WWR,Basic Materials,0.6899999976158142,0.6800000071525574,0.5575344571567696
2024-10-29,WWR,Basic Materials,0.6299999952316284,0.6200000047683716,0.5769266318579658
2024-11-01,WWR,Basic Materials,0.6299999952316284,0.6200000047683716,0.6355882319010354
2024-11-14,WWR,Basic Materials,0.5699999928474426,0.5600000023841858,0.6205952810581673
2024-11-15,WWR,Basic Materials,0.5899999737739563,0.550000011920929,0.8175379252181773
2024-11-26,WWR,Basic Materials,0.5600000023841858,0.5699999928474426,0.57594390980211
2024-11-29,WWR,Basic Materials,0.6200000047683716,0.5899999737739563,0.6468135160719939
2024-12-02,WWR,Basic Materials,0.6000000238418579,0.5799999833106995,0.583280511032412
2024-12-17,WWR,Basic Materials,0.5799999833106995,0.550000011920929,0.7695145041739418
2024-12-18,WWR,Basic Materials,0.5600000023841858,0.5299999713897705,0.7698201442554197
2024-12-19,WWR,Basic Materials,0.5400000214576721,0.5199999809265137,0.6892319960117809
2024-12-26,WWR,Basic Materials,0.6000000238418579,0.5799999833106995,0.5588804913284284
2025-01-06,WWR,Basic Materials,0.8299999833106995,0.800000011920929,0.5483687486775419
2025-01-07,WWR,Basic Materials,0.8299999833106995,0.8100000023841858,0.6937405100065029
2025-01-08,WWR,Basic Materials,0.8500000238418579,0.8399999737739563,0.5768981359196785
2025-01-10,WWR,Basic Materials,0.8500000238418579,0.8100000023841858,0.751501752883305
2025-01-17,WWR,Basic Materials,0.8100000023841858,0.7900000214576721,0.6480619445323237
2025-01-21,WWR,Basic Materials,0.800000011920929,0.7900000214576721,0.5125971237105479
2025-01-28,WWR,Basic Materials,1.059999942779541,0.9300000071525574,0.6350387846518503
2025-01-31,WWR,Basic Materials,0.9900000095367432,0.9399999976158142,0.615453681659403
2025-02-04,WWR,Basic Materials,0.9399999976158142,0.8999999761581421,0.5131027559491158
2025-02-05,WWR,Basic Materials,0.9100000262260437,0.8999999761581421,0.6016619804458584
2025-02-10,WWR,Basic Materials,1.059999942779541,0.9599999785423279,0.5195469584727251
2025-02-11,WWR,Basic Materials,0.9700000286102295,0.8899999856948853,0.5821025805488782
2025-02-12,WWR,Basic Materials,0.9200000166893005,0.9399999976158142,0.618490509975524
2025-02-14,WWR,Basic Materials,0.8999999761581421,0.8500000238418579,0.6139368462136376
2025-02-21,WWR,Basic Materials,0.8700000047683716,0.8500000238418579,0.7943629698353327
2025-02-25,WWR,Basic Materials,0.800000011920929,0.75,0.5071165049142837
2025-02-27,WWR,Basic Materials,0.7799999713897705,0.75,0.8737839218755815
2025-03-05,WWR,Basic Materials,0.699999988079071,0.6800000071525574,0.5324939487851302
2025-03-12,WWR,Basic Materials,0.6600000262260437,0.6399999856948853,0.7768784652490168
2025-03-26,WWR,Basic Materials,0.6100000143051147,0.5600000023841858,0.721694792131994
2025-03-27,WWR,Basic Materials,0.5699999928474426,0.5600000023841858,0.6969843462463611
2025-03-31,WWR,Basic Materials,0.5899999737739563,0.550000011920929,0.6284380390223597
2025-04-01,WWR,Basic Materials,0.5699999928474426,0.5699999928474426,0.7259023484856157
2025-04-02,WWR,Basic Materials,0.5799999833106995,0.5600000023841858,0.6998211836455571
2025-04-10,WWR,Basic Materials,0.5299999713897705,0.5199999809265137,0.7535848152404263
2025-04-11,WWR,Basic Materials,0.5400000214576721,0.5400000214576721,0.5442380016460574
2025-04-14,WWR,Basic Materials,0.5600000023841858,0.550000011920929,0.7008998269030591
2025-04-15,WWR,Basic Materials,0.5600000023841858,0.5400000214576721,0.5280017981060467
2025-04-17,WWR,Basic Materials,0.6200000047683716,0.550000011920929,0.8400740764697467
2025-04-28,WWR,Basic Materials,0.5199999809265137,0.5099999904632568,0.6326391636833715
2025-05-07,WWR,Basic Materials,0.5199999809265137,0.5,0.5285968957934055
2025-05-12,WWR,Basic Materials,0.5299999713897705,0.49000000953674316,0.8666850988419811
2025-05-15,WWR,Basic Materials,0.47999998927116394,0.47999998927116394,0.6024508474158258
2025-05-22,WWR,Basic Materials,0.47999998927116394,0.47999998927116394,0.5301260006846835
2025-05-23,WWR,Basic Materials,0.49000000953674316,0.4699999988079071,0.7511801747391711
2025-05-30,WWR,Basic Materials,0.49000000953674316,0.4699999988079071,0.6351519303543793
2025-06-02,WWR,Basic Materials,0.47999998927116394,0.47999998927116394,0.5587702008245058
2025-06-20,WWR,Basic Materials,0.6399999856948853,0.6600000262260437,0.5625750052812554
2025-06-30,WWR,Basic Materials,0.6100000143051147,0.6000000238418579,0.5856873513405371
2025-07-08,WWR,Basic Materials,0.6100000143051147,0.6000000238418579,0.7425039728694108
2025-07-09,WWR,Basic Materials,0.6299999952316284,0.6100000143051147,0.5806376261008267
2025-07-11,WWR,Basic Materials,0.6200000047683716,0.5899999737739563,0.7239941992881337
2025-07-14,WWR,Basic Materials,0.6000000238418579,0.6100000143051147,0.5508955842234575
2025-07-15,WWR,Basic Materials,0.6200000047683716,0.6200000047683716,0.5136648138534298
2025-07-21,WWR,Basic Materials,1.0299999713897705,0.9800000190734863,0.8628467381920065
2025-07-31,WWR,Basic Materials,0.7799999713897705,0.7099999785423279,0.7674581041440552
2025-08-04,WWR,Basic Materials,0.7599999904632568,0.7699999809265137,0.5047938449259365
2025-08-13,WWR,Basic Materials,0.7300000190734863,0.7300000190734863,0.5220462812886308
2025-08-22,WWR,Basic Materials,0.8299999833106995,0.7400000095367432,0.5682257455969343
2025-08-25,WWR,Basic Materials,0.7599999904632568,0.75,0.5859780930702898
2025-08-29,WWR,Basic Materials,0.7799999713897705,0.7900000214576721,0.5969378881217127
2025-09-03,WWR,Basic Materials,0.8100000023841858,0.800000011920929,0.6384497149998215
2025-09-05,WWR,Basic Materials,0.7799999713897705,0.7200000286102295,0.6167083546721466
2025-09-08,WWR,Basic Materials,0.7300000190734863,0.7200000286102295,0.5165048402501249
2025-09-10,WWR,Basic Materials,0.7099999785423279,0.6899999976158142,0.556255472532787
2025-09-16,WWR,Basic Materials,0.6899999976158142,0.6899999976158142,0.5011822451655694
2025-09-26,WWR,Basic Materials,1.0700000524520874,1.0099999904632568,0.765031808698487
2025-09-29,WWR,Basic Materials,1.0499999523162842,0.9800000190734863,0.5790258064598462
2025-10-07,WWR,Basic Materials,1.559999942779541,1.4600000381469727,0.7131399869618997
2025-10-08,WWR,Basic Materials,1.5099999904632568,1.5299999713897705,0.6546509972572179
2025-10-10,WWR,Basic Materials,2.1700000762939453,1.9800000190734863,0.7148936503614635
2025-10-16,WWR,Basic Materials,2.5,2.0999999046325684,0.8901218187972894
2025-10-31,WWR,Basic Materials,1.4600000381469727,1.3799999952316284,0.5136661647289718
2025-11-05,WWR,Basic Materials,1.1799999475479126,1.1799999475479126,0.5846133299466667
2025-11-20,WWR,Basic Materials,1.0399999618530273,0.8799999952316284,0.9040429600530566
2025-11-26,WWR,Basic Materials,0.8700000047683716,0.8799999952316284,0.5126369153089508
2025-12-01,WWR,Basic Materials,0.9900000095367432,0.8500000238418579,0.728548776196632
2025-12-03,WWR,Basic Materials,0.9200000166893005,0.8899999856948853,0.563208734779246
2025-12-05,WWR,Basic Materials,1.100000023841858,1.0399999618530273,0.7380912135840955
2025-12-16,WWR,Basic Materials,0.8799999952316284,0.9100000262260437,0.600758590026484
2025-12-18,WWR,Basic Materials,0.8500000238418579,0.8600000143051147,0.5065536321100811
2025-12-19,WWR,Basic Materials,0.8700000047683716,0.8700000047683716,0.5544795615604631
2025-12-22,WWR,Basic Materials,0.8899999856948853,0.8600000143051147,0.5513026458775825
2025-12-24,WWR,Basic Materials,0.8700000047683716,0.8600000143051147,0.5563290636677892
2026-01-05,WWR,Basic Materials,0.8600000143051147,0.8500000238418579,0.5643561283761842
2026-01-08,WWR,Basic Materials,0.9599999785423279,0.9100000262260437,0.5043698325318179
