Date,Ticker,Sector,Entry_BL,Entry_D,Exit,Return_BL,Return_D,Entry_Time_D
2024-01-18,ABAT,Industrials,2.880000114440918,2.8499999046325684,2.9614999294281006,-0.028298545746066342,-0.03912281702686835,15:30:00
2024-01-24,ABAT,Industrials,2.8299999237060547,2.7899999618530273,2.7100000381469727,0.04240278755977314,0.02867380817199773,15:30:00
2024-02-01,ABAT,Industrials,2.799999952316284,2.700000047683716,2.5299999713897705,0.09642856625878073,0.06296299010801333,15:30:00
2024-02-07,ABAT,Industrials,2.740000009536743,2.630000114440918,2.4800000190734863,0.0948905071380695,0.057034254311931265,15:30:00
2024-02-08,ABAT,Industrials,2.509999990463257,2.444999933242798,2.369999885559082,0.055776934436695264,0.030674866965842176,15:30:00
2024-02-09,ABAT,Industrials,2.4200000762939453,2.4649999141693115,2.369999885559082,0.020661235189477743,0.03853956670105762,15:30:00
2024-03-04,ABAT,Industrials,2.5,2.5850000381469727,2.490000009536743,0.0039999961853027345,0.03675049408445238,15:30:00
2024-03-11,ABAT,Industrials,2.059999942779541,2.0299999713897705,2.0,0.029126186624346982,0.01477831123772482,14:30:00
2024-03-12,ABAT,Industrials,2.049999952316284,2.005000114440918,1.9500000476837158,0.04878044241882981,0.027431453176020682,14:30:00
2024-03-21,ABAT,Industrials,2.130000114440918,1.9900000095367432,1.9600000381469727,0.07981223810336127,0.015075362435176206,14:30:00
2024-03-25,ABAT,Industrials,1.9199999570846558,1.815000057220459,1.7009999752044678,0.11406249311209331,0.06280996056307242,14:30:00
2024-03-26,ABAT,Industrials,1.7699999809265137,1.7299000024795532,1.7000000476837158,0.03954798530910498,0.017284209927152024,14:30:00
2024-03-27,ABAT,Industrials,1.7400000095367432,1.6200000047683716,1.5950000286102295,0.08333332191481907,0.015432084002812456,14:30:00
2024-04-01,ABAT,Industrials,1.7999999523162842,1.7599999904632568,1.7300000190734863,0.038888852831757144,0.017045438382004816,14:30:00
2024-04-03,ABAT,Industrials,1.7200000286102295,1.9299999475479126,1.7450000047683716,-0.014534869617614032,0.09585489523695874,14:30:00
2024-04-04,ABAT,Industrials,1.7300000190734863,1.7300000190734863,1.7000000476837158,0.01734102373353568,0.01734102373353568,14:30:00
2024-04-05,ABAT,Industrials,1.7999999523162842,1.7545000314712524,1.75,0.027777752022683674,0.0025648511772774934,14:30:00
2024-04-11,ABAT,Industrials,1.8300000429153442,1.7400000095367432,1.7599999904632568,0.03825139388552769,-0.011494241848790828,14:30:00
2024-04-15,ABAT,Industrials,1.7350000143051147,1.655900001525879,1.600000023841858,0.07780979213266792,0.03375806367081966,14:30:00
2024-04-16,ABAT,Industrials,1.6200000047683716,1.5099999904632568,1.4900000095367432,0.08024691040060576,0.013245020564786776,14:30:00
2024-04-17,ABAT,Industrials,1.5099999904632568,1.4600000381469727,1.4199999570846558,0.05960267148809036,0.027397315080268676,14:30:00
2024-04-18,ABAT,Industrials,1.440000057220459,1.4299999475479126,1.3550000190734863,0.0590278019231769,0.05244750435343171,14:30:00
2024-04-19,ABAT,Industrials,1.3799999952316284,1.3558000326156616,1.3350000381469727,0.03260866466677246,0.015341491347039441,14:30:00
2024-04-23,ABAT,Industrials,1.350000023841858,1.3300000429153442,1.2740000486373901,0.05629627693500736,0.04210525749698683,14:30:00
2024-04-24,ABAT,Industrials,1.2899999618530273,1.3345999717712402,1.3550000190734863,-0.05038764274619768,-0.015285514561469513,14:30:00
2024-04-26,ABAT,Industrials,1.399999976158142,1.350000023841858,1.3300000429153442,0.049999953167778305,0.014814800424667634,14:30:00
2024-05-01,ABAT,Industrials,1.309999942779541,1.3049999475479126,1.309999942779541,0.0,-0.0038314141245931695,14:30:00
2024-05-15,ABAT,Industrials,1.3300000429153442,1.3049999475479126,1.312000036239624,0.0135338391691059,-0.005364052852925054,14:30:00
2024-05-16,ABAT,Industrials,1.350000023841858,1.2999999523162842,1.3200000524520874,0.02222220063700145,-0.0153846929764635,14:30:00
2024-05-21,ABAT,Industrials,1.4600000381469727,1.4199999570846558,1.4119999408721924,0.03287677809632241,0.005633814404394692,14:30:00
2024-05-22,ABAT,Industrials,1.4500000476837158,1.434999942779541,1.4500000476837158,0.0,-0.010453035193242005,14:30:00
2024-05-28,ABAT,Industrials,1.4500000476837158,1.434999942779541,1.371999979019165,0.05379314903413348,0.04390241552090059,14:30:00
2024-05-29,ABAT,Industrials,1.399999976158142,1.3550000190734863,1.350000023841858,0.03571425226269879,0.0036900333293332973,14:30:00
2024-05-31,ABAT,Industrials,1.3799999952316284,1.3799999952316284,1.3799999952316284,0.0,0.0,14:30:00
2024-06-03,ABAT,Industrials,1.399999976158142,1.4149999618530273,1.4079999923706055,-0.0057142973919306035,0.004946975032603531,14:30:00
2024-06-12,ABAT,Industrials,1.2699999809265137,1.2300000190734863,1.2000000476837158,0.055118058499284556,0.02439022026387315,14:30:00
2024-06-13,ABAT,Industrials,1.25,1.1996999979019165,1.1699999570846558,0.06400003433227539,0.024756223113446166,14:30:00
2024-06-17,ABAT,Industrials,1.0700000524520874,1.0700000524520874,1.0299999713897705,0.03738325149671712,0.03738325149671712,14:30:00
2024-06-18,ABAT,Industrials,1.0499999523162842,1.0549999475479126,1.0,0.047619004368509764,0.05213265429609397,14:30:00
2024-06-20,ABAT,Industrials,1.0499999523162842,1.0399999618530273,1.0499999523162842,0.0,-0.009615375798129148,14:30:00
2024-06-21,ABAT,Industrials,1.0499999523162842,1.0405999422073364,1.0449999570846558,0.004761900436850977,-0.004228344341424772,14:30:00
2024-06-25,ABAT,Industrials,1.0499999523162842,1.0549999475479126,1.059999942779541,-0.009523800873701953,-0.004739332208735816,14:30:00
2024-06-26,ABAT,Industrials,1.0800000429153442,1.149999976158142,1.1200000047683716,-0.0370370002440479,0.026086932184114293,14:30:00
2024-06-28,ABAT,Industrials,1.2599999904632568,1.2640000581741333,1.238700032234192,0.016904728881175397,0.020015842385709748,14:30:00
2024-07-05,ABAT,Industrials,1.059999942779541,1.0104999542236328,1.0,0.05660372265889812,0.010390850766242665,14:30:00
2024-07-11,ABAT,Industrials,1.100000023841858,1.100000023841858,1.0800000429153442,0.018181800448205245,0.018181800448205245,14:30:00
2024-07-25,ABAT,Industrials,0.9800000190734863,0.9800000190734863,1.0,-0.02040814340536656,-0.02040814340536656,14:30:00
2024-08-12,ABAT,Industrials,1.0299999713897705,1.0099999904632568,1.034999966621399,-0.004854364437391164,-0.024752451875445412,14:30:00
2024-08-27,ABAT,Industrials,1.090000033378601,1.1100000143051147,1.100000023841858,-0.00917430289635912,0.009009000301245093,14:30:00
2024-08-28,ABAT,Industrials,1.1200000047683716,1.1200000047683716,1.0800000429153442,0.03571425150243618,0.03571425150243618,14:30:00
2024-08-30,ABAT,Industrials,1.1100000143051147,1.0914000272750854,1.100000023841858,0.009009000301245093,-0.007879784086357592,14:30:00
2024-09-10,ABAT,Industrials,1.0299999713897705,1.0199999809265137,1.034999966621399,-0.004854364437391164,-0.014705868603311214,14:30:00
2024-09-18,ABAT,Industrials,1.0099999904632568,1.0046000480651855,0.9900000095367432,0.01980196150035633,0.014533185178082959,14:30:00
2024-09-19,ABAT,Industrials,1.0,1.0,1.0,0.0,0.0,14:30:00
2024-09-20,ABAT,Industrials,1.059999942779541,1.065000057220459,1.0199999809265137,0.03773581510593208,0.04225359049406147,14:30:00
2024-09-25,ABAT,Industrials,0.875,0.8400999903678894,0.8129000067710876,0.07097142083304268,0.03237707881045276,14:30:00
2024-10-07,ABAT,Industrials,1.0299999713897705,1.059999942779541,1.0499999523162842,-0.019417457749564656,0.00943395377648302,14:30:00
2024-10-10,ABAT,Industrials,1.0,1.0159000158309937,1.0049999952316284,-0.004999995231628418,0.010729422610008674,14:30:00
2024-10-14,ABAT,Industrials,1.0199999809265137,0.9987000226974487,1.0099999904632568,0.009803912402207475,-0.01131467658855894,14:30:00
2024-10-17,ABAT,Industrials,1.0499999523162842,1.0312999486923218,1.0399999618530273,0.009523800873701953,-0.008435967801353134,14:30:00
2024-10-18,ABAT,Industrials,1.0499999523162842,1.0267000198364258,1.0099999904632568,0.038095203494807814,0.0162657339539446,14:30:00
2024-10-22,ABAT,Industrials,1.0199999809265137,0.9998000264167786,1.0099999904632568,0.009803912402207475,-0.010202004177809748,14:30:00
2024-10-24,ABAT,Industrials,1.0099999904632568,0.9951000213623047,1.0199999809265137,-0.009900980750178165,-0.025022569620811203,14:30:00
2024-10-30,ABAT,Industrials,1.0099999904632568,1.0099999904632568,1.0049999952316284,0.004950490375089082,0.004950490375089082,14:30:00
2024-10-31,ABAT,Industrials,1.0099999904632568,0.9800000190734863,0.9965999722480774,0.013267344892778915,-0.01693872739950049,14:30:00
2024-11-01,ABAT,Industrials,1.0099999904632568,1.0098999738693237,0.9991000294685364,0.010792040690734039,0.010694073354025866,14:30:00
2024-11-11,ABAT,Industrials,1.0,0.9753000140190125,0.9535999894142151,0.04640001058578491,0.02224958914475556,15:30:00
2024-11-14,ABAT,Industrials,0.9901000261306763,0.9776999950408936,0.9552000164985657,0.03524897354916784,0.023013172400994836,15:30:00
2024-11-18,ABAT,Industrials,0.8600000143051147,0.8500000238418579,0.8001000285148621,0.06965114510916867,0.05870587520863378,15:30:00
2024-11-19,ABAT,Industrials,0.8050000071525574,0.7799999713897705,0.7896999716758728,0.01900625508166614,-0.012435898258841279,15:30:00
2024-12-03,ABAT,Industrials,0.8962000012397766,0.8575000166893005,0.9160000085830688,-0.022093290912632773,-0.06822156356291327,15:30:00
2024-12-17,ABAT,Industrials,0.883400022983551,0.8600000143051147,0.8729000091552734,0.011885910748355391,-0.01499999376230472,15:30:00
2024-12-18,ABAT,Industrials,1.1698999404907227,0.9779000282287598,0.8840000033378601,0.24437982023739555,0.09602211082964981,15:30:00
2024-12-27,ABAT,Industrials,3.609999895095825,3.190000057220459,3.365000009536743,0.06786700628216463,-0.05485891823737671,15:30:00
2025-01-02,ABAT,Industrials,2.5299999713897705,2.3350000381469727,2.139899969100952,0.1541897259684671,0.08355463205938511,15:30:00
2025-01-14,ABAT,Industrials,1.899999976158142,1.8650000095367432,1.815000057220459,0.0447368000022587,0.026809625769762823,15:30:00
2025-01-17,ABAT,Industrials,2.049999952316284,1.940000057220459,1.9900000095367432,0.029268265451297886,-0.025773170536871923,15:30:00
2025-02-07,ABAT,Industrials,1.350000023841858,1.3550000190734863,1.302299976348877,0.0353333678893095,0.03889301991349365,15:30:00
2025-02-10,ABAT,Industrials,1.315000057220459,1.291200041770935,1.2699999809265137,0.034220588848538035,0.0164188817832941,15:30:00
2025-02-14,ABAT,Industrials,1.3300000429153442,1.2937999963760376,1.3799999952316284,-0.03759394789693757,-0.06662544372935456,15:30:00
2025-02-24,ABAT,Industrials,1.0,1.0099999904632568,1.0149999856948853,-0.014999985694885254,-0.004950490375089082,15:30:00
2025-02-25,ABAT,Industrials,1.0199999809265137,0.9639999866485596,0.975600004196167,0.043529389765297945,-0.012033213390319661,15:30:00
2025-02-27,ABAT,Industrials,1.0399999618530273,0.9900000095367432,0.989799976348877,0.04826921860141822,0.00020205372317098634,15:30:00
2025-03-10,ABAT,Industrials,1.0199999809265137,0.9793000221252441,0.9509999752044678,0.06764706569834439,0.02889823984621235,14:30:00
2025-03-12,ABAT,Industrials,1.0199999809265137,1.0276999473571777,0.9900000095367432,0.029411737206622428,0.03668379853223047,14:30:00
2025-03-25,ABAT,Industrials,1.0299999713897705,1.0700000524520874,1.065000057220459,-0.03398066679891568,0.00467289251077145,14:30:00
2025-04-08,ABAT,Industrials,0.9997000098228455,1.0009000301361084,0.9186000227928162,0.08112432353021667,0.08222600146400294,14:30:00
2025-04-14,ABAT,Industrials,1.0295000076293945,1.059999942779541,1.0399999618530273,-0.010199081248975228,0.01886790755296604,14:30:00
2025-04-17,ABAT,Industrials,1.090000033378601,1.090000033378601,1.1699999570846558,-0.07339442317087295,-0.07339442317087295,14:30:00
2025-04-21,ABAT,Industrials,1.179900050163269,1.1299999952316284,1.1150000095367432,0.05500469350564509,0.013274323679807222,14:30:00
2025-04-22,ABAT,Industrials,1.149999976158142,1.1511000394821167,1.0850000381469727,0.056521686398914306,0.05742333339236321,14:30:00
2025-04-23,ABAT,Industrials,1.1200000047683716,1.1504000425338745,1.100000023841858,0.01785712575121809,0.043810863029008044,14:30:00
2025-05-12,ABAT,Industrials,1.409999966621399,1.367900013923645,1.3300000429153442,0.056737535886435646,0.027706682230077325,14:30:00
2025-05-20,ABAT,Industrials,1.440000057220459,1.4249999523162842,1.3849999904632568,0.03819448928589996,0.02807014960808167,14:30:00
2025-05-29,ABAT,Industrials,1.3899999856948853,1.3600000143051147,1.340000033378601,0.03597118908694688,0.014705868173635691,14:30:00
2025-06-03,ABAT,Industrials,1.399999976158142,1.4850000143051147,1.475000023841858,-0.053571463543542176,0.006734000247088343,14:30:00
2025-06-05,ABAT,Industrials,1.524999976158142,1.5049999952316284,1.4600000381469727,0.042622910837625455,0.029900303805469448,14:30:00
2025-06-09,ABAT,Industrials,1.4800000190734863,1.4299999475479126,1.4600000381469727,0.013513500451867638,-0.02097908510451529,14:30:00
2025-06-20,ABAT,Industrials,1.3600000143051147,1.329200029373169,1.2699999809265137,0.06617649443524906,0.04453810347459377,14:30:00
2025-06-25,ABAT,Industrials,1.2599999904632568,1.2450000047683716,1.2699999809265137,-0.007936500427734288,-0.020080302058145982,14:30:00
2025-06-30,ABAT,Industrials,1.5490000247955322,1.600000023841858,1.6150000095367432,-0.04260812374739821,-0.009374990919605032,14:30:00
2025-07-07,ABAT,Industrials,1.899999976158142,1.909999966621399,1.8799999952316284,0.0105263058828844,0.01570679157803206,14:30:00
2025-07-08,ABAT,Industrials,1.8899999856948853,1.9600000381469727,1.9550000429153442,-0.034391564927213895,0.00255101792567082,14:30:00
2025-07-09,ABAT,Industrials,1.9900000095367432,1.8250000476837158,1.7999999523162842,0.09547741523111326,0.013698682035193194,14:30:00
2025-07-18,ABAT,Industrials,2.4800000190734863,2.299999952316284,2.3949999809265137,0.03427420866663065,-0.041304361121641264,14:30:00
2025-07-21,ABAT,Industrials,2.7100000381469727,2.7999000549316406,2.569999933242798,0.05166055458800038,0.08211011721075728,14:30:00
2025-07-25,ABAT,Industrials,3.740000009536743,3.174999952316284,3.1500000953674316,0.15775398734354337,0.007873970810807158,14:30:00
2025-08-04,ABAT,Industrials,2.380000114440918,2.4549999237060547,2.2850000858306885,0.0399159764883229,0.06924637195863345,14:30:00
2025-08-07,ABAT,Industrials,2.190000057220459,2.2850000858306885,2.075000047683716,0.052511418507769726,0.09190373315484113,14:30:00
2025-08-11,ABAT,Industrials,2.2799999713897705,2.2207999229431152,2.244999885559082,0.015350915030649859,-0.010896957607912646,14:30:00
2025-08-13,ABAT,Industrials,2.380000114440918,2.370300054550171,2.4649999141693115,-0.035714199849255356,-0.03995268845281806,14:30:00
2025-09-05,ABAT,Industrials,2.5299999713897705,2.403899908065796,2.4100000858306885,0.04743078534232715,-0.0025376172046201574,14:30:00
2025-09-08,ABAT,Industrials,2.4549999237060547,2.4600000381469727,2.384999990463257,0.028513211982966715,0.03048782378890148,14:30:00
2025-09-26,ABAT,Industrials,4.460000038146973,4.355000019073486,4.385000228881836,0.01681610058826309,-0.006888681900564507,14:30:00
2025-09-30,ABAT,Industrials,5.25,4.914999961853027,4.849999904632568,0.07619049435570127,0.013224833718198648,14:30:00
2025-10-02,ABAT,Industrials,5.239999771118164,5.2368998527526855,5.03000020980835,0.04007625390888187,0.03950803887066558,14:30:00
2025-10-10,ABAT,Industrials,6.389999866485596,6.949999809265137,6.757199764251709,-0.057464773934035734,0.027741014432317457,14:30:00
2025-10-15,ABAT,Industrials,11.404999732971191,10.135000228881836,8.9350004196167,0.21657162395312188,0.11840155719439278,14:30:00
2025-10-20,ABAT,Industrials,6.014999866485596,5.7399001121521,6.704999923706055,-0.11471322901684579,-0.16813878163327545,14:30:00
2025-11-10,ABAT,Industrials,4.645999908447266,4.269999980926514,4.269999980926514,0.08092981810807105,0.0,15:30:00
2025-11-12,ABAT,Industrials,4.130000114440918,4.259900093078613,4.360000133514404,-0.055690075714349384,-0.02349821316195449,15:30:00
2025-11-19,ABAT,Industrials,3.819999933242798,4.125,4.014999866485596,-0.051047103835225045,0.026666699033794983,15:30:00
2025-11-20,ABAT,Industrials,4.150000095367432,3.933300018310547,3.509999990463257,0.15421688920407378,0.10761956267681513,15:30:00
2025-11-21,ABAT,Industrials,3.5399999618530273,3.289900064468384,3.369999885559082,0.0480226209395093,-0.024347189738616454,15:30:00
2025-11-26,ABAT,Industrials,3.619999885559082,3.505000114440918,3.5899999141693115,0.008287285176291445,-0.024251011969496573,15:30:00
2025-12-15,ABAT,Industrials,4.170000076293945,3.990000009536743,3.9100000858306885,0.06235011647633584,0.02005010614407067,15:30:00
2025-12-18,ABAT,Industrials,3.75,3.7950000762939453,3.75,0.0,0.011857727375302374,15:30:00
2025-12-26,ABAT,Industrials,4.03000020980835,3.884999990463257,3.825000047683716,0.05086852393349696,0.01544400075336589,15:30:00
2025-12-30,ABAT,Industrials,3.5299999713897705,3.4049999713897705,3.365000009536743,0.04674219920406017,0.011747419145117092,15:30:00
2026-01-02,ABAT,Industrials,3.4200000762939453,3.502000093460083,3.7100000381469727,-0.08479530859171307,-0.0593946142592416,15:30:00
2026-01-05,ABAT,Industrials,3.869999885559082,4.229899883270264,4.664999961853027,-0.20542638237806954,-0.1028629732593989,15:30:00
2026-01-14,ABAT,Industrials,4.889999866485596,4.885000228881836,5.300000190734863,-0.08384464937499714,-0.08495392884516195,15:30:00
2024-01-18,ABNB,Consumer Cyclical,137.0,138.94000244140625,137.0500030517578,-0.00036498577925410587,0.013602989466230129,15:30:00
2024-01-24,ABNB,Consumer Cyclical,143.80999755859375,143.0500030517578,141.1699981689453,0.018357551174929963,0.013142291805001106,15:30:00
2024-01-25,ABNB,Consumer Cyclical,143.1999969482422,141.57000732421875,142.13119506835938,0.007463700437571359,-0.003964029915287157,15:30:00
2024-02-22,ABNB,Consumer Cyclical,151.02000427246094,153.08999633789062,155.30999755859375,-0.028406788271526415,-0.014501282081183658,15:30:00
2024-03-14,ABNB,Consumer Cyclical,165.74000549316406,164.35000610351562,166.47000122070312,-0.004404463034539788,-0.01289927008492001,14:30:00
2024-03-21,ABNB,Consumer Cyclical,165.80999755859375,167.7949981689453,168.17999267578125,-0.014293439189937831,-0.0022944337497373055,14:30:00
2024-04-04,ABNB,Consumer Cyclical,161.22000122070312,162.72500610351562,158.8800048828125,0.01451430542223649,0.023628828246945476,14:30:00
2024-04-09,ABNB,Consumer Cyclical,161.5500030517578,160.7550048828125,162.66000366210938,-0.006870941438459383,-0.011850323295909728,14:30:00
2024-04-15,ABNB,Consumer Cyclical,161.72999572753906,161.36000061035156,155.61000061035156,0.03784081666271509,0.03563460571548316,14:30:00
2024-04-17,ABNB,Consumer Cyclical,158.4499969482422,157.97000122070312,158.3800048828125,0.0004417296735736162,-0.002595452674185591,14:30:00
2024-04-18,ABNB,Consumer Cyclical,159.7899932861328,161.9499969482422,160.11000061035156,-0.002002674370514048,0.011361508938334045,14:30:00
2024-05-03,ABNB,Consumer Cyclical,161.17999267578125,162.7100067138672,159.75999450683594,0.008810015097852031,0.018130490352808958,14:30:00
2024-05-15,ABNB,Consumer Cyclical,147.61500549316406,145.39999389648438,145.7550048828125,0.012600349159203179,-0.0024416162395499855,14:30:00
2024-05-28,ABNB,Consumer Cyclical,145.91000366210938,147.47999572753906,147.02999877929688,-0.007675930978530609,0.0030512405836621488,14:30:00
2024-06-12,ABNB,Consumer Cyclical,150.1199951171875,150.0500030517578,149.27000427246094,0.005662076154898873,0.005198259003219244,14:30:00
2024-07-09,ABNB,Consumer Cyclical,152.9199981689453,154.42999267578125,152.44000244140625,0.0031388682532468085,0.012886034635466791,14:30:00
2024-07-16,ABNB,Consumer Cyclical,148.38999938964844,149.92999267578125,151.25,-0.019273540144990886,-0.008804157865019197,14:30:00
2024-07-26,ABNB,Consumer Cyclical,141.89999389648438,140.13999938964844,140.0800018310547,0.01282587839120956,0.00042812586595588194,14:30:00
2024-07-29,ABNB,Consumer Cyclical,141.00999450683594,141.86500549316406,140.25999450683594,0.0053187719255151185,0.011313649766893813,14:30:00
2024-08-14,ABNB,Consumer Cyclical,117.72000122070312,117.7300033569336,116.27999877929688,0.012232436514390729,0.012316355527830895,14:30:00
2024-09-10,ABNB,Consumer Cyclical,117.01000213623047,114.4800033569336,115.12999725341797,0.016067044256812157,-0.005677794177361958,14:30:00
2024-09-19,ABNB,Consumer Cyclical,128.64500427246094,130.60000610351562,128.75999450683594,-0.0008938569750556259,0.014088908963918925,14:30:00
2024-09-26,ABNB,Consumer Cyclical,132.70599365234375,129.6999969482422,129.25999450683594,0.025967170364101726,0.0033924630050826943,14:30:00
2024-10-24,ABNB,Consumer Cyclical,133.55999755859375,132.7949981689453,132.72999572753906,0.006214449282919159,0.0004894946519262131,14:30:00
2024-10-31,ABNB,Consumer Cyclical,137.77999877929688,136.27999877929688,134.80999755859375,0.021556112984589485,0.010786624844954445,14:30:00
2024-11-06,ABNB,Consumer Cyclical,141.97999572753906,141.39120483398438,140.92999267578125,0.00739542952073881,0.0032619579042746046,15:30:00
2024-12-19,ABNB,Consumer Cyclical,129.1300048828125,129.11500549316406,129.33999633789062,-0.0016262018674025106,-0.0017425615548494443,15:30:00
2025-01-06,ABNB,Consumer Cyclical,137.0,136.09500122070312,135.1999969482422,0.013138708406991332,0.006576319956157119,15:30:00
2025-02-24,ABNB,Consumer Cyclical,147.0,145.0,144.82000732421875,0.014829882148171769,0.0012413287984913792,15:30:00
2025-02-26,ABNB,Consumer Cyclical,143.16000366210938,144.5800018310547,144.02999877929688,-0.006077082250157587,0.003804143344807152,15:30:00
2025-03-03,ABNB,Consumer Cyclical,140.5,144.63499450683594,141.00999450683594,-0.00362985414118105,0.025063090798739376,15:30:00
2025-03-12,ABNB,Consumer Cyclical,127.0,125.32499694824219,126.55999755859375,0.003464586152805118,-0.00985438372571119,14:30:00
2025-04-08,ABNB,Consumer Cyclical,110.73999786376953,112.38999938964844,105.73999786376953,0.04515080455528738,0.05916897910839741,14:30:00
2025-04-14,ABNB,Consumer Cyclical,117.30000305175781,115.94000244140625,113.22000122070312,0.03478262340073781,0.02346042059191571,14:30:00
2025-04-15,ABNB,Consumer Cyclical,114.2249984741211,114.27999877929688,114.62999725341797,-0.0035456229783941023,-0.003062639813262756,14:30:00
2025-04-17,ABNB,Consumer Cyclical,113.75,112.18000030517578,112.70999908447266,0.009142865191449176,-0.004724538936129971,14:30:00
2025-04-23,ABNB,Consumer Cyclical,119.69999694824219,121.51000213623047,118.30999755859375,0.01161235944099036,0.0263353182567559,14:30:00
2025-05-08,ABNB,Consumer Cyclical,124.05000305175781,125.3499984741211,126.4000015258789,-0.018943961437393884,-0.008376570119979611,14:30:00
2025-05-12,ABNB,Consumer Cyclical,133.36000061035156,133.46499633789062,134.24000549316406,-0.006598716847517718,-0.005806834574897545,14:30:00
2025-05-29,ABNB,Consumer Cyclical,130.0,128.6649932861328,128.36000061035156,0.012615379920372595,0.002370440226138195,14:30:00
2025-06-06,ABNB,Consumer Cyclical,139.17999267578125,140.6750030517578,140.66000366210938,-0.010633791235898391,0.00010662441317252969,14:30:00
2025-06-09,ABNB,Consumer Cyclical,141.23500061035156,139.52000427246094,139.00999450683594,0.015753928515595924,0.003655459790762549,14:30:00
2025-08-06,ABNB,Consumer Cyclical,130.74000549316406,129.10000610351562,130.69000244140625,0.00038246175353286936,-0.012316005133382612,14:30:00
2025-08-22,ABNB,Consumer Cyclical,127.16999816894531,129.4600067138672,129.9199981689453,-0.02162459730750822,-0.0035531548835371156,14:30:00
2025-09-29,ABNB,Consumer Cyclical,124.33000183105469,123.6449966430664,122.9000015258789,0.011501651122944012,0.0060252750811917045,14:30:00
2025-11-07,ABNB,Consumer Cyclical,125.0,118.29000091552734,120.87000274658203,0.03303997802734375,-0.021810819266939608,15:30:00
2025-11-10,ABNB,Consumer Cyclical,121.94000244140625,120.95999908447266,120.12000274658203,0.014925370332830297,0.006944414221630507,15:30:00
2025-11-21,ABNB,Consumer Cyclical,112.16999816894531,112.41000366210938,114.2699966430664,-0.01872157001338426,-0.01654650760930443,15:30:00
2025-12-15,ABNB,Consumer Cyclical,129.36000061035156,128.47999572753906,131.77999877929688,-0.01870746875021011,-0.025684956113759216,15:30:00
2025-12-17,ABNB,Consumer Cyclical,133.9600067138672,135.94500732421875,133.77999877929688,0.001343743845540421,0.015925620127839563,15:30:00
2025-12-22,ABNB,Consumer Cyclical,136.08999633789062,137.18499755859375,136.9499969482422,-0.006319352145592779,0.0017130197509475499,15:30:00
2024-01-18,ACHR,Industrials,5.21999979019165,4.994999885559082,5.019999980926514,0.038314141245931695,-0.0050050242122544955,15:30:00
2024-01-22,ACHR,Industrials,5.5,5.434999942779541,5.309999942779541,0.03454546494917436,0.022999080278936143,15:30:00
2024-01-23,ACHR,Industrials,5.489999771118164,5.419899940490723,5.420000076293945,0.01275040031740506,-1.847558152772648e-05,15:30:00
2024-01-24,ACHR,Industrials,5.550000190734863,5.309999942779541,5.010000228881836,0.09729728708018785,0.05649712187014996,15:30:00
2024-01-25,ACHR,Industrials,5.050000190734863,5.019999980926514,4.985000133514404,0.012871297973357173,0.006972081184281129,15:30:00
2024-01-26,ACHR,Industrials,5.019999980926514,4.945000171661377,4.894999980926514,0.024900398500983547,0.010111261678291239,15:30:00
2024-02-06,ACHR,Industrials,4.699999809265137,4.880000114440918,5.070000171661377,-0.07872348455564963,-0.0389344370419603,15:30:00
2024-02-09,ACHR,Industrials,5.25,5.340000152587891,5.40500020980835,-0.029523849487304688,-0.012172295011819132,15:30:00
2024-02-15,ACHR,Industrials,5.539999961853027,5.489999771118164,5.445000171661377,0.01714797668696639,0.0081966486945084,15:30:00
2024-02-22,ACHR,Industrials,5.179999828338623,5.050000190734863,4.860000133514404,0.0617760049090295,0.037623772285998794,15:30:00
2024-02-29,ACHR,Industrials,4.800000190734863,4.860000133514404,4.820000171661377,-0.004166662527455388,0.008230444599618197,15:30:00
2024-03-04,ACHR,Industrials,4.579999923706055,4.482100009918213,4.46999979019165,0.02401749680061002,0.0026996764239500533,15:30:00
2024-03-06,ACHR,Industrials,4.269999980926514,4.315000057220459,4.239999771118164,0.007025810290949955,0.017381294347098328,15:30:00
2024-03-07,ACHR,Industrials,4.320000171661377,4.201399803161621,4.300000190734863,0.0046296250305059876,-0.023468461035068312,15:30:00
2024-03-08,ACHR,Industrials,4.340000152587891,4.699999809265137,4.579999923706055,-0.05529948448850976,0.025531891580617846,15:30:00
2024-03-18,ACHR,Industrials,5.050000190734863,4.8694000244140625,4.869999885559082,0.035643623441049425,-0.00012318994989361402,14:30:00
2024-03-21,ACHR,Industrials,5.099999904632568,5.09499979019165,5.110000133514404,-0.0019608292291833696,-0.002944130312160359,14:30:00
2024-03-25,ACHR,Industrials,4.949999809265137,4.949999809265137,4.96999979019165,-0.004040400342860379,-0.004040400342860379,14:30:00
2024-03-26,ACHR,Industrials,4.980000019073486,4.880000114440918,4.789999961853027,0.03815262178569387,0.01844265378633123,14:30:00
2024-03-27,ACHR,Industrials,4.840000152587891,4.704999923706055,4.730000019073486,0.022727299596382974,-0.0053135166360936854,14:30:00
2024-04-04,ACHR,Industrials,4.5,4.414999961853027,4.309999942779541,0.04222223493787977,0.023782563982042842,14:30:00
2024-04-11,ACHR,Industrials,4.199999809265137,4.174900054931641,4.190000057220459,0.0023808934520945526,-0.003616853598921808,14:30:00
2024-04-15,ACHR,Industrials,4.059999942779541,4.0,3.9000000953674316,0.03940882996726618,0.02499997615814209,14:30:00
2024-04-17,ACHR,Industrials,3.9100000858306885,3.884999990463257,3.7850000858306885,0.031969308761138675,0.025740001255609816,14:30:00
2024-04-18,ACHR,Industrials,3.799999952316284,3.7750000953674316,3.7850000858306885,0.003947333335215585,-0.002649004029305464,14:30:00
2024-04-24,ACHR,Industrials,4.050000190734863,3.9800000190734863,3.9600000381469727,0.022222258851686695,0.005025120811725401,14:30:00
2024-04-25,ACHR,Industrials,4.0,3.9972000122070312,3.9700000286102295,0.007499992847442627,0.006804759209880879,14:30:00
2024-04-29,ACHR,Industrials,4.059999942779541,4.050000190734863,4.065000057220459,-0.0012315552983714602,-0.0037036705627596553,14:30:00
2024-05-10,ACHR,Industrials,3.880000114440918,3.8299999237060547,3.6500000953674316,0.05927835368289101,0.04699734514993105,14:30:00
2024-05-13,ACHR,Industrials,3.740000009536743,3.924999952316284,3.744999885559082,-0.001336865243205756,0.045859890176808187,14:30:00
2024-05-15,ACHR,Industrials,4.059999942779541,3.8450000286102295,3.890000104904175,0.041871881840220324,-0.011703530808609782,14:30:00
2024-05-22,ACHR,Industrials,3.5,3.4549999237060547,3.4200000762939453,0.02285712105887277,0.010130202079589713,14:30:00
2024-05-31,ACHR,Industrials,3.240000009536743,3.3371999263763428,3.265000104904175,-0.0077160787943967215,0.02163485049292964,14:30:00
2024-06-03,ACHR,Industrials,3.3499999046325684,3.2899999618530273,3.2964999675750732,0.015970130919559847,-0.0019756856527089134,14:30:00
2024-06-05,ACHR,Industrials,3.4000000953674316,3.369999885559082,3.440000057220459,-0.011764694332664312,-0.020771564996585733,14:30:00
2024-06-06,ACHR,Industrials,3.6600000858306885,3.549999952316284,3.4200000762939453,0.06557377155969979,0.03661968387845112,14:30:00
2024-06-12,ACHR,Industrials,3.430000066757202,3.4691998958587646,3.359999895095825,0.02040821291515503,0.031476998743512334,14:30:00
2024-06-13,ACHR,Industrials,3.4100000858306885,3.2899999618530273,3.2750000953674316,0.03958943902207274,0.004559229987694992,14:30:00
2024-06-20,ACHR,Industrials,3.0999999046325684,3.1600000858306885,3.119999885559082,-0.006451606948963502,0.01265829088137235,14:30:00
2024-06-21,ACHR,Industrials,3.1500000953674316,3.255000114440918,3.6600000858306885,-0.16190475397549722,-0.12442394996945605,14:30:00
2024-06-24,ACHR,Industrials,3.680000066757202,3.8712000846862793,3.75,-0.019021720644826358,0.03130814270378931,14:30:00
2024-06-25,ACHR,Industrials,3.759999990463257,3.860100030899048,3.6700000762939453,0.023936147446166067,0.04924741666884388,14:30:00
2024-07-02,ACHR,Industrials,3.490000009536743,3.6449999809265137,3.7249999046325684,-0.06733521331050618,-0.021947852983450415,14:30:00
2024-07-05,ACHR,Industrials,4.760000228881836,4.295000076293945,4.409999847412109,0.07352948836978199,-0.026775266373777265,14:30:00
2024-07-08,ACHR,Industrials,4.610000133514404,4.494999885559082,4.510000228881836,0.021691952654312414,-0.0033371176206132835,14:30:00
2024-07-11,ACHR,Industrials,4.46999979019165,4.498799800872803,4.565000057220459,-0.02125285715611532,-0.014715092753141154,14:30:00
2024-07-15,ACHR,Industrials,5.320000171661377,4.985000133514404,5.050000190734863,0.050751874476386655,-0.013039128481353563,14:30:00
2024-07-18,ACHR,Industrials,5.110000133514404,5.077199935913086,4.835000038146973,0.05381606422352483,0.04770343906548481,14:30:00
2024-07-22,ACHR,Industrials,4.679999828338623,4.554999828338623,4.610000133514404,0.014957200297391527,-0.012074710702204767,14:30:00
2024-07-26,ACHR,Industrials,4.5,4.574999809265137,4.684999942779541,-0.04111109839545356,-0.02404374603287102,14:30:00
2024-07-29,ACHR,Industrials,4.769999980926514,4.59499979019165,4.454999923706055,0.06603774810902077,0.030467872225899823,14:30:00
2024-08-06,ACHR,Industrials,4.079999923706055,3.9500999450683594,3.9200000762939453,0.0392156496088299,0.007620027136779994,14:30:00
2024-08-07,ACHR,Industrials,4.0,4.03000020980835,3.8499999046325684,0.03750002384185791,0.04466508580761124,14:30:00
2024-08-12,ACHR,Industrials,3.680000066757202,3.5950000286102295,3.5450000762939453,0.036684779351707504,0.013908192466861641,14:30:00
2024-08-22,ACHR,Industrials,3.8499999046325684,3.700000047683716,3.690000057220459,0.0415584029546565,0.002702700090373528,14:30:00
2024-08-26,ACHR,Industrials,3.8399999141693115,3.9210000038146973,3.934999942779541,-0.024739591336886888,-0.0035705021553744873,14:30:00
2024-08-29,ACHR,Industrials,3.609999895095825,3.5957999229431152,3.549999952316284,0.016620483247395873,0.012737074255606629,14:30:00
2024-08-30,ACHR,Industrials,3.5999999046325684,3.515000104904175,3.4000000953674316,0.05555550404536735,0.03271692919049807,14:30:00
2024-09-03,ACHR,Industrials,3.430000066757202,3.4100000858306885,3.369999885559082,0.017492763857245523,0.011730263714014614,14:30:00
2024-09-17,ACHR,Industrials,3.140000104904175,3.2100000381469727,3.130000114440918,0.003184710232218929,0.02492209431630911,14:30:00
2024-09-19,ACHR,Industrials,3.1600000858306885,3.119999885559082,3.049999952316284,0.03481016788817203,0.022435876862301345,14:30:00
2024-09-23,ACHR,Industrials,3.0799999237060547,3.065000057220459,3.0399999618530273,0.012987000923330156,0.008156637814259406,14:30:00
2024-09-26,ACHR,Industrials,2.9600000381469727,2.8399999141693115,2.9100000858306885,0.016891875564834548,-0.024647948513002584,14:30:00
2024-09-27,ACHR,Industrials,2.990000009536743,3.1317999362945557,3.065000057220459,-0.025083627907859434,0.021329548640687482,14:30:00
2024-10-01,ACHR,Industrials,3.049999952316284,2.994999885559082,2.976599931716919,0.02406558090062346,0.006143557444152735,14:30:00
2024-10-02,ACHR,Industrials,3.075000047683716,3.0950000286102295,3.2100000381469727,-0.043902435242219706,-0.03715670709973546,14:30:00
2024-10-23,ACHR,Industrials,3.390000104904175,3.2460999488830566,3.115000009536743,0.08112096957448474,0.04038690780036621,14:30:00
2024-10-24,ACHR,Industrials,3.1500000953674316,3.2699999809265137,3.0850000381469727,0.020634938175415216,0.0565749063787834,14:30:00
2024-10-30,ACHR,Industrials,3.4100000858306885,3.359999895095825,3.2699999809265137,0.04105574820537586,0.02678568957715541,14:30:00
2024-11-01,ACHR,Industrials,3.2300000190734863,3.2699999809265137,3.2799999713897705,-0.015479861306820204,-0.0030581010769374574,14:30:00
2024-11-13,ACHR,Industrials,4.769999980926514,4.244999885559082,4.28000020980835,0.10272531930345787,-0.008245070716805898,15:30:00
2024-11-22,ACHR,Industrials,6.079999923706055,5.974999904632568,6.039999961853027,0.00657894117680275,-0.01087867083814726,15:30:00
2024-11-27,ACHR,Industrials,7.510000228881836,8.255000114440918,8.085000038146973,-0.07656455282834904,0.02059358860535386,15:30:00
2024-12-02,ACHR,Industrials,9.6899995803833,7.349999904632568,7.300000190734863,0.24664597452478917,0.0068026822512189675,15:30:00
2024-12-18,ACHR,Industrials,9.279999732971191,9.869999885559082,8.949999809265137,0.03556033762949238,0.0932117615968779,15:30:00
2024-12-19,ACHR,Industrials,9.140000343322754,8.53499984741211,8.454999923706055,0.07494533849959073,0.009373160531492147,15:30:00
2024-12-23,ACHR,Industrials,9.699999809265137,9.284600257873535,9.380000114440918,0.03298965990891722,-0.010275063429519407,15:30:00
2024-12-26,ACHR,Industrials,11.119999885559082,10.859999656677246,11.324999809265137,-0.01843524512732024,-0.04281769496207915,15:30:00
2025-01-06,ACHR,Industrials,11.600000381469727,11.489999771118164,11.449999809265137,0.012931083385497673,0.0034812848259208186,15:30:00
2025-01-14,ACHR,Industrials,8.680000305175781,8.335000038146973,8.21500015258789,0.05357144426718701,0.014397106779829152,15:30:00
2025-01-28,ACHR,Industrials,9.3100004196167,9.220000267028809,9.154999732971191,0.016648837772220995,0.007049949259769809,15:30:00
2025-01-31,ACHR,Industrials,9.329999923706055,9.984999656677246,9.449999809265137,-0.012861724173671351,0.053580357116421146,15:30:00
2025-02-05,ACHR,Industrials,9.319999694824219,9.25,9.149999618530273,0.01824035213095054,0.01081085205078125,15:30:00
2025-02-06,ACHR,Industrials,9.239999771118164,9.17077922821045,9.15999984741211,0.008658000615553437,0.0011754051133606115,15:30:00
2025-02-18,ACHR,Industrials,11.0,11.158699989318848,10.6899995803833,0.028181856328790836,0.04200313740706254,15:30:00
2025-02-19,ACHR,Industrials,10.989999771118164,10.170100212097168,10.050000190734863,0.08553226569245521,0.011809128608137771,15:30:00
2025-02-20,ACHR,Industrials,10.229999542236328,9.579999923706055,10.135000228881836,0.009286345806983768,-0.057933226471371155,15:30:00
2025-02-21,ACHR,Industrials,10.369999885559082,9.808699607849121,9.128999710083008,0.1196721493897266,0.06929561765987854,15:30:00
2025-02-26,ACHR,Industrials,8.229999542236328,8.199999809265137,8.204999923706055,0.003037620889524414,-0.0006097700679539487,15:30:00
2025-02-27,ACHR,Industrials,8.600000381469727,8.510000228881836,7.909999847412109,0.08023261668038405,0.07050533082636158,15:30:00
2025-03-03,ACHR,Industrials,9.149999618530273,9.0600004196167,7.855000019073486,0.14153001677007693,0.13300224555554632,15:30:00
2025-03-12,ACHR,Industrials,7.289999961853027,7.066699981689453,7.480000019073486,-0.026063108122728072,-0.05848557862296916,14:30:00
2025-03-13,ACHR,Industrials,7.659999847412109,7.605000019073486,7.239999771118164,0.05483029825853589,0.04799477278631093,14:30:00
2025-04-08,ACHR,Industrials,7.190000057220459,7.094900131225586,6.394999980926514,0.11057024617066273,0.09864834421258728,14:30:00
2025-04-14,ACHR,Industrials,7.329999923706055,7.195000171661377,7.25,0.010914041546893585,-0.007644173318473069,14:30:00
2025-04-17,ACHR,Industrials,7.190000057220459,7.107800006866455,7.230000019073486,-0.005563276986744656,-0.017192381902836396,14:30:00
2025-04-23,ACHR,Industrials,7.809999942779541,8.104999542236328,8.050000190734863,-0.03072986552032001,0.006785854979368629,14:30:00
2025-04-28,ACHR,Industrials,8.739999771118164,8.604999542236328,8.529999732971191,0.024027464948103313,0.0087158411684988,14:30:00
2025-05-08,ACHR,Industrials,8.920000076293945,8.755000114440918,8.760000228881836,0.01793720247125666,-0.0005711152913259863,14:30:00
2025-05-12,ACHR,Industrials,9.239999771118164,8.88860034942627,9.09000015258789,0.01623372535128553,-0.02265821335691179,14:30:00
2025-05-29,ACHR,Industrials,11.199999809265137,10.869999885559082,10.600000381469727,0.053571378394048186,0.024838961079296135,14:30:00
2025-06-03,ACHR,Industrials,10.199999809265137,9.949999809265137,9.699999809265137,0.04901960875977925,0.025125628622345058,14:30:00
2025-06-11,ACHR,Industrials,11.75,12.085000038146973,12.1850004196167,-0.037021312307804186,-0.008274752267610245,14:30:00
2025-06-20,ACHR,Industrials,10.399999618530273,10.104999542236328,10.039999961853027,0.034615352873264935,0.006432417944366951,14:30:00
2025-06-25,ACHR,Industrials,10.829999923706055,10.399999618530273,9.9350004196167,0.08264076734943174,0.04471146307400421,14:30:00
2025-07-02,ACHR,Industrials,10.109999656677246,10.0600004196167,9.975000381469727,0.013353044489804504,0.008449307614463428,14:30:00
2025-07-09,ACHR,Industrials,10.470000267028809,10.335000038146973,10.454999923706055,0.001432697511001184,-0.011611019362956632,14:30:00
2025-07-21,ACHR,Industrials,13.364999771118164,12.885000228881836,11.829999923706055,0.11485221651325818,0.0818781751210985,14:30:00
2025-07-28,ACHR,Industrials,11.40999984741211,11.005000114440918,10.795000076293945,0.05390006830347605,0.019082238615464223,14:30:00
2025-07-30,ACHR,Industrials,10.25,10.21500015258789,10.145000457763672,0.010243857779153964,0.006852637667996987,14:30:00
2025-08-05,ACHR,Industrials,10.5,10.345000267028809,10.34000015258789,0.015238080705915178,0.0004833363278736825,14:30:00
2025-08-07,ACHR,Industrials,9.920000076293945,9.734999656677246,9.800000190734863,0.01209676256413027,-0.00667699397534475,14:30:00
2025-08-08,ACHR,Industrials,9.854999542236328,9.640000343322754,9.720000267028809,0.013698557227622667,-0.00829874697685747,14:30:00
2025-08-11,ACHR,Industrials,9.895000457763672,9.6899995803833,9.545000076293945,0.03537143661222515,0.014963829759383727,14:30:00
2025-08-13,ACHR,Industrials,10.524999618530273,10.095000267028809,10.1899995803833,0.031828983400357835,-0.009410531039287696,14:30:00
2025-08-15,ACHR,Industrials,10.180000305175781,9.864999771118164,9.829999923706055,0.034381175930984706,0.0035478812188702424,14:30:00
2025-08-18,ACHR,Industrials,10.0,9.710000038146973,9.850000381469727,0.014999961853027344,-0.014418160944669899,14:30:00
2025-08-28,ACHR,Industrials,9.210000038146973,9.210000038146973,9.199999809265137,0.0010858011770267003,0.0010858011770267003,14:30:00
2025-09-03,ACHR,Industrials,8.65999984741211,8.600000381469727,8.385000228881836,0.031755152814748874,0.02500001663385362,14:30:00
2025-09-05,ACHR,Industrials,8.614999771118164,8.21500015258789,8.505000114440918,0.012768387649413593,-0.03530127285045412,14:30:00
2025-09-10,ACHR,Industrials,8.600000381469727,8.430000305175781,8.244999885559082,0.041279125600454394,0.021945481959604937,14:30:00
2025-09-15,ACHR,Industrials,9.359999656677246,9.125,9.139900207519531,0.02351489927680714,-0.0016328994541952055,14:30:00
2025-09-16,ACHR,Industrials,9.170000076293945,8.925000190734863,9.114999771118164,0.0059978522048180416,-0.021288467935333084,14:30:00
2025-09-26,ACHR,Industrials,9.40999984741211,9.404999732971191,9.289999961853027,0.01275237911848466,0.01222751455430757,14:30:00
2025-10-15,ACHR,Industrials,13.4399995803833,14.219900131225586,13.029999732971191,0.030505941980127384,0.0836785341158257,14:30:00
2025-10-16,ACHR,Industrials,13.319999694824219,13.199899673461914,11.859999656677246,0.10960961498477272,0.1015083485428685,14:30:00
2025-10-20,ACHR,Industrials,11.869999885559082,11.5,11.979999542236328,-0.009267030980435857,-0.041739090629245926,14:30:00
2025-10-27,ACHR,Industrials,11.579999923706055,11.460100173950195,11.34000015258789,0.020725368972312974,0.010479840449850734,14:30:00
2025-10-29,ACHR,Industrials,11.220000267028809,11.28499984741211,11.1899995803833,0.0026738579261596004,0.008418278095997864,14:30:00
2025-10-31,ACHR,Industrials,11.09000015258789,10.888899803161621,11.229999542236328,-0.012623930362685176,-0.031325454843074946,14:30:00
2025-11-05,ACHR,Industrials,9.84000015258789,9.550000190734863,9.589900016784668,0.02541668007367328,-0.004177992173080201,15:30:00
2025-11-18,ACHR,Industrials,7.599999904632568,7.369999885559082,7.619999885559082,-0.0026315764707211,-0.033921303104746954,15:30:00
2025-11-19,ACHR,Industrials,7.650000095367432,7.678599834442139,7.46999979019165,0.02352945136363894,0.027166416892155102,15:30:00
2025-11-20,ACHR,Industrials,7.75,7.675000190734863,6.869999885559082,0.11354840186334425,0.10488603064108906,15:30:00
2025-12-12,ACHR,Industrials,8.609999656677246,8.475000381469727,8.3100004196167,0.034843118353424185,0.01946902117123129,15:30:00
2025-12-15,ACHR,Industrials,8.460000038146973,7.945000171661377,7.835000038146973,0.07387706822480065,0.01384520215704441,15:30:00
2025-12-18,ACHR,Industrials,7.880000114440918,7.889999866485596,7.809999942779541,0.008883270386391794,0.010139407485400714,15:30:00
2025-12-19,ACHR,Industrials,7.96999979019165,7.954999923706055,8.154999732971191,-0.02321203860095615,-0.02514139675465406,15:30:00
2026-01-02,ACHR,Industrials,7.670000076293945,7.619999885559082,8.149999618530273,-0.06258142600544253,-0.06955377177572032,15:30:00
2026-01-05,ACHR,Industrials,8.25,8.46500015258789,8.569999694824219,-0.038787841796875,-0.012403962237877578,15:30:00
2026-01-06,ACHR,Industrials,8.5600004196167,8.630000114440918,8.829999923706055,-0.031541996595070905,-0.02317494862259262,15:30:00
2026-01-08,ACHR,Industrials,8.489999771118164,8.925000190734863,8.699999809265137,-0.024734987492151,0.0252101262365576,15:30:00
2024-01-24,ADBE,Technology,601.7100219726562,608.2999877929688,606.469970703125,-0.00791070209344969,0.0030084121758466734,15:30:00
2024-01-25,ADBE,Technology,615.4199829101562,623.3200073242188,622.8499755859375,-0.012073044233381576,0.0007540777333604244,15:30:00
2024-02-07,ADBE,Technology,613.25,616.5053100585938,615.8599853515625,-0.004255989158683245,0.0010467463888833614,15:30:00
2024-02-22,ADBE,Technology,551.75,539.6500244140625,537.5599975585938,0.025718173885647937,0.0038729301601311797,15:30:00
2024-02-23,ADBE,Technology,543.489990234375,549.989990234375,553.4199829101562,-0.01827079220262922,-0.006236463820586223,15:30:00
2024-02-27,ADBE,Technology,561.75,552.9113159179688,552.5499877929688,0.016377413808689362,0.0006535010490789223,15:30:00
2024-03-06,ADBE,Technology,550.0,539.7999877929688,542.9500122070312,0.012818159623579545,-0.005835539987582659,15:30:00
2024-03-07,ADBE,Technology,550.0,546.0599975585938,555.8499755859375,-0.01063631924715909,-0.017928392614573928,15:30:00
2024-03-27,ADBE,Technology,515.469970703125,505.5150146484375,504.70001220703125,0.020893474126927367,0.0016122220266257508,14:30:00
2024-04-04,ADBE,Technology,503.75,500.7449951171875,486.95001220703125,0.03334985169820099,0.02754891820122508,14:30:00
2024-04-15,ADBE,Technology,477.0199890136719,475.1000061035156,470.17999267578125,0.014339014077866209,0.010355742716329063,14:30:00
2024-04-19,ADBE,Technology,476.5400085449219,469.1449890136719,465.0,0.024216242787585454,0.008835198309133131,14:30:00
2024-05-23,ADBE,Technology,488.3800048828125,488.8999938964844,483.5899963378906,0.00980795384133559,0.010861111934720221,14:30:00
2024-06-03,ADBE,Technology,447.6289978027344,445.79998779296875,439.04998779296875,0.019165447394778275,0.015141319391723999,14:30:00
2024-06-20,ADBE,Technology,528.6099853515625,527.9000244140625,522.8400268554688,0.010915341472893905,0.009585143634365323,14:30:00
2024-06-28,ADBE,Technology,549.97998046875,556.5499877929688,555.3499755859375,-0.009763982886450945,0.00215616248917724,14:30:00
2024-07-25,ADBE,Technology,533.510009765625,531.52001953125,531.9600219726562,0.002905264689690961,-0.0008278191323711386,14:30:00
2024-07-26,ADBE,Technology,535.3499755859375,539.6500244140625,542.5399780273438,-0.01343047122312247,-0.005355236695150869,14:30:00
2024-07-30,ADBE,Technology,541.8499755859375,542.3599853515625,538.7100219726562,0.005794876358323749,0.006729779993891532,14:30:00
2024-08-23,ADBE,Technology,565.4500122070312,561.4949951171875,558.4199829101562,0.012432627367777043,0.005476473047439142,14:30:00
2024-09-06,ADBE,Technology,570.9000244140625,566.6799926757812,563.4500122070312,0.013049591677067268,0.005699831493076891,14:30:00
2024-09-09,ADBE,Technology,567.6900024414062,570.6400146484375,569.9099731445312,-0.003910533378389261,0.0012793380855985314,14:30:00
2024-09-10,ADBE,Technology,576.75,571.0800170898438,574.5900268554688,0.0037450769736129172,-0.0061462661283642785,14:30:00
2024-09-19,ADBE,Technology,519.2100219726562,522.7100219726562,526.4500122070312,-0.01394424207542798,-0.007155000051961209,14:30:00
2024-09-23,ADBE,Technology,524.9849853515625,527.1600952148438,527.7100219726562,-0.005190694395324271,-0.0010431873785673737,14:30:00
2024-10-04,ADBE,Technology,507.0,505.3949890136719,507.0299987792969,-5.916918993466469e-05,-0.0032351127359135133,14:30:00
2024-10-08,ADBE,Technology,488.0,493.7200012207031,496.0,-0.01639344262295082,-0.004617999622578928,14:30:00
2024-10-17,ADBE,Technology,506.5199890136719,497.5299987792969,496.8800048828125,0.01903179408502904,0.0013064416177499896,14:30:00
2025-01-02,ADBE,Technology,448.010009765625,447.67999267578125,441.1199951171875,0.015379153363207195,0.014653318588987359,15:30:00
2025-03-12,ADBE,Technology,436.69000244140625,438.0400085449219,438.760009765625,-0.004740221467507714,-0.0016436882628479983,14:30:00
2025-03-19,ADBE,Technology,394.0899963378906,392.04998779296875,387.7200012207031,0.016163808207214428,0.011044475722703444,14:30:00
2025-04-08,ADBE,Technology,350.0,349.94500732421875,340.0199890136719,0.028514317103794644,0.028361651410421455,14:30:00
2025-04-14,ADBE,Technology,359.510009765625,356.6700134277344,350.80999755859375,0.024199638315225327,0.016429796866923703,14:30:00
2025-04-17,ADBE,Technology,349.1300048828125,347.5799865722656,348.8399963378906,0.0008306606160052558,-0.003625092969393479,14:30:00
2025-04-22,ADBE,Technology,349.1400146484375,347.3699951171875,349.8999938964844,-0.0021767176953696567,-0.007283296815671612,14:30:00
2025-04-23,ADBE,Technology,358.6582946777344,357.8900146484375,351.5799865722656,0.019735520439667593,0.017631193433464025,14:30:00
2025-05-01,ADBE,Technology,378.29998779296875,378.6700134277344,374.3699951171875,0.010388561466018357,0.011355581794351649,14:30:00
2025-06-06,ADBE,Technology,417.75,415.94000244140625,416.739990234375,0.0024177373204667865,-0.0019233249706042516,14:30:00
2025-06-20,ADBE,Technology,380.5,377.57501220703125,376.9200134277344,0.009408637509239488,0.0017347513954067682,14:30:00
2025-06-24,ADBE,Technology,383.5400085449219,382.75,382.0199890136719,0.00396313160918118,0.0019072788669578706,14:30:00
2025-08-04,ADBE,Technology,349.760009765625,347.5,338.9100036621094,0.031021288313624645,0.02471941392198741,14:30:00
2025-08-06,ADBE,Technology,341.6499938964844,339.385009765625,345.6199951171875,-0.011620082808799889,-0.01837142234381036,14:30:00
2025-10-07,ADBE,Technology,352.5899963378906,348.3699951171875,348.2300109863281,0.012365595725479066,0.00040182602641276844,14:30:00
2025-10-16,ADBE,Technology,333.8599853515625,333.0899963378906,329.1199951171875,0.014197539215080471,0.0119187044472987,14:30:00
2025-10-27,ADBE,Technology,355.5799865722656,356.95001220703125,357.75,-0.00610274343236513,-0.002241175978738324,14:30:00
2024-01-18,AMD,Technology,166.1999969482422,164.24899291992188,162.6699981689453,0.0212394635626629,0.009613421202201143,15:30:00
2024-01-24,AMD,Technology,172.5500030517578,175.9499969482422,178.27000427246094,-0.033149818136991645,-0.013185605936106995,15:30:00
2024-01-25,AMD,Technology,182.0,183.1300048828125,180.32000732421875,0.009230728987809066,0.015344277200188508,15:30:00
2024-02-22,AMD,Technology,174.0,180.64950561523438,181.77000427246094,-0.044655196968166305,-0.006202611257697622,15:30:00
2024-03-06,AMD,Technology,211.5,209.6699981689453,210.6699981689453,0.003924358539265662,-0.004769399574250162,15:30:00
2024-03-07,AMD,Technology,212.52000427246094,209.29580688476562,211.30999755859375,0.005693613257770785,-0.00962365516924618,15:30:00
2024-03-08,AMD,Technology,213.0,226.5,207.27999877929688,0.0268544658248973,0.08485651753069812,15:30:00
2024-03-18,AMD,Technology,193.0,191.80999755859375,190.6199951171875,0.012331631517163212,0.00620406890439968,14:30:00
2024-03-21,AMD,Technology,185.91000366210938,179.68319702148438,178.64999389648438,0.03905120554362441,0.00575013769860997,14:30:00
2024-03-27,AMD,Technology,179.93499755859375,175.7949981689453,179.58999633789062,0.0019173658564714702,-0.02158763450879406,14:30:00
2024-04-04,AMD,Technology,182.57000732421875,179.35499572753906,165.77000427246094,0.09201951239407775,0.07574359108298993,14:30:00
2024-04-05,AMD,Technology,168.08200073242188,169.99000549316406,170.38999938964844,-0.013731384961919751,-0.00235304361173434,14:30:00
2024-04-15,AMD,Technology,164.40499877929688,162.6300048828125,160.32000732421875,0.024847124390432695,0.01420400595977527,14:30:00
2024-04-16,AMD,Technology,162.25999450683594,162.89649963378906,163.44000244140625,-0.00727232820484657,-0.0033364916302010615,14:30:00
2024-04-18,AMD,Technology,155.5399932861328,155.1179962158203,155.09500122070312,0.0028609494961921206,0.00014824195566060482,14:30:00
2024-04-24,AMD,Technology,156.697998046875,154.27000427246094,151.67999267578125,0.03202341723340111,0.01678882170836911,14:30:00
2024-05-23,AMD,Technology,170.197998046875,165.30999755859375,160.47999572753906,0.05709821755165098,0.029217844669937185,14:30:00
2024-06-03,AMD,Technology,170.77000427246094,166.33009338378906,163.6300048828125,0.041810617854507265,0.01623331320295958,14:30:00
2024-06-20,AMD,Technology,155.59249877929688,163.58999633789062,161.77000427246094,-0.039703106137055244,0.011125326157906039,14:30:00
2024-07-05,AMD,Technology,167.1927947998047,170.0,171.80999755859375,-0.027616039102149492,-0.010647044462316176,14:30:00
2024-07-18,AMD,Technology,163.14999389648438,157.65499877929688,155.75999450683594,0.045295738069945954,0.012019944100305864,14:30:00
2024-07-26,AMD,Technology,139.8800048828125,140.02999877929688,140.02000427246094,-0.0010008534798502833,7.137404072744423e-05,14:30:00
2024-07-29,AMD,Technology,141.19000244140625,141.95010375976562,139.74000549316406,0.010269827347328895,0.01556954315681165,14:30:00
2024-08-07,AMD,Technology,133.75,133.6649932861328,128.66000366210938,0.03805604738609813,0.037444281415623906,14:30:00
2024-08-30,AMD,Technology,147.4929962158203,147.05999755859375,148.55999755859375,-0.007234250914613866,-0.010199918569986026,14:30:00
2024-09-09,AMD,Technology,136.05999755859375,136.39999389648438,138.22999572753906,-0.015948832925789306,-0.013416436311892347,14:30:00
2024-09-19,AMD,Technology,153.9010009765625,156.73500061035156,156.72999572753906,-0.018381912612819122,3.1932132535873754e-05,14:30:00
2024-10-16,AMD,Technology,158.14999389648438,157.47999572753906,156.14999389648438,0.012646222429253343,0.008445528747383028,14:30:00
2024-10-17,AMD,Technology,160.0,158.1199951171875,156.27999877929688,0.023250007629394533,0.011636708795285177,14:30:00
2024-11-05,AMD,Technology,141.90499877929688,142.03970336914062,141.8000030517578,0.0007399015428791278,0.0016875585607206323,15:30:00
2024-11-06,AMD,Technology,144.92999267578125,143.52999877929688,145.07000732421875,-0.0009660846996019849,-0.010729523848808181,15:30:00
2024-11-18,AMD,Technology,138.18499755859375,139.97000122070312,138.9600067138672,-0.005608489843080216,0.007215792655766213,15:30:00
2024-11-25,AMD,Technology,140.49000549316406,140.3699951171875,141.16000366210938,-0.004769009486428649,-0.005628044257338176,15:30:00
2024-12-11,AMD,Technology,128.52000427246094,127.10540008544922,130.16000366210938,-0.012760654646195448,-0.02403205193962362,15:30:00
2024-12-19,AMD,Technology,122.16000366210938,119.83000183105469,118.97000122070312,0.026113313243094637,0.007176838831764818,15:30:00
2024-12-23,AMD,Technology,120.68000030517578,124.88999938964844,124.62999725341797,-0.032731164552978365,0.002081849127241001,15:30:00
2024-12-24,AMD,Technology,125.72930145263672,125.44010162353516,126.30500030517578,-0.0045788757742834755,-0.006894913751236568,15:30:00
2024-12-31,AMD,Technology,123.11499786376953,122.59500122070312,120.79000091552734,0.01888475806022323,0.014723278169607485,15:30:00
2025-01-02,AMD,Technology,122.33999633789062,121.6500015258789,120.62999725341797,0.013977432856461861,0.008384745250035608,15:30:00
2025-01-03,AMD,Technology,121.56999969482422,122.52400207519531,125.36000061035156,-0.03117546207980044,-0.023146473238898478,15:30:00
2025-01-06,AMD,Technology,129.00999450683594,129.52999877929688,129.5500030517578,-0.0041857884498496065,-0.00015443737087516158,15:30:00
2025-01-14,AMD,Technology,118.0,115.80000305175781,116.12999725341797,0.01584748090323755,-0.002849690785523231,15:30:00
2025-02-04,AMD,Technology,115.5,117.13999938964844,119.61000061035156,-0.035584420868844696,-0.021085890674175614,15:30:00
2025-02-10,AMD,Technology,108.44000244140625,110.33999633789062,110.47000122070312,-0.018720017831000614,-0.0011782208367525247,15:30:00
2025-02-24,AMD,Technology,111.56500244140625,108.88999938964844,108.12000274658203,0.030878856446344156,0.007071325625699338,15:30:00
2025-02-26,AMD,Technology,104.94499969482422,104.05999755859375,104.7699966430664,0.0016675692245148816,-0.006822978100425885,15:30:00
2025-03-03,AMD,Technology,101.26000213623047,101.26499938964844,98.2699966430664,0.029528001482179007,0.029575892604885433,15:30:00
2025-03-12,AMD,Technology,99.04499816894531,98.7948989868164,100.83999633789062,-0.018123057217725492,-0.02070043465854573,14:30:00
2025-03-17,AMD,Technology,102.69999694824219,105.40499877929688,104.58999633789062,-0.018403110475270434,0.007732104272518892,14:30:00
2025-03-19,AMD,Technology,104.44000244140625,103.83999633789062,106.23999786376953,-0.017234731714729026,-0.023112496249223763,14:30:00
2025-04-08,AMD,Technology,86.1449966430664,88.57499694824219,78.19000244140625,0.09234423949914256,0.1172452143905158,14:30:00
2025-04-14,AMD,Technology,97.06999969482422,95.79000091552734,94.5,0.02647573609667222,0.013466968401690843,14:30:00
2025-04-17,AMD,Technology,88.80000305175781,87.05000305175781,87.43000030517578,0.015427958327698636,-0.00436527558984727,14:30:00
2025-04-23,AMD,Technology,91.875,92.87999725341797,90.33000183105469,0.016816306600765305,0.02745473188813474,14:30:00
2025-05-01,AMD,Technology,99.26499938964844,99.0199966430664,96.58999633789062,0.026948099211259024,0.024540500783241898,14:30:00
2025-05-08,AMD,Technology,101.91999816894531,103.6500015258789,101.69000244140625,0.0022566300203205993,0.018909783459899823,14:30:00
2025-05-14,AMD,Technology,119.83100128173828,119.33999633789062,117.7300033569336,0.017533008172609423,0.013490808030516556,14:30:00
2025-05-29,AMD,Technology,115.38999938964844,114.05000305175781,113.02999877929688,0.020452384286634085,0.008943483079067015,14:30:00
2025-06-06,AMD,Technology,117.68499755859375,117.26499938964844,116.16000366210938,0.012958269347162125,0.009423065137001195,14:30:00
2025-06-24,AMD,Technology,133.17999267578125,136.05999755859375,138.49000549316406,-0.03987094991294768,-0.017859826386692666,14:30:00
2025-07-17,AMD,Technology,161.80999755859375,160.25999450683594,160.41000366210938,0.008652085270425994,-0.0009360361937803437,14:30:00
2025-07-25,AMD,Technology,163.5050048828125,166.5399932861328,166.47000122070312,-0.018133979079207396,0.000420271816088247,14:30:00
2025-07-28,AMD,Technology,169.0800018310547,173.36000061035156,173.64999389648438,-0.027028578282108365,-0.0016727808324401713,14:30:00
2025-07-29,AMD,Technology,175.24000549316406,180.3800048828125,177.42999267578125,-0.012497073236525416,0.016354430242685628,14:30:00
2025-07-31,AMD,Technology,182.2899932861328,180.47999572753906,176.32000732421875,0.03274993791098138,0.02304958168106577,14:30:00
2025-08-04,AMD,Technology,175.5399932861328,176.86000061035156,176.77000427246094,-0.007007012836802316,0.000508856369897341,14:30:00
2025-08-07,AMD,Technology,166.8350067138672,171.5,172.39999389648438,-0.03335623195772995,-0.005247777822066327,14:30:00
2025-10-06,AMD,Technology,226.32000732421875,210.75999450683594,203.63999938964844,0.10021212089340234,0.033782479136269694,14:30:00
2025-10-07,AMD,Technology,214.85000610351562,214.1999969482422,211.49000549316406,0.015638820176401114,0.012651687645602296,14:30:00
2025-10-24,AMD,Technology,243.38999938964844,249.4499969482422,252.9199981689453,-0.03915526029498069,-0.013910608391080107,14:30:00
2025-10-27,AMD,Technology,258.20001220703125,252.80999755859375,259.760009765625,-0.00604181829915215,-0.027491049697986908,14:30:00
2025-11-03,AMD,Technology,259.4049987792969,255.0500030517578,259.6600036621094,-0.0009830376593068643,-0.018074889453798773,15:30:00
2025-11-20,AMD,Technology,232.63999938964844,228.27000427246094,206.0500030517578,0.11429675209616501,0.09734087179575963,15:30:00
2025-11-21,AMD,Technology,208.8300018310547,197.4199981689453,203.75,0.024326015354654135,-0.03206363027942938,15:30:00
2025-11-24,AMD,Technology,207.16000366210938,211.72999572753906,214.9550018310547,-0.03762791094394568,-0.015231692101225307,15:30:00
2025-11-26,AMD,Technology,210.14999389648438,211.72999572753906,214.11000061035156,-0.01884371557877754,-0.011240754408152762,15:30:00
2025-12-15,AMD,Technology,212.3699951171875,209.58999633789062,207.5800018310547,0.022554943712691875,0.009590126160389466,15:30:00
2025-12-19,AMD,Technology,204.60000610351562,210.5800018310547,213.5,-0.04349948011233929,-0.013866455235801475,15:30:00
2025-12-22,AMD,Technology,220.0,214.2100067138672,215.0,0.022727272727272728,-0.0036879382912678427,15:30:00
2026-01-02,AMD,Technology,222.05499267578125,221.8000030517578,223.44000244140625,-0.006237237672233875,-0.007394045838970245,15:30:00
2026-01-05,AMD,Technology,232.9499969482422,224.92999267578125,221.05999755859375,0.05104099397043653,0.017205331628520483,15:30:00
2024-01-18,AMZN,Consumer Cyclical,152.77000427246094,152.7899932861328,153.5399932861328,-0.005040184539751806,-0.004908698428930881,15:30:00
2024-01-24,AMZN,Consumer Cyclical,157.8000030517578,157.32000732421875,156.86000061035156,0.00595692283413919,0.0029240191485572823,15:30:00
2024-03-21,AMZN,Consumer Cyclical,179.98800659179688,180.13999938964844,178.17999267578125,0.010045191067180955,0.010880463642212143,14:30:00
2024-04-15,AMZN,Consumer Cyclical,186.58999633789062,187.3350067138672,183.6199951171875,0.015917258582956572,0.019830845616345176,14:30:00
2024-04-17,AMZN,Consumer Cyclical,184.30999755859375,183.8199005126953,181.22999572753906,0.01671098622892406,0.014089360172281136,14:30:00
2024-04-22,AMZN,Consumer Cyclical,176.92990112304688,174.9499969482422,177.22000122070312,-0.0016396329609346149,-0.012975160400445754,14:30:00
2024-04-29,AMZN,Consumer Cyclical,182.63999938964844,180.61000061035156,180.97000122070312,0.009143660613918966,-0.0019932484864347497,14:30:00
2024-05-01,AMZN,Consumer Cyclical,181.88999938964844,180.02000427246094,178.8000030517578,0.016988269548955093,0.00677703139511456,14:30:00
2024-07-18,AMZN,Consumer Cyclical,189.58999633789062,186.34339904785156,183.74000549316406,0.030856010115114966,0.013970945941685697,14:30:00
2024-07-22,AMZN,Consumer Cyclical,185.0,183.71009826660156,182.57000732421875,0.013135095544763513,0.0062059241878380765,14:30:00
2024-07-25,AMZN,Consumer Cyclical,182.61000061035156,179.125,179.85000610351562,0.015114147623958128,-0.004047486970080251,14:30:00
2024-07-29,AMZN,Consumer Cyclical,183.83999633789062,183.3699951171875,183.2100067138672,0.0034268365783990855,0.0008724895434395776,14:30:00
2024-07-30,AMZN,Consumer Cyclical,184.7689971923828,183.9499969482422,181.6999969482422,0.01660993072850398,0.012231584872671022,14:30:00
2024-08-01,AMZN,Consumer Cyclical,189.28500366210938,187.83999633789062,184.00999450683594,0.027868077519177376,0.020389703501511987,14:30:00
2024-08-07,AMZN,Consumer Cyclical,166.17999267578125,165.39999389648438,162.75999450683594,0.020580083762657044,0.015961302823872422,14:30:00
2024-08-12,AMZN,Consumer Cyclical,167.61599731445312,168.0399932861328,166.82000732421875,0.004748890338558029,0.0072600928984608544,14:30:00
2024-08-14,AMZN,Consumer Cyclical,172.1199951171875,170.1649932861328,170.0800018310547,0.011852157471558652,0.0004994649806450594,14:30:00
2024-09-10,AMZN,Consumer Cyclical,177.5019989013672,178.5,179.55999755859375,-0.011594228064835111,-0.005938361672794118,14:30:00
2024-09-19,AMZN,Consumer Cyclical,190.09500122070312,190.80349731445312,189.89999389648438,0.0010258414106972945,0.004735256065457406,14:30:00
2024-09-26,AMZN,Consumer Cyclical,194.22000122070312,190.82989501953125,191.16000366210938,0.01575531633900312,-0.0017298581154925369,14:30:00
2024-10-08,AMZN,Consumer Cyclical,181.9149932861328,182.1199951171875,182.6699981689453,-0.004150316964940642,-0.0030200036596964865,14:30:00
2024-11-01,AMZN,Consumer Cyclical,198.89999389648438,199.8800048828125,197.8699951171875,0.005178475670707804,0.010056082231954352,14:30:00
2024-12-19,AMZN,Consumer Cyclical,225.08999633789062,224.22999572753906,223.27999877929688,0.008041217237734093,0.004236707694525066,15:30:00
2024-12-31,AMZN,Consumer Cyclical,222.96499633789062,221.39500427246094,219.38999938964844,0.016033893243155017,0.009056233628221484,15:30:00
2025-01-06,AMZN,Consumer Cyclical,226.65499877929688,227.9949951171875,227.61000061035156,-0.0042134602642698,0.0016886094654755626,15:30:00
2025-02-06,AMZN,Consumer Cyclical,238.26800537109375,237.1999969482422,238.74249267578125,-0.0019914016737098347,-0.0065029331677252935,15:30:00
2025-02-26,AMZN,Consumer Cyclical,214.9149932861328,216.92999267578125,214.27000427246094,0.0030011354899430014,0.012261966962290328,15:30:00
2025-02-27,AMZN,Consumer Cyclical,219.5,214.39930725097656,208.82000732421875,0.04865600307873007,0.026022938218856578,15:30:00
2025-03-03,AMZN,Consumer Cyclical,213.3520050048828,210.6699981689453,205.05999755859375,0.038865383271646736,0.026629328613999713,15:30:00
2025-03-12,AMZN,Consumer Cyclical,200.72000122070312,198.5749969482422,198.88999938964844,0.009117187225614332,-0.0015863147236424443,14:30:00
2025-04-08,AMZN,Consumer Cyclical,185.22999572753906,182.22000122070312,171.08999633789062,0.07633752478430886,0.06108003955796238,14:30:00
2025-04-14,AMZN,Consumer Cyclical,186.875,185.0,182.08999633789062,0.025605370767140468,0.01572974952491554,14:30:00
2025-04-17,AMZN,Consumer Cyclical,176.0,172.89500427246094,172.58999633789062,0.019375020807439632,0.0017641223114212028,14:30:00
2025-04-23,AMZN,Consumer Cyclical,183.44000244140625,186.10000610351562,180.5399932861328,0.015809033562348255,0.029876478425745617,14:30:00
2025-04-28,AMZN,Consumer Cyclical,190.10000610351562,188.45150756835938,187.6699981689453,0.012782787251711577,0.0041470052932878546,14:30:00
2025-05-01,AMZN,Consumer Cyclical,190.6300048828125,189.1820068359375,189.8350067138672,0.004170372704097805,-0.003451701823292224,14:30:00
2025-05-08,AMZN,Consumer Cyclical,191.47500610351562,190.27000427246094,192.13499450683594,-0.0034468645112015724,-0.009801808968818805,14:30:00
2025-05-12,AMZN,Consumer Cyclical,210.25,206.97999572753906,208.72000122070312,0.007277045323647443,-0.00840663604735282,14:30:00
2025-05-29,AMZN,Consumer Cyclical,208.06500244140625,207.0800018310547,205.68499755859375,0.011438756421723253,0.006736547518475713,14:30:00
2025-06-20,AMZN,Consumer Cyclical,214.49000549316406,210.69000244140625,209.60459899902344,0.02277684912594366,0.005151660875245695,14:30:00
2025-07-09,AMZN,Consumer Cyclical,221.07000732421875,222.88999938964844,222.47000122070312,-0.006332807934597659,0.0018843293557154466,14:30:00
2025-07-28,AMZN,Consumer Cyclical,233.4499969482422,233.46499633789062,232.80999755859375,0.00274148382100999,0.0028055545352456365,14:30:00
2025-07-29,AMZN,Consumer Cyclical,234.14999389648438,231.51499938964844,231.0,0.013452889082187888,0.002224475265128175,14:30:00
2025-07-31,AMZN,Consumer Cyclical,234.80999755859375,232.5500030517578,234.11000061035156,0.002981120716836226,-0.006708224201771122,14:30:00
2025-08-04,AMZN,Consumer Cyclical,217.33999633789062,213.39999389648438,211.72000122070312,0.02585808048165372,0.007872505734916643,14:30:00
2025-08-05,AMZN,Consumer Cyclical,213.17999267578125,214.67999267578125,213.80999755859375,-0.0029552720914605463,0.004052520713941905,14:30:00
2025-08-15,AMZN,Consumer Cyclical,232.5,232.25,231.05999755859375,0.006193558887768817,0.005123799532427341,14:30:00
2025-09-11,AMZN,Consumer Cyclical,231.3699951171875,229.6199951171875,229.9550018310547,0.006115716454141458,-0.0014589614188268555,14:30:00
2025-09-24,AMZN,Consumer Cyclical,224.19000244140625,221.1199951171875,220.2100067138672,0.01775277971451588,0.004115360091420243,14:30:00
2025-10-06,AMZN,Consumer Cyclical,220.9199981689453,218.3300018310547,220.8800048828125,0.0001810306285727389,-0.011679581506764347,14:30:00
2025-10-31,AMZN,Consumer Cyclical,250.1999969482422,246.57000732421875,244.22000122070312,0.0239008625119053,0.009530786525976638,14:30:00
2025-11-10,AMZN,Consumer Cyclical,248.30999755859375,248.0211944580078,248.39500427246094,-0.0003423410845434383,-0.0015071688339780749,15:30:00
2025-11-20,AMZN,Consumer Cyclical,227.13999938964844,226.4158935546875,217.14999389648438,0.043981709606446984,0.040924245699938376,15:30:00
2025-12-05,AMZN,Consumer Cyclical,230.3800048828125,230.94000244140625,229.5500030517578,0.0036027511653057083,0.006018876656074801,15:30:00
2025-12-15,AMZN,Consumer Cyclical,226.7949981689453,223.0399932861328,222.5500030517578,0.018717322478273072,0.0021968716334491768,15:30:00
2025-12-17,AMZN,Consumer Cyclical,224.55999755859375,224.77000427246094,221.24099731445312,0.014780015497972244,0.015700524495831005,15:30:00
2025-12-22,AMZN,Consumer Cyclical,228.52000427246094,227.8300018310547,228.44000244140625,0.000350086773844545,-0.0026774375870123684,15:30:00
2026-01-05,AMZN,Consumer Cyclical,228.74000549316406,233.22250366210938,233.0500030517578,-0.018842342638321546,0.0007396396473021309,15:30:00
2024-01-19,ANET,Technology,65.15249633789062,65.42500305175781,65.87750244140625,-0.011127833072667462,-0.006916306741177598,15:30:00
2024-01-25,ANET,Technology,66.4375,67.04750061035156,66.11250305175781,0.004891769681914393,0.013945300720865266,15:30:00
2024-02-22,ANET,Technology,65.875,66.80500030517578,67.19499969482422,-0.020037946031487192,-0.005837877222765643,15:30:00
2024-03-06,ANET,Technology,71.07749938964844,70.5824966430664,71.17250061035156,-0.0013365864235364584,-0.008359069108433339,15:30:00
2024-03-20,ANET,Technology,72.25749969482422,72.28250122070312,74.18499755859375,-0.026675402164622605,-0.026320289222998176,14:30:00
2024-03-21,ANET,Technology,74.75,74.6675033569336,76.15750122070312,-0.01882944776860368,-0.019955104922242867,14:30:00
2024-04-04,ANET,Technology,75.23999786376953,74.90750122070312,72.2300033569336,0.0400052444483833,0.035744055269988334,14:30:00
2024-04-15,ANET,Technology,68.82499694824219,68.375,65.77249908447266,0.044351587346456,0.0380621706110032,14:30:00
2024-04-24,ANET,Technology,64.19750213623047,63.8125,63.6974983215332,0.007788524445020171,0.001802181053348433,14:30:00
2024-04-25,ANET,Technology,64.16000366210938,65.8550033569336,66.19999694824219,-0.031795404764566125,-0.005238684590732328,14:30:00
2024-04-29,ANET,Technology,66.93250274658203,66.3324966430664,65.9175033569336,0.015164521689729723,0.0062562591057876435,14:30:00
2024-06-03,ANET,Technology,75.0999984741211,74.15499877929688,74.0999984741211,0.013315579498241836,0.0007416938315847782,14:30:00
2024-06-05,ANET,Technology,74.6675033569336,74.68499755859375,74.34500122070312,0.004319176639518928,0.0045524047533627154,14:30:00
2024-06-13,ANET,Technology,80.0,80.9124984741211,82.9175033569336,-0.036468791961669925,-0.02477991559553407,14:30:00
2024-06-17,ANET,Technology,83.16999816894531,83.4749984741211,84.98750305175781,-0.021852890739766,-0.018119252534106067,14:30:00
2024-06-20,ANET,Technology,85.99500274658203,85.8948974609375,85.01750183105469,0.011366950221606867,0.010214758452698851,14:30:00
2024-07-18,ANET,Technology,84.66500091552734,83.83000183105469,83.11250305175781,0.01833694970745352,0.008558973680364143,14:30:00
2024-07-26,ANET,Technology,79.61000061035156,80.08499908447266,79.77999877929688,-0.002135387107674609,0.003808457372323508,14:30:00
2024-07-29,ANET,Technology,80.2750015258789,81.55249786376953,80.17250061035156,0.0012768721716473553,0.016921581675195328,14:30:00
2024-08-07,ANET,Technology,82.84249877929688,82.86125183105469,79.37000274658203,0.041916843213119656,0.04213367535879066,14:30:00
2024-08-14,ANET,Technology,87.1500015258789,87.25875091552734,87.16999816894531,-0.00022945086306703407,0.001017121442271735,14:30:00
2024-08-30,ANET,Technology,87.75,87.04499816894531,88.25250244140625,-0.005726523548789174,-0.013872184477703095,14:30:00
2024-09-09,ANET,Technology,79.9800033569336,80.5425033569336,81.19249725341797,-0.015159963060682492,-0.008070197341692379,14:30:00
2024-10-17,ANET,Technology,103.0,103.38500213623047,101.83000183105469,0.011359205523740899,0.015040869304493089,14:30:00
2024-11-18,ANET,Technology,94.9749984741211,93.89250183105469,92.59249877929688,0.025085546018444056,0.013845653554923594,15:30:00
2024-12-19,ANET,Technology,110.30999755859375,108.19000244140625,109.04000091552734,0.011512978616392569,-0.007856534383400515,15:30:00
2025-01-02,ANET,Technology,111.31999969482422,112.61000061035156,111.83000183105469,-0.004581406195010807,0.006926549818570682,15:30:00
2025-01-03,ANET,Technology,112.4800033569336,113.27999877929688,115.19000244140625,-0.024093163260966458,-0.016860908215850446,15:30:00
2025-01-07,ANET,Technology,119.69000244140625,116.5999984741211,115.33000183105469,0.03642744190339525,0.010891909602797095,15:30:00
2025-01-14,ANET,Technology,114.61000061035156,114.44999694824219,114.88999938964844,-0.0024430571311905703,-0.003844495003396397,15:30:00
2025-01-16,ANET,Technology,117.31999969482422,118.47000122070312,118.16999816894531,-0.007245128506069992,0.002532312388508575,15:30:00
2025-01-22,ANET,Technology,126.18000030517578,129.16000366210938,129.82000732421875,-0.028847733477883494,-0.0051099693666468585,15:30:00
2025-01-28,ANET,Technology,105.0199966430664,103.55999755859375,106.5199966430664,-0.014282994172034498,-0.028582456105195473,15:30:00
2025-01-29,ANET,Technology,107.37999725341797,108.83999633789062,107.87000274658203,-0.004563284649818385,0.008912106063448189,15:30:00
2025-01-31,ANET,Technology,115.4000015258789,117.76000213623047,115.25,0.001299839895108388,0.021314555797364684,15:30:00
2025-02-26,ANET,Technology,95.75499725341797,96.27140045166016,96.38999938964844,-0.0066315299926323415,-0.0012319228496923363,15:30:00
2025-02-27,ANET,Technology,97.93000030517578,94.38999938964844,91.5999984741211,0.06463802523566556,0.02955822580324455,15:30:00
2025-03-12,ANET,Technology,82.44000244140625,80.94999694824219,80.20999908447266,0.0270500156585822,0.009141419291747116,14:30:00
2025-04-08,ANET,Technology,72.63999938964844,73.61499786376953,69.51000213623047,0.04308916959963534,0.055763035341462444,14:30:00
2025-04-17,ANET,Technology,72.51000213623047,70.69999694824219,71.16999816894531,0.018480263795435853,-0.006647825190815805,14:30:00
2025-04-23,ANET,Technology,73.20999908447266,72.7300033569336,70.7300033569336,0.033875095732176466,0.027498967519425162,14:30:00
2025-05-01,ANET,Technology,87.7699966430664,88.20999908447266,87.83000183105469,-0.0006836640114309666,0.004307870506313819,14:30:00
2025-05-08,ANET,Technology,87.5199966430664,87.83000183105469,87.26000213623047,0.0029706868922341877,0.006489806250040175,14:30:00
2025-05-14,ANET,Technology,99.1500015258789,97.09500122070312,98.19499969482422,0.009631889221962592,-0.011329094807061459,14:30:00
2025-06-06,ANET,Technology,96.05000305175781,96.31999969482422,97.23999786376953,-0.012389326123919792,-0.009551476036754481,14:30:00
2025-06-24,ANET,Technology,94.6500015258789,92.83999633789062,94.95999908447266,-0.0032751986645134013,-0.0228350154050663,14:30:00
2025-07-24,ANET,Technology,114.0,113.73999786376953,114.04000091552734,-0.000350885223924068,-0.002637621394341302,14:30:00
2025-07-31,ANET,Technology,124.54000091552734,125.63999938964844,123.23999786376953,0.01043843778867141,0.019102208990273553,14:30:00
2025-09-08,ANET,Technology,143.8000030517578,141.55999755859375,140.05999755859375,0.026008382571577036,0.010596213802413552,14:30:00
2025-09-11,ANET,Technology,151.99000549316406,154.48880004882812,153.02499389648438,-0.006809581985092187,0.009475160347423864,14:30:00
2025-10-06,ANET,Technology,151.60000610351562,151.625,149.50999450683594,0.01378635562357817,0.013948923285500825,14:30:00
2025-10-07,ANET,Technology,150.47999572753906,150.11000061035156,145.27000427246094,0.034622485400062075,0.03224299725675212,14:30:00
2025-10-10,ANET,Technology,159.86000061035156,162.07650756835938,154.1199951171875,0.03590645234110161,0.049091090192797,14:30:00
2025-10-15,ANET,Technology,140.4199981689453,143.6999969482422,143.39999389648438,-0.02122201799172296,0.0020877039535767525,14:30:00
2025-10-27,ANET,Technology,157.41000366210938,156.27000427246094,156.8000030517578,0.0038752340776318623,-0.003391557975341243,14:30:00
2025-11-03,ANET,Technology,160.5,156.19000244140625,157.60000610351562,0.018068497797410436,-0.00902748985254885,15:30:00
2025-11-10,ANET,Technology,137.5,136.7324981689453,137.25,0.0018181818181818182,-0.0037847756603939715,15:30:00
2025-11-12,ANET,Technology,135.27749633789062,135.16000366210938,135.00999450683594,0.001977430380486436,0.0011098635040618227,15:30:00
2025-11-20,ANET,Technology,129.88999938964844,130.8699951171875,119.5999984741211,0.07922088662622169,0.08611597053224225,15:30:00
2025-11-24,ANET,Technology,118.91500091552734,121.02999877929688,122.13999938964844,-0.027120198875598623,-0.009171284983450208,15:30:00
2025-11-26,ANET,Technology,127.4749984741211,126.87000274658203,127.62000274658203,-0.0011375114665357305,-0.005911562889283579,15:30:00
2025-12-15,ANET,Technology,125.5,124.51000213623047,125.88999938964844,-0.003107564857756474,-0.011083424863394257,15:30:00
2025-12-22,ANET,Technology,133.42999267578125,132.9499969482422,130.7100067138672,0.02038511662459054,0.01684836619625523,15:30:00
2026-01-02,ANET,Technology,134.0500030517578,134.67999267578125,133.61000061035156,0.0032823754672826186,0.007944699462566113,15:30:00
2026-01-09,ANET,Technology,124.56999969482422,122.91999816894531,122.88500213623047,0.013526511702028688,0.0002847057699003871,15:30:00
2024-01-24,APP,Communication Services,45.41999816894531,43.900001525878906,43.310001373291016,0.046455237356150966,0.013439638543977896,15:30:00
2024-01-25,APP,Communication Services,43.91999816894531,44.380001068115234,44.08000183105469,-0.003643070782787724,0.006759784358727315,15:30:00
2024-02-07,APP,Communication Services,46.5,47.224998474121094,47.709999084472656,-0.026021485687584004,-0.010269997374745047,15:30:00
2024-02-22,APP,Communication Services,58.09000015258789,57.2400016784668,57.78499984741211,0.005250478643047371,-0.009521281498325606,15:30:00
2024-03-21,APP,Communication Services,71.5199966430664,73.23999786376953,71.88999938964844,-0.005173416721879861,0.01843253022251811,14:30:00
2024-04-11,APP,Communication Services,77.20999908447266,75.5199966430664,78.2300033569336,-0.013210779491720857,-0.035884624395252765,14:30:00
2024-04-17,APP,Communication Services,72.75,71.61000061035156,70.88999938964844,0.02556701869899055,0.010054478628213353,14:30:00
2024-04-18,APP,Communication Services,71.47000122070312,70.71499633789062,68.8489990234375,0.03667275993422516,0.026387575635824268,14:30:00
2024-04-23,APP,Communication Services,68.86000061035156,71.46990203857422,71.19000244140625,-0.033836796549554835,0.003916328261047559,14:30:00
2024-04-24,APP,Communication Services,71.83999633789062,68.85009765625,69.68000030517578,0.030066761453544165,-0.01205376139144002,14:30:00
2024-05-03,APP,Communication Services,73.0,74.0,75.08000183105469,-0.02849317576787243,-0.014594619338576859,14:30:00
2024-05-10,APP,Communication Services,85.73999786376953,86.30000305175781,86.44000244140625,-0.008164270994605588,-0.0016222408423841406,14:30:00
2024-05-13,APP,Communication Services,87.05000305175781,84.14929962158203,86.33000183105469,0.008271122291345927,-0.02591468044629292,14:30:00
2024-05-23,APP,Communication Services,81.51000213623047,80.11000061035156,79.26000213623047,0.027603974248945517,0.010610391557171698,14:30:00
2024-05-31,APP,Communication Services,82.98999786376953,78.5999984741211,81.54000091552734,0.01747194825360038,-0.03740461193996385,14:30:00
2024-06-03,APP,Communication Services,82.98999786376953,80.0999984741211,82.68000030517578,0.003735360484074477,-0.0322097613009099,14:30:00
2024-06-12,APP,Communication Services,79.1500015258789,75.98999786376953,76.5199966430664,0.0332281090601444,-0.0069745860533780525,14:30:00
2024-06-20,APP,Communication Services,81.51000213623047,80.27999877929688,77.13999938964844,0.05361308590420959,0.03911309712747779,14:30:00
2024-07-05,APP,Communication Services,87.65070343017578,90.62999725341797,86.80000305175781,0.009705573887329413,0.0422596746963458,14:30:00
2024-07-08,APP,Communication Services,87.30000305175781,85.1500015258789,85.1500015258789,0.024627737121661136,0.0,14:30:00
2024-07-09,APP,Communication Services,85.6500015258789,84.61000061035156,84.70999908447266,0.010974926148976553,-0.0011818753504282506,14:30:00
2024-07-11,APP,Communication Services,84.54000091552734,81.73999786376953,82.0,0.03004495964064776,-0.003180843442934713,14:30:00
2024-07-18,APP,Communication Services,81.87999725341797,81.47000122070312,80.93000030517578,0.011602308013054204,0.006628217840140635,14:30:00
2024-07-22,APP,Communication Services,83.2300033569336,83.26000213623047,83.23999786376953,-0.00012008298008923357,0.0002402626945433703,14:30:00
2024-07-26,APP,Communication Services,78.81999969482422,77.18000030517578,77.54499816894531,0.016176116858861524,-0.004729176759863968,14:30:00
2024-07-29,APP,Communication Services,78.22000122070312,78.13999938964844,76.7699966430664,0.018537516683813784,0.01753266902077199,14:30:00
2024-08-01,APP,Communication Services,78.88999938964844,79.91500091552734,75.04000091552734,0.04880211058318593,0.061002314260786,14:30:00
2024-08-06,APP,Communication Services,68.98999786376953,69.12999725341797,69.0,-0.00014497951210578925,0.0018804753158230647,14:30:00
2024-08-07,APP,Communication Services,72.0,70.6449966430664,67.18000030517578,0.06694444020589192,0.04904800767982914,14:30:00
2024-08-22,APP,Communication Services,91.4000015258789,90.9800033569336,89.0,0.026258221945427127,0.02176306093511149,14:30:00
2024-09-10,APP,Communication Services,87.9000015258789,86.15260314941406,86.19000244140625,0.01945391416141455,-0.0004341051880617708,14:30:00
2024-09-19,APP,Communication Services,126.48999786376953,126.15499877929688,124.0,0.01968533406452638,0.017082151322968652,14:30:00
2024-09-26,APP,Communication Services,133.00999450683594,127.2322006225586,128.1199951171875,0.03676415000075141,-0.006977750052933518,14:30:00
2024-10-17,APP,Communication Services,146.30999755859375,144.1199951171875,142.94000244140625,0.023033252500998063,0.008187570883705409,14:30:00
2024-11-01,APP,Communication Services,171.1199951171875,167.64999389648438,163.55999755859375,0.04417951013507489,0.02439604227135252,14:30:00
2024-11-06,APP,Communication Services,175.22999572753906,171.76499938964844,168.5399932861328,0.038178408974045605,0.018775688382239662,15:30:00
2024-11-07,APP,Communication Services,230.17999267578125,246.16000366210938,246.57000732421875,-0.07120520970527427,-0.001665598212584385,15:30:00
2024-11-20,APP,Communication Services,328.5,322.8599853515625,325.6499938964844,0.008675817666714231,-0.008641543305169367,15:30:00
2024-11-25,APP,Communication Services,341.9898986816406,332.75,319.67999267578125,0.06523557009099772,0.03927875980231029,15:30:00
2024-11-29,APP,Communication Services,332.5,340.19000244140625,335.42999267578125,-0.008812008047462405,0.013992209446086987,15:30:00
2024-12-04,APP,Communication Services,373.0,377.9849853515625,373.7799987792969,-0.0020911495423508713,0.011124744990477815,15:30:00
2024-12-19,APP,Communication Services,315.760009765625,314.2699890136719,318.7300109863281,-0.009405881456957227,-0.014191689084452232,15:30:00
2024-12-23,APP,Communication Services,349.25,333.9172058105469,344.94000244140625,0.012340723145579813,-0.033010568006230055,15:30:00
2025-01-06,APP,Communication Services,358.9996032714844,354.22021484375,355.19000244140625,0.010611713203474519,-0.002737809862387534,15:30:00
2025-01-14,APP,Communication Services,324.8800048828125,324.9800109863281,321.19000244140625,0.011358047235739457,0.01166228203826764,15:30:00
2025-01-31,APP,Communication Services,371.0400085449219,377.8599853515625,369.6400146484375,0.003773161557360404,0.02175401212562136,15:30:00
2025-02-13,APP,Communication Services,505.7995910644531,498.9599914550781,471.8599853515625,0.06710089591307274,0.054312984142247535,15:30:00
2025-02-18,APP,Communication Services,514.0999755859375,494.92999267578125,495.75,0.03569339906119116,-0.0016568147745208894,15:30:00
2025-02-19,APP,Communication Services,502.7250061035156,485.04998779296875,494.30999755859375,0.016738790477410923,-0.019090835993541763,15:30:00
2025-02-21,APP,Communication Services,452.385009765625,436.31500244140625,415.2099914550781,0.08217561923593973,0.04837104126201199,15:30:00
2025-02-27,APP,Communication Services,346.9200134277344,326.30999755859375,320.3999938964844,0.07644419031701176,0.0181116230159272,15:30:00
2025-03-03,APP,Communication Services,350.239990234375,349.3529968261719,337.57000732421875,0.03617514636657482,0.03372803327579871,15:30:00
2025-03-12,APP,Communication Services,285.30499267578125,270.44000244140625,272.7699890136719,0.04393545147789991,-0.008615539680637453,14:30:00
2025-03-28,APP,Communication Services,278.8840026855469,274.1000061035156,272.6000061035156,0.02253265343841437,0.005472455186423876,14:30:00
2025-04-08,APP,Communication Services,255.0500030517578,256.0050048828125,235.41000366210938,0.0770045056053689,0.08044765074077588,14:30:00
2025-04-14,APP,Communication Services,259.489990234375,245.2100067138672,235.97000122070312,0.09063929206836954,0.03768200823853866,14:30:00
2025-04-17,APP,Communication Services,232.5800018310547,226.67999267578125,238.25,-0.02437870033668664,-0.051041149188526966,14:30:00
2025-04-23,APP,Communication Services,255.5050048828125,264.4700012207031,252.14999389648438,0.01313090124346841,0.04658376098367984,14:30:00
2025-04-28,APP,Communication Services,278.8299865722656,285.0,284.760009765625,-0.021267523146483617,0.0008420709978070176,14:30:00
2025-04-29,APP,Communication Services,286.3599853515625,284.30999755859375,289.0199890136719,-0.009289020108182028,-0.016566394061142495,14:30:00
2025-05-12,APP,Communication Services,350.3900146484375,346.4700012207031,347.8399963378906,0.007277656907847178,-0.00395415219892243,14:30:00
2025-05-22,APP,Communication Services,360.8800048828125,365.44500732421875,351.5799865722656,0.025770389560837107,0.03794010172275314,14:30:00
2025-05-29,APP,Communication Services,400.0950012207031,385.5389099121094,384.3900146484375,0.03925314368924678,0.0029799722781126987,14:30:00
2025-06-11,APP,Communication Services,386.0249938964844,385.4700012207031,383.29998779296875,0.007059144217605653,0.005629526087276299,14:30:00
2025-06-25,APP,Communication Services,357.1199951171875,348.29998779296875,338.760009765625,0.05141125000726365,0.02739011875307432,14:30:00
2025-06-26,APP,Communication Services,338.510009765625,336.2300109863281,347.45001220703125,-0.026409861402905223,-0.03337001711355075,14:30:00
2025-07-02,APP,Communication Services,342.5299987792969,338.1300048828125,336.0,0.01906402009333017,0.006299366669783438,14:30:00
2025-07-08,APP,Communication Services,352.1400146484375,346.6940002441406,344.739990234375,0.021014437741335327,0.005636122945276291,14:30:00
2025-07-09,APP,Communication Services,347.84381103515625,349.4200134277344,352.95001220703125,-0.01467958034578606,-0.010102451615945963,14:30:00
2025-07-14,APP,Communication Services,342.8900146484375,356.364990234375,355.8800048828125,-0.03788383936374915,0.0013609231121259517,14:30:00
2025-07-28,APP,Communication Services,366.5,364.28009033203125,370.7799987792969,-0.011678032139964187,-0.017843161401824452,14:30:00
2025-07-29,APP,Communication Services,373.9599914550781,365.82501220703125,361.6300048828125,0.032971405642324605,0.011467251238263256,14:30:00
2025-07-31,APP,Communication Services,380.0,392.9949951171875,390.8399963378906,-0.02852630615234375,0.005483527286789681,14:30:00
2025-08-04,APP,Communication Services,383.010009765625,387.7300109863281,394.75,-0.030651914923996482,-0.018105353763599716,14:30:00
2025-08-05,APP,Communication Services,397.70001220703125,393.70001220703125,377.9200134277344,0.04973597729989501,0.0400812758192113,14:30:00
2025-08-08,APP,Communication Services,448.6000061035156,458.22900390625,456.0,-0.016495750770847754,0.004864388520256209,14:30:00
2025-08-13,APP,Communication Services,471.0199890136719,456.97589111328125,446.5,0.05205721537427185,0.022924384671059915,14:30:00
2025-09-03,APP,Communication Services,487.99969482421875,495.5400085449219,487.010009765625,0.002028044421114325,0.017213542059588534,14:30:00
2025-09-05,APP,Communication Services,505.010009765625,482.6499938964844,490.364990234375,0.028999463868145406,-0.015984660593500986,14:30:00
2025-09-18,APP,Communication Services,616.7349853515625,629.3599853515625,621.5900268554688,-0.007872168142267284,0.01234580951592184,14:30:00
2025-10-02,APP,Communication Services,710.1900024414062,686.3530883789062,683.5900268554688,0.03745473112053857,0.004025714417579967,14:30:00
2025-10-07,APP,Communication Services,595.2150268554688,635.7260131835938,631.719970703125,-0.061330682527476664,0.006301523608271524,14:30:00
2025-10-16,APP,Communication Services,612.8099975585938,609.6290283203125,605.6409912109375,0.011698579292467868,0.006541744116685332,14:30:00
2025-10-22,APP,Communication Services,568.72998046875,557.2000122070312,564.9099731445312,0.006716732817690183,-0.013836971946503322,14:30:00
2025-10-27,APP,Communication Services,634.25,623.5999755859375,643.0650024414062,-0.01389830893402641,-0.03121396346620976,14:30:00
2025-11-03,APP,Communication Services,647.0399780273438,628.47998046875,632.3200073242188,0.02274970821432449,-0.006110022554106937,15:30:00
2025-11-06,APP,Communication Services,648.9000244140625,618.97998046875,621.2899780273438,0.0425489988409999,-0.0037319422783987327,15:30:00
2025-11-10,APP,Communication Services,635.9500122070312,663.1599731445312,651.3200073242188,-0.024168558569323297,0.01785386075726265,15:30:00
2025-11-12,APP,Communication Services,602.0,588.5316772460938,584.8599853515625,0.02847178513029485,0.006238732826943378,15:30:00
2025-11-20,APP,Communication Services,553.8800048828125,560.5650024414062,520.8099975585938,0.059706086214857235,0.07091952710152993,15:30:00
2025-12-08,APP,Communication Services,696.875,699.5900268554688,689.6500244140625,0.010367677970852017,0.0142083249615275,15:30:00
2025-12-15,APP,Communication Services,682.3499755859375,675.3049926757812,675.1699829101562,0.010522448791202422,0.00019992413367187877,15:30:00
2025-12-17,APP,Communication Services,684.7899780273438,680.0800170898438,657.5499877929688,0.03977860527813873,0.033128497721906465,15:30:00
2025-12-19,APP,Communication Services,703.8499755859375,706.0,721.989990234375,-0.025772558467926907,-0.02264871138013456,15:30:00
2025-12-22,APP,Communication Services,731.969970703125,731.385009765625,733.4400024414062,-0.0020083224682962723,-0.0028097276377591876,15:30:00
2026-01-02,APP,Communication Services,683.5,633.469970703125,618.3200073242188,0.09536209608746342,0.02391583512962805,15:30:00
2026-01-14,APP,Communication Services,670.0700073242188,608.6099853515625,617.4299926757812,0.0785589775292945,-0.014492051620092773,15:30:00
2024-01-24,BE,Industrials,12.270000457763672,12.274999618530273,11.880000114440918,0.031784867870643524,0.03217918666922533,15:30:00
2024-01-25,BE,Industrials,12.180000305175781,12.239999771118164,12.479999542236328,-0.024630478616085496,-0.01960782480441495,15:30:00
2024-01-26,BE,Industrials,12.649999618530273,12.6899995803833,12.470000267028809,0.014229198176242939,0.0173364318856697,15:30:00
2024-01-31,BE,Industrials,11.529999732971191,11.890000343322754,11.319999694824219,0.018213360191714184,0.047939498068949926,15:30:00
2024-02-01,BE,Industrials,12.039999961853027,12.020000457763672,12.010000228881836,0.0024916721815814915,0.0008319657654735636,15:30:00
2024-02-07,BE,Industrials,11.539999961853027,11.279999732971191,11.289999961853027,0.02166377823452405,-0.0008865451346249138,15:30:00
2024-02-22,BE,Industrials,8.90999984741211,8.829999923706055,8.619999885559082,0.032547695490394116,0.023782563982042842,15:30:00
2024-02-29,BE,Industrials,9.15999984741211,9.100000381469727,8.760000228881836,0.043668081353001514,0.03736265256430437,15:30:00
2024-03-06,BE,Industrials,9.779999732971191,9.020000457763672,9.539999961853027,0.024539854567588157,-0.05764960950104862,15:30:00
2024-03-08,BE,Industrials,10.619999885559082,10.670000076293945,10.289999961853027,0.031073439478543092,0.03561388113625066,15:30:00
2024-03-12,BE,Industrials,10.529999732971191,10.319999694824219,10.3100004196167,0.020892622880667084,0.0009689220448847939,14:30:00
2024-03-15,BE,Industrials,9.100000381469727,9.140000343322754,9.255000114440918,-0.01703293697512545,-0.012582031378388009,14:30:00
2024-03-21,BE,Industrials,9.640000343322754,9.969300270080566,9.829999923706055,-0.019709499337819625,0.013972931158726746,14:30:00
2024-03-26,BE,Industrials,10.25,10.675000190734863,10.805000305175781,-0.054146371236661585,-0.012177996451348897,14:30:00
2024-04-01,BE,Industrials,11.75,11.175000190734863,11.729999542236328,0.0017021666181848405,-0.049664370651341196,14:30:00
2024-04-04,BE,Industrials,12.0,12.425000190734863,11.789999961853027,0.017500003178914387,0.051106657475574614,14:30:00
2024-04-09,BE,Industrials,12.0,12.229999542236328,11.869999885559082,0.010833342870076498,0.029435786602770225,14:30:00
2024-04-11,BE,Industrials,11.510000228881836,10.970000267028809,11.369999885559082,0.012163365815706378,-0.03646304546887783,14:30:00
2024-04-17,BE,Industrials,9.949999809265137,9.850000381469727,9.800000190734863,0.015075338834740314,0.005076161299336184,14:30:00
2024-04-18,BE,Industrials,9.859999656677246,9.774999618530273,9.75,0.011156152181278599,0.0025575058318040396,14:30:00
2024-04-29,BE,Industrials,10.729999542236328,10.925000190734863,10.979999542236328,-0.023299162224185467,-0.005034265495767039,14:30:00
2024-05-03,BE,Industrials,12.199999809265137,12.020000457763672,11.8100004196167,0.0319671635857123,0.017470884371833317,14:30:00
2024-05-10,BE,Industrials,12.5,12.5,11.154999732971191,0.10760002136230469,0.10760002136230469,14:30:00
2024-05-31,BE,Industrials,16.829999923706055,16.700000762939453,16.334999084472656,0.029411814704536056,0.02185638693363455,14:30:00
2024-06-03,BE,Industrials,16.889999389648438,15.979999542236328,15.760000228881836,0.0669034459207356,0.013767166436583282,14:30:00
2024-06-12,BE,Industrials,15.460000038146973,15.859999656677246,15.3100004196167,0.009702433257448576,0.03467838896383524,14:30:00
2024-07-01,BE,Industrials,12.319999694824219,11.96500015258789,11.369999885559082,0.07711037603874643,0.0497283961087219,14:30:00
2024-07-08,BE,Industrials,12.319999694824219,12.604999542236328,12.420000076293945,-0.008116914281397096,0.014676673753338428,14:30:00
2024-07-11,BE,Industrials,13.449999809265137,13.260000228881836,13.380000114440918,0.005204438350697888,-0.00904976496891065,14:30:00
2024-07-17,BE,Industrials,16.440000534057617,16.360000610351562,15.289999961853027,0.06995137073275715,0.06540346018211682,14:30:00
2024-07-22,BE,Industrials,14.609999656677246,14.470000267028809,14.260000228881836,0.0239561557850858,0.014512787441025592,14:30:00
2024-07-26,BE,Industrials,14.880000114440918,14.539999961853027,14.5,0.025537641903116047,0.0027510290204931756,14:30:00
2024-07-29,BE,Industrials,14.619999885559082,14.100000381469727,13.789999961853027,0.056771541053559645,0.021985844768068443,14:30:00
2024-07-30,BE,Industrials,13.869999885559082,13.300000190734863,13.069999694824219,0.057678456909563004,0.017293270121219173,14:30:00
2024-08-06,BE,Industrials,11.109999656677246,10.859999656677246,10.640000343322754,0.04230416992605547,0.02025776430105374,14:30:00
2024-08-07,BE,Industrials,10.899999618530273,10.59000015258789,9.904999732971191,0.09128439636525833,0.06468370252566095,14:30:00
2024-08-09,BE,Industrials,12.100000381469727,11.319999694824219,11.489999771118164,0.05041327199342359,-0.015017674989132156,14:30:00
2024-08-12,BE,Industrials,11.5600004196167,11.539999961853027,11.149999618530273,0.03546719603839083,0.03379552379652954,14:30:00
2024-08-14,BE,Industrials,11.930000305175781,11.688599586486816,11.40999984741211,0.04358763155589123,0.023835168363265352,14:30:00
2024-08-26,BE,Industrials,12.020000457763672,11.939900398254395,11.869999885559082,0.012479248460236543,0.005854363132336674,14:30:00
2024-08-30,BE,Industrials,12.0600004196167,11.859999656677246,11.90999984741211,0.012437857958993112,-0.004215867806261942,14:30:00
2024-09-17,BE,Industrials,9.930000305175781,10.135000228881836,10.100000381469727,-0.017119846029142287,0.0034533642448640383,14:30:00
2024-09-19,BE,Industrials,10.84000015258789,10.385000228881836,10.25,0.0544280575906668,0.012999540289501905,14:30:00
2024-09-23,BE,Industrials,11.010000228881836,11.109999656677246,10.845000267028809,0.014986372245496725,0.02385233103847754,14:30:00
2024-09-26,BE,Industrials,10.380000114440918,10.3149995803833,10.399999618530273,-0.0019267344767686133,-0.00824043059668395,14:30:00
2024-09-27,BE,Industrials,10.600000381469727,10.625,10.6899995803833,-0.00849049015799144,-0.0061176075654871325,14:30:00
2024-10-18,BE,Industrials,10.260000228881836,10.194999694824219,10.154999732971191,0.010233966234724712,0.003923488283509656,14:30:00
2024-10-24,BE,Industrials,9.180000305175781,9.364999771118164,9.1899995803833,-0.001089245629096748,0.018686619862455008,14:30:00
2024-10-25,BE,Industrials,9.300000190734863,9.489999771118164,9.494999885559082,-0.020967708690854375,-0.0005268824616977654,14:30:00
2024-11-01,BE,Industrials,9.8100004196167,10.229999542236328,9.960000038146973,-0.015290480337832065,0.026392914581727562,14:30:00
2024-11-13,BE,Industrials,13.710000038146973,13.859999656677246,13.595000267028809,0.00838802121066276,0.01911972555647001,15:30:00
2024-11-15,BE,Industrials,20.950000762939453,19.549999237060547,21.145000457763672,-0.009307860989159158,-0.08158574337330472,15:30:00
2024-11-25,BE,Industrials,26.299999237060547,25.290000915527344,25.969999313354492,0.012547525980192292,-0.02688803373706676,15:30:00
2024-11-27,BE,Industrials,26.950000762939453,28.049999237060547,27.209999084472656,-0.009647432807895956,0.029946530318548308,15:30:00
2024-11-29,BE,Industrials,27.665000915527344,27.420000076293945,27.094999313354492,0.02060370805384397,0.01185269008151585,15:30:00
2024-12-04,BE,Industrials,26.440000534057617,25.844999313354492,26.264999389648438,0.006618802604930323,-0.016250728862543442,15:30:00
2024-12-05,BE,Industrials,26.450000762939453,25.75160026550293,25.96500015258789,0.018336506478711465,-0.00828685925863929,15:30:00
2024-12-06,BE,Industrials,26.719999313354492,26.200000762939453,27.06999969482422,-0.013098817008382127,-0.03320606513551712,15:30:00
2024-12-09,BE,Industrials,27.56999969482422,26.43000030517578,26.600000381469727,0.03518314559635605,-0.00643208756454892,15:30:00
2024-12-11,BE,Industrials,24.565000534057617,24.25,23.579999923706055,0.040097723954287304,0.02762886912552352,15:30:00
2024-12-12,BE,Industrials,24.100000381469727,25.229999542236328,24.809200286865234,-0.02942738150082376,0.016678528062065715,15:30:00
2024-12-19,BE,Industrials,24.0,22.44499969482422,22.8799991607666,0.04666670163472494,-0.019380684867761126,15:30:00
2025-01-06,BE,Industrials,24.889999389648438,24.843700408935547,25.469999313354492,-0.023302528643181577,-0.025209565970844023,15:30:00
2025-01-14,BE,Industrials,23.690000534057617,23.43000030517578,22.280000686645508,0.05951877651437963,0.04908235610548558,15:30:00
2025-01-16,BE,Industrials,23.270000457763672,23.010000228881836,23.600000381469727,-0.014181345819267286,-0.02564103201734568,15:30:00
2025-01-17,BE,Industrials,24.25,23.790000915527344,23.90999984741211,0.01402062484898518,-0.005044091099905939,15:30:00
2025-01-22,BE,Industrials,26.950000762939453,26.15999984741211,25.524999618530273,0.05287573670011852,0.024273709196701455,15:30:00
2025-01-28,BE,Industrials,22.790000915527344,22.014999389648438,20.395000457763672,0.10508996759767147,0.0735861447557658,15:30:00
2025-02-05,BE,Industrials,23.889999389648438,24.549999237060547,24.260000228881836,-0.01548768726188081,0.011812587258289197,15:30:00
2025-02-20,BE,Industrials,27.25,26.344999313354492,25.979999542236328,0.04660552138582282,0.013854613043513831,15:30:00
2025-02-21,BE,Industrials,26.5,25.770000457763672,24.15999984741211,0.08830189255048644,0.062475769567420444,15:30:00
2025-02-26,BE,Industrials,22.90999984741211,23.25,23.3799991607666,-0.020515029091437677,-0.005591361753402218,15:30:00
2025-02-27,BE,Industrials,23.790000915527344,24.350000381469727,23.0,0.03320726713430781,0.055441493236980506,15:30:00
2025-03-03,BE,Industrials,24.3799991607666,24.959999084472656,23.450000762939453,0.03814595692536955,0.060496729844535795,15:30:00
2025-03-07,BE,Industrials,22.959999084472656,22.84000015258789,23.09000015258789,-0.005662067652395999,-0.010945709208836136,15:30:00
2025-03-12,BE,Industrials,25.489999771118164,24.850000381469727,24.549999237060547,0.036877228030527454,0.01207248047500579,14:30:00
2025-03-20,BE,Industrials,25.200000762939453,25.68000030517578,25.399999618530273,-0.007936462283165878,0.010903453400235122,14:30:00
2025-03-24,BE,Industrials,24.489999771118164,24.440000534057617,23.010000228881836,0.06043281159935896,0.05851064950604432,14:30:00
2025-04-01,BE,Industrials,19.860000610351562,19.860000610351562,21.25,-0.06998989662285976,-0.06998989662285976,14:30:00
2025-04-08,BE,Industrials,18.56999969482422,17.809999465942383,17.020000457763672,0.083467919360955,0.04435704839235994,14:30:00
2025-04-14,BE,Industrials,18.200000762939453,17.959999084472656,17.899999618530273,0.01648357867215424,0.003340727672656478,14:30:00
2025-04-23,BE,Industrials,18.0,18.389999389648438,17.229999542236328,0.042777803209092885,0.06307775344816284,14:30:00
2025-05-01,BE,Industrials,18.850000381469727,17.940000534057617,16.790000915527344,0.1092837890850889,0.06410254093064789,14:30:00
2025-05-05,BE,Industrials,16.915000915527344,16.87470054626465,16.309999465942383,0.035767154409645466,0.03346436156150141,14:30:00
2025-05-08,BE,Industrials,16.770000457763672,17.12820053100586,17.239999771118164,-0.028026195618671316,-0.006527202896178332,14:30:00
2025-05-09,BE,Industrials,17.3700008392334,17.260000228881836,17.6200008392334,-0.01439263027756039,-0.020857509013769267,14:30:00
2025-05-12,BE,Industrials,18.610000610351562,18.860000610351562,18.940000534057617,-0.017732397253254074,-0.004241777365698794,14:30:00
2025-05-29,BE,Industrials,19.770000457763672,19.059999465942383,18.59000015258789,0.05968640757984381,0.02465893633388169,14:30:00
2025-06-20,BE,Industrials,21.709999084472656,21.670000076293945,21.770000457763672,-0.0027637667352058796,-0.004614692252775888,14:30:00
2025-06-27,BE,Industrials,22.649999618530273,22.385000228881836,22.190000534057617,0.0203090106940366,0.00871117680725435,14:30:00
2025-07-18,BE,Industrials,24.440000534057617,24.485000610351562,25.0,-0.022913234603330414,-0.021033260233234808,14:30:00
2025-07-21,BE,Industrials,25.3799991607666,25.8799991607666,25.360000610351562,0.00078796497542654,0.02009268034302502,14:30:00
2025-07-28,BE,Industrials,34.900001525878906,33.8849983215332,34.775001525878906,0.003581661734522003,-0.026265405000186315,14:30:00
2025-08-04,BE,Industrials,37.720001220703125,35.88999938964844,36.095001220703125,0.04308059245523293,-0.005711948580133303,14:30:00
2025-08-05,BE,Industrials,36.5099983215332,38.26499938964844,37.59000015258789,-0.029580988241725392,0.017640121464189796,14:30:00
2025-08-07,BE,Industrials,39.349998474121094,37.79999923706055,36.81999969482422,0.06429476181455898,0.02592591433905373,14:30:00
2025-08-08,BE,Industrials,37.15999984741211,37.255001068115234,36.81999969482422,0.009149627394618217,0.011676321589568075,14:30:00
2025-08-11,BE,Industrials,37.125,37.619998931884766,37.65999984741211,-0.014410770300662878,-0.0010632885875347818,14:30:00
2025-08-13,BE,Industrials,43.0,44.77000045776367,44.040000915527344,-0.024186067802961484,0.01630555136860038,14:30:00
2025-08-15,BE,Industrials,46.11000061035156,44.81999969482422,45.27000045776367,0.018217309509193827,-0.010040177733232312,14:30:00
2025-09-03,BE,Industrials,51.8849983215332,50.369998931884766,52.474998474121094,-0.011371305226447892,-0.0417907402595524,14:30:00
2025-09-05,BE,Industrials,56.439998626708984,55.36000061035156,57.08000183105469,-0.011339532599542547,-0.0310693858695787,14:30:00
2025-09-08,BE,Industrials,57.47999954223633,57.5,53.439998626708984,0.07028533311937049,0.07060871953549593,14:30:00
2025-09-18,BE,Industrials,80.5,80.45999908447266,80.97000122070312,-0.005838524480784161,-0.006338579940760775,14:30:00
2025-10-07,BE,Industrials,88.83000183105469,91.16999816894531,86.05999755859375,0.031183206297003056,0.056049146791495176,14:30:00
2025-10-08,BE,Industrials,88.1500015258789,89.16999816894531,87.61000061035156,0.006125932004309851,0.01749464607634186,14:30:00
2025-10-15,BE,Industrials,120.80999755859375,121.16000366210938,116.61000061035156,0.03476530943728525,0.03755367212142752,14:30:00
2025-10-16,BE,Industrials,119.44000244140625,119.96990203857422,115.05999755859375,0.03667117208040247,0.04092613561026144,14:30:00
2025-10-20,BE,Industrials,116.13999938964844,114.12000274658203,109.05000305175781,0.061046981015591056,0.044426915289187276,14:30:00
2025-10-27,BE,Industrials,112.66000366210938,110.7699966430664,108.54000091552734,0.03657023444574679,0.020131766679787545,14:30:00
2025-10-31,BE,Industrials,131.69000244140625,126.23999786376953,132.22959899902344,-0.004097475492547537,-0.047446144142980075,14:30:00
2025-11-10,BE,Industrials,141.97000122070312,142.55999755859375,139.25,0.019158985682296903,0.02321827732378646,15:30:00
2025-11-12,BE,Industrials,130.33999633789062,122.29000091552734,126.77999877929688,0.02731316294780988,-0.03671598520038468,15:30:00
2025-11-20,BE,Industrials,113.0999984741211,117.51000213623047,93.44999694824219,0.1737400688858109,0.20474857246700828,15:30:00
2025-11-21,BE,Industrials,94.0199966430664,78.73999786376953,89.99500274658203,0.042809977028234684,-0.14293885176737148,15:30:00
2025-11-26,BE,Industrials,99.86000061035156,93.93000030517578,101.18000030517578,-0.01321850277144287,-0.07718513761785335,15:30:00
2025-12-15,BE,Industrials,96.4800033569336,94.83999633789062,89.51000213623047,0.07224296204589863,0.056199856679356584,15:30:00
2025-12-17,BE,Industrials,88.30000305175781,84.51000213623047,76.97000122070312,0.12831258708353055,0.08922021920402784,15:30:00
2025-12-18,BE,Industrials,82.91000366210938,82.68000030517578,80.20999908447266,0.03256548617028521,0.02987422849039954,15:30:00
2025-12-22,BE,Industrials,93.9000015258789,91.02999877929688,92.2300033569336,0.017784857740231877,-0.013182517782364709,15:30:00
2025-12-26,BE,Industrials,92.5,89.98999786376953,90.20999908447266,0.02475676665434966,-0.0024447297024739537,15:30:00
2025-12-30,BE,Industrials,88.91999816894531,86.19000244140625,87.31999969482422,0.017993685414625683,-0.013110537433690924,15:30:00
2026-01-02,BE,Industrials,90.56999969482422,93.80999755859375,98.66000366210938,-0.08932321954890625,-0.05170031158444823,15:30:00
2026-01-05,BE,Industrials,104.0,103.19000244140625,103.86000061035156,0.001346147977388822,-0.006492859318670464,15:30:00
2026-01-08,BE,Industrials,120.0,122.95999908447266,121.8499984741211,-0.015416653951009114,0.009027330990698853,15:30:00
2024-05-03,BND,Unknown,71.44999694824219,71.2300033569336,71.36000061035156,0.0012595709130095224,-0.0018250350595457989,14:30:00
2024-05-15,BND,Unknown,72.02999877929688,72.01000213623047,72.0999984741211,-0.000971813078030182,-0.0012497755203557347,14:30:00
2024-06-12,BND,Unknown,72.43000030517578,72.49500274658203,72.2249984741211,0.0028303441970307193,0.0037244535793009206,14:30:00
2024-07-11,BND,Unknown,72.83000183105469,72.87989807128906,72.80000305175781,0.00041190139424222193,0.0010962559175521753,14:30:00
2024-08-05,BND,Unknown,74.72429656982422,74.41000366210938,74.3499984741211,0.005009054790544219,0.00080641291540262,14:30:00
2024-11-13,BND,Unknown,72.81999969482422,72.55999755859375,72.48500061035156,0.00460037195655834,0.0010335853192611516,15:30:00
2025-04-03,BND,Unknown,73.76000213623047,73.84500122070312,73.72000122070312,0.0005423117457814652,0.0016927347543323637,14:30:00
2025-04-04,BND,Unknown,74.23799896240234,74.29499816894531,73.80000305175781,0.00589988842326358,0.006662563152123528,14:30:00
2025-04-23,BND,Unknown,72.81999969482422,72.78630065917969,72.52989959716797,0.003983797018291793,0.0035226554954662596,14:30:00
2025-08-01,BND,Unknown,73.41000366210938,73.44180297851562,73.58499908447266,-0.002383808931119905,-0.0019497901760244267,14:30:00
2025-09-05,BND,Unknown,74.29000091552734,74.30149841308594,74.26000213623047,0.00040380641980319263,0.0005584850607556583,14:30:00
2024-01-25,BRK-B,Financial Services,379.239990234375,379.57000732421875,380.8500061035156,-0.004245374724710902,-0.003372233723945247,15:30:00
2024-02-22,BRK-B,Financial Services,411.29998779296875,412.8900146484375,415.05999755859375,-0.009141769699049035,-0.0052555955173774795,15:30:00
2024-02-23,BRK-B,Financial Services,417.67999267578125,420.3580017089844,417.1499938964844,0.0012689111008203828,0.007631608770280808,15:30:00
2024-04-04,BRK-B,Financial Services,423.8399963378906,423.8999938964844,415.4800109863281,0.01972438992024201,0.019863135247443278,14:30:00
2024-04-15,BRK-B,Financial Services,406.989990234375,405.9100036621094,400.25,0.016560579857243206,0.013943986625224732,14:30:00
2024-04-17,BRK-B,Financial Services,398.94000244140625,398.0494079589844,397.6300048828125,0.0032836956699677016,0.0010536457730772229,14:30:00
2024-05-06,BRK-B,Financial Services,403.9599914550781,400.42999267578125,405.010009765625,-0.0025993126367902723,-0.011437747355633477,14:30:00
2024-06-12,BRK-B,Financial Services,411.0899963378906,411.0,408.7099914550781,0.005789498416439895,0.005571796946281934,14:30:00
2024-07-26,BRK-B,Financial Services,435.6600036621094,437.44000244140625,437.9800109863281,-0.0053252704051715265,-0.0012344745380121185,14:30:00
2024-08-06,BRK-B,Financial Services,416.4100036621094,422.19000244140625,421.8399963378906,-0.013040014956478685,0.0008290250870263104,14:30:00
2024-08-07,BRK-B,Financial Services,426.6300048828125,429.5299987792969,427.20001220703125,-0.001336069469317613,0.005424502546707639,14:30:00
2024-08-12,BRK-B,Financial Services,433.3599853515625,430.3800048828125,430.67999267578125,0.006184218124354769,-0.0006970300422075445,14:30:00
2024-09-19,BRK-B,Financial Services,462.0,460.25,459.7099914550781,0.004956728452211851,0.0011732939596347093,14:30:00
2024-11-06,BRK-B,Financial Services,461.0,463.04998779296875,468.7799987792969,-0.01687635310042706,-0.012374497651191026,15:30:00
2024-12-19,BRK-B,Financial Services,451.7300109863281,450.739990234375,449.3900146484375,0.005180077216435918,0.0029950206664279824,15:30:00
2025-02-24,BRK-B,Financial Services,483.5,497.7099914550781,498.70001220703125,-0.031437460614335576,-0.001989151853389066,15:30:00
2025-02-25,BRK-B,Financial Services,503.1499938964844,500.2099914550781,499.760009765625,0.006737521955643338,0.0008995855683413235,15:30:00
2025-04-08,BRK-B,Financial Services,509.0249938964844,514.5349731445312,492.8399963378906,0.03179607632760984,0.04216424138101605,14:30:00
2025-04-14,BRK-B,Financial Services,531.0,532.75,529.5399780273438,0.0027495705699741055,0.0060253814597020176,14:30:00
2025-04-23,BRK-B,Financial Services,527.5,531.8049926757812,526.6699829101562,0.0015734921134478673,0.00965581338337603,14:30:00
2025-04-28,BRK-B,Financial Services,533.6300048828125,535.8900146484375,530.72998046875,0.005434522773319986,0.009628905257868374,14:30:00
2025-05-12,BRK-B,Financial Services,520.2999877929688,512.1951904296875,514.2999877929688,0.011531808842531521,-0.004109365731285971,14:30:00
2025-08-22,BRK-B,Financial Services,491.5,490.3999938964844,488.8450012207031,0.005401828645568413,0.0031708660178113384,14:30:00
2024-01-18,BROS,Consumer Cyclical,28.290000915527344,28.274999618530273,27.690000534057617,0.021208920539143864,0.020689623072152823,15:30:00
2024-01-22,BROS,Consumer Cyclical,28.399999618530273,28.261899948120117,27.280000686645508,0.039436582638331975,0.034742860999333554,15:30:00
2024-01-24,BROS,Consumer Cyclical,27.700000762939453,27.313800811767578,27.489999771118164,0.007581263033835537,-0.006450913242168564,15:30:00
2024-02-22,BROS,Consumer Cyclical,28.670000076293945,27.904600143432617,27.399999618530273,0.044297190595886445,0.01808305878989999,15:30:00
2024-04-04,BROS,Consumer Cyclical,32.880001068115234,33.08000183105469,32.4900016784668,0.011861294920292205,0.017835553806832414,14:30:00
2024-04-17,BROS,Consumer Cyclical,32.0099983215332,31.15999984741211,30.59000015258789,0.04436108226816358,0.01829267322257571,14:30:00
2024-05-08,BROS,Consumer Cyclical,31.149999618530273,32.42499923706055,31.75,-0.019261649721266864,0.020817247584975985,14:30:00
2024-05-09,BROS,Consumer Cyclical,32.40999984741211,32.630001068115234,32.790000915527344,-0.01172480931515885,-0.0049034582339764305,14:30:00
2024-05-16,BROS,Consumer Cyclical,38.25,37.89500045776367,37.77000045776367,0.01254900764016544,0.0032985881644023267,14:30:00
2024-05-31,BROS,Consumer Cyclical,36.04499816894531,34.869998931884766,35.369998931884766,0.018726571545288485,-0.014338973768731757,14:30:00
2024-06-12,BROS,Consumer Cyclical,40.04999923706055,40.0,39.81999969482422,0.0057428101527526735,0.004500007629394532,14:30:00
2024-06-18,BROS,Consumer Cyclical,39.66999816894531,40.59000015258789,39.619998931884766,0.0012603791118822776,0.023897541686539778,14:30:00
2024-07-19,BROS,Consumer Cyclical,38.939998626708984,39.09000015258789,39.189998626708984,-0.0064201337651954805,-0.0025581599828792406,14:30:00
2024-07-26,BROS,Consumer Cyclical,37.869998931884766,38.095001220703125,38.02000045776367,-0.003960959337461507,0.0019687822689632354,14:30:00
2024-07-29,BROS,Consumer Cyclical,38.38999938964844,38.709999084472656,38.349998474121094,0.0010419618693229176,0.009299938487881954,14:30:00
2024-08-01,BROS,Consumer Cyclical,38.63999938964844,38.15999984741211,37.95000076293945,0.01785710759855326,0.005503120684286316,14:30:00
2024-08-07,BROS,Consumer Cyclical,38.27000045776367,38.220001220703125,37.720001220703125,0.014371550313085268,0.013082155521469699,14:30:00
2024-08-09,BROS,Consumer Cyclical,30.450000762939453,30.135000228881836,29.5,0.031198710644884265,0.021071850806665737,14:30:00
2024-09-17,BROS,Consumer Cyclical,34.25,34.41999816894531,34.689998626708984,-0.012846675232379106,-0.007844290300028948,14:30:00
2024-09-19,BROS,Consumer Cyclical,35.25,35.099998474121094,34.849998474121094,0.011347561017841313,0.0071225074321391415,14:30:00
2024-09-23,BROS,Consumer Cyclical,35.099998474121094,34.29499816894531,34.61000061035156,0.013960053705723155,-0.009185084071282731,14:30:00
2024-09-26,BROS,Consumer Cyclical,32.959999084472656,32.86800003051758,32.650001525878906,0.009405265995283015,0.006632545467818628,14:30:00
2024-09-27,BROS,Consumer Cyclical,32.900001525878906,33.095001220703125,32.459999084472656,0.013373933768974059,0.019187252237755855,14:30:00
2024-10-24,BROS,Consumer Cyclical,34.970001220703125,35.72999954223633,35.3849983215332,-0.011867231522553947,0.009655785757716008,14:30:00
2024-11-25,BROS,Consumer Cyclical,51.814998626708984,51.91999816894531,51.93000030517578,-0.0022194669789592,-0.0001926451576119524,15:30:00
2024-11-29,BROS,Consumer Cyclical,53.86000061035156,54.150001525878906,54.31999969482422,-0.008540643877828833,-0.0031393936132036566,15:30:00
2024-12-18,BROS,Consumer Cyclical,53.290000915527344,53.189998626708984,51.279998779296875,0.03771818543250964,0.03590900351053997,15:30:00
2024-12-19,BROS,Consumer Cyclical,52.2400016784668,52.59000015258789,52.34000015258789,-0.0019142126896659899,0.004753755453025946,15:30:00
2024-12-31,BROS,Consumer Cyclical,52.9900016784668,52.880001068115234,52.369998931884766,0.011700372276719096,0.00964451826643366,15:30:00
2025-01-06,BROS,Consumer Cyclical,58.209999084472656,58.70500183105469,57.72999954223633,0.008245998106609944,0.01660850452955079,15:30:00
2025-01-07,BROS,Consumer Cyclical,58.84000015258789,56.93000030517578,57.5,0.022773625919661984,-0.010012290387646412,15:30:00
2025-01-28,BROS,Consumer Cyclical,59.709999084472656,60.279998779296875,59.59000015258789,0.002009695758243126,0.011446560064396748,15:30:00
2025-02-13,BROS,Consumer Cyclical,84.55999755859375,83.66999816894531,83.54000091552734,0.012062401519815856,0.0015536901668801292,15:30:00
2025-02-21,BROS,Consumer Cyclical,82.97000122070312,81.30999755859375,76.12000274658203,0.08255994182644226,0.06382972534554186,15:30:00
2025-02-26,BROS,Consumer Cyclical,73.98999786376953,76.06500244140625,75.43000030517578,-0.019462123029893637,0.008348151131916656,15:30:00
2025-02-27,BROS,Consumer Cyclical,76.80000305175781,78.04000091552734,76.55000305175781,0.003255208203982981,0.019092745339436196,15:30:00
2025-03-12,BROS,Consumer Cyclical,62.9900016784668,62.810001373291016,62.290000915527344,0.011112886875485657,0.008278943582140949,14:30:00
2025-03-26,BROS,Consumer Cyclical,71.5,70.82499694824219,68.77999877929688,0.038041975114729024,0.02887396056564274,14:30:00
2025-04-08,BROS,Consumer Cyclical,55.849998474121094,55.64500045776367,52.599998474121094,0.05819158619146489,0.05472193294263393,14:30:00
2025-04-14,BROS,Consumer Cyclical,59.72999954223633,58.630001068115234,58.400001525878906,0.02226683453123003,0.003922898482794141,14:30:00
2025-04-23,BROS,Consumer Cyclical,61.18000030517578,62.15999984741211,61.15999984741211,0.0003269116976774492,0.01608751612700708,14:30:00
2025-04-28,BROS,Consumer Cyclical,63.9900016784668,63.22999954223633,61.5099983215332,0.03875610707739889,0.027202296902662477,14:30:00
2025-05-01,BROS,Consumer Cyclical,60.380001068115234,60.150001525878906,59.93000030517578,0.007452811443838882,0.003657543061049995,14:30:00
2025-05-12,BROS,Consumer Cyclical,66.36000061035156,66.81500244140625,69.88999938964844,-0.05319467671533184,-0.04602255235923731,14:30:00
2025-05-29,BROS,Consumer Cyclical,71.37999725341797,70.17500305175781,69.79000091552734,0.022275096652717923,0.005486314492163386,14:30:00
2025-06-11,BROS,Consumer Cyclical,71.52999877929688,71.62999725341797,71.47000122070312,0.0008387747744672863,0.002233645663126271,14:30:00
2025-06-30,BROS,Consumer Cyclical,70.81999969482422,69.81500244140625,68.31999969482422,0.03530076264858709,0.021413774895112904,14:30:00
2025-07-10,BROS,Consumer Cyclical,66.98999786376953,65.70999908447266,63.720001220703125,0.048813207155436134,0.030284551689177697,14:30:00
2025-07-14,BROS,Consumer Cyclical,63.600101470947266,64.6500015258789,63.470001220703125,0.002045598155272926,0.018252131126453817,14:30:00
2025-07-18,BROS,Consumer Cyclical,63.91999816894531,63.58000183105469,64.37000274658203,-0.007040121879342411,-0.012425305013776828,14:30:00
2025-07-23,BROS,Consumer Cyclical,62.959999084472656,62.75,62.849998474121094,0.0017471507616125604,-0.0015936011812126493,14:30:00
2025-07-25,BROS,Consumer Cyclical,58.97999954223633,58.185001373291016,59.540000915527344,-0.009494767338714398,-0.02328778053201733,14:30:00
2025-07-28,BROS,Consumer Cyclical,59.81999969482422,59.595001220703125,59.244998931884766,0.00961218264581843,0.005873014206714533,14:30:00
2025-07-29,BROS,Consumer Cyclical,59.86000061035156,58.66999816894531,58.29999923706055,0.026060831229280764,0.006306441851580118,14:30:00
2025-08-05,BROS,Consumer Cyclical,58.95000076293945,57.900001525878906,57.45000076293945,0.025445292291548474,0.007772033697414004,14:30:00
2025-08-07,BROS,Consumer Cyclical,69.55999755859375,71.7300033569336,70.33999633789062,-0.011213323845214979,0.019378320841924333,14:30:00
2025-08-11,BROS,Consumer Cyclical,66.77999877929688,67.88500213623047,67.45999908447266,-0.010182694183974661,0.006260632516515556,14:30:00
2025-08-13,BROS,Consumer Cyclical,69.7249984741211,67.37999725341797,67.5199966430664,0.031624265031330034,-0.0020777589099906916,14:30:00
2025-09-05,BROS,Consumer Cyclical,72.20999908447266,70.5250015258789,65.9800033569336,0.08627608096561659,0.0644452048296311,14:30:00
2025-09-18,BROS,Consumer Cyclical,58.59000015258789,58.720001220703125,58.150001525878906,0.007509790502868771,0.0097070790697336,14:30:00
2025-09-19,BROS,Consumer Cyclical,58.5,57.5,58.64910125732422,-0.002548739441439637,-0.019984369692595108,14:30:00
2025-09-29,BROS,Consumer Cyclical,53.7599983215332,52.28499984741211,52.56700134277344,0.022191164732271184,-0.005393544920805542,14:30:00
2025-10-02,BROS,Consumer Cyclical,52.0099983215332,52.060001373291016,52.349998474121094,-0.006537207528559439,-0.005570439746066909,14:30:00
2025-10-15,BROS,Consumer Cyclical,53.630001068115234,54.220001220703125,55.04999923706055,-0.026477683025621777,-0.015307967496697494,14:30:00
2025-10-20,BROS,Consumer Cyclical,55.3650016784668,55.525001525878906,56.09000015258789,-0.013094887603030068,-0.010175571565642402,14:30:00
2025-10-27,BROS,Consumer Cyclical,58.380001068115234,59.060001373291016,59.869998931884766,-0.02552240213272807,-0.013714824581092189,14:30:00
2025-11-03,BROS,Consumer Cyclical,56.0,56.56999969482422,54.46500015258789,0.027410711560930525,0.03721052772833799,15:30:00
2025-11-06,BROS,Consumer Cyclical,56.30500030517578,53.88999938964844,53.220001220703125,0.05479085459109874,0.012432699508881612,15:30:00
2025-11-10,BROS,Consumer Cyclical,54.61000061035156,56.32500076293945,56.689998626708984,-0.03808822547354356,-0.006480210542841065,15:30:00
2025-11-12,BROS,Consumer Cyclical,56.9900016784668,58.21500015258789,57.619998931884766,-0.011054522457682398,0.010220754430019095,15:30:00
2025-11-20,BROS,Consumer Cyclical,51.5,53.20000076293945,50.90999984741211,0.011456313642483312,0.043045129373806695,15:30:00
2025-11-21,BROS,Consumer Cyclical,51.599998474121094,52.66999816894531,54.814998626708984,-0.06230620634999257,-0.040725280659462466,15:30:00
2025-12-15,BROS,Consumer Cyclical,61.63999938964844,61.0,60.58000183105469,0.017196586130592363,0.0068852158843493855,15:30:00
2025-12-16,BROS,Consumer Cyclical,61.029998779296875,61.93000030517578,62.0,-0.015893843029736014,-0.0011303034794005733,15:30:00
2025-12-17,BROS,Consumer Cyclical,62.75,64.75499725341797,63.040000915527344,-0.004621528534300299,0.02648438592590786,15:30:00
2024-01-18,CCJ,Energy,48.279998779296875,47.939998626708984,47.810001373291016,0.00973482638544309,0.0027116657726715685,15:30:00
2024-01-24,CCJ,Energy,47.790000915527344,47.7599983215332,47.439998626708984,0.007323755641625043,0.006700161349878918,15:30:00
2024-01-25,CCJ,Energy,47.34000015258789,46.77000045776367,45.97999954223633,0.02872836092032029,0.016891188962907228,15:30:00
2024-02-01,CCJ,Energy,50.334999084472656,50.20000076293945,50.54999923706055,-0.004271384851464393,-0.006972081051829044,15:30:00
2024-02-29,CCJ,Energy,41.13999938964844,40.724998474121094,40.525001525878906,0.014948903084434069,0.004910913584669047,15:30:00
2024-03-04,CCJ,Energy,42.22999954223633,41.88999938964844,41.310001373291016,0.02178541745010384,0.013845739432040835,15:30:00
2024-03-08,CCJ,Energy,44.459999084472656,42.63999938964844,41.22999954223633,0.07264956384950495,0.03306753910869919,15:30:00
2024-03-21,CCJ,Energy,42.439998626708984,42.22990036010742,42.63999938964844,-0.004712553473401519,-0.009711105781542802,14:30:00
2024-03-25,CCJ,Energy,43.41999816894531,43.40999984741211,42.0,0.03270378233136173,0.03248099176153687,14:30:00
2024-04-09,CCJ,Energy,49.369998931884766,47.68000030517578,47.900001525878906,0.02977511520780056,-0.0046141195321939485,14:30:00
2024-04-12,CCJ,Energy,51.099998474121094,52.279998779296875,49.59000015258789,0.029549870188311678,0.05145368572147398,14:30:00
2024-04-17,CCJ,Energy,48.59000015258789,49.130001068115234,48.41999816894531,0.003498703089292414,0.01445151401860451,14:30:00
2024-04-29,CCJ,Energy,49.63999938964844,49.0,49.43000030517578,0.004230440915687197,-0.0087755164321588,14:30:00
2024-05-01,CCJ,Energy,47.66999816894531,47.86000061035156,46.91999816894531,0.015733166117228605,0.019640669231477996,14:30:00
2024-05-03,CCJ,Energy,49.09000015258789,48.25,48.400001525878906,0.01405578782978695,-0.0031088399145887307,14:30:00
2024-05-10,CCJ,Energy,52.7400016784668,51.209999084472656,50.91999816894531,0.034508977087586504,0.0056629744329613685,14:30:00
2024-06-12,CCJ,Energy,52.04999923706055,52.0,52.439998626708984,-0.0074927837726220525,-0.008461512052095853,14:30:00
2024-06-24,CCJ,Energy,51.86000061035156,51.72999954223633,50.439998626708984,0.02738144942017485,0.0249371917058319,14:30:00
2024-06-28,CCJ,Energy,52.310001373291016,50.72999954223633,49.20000076293945,0.059453269522173995,0.030159645044408927,14:30:00
2024-07-18,CCJ,Energy,48.33000183105469,47.1349983215332,46.45000076293945,0.038899255056664,0.014532673872628844,14:30:00
2024-07-22,CCJ,Energy,47.130001068115234,47.05500030517578,47.619998931884766,-0.01039672931603281,-0.012007196324400784,14:30:00
2024-07-26,CCJ,Energy,45.46500015258789,45.130001068115234,45.18000030517578,0.00626855485440677,-0.0011078935492397275,14:30:00
2024-08-07,CCJ,Energy,40.08420181274414,39.970001220703125,38.130001068115234,0.04875239261986748,0.0460345283060645,14:30:00
2024-08-09,CCJ,Energy,39.599998474121094,39.2599983215332,39.56999969482422,0.0007575449609292141,-0.00789611274947475,14:30:00
2024-08-12,CCJ,Energy,40.29999923706055,39.09000015258789,39.09000015258789,0.03002479174639589,0.0,14:30:00
2024-08-14,CCJ,Energy,39.790000915527344,40.2599983215332,39.86000061035156,-0.001759228278803648,0.009935363334769451,14:30:00
2024-08-23,CCJ,Energy,42.650001525878906,43.02000045776367,42.599998474121094,0.0011724044541351765,0.009762946982181674,14:30:00
2024-08-26,CCJ,Energy,43.53499984741211,43.650001525878906,42.29999923706055,0.028367993905597216,0.030927886406097362,14:30:00
2024-09-10,CCJ,Energy,37.2400016784668,37.310001373291016,37.70000076293945,-0.01235228420353806,-0.010452944928799307,14:30:00
2024-09-19,CCJ,Energy,41.459999084472656,41.130001068115234,41.087501525878906,0.008984504747209594,0.0010332978636675646,14:30:00
2024-09-23,CCJ,Energy,45.439998626708984,46.404998779296875,46.02000045776367,-0.012764125188898459,0.008296483819863093,14:30:00
2024-09-26,CCJ,Energy,48.34000015258789,48.73500061035156,48.040000915527344,0.006206024743764639,0.014260791753772898,14:30:00
2024-10-24,CCJ,Energy,54.90999984741211,54.20000076293945,53.849998474121094,0.01930434121720314,0.006457606713867093,14:30:00
2024-11-01,CCJ,Energy,53.040000915527344,53.45000076293945,52.5,0.010181012560451515,0.017773634225991514,14:30:00
2024-11-05,CCJ,Energy,51.59000015258789,51.36000061035156,51.27000045776367,0.006202746537657584,0.0017523393987217198,15:30:00
2024-11-06,CCJ,Energy,52.599998474121094,51.34000015258789,51.16999816894531,0.027186318377543935,0.003311296905674217,15:30:00
2024-11-13,CCJ,Energy,55.63999938964844,53.439998626708984,52.97999954223633,0.04780733063607815,0.00860776752046456,15:30:00
2024-11-20,CCJ,Energy,58.27000045776367,57.40999984741211,57.61000061035156,0.011326580439801138,-0.003483726937311055,15:30:00
2024-11-25,CCJ,Energy,60.5,59.25,58.099998474121094,0.03966944670874225,0.019409308453652425,15:30:00
2024-12-02,CCJ,Energy,60.099998474121094,59.459999084472656,58.849998474121094,0.020798669413248767,0.01025900806834788,15:30:00
2024-12-04,CCJ,Energy,60.04999923706055,59.98500061035156,59.61000061035156,0.007327204534541179,0.006251562827112592,15:30:00
2024-12-06,CCJ,Energy,61.5,61.0260009765625,61.040000915527344,0.007479659910124492,-0.00022940941141171174,15:30:00
2024-12-09,CCJ,Energy,61.66999816894531,59.18000030517578,57.540000915527344,0.06696931045958227,0.027712054430405367,15:30:00
2024-12-19,CCJ,Energy,52.599998474121094,51.91999816894531,52.900001525878906,-0.005703480236894157,-0.01887525792556285,15:30:00
2024-12-31,CCJ,Energy,51.2599983215332,51.7599983215332,51.38999938964844,-0.002536111439173102,0.007148356721078923,15:30:00
2025-01-06,CCJ,Energy,54.18000030517578,55.65999984741211,54.81999969482422,-0.011812465596964914,0.01509163052264985,15:30:00
2025-01-07,CCJ,Energy,55.599998474121094,53.45000076293945,51.59000015258789,0.07212227394933561,0.03479888837796291,15:30:00
2025-01-28,CCJ,Energy,48.099998474121094,48.36000061035156,48.59000015258789,-0.010187145405637156,-0.00475598716570521,15:30:00
2025-01-30,CCJ,Energy,51.11000061035156,50.81999969482422,50.29999923706055,0.015848197292468082,0.0102322011193682,15:30:00
2025-01-31,CCJ,Energy,50.790000915527344,50.540000915527344,49.45000076293945,0.02638314881735374,0.021567078212161472,15:30:00
2025-02-06,CCJ,Energy,50.72999954223633,49.47999954223633,48.70000076293945,0.04001574605981924,0.01576392050349687,15:30:00
2025-02-20,CCJ,Energy,48.5,47.66999816894531,46.529998779296875,0.04061858187016753,0.023914399694504113,15:30:00
2025-02-26,CCJ,Energy,44.66999816894531,45.08000183105469,44.7400016784668,-0.0015671258650319575,0.007542150372178368,15:30:00
2025-02-27,CCJ,Energy,45.63999938964844,45.36000061035156,43.5099983215332,0.046669612107802474,0.04078488236166761,15:30:00
2025-03-03,CCJ,Energy,44.63999938964844,42.77000045776367,41.119998931884766,0.07885305792768277,0.038578478097242935,15:30:00
2025-03-07,CCJ,Energy,42.349998474121094,41.970001220703125,41.84000015258789,0.012042463752267876,0.003097475919326563,15:30:00
2025-03-12,CCJ,Energy,43.52000045776367,42.72999954223633,42.599998474121094,0.021139751240017646,0.003042384027800778,14:30:00
2025-03-24,CCJ,Energy,45.36000061035156,45.654998779296875,45.7599983215332,-0.008818291574060463,-0.0022998476627698904,14:30:00
2025-04-01,CCJ,Energy,41.849998474121094,40.875,41.81999969482422,0.0007168167357383641,-0.023119258588971712,14:30:00
2025-04-08,CCJ,Energy,38.790000915527344,38.2599983215332,36.66999816894531,0.054653330666290606,0.04155776848774765,14:30:00
2025-04-14,CCJ,Energy,41.939998626708984,41.65999984741211,41.29999923706055,0.015259881034923583,0.008641397303651826,14:30:00
2025-04-23,CCJ,Energy,41.599998474121094,41.79499816894531,41.959999084472656,-0.008653861143180449,-0.003947862728941173,14:30:00
2025-05-01,CCJ,Energy,46.0,44.959999084472656,45.5099983215332,0.010652210401452106,-0.012233079365219428,14:30:00
2025-05-08,CCJ,Energy,50.40999984741211,49.525001525878906,49.22999954223633,0.023408060082276687,0.005956627451862412,14:30:00
2025-05-12,CCJ,Energy,52.45000076293945,51.099998474121094,51.13999938964844,0.024976193598392604,-0.0007827968047318373,14:30:00
2025-05-20,CCJ,Energy,51.70000076293945,51.875,52.38999938964844,-0.013346201480205816,-0.009927699077560241,14:30:00
2025-05-29,CCJ,Energy,60.88999938964844,59.470001220703125,59.1349983215332,0.02882248457393797,0.005633140949950044,14:30:00
2025-06-17,CCJ,Energy,69.51180267333984,69.30000305175781,69.26000213623047,0.0036224141430006265,0.0005772137628546485,14:30:00
2025-07-31,CCJ,Energy,79.94999694824219,76.37999725341797,74.95999908447266,0.06241398441828513,0.018591230950610806,14:30:00
2025-08-22,CCJ,Energy,73.63999938964844,74.1500015258789,74.93000030517578,-0.017517666026877765,-0.010519201122668211,14:30:00
2025-08-29,CCJ,Energy,81.5,77.33999633789062,77.37000274658203,0.05067481292537385,-0.0003879804772722161,14:30:00
2025-09-03,CCJ,Energy,76.0,76.58999633789062,77.18000030517578,-0.01552631980494449,-0.00770340769677344,14:30:00
2025-09-05,CCJ,Energy,77.02999877929688,75.34500122070312,75.86000061035156,0.015188863916479374,-0.0068352164218550325,14:30:00
2025-09-24,CCJ,Energy,87.77999877929688,86.3499984741211,83.05000305175781,0.0538846638564165,0.03821650817228772,14:30:00
2025-10-08,CCJ,Energy,87.16999816894531,86.80000305175781,86.2300033569336,0.010783467153342169,0.006566816529768262,14:30:00
2025-10-10,CCJ,Energy,87.40499877929688,90.55500030517578,86.66999816894531,0.008409137012946884,0.04290212713972479,14:30:00
2025-10-15,CCJ,Energy,96.0,96.9800033569336,93.45999908447266,0.026458342870076496,0.0362961863334404,14:30:00
2025-10-16,CCJ,Energy,94.25,94.79000091552734,91.11000061035156,0.033315643391495356,0.038822663462734164,14:30:00
2025-10-28,CCJ,Energy,100.52999877929688,105.08999633789062,106.88999938964844,-0.06326470394488197,-0.01712820548561399,14:30:00
2025-10-31,CCJ,Energy,105.97000122070312,102.625,102.19999694824219,0.03557614635305298,0.004141320845386724,14:30:00
2025-11-03,CCJ,Energy,103.27999877929688,102.2300033569336,100.8550033569336,0.023479816528129034,0.013450063140458096,15:30:00
2025-11-10,CCJ,Energy,96.23999786376953,95.00499725341797,94.23999786376953,0.020781380344906668,0.008052201586910897,15:30:00
2025-11-12,CCJ,Energy,93.02999877929688,92.38800048828125,92.56999969482422,0.004944631737166329,-0.001969944208999891,15:30:00
2025-11-20,CCJ,Energy,87.55000305175781,89.04000091552734,82.0199966430664,0.06316397733786687,0.07884101752335838,15:30:00
2025-12-15,CCJ,Energy,92.41999816894531,90.3499984741211,89.78500366210938,0.02851108590176688,0.006253401456044849,15:30:00
2025-12-17,CCJ,Energy,88.20999908447266,87.90499877929688,84.87999725341797,0.03775084305199656,0.034412167315692466,15:30:00
2025-12-19,CCJ,Energy,88.26000213623047,90.73500061035156,89.98999786376953,-0.01960112945464007,0.008210753750709041,15:30:00
2026-01-05,CCJ,Energy,100.16999816894531,97.44999694824219,100.19000244140625,-0.0001997032327703408,-0.028117040317808723,15:30:00
2026-01-12,CCJ,Energy,108.5,109.2699966430664,109.76499938964844,-0.011658980549755185,-0.004530088421243134,15:30:00
2024-01-25,CEG,Utilities,117.9000015258789,118.26000213623047,120.58000183105469,-0.022731130368878957,-0.019617788372366832,15:30:00
2024-02-07,CEG,Utilities,131.9600067138672,132.8800048828125,132.52000427246094,-0.004243691498197703,0.002709215812183697,15:30:00
2024-02-22,CEG,Utilities,132.39999389648438,132.34500122070312,133.35000610351562,-0.007175319114999413,-0.007593825785203016,15:30:00
2024-03-05,CEG,Utilities,178.125,184.4499969482422,176.77000427246094,0.007606993558114035,0.041637261061794995,15:30:00
2024-03-07,CEG,Utilities,181.75,179.14999389648438,179.5800018310547,0.011939467229410248,-0.00240026764845316,15:30:00
2024-03-21,CEG,Utilities,177.4600067138672,174.5,174.0800018310547,0.01904657249485147,0.002406866297680874,14:30:00
2024-04-01,CEG,Utilities,185.5449981689453,187.19000244140625,185.89999389648438,-0.0019132594844503772,0.006891439329542561,14:30:00
2024-04-04,CEG,Utilities,193.44000244140625,190.5709991455078,183.0,0.05397023526490374,0.03972797109452673,14:30:00
2024-04-15,CEG,Utilities,194.10000610351562,193.6999969482422,185.4199981689453,0.04471925637107487,0.042746509601181565,14:30:00
2024-04-17,CEG,Utilities,187.9199981689453,183.89999389648438,185.3699951171875,0.013569620458729937,-0.007993481617680613,14:30:00
2024-05-10,CEG,Utilities,220.52000427246094,214.27999877929688,214.7899932861328,0.025984087045674443,-0.002380037846468439,14:30:00
2024-05-13,CEG,Utilities,217.0,217.32000732421875,213.5500030517578,0.01589860344812068,0.017347709117442118,14:30:00
2024-05-23,CEG,Utilities,223.5666046142578,224.49000549316406,221.16000366210938,0.010764581572014258,0.014833630672061653,14:30:00
2024-06-10,CEG,Utilities,198.55999755859375,208.22000122070312,214.7100067138672,-0.08133566354677092,-0.031168982110825035,14:30:00
2024-06-12,CEG,Utilities,221.27000427246094,217.55999755859375,218.0399932861328,0.014597599873279025,-0.0022062683072506884,14:30:00
2024-06-20,CEG,Utilities,223.5,223.7550048828125,222.33999633789062,0.005190172984829418,0.006323919081331652,14:30:00
2024-07-01,CEG,Utilities,208.5,203.8800048828125,205.0500030517578,0.01654674795319994,-0.005738660687289132,14:30:00
2024-07-16,CEG,Utilities,214.13999938964844,209.44000244140625,204.8800048828125,0.043242712866485455,0.021772333391131778,14:30:00
2024-07-18,CEG,Utilities,191.9010009765625,184.60000610351562,187.22000122070312,0.024392784467190357,-0.014192822484081182,14:30:00
2024-07-22,CEG,Utilities,192.3699951171875,189.85000610351562,190.3000030517578,0.010760472620320516,-0.002370276185278745,14:30:00
2024-07-25,CEG,Utilities,176.6999969482422,170.72000122070312,170.3699951171875,0.035823440522802216,0.002050176318023479,14:30:00
2024-07-26,CEG,Utilities,176.5399932861328,173.0,175.16000366210938,0.007816866865893527,-0.01248557030121026,14:30:00
2024-07-29,CEG,Utilities,176.0500030517578,173.52000427246094,172.6699981689453,0.019199118569846293,0.004898605824034826,14:30:00
2024-08-06,CEG,Utilities,174.24000549316406,175.3000030517578,180.94000244140625,-0.03845269018029874,-0.032173412957575434,14:30:00
2024-08-07,CEG,Utilities,190.08999633789062,185.5850067138672,179.64999389648438,0.054921366944785645,0.03198002318438012,14:30:00
2024-08-13,CEG,Utilities,189.33999633789062,190.60000610351562,189.41000366210938,-0.00036974398211045157,0.006243454371979164,14:30:00
2024-08-28,CEG,Utilities,197.19000244140625,196.27999877929688,193.83999633789062,0.016988721852219956,0.01243123322081259,14:30:00
2024-09-10,CEG,Utilities,175.52000427246094,177.63999938964844,180.25,-0.026948470900198116,-0.014692640279887629,14:30:00
2024-09-19,CEG,Utilities,205.39999389648438,205.2449951171875,208.39100646972656,-0.014561892220647148,-0.015328078283920167,14:30:00
2024-09-23,CEG,Utilities,259.55999755859375,261.3581848144531,257.1700134277344,0.009207829223838136,0.016024642158010364,14:30:00
2024-10-03,CEG,Utilities,272.1499938964844,275.4100036621094,277.3999938964844,-0.019290832694256473,-0.007225555382572259,14:30:00
2024-10-17,CEG,Utilities,285.0,280.7099914550781,271.2099914550781,0.04838599489446272,0.033842756899233065,14:30:00
2024-10-24,CEG,Utilities,267.7900085449219,264.364990234375,264.489990234375,0.01232315697093417,-0.00047283114110223217,14:30:00
2024-10-30,CEG,Utilities,266.8800048828125,264.5150146484375,261.7699890136719,0.019147241365588413,0.010377579656164293,14:30:00
2024-11-05,CEG,Utilities,230.35000610351562,230.97000122070312,233.72000122070312,-0.014629889419985853,-0.011906308115625113,15:30:00
2024-11-06,CEG,Utilities,238.82000732421875,238.17599487304688,234.81100463867188,0.016786712011545617,0.014128167014348422,15:30:00
2024-11-08,CEG,Utilities,243.25,240.4499969482422,239.36000061035156,0.015991775497013104,0.004533151805883579,15:30:00
2024-11-13,CEG,Utilities,231.88499450683594,230.10260009765625,225.91000366210938,0.025767043949669718,0.01822055219614,15:30:00
2024-11-14,CEG,Utilities,228.1999969482422,230.0399932861328,225.3699951171875,0.012401410468452185,0.020300809881943375,15:30:00
2024-11-25,CEG,Utilities,253.75,250.0,248.86000061035156,0.01927093355526478,0.00455999755859375,15:30:00
2024-12-03,CEG,Utilities,251.4705047607422,249.64149475097656,247.50999450683594,0.01574940272885847,0.00853824499916109,15:30:00
2024-12-04,CEG,Utilities,252.5,254.6591033935547,254.3300018310547,-0.00724753200417698,0.0012923220026868649,15:30:00
2024-12-12,CEG,Utilities,242.4550018310547,245.16000366210938,239.00999450683594,0.014208852356938665,0.025085695314924446,15:30:00
2024-12-13,CEG,Utilities,241.97999572753906,237.6199951171875,239.07000732421875,0.012025739543349925,-0.006102231448646166,15:30:00
2024-12-19,CEG,Utilities,228.86000061035156,227.1300048828125,225.11000061035156,0.016385563182727634,0.008893603790935314,15:30:00
2025-01-06,CEG,Utilities,257.8699951171875,258.1700134277344,264.4200134277344,-0.02540046703599718,-0.02420885337153793,15:30:00
2025-01-17,CEG,Utilities,319.5,313.2099914550781,316.3599853515625,0.009827901873043818,-0.010057130942248884,15:30:00
2025-01-21,CEG,Utilities,327.0,324.55499267578125,323.6400146484375,0.01027518456135321,0.002819177174876432,15:30:00
2025-01-28,CEG,Utilities,281.0,271.5968017578125,278.69000244140625,0.008220631881116549,-0.02611665762514714,15:30:00
2025-01-31,CEG,Utilities,310.25,302.05999755859375,299.95001220703125,0.033198993692083,0.0069853187069340555,15:30:00
2025-02-05,CEG,Utilities,310.5,307.0849914550781,313.9800109863281,-0.01120776485129831,-0.022453130967355128,15:30:00
2025-02-18,CEG,Utilities,324.1499938964844,319.164306640625,325.5199890136719,-0.004226423393439893,-0.019913512384714414,15:30:00
2025-02-24,CEG,Utilities,290.0,265.87249755859375,267.4200134277344,0.07786202266298492,-0.005820518795102449,15:30:00
2025-02-26,CEG,Utilities,272.75,276.4100036621094,270.17999267578125,0.009422574974220898,0.022539021394984853,15:30:00
2025-02-27,CEG,Utilities,276.3900146484375,264.5,249.67999267578125,0.09663888185913973,0.0560302734375,15:30:00
2025-03-12,CEG,Utilities,218.86500549316406,216.14999389648438,215.30999755859375,0.016242925297993097,0.0038861733130231067,14:30:00
2025-03-13,CEG,Utilities,216.77000427246094,210.55099487304688,209.9199981689453,0.031600341230356606,0.0029968830329299852,14:30:00
2025-04-08,CEG,Utilities,188.94000244140625,191.64999389648438,185.02999877929688,0.020694419453720175,0.03454210972092776,14:30:00
2025-04-14,CEG,Utilities,214.97000122070312,209.0449981689453,206.6999969482422,0.0384705039098473,0.011217686341425637,14:30:00
2025-04-17,CEG,Utilities,208.35000610351562,203.77000427246094,206.61000061035156,0.008351358013877697,-0.01393726396596265,14:30:00
2025-04-23,CEG,Utilities,212.9521942138672,213.6300048828125,209.52000427246094,0.016117185146067633,0.01923887336241048,14:30:00
2025-05-01,CEG,Utilities,232.18499755859375,240.69500732421875,240.50999450683594,-0.03585501662802872,0.0007686608020647401,14:30:00
2025-05-08,CEG,Utilities,271.75,270.56500244140625,270.69000244140625,0.003900634990225391,-0.000461996188982609,14:30:00
2025-05-09,CEG,Utilities,272.07000732421875,268.9259033203125,271.4800109863281,0.0021685460433260536,-0.009497440129348477,14:30:00
2025-05-12,CEG,Utilities,286.4200134277344,287.44000244140625,285.1300048828125,0.004503905050082516,0.008036451221032243,14:30:00
2025-05-29,CEG,Utilities,313.25,302.4100036621094,303.3800048828125,0.031508364300678375,-0.0032075698851117794,14:30:00
2025-06-03,CEG,Utilities,342.0,324.19000244140625,313.3699951171875,0.0837134645696272,0.033375512022997524,14:30:00
2025-06-11,CEG,Utilities,297.0,291.9200134277344,292.19000244140625,0.016195277975063132,-0.0009248732572380192,14:30:00
2025-07-08,CEG,Utilities,319.69000244140625,312.1700134277344,312.8299865722656,0.0214583371915046,-0.0021141465103727206,14:30:00
2025-07-21,CEG,Utilities,324.4200134277344,323.3500061035156,317.8699951171875,0.020189932924732812,0.01694761367833029,14:30:00
2025-07-28,CEG,Utilities,330.0849914550781,325.5450134277344,328.75,0.004044387020425333,-0.00984498745202583,14:30:00
2025-07-29,CEG,Utilities,332.0,337.5899963378906,330.510009765625,0.004487922392695783,0.02097214564728788,14:30:00
2025-07-31,CEG,Utilities,349.75,352.92999267578125,347.8699951171875,0.005375282009471051,0.014337114055483834,14:30:00
2025-08-04,CEG,Utilities,345.0,352.135009765625,354.989990234375,-0.028956493432971013,-0.008107630282630023,14:30:00
2025-08-08,CEG,Utilities,338.7099914550781,340.55999755859375,335.7650146484375,0.008694685367825078,0.014079700917695913,14:30:00
2025-09-05,CEG,Utilities,311.04998779296875,298.010498046875,301.7099914550781,0.03002731620136638,-0.012413970086453868,14:30:00
2025-10-08,CEG,Utilities,368.80999755859375,369.17498779296875,370.9700012207031,-0.0058566841365687485,-0.004862229260073839,14:30:00
2025-10-15,CEG,Utilities,396.9750061035156,406.2449951171875,403.2099914550781,-0.015706241591282092,0.0074708702841591495,14:30:00
2025-10-16,CEG,Utilities,406.8399963378906,410.0299987792969,396.4800109863281,0.02546452031466021,0.033046332788597206,14:30:00
2025-10-20,CEG,Utilities,395.94000244140625,383.8699951171875,370.0,0.06551498277884922,0.03613201160187912,14:30:00
2025-10-22,CEG,Utilities,362.0,350.3500061035156,350.05999755859375,0.0329834321585808,0.0008277680601386605,14:30:00
2025-10-27,CEG,Utilities,391.7699890136719,388.9800109863281,391.25,0.0013272813851336852,-0.005835747209518334,14:30:00
2025-10-28,CEG,Utilities,396.5350036621094,380.94000244140625,384.95001220703125,0.029215558142629418,-0.010526617682378458,14:30:00
2025-10-31,CEG,Utilities,388.0,381.7900085449219,376.94000244140625,0.028505148346891107,0.01270333428053806,14:30:00
2025-11-03,CEG,Utilities,380.56500244140625,379.3800048828125,377.75,0.007396903087113646,0.004296496551830653,15:30:00
2025-11-05,CEG,Utilities,364.5,363.5299987792969,362.9599914550781,0.004224989149305556,0.0015679787806585058,15:30:00
2025-11-10,CEG,Utilities,367.3500061035156,358.885009765625,361.0,0.017285983389166613,-0.005893225341889383,15:30:00
2025-11-12,CEG,Utilities,354.5,352.2699890136719,354.0,0.0014104372355430183,-0.0049110371030243564,15:30:00
2025-11-20,CEG,Utilities,368.25,372.3299865722656,345.9599914550781,0.06052955477236083,0.07082425823381631,15:30:00
2025-12-08,CEG,Utilities,362.7650146484375,359.6050109863281,357.6600036621094,0.014072500875740426,0.005408732539304625,15:30:00
2025-12-15,CEG,Utilities,356.56500244140625,357.2049865722656,357.1300048828125,-0.0015845706604340564,0.00020991221363578463,15:30:00
2025-12-17,CEG,Utilities,368.5150146484375,354.260009765625,340.9700012207031,0.07474597325162519,0.03751484271034265,15:30:00
2025-12-18,CEG,Utilities,351.6099853515625,368.32501220703125,361.0950012207031,-0.02697595706691006,0.019629432557418117,15:30:00
2025-12-22,CEG,Utilities,363.2749938964844,358.739990234375,357.6400146484375,0.015511607852789804,0.003066219590458412,15:30:00
2026-01-02,CEG,Utilities,358.0,368.44000244140625,366.17999267578125,-0.022849141552461594,0.006133996717645809,15:30:00
2026-01-14,CEG,Utilities,331.6449890136719,334.1050109863281,330.1600036621094,0.004477635425696971,0.011807686788571343,15:30:00
2024-01-18,CELH,Consumer Defensive,60.40999984741211,60.869998931884766,59.599998474121094,0.01340839886338313,0.020864144571200633,15:30:00
2024-01-22,CELH,Consumer Defensive,53.41999816894531,53.665000915527344,52.650001525878906,0.014414014778346229,0.018913619162070287,15:30:00
2024-02-02,CELH,Consumer Defensive,51.25,52.77000045776367,53.349998474121094,-0.04097557998285061,-0.010991055738603673,15:30:00
2024-02-14,CELH,Consumer Defensive,61.22800064086914,61.63999938964844,62.56999969482422,-0.02191806101634006,-0.01508761055133887,15:30:00
2024-02-15,CELH,Consumer Defensive,63.18000030517578,63.529998779296875,63.400001525878906,-0.003482133897443211,0.0020462341557659874,15:30:00
2024-02-22,CELH,Consumer Defensive,62.459999084472656,63.70000076293945,64.11000061035156,-0.026416931637277128,-0.006436418249631271,15:30:00
2024-03-06,CELH,Consumer Defensive,87.61000061035156,85.59500122070312,87.47000122070312,0.0015979841190857825,-0.021905484821074902,15:30:00
2024-03-08,CELH,Consumer Defensive,90.05999755859375,90.62999725341797,88.9219970703125,0.012636026195102413,0.0188458593718103,15:30:00
2024-03-13,CELH,Consumer Defensive,92.58000183105469,94.36499786376953,96.11000061035156,-0.03812917162972863,-0.018492055169663783,14:30:00
2024-03-21,CELH,Consumer Defensive,91.62000274658203,91.73999786376953,90.94000244140625,0.007421963379073892,0.008720246795200982,14:30:00
2024-04-01,CELH,Consumer Defensive,83.93000030517578,83.43499755859375,82.58000183105469,0.016084814359733086,0.01024744714516982,14:30:00
2024-04-04,CELH,Consumer Defensive,78.41000366210938,79.69999694824219,79.5,-0.013901240747133796,0.002509372094105187,14:30:00
2024-04-17,CELH,Consumer Defensive,72.7300033569336,71.75499725341797,70.94999694824219,0.024474169208486808,0.011218735084509197,14:30:00
2024-04-23,CELH,Consumer Defensive,70.23999786376953,71.67500305175781,72.0,-0.025056978783569907,-0.00453431369940091,14:30:00
2024-04-29,CELH,Consumer Defensive,73.5999984741211,75.97000122070312,73.73999786376953,-0.0019021656596591298,0.029353735962898468,14:30:00
2024-05-03,CELH,Consumer Defensive,75.69999694824219,75.47000122070312,75.98999786376953,-0.0038309237413262248,-0.0068901104366718815,14:30:00
2024-05-10,CELH,Consumer Defensive,83.18990325927734,84.59750366210938,82.83000183105469,0.004326263333916307,0.02089307313504499,14:30:00
2024-05-13,CELH,Consumer Defensive,83.5199966430664,87.58999633789062,86.58000183105469,-0.03663799462379785,0.011530934456712874,14:30:00
2024-05-15,CELH,Consumer Defensive,92.80999755859375,92.66000366210938,93.83000183105469,-0.010990241345680222,-0.01262678742396542,14:30:00
2024-06-12,CELH,Consumer Defensive,66.41999816894531,66.17500305175781,61.689998626708984,0.07121348498392222,0.06777490318422724,14:30:00
2024-06-18,CELH,Consumer Defensive,59.0,61.0,63.290000915527344,-0.07271187992419227,-0.03754099861520235,14:30:00
2024-07-01,CELH,Consumer Defensive,57.68000030517578,58.73500061035156,57.83000183105469,-0.002600581225472813,0.015408168381586368,14:30:00
2024-07-11,CELH,Consumer Defensive,57.310001373291016,57.84000015258789,58.540000915527344,-0.02146221449594245,-0.012102364472558417,14:30:00
2024-07-26,CELH,Consumer Defensive,46.900001525878906,47.720001220703125,47.9900016784668,-0.023240940663646684,-0.005658014477303352,14:30:00
2024-07-29,CELH,Consumer Defensive,48.470001220703125,47.06999969482422,46.880001068115234,0.03280379848450983,0.004036512172101766,14:30:00
2024-07-30,CELH,Consumer Defensive,47.279998779296875,46.08000183105469,46.31999969482422,0.020304549688208197,-0.005208286767206453,14:30:00
2024-08-06,CELH,Consumer Defensive,43.599998474121094,42.83319854736328,40.34000015258789,0.07477060632165354,0.05820714957858001,14:30:00
2024-08-22,CELH,Consumer Defensive,41.5,40.66239929199219,39.34000015258789,0.05204818909426769,0.032521424274753075,14:30:00
2024-08-23,CELH,Consumer Defensive,39.61000061035156,40.59560012817383,39.529998779296875,0.002019738192929491,0.02624918329849774,14:30:00
2024-08-29,CELH,Consumer Defensive,38.58000183105469,37.93949890136719,37.630001068115234,0.024624176201431827,0.00815766792430672,14:30:00
2024-08-30,CELH,Consumer Defensive,38.2400016784668,38.27009963989258,38.02000045776367,0.005753169744943007,0.006535106636309982,14:30:00
2024-09-10,CELH,Consumer Defensive,33.9900016784668,32.7599983215332,32.4900016784668,0.044130624475675555,0.00824165619352114,14:30:00
2024-09-19,CELH,Consumer Defensive,35.595001220703125,34.2400016784668,34.08000183105469,0.042562138999654484,0.00467289251077145,14:30:00
2024-09-24,CELH,Consumer Defensive,33.099998474121094,31.989999771118164,31.6299991607666,0.04441085743565205,0.011253535883941622,14:30:00
2024-09-25,CELH,Consumer Defensive,31.829999923706055,31.4950008392334,31.020000457763672,0.025447674140241478,0.015081770719561863,14:30:00
2024-09-26,CELH,Consumer Defensive,31.6299991607666,31.440000534057617,31.309999465942383,0.010116968173086195,0.0041348939537838025,14:30:00
2024-09-27,CELH,Consumer Defensive,31.899999618530273,32.13999938964844,32.52000045776367,-0.01943576321779165,-0.011823306637573368,14:30:00
2024-09-30,CELH,Consumer Defensive,32.89500045776367,32.040000915527344,31.3700008392334,0.04635961688124411,0.02091136258267856,14:30:00
2024-10-01,CELH,Consumer Defensive,31.604999542236328,31.350000381469727,31.200000762939453,0.012814389658688089,0.004784676768901566,14:30:00
2024-10-10,CELH,Consumer Defensive,33.54999923706055,33.7599983215332,34.90999984741211,-0.04053653178177293,-0.03406402793407127,14:30:00
2024-10-24,CELH,Consumer Defensive,30.799999237060547,31.030000686645508,31.709999084472656,-0.029545450323165554,-0.021914224388651135,14:30:00
2024-11-05,CELH,Consumer Defensive,31.56089973449707,31.350000381469727,31.760000228881836,-0.0063084543235357275,-0.013078144893881755,15:30:00
2024-11-13,CELH,Consumer Defensive,27.329999923706055,27.8700008392334,27.049999237060547,0.010245177000627617,0.02942237450594231,15:30:00
2024-11-25,CELH,Consumer Defensive,30.299999237060547,30.6299991607666,29.760000228881836,0.01782174989358505,0.028403491861636456,15:30:00
2024-11-29,CELH,Consumer Defensive,28.5,28.739999771118164,28.719900131225586,-0.007715794078090735,0.0006993611709342099,15:30:00
2024-12-02,CELH,Consumer Defensive,28.815000534057617,29.290000915527344,28.639999389648438,0.0060732653536597625,0.022191925761747743,15:30:00
2024-12-09,CELH,Consumer Defensive,28.510000228881836,30.010000228881836,30.579999923706055,-0.07260609183465462,-0.018993658463076154,15:30:00
2024-12-12,CELH,Consumer Defensive,30.1200008392334,31.71500015258789,32.0,-0.06241696906986044,-0.008986279238244112,15:30:00
2024-12-19,CELH,Consumer Defensive,27.450000762939453,26.924999237060547,27.940000534057617,-0.017850628688496,-0.037697356574108484,15:30:00
2024-12-31,CELH,Consumer Defensive,25.979999542236328,26.780000686645508,26.34000015258789,-0.013856836670312508,0.016430191291109043,15:30:00
2025-01-06,CELH,Consumer Defensive,29.399999618530273,28.6200008392334,28.940000534057617,0.015646227566027838,-0.011180981322179099,15:30:00
2025-01-07,CELH,Consumer Defensive,29.1200008392334,29.079999923706055,29.219999313354492,-0.003434013435410542,-0.004814284388436666,15:30:00
2025-01-14,CELH,Consumer Defensive,27.490699768066406,27.059999465942383,26.8700008392334,0.022578505970008832,0.007021383239423784,15:30:00
2025-01-17,CELH,Consumer Defensive,27.940000534057617,27.354999542236328,27.23889923095703,0.025093102709356597,0.004244208123638866,15:30:00
2025-02-06,CELH,Consumer Defensive,22.81999969482422,22.46500015258789,21.959999084472656,0.037686267390556465,0.022479459812381083,15:30:00
2025-02-14,CELH,Consumer Defensive,23.059999465942383,22.729999542236328,22.34000015258789,0.031222867737610693,0.017157914540374283,15:30:00
2025-02-18,CELH,Consumer Defensive,22.329999923706055,23.040000915527344,22.760000228881836,-0.019256619195922288,0.012152807097190998,15:30:00
2025-02-19,CELH,Consumer Defensive,24.084999084472656,25.59000015258789,26.100000381469727,-0.08366208734033627,-0.019929668848800697,15:30:00
2025-02-21,CELH,Consumer Defensive,34.15599822998047,31.399999618530273,32.61000061035156,0.04526284400237218,-0.03853506390195062,15:30:00
2025-02-26,CELH,Consumer Defensive,27.135000228881836,27.610000610351562,27.204999923706055,-0.00257968285364939,0.014668622879119556,15:30:00
2025-03-03,CELH,Consumer Defensive,26.190000534057617,26.239999771118164,25.639999389648438,0.021000425093308236,0.022865868395705355,15:30:00
2025-03-24,CELH,Consumer Defensive,33.369998931884766,33.78450012207031,34.88999938964844,-0.045549910291166465,-0.03272208449388714,14:30:00
2025-03-31,CELH,Consumer Defensive,34.380001068115234,35.665000915527344,35.61000061035156,-0.03577659988431637,0.0015421366539720446,14:30:00
2025-04-01,CELH,Consumer Defensive,36.04499816894531,36.14799880981445,35.73099899291992,0.008711310638820274,0.01153590324843412,14:30:00
2025-04-08,CELH,Consumer Defensive,36.0,36.26499938964844,33.939998626708984,0.05722226036919488,0.064111424295325,14:30:00
2025-04-14,CELH,Consumer Defensive,38.11000061035156,37.16999816894531,37.349998474121094,0.019942328104398784,-0.00484262346093327,14:30:00
2025-04-17,CELH,Consumer Defensive,37.08000183105469,37.130001068115234,37.220001220703125,-0.003775603633632707,-0.0024239200107423844,14:30:00
2025-04-23,CELH,Consumer Defensive,39.145999908447266,37.619998931884766,37.22999954223633,0.04894498469044052,0.010366810226512107,14:30:00
2025-04-28,CELH,Consumer Defensive,37.025001525878906,36.904998779296875,35.939998626708984,0.029304601065621858,0.02614822339810618,14:30:00
2025-05-08,CELH,Consumer Defensive,36.499900817871094,35.58000183105469,35.25,0.034243951075590785,0.009274924510168451,14:30:00
2025-05-12,CELH,Consumer Defensive,37.7400016784668,36.18000030517578,37.31100082397461,0.011367271738542642,-0.031260378918156924,14:30:00
2025-05-20,CELH,Consumer Defensive,37.75,37.86000061035156,38.08000183105469,-0.00874177035906457,-0.0058109143464454395,14:30:00
2025-05-29,CELH,Consumer Defensive,35.26499938964844,34.71500015258789,36.349998474121094,-0.03076702405363271,-0.04709774778472295,14:30:00
2025-06-20,CELH,Consumer Defensive,44.36000061035156,43.821800231933594,43.36000061035156,0.022542831069453286,0.010538125296950057,14:30:00
2025-08-07,CELH,Consumer Defensive,51.0099983215332,51.959999084472656,50.09000015258789,0.018035643976034937,0.03598920255646391,14:30:00
2025-08-08,CELH,Consumer Defensive,51.150001525878906,52.119998931884766,51.959999084472656,-0.01583572892336941,0.003069835968746123,14:30:00
2025-08-15,CELH,Consumer Defensive,56.78499984741211,57.52000045776367,57.27000045776367,-0.008540998708370441,0.004346314290862573,14:30:00
2025-09-05,CELH,Consumer Defensive,61.18000030517578,58.689998626708984,58.3849983215332,0.04568489652992243,0.005196802049965971,14:30:00
2025-09-19,CELH,Consumer Defensive,55.65999984741211,54.32059860229492,54.72999954223633,0.016708593383494615,-0.007536753100583652,14:30:00
2025-09-24,CELH,Consumer Defensive,51.31999969482422,52.599998474121094,51.88999938964844,-0.011106775101592702,0.01349808184542005,14:30:00
2025-09-29,CELH,Consumer Defensive,55.525001525878906,55.90999984741211,56.86000061035156,-0.0240432066237845,-0.01699160732484648,14:30:00
2025-10-20,CELH,Consumer Defensive,65.5,65.05000305175781,64.46099853515625,0.015862617783874045,0.009054642413051296,14:30:00
2025-10-21,CELH,Consumer Defensive,65.05000305175781,64.19999694824219,63.380001068115234,0.02567258885927832,0.012772522104448555,14:30:00
2025-10-27,CELH,Consumer Defensive,63.96500015258789,62.76499938964844,62.25,0.026811539881134595,0.008205200265378703,14:30:00
2025-10-31,CELH,Consumer Defensive,60.47999954223633,60.435001373291016,60.2400016784668,0.003968218677017818,0.003226601975563088,14:30:00
2025-11-12,CELH,Consumer Defensive,44.25,43.650001525878906,44.900001525878906,-0.014689300019862288,-0.028636883305924028,15:30:00
2025-11-13,CELH,Consumer Defensive,45.4900016784668,45.279998779296875,44.029998779296875,0.0320950284743786,0.027606007811367933,15:30:00
2025-11-20,CELH,Consumer Defensive,42.040000915527344,41.4010009765625,39.209999084472656,0.06731688319277451,0.052921471471914186,15:30:00
2025-12-12,CELH,Consumer Defensive,43.900001525878906,43.65999984741211,43.845001220703125,0.0012528542884755653,-0.004237319604617025,15:30:00
2025-12-15,CELH,Consumer Defensive,44.7400016784668,43.83000183105469,43.79999923706055,0.021010335407713448,0.000684521851260408,15:30:00
2025-12-18,CELH,Consumer Defensive,41.970001220703125,41.435001373291016,41.65999984741211,0.007386260764226448,-0.005430154860960803,15:30:00
2026-01-05,CELH,Consumer Defensive,48.369998931884766,48.5099983215332,48.06999969482422,0.006202175804944911,0.009070266788973944,15:30:00
2026-01-14,CELH,Consumer Defensive,52.6349983215332,52.459999084472656,53.099998474121094,-0.008834428943026242,-0.012199759832589615,15:30:00
2024-01-18,CIFR,Financial Services,2.880000114440918,2.798799991607666,2.634999990463257,0.08506948411188586,0.058525082762459345,15:30:00
2024-01-24,CIFR,Financial Services,2.799999952316284,2.569999933242798,2.2873001098632812,0.18310708970865333,0.10999993413338695,15:30:00
2024-01-30,CIFR,Financial Services,3.190000057220459,3.1500000953674316,3.0899999141693115,0.03134800666376179,0.019047675994156247,15:30:00
2024-02-14,CIFR,Financial Services,3.9600000381469727,3.75,4.014999866485596,-0.01388884540626405,-0.07066663106282552,15:30:00
2024-02-22,CIFR,Financial Services,3.2300000190734863,3.319999933242798,3.240600109100342,-0.0032817615988423635,0.023915610162347976,15:30:00
2024-02-27,CIFR,Financial Services,3.5999999046325684,3.4612998962402344,3.4549999237060547,0.040277773546583746,0.0018201175058604148,15:30:00
2024-02-28,CIFR,Financial Services,3.569999933242798,3.375,3.25,0.08963583731838531,0.037037037037037035,15:30:00
2024-02-29,CIFR,Financial Services,3.25,3.0,2.950000047683716,0.09230767763577975,0.016666650772094727,15:30:00
2024-03-01,CIFR,Financial Services,3.015399932861328,2.924999952316284,3.0801000595092773,-0.02145656565912136,-0.05302567853724942,15:30:00
2024-03-05,CIFR,Financial Services,3.0,2.950000047683716,2.8550000190734863,0.048333326975504555,0.03220339900835653,15:30:00
2024-03-08,CIFR,Financial Services,3.549999952316284,3.7249999046325684,3.507499933242798,0.011971836519534642,0.058389255559249356,15:30:00
2024-03-11,CIFR,Financial Services,3.619999885559082,3.4649999141693115,3.1549999713897705,0.12845301902474943,0.08946607516839129,14:30:00
2024-03-12,CIFR,Financial Services,3.200000047683716,3.0999999046325684,3.130000114440918,0.021874978812411742,-0.009677487332666684,14:30:00
2024-03-20,CIFR,Financial Services,4.28000020980835,4.500500202178955,4.550000190734863,-0.06308410460068734,-0.010998774876610908,14:30:00
2024-04-04,CIFR,Financial Services,4.440000057220459,4.445000171661377,4.15500020980835,0.06418915399531003,0.0652418336678345,14:30:00
2024-04-08,CIFR,Financial Services,4.329999923706055,3.9749999046325684,4.289999961853027,0.009237866641529015,-0.07924529931518985,14:30:00
2024-04-18,CIFR,Financial Services,3.490000009536743,3.6600000858306885,3.6700000762939453,-0.051575950219293856,-0.00273223776741721,14:30:00
2024-04-26,CIFR,Financial Services,4.440000057220459,4.525000095367432,4.480000019073486,-0.009009000301245093,0.009944768032163166,14:30:00
2024-05-03,CIFR,Financial Services,4.139999866485596,4.289999961853027,4.139999866485596,0.0,0.03496505750611719,14:30:00
2024-05-10,CIFR,Financial Services,4.03000020980835,3.805000066757202,3.7200000286102295,0.07692311788064707,0.022339037228825503,14:30:00
2024-05-13,CIFR,Financial Services,3.8399999141693115,3.953000068664551,3.7149999141693115,0.03255208406092911,0.06020747542654187,14:30:00
2024-05-15,CIFR,Financial Services,3.9000000953674316,3.708699941635132,4.170000076293945,-0.06923076264721889,-0.12438324532003807,14:30:00
2024-05-17,CIFR,Financial Services,4.130000114440918,4.034999847412109,3.859999895095825,0.06537535396210103,0.04337049787709962,14:30:00
2024-05-23,CIFR,Financial Services,4.199999809265137,3.984999895095825,3.9049999713897705,0.07023805982671737,0.020075263691852863,14:30:00
2024-05-31,CIFR,Financial Services,3.819999933242798,3.7300000190734863,3.7100000381469727,0.028795784559725448,0.005361925153952564,14:30:00
2024-06-03,CIFR,Financial Services,3.7922000885009766,3.8350000381469727,3.640000104904175,0.04013500871389017,0.050847439713982256,14:30:00
2024-06-14,CIFR,Financial Services,5.099999904632568,5.085000038146973,4.954999923706055,0.028431369340772616,0.025565410711047187,14:30:00
2024-06-20,CIFR,Financial Services,5.3379998207092285,5.514999866485596,5.230000019073486,0.020232260259123218,0.0516772174636015,14:30:00
2024-06-26,CIFR,Financial Services,4.329999923706055,4.454999923706055,4.210000038146973,0.027713599924587044,0.05499436358132862,14:30:00
2024-06-28,CIFR,Financial Services,4.21999979019165,4.179999828338623,4.150000095367432,0.01658760623327892,0.007176969905071756,14:30:00
2024-07-08,CIFR,Financial Services,4.75,4.619900226593018,4.610000133514404,0.029473656102230673,0.0021429235682680933,14:30:00
2024-07-09,CIFR,Financial Services,4.690000057220459,4.514999866485596,4.369999885559082,0.06823031295462839,0.03211516837527159,14:30:00
2024-07-10,CIFR,Financial Services,4.460000038146973,4.425000190734863,4.440000057220459,0.004484300617814165,-0.003389800189614153,14:30:00
2024-07-11,CIFR,Financial Services,4.610000133514404,4.605000019073486,4.355000019073486,0.05531455684503858,0.054288816278940936,14:30:00
2024-07-18,CIFR,Financial Services,7.074999809265137,6.299900054931641,6.0,0.1519434400347771,0.04760393852548107,14:30:00
2024-07-19,CIFR,Financial Services,6.09499979019165,6.294000148773193,6.190000057220459,-0.01558659069712969,0.016523687495146586,14:30:00
2024-07-22,CIFR,Financial Services,6.300000190734863,6.039999961853027,6.449999809265137,-0.023809462537933153,-0.06788076986780717,14:30:00
2024-07-24,CIFR,Financial Services,6.228000164031982,6.1539998054504395,5.71999979019165,0.08156717412663884,0.07052324162805569,14:30:00
2024-07-26,CIFR,Financial Services,5.889999866485596,5.695000171661377,5.826499938964844,0.010780972658772002,-0.02309038864613501,14:30:00
2024-07-29,CIFR,Financial Services,6.045000076293945,5.71999979019165,5.579999923706055,0.07692310119423056,0.024475502031601468,14:30:00
2024-08-06,CIFR,Financial Services,4.201200008392334,4.008900165557861,3.9700000286102295,0.055031890726520635,0.009703443673114933,14:30:00
2024-08-07,CIFR,Financial Services,4.230000019073486,4.199900150299072,3.880000114440918,0.08274229386628472,0.07616848601397688,14:30:00
2024-08-14,CIFR,Financial Services,4.0,3.940000057220459,3.6500000953674316,0.08749997615814209,0.07360405016278422,14:30:00
2024-08-20,CIFR,Financial Services,4.139999866485596,3.934999942779541,3.9600000381469727,0.04347822080763087,-0.006353264480551042,14:30:00
2024-08-22,CIFR,Financial Services,4.079999923706055,3.9779999256134033,3.799999952316284,0.06862744525137968,0.04474609769372274,14:30:00
2024-08-29,CIFR,Financial Services,3.694999933242798,3.7249999046325684,3.5999999046325684,0.025710427693257296,0.033557047838993145,14:30:00
2024-08-30,CIFR,Financial Services,3.5999999046325684,3.627500057220459,3.509999990463257,0.024999976820415305,0.03239147206168084,14:30:00
2024-09-05,CIFR,Financial Services,2.990000009536743,2.9549999237060547,2.880000114440918,0.036789262456513525,0.025380646768706057,14:30:00
2024-09-06,CIFR,Financial Services,2.9600000381469727,2.805999994277954,2.680000066757202,0.0945945837098897,0.04490375188086004,14:30:00
2024-09-10,CIFR,Financial Services,2.9800000190734863,2.884999990463257,3.119999885559082,-0.046979820667626425,-0.08145576979987797,14:30:00
2024-09-17,CIFR,Financial Services,3.118000030517578,3.069999933242798,2.984999895095825,0.042655591443235275,0.027687309444723116,14:30:00
2024-09-18,CIFR,Financial Services,3.0,3.0179998874664307,2.89739990234375,0.034200032552083336,0.03996023512907507,14:30:00
2024-09-19,CIFR,Financial Services,3.0999999046325684,3.005000114440918,2.9100000858306885,0.06129026601515327,0.03161398502239469,14:30:00
2024-09-26,CIFR,Financial Services,4.01200008392334,3.9600000381469727,4.150000095367432,-0.03439681170423641,-0.04797981196721576,14:30:00
2024-10-15,CIFR,Financial Services,4.440000057220459,4.320000171661377,4.380000114440918,0.013513500451867638,-0.013888875091517962,14:30:00
2024-10-24,CIFR,Financial Services,5.28000020980835,5.40500020980835,5.579999923706055,-0.05681812537439166,-0.03237737411742121,14:30:00
2024-10-29,CIFR,Financial Services,5.789999961853027,5.525000095367432,5.389999866485596,0.06908464559633881,0.024434430145083636,14:30:00
2024-11-01,CIFR,Financial Services,5.090000152587891,5.244999885559082,5.239999771118164,-0.029469472305223735,0.0009533106863709664,14:30:00
2024-11-13,CIFR,Financial Services,7.400000095367432,7.389999866485596,6.619999885559082,0.10540543239947354,0.10419485721759512,15:30:00
2024-11-14,CIFR,Financial Services,6.71999979019165,6.679999828338623,6.429999828338623,0.043154757575484495,0.03742515066234325,15:30:00
2024-11-15,CIFR,Financial Services,6.570000171661377,6.324999809265137,6.630000114440918,-0.009132411143357496,-0.0482213935768035,15:30:00
2024-12-04,CIFR,Financial Services,6.3302001953125,6.505000114440918,6.84499979019165,-0.08132437821798408,-0.052267435783120535,15:30:00
2024-12-05,CIFR,Financial Services,7.2230000495910645,7.199999809265137,6.894999980926514,0.04541050344906487,0.04236108839143881,15:30:00
2024-12-10,CIFR,Financial Services,6.434999942779541,6.355000019073486,6.125,0.048174039710346804,0.03619197771568515,15:30:00
2024-12-17,CIFR,Financial Services,7.460000038146973,7.324999809265137,7.224999904632568,0.03150135821886365,0.013651864469140596,15:30:00
2024-12-19,CIFR,Financial Services,6.570000171661377,6.039999961853027,5.739999771118164,0.12633186892799245,0.04966890606450028,15:30:00
2024-12-31,CIFR,Financial Services,4.839000225067139,4.735000133514404,4.635000228881836,0.04215746780265387,0.02111930344516096,15:30:00
2025-01-06,CIFR,Financial Services,5.71999979019165,5.695000171661377,5.849999904632568,-0.022727293568058377,-0.02721680918333915,15:30:00
2025-01-14,CIFR,Financial Services,5.099999904632568,5.045000076293945,4.940000057220459,0.03137251968706392,0.020812689293479514,15:30:00
2025-01-15,CIFR,Financial Services,5.260000228881836,5.320000171661377,5.25,0.0019011841153401953,0.01315792657944909,15:30:00
2025-01-17,CIFR,Financial Services,5.5,5.614999771118164,5.425000190734863,0.013636328957297585,0.033837860753013795,15:30:00
2025-01-28,CIFR,Financial Services,4.699999809265137,4.477099895477295,4.489999771118164,0.04468086099344055,-0.0028813017225504437,15:30:00
2025-01-30,CIFR,Financial Services,4.599999904632568,4.71999979019165,4.690100193023682,-0.019587019621538485,0.006334660698524037,15:30:00
2025-01-31,CIFR,Financial Services,5.630000114440918,5.949999809265137,5.71999979019165,-0.01598573249046368,0.03865546662965235,15:30:00
2025-02-05,CIFR,Financial Services,5.889999866485596,5.925000190734863,5.715000152587891,0.02971132731147627,0.03544304327202509,15:30:00
2025-02-06,CIFR,Financial Services,5.829999923706055,5.96999979019165,5.880000114440918,-0.008576362159380409,0.01507532310111576,15:30:00
2025-02-10,CIFR,Financial Services,6.079999923706055,6.019999980926514,5.949999809265137,0.02138159803819152,0.01162793552876449,15:30:00
2025-02-21,CIFR,Financial Services,6.179999828338623,6.199900150299072,5.487500190734863,0.11205496065360333,0.11490506980662327,15:30:00
2025-02-24,CIFR,Financial Services,5.610000133514404,4.960000038146973,4.960000038146973,0.11586454187127386,0.0,15:30:00
2025-02-27,CIFR,Financial Services,4.5279998779296875,4.385000228881836,3.9600000381469727,0.12544166411117888,0.09692136112915033,15:30:00
2025-03-03,CIFR,Financial Services,4.5279998779296875,4.099999904632568,3.865000009536743,0.14642223636633225,0.05731704891756218,15:30:00
2025-03-12,CIFR,Financial Services,3.3299999237060547,3.169300079345703,3.200000047683716,0.039039002702936455,-0.009686671368888065,14:30:00
2025-04-08,CIFR,Financial Services,2.370800018310547,2.2899999618530273,2.1050000190734863,0.11211405313994893,0.08078600255951199,14:30:00
2025-04-14,CIFR,Financial Services,2.5399999618530273,2.4797000885009766,2.434999942779541,0.041338590807255285,0.018026432280549537,14:30:00
2025-04-15,CIFR,Financial Services,2.4679999351501465,2.380000114440918,2.319999933242798,0.059967587437697686,0.025210158955061505,14:30:00
2025-04-17,CIFR,Financial Services,2.3399999141693115,2.265000104904175,2.375,-0.014957302185676933,-0.048565072848188215,14:30:00
2025-04-23,CIFR,Financial Services,2.9200000762939453,2.9000000953674316,2.869999885559082,0.017123352543991492,0.010344899593718312,14:30:00
2025-05-12,CIFR,Financial Services,3.180000066757202,3.194999933242798,3.1500000953674316,0.009433953069178049,0.01408445659330364,14:30:00
2025-05-22,CIFR,Financial Services,3.6500000953674316,3.5950000286102295,3.5617001056671143,0.02419177736800266,0.00926284358222619,14:30:00
2025-05-29,CIFR,Financial Services,3.390000104904175,3.3450000286102295,3.25,0.04129796477045602,0.02840060621754309,14:30:00
2025-06-10,CIFR,Financial Services,4.199999809265137,4.025000095367432,4.054999828338623,0.034523806550335046,-0.0074533496299092165,14:30:00
2025-06-20,CIFR,Financial Services,3.9600000381469727,3.9049999713897705,3.7799999713897705,0.04545456187455763,0.032010243512373984,14:30:00
2025-07-08,CIFR,Financial Services,5.940000057220459,5.919899940490723,6.025000095367432,-0.0143097705939665,-0.017753704612108165,14:30:00
2025-07-09,CIFR,Financial Services,6.130000114440918,6.025000095367432,6.269999980926514,-0.022838476977477883,-0.040663880776941434,14:30:00
2025-07-11,CIFR,Financial Services,6.400000095367432,6.210000038146973,5.869999885559082,0.08281253154855174,0.054750426811485925,14:30:00
2025-07-21,CIFR,Financial Services,6.400000095367432,6.739999771118164,6.25,0.023437514551915013,0.07270026524598432,14:30:00
2025-07-28,CIFR,Financial Services,6.570000171661377,6.230000019073486,6.159999847412109,0.0624049183465378,0.011235982575773289,14:30:00
2025-07-31,CIFR,Financial Services,5.610000133514404,5.585000038146973,5.440000057220459,0.030303043181471045,0.025962395691338742,14:30:00
2025-08-08,CIFR,Financial Services,4.980000019073486,4.650000095367432,4.755000114440918,0.04518070356843671,-0.02258064880000599,14:30:00
2025-08-11,CIFR,Financial Services,4.920000076293945,4.965000152587891,4.760000228881836,0.0325202936851642,0.04128900652685846,14:30:00
2025-08-13,CIFR,Financial Services,4.849999904632568,4.795000076293945,4.90500020980835,-0.01134026933139662,-0.02294059056604299,14:30:00
2025-08-14,CIFR,Financial Services,4.991000175476074,5.085599899291992,5.329999923706055,-0.06792220723527513,-0.04805726546598513,14:30:00
2025-08-28,CIFR,Financial Services,7.21999979019165,7.079999923706055,7.014999866485596,0.028393342058617026,0.009180799141369827,14:30:00
2025-08-29,CIFR,Financial Services,7.211100101470947,7.054999828338623,7.639999866485596,-0.05947771615695085,-0.08291992237861386,14:30:00
2025-09-03,CIFR,Financial Services,8.694999694824219,8.421299934387207,8.100000381469727,0.06843005569151098,0.03815320145592944,14:30:00
2025-09-05,CIFR,Financial Services,7.78000020980835,7.190000057220459,7.519999980926514,0.033419051654272475,-0.0458970683003899,14:30:00
2025-09-18,CIFR,Financial Services,12.640000343322754,12.079999923706055,11.84000015258789,0.06329115261120019,0.019867530847180164,14:30:00
2025-09-23,CIFR,Financial Services,14.34000015258789,14.210000038146973,14.15999984741211,0.012552322403099642,0.0035186622519800823,14:30:00
2025-09-24,CIFR,Financial Services,14.809000015258789,14.3100004196167,14.137299537658691,0.04535758504341926,0.012068544856313408,14:30:00
2025-09-30,CIFR,Financial Services,12.710000038146973,12.529999732971191,12.569999694824219,0.011014975838124778,-0.0031923354114503483,14:30:00
2025-10-01,CIFR,Financial Services,12.890000343322754,13.4350004196167,12.595000267028809,0.022885963416343934,0.06252326954611706,14:30:00
2025-10-10,CIFR,Financial Services,18.780000686645508,19.364999771118164,16.954999923706055,0.09717788584732132,0.12445132330992806,14:30:00
2025-10-15,CIFR,Financial Services,21.510000228881836,21.829999923706055,21.03499984741211,0.022082769707828066,0.036417777328099005,14:30:00
2025-10-20,CIFR,Financial Services,20.0,20.270000457763672,19.875,0.00625,0.019486948635582372,14:30:00
2025-10-27,CIFR,Financial Services,20.888200759887695,20.8799991607666,20.549999237060547,0.01619103180378312,0.01580459468246161,14:30:00
2025-10-31,CIFR,Financial Services,20.019399642944336,19.850000381469727,18.690000534057617,0.06640554325290439,0.05843827834356047,14:30:00
2025-11-03,CIFR,Financial Services,22.940000534057617,23.09000015258789,22.7450008392334,0.008500422418679312,0.014941503294698991,15:30:00
2025-11-10,CIFR,Financial Services,21.868000030517578,20.89620018005371,19.649999618530273,0.10142676097000208,0.059637663823348494,15:30:00
2025-11-19,CIFR,Financial Services,14.819999694824219,15.324999809265137,14.640000343322754,0.01214570547962483,0.04469817125402169,15:30:00
2025-11-20,CIFR,Financial Services,16.799999237060547,17.440000534057617,14.555100440979004,0.1336249344065046,0.16541857825318587,15:30:00
2025-12-17,CIFR,Financial Services,15.657999992370605,15.520000457763672,14.359999656677246,0.08289694318085405,0.07474231745309975,15:30:00
2025-12-18,CIFR,Financial Services,15.399999618530273,15.345000267028809,15.130000114440918,0.017532435764769413,0.014011088227209282,15:30:00
2025-12-19,CIFR,Financial Services,15.529999732971191,15.914999961853027,16.239999771118164,-0.04571796847102301,-0.02042097455508232,15:30:00
2025-12-22,CIFR,Financial Services,16.479999542236328,17.045000076293945,16.34000015258789,0.008495108831140153,0.0413610983015813,15:30:00
2026-01-02,CIFR,Financial Services,14.9350004196167,15.640000343322754,16.190000534057617,-0.08403080543556671,-0.03516625183257601,15:30:00
2026-01-05,CIFR,Financial Services,16.8700008392334,17.344999313354492,18.145000457763672,-0.07557792264983738,-0.04612286976530649,15:30:00
2024-01-18,CRWD,Technology,281.6700134277344,281.92999267578125,283.29998779296875,-0.0057868224785403485,-0.004859345060044714,15:30:00
2024-01-24,CRWD,Technology,300.5799865722656,303.3900146484375,300.3500061035156,0.0007651223601831786,0.01002013381503204,15:30:00
2024-01-25,CRWD,Technology,305.6099853515625,300.9100036621094,293.44000244140625,0.039821941341858805,0.024824702169394006,15:30:00
2024-02-15,CRWD,Technology,337.5,328.1600036621094,331.43499755859375,0.017970377604166667,-0.009979869149003543,15:30:00
2024-02-22,CRWD,Technology,302.0,306.6400146484375,310.8999938964844,-0.02947017846518005,-0.013892444053431634,15:30:00
2024-03-06,CRWD,Technology,352.0,343.8800048828125,329.70001220703125,0.06335223804820668,0.04123529276037294,15:30:00
2024-04-04,CRWD,Technology,324.0,321.8399963378906,309.04998779296875,0.04614201298466435,0.03974027060171232,14:30:00
2024-04-17,CRWD,Technology,304.79998779296875,297.92999267578125,293.5799865722656,0.03681102910123526,0.014600765986825191,14:30:00
2024-04-24,CRWD,Technology,303.6000061035156,300.010009765625,297.6499938964844,0.019598195281335173,0.0078664570924961,14:30:00
2024-05-23,CRWD,Technology,350.0,346.69000244140625,342.1499938964844,0.0224285888671875,0.0130952969885227,14:30:00
2024-06-03,CRWD,Technology,319.25,311.04998779296875,308.7049865722656,0.033030582389144476,0.007538985091566474,14:30:00
2024-06-05,CRWD,Technology,334.4200134277344,324.8399963378906,342.2799987792969,-0.023503334238281118,-0.05368797758286386,14:30:00
2024-06-28,CRWD,Technology,389.3299865722656,389.7300109863281,382.94000244140625,0.016412771559462955,0.01742233944914258,14:30:00
2024-07-23,CRWD,Technology,269.30999755859375,269.9831848144531,268.8699951171875,0.001633813989064846,0.0041231815901078,14:30:00
2024-07-26,CRWD,Technology,259.95001220703125,254.73500061035156,256.1199951171875,0.014733667666818266,-0.005437001211131,14:30:00
2024-07-29,CRWD,Technology,259.5090026855469,263.4150085449219,258.69000244140625,0.003155960817024243,0.017937497675687065,14:30:00
2024-08-07,CRWD,Technology,238.3699951171875,241.1060028076172,230.6699981689453,0.03230271051713834,0.04328388558205642,14:30:00
2024-08-09,CRWD,Technology,242.10000610351562,241.90890502929688,240.89999389648438,0.00495667978842659,0.004170624197113842,14:30:00
2024-08-13,CRWD,Technology,242.0,244.6999969482422,248.1300048828125,-0.02533059868930785,-0.014017196474652233,14:30:00
2024-08-14,CRWD,Technology,250.0,253.41180419921875,256.3699951171875,-0.02547998046875,-0.01167345352090694,14:30:00
2024-08-30,CRWD,Technology,277.989990234375,276.73028564453125,277.2699890136719,0.002590025705947497,-0.0019502866044589385,14:30:00
2024-09-09,CRWD,Technology,248.47999572753906,245.90640258789062,246.58619689941406,0.007621534371730956,-0.0027644433181460938,14:30:00
2024-09-10,CRWD,Technology,249.0,248.47000122070312,247.87899780273438,0.004502016856488454,0.0023785705117930597,14:30:00
2024-09-19,CRWD,Technology,276.3789978027344,279.760009765625,277.260009765625,-0.0031876950488091997,0.008936230743251793,14:30:00
2024-10-17,CRWD,Technology,310.0,309.56500244140625,310.3800048828125,-0.0012258222026209676,-0.0026327344337333863,14:30:00
2024-11-25,CRWD,Technology,375.0,370.2300109863281,363.7300109863281,0.030053304036458332,0.01755665345087336,15:30:00
2024-12-19,CRWD,Technology,365.0,350.625,350.9200134277344,0.03857530567744007,-0.0008413930202762923,15:30:00
2024-12-31,CRWD,Technology,351.0,347.6199951171875,342.07000732421875,0.025441574574875357,0.015965674791226472,15:30:00
2025-01-02,CRWD,Technology,346.5199890136719,345.07000732421875,347.2099914550781,-0.0019912341662316805,-0.006201594127097526,15:30:00
2025-01-03,CRWD,Technology,349.7300109863281,358.3599853515625,359.20001220703125,-0.02707803426418939,-0.002344086644173336,15:30:00
2025-01-14,CRWD,Technology,345.0,347.6986999511719,348.1499938964844,-0.009130417091259058,-0.0012979454492521147,15:30:00
2025-02-26,CRWD,Technology,384.69000244140625,396.94000244140625,394.6000061035156,-0.02576101172168832,0.005895088233733864,15:30:00
2025-02-27,CRWD,Technology,401.5,396.864990234375,380.1199951171875,0.05325032349392902,0.04219317785451036,15:30:00
2025-03-03,CRWD,Technology,399.0,396.04998779296875,382.9700012207031,0.0401754355370849,0.03302610017779639,15:30:00
2025-03-12,CRWD,Technology,343.5899963378906,343.4849853515625,346.739990234375,-0.009167885939806678,-0.009476410968825753,14:30:00
2025-03-19,CRWD,Technology,366.2200012207031,372.70001220703125,375.1600036621094,-0.024411562480495273,-0.00660045981890557,14:30:00
2025-04-01,CRWD,Technology,358.94000244140625,354.19000244140625,362.6700134277344,-0.01039173945773017,-0.023941982912775682,14:30:00
2025-04-08,CRWD,Technology,342.5,349.2099914550781,325.510009765625,0.04960581090328467,0.06786742152107597,14:30:00
2025-04-15,CRWD,Technology,382.0,389.30999755859375,392.82000732421875,-0.028324626503190446,-0.009015976439435568,14:30:00
2025-04-17,CRWD,Technology,382.25,374.1400146484375,375.6600036621094,0.01724001658048561,-0.004062620821512877,14:30:00
2025-04-23,CRWD,Technology,383.2449951171875,393.260009765625,385.44000244140625,-0.005727425934284066,0.01988508144746097,14:30:00
2025-05-01,CRWD,Technology,430.0,434.1026916503906,431.7900085449219,-0.004162810569585756,0.005327502339771933,14:30:00
2025-05-08,CRWD,Technology,427.4849853515625,428.7749938964844,428.6199951171875,-0.002655086855720958,0.0003614921147530704,14:30:00
2025-05-27,CRWD,Technology,464.0,472.84051513671875,472.0899963378906,-0.017435336935109104,0.001587255691511793,14:30:00
2025-05-29,CRWD,Technology,472.0,456.05999755859375,458.82000732421875,0.027923713296146718,-0.00605185673025488,14:30:00
2025-07-24,CRWD,Technology,466.510009765625,463.4200134277344,461.79998779296875,0.010096293485798019,0.0034958042117838994,14:30:00
2025-07-28,CRWD,Technology,471.0,470.42999267578125,472.20001220703125,-0.002547796617900743,-0.0037625567221643784,14:30:00
2025-07-31,CRWD,Technology,465.760009765625,460.0950012207031,454.57000732421875,0.02402525379333698,0.012008376274086248,14:30:00
2025-08-04,CRWD,Technology,452.80999755859375,455.0,454.8699951171875,-0.004549364125572748,0.0002857250171703297,14:30:00
2025-08-06,CRWD,Technology,445.0,443.3900146484375,451.7099914550781,-0.015078632483321629,-0.018764465891811993,14:30:00
2025-08-08,CRWD,Technology,430.75,426.44000244140625,424.489990234375,0.01453281431369704,0.0045727703683220615,14:30:00
2025-08-27,CRWD,Technology,421.6000061035156,425.79998779296875,422.5899963378906,-0.0023481741462117703,0.007538730735330312,14:30:00
2025-10-03,CRWD,Technology,499.8399963378906,491.9399108886719,489.75,0.020186452488427542,0.004451582073745306,14:30:00
2025-10-06,CRWD,Technology,496.0,496.05999755859375,495.8299865722656,0.00034276900752898187,0.0004636757397495179,14:30:00
2025-10-24,CRWD,Technology,528.2100219726562,530.4600219726562,527.1199951171875,0.0020636239566184855,0.006296472339325355,14:30:00
2025-10-27,CRWD,Technology,532.510009765625,530.0150146484375,529.6099853515625,0.0054459528663862965,0.0007641845715326737,14:30:00
2025-11-03,CRWD,Technology,549.013671875,547.0350952148438,552.1199951171875,-0.005658007079457123,-0.009295381497135382,15:30:00
2025-11-20,CRWD,Technology,532.5900268554688,533.8499755859375,501.29998779296875,0.05875070407766256,0.06097216311987815,15:30:00
2025-11-24,CRWD,Technology,498.1600036621094,500.3900146484375,506.79998779296875,-0.017343793294010975,-0.012809954149534238,15:30:00
2025-12-15,CRWD,Technology,508.0199890136719,496.4599914550781,487.45001220703125,0.04049048709004056,0.01814844983105177,15:30:00
2026-01-02,CRWD,Technology,472.385009765625,456.4100036621094,453.54998779296875,0.039872183882382915,0.0062663303744279,15:30:00
2026-01-05,CRWD,Technology,458.3999938964844,466.32000732421875,456.5799865722656,0.003970347618786712,0.020886988760877186,15:30:00
2024-01-18,DDOG,Technology,128.2100067138672,126.94499969482422,126.94999694824219,0.009827702204532506,-3.936550025587575e-05,15:30:00
2024-01-24,DDOG,Technology,130.4949951171875,125.8499984741211,122.58000183105469,0.0606536157116598,0.025983287109366357,15:30:00
2024-01-25,DDOG,Technology,123.61000061035156,120.55999755859375,122.19000244140625,0.011487728840172795,-0.013520279660094519,15:30:00
2024-02-22,DDOG,Technology,130.1999969482422,130.25,131.13999938964844,-0.007219680978793916,-0.006833008749700096,15:30:00
2024-03-06,DDOG,Technology,127.0,122.66000366210938,124.54000091552734,0.019370071531280758,-0.015326897091873433,15:30:00
2024-03-18,DDOG,Technology,121.52999877929688,121.93000030517578,120.87000274658203,0.00543072524762731,0.008693492626430793,14:30:00
2024-03-20,DDOG,Technology,122.63999938964844,122.61499786376953,123.44000244140625,-0.006523182124423083,-0.006728414892224962,14:30:00
2024-03-21,DDOG,Technology,124.86499786376953,125.75,122.86000061035156,0.016057320207585036,0.022982102502174452,14:30:00
2024-03-26,DDOG,Technology,123.56999969482422,122.66000366210938,123.51000213623047,0.0004855349902235455,-0.006929711794747524,14:30:00
2024-04-04,DDOG,Technology,122.58999633789062,124.80000305175781,120.77999877929688,0.014764643222640414,0.03221157190832549,14:30:00
2024-04-11,DDOG,Technology,127.01000213623047,128.64999389648438,130.80999755859375,-0.029918867478542516,-0.016789768865806385,14:30:00
2024-05-01,DDOG,Technology,127.0199966430664,123.94999694824219,126.43000030517578,0.0046449090968609386,-0.020008095344844334,14:30:00
2024-05-08,DDOG,Technology,114.0,115.70999908447266,117.23999786376953,-0.028421033892715185,-0.013222701507238957,14:30:00
2024-05-09,DDOG,Technology,118.11000061035156,117.25,115.95999908447266,0.01820338256513795,0.0110021400044976,14:30:00
2024-05-23,DDOG,Technology,124.54000091552734,124.79000091552734,122.11000061035156,0.01951180574363409,0.021476082102042156,14:30:00
2024-06-03,DDOG,Technology,111.0,109.7750015258789,109.3499984741211,0.014864878611521679,0.003871583200639903,14:30:00
2024-06-05,DDOG,Technology,110.0,109.2300033569336,110.47899627685547,-0.004354511607776989,-0.01143452239803115,14:30:00
2024-06-13,DDOG,Technology,120.0,119.94000244140625,119.5199966430664,0.004000027974446614,0.003501799147828326,14:30:00
2024-06-28,DDOG,Technology,129.5500030517578,129.4600067138672,129.69000244140625,-0.0010806590995795264,-0.0017765774417685578,14:30:00
2024-07-25,DDOG,Technology,118.375,117.54499816894531,120.30000305175781,-0.01626190540027719,-0.023437874224582326,14:30:00
2024-07-26,DDOG,Technology,121.43000030517578,118.81700134277344,118.30000305175781,0.025776144655782866,0.004351214768702537,14:30:00
2024-07-29,DDOG,Technology,119.0,118.79000091552734,117.90899658203125,0.009168095949317227,0.007416485619211199,14:30:00
2024-08-07,DDOG,Technology,108.69999694824219,110.26000213623047,108.12000274658203,0.005335733375745375,0.019408664503782487,14:30:00
2024-08-12,DDOG,Technology,113.05000305175781,111.06500244140625,112.16000366210938,0.007872617121832081,-0.009859102297150776,14:30:00
2024-08-30,DDOG,Technology,117.22000122070312,116.02999877929688,116.26000213623047,0.008189720819616435,-0.001982274923324683,14:30:00
2024-09-09,DDOG,Technology,108.2699966430664,107.98999786376953,107.75,0.0048027769390321376,0.002222408264812552,14:30:00
2024-09-10,DDOG,Technology,108.45999908447266,109.19999694824219,108.12000274658203,0.0031347625000976006,0.009890057068152153,14:30:00
2024-10-04,DDOG,Technology,119.55000305175781,119.20999908447266,122.69999694824219,-0.026348756303424106,-0.029276049748951895,14:30:00
2024-10-14,DDOG,Technology,130.99000549316406,129.3800048828125,129.11000061035156,0.014352277303405497,0.0020869088133479135,14:30:00
2024-10-17,DDOG,Technology,127.33000183105469,125.67849731445312,126.24500274658203,0.008521158162804913,-0.004507576429017008,14:30:00
2024-11-18,DDOG,Technology,127.12000274658203,126.44000244140625,125.9800033569336,0.008967899347210245,0.0036380819012228754,15:30:00
2024-11-25,DDOG,Technology,156.0,156.0850067138672,156.63999938964844,-0.004102560190054087,-0.003555707799652113,15:30:00
2024-12-11,DDOG,Technology,156.08999633789062,155.3404998779297,156.44000244140625,-0.002242335266367493,-0.0070780161280579,15:30:00
2025-01-02,DDOG,Technology,145.0,143.60000610351562,143.67999267578125,0.009103498787715518,-0.0005570095324923998,15:30:00
2025-01-03,DDOG,Technology,144.6300048828125,145.25999450683594,144.8000030517578,-0.0011754004231905734,0.0031666768034779033,15:30:00
2025-01-06,DDOG,Technology,147.38499450683594,147.21859741210938,146.0399932861328,0.009125767688926716,0.008005810045026398,15:30:00
2025-01-14,DDOG,Technology,139.4499969482422,139.44000244140625,139.19000244140625,0.001864428200256155,0.0017928857976393963,15:30:00
2025-01-17,DDOG,Technology,139.14999389648438,139.0500030517578,138.41000366210938,0.005317932208645938,0.0046026564228856155,15:30:00
2025-01-22,DDOG,Technology,139.99000549316406,139.44000244140625,140.1300048828125,-0.0010000670344660705,-0.004948382310135101,15:30:00
2025-01-28,DDOG,Technology,143.39999389648438,151.8699951171875,151.71099853515625,-0.057956799110265717,0.0010469255754473647,15:30:00
2025-01-31,DDOG,Technology,145.5,144.1999969482422,142.69000244140625,0.019312697997207903,0.01047152939523238,15:30:00
2025-02-26,DDOG,Technology,116.16999816894531,115.62000274658203,113.36000061035156,0.02418866835572458,0.019546809224559366,15:30:00
2025-02-27,DDOG,Technology,116.78500366210938,115.90499877929688,113.5,0.028128642883068957,0.02074974163863638,15:30:00
2025-03-12,DDOG,Technology,104.41999816894531,102.54499816894531,102.08000183105469,0.022409465417770367,0.0045345589369901055,14:30:00
2025-04-08,DDOG,Technology,91.0,92.16999816894531,87.01000213623047,0.04384613037109375,0.05598346680290369,14:30:00
2025-04-14,DDOG,Technology,94.87000274658203,93.4000015258789,91.88999938964844,0.03141143955580793,0.016167046162328846,14:30:00
2025-04-23,DDOG,Technology,95.25,95.94000244140625,94.58999633789062,0.006929172305610236,0.014071357819071546,14:30:00
2025-05-01,DDOG,Technology,106.45999908447266,104.37470245361328,106.37000274658203,0.0008453535474785768,-0.01911670401029896,14:30:00
2025-05-08,DDOG,Technology,107.375,107.58499908447266,109.19999694824219,-0.016996479145445286,-0.015011366617212881,14:30:00
2025-06-06,DDOG,Technology,122.43000030517578,122.23999786376953,122.19000244140625,0.0019602863936232892,0.00040899397281566295,14:30:00
2025-07-24,DDOG,Technology,145.0,145.52000427246094,146.55999755859375,-0.01075860385237069,-0.00714673760032061,14:30:00
2025-07-25,DDOG,Technology,148.0,149.27000427246094,149.85000610351562,-0.01250004123997044,-0.0038855886276791176,14:30:00
2025-07-28,DDOG,Technology,150.92999267578125,150.16250610351562,150.77999877929688,0.000993797811986799,-0.0041121628281535,14:30:00
2025-08-04,DDOG,Technology,137.38999938964844,137.65249633789062,139.13999938964844,-0.012737462754016524,-0.01080621922109202,14:30:00
2025-08-07,DDOG,Technology,147.75,139.69000244140625,136.35000610351562,0.07715731909634095,0.02391005998651625,14:30:00
2025-10-06,DDOG,Technology,153.11000061035156,154.85000610351562,157.36000061035156,-0.027757821063666453,-0.01620919863030572,14:30:00
2025-10-27,DDOG,Technology,158.4499969482422,157.2449951171875,157.55999755859375,0.005616910109118882,-0.002003258934705636,14:30:00
2025-11-26,DDOG,Technology,159.65499877929688,157.447998046875,158.39999389648438,0.007860730277210974,-0.006046414444253203,15:30:00
2025-12-08,DDOG,Technology,152.8350067138672,153.75,154.33999633789062,-0.009847152536467191,-0.003837374555386179,15:30:00
2025-12-22,DDOG,Technology,141.5,142.22000122070312,141.85000610351562,-0.00247354136760159,0.002601568794907586,15:30:00
2026-01-02,DDOG,Technology,137.25,132.50999450683594,133.72000122070312,0.025719481087773225,-0.009131437355880092,15:30:00
2024-01-18,DOCN,Technology,34.90999984741211,34.290000915527344,34.470001220703125,0.012603799158755986,-0.005249352591713485,15:30:00
2024-01-24,DOCN,Technology,34.650001525878906,34.224998474121094,32.63999938964844,0.05800871710580638,0.046311151355379554,15:30:00
2024-01-25,DOCN,Technology,33.099998474121094,33.14500045776367,33.150001525878906,-0.0015106662858884086,-0.0001508845390304696,15:30:00
2024-02-01,DOCN,Technology,34.040000915527344,34.527099609375,34.630001068115234,-0.017332553957681067,-0.002980309956654858,15:30:00
2024-02-22,DOCN,Technology,38.5,38.84920120239258,38.959999084472656,-0.011948028168120942,-0.0028519989768349342,15:30:00
2024-02-27,DOCN,Technology,36.54999923706055,37.709999084472656,37.54999923706055,-0.027359781692855183,0.004242902447536531,15:30:00
2024-03-06,DOCN,Technology,38.79999923706055,38.380001068115234,39.11000061035156,-0.007989726272852913,-0.0190203106284639,15:30:00
2024-03-21,DOCN,Technology,40.0,40.650001525878906,39.83000183105469,0.004249954223632812,0.02017219345741437,14:30:00
2024-04-04,DOCN,Technology,37.13999938964844,37.689998626708984,36.77000045776367,0.009962276197233616,0.02440961004157099,14:30:00
2024-04-08,DOCN,Technology,37.70000076293945,37.650001525878906,37.47999954223633,0.0058355760278762285,0.004515324747748721,14:30:00
2024-04-11,DOCN,Technology,36.279998779296875,36.45000076293945,36.45000076293945,-0.004685832121350277,0.0,14:30:00
2024-04-17,DOCN,Technology,33.77000045776367,33.6349983215332,33.22999954223633,0.01599055102775986,0.012040992998581298,14:30:00
2024-04-24,DOCN,Technology,33.02000045776367,32.7400016784668,33.0099983215332,0.00030291145038785256,-0.008246689957990562,14:30:00
2024-04-29,DOCN,Technology,33.810001373291016,33.88999938964844,34.04999923706055,-0.0070984280988264925,-0.004721152265968487,14:30:00
2024-05-01,DOCN,Technology,35.68000030517578,35.33000183105469,35.54999923706055,0.0036435276626490464,-0.0062269288028308015,14:30:00
2024-05-03,DOCN,Technology,36.0,34.85499954223633,34.2599983215332,0.04833337995741102,0.01707075680727291,14:30:00
2024-05-10,DOCN,Technology,33.810001373291016,34.65639877319336,35.900001525878906,-0.061816032762392434,-0.03588378471820536,14:30:00
2024-05-23,DOCN,Technology,38.15999984741211,37.54499816894531,36.36000061035156,0.04716979151619722,0.03156206196259453,14:30:00
2024-05-28,DOCN,Technology,36.650001525878906,36.81999969482422,37.34000015258789,-0.01882670117276175,-0.014122771919435085,14:30:00
2024-06-20,DOCN,Technology,34.970001220703125,34.40999984741211,33.7599983215332,0.034601168342355375,0.01888990202735474,14:30:00
2024-07-18,DOCN,Technology,34.310001373291016,34.0099983215332,33.41999816894531,0.025940051551223066,0.017347844213633376,14:30:00
2024-07-26,DOCN,Technology,32.91999816894531,31.940000534057617,32.18000030517578,0.02247867268922267,-0.007514081625084895,14:30:00
2024-07-29,DOCN,Technology,32.56999969482422,32.27000045776367,32.47999954223633,0.0027632838020011643,-0.0065075637277263705,14:30:00
2024-08-07,DOCN,Technology,28.639999389648438,28.559999465942383,27.700000762939453,0.03282118179963142,0.03011199996794372,14:30:00
2024-08-09,DOCN,Technology,30.3799991607666,31.559999465942383,32.56999969482422,-0.07208691884645711,-0.032002542648068365,14:30:00
2024-08-30,DOCN,Technology,37.79999923706055,37.28499984741211,37.41999816894531,0.010052938512831159,-0.0036207140159764044,14:30:00
2024-09-09,DOCN,Technology,36.91999816894531,38.654998779296875,38.880001068115234,-0.05308783847174045,-0.0058207811647601896,14:30:00
2024-10-04,DOCN,Technology,40.70000076293945,41.14500045776367,42.90999984741211,-0.05429973078735256,-0.04289705602167271,14:30:00
2024-11-06,DOCN,Technology,36.95000076293945,38.40999984741211,38.83000183105469,-0.05087959483889538,-0.010934704121611079,15:30:00
2024-11-07,DOCN,Technology,39.29999923706055,38.7400016784668,38.779998779296875,0.013231564067647687,-0.0010324496411240496,15:30:00
2024-12-19,DOCN,Technology,35.720001220703125,34.790000915527344,35.459999084472656,0.007278894942471975,-0.019258354449950055,15:30:00
2024-12-31,DOCN,Technology,34.43000030517578,34.4900016784668,34.08000183105469,0.010165508888144834,0.011887498621610253,15:30:00
2025-01-02,DOCN,Technology,34.68000030517578,34.529998779296875,34.25,0.012399085968624005,0.00810885575428267,15:30:00
2025-01-03,DOCN,Technology,34.5,34.40999984741211,35.720001220703125,-0.035362354223278984,-0.0380703684713773,15:30:00
2025-01-06,DOCN,Technology,36.06999969482422,36.38999938964844,35.599998474121094,0.013030252971434507,0.021709286308811228,15:30:00
2025-01-14,DOCN,Technology,33.79999923706055,34.084999084472656,33.540000915527344,0.007692258207157704,0.015989384878510534,15:30:00
2025-01-15,DOCN,Technology,34.56999969482422,34.47999954223633,34.25,0.00925657210439978,0.006670520455042055,15:30:00
2025-01-16,DOCN,Technology,35.849998474121094,35.84000015258789,35.279998779296875,0.015899573754115565,0.015625038250748437,15:30:00
2025-01-17,DOCN,Technology,35.70000076293945,35.59519958496094,36.130001068115234,-0.01204482621810387,-0.015024539527522467,15:30:00
2025-01-22,DOCN,Technology,37.5,37.41999816894531,38.25,-0.02,-0.02218070207559503,15:30:00
2025-01-28,DOCN,Technology,40.5,40.66999816894531,42.0099983215332,-0.037283909173659334,-0.03294812424189102,15:30:00
2025-01-31,DOCN,Technology,42.060001373291016,42.45000076293945,41.459999084472656,0.014265389187537532,0.023321593891020797,15:30:00
2025-02-04,DOCN,Technology,40.58000183105469,40.369998931884766,40.83000183105469,-0.006160670002944217,-0.011394672066899795,15:30:00
2025-02-10,DOCN,Technology,45.45000076293945,45.66999816894531,45.97999954223633,-0.011661139062709174,-0.006787856048170599,15:30:00
2025-02-25,DOCN,Technology,45.0,41.119998931884766,40.810001373291016,0.09311108059353299,0.0075388513289424116,15:30:00
2025-02-26,DOCN,Technology,41.40999984741211,42.11000061035156,43.959999084472656,-0.06157931046744274,-0.04393252071495633,15:30:00
2025-03-03,DOCN,Technology,43.220001220703125,42.61000061035156,40.34000015258789,0.0666358395828935,0.05327388935104131,15:30:00
2025-03-12,DOCN,Technology,37.2599983215332,36.6150016784668,36.060001373291016,0.03220603870904332,0.015157729884856887,14:30:00
2025-04-08,DOCN,Technology,29.690000534057617,29.184999465942383,25.959999084472656,0.12563157233042987,0.1105019852829931,14:30:00
2025-04-14,DOCN,Technology,28.649999618530273,28.280000686645508,27.610000610351562,0.03630014038485569,0.023691657002340008,14:30:00
2025-04-22,DOCN,Technology,26.18000030517578,26.280000686645508,26.690000534057617,-0.019480527996059992,-0.015601211442146408,14:30:00
2025-04-23,DOCN,Technology,28.489999771118164,29.024999618530273,28.25,0.00842400045792435,0.0267011069325043,14:30:00
2025-05-01,DOCN,Technology,31.639999389648438,31.75,31.479999542236328,0.005056885287565967,0.008503951425627461,14:30:00
2025-05-08,DOCN,Technology,28.799999237060547,29.30500030517578,29.8799991607666,-0.03749999834431538,-0.019621185790919968,14:30:00
2025-05-27,DOCN,Technology,28.90999984741211,28.844999313354492,28.81999969482422,0.003113114945102534,0.0008666881305384277,14:30:00
2025-05-29,DOCN,Technology,28.950000762939453,28.024999618530273,27.920000076293945,0.03557860654580951,0.0037466384894043634,14:30:00
2025-06-06,DOCN,Technology,28.415000915527344,28.280000686645508,28.610000610351562,-0.0068625616238379705,-0.0116690210641292,14:30:00
2025-06-16,DOCN,Technology,27.350000381469727,27.530000686645508,28.149999618530273,-0.02925042873500526,-0.022520846945910906,14:30:00
2025-07-21,DOCN,Technology,29.709999084472656,29.780000686645508,29.100000381469727,0.020531764449691063,0.02283412657813401,14:30:00
2025-07-28,DOCN,Technology,29.06999969482422,28.540000915527344,29.170000076293945,-0.003439985638786614,-0.0220742515962516,14:30:00
2025-07-29,DOCN,Technology,29.420000076293945,29.18079948425293,28.489999771118164,0.031611159169409965,0.02367309070841419,14:30:00
2025-07-31,DOCN,Technology,28.25,27.979999542236328,27.850000381469727,0.014159278532045077,0.004646145921852694,14:30:00
2025-08-04,DOCN,Technology,26.25,26.584999084472656,27.040000915527344,-0.03009527297247024,-0.0171149838903112,14:30:00
2025-08-05,DOCN,Technology,30.989999771118164,33.45000076293945,34.81999969482422,-0.12358825272646534,-0.04095661885313439,14:30:00
2025-08-06,DOCN,Technology,35.56999969482422,36.09000015258789,36.459999084472656,-0.0250210682396475,-0.01025211777003094,14:30:00
2025-08-07,DOCN,Technology,37.29999923706055,35.619998931884766,34.33000183105469,0.07962459696393046,0.036215528902651214,14:30:00
2025-10-06,DOCN,Technology,37.900001525878906,37.93000030517578,38.3849983215332,-0.01279674871050153,-0.011995729309164666,14:30:00
2025-10-07,DOCN,Technology,39.0,38.810001373291016,38.310001373291016,0.01769227247971755,0.012883277049922993,14:30:00
2025-10-09,DOCN,Technology,38.880001068115234,38.976898193359375,39.529998779296875,-0.016718047667819938,-0.014190472089226781,14:30:00
2025-10-10,DOCN,Technology,39.79999923706055,39.33000183105469,37.29999923706055,0.06281407155586265,0.051614607157004125,14:30:00
2025-10-16,DOCN,Technology,44.0,42.70000076293945,43.119998931884766,0.020000024275346237,-0.009836022516183205,14:30:00
2025-10-27,DOCN,Technology,40.0,39.84000015258789,40.400001525878906,-0.010000038146972656,-0.014056259315918692,14:30:00
2025-10-31,DOCN,Technology,39.0,39.97999954223633,40.65999984741211,-0.042564098651592545,-0.017008512080081545,14:30:00
2025-11-03,DOCN,Technology,40.9900016784668,39.91469955444336,41.43000030517578,-0.010734291502606307,-0.03796347630440166,15:30:00
2025-11-19,DOCN,Technology,44.29999923706055,45.439998626708984,44.08000183105469,0.004966081485207198,0.029929507851149232,15:30:00
2025-11-20,DOCN,Technology,45.18000030517578,45.380001068115234,43.209999084472656,0.04360339104463094,0.04781846479874278,15:30:00
2025-11-24,DOCN,Technology,44.34000015258789,45.13750076293945,45.154998779296875,-0.018380663597300805,-0.0003876602838362902,15:30:00
2025-12-22,DOCN,Technology,48.400001525878906,48.310001373291016,49.220001220703125,-0.016942141920920698,-0.018836676082464737,15:30:00
2026-01-02,DOCN,Technology,48.63999938964844,48.13999938964844,48.970001220703125,-0.00678457720385824,-0.017241417564977435,15:30:00
2024-01-18,DUOL,Technology,205.1999969482422,199.9600067138672,199.7100067138672,0.026754338772040753,0.0012502500080315438,15:30:00
2024-01-24,DUOL,Technology,196.0,193.67999267578125,190.4499969482422,0.028316342100805164,0.01667697154938481,15:30:00
2024-01-25,DUOL,Technology,193.0,190.33999633789062,191.94000244140625,0.005492215329501295,-0.008406042525477945,15:30:00
2024-02-01,DUOL,Technology,182.0,177.97999572753906,181.35000610351562,0.003571395035628434,-0.01893477051845505,15:30:00
2024-02-22,DUOL,Technology,178.86000061035156,177.30999755859375,177.14999389648438,0.009560587655327451,0.0009023950387033325,15:30:00
2024-02-29,DUOL,Technology,230.0,234.28500366210938,239.1699981689453,-0.039869557256283966,-0.020850649552803545,15:30:00
2024-03-06,DUOL,Technology,217.10000610351562,208.32000732421875,212.25,0.02233996299937039,-0.01886517155150061,15:30:00
2024-03-21,DUOL,Technology,237.39999389648438,242.03990173339844,235.42999267578125,0.008298236189349365,0.027309170968420962,14:30:00
2024-04-04,DUOL,Technology,221.42999267578125,221.42999267578125,216.55999755859375,0.021993385170355706,0.021993385170355706,14:30:00
2024-04-18,DUOL,Technology,208.8800048828125,210.6699981689453,205.00999450683594,0.01852743338524789,0.02686668111882915,14:30:00
2024-04-24,DUOL,Technology,223.1999969482422,224.2100067138672,216.3699951171875,0.030600367044980273,0.034967268908229286,14:30:00
2024-05-10,DUOL,Technology,202.2100067138672,197.17999267578125,188.1199951171875,0.06968009064268242,0.045947854220133304,14:30:00
2024-05-23,DUOL,Technology,179.0399932861328,173.48500061035156,175.8800048828125,0.017649623111134594,-0.013805252696399574,14:30:00
2024-07-10,DUOL,Technology,189.1999969482422,186.77999877929688,188.08999633789062,0.005866810931583766,-0.007013585861201714,14:30:00
2024-07-11,DUOL,Technology,189.74000549316406,193.89500427246094,192.24000549316406,-0.013175924568475201,0.008535541106418985,14:30:00
2024-07-18,DUOL,Technology,182.11000061035156,181.55499267578125,178.3800048828125,0.02048210265794179,0.01748774707968844,14:30:00
2024-07-26,DUOL,Technology,174.9550018310547,171.4499969482422,173.15499877929688,0.010288377199389735,-0.00994460111637913,14:30:00
2024-07-29,DUOL,Technology,174.9600067138672,172.68499755859375,169.97000122070312,0.028520835057607247,0.015722247886469694,14:30:00
2024-08-07,DUOL,Technology,169.74000549316406,166.71499633789062,161.52000427246094,0.04842701163359023,0.03116091641150689,14:30:00
2024-08-14,DUOL,Technology,193.1999969482422,195.88999938964844,197.2899932861328,-0.02116975363610552,-0.007146837004678433,14:30:00
2024-08-30,DUOL,Technology,209.7100067138672,213.14500427246094,212.32000732421875,-0.01244576094030984,0.0038705901227110294,14:30:00
2024-09-26,DUOL,Technology,291.3299865722656,286.8399963378906,277.7300109863281,0.046682374670566115,0.03175981546461588,14:30:00
2024-10-04,DUOL,Technology,287.94000244140625,283.6199951171875,283.5,0.015419887489616032,0.00042308412401572684,14:30:00
2024-11-06,DUOL,Technology,310.0,312.8299865722656,318.8900146484375,-0.028677466607862905,-0.01937163423037763,15:30:00
2024-12-19,DUOL,Technology,341.7550048828125,332.8681945800781,334.7900085449219,0.02038008584623045,-0.005773498327973834,15:30:00
2025-01-02,DUOL,Technology,327.29998779296875,322.7749938964844,325.92999267578125,0.004185747535236942,-0.009774607199926707,15:30:00
2025-01-03,DUOL,Technology,328.3399963378906,336.2950134277344,339.95001220703125,-0.03535973685396799,-0.01086842990041031,15:30:00
2025-01-14,DUOL,Technology,319.989990234375,320.9800109863281,312.3900146484375,0.023750666639199988,0.026761779686824513,15:30:00
2025-01-16,DUOL,Technology,332.9100036621094,339.4700012207031,341.489990234375,-0.025772690750903285,-0.005950419790874537,15:30:00
2025-01-17,DUOL,Technology,351.80999755859375,342.92999267578125,351.1300048828125,0.001932840682470934,-0.02391162156173329,15:30:00
2025-02-10,DUOL,Technology,398.0799865722656,400.4049987792969,401.6400146484375,-0.008942996875643242,-0.0030844167103452305,15:30:00
2025-02-24,DUOL,Technology,390.260009765625,377.3623962402344,389.20001220703125,0.0027161316354969173,-0.03136935763801139,15:30:00
2025-02-26,DUOL,Technology,388.75,393.70001220703125,386.3599853515625,0.0061479476487138265,0.018643704922236378,15:30:00
2025-02-27,DUOL,Technology,391.32000732421875,390.6300048828125,374.3500061035156,0.04336604544383298,0.04167626289788162,15:30:00
2025-03-12,DUOL,Technology,294.6600036621094,285.4700012207031,290.45001220703125,0.014287624389992811,-0.017444953813125778,14:30:00
2025-03-17,DUOL,Technology,286.7900085449219,287.56500244140625,293.95001220703125,-0.02496601502415261,-0.022203709461918957,14:30:00
2025-04-08,DUOL,Technology,319.9482116699219,316.42999267578125,293.25,0.08344541615211584,0.07325472683473404,14:30:00
2025-04-17,DUOL,Technology,329.2699890136719,320.5400085449219,326.8800048828125,0.007258432929215844,-0.019779110778310564,14:30:00
2025-04-23,DUOL,Technology,364.0400085449219,368.9599914550781,369.9599914550781,-0.01626190190967907,-0.002710320964764421,14:30:00
2025-05-01,DUOL,Technology,396.17999267578125,401.7460021972656,400.0,-0.009642100547325972,0.004346035026400342,14:30:00
2025-05-08,DUOL,Technology,505.0,499.7449951171875,503.80999755859375,0.002356440478032178,-0.008134153380471632,14:30:00
2025-05-29,DUOL,Technology,530.469970703125,523.4749755859375,513.6900024414062,0.03163226796698277,0.018692341756315487,14:30:00
2025-06-16,DUOL,Technology,482.57000732421875,483.72100830078125,474.6700134277344,0.016370669077195046,0.018711188304269183,14:30:00
2025-06-24,DUOL,Technology,454.1050109863281,437.5199890136719,422.5299987792969,0.06953240207248426,0.03426126945232343,14:30:00
2025-07-29,DUOL,Technology,342.5,331.5199890136719,333.70001220703125,0.025693395015967152,-0.006575842379354902,14:30:00
2025-08-04,DUOL,Technology,345.92999267578125,346.6099853515625,352.4599914550781,-0.018876648216557036,-0.016877777186892155,14:30:00
2025-08-05,DUOL,Technology,354.6000061035156,349.1700134277344,340.10101318359375,0.040888304202931394,0.02597302143764296,14:30:00
2025-08-06,DUOL,Technology,343.79998779296875,335.04998779296875,344.2510070800781,-0.0013118653377642705,-0.02746163146495857,14:30:00
2025-08-07,DUOL,Technology,445.4049987792969,447.3800048828125,390.8399963378906,0.12250648868097642,0.1263802761138868,14:30:00
2025-08-08,DUOL,Technology,408.25,398.489990234375,370.3399963378906,0.09285977626971066,0.07064165872755734,14:30:00
2025-10-03,DUOL,Technology,315.54998779296875,323.6600036621094,322.6400146484375,-0.02246879141101565,0.003151421251099999,14:30:00
2025-10-10,DUOL,Technology,340.45001220703125,338.1449890136719,325.0799865722656,0.04514620379986636,0.03863727946853592,14:30:00
2025-10-24,DUOL,Technology,318.0,317.80999755859375,311.9700012207031,0.018962260312254325,0.01837574771955977,14:30:00
2025-10-27,DUOL,Technology,317.260009765625,307.4549865722656,306.82000732421875,0.03290677085056756,0.0020652754900029133,14:30:00
2025-10-31,DUOL,Technology,267.05499267578125,261.4150085449219,270.760009765625,-0.013873611021913508,-0.03574776089834669,14:30:00
2025-11-03,DUOL,Technology,278.4100036621094,262.9798889160156,264.8599853515625,0.048669293963272145,-0.007149202333670832,15:30:00
2025-11-10,DUOL,Technology,202.78500366210938,191.82000732421875,192.47999572753906,0.05081740635881062,-0.003440665092900264,15:30:00
2025-11-20,DUOL,Technology,175.24000549316406,171.85000610351562,168.0800018310547,0.040858271157659144,0.021937760480439182,15:30:00
2025-11-24,DUOL,Technology,175.0,169.5500030517578,172.52999877929688,0.014114292689732143,-0.017575910786798227,15:30:00
2025-11-26,DUOL,Technology,178.22999572753906,187.91000366210938,188.44000244140625,-0.05728556897614062,-0.0028204926239578654,15:30:00
2025-11-28,DUOL,Technology,191.88999938964844,192.34500122070312,191.03750610351562,0.004442614460599141,0.006797655820996544,15:30:00
2025-12-15,DUOL,Technology,197.75,188.4550018310547,185.77999877929688,0.060530979624288876,0.014194386064403255,15:30:00
2025-12-19,DUOL,Technology,186.51589965820312,184.4600067138672,185.6300048828125,0.004749701108667186,-0.006342828398354142,15:30:00
2026-01-02,DUOL,Technology,176.63999938964844,176.6199951171875,176.3800048828125,0.0014718891968654177,0.001358794253254091,15:30:00
2026-01-06,DUOL,Technology,189.5,187.02000427246094,179.47500610351562,0.05290234246165897,0.040343268081383145,15:30:00
2024-01-17,EOSE,Industrials,0.8011000156402588,0.7825899720191956,0.8899999856948853,-0.11097237338533245,-0.13724941222867487,15:30:00
2024-01-18,EOSE,Industrials,0.9200000166893005,0.8999999761581421,0.8809000253677368,0.04249998979594415,0.02122216810709021,15:30:00
2024-01-22,EOSE,Industrials,0.9605000019073486,1.0199999809265137,1.0549999475479126,-0.09838620036742028,-0.034313693407726165,15:30:00
2024-01-23,EOSE,Industrials,1.0800000429153442,1.0700000524520874,1.0800000429153442,0.0,-0.0093457850215429,15:30:00
2024-01-24,EOSE,Industrials,1.100000023841858,1.0149999856948853,0.9932000041007996,0.09709092493293665,0.021477814681111623,15:30:00
2024-02-07,EOSE,Industrials,1.2000000476837158,1.1720000505447388,1.149999976158142,0.04166672461562456,0.018771393718260657,15:30:00
2024-02-09,EOSE,Industrials,1.25,1.1799999475479126,1.1699999570846558,0.06400003433227539,0.00847456856590309,15:30:00
2024-02-14,EOSE,Industrials,1.0499999523162842,1.024999976158142,1.0199999809265137,0.028571402621105857,0.004878044241882981,15:30:00
2024-02-21,EOSE,Industrials,0.9794999957084656,0.9491000175476074,0.9240000247955322,0.056661532573862444,0.026446098712474383,15:30:00
2024-02-26,EOSE,Industrials,0.9779999852180481,1.0088000297546387,0.9786999821662903,-0.0007157433116792134,0.02983747690379168,15:30:00
2024-02-29,EOSE,Industrials,0.9900000095367432,1.0098999738693237,0.949999988079071,0.04040406168924137,0.059312790712086366,15:30:00
2024-03-04,EOSE,Industrials,1.0489000082015991,1.0099999904632568,1.0099999904632568,0.03708648816300293,0.0,15:30:00
2024-03-05,EOSE,Industrials,1.0499999523162842,1.0950000286102295,1.0700000524520874,-0.019047715280065776,0.02283102785839374,15:30:00
2024-03-06,EOSE,Industrials,1.0851000547409058,1.0850000381469727,1.100000023841858,-0.013731424153793708,-0.01382487112212744,15:30:00
2024-03-08,EOSE,Industrials,1.100000023841858,1.125,1.0399999618530273,0.05454550971669479,0.0755555894639757,15:30:00
2024-03-11,EOSE,Industrials,1.0500999689102173,1.0549999475479126,0.9617000222206116,0.08418241053882351,0.08843595257436146,14:30:00
2024-03-12,EOSE,Industrials,0.972000002861023,0.9620000123977661,1.0099999904632568,-0.03909463733578522,-0.04989602645207012,14:30:00
2024-04-01,EOSE,Industrials,1.090000033378601,0.9843000173568726,1.0,0.08256883543354941,-0.015950403704437992,14:30:00
2024-04-05,EOSE,Industrials,0.9900000095367432,0.9768000245094299,1.0099999904632568,-0.02020200074126503,-0.03398849828090519,14:30:00
2024-04-11,EOSE,Industrials,0.9200000166893005,0.9333000183105469,0.9200999736785889,-0.00010864889942940863,0.014143409807119296,14:30:00
2024-04-17,EOSE,Industrials,0.8299999833106995,0.8144000172615051,0.8238999843597412,0.007349396474234384,-0.01166498882229963,14:30:00
2024-04-18,EOSE,Industrials,0.8399999737739563,0.8199999928474426,0.7696999907493591,0.08369045859460332,0.06134146650833153,14:30:00
2024-04-24,EOSE,Industrials,0.7900000214576721,0.7505000233650208,0.7580999732017517,0.04037980682210602,-0.01012651512341735,14:30:00
2024-05-03,EOSE,Industrials,0.7311000227928162,0.7123000025749207,0.7497000098228455,-0.02544109759288064,-0.05250597657268859,14:30:00
2024-05-06,EOSE,Industrials,0.7598000168800354,0.7390999794006348,0.7264000177383423,0.043958934455994664,0.01718300908706746,14:30:00
2024-05-13,EOSE,Industrials,0.7279999852180481,0.744700014591217,0.720300018787384,0.010576877179960099,0.03276486548375687,14:30:00
2024-05-16,EOSE,Industrials,0.7401000261306763,0.7674999833106995,0.7024999856948853,0.050803998254625296,0.08469055248109485,14:30:00
2024-05-17,EOSE,Industrials,0.7325000166893005,0.7250000238418579,0.722100019454956,0.014197948119304655,0.004000005919357631,14:30:00
2024-05-22,EOSE,Industrials,0.7064999938011169,0.7289999723434448,0.7279000282287598,-0.030290211769863132,0.0015088397207330146,14:30:00
2024-05-24,EOSE,Industrials,0.699999988079071,0.7150999903678894,0.7073000073432922,-0.0104285991264854,0.010907541783890109,14:30:00
2024-06-03,EOSE,Industrials,0.7310000061988831,0.7052000164985657,0.7372000217437744,-0.008481553341060466,-0.045377204334302264,14:30:00
2024-06-18,EOSE,Industrials,0.7900000214576721,0.8011000156402588,0.7829999923706055,0.008860796072069107,0.02259396194766934,14:30:00
2024-06-26,EOSE,Industrials,1.3200000524520874,1.3600000143051147,1.2899999618530273,0.022727340459820916,0.051470626261613375,14:30:00
2024-06-28,EOSE,Industrials,1.3680000305175781,1.3849999904632568,1.3049999475479126,0.04605269120193635,0.057761764235525884,14:30:00
2024-07-02,EOSE,Industrials,1.5099999904632568,1.4772000312805176,1.559399962425232,-0.032715213426471317,-0.055645768619067094,14:30:00
2024-07-08,EOSE,Industrials,2.0399999618530273,2.005000114440918,1.9299999475479126,0.05392157664806846,0.037406564893847256,14:30:00
2024-07-11,EOSE,Industrials,2.0799999237060547,2.139899969100952,2.119999885559082,-0.019230751596258297,0.009299539150996319,14:30:00
2024-07-15,EOSE,Industrials,2.4000000953674316,2.2249999046325684,2.055000066757202,0.14375000620881692,0.07640442479184718,14:30:00
2024-07-22,EOSE,Industrials,1.909999966621399,1.863700032234192,1.8650000095367432,0.023560187367048093,-0.0006975249665005719,14:30:00
2024-08-01,EOSE,Industrials,2.0280001163482666,1.8849999904632568,1.815000057220459,0.10502960892889283,0.03713524328750511,14:30:00
2024-08-12,EOSE,Industrials,1.5700000524520874,1.642899990081787,1.6749999523162842,-0.06687891487659751,-0.019538597862490136,14:30:00
2024-08-14,EOSE,Industrials,1.809999942779541,1.7350000143051147,1.7999999523162842,0.005524856784194297,-0.0374639409079213,14:30:00
2024-08-16,EOSE,Industrials,1.909999966621399,2.003000020980835,1.934999942779541,-0.013088992981693385,0.03394911507189873,14:30:00
2024-08-20,EOSE,Industrials,1.9900000095367432,1.8598999977111816,1.8799999952316284,0.055276388833144736,-0.010807031316297708,14:30:00
2024-09-19,EOSE,Industrials,2.5399999618530273,2.4309000968933105,2.4000000953674316,0.055118058499284556,0.012711341599504274,14:30:00
2024-09-26,EOSE,Industrials,2.5,2.5199999809265137,2.5999999046325684,-0.039999961853027344,-0.03174600171093715,14:30:00
2024-10-02,EOSE,Industrials,2.9000000953674316,2.890000104904175,2.9600000381469727,-0.020689634760835754,-0.02422142930860512,14:30:00
2024-10-09,EOSE,Industrials,3.180000066757202,3.1700000762939453,2.9649999141693115,0.06761010945736758,0.06466881930308972,14:30:00
2024-10-16,EOSE,Industrials,3.5299999713897705,3.390000104904175,3.440000057220459,0.025495726600212498,-0.01474924801446209,14:30:00
2024-10-24,EOSE,Industrials,3.0899999141693115,3.0950000286102295,3.119999885559082,-0.009708728874782328,-0.008077498131745868,14:30:00
2024-10-25,EOSE,Industrials,3.1700000762939453,3.2249999046325684,3.3499999046325684,-0.056782278866397154,-0.03875969106865494,14:30:00
2024-10-29,EOSE,Industrials,3.490000009536743,3.4047999382019043,3.450000047683716,0.011461307089892207,-0.013275408335939402,14:30:00
2024-11-01,EOSE,Industrials,3.380000114440918,3.365000009536743,3.1449999809265137,0.0695266643661861,0.06537890876277196,14:30:00
2024-11-05,EOSE,Industrials,2.9800000190734863,2.9600000381469727,3.180000066757202,-0.06711410953141468,-0.07432433303208824,15:30:00
2024-11-08,EOSE,Industrials,2.7799999713897705,2.7249999046325684,2.6649999618530273,0.04136691033102877,0.02201832839609998,15:30:00
2024-11-18,EOSE,Industrials,2.2100000381469727,2.174999952316284,2.1449999809265137,0.02941179008981368,0.013793090596540837,15:30:00
2024-11-25,EOSE,Industrials,2.7300000190734863,2.684999942779541,2.799999952316284,-0.025641001008693983,-0.0428305445018721,15:30:00
2024-11-27,EOSE,Industrials,2.7300000190734863,2.7699999809265137,2.694999933242798,0.012820544170753114,0.027075829675143066,15:30:00
2024-12-02,EOSE,Industrials,2.9700000286102295,2.875,2.9000000953674316,0.0235690008648092,-0.008695685345193615,15:30:00
2024-12-03,EOSE,Industrials,3.2799999713897705,3.0850000381469727,2.950000047683716,0.10060973371479337,0.04376012602720924,15:30:00
2024-12-18,EOSE,Industrials,4.329999923706055,4.174300193786621,4.03000020980835,0.06928399981146761,0.034568664753210535,15:30:00
2024-12-19,EOSE,Industrials,4.239999771118164,4.230000019073486,4.324999809265137,-0.020047179890426415,-0.022458579140256972,15:30:00
2024-12-27,EOSE,Industrials,5.369999885559082,5.210000038146973,5.179999828338623,0.03538176187515462,0.005758197617791133,15:30:00
2025-01-06,EOSE,Industrials,5.789999961853027,5.869999885559082,5.525000095367432,0.04576854373601504,0.05877338959416202,15:30:00
2025-01-07,EOSE,Industrials,5.53000020980835,5.434999942779541,5.394999980926514,0.024412337027110993,0.007359698670497273,15:30:00
2025-01-14,EOSE,Industrials,4.8979997634887695,4.625,4.599999904632568,0.06084113377823858,0.005405426025390625,15:30:00
2025-01-21,EOSE,Industrials,6.079999923706055,5.429999828338623,5.730000019073486,0.05756577451060665,-0.05524865565726033,15:30:00
2025-01-28,EOSE,Industrials,5.885000228881836,5.869999885559082,5.679999828338623,0.034834391260875695,0.0323679831217514,15:30:00
2025-01-31,EOSE,Industrials,5.860000133514404,6.10860013961792,5.730999946594238,0.02201368327321198,0.061814521231258676,15:30:00
2025-02-05,EOSE,Industrials,5.96999979019165,5.730000019073486,5.389999866485596,0.09715241944546792,0.05933685016686388,15:30:00
2025-02-06,EOSE,Industrials,5.500999927520752,5.474999904632568,5.454999923706055,0.008362116782544483,0.003652964616417813,15:30:00
2025-02-13,EOSE,Industrials,5.005000114440918,4.989999771118164,5.235000133514404,-0.04595404871417838,-0.0490982712693272,15:30:00
2025-02-19,EOSE,Industrials,5.019999980926514,4.800000190734863,4.840000152587891,0.03585653964592276,-0.008333325054910776,15:30:00
2025-02-21,EOSE,Industrials,4.784999847412109,4.659999847412109,4.485000133514404,0.06269586697269283,0.03755358790298881,15:30:00
2025-02-26,EOSE,Industrials,4.119999885559082,4.230000019073486,4.289999961853027,-0.04126215558641366,-0.014184383571866518,15:30:00
2025-02-27,EOSE,Industrials,4.309999942779541,4.315000057220459,4.070000171661377,0.05568440239082393,0.05677865175206988,15:30:00
2025-03-03,EOSE,Industrials,4.449999809265137,4.230000019073486,3.984999895095825,0.10449436721348997,0.05791965079738332,15:30:00
2025-03-12,EOSE,Industrials,4.119999885559082,4.105000019073486,4.114999771118164,0.0012136200436421748,-0.0024359931786150676,14:30:00
2025-03-24,EOSE,Industrials,4.5,4.525000095367432,4.340000152587891,0.035555521647135414,0.04088396439349002,14:30:00
2025-04-08,EOSE,Industrials,3.799999952316284,3.6600000858306885,3.2950000762939453,0.13289470588401375,0.09972677622325828,14:30:00
2025-04-14,EOSE,Industrials,4.295000076293945,4.364999771118164,4.224999904632568,0.016298060632813412,0.0320732815181185,14:30:00
2025-04-17,EOSE,Industrials,4.960000038146973,4.840000152587891,4.75,0.042338717042717494,0.018595072262501604,14:30:00
2025-04-22,EOSE,Industrials,4.679999828338623,4.739999771118164,4.650000095367432,0.006410199587943396,0.01898727428197777,14:30:00
2025-04-23,EOSE,Industrials,4.869999885559082,4.980000019073486,4.855000019073486,0.0030800547922135526,0.02510040151029073,14:30:00
2025-04-28,EOSE,Industrials,5.300000190734863,5.434999942779541,5.46999979019165,-0.03207539496960208,-0.006439714403052951,14:30:00
2025-05-01,EOSE,Industrials,5.329999923706055,5.309999942779541,5.119999885559082,0.03939963248647769,0.03578155541768287,14:30:00
2025-05-12,EOSE,Industrials,6.472899913787842,6.380000114440918,6.309999942779541,0.0251664591107472,0.0109718135432214,14:30:00
2025-06-03,EOSE,Industrials,4.170000076293945,4.125,3.8550000190734863,0.07553958068519097,0.06545454083066998,14:30:00
2025-06-09,EOSE,Industrials,3.950000047683716,4.15500020980835,4.175000190734863,-0.05696206084429994,-0.004813472904117176,14:30:00
2025-06-10,EOSE,Industrials,4.199999809265137,4.195000171661377,4.070000171661377,0.03095229607320041,0.0297973766114282,14:30:00
2025-06-20,EOSE,Industrials,4.789999961853027,4.755000114440918,4.480000019073486,0.06471815140883978,0.05783387776001463,14:30:00
2025-06-25,EOSE,Industrials,4.420000076293945,4.260000228881836,4.215000152587891,0.046380072436094114,0.010563397623515368,14:30:00
2025-06-27,EOSE,Industrials,4.559999942779541,4.40500020980835,4.429999828338623,0.02850879738425536,-0.005675282029410189,14:30:00
2025-07-07,EOSE,Industrials,5.170000076293945,5.269100189208984,5.150000095367432,0.0038684682072288143,0.022603497668438232,14:30:00
2025-07-09,EOSE,Industrials,4.830999851226807,4.600100040435791,4.65500020980835,0.03643130756333243,-0.01193455987695381,14:30:00
2025-07-28,EOSE,Industrials,6.449999809265137,6.210000038146973,6.179999828338623,0.041860463397017586,0.0048309516302839665,14:30:00
2025-07-29,EOSE,Industrials,6.289999961853027,5.965000152587891,5.960000038146973,0.05246421712359392,0.0008382421312677905,14:30:00
2025-08-07,EOSE,Industrials,6.585000038146973,6.755000114440918,6.559999942779541,0.003796521673896102,0.028867530474870506,14:30:00
2025-08-08,EOSE,Industrials,6.599999904632568,6.42549991607666,6.369999885559082,0.03484848824195411,0.008637464982096808,14:30:00
2025-08-26,EOSE,Industrials,6.34499979019165,6.760000228881836,6.925000190734863,-0.09141062564569352,-0.024408277554203547,14:30:00
2025-08-28,EOSE,Industrials,7.269000053405762,7.211699962615967,7.139999866485596,0.017746620714320295,0.009942190676546484,14:30:00
2025-09-03,EOSE,Industrials,7.659999847412109,7.920000076293945,7.614999771118164,0.005874683706312129,0.03851013917142561,14:30:00
2025-09-05,EOSE,Industrials,7.539999961853027,7.114999771118164,7.21999979019165,0.042440341283865715,-0.014757557617880985,14:30:00
2025-09-10,EOSE,Industrials,7.050000190734863,7.255000114440918,6.875,0.024822721418482966,0.05237768551988526,14:30:00
2025-09-22,EOSE,Industrials,10.279999732971191,10.029999732971191,10.25,0.0029182620379816578,-0.021934224614743616,14:30:00
2025-09-23,EOSE,Industrials,10.300000190734863,10.369999885559082,10.140000343322754,0.015533965480508796,0.022179319650390533,14:30:00
2025-09-24,EOSE,Industrials,10.300000190734863,10.555000305175781,10.645000457763672,-0.033495170935933176,-0.008526778776477902,14:30:00
2025-10-02,EOSE,Industrials,12.954999923706055,12.677900314331055,12.369999885559082,0.045156313515409184,0.02428638979152747,14:30:00
2025-10-03,EOSE,Industrials,12.470000267028809,12.930000305175781,12.59000015258789,-0.009623086045664862,0.026295448148736016,14:30:00
2025-10-06,EOSE,Industrials,14.4399995803833,14.824999809265137,13.875,0.03912739590040232,0.06408093230945056,14:30:00
2025-10-07,EOSE,Industrials,14.199999809265137,14.300000190734863,13.65999984741211,0.03802816683847356,0.044755268166878595,14:30:00
2025-10-09,EOSE,Industrials,15.050100326538086,14.73009967803955,14.619999885559082,0.028577911884122183,0.007474477083451894,14:30:00
2025-10-15,EOSE,Industrials,18.270000457763672,17.885000228881836,18.290000915527344,-0.0010947157779173924,-0.022644712410542046,14:30:00
2025-10-20,EOSE,Industrials,16.198999404907227,15.079999923706055,15.020000457763672,0.07278220818913024,0.003978744446017038,14:30:00
2025-10-21,EOSE,Industrials,17.014999389648438,17.010000228881836,16.299999237060547,0.04202175599388393,0.04174021059774915,14:30:00
2025-10-27,EOSE,Industrials,16.211999893188477,15.904999732971191,15.369999885559082,0.05193683772371375,0.033637211970714495,14:30:00
2025-10-31,EOSE,Industrials,14.670000076293945,15.170000076293945,16.020000457763672,-0.09202456540210016,-0.05603166626202041,14:30:00
2025-11-05,EOSE,Industrials,14.399999618530273,14.40999984741211,14.854999542236328,-0.031597217761071994,-0.03088131155699743,15:30:00
2025-11-06,EOSE,Industrials,15.800000190734863,15.4399995803833,15.289999961853027,0.032278495109189974,0.009715001464174242,15:30:00
2025-11-12,EOSE,Industrials,19.07469940185547,17.360000610351562,17.264999389648438,0.09487436599032302,0.005472420355012943,15:30:00
2025-11-20,EOSE,Industrials,13.34000015258789,13.949999809265137,12.864999771118164,0.035607224590441924,0.07777778157576395,15:30:00
2025-11-21,EOSE,Industrials,12.979999542236328,11.680899620056152,12.359999656677246,0.04776578639634236,-0.05813764852966258,15:30:00
2025-11-26,EOSE,Industrials,13.5,13.59000015258789,14.210000038146973,-0.05259259541829427,-0.045621771787914066,15:30:00
2025-12-08,EOSE,Industrials,15.103500366210938,14.425000190734863,15.444999694824219,-0.022610608159236552,-0.07071053661021774,15:30:00
2025-12-15,EOSE,Industrials,14.729999542236328,13.600000381469727,13.614999771118164,0.0756958456054971,-0.0011028962667438207,15:30:00
2025-12-17,EOSE,Industrials,13.449999809265137,13.198599815368652,12.255000114440918,0.08884756221342352,0.071492409356104,15:30:00
2025-12-18,EOSE,Industrials,12.699999809265137,12.729999542236328,12.319999694824219,0.02992126930298797,0.03220737330365081,15:30:00
2025-12-19,EOSE,Industrials,12.449999809265137,12.850000381469727,13.039999961853027,-0.04738957121499872,-0.014785959123961478,15:30:00
2025-12-22,EOSE,Industrials,13.375,13.024999618530273,12.875,0.037383177570093455,0.01151628582905089,15:30:00
2026-01-02,EOSE,Industrials,11.718799591064453,12.335000038146973,12.989999771118164,-0.10847528965534976,-0.0531009104941672,15:30:00
2026-01-05,EOSE,Industrials,13.284000396728516,13.228699684143066,13.449999809265137,-0.012496191476891419,-0.016728788951746905,15:30:00
2026-01-07,EOSE,Industrials,14.300000190734863,14.609999656677246,13.975000381469727,0.022727259086031893,0.04346333265773242,15:30:00
2026-01-13,EOSE,Industrials,16.584999084472656,16.354999542236328,16.81999969482422,-0.014169467791624825,-0.028431682396996758,15:30:00
2024-01-17,FI,Unknown,,,,,,15:30:00
2024-01-18,FI,Unknown,,,,,,15:30:00
2024-01-22,FI,Unknown,,,,,,15:30:00
2024-01-23,FI,Unknown,,,,,,15:30:00
2024-01-24,FI,Unknown,,,,,,15:30:00
2024-01-25,FI,Unknown,,,,,,15:30:00
2024-01-26,FI,Unknown,,,,,,15:30:00
2024-01-30,FI,Unknown,,,,,,15:30:00
2024-01-31,FI,Unknown,,,,,,15:30:00
2024-02-02,FI,Unknown,,,,,,15:30:00
2024-02-06,FI,Unknown,,,,,,15:30:00
2024-02-07,FI,Unknown,,,,,,15:30:00
2024-02-09,FI,Unknown,,,,,,15:30:00
2024-02-13,FI,Unknown,,,,,,15:30:00
2024-02-14,FI,Unknown,,,,,,15:30:00
2024-02-15,FI,Unknown,,,,,,15:30:00
2024-02-16,FI,Unknown,,,,,,15:30:00
2024-02-20,FI,Unknown,,,,,,15:30:00
2024-02-22,FI,Unknown,,,,,,15:30:00
2024-02-23,FI,Unknown,,,,,,15:30:00
2024-02-27,FI,Unknown,,,,,,15:30:00
2024-02-28,FI,Unknown,,,,,,15:30:00
2024-02-29,FI,Unknown,,,,,,15:30:00
2024-03-01,FI,Unknown,,,,,,15:30:00
2024-03-05,FI,Unknown,,,,,,15:30:00
2024-03-06,FI,Unknown,,,,,,15:30:00
2024-03-07,FI,Unknown,,,,,,15:30:00
2024-03-08,FI,Unknown,,,,,,15:30:00
2024-03-12,FI,Unknown,,,,,,14:30:00
2024-03-13,FI,Unknown,,,,,,14:30:00
2024-03-14,FI,Unknown,,,,,,14:30:00
2024-03-15,FI,Unknown,,,,,,14:30:00
2024-03-18,FI,Unknown,,,,,,14:30:00
2024-03-21,FI,Unknown,,,,,,14:30:00
2024-03-25,FI,Unknown,,,,,,14:30:00
2024-03-26,FI,Unknown,,,,,,14:30:00
2024-03-27,FI,Unknown,,,,,,14:30:00
2024-04-01,FI,Unknown,,,,,,14:30:00
2024-04-02,FI,Unknown,,,,,,14:30:00
2024-04-04,FI,Unknown,,,,,,14:30:00
2024-04-10,FI,Unknown,,,,,,14:30:00
2024-04-12,FI,Unknown,,,,,,14:30:00
2024-04-15,FI,Unknown,,,,,,14:30:00
2024-04-16,FI,Unknown,,,,,,14:30:00
2024-04-17,FI,Unknown,,,,,,14:30:00
2024-04-18,FI,Unknown,,,,,,14:30:00
2024-04-19,FI,Unknown,,,,,,14:30:00
2024-04-22,FI,Unknown,,,,,,14:30:00
2024-04-23,FI,Unknown,,,,,,14:30:00
2024-04-25,FI,Unknown,,,,,,14:30:00
2024-04-29,FI,Unknown,,,,,,14:30:00
2024-05-06,FI,Unknown,,,,,,14:30:00
2024-05-07,FI,Unknown,,,,,,14:30:00
2024-05-08,FI,Unknown,,,,,,14:30:00
2024-05-10,FI,Unknown,,,,,,14:30:00
2024-05-13,FI,Unknown,,,,,,14:30:00
2024-05-15,FI,Unknown,,,,,,14:30:00
2024-05-16,FI,Unknown,,,,,,14:30:00
2024-05-21,FI,Unknown,,,,,,14:30:00
2024-05-22,FI,Unknown,,,,,,14:30:00
2024-05-23,FI,Unknown,,,,,,14:30:00
2024-05-24,FI,Unknown,,,,,,14:30:00
2024-05-28,FI,Unknown,,,,,,14:30:00
2024-05-29,FI,Unknown,,,,,,14:30:00
2024-06-12,FI,Unknown,,,,,,14:30:00
2024-06-13,FI,Unknown,,,,,,14:30:00
2024-06-14,FI,Unknown,,,,,,14:30:00
2024-06-18,FI,Unknown,,,,,,14:30:00
2024-06-20,FI,Unknown,,,,,,14:30:00
2024-06-24,FI,Unknown,,,,,,14:30:00
2024-06-25,FI,Unknown,,,,,,14:30:00
2024-06-26,FI,Unknown,,,,,,14:30:00
2024-06-28,FI,Unknown,,,,,,14:30:00
2024-07-08,FI,Unknown,,,,,,14:30:00
2024-07-09,FI,Unknown,,,,,,14:30:00
2024-07-11,FI,Unknown,,,,,,14:30:00
2024-07-15,FI,Unknown,,,,,,14:30:00
2024-07-16,FI,Unknown,,,,,,14:30:00
2024-07-17,FI,Unknown,,,,,,14:30:00
2024-07-18,FI,Unknown,,,,,,14:30:00
2024-07-24,FI,Unknown,,,,,,14:30:00
2024-07-25,FI,Unknown,,,,,,14:30:00
2024-07-26,FI,Unknown,,,,,,14:30:00
2024-07-29,FI,Unknown,,,,,,14:30:00
2024-07-30,FI,Unknown,,,,,,14:30:00
2024-08-01,FI,Unknown,,,,,,14:30:00
2024-08-02,FI,Unknown,,,,,,14:30:00
2024-08-05,FI,Unknown,,,,,,14:30:00
2024-08-06,FI,Unknown,,,,,,14:30:00
2024-08-07,FI,Unknown,,,,,,14:30:00
2024-08-08,FI,Unknown,,,,,,14:30:00
2024-08-09,FI,Unknown,,,,,,14:30:00
2024-08-20,FI,Unknown,,,,,,14:30:00
2024-08-22,FI,Unknown,,,,,,14:30:00
2024-08-26,FI,Unknown,,,,,,14:30:00
2024-08-27,FI,Unknown,,,,,,14:30:00
2024-08-28,FI,Unknown,,,,,,14:30:00
2024-08-29,FI,Unknown,,,,,,14:30:00
2024-08-30,FI,Unknown,,,,,,14:30:00
2024-09-03,FI,Unknown,,,,,,14:30:00
2024-09-10,FI,Unknown,,,,,,14:30:00
2024-09-17,FI,Unknown,,,,,,14:30:00
2024-09-18,FI,Unknown,,,,,,14:30:00
2024-09-19,FI,Unknown,,,,,,14:30:00
2024-09-20,FI,Unknown,,,,,,14:30:00
2024-09-23,FI,Unknown,,,,,,14:30:00
2024-09-24,FI,Unknown,,,,,,14:30:00
2024-09-25,FI,Unknown,,,,,,14:30:00
2024-09-26,FI,Unknown,,,,,,14:30:00
2024-09-27,FI,Unknown,,,,,,14:30:00
2024-09-30,FI,Unknown,,,,,,14:30:00
2024-10-01,FI,Unknown,,,,,,14:30:00
2024-10-04,FI,Unknown,,,,,,14:30:00
2024-10-10,FI,Unknown,,,,,,14:30:00
2024-10-14,FI,Unknown,,,,,,14:30:00
2024-10-17,FI,Unknown,,,,,,14:30:00
2024-10-18,FI,Unknown,,,,,,14:30:00
2024-10-21,FI,Unknown,,,,,,14:30:00
2024-10-22,FI,Unknown,,,,,,14:30:00
2024-10-24,FI,Unknown,,,,,,14:30:00
2024-10-31,FI,Unknown,,,,,,14:30:00
2024-11-01,FI,Unknown,,,,,,14:30:00
2024-11-06,FI,Unknown,,,,,,15:30:00
2024-11-07,FI,Unknown,,,,,,15:30:00
2024-11-08,FI,Unknown,,,,,,15:30:00
2024-11-13,FI,Unknown,,,,,,15:30:00
2024-11-14,FI,Unknown,,,,,,15:30:00
2024-11-15,FI,Unknown,,,,,,15:30:00
2024-11-21,FI,Unknown,,,,,,15:30:00
2024-11-25,FI,Unknown,,,,,,15:30:00
2024-11-26,FI,Unknown,,,,,,15:30:00
2024-11-27,FI,Unknown,,,,,,15:30:00
2024-11-29,FI,Unknown,,,,,,15:30:00
2024-12-02,FI,Unknown,,,,,,15:30:00
2024-12-03,FI,Unknown,,,,,,15:30:00
2024-12-04,FI,Unknown,,,,,,15:30:00
2024-12-09,FI,Unknown,,,,,,15:30:00
2024-12-10,FI,Unknown,,,,,,15:30:00
2024-12-11,FI,Unknown,,,,,,15:30:00
2024-12-12,FI,Unknown,,,,,,15:30:00
2024-12-17,FI,Unknown,,,,,,15:30:00
2024-12-18,FI,Unknown,,,,,,15:30:00
2024-12-19,FI,Unknown,,,,,,15:30:00
2024-12-20,FI,Unknown,,,,,,15:30:00
2024-12-27,FI,Unknown,,,,,,15:30:00
2024-12-30,FI,Unknown,,,,,,15:30:00
2024-12-31,FI,Unknown,,,,,,15:30:00
2025-01-07,FI,Unknown,,,,,,15:30:00
2025-01-10,FI,Unknown,,,,,,15:30:00
2025-01-13,FI,Unknown,,,,,,15:30:00
2025-01-14,FI,Unknown,,,,,,15:30:00
2025-01-17,FI,Unknown,,,,,,15:30:00
2025-01-21,FI,Unknown,,,,,,15:30:00
2025-01-22,FI,Unknown,,,,,,15:30:00
2025-01-27,FI,Unknown,,,,,,15:30:00
2025-01-28,FI,Unknown,,,,,,15:30:00
2025-01-30,FI,Unknown,,,,,,15:30:00
2025-01-31,FI,Unknown,,,,,,15:30:00
2025-02-03,FI,Unknown,,,,,,15:30:00
2025-02-06,FI,Unknown,,,,,,15:30:00
2025-02-12,FI,Unknown,,,,,,15:30:00
2025-02-21,FI,Unknown,,,,,,15:30:00
2025-02-24,FI,Unknown,,,,,,15:30:00
2025-02-26,FI,Unknown,,,,,,15:30:00
2025-02-27,FI,Unknown,,,,,,15:30:00
2025-02-28,FI,Unknown,,,,,,15:30:00
2025-03-03,FI,Unknown,,,,,,15:30:00
2025-03-04,FI,Unknown,,,,,,15:30:00
2025-03-06,FI,Unknown,,,,,,15:30:00
2025-03-07,FI,Unknown,,,,,,15:30:00
2025-03-10,FI,Unknown,,,,,,14:30:00
2025-03-12,FI,Unknown,,,,,,14:30:00
2025-03-13,FI,Unknown,,,,,,14:30:00
2025-03-18,FI,Unknown,,,,,,14:30:00
2025-03-19,FI,Unknown,,,,,,14:30:00
2025-03-20,FI,Unknown,,,,,,14:30:00
2025-03-21,FI,Unknown,,,,,,14:30:00
2025-03-24,FI,Unknown,,,,,,14:30:00
2025-03-27,FI,Unknown,,,,,,14:30:00
2025-03-28,FI,Unknown,,,,,,14:30:00
2025-03-31,FI,Unknown,,,,,,14:30:00
2025-04-01,FI,Unknown,,,,,,14:30:00
2025-04-02,FI,Unknown,,,,,,14:30:00
2025-04-03,FI,Unknown,,,,,,14:30:00
2025-04-04,FI,Unknown,,,,,,14:30:00
2025-04-07,FI,Unknown,,,,,,14:30:00
2025-04-08,FI,Unknown,,,,,,14:30:00
2025-04-10,FI,Unknown,,,,,,14:30:00
2025-04-11,FI,Unknown,,,,,,14:30:00
2025-04-14,FI,Unknown,,,,,,14:30:00
2025-04-16,FI,Unknown,,,,,,14:30:00
2025-04-17,FI,Unknown,,,,,,14:30:00
2025-04-21,FI,Unknown,,,,,,14:30:00
2025-04-22,FI,Unknown,,,,,,14:30:00
2025-04-23,FI,Unknown,,,,,,14:30:00
2025-04-28,FI,Unknown,,,,,,14:30:00
2025-04-29,FI,Unknown,,,,,,14:30:00
2025-04-30,FI,Unknown,,,,,,14:30:00
2025-05-01,FI,Unknown,,,,,,14:30:00
2025-05-02,FI,Unknown,,,,,,14:30:00
2025-05-05,FI,Unknown,,,,,,14:30:00
2025-05-06,FI,Unknown,,,,,,14:30:00
2025-05-08,FI,Unknown,,,,,,14:30:00
2025-05-09,FI,Unknown,,,,,,14:30:00
2025-05-12,FI,Unknown,,,,,,14:30:00
2025-05-13,FI,Unknown,,,,,,14:30:00
2025-05-14,FI,Unknown,,,,,,14:30:00
2025-05-15,FI,Unknown,,,,,,14:30:00
2025-05-16,FI,Unknown,,,,,,14:30:00
2025-05-19,FI,Unknown,,,,,,14:30:00
2025-05-20,FI,Unknown,,,,,,14:30:00
2025-05-21,FI,Unknown,,,,,,14:30:00
2025-05-22,FI,Unknown,,,,,,14:30:00
2025-05-23,FI,Unknown,,,,,,14:30:00
2025-05-27,FI,Unknown,,,,,,14:30:00
2025-05-28,FI,Unknown,,,,,,14:30:00
2025-05-29,FI,Unknown,,,,,,14:30:00
2025-05-30,FI,Unknown,,,,,,14:30:00
2025-06-03,FI,Unknown,,,,,,14:30:00
2025-06-04,FI,Unknown,,,,,,14:30:00
2025-06-05,FI,Unknown,,,,,,14:30:00
2025-06-06,FI,Unknown,,,,,,14:30:00
2025-06-09,FI,Unknown,,,,,,14:30:00
2025-06-10,FI,Unknown,,,,,,14:30:00
2025-06-11,FI,Unknown,,,,,,14:30:00
2025-06-12,FI,Unknown,,,,,,14:30:00
2025-06-13,FI,Unknown,,,,,,14:30:00
2025-06-16,FI,Unknown,,,,,,14:30:00
2025-06-17,FI,Unknown,,,,,,14:30:00
2025-06-24,FI,Unknown,,,,,,14:30:00
2025-06-25,FI,Unknown,,,,,,14:30:00
2025-06-26,FI,Unknown,,,,,,14:30:00
2025-06-27,FI,Unknown,,,,,,14:30:00
2025-06-30,FI,Unknown,,,,,,14:30:00
2025-07-01,FI,Unknown,,,,,,14:30:00
2025-07-02,FI,Unknown,,,,,,14:30:00
2025-07-07,FI,Unknown,,,,,,14:30:00
2025-07-08,FI,Unknown,,,,,,14:30:00
2025-07-09,FI,Unknown,,,,,,14:30:00
2025-07-11,FI,Unknown,,,,,,14:30:00
2025-07-15,FI,Unknown,,,,,,14:30:00
2025-07-16,FI,Unknown,,,,,,14:30:00
2025-07-18,FI,Unknown,,,,,,14:30:00
2025-07-21,FI,Unknown,,,,,,14:30:00
2025-07-23,FI,Unknown,,,,,,14:30:00
2025-07-29,FI,Unknown,,,,,,14:30:00
2025-07-31,FI,Unknown,,,,,,14:30:00
2025-08-01,FI,Unknown,,,,,,14:30:00
2025-08-08,FI,Unknown,,,,,,14:30:00
2025-08-13,FI,Unknown,,,,,,14:30:00
2025-08-14,FI,Unknown,,,,,,14:30:00
2025-08-15,FI,Unknown,,,,,,14:30:00
2025-08-18,FI,Unknown,,,,,,14:30:00
2025-08-19,FI,Unknown,,,,,,14:30:00
2025-08-22,FI,Unknown,,,,,,14:30:00
2025-08-28,FI,Unknown,,,,,,14:30:00
2025-08-29,FI,Unknown,,,,,,14:30:00
2025-09-02,FI,Unknown,,,,,,14:30:00
2025-09-03,FI,Unknown,,,,,,14:30:00
2025-09-05,FI,Unknown,,,,,,14:30:00
2025-09-10,FI,Unknown,,,,,,14:30:00
2025-09-11,FI,Unknown,,,,,,14:30:00
2025-09-15,FI,Unknown,,,,,,14:30:00
2025-09-18,FI,Unknown,,,,,,14:30:00
2025-09-22,FI,Unknown,,,,,,14:30:00
2025-09-23,FI,Unknown,,,,,,14:30:00
2025-09-24,FI,Unknown,,,,,,14:30:00
2025-09-25,FI,Unknown,,,,,,14:30:00
2025-09-29,FI,Unknown,,,,,,14:30:00
2025-10-01,FI,Unknown,,,,,,14:30:00
2025-10-02,FI,Unknown,,,,,,14:30:00
2025-10-06,FI,Unknown,,,,,,14:30:00
2025-10-07,FI,Unknown,,,,,,14:30:00
2025-10-14,FI,Unknown,,,,,,14:30:00
2025-10-16,FI,Unknown,,,,,,14:30:00
2025-10-20,FI,Unknown,,,,,,14:30:00
2025-10-24,FI,Unknown,,,,,,14:30:00
2025-10-27,FI,Unknown,,,,,,14:30:00
2025-10-28,FI,Unknown,,,,,,14:30:00
2025-10-29,FI,Unknown,,,,,,14:30:00
2025-10-30,FI,Unknown,,,,,,14:30:00
2025-10-31,FI,Unknown,,,,,,14:30:00
2025-11-03,FI,Unknown,,,,,,15:30:00
2025-11-04,FI,Unknown,,,,,,15:30:00
2025-11-12,FI,Unknown,,,,,,15:30:00
2025-11-13,FI,Unknown,,,,,,15:30:00
2025-11-14,FI,Unknown,,,,,,15:30:00
2025-11-18,FI,Unknown,,,,,,15:30:00
2025-11-19,FI,Unknown,,,,,,15:30:00
2025-11-20,FI,Unknown,,,,,,15:30:00
2025-11-21,FI,Unknown,,,,,,15:30:00
2025-12-01,FI,Unknown,,,,,,15:30:00
2025-12-04,FI,Unknown,,,,,,15:30:00
2025-12-05,FI,Unknown,,,,,,15:30:00
2025-12-08,FI,Unknown,,,,,,15:30:00
2025-12-11,FI,Unknown,,,,,,15:30:00
2025-12-12,FI,Unknown,,,,,,15:30:00
2025-12-15,FI,Unknown,,,,,,15:30:00
2025-12-26,FI,Unknown,,,,,,15:30:00
2025-12-29,FI,Unknown,,,,,,15:30:00
2026-01-07,FI,Unknown,,,,,,15:30:00
2026-01-12,FI,Unknown,,,,,,15:30:00
2026-01-13,FI,Unknown,,,,,,15:30:00
2026-01-14,FI,Unknown,,,,,,15:30:00
2024-01-18,FUBO,Communication Services,2.609999895095825,2.509999990463257,2.5250000953674316,0.03256697438498281,-0.005976137434728164,15:30:00
2024-01-22,FUBO,Communication Services,2.640000104904175,2.7950000762939453,2.7300000190734863,-0.034090875224635,0.02325583379111974,15:30:00
2024-01-24,FUBO,Communication Services,2.880000114440918,2.7899999618530273,2.7049999237060547,0.06076395270172943,0.030465963910092098,15:30:00
2024-01-25,FUBO,Communication Services,2.740000009536743,2.734999895095825,2.690000057220459,0.018248157716151892,0.01645332343743639,15:30:00
2024-01-26,FUBO,Communication Services,2.7300000190734863,2.7200000286102295,2.6700000762939453,0.02197800086459484,0.018382335217044615,15:30:00
2024-02-29,FUBO,Communication Services,2.130000114440918,2.140000104904175,2.069999933242798,0.02816909764057405,0.032710358985945674,15:30:00
2024-03-01,FUBO,Communication Services,2.3299999237060547,1.8698999881744385,1.8899999856948853,0.18884118129554,-0.010749236669106656,15:30:00
2024-03-04,FUBO,Communication Services,1.9500000476837158,1.9249999523162842,1.850000023841858,0.05128206225463519,0.03896100276999047,15:30:00
2024-03-08,FUBO,Communication Services,1.690000057220459,1.784999966621399,1.6749999523162842,0.00887580141792744,0.06162465902636395,15:30:00
2024-03-12,FUBO,Communication Services,1.6299999952316284,1.5700000524520874,1.5449999570846558,0.05214726281940502,0.0159236270905759,14:30:00
2024-03-14,FUBO,Communication Services,1.6299999952316284,1.5700000524520874,1.5499999523162842,0.049079781073236114,0.01273891685835697,14:30:00
2024-03-21,FUBO,Communication Services,1.6399999856948853,1.625,1.590000033378601,0.030487776068545924,0.021538440997783955,14:30:00
2024-03-25,FUBO,Communication Services,1.5199999809265137,1.524999976158142,1.534999966621399,-0.009868411765204126,-0.006557370898096224,14:30:00
2024-03-26,FUBO,Communication Services,1.559999942779541,1.5299999713897705,1.4900000095367432,0.04487175372460269,0.0261437664058866,14:30:00
2024-03-27,FUBO,Communication Services,1.5399999618530273,1.534999966621399,1.5549999475479126,-0.009740250692497617,-0.013029303818510493,14:30:00
2024-04-01,FUBO,Communication Services,1.590000033378601,1.5199999809265137,1.5800000429153442,0.006289302046118699,-0.03947372548798166,14:30:00
2024-04-04,FUBO,Communication Services,1.600000023841858,1.6150000095367432,1.5549999475479126,0.028125047264619958,0.03715174095016963,14:30:00
2024-04-11,FUBO,Communication Services,1.5299999713897705,1.496999979019165,1.5,0.01960782480441495,-0.002004022059372757,14:30:00
2024-04-17,FUBO,Communication Services,1.4299999475479126,1.4499000310897827,1.3799999952316284,0.03496500290228781,0.04821024509228792,14:30:00
2024-04-18,FUBO,Communication Services,1.399999976158142,1.409999966621399,1.399999976158142,0.0,0.007092191985804456,14:30:00
2024-04-29,FUBO,Communication Services,1.409999966621399,1.4319000244140625,1.409999966621399,0.0,0.015294404231625836,14:30:00
2024-05-03,FUBO,Communication Services,1.6299999952316284,1.440000057220459,1.375,0.15644171532368137,0.04513892683165894,14:30:00
2024-05-06,FUBO,Communication Services,1.4299999475479126,1.3949999809265137,1.4049999713897705,0.017482501451143904,-0.007168452042999433,14:30:00
2024-05-14,FUBO,Communication Services,1.559999942779541,1.5549999475479126,1.4500000476837158,0.07051275585294708,0.06752405363728253,14:30:00
2024-05-15,FUBO,Communication Services,1.5,1.4184999465942383,1.3899999856948853,0.07333334287007649,0.02009161929669458,14:30:00
2024-05-16,FUBO,Communication Services,1.409999966621399,1.3797999620437622,1.3300000429153442,0.056737535886435646,0.036092129655268465,14:30:00
2024-05-17,FUBO,Communication Services,1.340000033378601,1.3200000524520874,1.3200000524520874,0.014925358528601555,0.0,14:30:00
2024-05-20,FUBO,Communication Services,1.340000033378601,1.3049999475479126,1.3014999628067017,0.028731395233496743,0.002681980752403392,14:30:00
2024-05-23,FUBO,Communication Services,1.25,1.215000033378601,1.2200000286102295,0.023999977111816406,-0.0041152222998090985,14:30:00
2024-05-24,FUBO,Communication Services,1.2300000190734863,1.2450000047683716,1.2400000095367432,-0.00813007342129105,0.004016060411629196,14:30:00
2024-06-03,FUBO,Communication Services,1.2699999809265137,1.2699999809265137,1.2699999809265137,0.0,0.0,14:30:00
2024-06-12,FUBO,Communication Services,1.2899999618530273,1.2649999856948853,1.2549999952316284,0.02713175787317314,0.007905130890387859,14:30:00
2024-06-14,FUBO,Communication Services,1.2100000381469727,1.1950000524520874,1.1699999570846558,0.03305791719112185,0.020920580979166107,14:30:00
2024-07-17,FUBO,Communication Services,1.440000057220459,1.5399999618530273,1.4600000381469727,-0.013888875091517962,0.05194800369332062,14:30:00
2024-07-22,FUBO,Communication Services,1.4500000476837158,1.3450000286102295,1.4550000429153442,-0.003448272460139292,-0.08178439551319287,14:30:00
2024-07-26,FUBO,Communication Services,1.4800000190734863,1.465000033378601,1.4800000190734863,0.0,-0.010238897851962572,14:30:00
2024-07-29,FUBO,Communication Services,1.4900000095367432,1.4500999450683594,1.440000057220459,0.0335570147625903,0.006964959816907151,14:30:00
2024-07-30,FUBO,Communication Services,1.4500000476837158,1.434999942779541,1.4550000429153442,-0.003448272460139292,-0.01393735256676302,14:30:00
2024-08-06,FUBO,Communication Services,1.4500000476837158,1.284999966621399,1.3300000429153442,0.08275862125664345,-0.03501951553529008,14:30:00
2024-08-07,FUBO,Communication Services,1.340000033378601,1.3300000429153442,1.2450000047683716,0.07089554197301155,0.06390980105583574,14:30:00
2024-08-09,FUBO,Communication Services,1.2899999618530273,1.2603000402450562,1.25,0.031007723283626446,0.008172688975756428,14:30:00
2024-08-14,FUBO,Communication Services,1.2899999618530273,1.2832000255584717,1.284999966621399,0.0038759654104533058,-0.0014026971844423705,14:30:00
2024-08-19,FUBO,Communication Services,1.7400000095367432,1.9731999635696411,1.809999942779541,-0.0402298464707679,0.08270830316399415,14:30:00
2024-08-22,FUBO,Communication Services,2.049999952316284,2.0450000762939453,1.9850000143051147,0.031707287572239375,0.029339882518520866,14:30:00
2024-08-26,FUBO,Communication Services,2.0899999141693115,1.934999942779541,1.9622999429702759,0.06110046719776594,-0.01410852764756139,14:30:00
2024-09-04,FUBO,Communication Services,1.690000057220459,1.7350000143051147,1.725000023841858,-0.02071003871974024,0.005763683216603277,14:30:00
2024-09-10,FUBO,Communication Services,1.6799999475479126,1.6598999500274658,1.7100000381469727,-0.017857197342682936,-0.030182595112842703,14:30:00
2024-09-19,FUBO,Communication Services,1.6699999570846558,1.6200000047683716,1.559999942779541,0.0658682737316613,0.03703707519273088,14:30:00
2024-09-23,FUBO,Communication Services,1.4900000095367432,1.4599000215530396,1.3849999904632568,0.07046981100767372,0.051304904434554474,14:30:00
2024-09-24,FUBO,Communication Services,1.3899999856948853,1.375,1.4299999475479126,-0.028776951269557507,-0.039999961853027344,14:30:00
2024-09-26,FUBO,Communication Services,1.4199999570846558,1.4149999618530273,1.4299999475479126,-0.007042247017941755,-0.010600696889943285,14:30:00
2024-10-04,FUBO,Communication Services,1.4900000095367432,1.43149995803833,1.5099999904632568,-0.01342280590503612,-0.05483760721341553,14:30:00
2024-10-24,FUBO,Communication Services,1.590000033378601,1.6399999856948853,1.6100000143051147,-0.012578604092237398,0.018292665641127553,14:30:00
2024-10-29,FUBO,Communication Services,1.809999942779541,1.7786999940872192,1.7949999570846558,0.008287285176291445,-0.009163975404295891,14:30:00
2024-10-30,FUBO,Communication Services,1.8200000524520874,1.8450000286102295,1.8200000524520874,0.0,0.013550122368818416,14:30:00
2024-10-31,FUBO,Communication Services,1.840000033378601,1.7549999952316284,1.7450000047683716,0.05163044939504202,0.005698000279445594,14:30:00
2024-11-01,FUBO,Communication Services,1.75,1.6045000553131104,1.51010000705719,0.13708571025303432,0.05883455593742482,14:30:00
2024-11-08,FUBO,Communication Services,1.4500000476837158,1.409999966621399,1.409999966621399,0.027586261894414772,0.0,15:30:00
2024-11-13,FUBO,Communication Services,1.5499999523162842,1.5700000524520874,1.5399999618530273,0.006451606948963502,0.01910833732279483,15:30:00
2024-11-14,FUBO,Communication Services,1.559999942779541,1.534999966621399,1.5700000524520874,-0.006410326948300152,-0.022801359343170003,15:30:00
2024-11-27,FUBO,Communication Services,1.4800000190734863,1.4900000095367432,1.4900000095367432,-0.006756750225933819,0.0,15:30:00
2024-12-02,FUBO,Communication Services,1.6299999952316284,1.7699999809265137,1.7000000476837158,-0.04294481758089831,0.03954798530910498,15:30:00
2024-12-19,FUBO,Communication Services,1.409999966621399,1.3550000190734863,1.309999942779541,0.07092200440364199,0.0332103879413339,15:30:00
2025-01-07,FUBO,Communication Services,5.429999828338623,5.918799877166748,5.454999923706055,-0.004604069273991255,0.07836047223862354,15:30:00
2025-01-10,FUBO,Communication Services,5.699999809265137,5.489999771118164,5.110000133514404,0.10350871850762346,0.06921669461679489,15:30:00
2025-01-15,FUBO,Communication Services,4.050000190734863,4.255000114440918,3.920099973678589,0.032074126157684034,0.07870743401997135,15:30:00
2025-01-16,FUBO,Communication Services,4.0,3.9700000286102295,3.984999895095825,0.003750026226043701,-0.0037783038734250786,15:30:00
2025-01-17,FUBO,Communication Services,4.070000171661377,4.025000095367432,3.805000066757202,0.06511058813936157,0.05465839090623581,15:30:00
2025-01-31,FUBO,Communication Services,4.150000095367432,4.135000228881836,4.039999961853027,0.02650605565941924,0.022974670319304443,15:30:00
2025-02-10,FUBO,Communication Services,4.010000228881836,3.9600000381469727,3.8499999046325684,0.03990032795930356,0.02777781122595073,15:30:00
2025-02-14,FUBO,Communication Services,3.930000066757202,3.950000047683716,4.070000171661377,-0.03562343575726563,-0.030379777855453274,15:30:00
2025-02-21,FUBO,Communication Services,4.159999847412109,3.990000009536743,3.7699999809265137,0.09374997134391973,0.05513785165022405,15:30:00
2025-02-24,FUBO,Communication Services,3.809999942779541,3.8798999786376953,4.019999980926514,-0.05511812107634038,-0.03610917886032981,15:30:00
2025-02-26,FUBO,Communication Services,3.859999895095825,3.7899999618530273,3.5999999046325684,0.0673575123133008,0.05013194172370469,15:30:00
2025-02-27,FUBO,Communication Services,3.6500000953674316,3.538800001144409,3.5350000858306885,0.03150685110466184,0.0010737864000485622,15:30:00
2025-03-12,FUBO,Communication Services,3.1500000953674316,3.119999885559082,3.0999999046325684,0.015873075943202794,0.006410250532086098,14:30:00
2025-04-08,FUBO,Communication Services,2.880000114440918,2.765000104904175,2.5999999046325684,0.09722229120907686,0.05967457287938323,14:30:00
2025-04-14,FUBO,Communication Services,2.940000057220459,2.9200000762939453,2.884999990463257,0.018707505335629288,0.011986330450754807,14:30:00
2025-04-23,FUBO,Communication Services,3.049999952316284,3.0199999809265137,2.9149999618530273,0.04426229264716309,0.03476821845584022,14:30:00
2025-05-01,FUBO,Communication Services,3.0799999237060547,3.012399911880493,2.9049999713897705,0.056818167743885185,0.0356526170602887,14:30:00
2025-05-08,FUBO,Communication Services,2.630000114440918,2.680000066757202,2.700000047683716,-0.026615943040625437,-0.007462679264300777,14:30:00
2025-05-09,FUBO,Communication Services,2.7300000190734863,2.765000104904175,2.690000057220459,0.01465200057639656,0.027124790176568568,14:30:00
2025-05-12,FUBO,Communication Services,2.8499999046325684,2.8550000190734863,2.847100019454956,0.0010175036051400035,0.0027670751543791604,14:30:00
2025-05-29,FUBO,Communication Services,3.8399999141693115,3.877000093460083,3.619999885559082,0.057291675397815996,0.06628841932052613,14:30:00
2025-06-09,FUBO,Communication Services,3.4600000381469727,3.434999942779541,3.3496999740600586,0.031878630887526245,0.024832596838548767,14:30:00
2025-06-10,FUBO,Communication Services,3.380000114440918,3.2880001068115234,3.2799999713897705,0.029585840137667678,0.0024331311319545274,14:30:00
2025-06-11,FUBO,Communication Services,3.299999952316284,3.375,3.3550000190734863,-0.016666687136949007,0.005925920274522569,14:30:00
2025-06-20,FUBO,Communication Services,3.190000057220459,3.134999990463257,3.130000114440918,0.018808759154637988,0.0015948567902866369,14:30:00
2025-06-25,FUBO,Communication Services,3.4800000190734863,3.439300060272217,3.375,0.030172419108618707,0.018695682012440495,14:30:00
2025-06-27,FUBO,Communication Services,3.4700000286102295,3.565000057220459,3.5299999713897705,-0.01729104964980983,0.009817695727606008,14:30:00
2025-07-08,FUBO,Communication Services,3.700000047683716,3.684999942779541,3.5999999046325684,0.027027065341188258,0.023066496463188105,14:30:00
2025-07-15,FUBO,Communication Services,3.4600000381469727,3.375,3.390000104904175,0.02023119435579163,-0.004444475527162905,14:30:00
2025-07-21,FUBO,Communication Services,3.4000000953674316,3.3915998935699463,3.325000047683716,0.022058836935300353,0.019636704793066992,14:30:00
2025-07-29,FUBO,Communication Services,3.809999942779541,3.7249999046325684,3.549999952316284,0.06824146833807479,0.04697985417359254,14:30:00
2025-07-30,FUBO,Communication Services,3.984999895095825,4.295000076293945,4.159999847412109,-0.04391466924043069,0.03143195028725691,14:30:00
2025-07-31,FUBO,Communication Services,4.400000095367432,4.059999942779541,3.9749999046325684,0.09659095034618918,0.020935970282004553,14:30:00
2025-08-04,FUBO,Communication Services,3.859999895095825,4.050000190734863,3.9549999237060547,-0.02461140704457742,0.023456854951794708,14:30:00
2025-08-05,FUBO,Communication Services,4.0,3.950000047683716,3.9149999618530273,0.021250009536743164,0.008860781115993293,14:30:00
2025-08-07,FUBO,Communication Services,3.799999952316284,3.7588000297546387,3.694999933242798,0.027631584313437617,0.016973527723422272,14:30:00
2025-08-13,FUBO,Communication Services,3.6600000858306885,3.7300000190734863,3.759999990463257,-0.027322377674172095,-0.008042887730928847,14:30:00
2025-08-19,FUBO,Communication Services,3.799999952316284,3.644200086593628,3.4800000190734863,0.08421050980480733,0.04505791768245789,14:30:00
2025-08-28,FUBO,Communication Services,3.450000047683716,3.4149999618530273,3.484999895095825,-0.010144883167641637,-0.020497784487474753,14:30:00
2025-08-29,FUBO,Communication Services,3.560699939727783,3.575000047683716,3.5399999618530273,0.005813457529459329,0.009790233668210841,14:30:00
2025-09-03,FUBO,Communication Services,3.799999952316284,3.7065000534057617,3.700000047683716,0.026315764707211,0.0017536774931578081,14:30:00
2025-09-10,FUBO,Communication Services,4.119999885559082,4.054999828338623,3.934999942779541,0.04490289998016265,0.029593067975109452,14:30:00
2025-09-11,FUBO,Communication Services,3.950000047683716,4.03000020980835,4.159999847412109,-0.05316450561856009,-0.03225797291210117,14:30:00
2025-10-02,FUBO,Communication Services,3.940000057220459,3.8399999141693115,3.9549999237060547,-0.0038070726567901673,-0.029947919819581705,14:30:00
2025-10-07,FUBO,Communication Services,3.940000057220459,3.9149999618530273,3.884999990463257,0.013959407603664578,0.007662828015858033,14:30:00
2025-10-08,FUBO,Communication Services,3.9000000953674316,3.8282999992370605,3.880000114440918,0.005128200112166768,-0.013504718860632842,14:30:00
2025-10-15,FUBO,Communication Services,3.9100000858306885,3.8701000213623047,3.869999885559082,0.010230230023922956,2.587421582644463e-05,14:30:00
2025-10-20,FUBO,Communication Services,3.700000047683716,3.6549999713897705,3.6552000045776367,0.012108119602356478,-5.472864279945553e-05,14:30:00
2025-10-27,FUBO,Communication Services,3.6700000762939453,3.535599946975708,3.5850000381469727,0.023160772855571096,-0.013972194793565557,14:30:00
2025-10-29,FUBO,Communication Services,4.300000190734863,3.9790000915527344,3.694999933242798,0.14069772805955896,0.07137475540974679,14:30:00
2025-11-03,FUBO,Communication Services,3.930000066757202,3.315000057220459,3.4549999237060547,0.12086517429580829,-0.04223223652158303,15:30:00
2025-11-10,FUBO,Communication Services,3.930000066757202,3.924999952316284,3.934999942779541,-0.001272233062953727,-0.0025477683018455786,15:30:00
2025-11-12,FUBO,Communication Services,3.890000104904175,3.8399999141693115,3.940000057220459,-0.012853457832365757,-0.026041704501647105,15:30:00
2025-11-20,FUBO,Communication Services,3.509999990463257,3.42549991607666,3.240000009536743,0.07692307169803682,0.05415265248418872,15:30:00
2025-12-12,FUBO,Communication Services,2.759999990463257,2.7149999141693115,2.6649999618530273,0.034420300340031545,0.018416189280647654,15:30:00
2025-12-22,FUBO,Communication Services,2.75,2.7399001121520996,2.634999990463257,0.041818185286088425,0.03828611168107411,15:30:00
2026-01-02,FUBO,Communication Services,2.5399999618530273,2.51990008354187,2.5899999141693115,-0.01968502089260163,-0.02781849609247677,15:30:00
2024-01-25,GLD,Unknown,187.33999633789062,187.1300048828125,187.13999938964844,0.0010675613972014205,-5.340942967535547e-05,15:30:00
2024-02-29,GLD,Unknown,189.63999938964844,189.7449951171875,189.2899932861328,0.001845634384318239,0.002397964862122851,15:30:00
2024-03-01,GLD,Unknown,190.27000427246094,191.11000061035156,192.94000244140625,-0.01403268044878979,-0.009575646618231263,15:30:00
2024-03-21,GLD,Unknown,203.8800048828125,201.5500030517578,201.98500061035156,0.00929470388010909,-0.0021582612354614705,14:30:00
2024-04-09,GLD,Unknown,217.80999755859375,218.60000610351562,217.66360473632812,0.0006721125012925241,0.004283629190495436,14:30:00
2024-04-11,GLD,Unknown,216.85000610351562,216.3800048828125,219.69000244140625,-0.013096593303921435,-0.015297150771331135,14:30:00
2024-04-12,GLD,Unknown,221.8699951171875,223.47999572753906,216.88999938964844,0.022445557475713307,0.029488081545898073,14:30:00
2024-04-18,GLD,Unknown,221.30999755859375,220.02999877929688,220.30999755859375,0.004518548692023013,-0.0012725482018373794,14:30:00
2024-05-31,GLD,Unknown,217.77000427246094,216.5050048828125,215.32000732421875,0.0112503875656672,0.005473303304166815,14:30:00
2024-06-12,GLD,Unknown,216.47000122070312,215.10000610351562,214.6999969482422,0.008176672344803659,0.001859642696062665,14:30:00
2024-07-10,GLD,Unknown,220.13999938964844,220.02000427246094,219.3300018310547,0.003679465616605422,0.0031360895737088893,14:30:00
2024-07-11,GLD,Unknown,222.64999389648438,222.55999755859375,223.19000244140625,-0.0024253696821251143,-0.0028307193104036474,14:30:00
2024-07-26,GLD,Unknown,219.9600067138672,220.5,220.61000061035156,-0.0029550549038212803,-0.0004988689811862245,14:30:00
2024-08-02,GLD,Unknown,227.9499969482422,227.83999633789062,225.36000061035156,0.011362124907063297,0.010884812883604449,14:30:00
2024-08-07,GLD,Unknown,221.94000244140625,222.02000427246094,220.52999877929688,0.006353084827425944,0.006711131720074833,14:30:00
2024-08-26,GLD,Unknown,233.4499969482422,232.66000366210938,232.74000549316406,0.0030412999115846467,-0.000343857258641127,14:30:00
2024-09-19,GLD,Unknown,238.24000549316406,238.35000610351562,239.13499450683594,-0.0037566697155635995,-0.0032934272423697413,14:30:00
2024-10-24,GLD,Unknown,253.27000427246094,251.69000244140625,252.7899932861328,0.0018952539907242324,-0.004370419301746567,14:30:00
2024-11-13,GLD,Unknown,241.30999755859375,239.8300018310547,237.63999938964844,0.015208645336189111,0.009131478233273626,15:30:00
2024-11-21,GLD,Unknown,246.22999572753906,246.16000366210938,246.6300048828125,-0.0016245346310936857,-0.0019093321973957657,15:30:00
2025-01-07,GLD,Unknown,245.52000427246094,244.74000549316406,244.60000610351562,0.0037471413853690017,0.0005720331229311339,15:30:00
2025-01-10,GLD,Unknown,248.00999450683594,248.74000549316406,248.3000030517578,-0.001169342169046665,0.0017689251093079286,15:30:00
2025-03-03,GLD,Unknown,265.07000732421875,266.5596008300781,266.6700134277344,-0.006036164255877457,-0.0004142135466605607,15:30:00
2025-03-18,GLD,Unknown,279.8999938964844,279.3699951171875,279.9599914550781,-0.00021435355449110494,-0.0021118815484932048,14:30:00
2025-03-27,GLD,Unknown,280.54998779296875,281.23309326171875,281.94000244140625,-0.00495460598438257,-0.002513605961122229,14:30:00
2025-03-28,GLD,Unknown,283.82000732421875,283.6700134277344,284.0799865722656,-0.0009160004275170443,-0.0014452466779175152,14:30:00
2025-04-08,GLD,Unknown,277.8664855957031,277.7799987792969,275.2300109863281,0.009488278529606774,0.009179882655967534,14:30:00
2025-04-10,GLD,Unknown,288.80499267578125,289.885009765625,292.30999755859375,-0.012136233692979451,-0.008365343882146157,14:30:00
2025-04-16,GLD,Unknown,304.6499938964844,305.29998779296875,307.4800109863281,-0.009289404715384135,-0.007140593778332219,14:30:00
2025-04-21,GLD,Unknown,315.1000061035156,315.8800048828125,315.6000061035156,-0.001586797811218517,0.0008864086835782816,14:30:00
2025-04-22,GLD,Unknown,317.489990234375,316.3900146484375,311.1050109863281,0.02011080488973339,0.01670407856575974,14:30:00
2025-05-05,GLD,Unknown,305.9200134277344,305.8597106933594,306.8500061035156,-0.003039986385202407,-0.003237743892163273,14:30:00
2025-05-19,GLD,Unknown,297.8450012207031,297.7799987792969,297.989990234375,-0.00048679351030786027,-0.000705189925243309,14:30:00
2025-05-29,GLD,Unknown,305.739990234375,305.04998779296875,305.5899963378906,0.0004905929916769876,-0.001770229688677673,14:30:00
2025-07-11,GLD,Unknown,308.8550109863281,309.0400085449219,309.1549987792969,-0.0009712900302661087,-0.0003720885037391043,14:30:00
2025-07-31,GLD,Unknown,304.5899963378906,303.489990234375,302.9599914550781,0.005351472150793448,0.0017463468198327561,14:30:00
2025-08-01,GLD,Unknown,308.6099853515625,308.114990234375,309.1700134277344,-0.0018146790536732048,-0.0034241216000456404,14:30:00
2025-09-03,GLD,Unknown,327.760009765625,328.07501220703125,328.0799865722656,-0.0009762533472873472,-1.5162280116706768e-05,14:30:00
2025-09-05,GLD,Unknown,329.5299987792969,329.45001220703125,330.9100036621094,-0.0041877974324782494,-0.004431602370561288,14:30:00
2025-09-08,GLD,Unknown,333.6600036621094,334.1600036621094,334.7699890136719,-0.0033266958562002515,-0.001825428970785191,14:30:00
2025-10-07,GLD,Unknown,366.50799560546875,366.0799865722656,366.2900085449219,0.0005947675443935727,-0.0005737051473989574,14:30:00
2025-10-10,GLD,Unknown,367.5400085449219,366.55999755859375,369.1300048828125,-0.004326049684183676,-0.007011150538345201,14:30:00
2025-10-15,GLD,Unknown,385.92999267578125,387.0299987792969,387.4800109863281,-0.00401631990247786,-0.0011627321097863233,14:30:00
2025-10-16,GLD,Unknown,391.1499938964844,392.20001220703125,396.3699951171875,-0.013345267294276294,-0.010632286538418143,14:30:00
2025-10-20,GLD,Unknown,397.45001220703125,398.1199951171875,403.0,-0.013963989489268823,-0.012257623185632914,14:30:00
2025-11-07,GLD,Unknown,367.94000244140625,367.2099914550781,368.29998779296875,-0.000978380576109897,-0.002968318845496249,15:30:00
2025-12-15,GLD,Unknown,397.760009765625,396.70001220703125,395.80999755859375,0.004902484310024705,0.0022435458055217196,15:30:00
2025-12-30,GLD,Unknown,403.6000061035156,401.44000244140625,399.010009765625,0.011372636938745188,0.006053190167902934,15:30:00
2024-01-24,GLW,Technology,30.520000457763672,30.510000228881836,30.3799991607666,0.004587198391127704,0.004260933042936224,15:30:00
2024-01-25,GLW,Technology,30.59000015258789,31.0049991607666,30.829999923706055,-0.00784569368816627,0.005644226473064675,15:30:00
2024-03-06,GLW,Technology,32.720001220703125,32.869998931884766,32.79999923706055,-0.0024449270590737094,0.0021295922451739784,15:30:00
2024-03-21,GLW,Technology,32.86000061035156,33.279998779296875,33.119998931884766,-0.007912304221056479,0.004807687899064574,14:30:00
2024-03-27,GLW,Technology,32.5,32.625,33.029998779296875,-0.016307654747596153,-0.012413755687260537,14:30:00
2024-04-04,GLW,Technology,32.970001220703125,32.93000030517578,32.380001068115234,0.01789506007714088,0.016702072030473095,14:30:00
2024-04-15,GLW,Technology,31.829999923706055,31.719999313354492,31.280000686645508,0.017279272333611397,0.013871331533217903,14:30:00
2024-06-17,GLW,Technology,38.400001525878906,38.14500045776367,38.75,-0.009114543234724075,-0.015860519988883427,14:30:00
2024-07-08,GLW,Technology,40.900001525878906,42.04990005493164,43.04499816894531,-0.05244490374185413,-0.023664696294491337,14:30:00
2024-07-09,GLW,Technology,43.54999923706055,44.349998474121094,44.66999816894531,-0.02571754194042923,-0.0072153259489049024,14:30:00
2024-07-12,GLW,Technology,45.4900016784668,45.55500030517578,45.650001525878906,-0.0035172530558038448,-0.0020854180675382705,14:30:00
2024-07-26,GLW,Technology,43.25,42.98500061035156,42.86000061035156,0.009017326928287573,0.002907991118415798,14:30:00
2024-08-01,GLW,Technology,40.22999954223633,40.33000183105469,40.040000915527344,0.004722809566763983,0.007190699289878009,14:30:00
2024-08-30,GLW,Technology,41.88999938964844,41.5099983215332,41.84000015258789,0.0011935840961817329,-0.007949936025015446,14:30:00
2024-09-06,GLW,Technology,41.68000030517578,41.51499938964844,40.65999984741211,0.02447217970958146,0.020594954951378804,14:30:00
2024-10-17,GLW,Technology,46.48849868774414,46.39500045776367,46.5099983215332,-0.00046247210376639875,-0.002478669309944746,14:30:00
2024-12-11,GLW,Technology,48.68000030517578,48.099998474121094,47.64500045776367,0.021261295006649077,0.009459418519570667,15:30:00
2024-12-19,GLW,Technology,46.849998474121094,47.02000045776367,47.04999923706055,-0.004268959860264011,-0.0006380004041859122,15:30:00
2025-01-03,GLW,Technology,47.04999923706055,47.0099983215332,47.494998931884766,-0.009458017046548632,-0.010316967191411388,15:30:00
2025-01-14,GLW,Technology,46.900001525878906,47.2400016784668,47.439998626708984,-0.011513797084465203,-0.004233635502459163,15:30:00
2025-01-22,GLW,Technology,52.04999923706055,53.40999984741211,54.0,-0.037463992152203855,-0.011046623371531016,15:30:00
2025-01-28,GLW,Technology,49.869998931884766,50.130001068115234,51.29999923706055,-0.028674560573561585,-0.02333928075037445,15:30:00
2025-01-31,GLW,Technology,50.43000030517578,51.439998626708984,52.08000183105469,-0.032718649928494284,-0.012441742251785303,15:30:00
2025-02-26,GLW,Technology,50.34000015258789,50.36000061035156,50.005001068115234,0.0066547295084867925,0.007049236257621441,15:30:00
2025-03-03,GLW,Technology,50.470001220703125,49.880001068115234,48.26499938964844,0.04368935561170903,0.032377739452358466,15:30:00
2025-03-12,GLW,Technology,45.900001525878906,45.505001068115234,45.36000061035156,0.011764725437381206,0.003186473010881255,14:30:00
2025-03-19,GLW,Technology,47.959999084472656,48.06999969482422,48.77000045776367,-0.016889103185017754,-0.014562112905834352,14:30:00
2025-04-08,GLW,Technology,40.75,41.25,39.189998626708984,0.03828224228935008,0.04993942723129735,14:30:00
2025-04-14,GLW,Technology,42.61000061035156,42.279998779296875,41.599998474121094,0.02370340581466928,0.016083262176174777,14:30:00
2025-04-17,GLW,Technology,41.63999938964844,41.459999084472656,41.5,0.0033621371686004603,-0.0009648074387518413,14:30:00
2025-04-23,GLW,Technology,43.38999938964844,43.56999969482422,42.970001220703125,0.009679607625104314,0.013770908384751927,14:30:00
2025-05-01,GLW,Technology,44.66999816894531,45.09000015258789,44.744998931884766,-0.0016789963289408378,0.007651390985487145,14:30:00
2025-05-29,GLW,Technology,50.09000015258789,49.68000030517578,49.970001220703125,0.002395666430808863,-0.005837377490859853,14:30:00
2025-06-06,GLW,Technology,51.3224983215332,51.1349983215332,50.69499969482422,0.012226579906101471,0.00860464732867115,14:30:00
2025-07-29,GLW,Technology,58.869998931884766,61.25,62.02000045776367,-0.05350775578446332,-0.012571436045121174,14:30:00
2025-07-31,GLW,Technology,63.08000183105469,63.650001525878906,63.2599983215332,-0.002853463621649773,0.006127308640945359,14:30:00
2025-08-04,GLW,Technology,62.97999954223633,63.27000045776367,63.47999954223633,-0.00793902832064463,-0.003319094088087491,14:30:00
2025-08-06,GLW,Technology,63.900001525878906,63.224998474121094,64.0,-0.0015649213103789254,-0.012257833840773055,14:30:00
2025-08-07,GLW,Technology,66.48999786376953,64.95999908447266,64.79000091552734,0.0255677094730141,0.002616966923356177,14:30:00
2025-09-18,GLW,Technology,77.44999694824219,79.02999877929688,79.5999984741211,-0.027759865856620967,-0.007212447217872651,14:30:00
2025-10-02,GLW,Technology,83.80000305175781,82.5199966430664,82.54000091552734,0.015035824467121407,-0.00024241727187004585,14:30:00
2025-10-06,GLW,Technology,84.11000061035156,85.18000030517578,85.37000274658203,-0.014980408121354812,-0.0022305992102080903,14:30:00
2025-10-27,GLW,Technology,88.62999725341797,88.5199966430664,89.37999725341797,-0.008462146262461681,-0.00971532583557689,14:30:00
2025-11-03,GLW,Technology,89.66000366210938,87.87999725341797,87.51000213623047,0.023979494067180196,0.004210231323978672,15:30:00
2025-11-20,GLW,Technology,84.25,83.70500183105469,78.0199966430664,0.07394662738200111,0.06791715027332017,15:30:00
2025-11-21,GLW,Technology,78.55999755859375,77.88999938964844,79.45999908447266,-0.01145623159175435,-0.02015662738640195,15:30:00
2025-11-24,GLW,Technology,80.05000305175781,81.05000305175781,82.58999633789062,-0.03173008356402601,-0.019000533351607483,15:30:00
2025-12-15,GLW,Technology,89.22000122070312,89.33000183105469,88.08999633789062,0.012665376231246757,0.013881176175381952,15:30:00
2025-12-22,GLW,Technology,89.80000305175781,88.36000061035156,88.4000015258789,0.015590216907587304,-0.00045270388468804016,15:30:00
2026-01-02,GLW,Technology,88.91000366210938,89.0199966430664,90.66999816894531,-0.019795236017811472,-0.01853517847787317,15:30:00
2024-01-24,GOOG,Communication Services,150.2899932861328,151.3699951171875,150.34500122070312,-0.00036601195706745737,0.006771446981225348,15:30:00
2024-01-25,GOOG,Communication Services,151.74000549316406,153.49000549316406,153.63999938964844,-0.012521377538568563,-0.000977222562488313,15:30:00
2024-02-01,GOOG,Communication Services,144.58999633789062,143.27999877929688,142.72000122070312,0.012933087796873103,0.00390841403800086,15:30:00
2024-02-06,GOOG,Communication Services,145.9600067138672,145.33999633789062,145.4499969482422,0.0034941747202355098,-0.0007568502347821029,15:30:00
2024-02-22,GOOG,Communication Services,145.33999633789062,145.6699981689453,145.27999877929688,0.0004128083122712205,0.002677280116363588,15:30:00
2024-02-29,GOOG,Communication Services,138.5,138.76499938964844,139.64999389648438,-0.00830320502876805,-0.006377649340457217,15:30:00
2024-04-15,GOOG,Communication Services,159.67999267578125,159.92999267578125,156.3300018310547,0.020979402544991834,0.022509791843889213,14:30:00
2024-04-17,GOOG,Communication Services,157.19000244140625,157.94000244140625,156.89999389648438,0.0018449554069443943,0.006584833030553517,14:30:00
2024-04-26,GOOG,Communication Services,175.8699951171875,172.0050048828125,173.60000610351562,0.01290719893498213,-0.009272993084066384,14:30:00
2024-06-12,GOOG,Communication Services,179.77999877929688,179.94000244140625,179.55999755859375,0.0012237246756976834,0.0021118421565890595,14:30:00
2024-07-09,GOOG,Communication Services,191.75999450683594,191.99000549316406,190.49000549316406,0.0066228048083647705,0.007812906698694836,14:30:00
2024-07-18,GOOG,Communication Services,183.64999389648438,181.47999572753906,179.24000549316406,0.02401300598902298,0.012342904381251801,14:30:00
2024-07-22,GOOG,Communication Services,182.47799682617188,183.10000610351562,183.3300018310547,-0.004669083504322061,-0.0012561208076040935,14:30:00
2024-07-29,GOOG,Communication Services,170.52999877929688,170.74009704589844,171.14999389648438,-0.0036356953124119197,-0.0024007064402437866,14:30:00
2024-08-07,GOOG,Communication Services,163.27000427246094,163.92999267578125,160.72000122070312,0.015618319256624937,0.01958147745072378,14:30:00
2024-08-22,GOOG,Communication Services,169.0449981689453,168.05999755859375,165.5399932861328,0.020734153159087037,0.014994670409788287,14:30:00
2024-08-30,GOOG,Communication Services,164.17999267578125,164.25,165.00999450683594,-0.005055438348652843,-0.0046270594023496954,14:30:00
2024-09-10,GOOG,Communication Services,151.52999877929688,151.16000366210938,149.9199981689453,0.0106249628675608,0.008203264508618753,14:30:00
2024-09-17,GOOG,Communication Services,160.0,160.60000610351562,160.30999755859375,-0.0019374847412109374,0.0018057816556678607,14:30:00
2024-09-19,GOOG,Communication Services,164.0399932861328,164.16000366210938,163.24000549316406,0.004876785087239925,0.005604277219918594,14:30:00
2024-09-26,GOOG,Communication Services,165.22250366210938,164.6699981689453,163.83999633789062,0.008367548569812658,0.00504039497348592,14:30:00
2024-10-30,GOOG,Communication Services,182.5449981689453,182.7899932861328,176.22000122070312,0.034648974289552464,0.03594284319024653,14:30:00
2024-11-06,GOOG,Communication Services,176.30999755859375,177.8300018310547,178.30999755859375,-0.01134365621742654,-0.002699183054584214,15:30:00
2024-12-19,GOOG,Communication Services,193.27999877929688,191.92999267578125,189.67999267578125,0.01862585951082507,0.011723024466534651,15:30:00
2025-02-24,GOOG,Communication Services,183.89999389648438,182.25999450683594,181.25,0.014409972726676828,0.00554150410005667,15:30:00
2025-02-27,GOOG,Communication Services,175.88600158691406,172.91000366210938,170.25999450683594,0.03198666766722782,0.015325944706194852,15:30:00
2025-03-03,GOOG,Communication Services,173.7100067138672,172.47999572753906,168.68499755859375,0.028927574469273756,0.02200254094938723,15:30:00
2025-03-12,GOOG,Communication Services,168.4499969482422,167.17559814453125,169.02999877929688,-0.003443169139580919,-0.011092531777050425,14:30:00
2025-03-19,GOOG,Communication Services,163.9149932861328,163.9550018310547,166.3000030517578,-0.014550284374911855,-0.014302712296142701,14:30:00
2025-03-25,GOOG,Communication Services,171.22000122070312,171.83999633789062,172.77200317382812,-0.009064372982479217,-0.005423689803303336,14:30:00
2025-04-08,GOOG,Communication Services,153.5749969482422,153.8350067138672,146.58999633789062,0.04548266807197558,0.04709597984711157,14:30:00
2025-04-14,GOOG,Communication Services,162.3000030517578,163.44000244140625,161.49000549316406,0.004990742719428292,0.011930964997025544,14:30:00
2025-04-17,GOOG,Communication Services,156.63800048828125,154.92999267578125,153.30499267578125,0.021278411382360286,0.010488608254184866,14:30:00
2025-04-23,GOOG,Communication Services,157.91000366210938,159.52000427246094,157.6300048828125,0.0017731541561863753,0.011848039988892611,14:30:00
2025-05-01,GOOG,Communication Services,162.52000427246094,162.4239959716797,162.75999450683594,-0.0014766811965661905,-0.002068650836633984,14:30:00
2025-05-07,GOOG,Communication Services,166.05999755859375,165.58999633789062,152.77999877929688,0.07997108860977231,0.07735973091305964,14:30:00
2025-05-08,GOOG,Communication Services,155.85499572753906,155.41000366210938,155.75,0.0006736757269084452,-0.002187737789581687,14:30:00
2025-05-12,GOOG,Communication Services,159.0,158.60000610351562,159.6199951171875,-0.003899340359669811,-0.006431204126222699,14:30:00
2025-05-29,GOOG,Communication Services,175.0449981689453,173.4499969482422,172.9600067138672,0.011911174137439723,0.002824965367518652,14:30:00
2025-06-11,GOOG,Communication Services,181.13999938964844,180.36000061035156,178.80999755859375,0.012862989063186668,0.00859394015586875,14:30:00
2025-06-20,GOOG,Communication Services,174.77000427246094,173.3300018310547,167.72000122070312,0.04033874737890994,0.032366010218009736,14:30:00
2025-07-08,GOOG,Communication Services,178.7550048828125,176.02999877929688,175.16000366210938,0.020111331836889946,0.004942311669718771,14:30:00
2025-07-09,GOOG,Communication Services,176.11000061035156,179.50999450683594,177.72000122070312,-0.009142016948337505,0.009971552230562002,14:30:00
2025-07-21,GOOG,Communication Services,187.1199951171875,189.88999938964844,191.1300048828125,-0.021430151080934212,-0.006530125320710594,14:30:00
2025-09-03,GOOG,Communication Services,226.42999267578125,228.0749969482422,231.10000610351562,-0.020624535524413658,-0.01326322129014393,14:30:00
2025-09-18,GOOG,Communication Services,251.86000061035156,252.07000732421875,252.35499572753906,-0.0019653581989515626,-0.0011305922761122203,14:30:00
2025-10-20,GOOG,Communication Services,255.16000366210938,256.5950012207031,257.0799865722656,-0.0075246233053780235,-0.0018900810586927731,14:30:00
2025-11-20,GOOG,Communication Services,304.6700134277344,304.80999755859375,290.05999755859375,0.04795357345729077,0.048390801214335505,15:30:00
2025-11-21,GOOG,Communication Services,297.2900085449219,296.739990234375,299.68499755859375,-0.008056069645239965,-0.009924538050610186,15:30:00
2025-12-15,GOOG,Communication Services,312.625,307.7300109863281,309.3389892578125,0.010511029963014795,-0.005228538699645576,15:30:00
2025-12-22,GOOG,Communication Services,310.17999267578125,308.760009765625,311.3399963378906,-0.0037397759027026625,-0.0083559609103007,15:30:00
2024-01-18,GRAB,Technology,3.009999990463257,3.015000104904175,3.0,0.0033222559783854942,0.004975158999091163,15:30:00
2024-01-19,GRAB,Technology,3.0399999618530273,2.9749999046325684,2.990000009536743,0.016447352942006877,-0.005042052230259622,15:30:00
2024-01-24,GRAB,Technology,3.190000057220459,3.174999952316284,3.1649999618530273,0.007837020350781737,0.0031496033428162606,15:30:00
2024-01-25,GRAB,Technology,3.2200000286102295,3.1649999618530273,3.1549999713897705,0.02018635299469652,0.0031595546868196786,15:30:00
2024-02-23,GRAB,Technology,3.200000047683716,3.115000009536743,3.1649999618530273,0.0109375266591083,-0.016051349009055083,15:30:00
2024-02-29,GRAB,Technology,3.0899999141693115,3.0950000286102295,3.069999933242798,0.006472485916521551,0.008077575165211749,15:30:00
2024-03-06,GRAB,Technology,3.1526999473571777,3.1050000190734863,3.0950000286102295,0.01830174761645697,0.003220608825065571,15:30:00
2024-03-07,GRAB,Technology,3.130000114440918,3.1549999713897705,3.194999933242798,-0.020766714512881153,-0.012678276455073136,15:30:00
2024-03-18,GRAB,Technology,3.2100000381469727,3.184999942779541,3.1700000762939453,0.012461047158154555,0.004709534303007038,14:30:00
2024-03-21,GRAB,Technology,3.2200000286102295,3.255000114440918,3.244999885559082,-0.00776393066047351,0.0030722668295677115,14:30:00
2024-03-26,GRAB,Technology,3.190000057220459,3.1649999618530273,3.1549999713897705,0.0109718135432214,0.0031595546868196786,14:30:00
2024-04-04,GRAB,Technology,3.25,3.25,3.1649999618530273,0.0261538578913762,0.0261538578913762,14:30:00
2024-04-18,GRAB,Technology,3.240000009536743,3.2950000762939453,3.380000114440918,-0.04320990879385587,-0.025796672588419646,14:30:00
2024-04-19,GRAB,Technology,3.4200000762939453,3.3949999809265137,3.365000009536743,0.016081890505921424,0.00883651592292008,14:30:00
2024-04-24,GRAB,Technology,3.565999984741211,3.440000057220459,3.490000009536743,0.021312387978033934,-0.014534869617614032,14:30:00
2024-06-25,GRAB,Technology,3.569999933242798,3.515000104904175,3.5199999809265137,0.01400558914601068,-0.0014224397932059729,14:30:00
2024-06-28,GRAB,Technology,3.569999933242798,3.549099922180176,3.5450000762939453,0.007002761181046858,0.0011551790527531767,14:30:00
2024-07-03,GRAB,Technology,3.5250000953674316,3.5450000762939453,3.5250000953674316,0.0,0.005641743440361864,14:30:00
2024-07-05,GRAB,Technology,3.549999952316284,3.549999952316284,3.5399999618530273,0.0028168987598808553,0.0028168987598808553,14:30:00
2024-08-13,GRAB,Technology,3.2899999618530273,3.3399999141693115,3.365000009536743,-0.02279636734143715,-0.007485058685592629,14:30:00
2024-08-23,GRAB,Technology,3.2300000190734863,3.244999885559082,3.2200000286102295,0.003095972261364041,0.007704116434674483,14:30:00
2024-08-30,GRAB,Technology,3.2200000286102295,3.2049999237060547,3.2100000381469727,0.00310558707279667,-0.0015600981466283967,14:30:00
2024-09-05,GRAB,Technology,3.3499999046325684,3.3450000286102295,3.3399999141693115,0.002985071865055365,0.0014948025106580945,14:30:00
2024-09-09,GRAB,Technology,3.319999933242798,3.309999942779541,3.3450000286102295,-0.0075301493584708865,-0.010574044240404876,14:30:00
2024-09-26,GRAB,Technology,3.8350000381469727,3.825000047683716,3.7950000762939453,0.010430237667573755,0.00784312967732835,14:30:00
2024-09-30,GRAB,Technology,3.880000114440918,3.825000047683716,3.7950000762939453,0.02190722568038393,0.00784312967732835,14:30:00
2024-10-17,GRAB,Technology,3.630000114440918,3.630000114440918,3.615000009536743,0.004132260173905002,0.004132260173905002,14:30:00
2024-11-18,GRAB,Technology,4.715000152587891,4.870100021362305,4.980000019073486,-0.056203575378496434,-0.022566271170841274,15:30:00
2024-11-25,GRAB,Technology,5.210000038146973,5.079999923706055,5.125,0.01631478647305431,-0.008858282868066666,15:30:00
2024-12-11,GRAB,Technology,5.510000228881836,5.409999847412109,5.400000095367432,0.019963725761355734,0.0018483830548463227,15:30:00
2025-01-06,GRAB,Technology,4.96999979019165,4.855000019073486,4.860000133514404,0.02213272863599142,-0.0010298896851234566,15:30:00
2025-01-16,GRAB,Technology,4.545000076293945,4.514999866485596,4.440000057220459,0.023102314039806303,0.016611253927569965,15:30:00
2025-01-17,GRAB,Technology,4.5,4.579999923706055,4.480000019073486,0.004444440205891927,0.021834040676500757,15:30:00
2025-01-21,GRAB,Technology,4.677999973297119,4.59499979019165,4.59499979019165,0.017742664296547455,0.0,15:30:00
2025-01-22,GRAB,Technology,4.65500020980835,4.579999923706055,4.644999980926514,0.0021482767843414674,-0.014192152467955086,15:30:00
2025-01-28,GRAB,Technology,4.480000019073486,4.5,4.550000190734863,-0.015625038250748437,-0.011111153496636285,15:30:00
2025-01-31,GRAB,Technology,4.675000190734863,4.65500020980835,4.579999923706055,0.020320911904364115,0.016111768576135627,15:30:00
2025-02-21,GRAB,Technology,5.010000228881836,5.074999809265137,4.900000095367432,0.02195611347086801,0.0344827035418244,15:30:00
2025-02-26,GRAB,Technology,4.699999809265137,4.804999828338623,4.860000133514404,-0.03404262356220909,-0.011446473910655302,15:30:00
2025-03-03,GRAB,Technology,4.914999961853027,4.925000190734863,4.724999904632568,0.03865718386472299,0.040609193574965674,15:30:00
2025-03-12,GRAB,Technology,4.465000152587891,4.260000228881836,4.215000152587891,0.05599103951992058,0.010563397623515368,14:30:00
2025-03-17,GRAB,Technology,4.489999771118164,4.445000171661377,4.434999942779541,0.01224940559961904,0.0022497701902446095,14:30:00
2025-03-18,GRAB,Technology,4.60099983215332,4.570000171661377,4.599999904632568,0.00021732831063459867,-0.006564492744928128,14:30:00
2025-04-08,GRAB,Technology,3.7899999618530273,3.9149999618530273,3.740000009536743,0.013192599688533488,0.04469986054187702,14:30:00
2025-04-11,GRAB,Technology,4.034999847412109,3.930000066757202,4.03000020980835,0.0012390676066484456,-0.02544532858841947,14:30:00
2025-04-14,GRAB,Technology,4.105000019073486,4.144999980926514,3.9749999046325684,0.03166872444260292,0.04101328759377845,14:30:00
2025-04-15,GRAB,Technology,4.005000114440918,4.005000114440918,4.074999809265137,-0.01747807561148857,-0.01747807561148857,14:30:00
2025-04-17,GRAB,Technology,4.079999923706055,4.0792999267578125,4.114999771118164,-0.00857839413396787,-0.008751463486707987,14:30:00
2025-04-22,GRAB,Technology,4.139999866485596,4.179999828338623,4.239999771118164,-0.024154567115350484,-0.014354053886023366,14:30:00
2025-04-23,GRAB,Technology,4.489999771118164,4.489999771118164,4.369999885559082,0.026726033780887688,0.026726033780887688,14:30:00
2025-05-01,GRAB,Technology,4.929999828338623,4.900000095367432,4.75,0.03651112263816889,0.030612263764901768,14:30:00
2025-05-29,GRAB,Technology,5.03000020980835,4.925000190734863,4.885000228881836,0.02882703277899831,0.008121819351048373,14:30:00
2025-06-06,GRAB,Technology,5.269999980926514,5.085000038146973,5.170000076293945,0.0189753140407009,-0.016715838251585846,14:30:00
2025-06-16,GRAB,Technology,4.659999847412109,4.71999979019165,4.699999809265137,-0.008583683082144515,0.004237284282951545,14:30:00
2025-06-24,GRAB,Technology,4.65500020980835,4.730000019073486,4.730000019073486,-0.0161116661406605,0.0,14:30:00
2025-07-17,GRAB,Technology,5.179999828338623,5.199999809265137,5.25,-0.013513547100604451,-0.009615421647857579,14:30:00
2025-07-22,GRAB,Technology,5.425000190734863,5.21999979019165,5.460000038146973,-0.0064515845495976545,-0.04597706084323631,14:30:00
2025-07-29,GRAB,Technology,5.408999919891357,5.375,5.304999828338623,0.019227231113514837,0.013023287750953851,14:30:00
2025-08-04,GRAB,Technology,4.875,4.960000038146973,4.960000038146973,-0.017435905260917466,0.0,14:30:00
2025-08-07,GRAB,Technology,4.829999923706055,4.864999771118164,4.945000171661377,-0.023809575522121887,-0.01644407077224296,14:30:00
2025-09-05,GRAB,Technology,5.090000152587891,5.125,5.170000076293945,-0.015717076877764063,-0.008780502691501525,14:30:00
2025-10-03,GRAB,Technology,6.110000133514404,6.090000152587891,6.144999980926514,-0.005728289140311009,-0.00903117027267255,14:30:00
2025-10-06,GRAB,Technology,6.260000228881836,6.284999847412109,6.400000095367432,-0.02236419510652359,-0.018297573706811527,14:30:00
2025-10-07,GRAB,Technology,6.550000190734863,6.485000133514404,6.264999866485596,0.04351149861833707,0.03392448149566718,14:30:00
2025-10-20,GRAB,Technology,5.789999961853027,5.685800075531006,5.664999961853027,0.021588946601649905,0.0036582562527114463,14:30:00
2025-10-24,GRAB,Technology,5.849999904632568,5.8028998374938965,5.84499979019165,0.0008547204311846942,-0.007254985244745436,14:30:00
2025-10-27,GRAB,Technology,5.989999771118164,6.039999961853027,6.110000133514404,-0.020033450247334408,-0.011589432467463363,14:30:00
2025-11-10,GRAB,Technology,5.769999980926514,5.952199935913086,5.900000095367432,-0.022530349197686355,0.008769839909224534,15:30:00
2025-11-20,GRAB,Technology,5.389999866485596,5.329999923706055,4.980000019073486,0.07606676392729463,0.06566602432316856,15:30:00
2025-11-24,GRAB,Technology,5.15500020980835,5.320000171661377,5.260000228881836,-0.02036857707080287,0.011278184369081271,15:30:00
2025-11-26,GRAB,Technology,5.269999980926514,5.284999847412109,5.329999923706055,-0.011385188424420541,-0.008514678825578466,15:30:00
2025-12-19,GRAB,Technology,4.949999809265137,4.994999885559082,4.934999942779541,0.003030276174459599,0.012012000831672757,15:30:00
2025-12-22,GRAB,Technology,5.065000057220459,5.199999809265137,5.190000057220459,-0.024679170501055586,0.0019230293098973974,15:30:00
2026-01-02,GRAB,Technology,5.09499979019165,5.03000020980835,5.079999923706055,0.0029440367229203513,-0.009940300559074956,15:30:00
2026-01-09,GRAB,Technology,4.9120001792907715,4.880000114440918,4.835000038146973,0.015675923927778977,0.009221326893165615,15:30:00
2024-01-18,HIMS,Healthcare,8.470000267028809,8.244999885559082,8.420000076293945,0.005903210054136497,-0.021225008267298087,15:30:00
2024-01-22,HIMS,Healthcare,8.449999809265137,8.78499984741211,8.6899995803833,-0.02840234041840007,0.01081391789173381,15:30:00
2024-01-23,HIMS,Healthcare,8.819999694824219,8.765000343322754,8.760000228881836,0.006802660773060105,0.0005704636902526873,15:30:00
2024-01-24,HIMS,Healthcare,8.899999618530273,8.6850004196167,8.9399995803833,-0.004494377928932187,-0.029360869136015034,15:30:00
2024-02-06,HIMS,Healthcare,8.609999656677246,9.069999694824219,9.414999961853027,-0.09349597413183236,-0.03803751693902288,15:30:00
2024-02-22,HIMS,Healthcare,9.479999542236328,9.368900299072266,9.449999809265137,0.0031645289472360546,-0.008656246475469677,15:30:00
2024-03-11,HIMS,Healthcare,14.34000015258789,14.347999572753906,14.470000267028809,-0.009065558790629253,-0.008502975878712404,14:30:00
2024-03-22,HIMS,Healthcare,16.860000610351562,16.451200485229492,16.334999084472656,0.03113887941122435,0.0070633994680914585,14:30:00
2024-03-25,HIMS,Healthcare,16.459999084472656,16.882600784301758,16.309999465942383,0.00911297854638241,0.03391665334477416,14:30:00
2024-04-17,HIMS,Healthcare,12.800000190734863,12.619999885559082,12.40999984741211,0.03046877636807,0.01664025673940562,14:30:00
2024-04-23,HIMS,Healthcare,12.0,12.550000190734863,12.329999923706055,-0.027499993642171223,0.01752990148886416,14:30:00
2024-04-24,HIMS,Healthcare,12.460000038146973,12.345000267028809,12.329999923706055,0.01043339599060317,0.0012150946130650984,14:30:00
2024-05-07,HIMS,Healthcare,13.380000114440918,12.5600004196167,12.369999885559082,0.07548581616167188,0.015127430550150853,14:30:00
2024-05-15,HIMS,Healthcare,14.0,13.5600004196167,13.819999694824219,0.012857164655412947,-0.01917398725381964,14:30:00
2024-05-23,HIMS,Healthcare,16.729999542236328,16.219999313354492,15.84000015258789,0.05319781315005761,0.023427816082195206,14:30:00
2024-06-03,HIMS,Healthcare,19.979999542236328,20.34000015258789,20.489999771118164,-0.025525537565890877,-0.007374612458456091,14:30:00
2024-06-12,HIMS,Healthcare,22.75,23.219999313354492,23.739999771118164,-0.04351647345574348,-0.02239450788719897,14:30:00
2024-06-17,HIMS,Healthcare,24.170000076293945,24.78499984741211,24.170000076293945,0.0,0.02481338611677976,14:30:00
2024-06-28,HIMS,Healthcare,20.200000762939453,20.139999389648438,20.15999984741211,0.0019802432681454473,-0.0009930714185598097,14:30:00
2024-07-01,HIMS,Healthcare,20.399999618530273,20.84000015258789,21.420000076293945,-0.050000023374370935,-0.027831090185190373,14:30:00
2024-07-10,HIMS,Healthcare,21.209999084472656,20.09000015258789,20.204999923706055,0.04738327223702418,-0.005724229479577699,14:30:00
2024-07-11,HIMS,Healthcare,20.93000030517578,21.04400062561035,21.049999237060547,-0.005733345921408854,-0.00028505090628514135,14:30:00
2024-07-18,HIMS,Healthcare,22.40999984741211,21.940000534057617,20.3700008392334,0.0910307461878135,0.07155878106689638,14:30:00
2024-07-19,HIMS,Healthcare,20.729999542236328,20.829999923706055,19.40999984741211,0.06367581881199688,0.06817091125755992,14:30:00
2024-07-22,HIMS,Healthcare,20.010000228881836,20.209999084472656,20.34000015258789,-0.01649175012150888,-0.006432512320849841,14:30:00
2024-07-26,HIMS,Healthcare,23.719999313354492,23.559999465942383,21.780000686645508,0.08178746555092666,0.0755517325825914,14:30:00
2024-08-09,HIMS,Healthcare,16.049999237060547,15.9399995803833,15.96500015258789,0.00529589336530232,-0.001568417369054201,14:30:00
2024-08-14,HIMS,Healthcare,16.100000381469727,15.839900016784668,15.420000076293945,0.04223604279900681,0.026509001953659926,14:30:00
2024-08-20,HIMS,Healthcare,16.709999084472656,16.190000534057617,16.540000915527344,0.01017343975220675,-0.021618305739611224,14:30:00
2024-08-22,HIMS,Healthcare,17.290000915527344,16.829999923706055,16.459999084472656,0.048004730312611,0.021984601361300676,14:30:00
2024-08-29,HIMS,Healthcare,14.739999771118164,14.789999961853027,14.731300354003906,0.0005901911295347246,0.003968871399629583,14:30:00
2024-08-30,HIMS,Healthcare,14.8100004196167,14.710000038146973,14.710000038146973,0.00675222002946538,0.0,14:30:00
2024-09-09,HIMS,Healthcare,13.960000038146973,13.90999984741211,13.96500015258789,-0.00035817438590649714,-0.003954011917980991,14:30:00
2024-09-19,HIMS,Healthcare,17.1200008392334,16.739999771118164,16.899999618530273,0.012850537962530629,-0.009557936057332576,14:30:00
2024-09-26,HIMS,Healthcare,17.549999237060547,17.690000534057617,17.704999923706055,-0.008831948340954396,-0.0008479021591638718,14:30:00
2024-10-07,HIMS,Healthcare,18.75,19.80500030517578,19.440000534057617,-0.036800028483072914,0.018429677631601755,14:30:00
2024-10-14,HIMS,Healthcare,20.0,20.389999389648438,20.4950008392334,-0.02475004196166992,-0.0051496543760696685,14:30:00
2024-10-24,HIMS,Healthcare,21.6200008392334,21.780000686645508,21.520000457763672,0.004625364365770874,0.01193756752456193,14:30:00
2024-11-05,HIMS,Healthcare,22.079999923706055,20.6200008392334,20.6299991607666,0.06567032463540314,-0.00048488463269989073,15:30:00
2024-11-13,HIMS,Healthcare,29.1200008392334,30.05500030517578,27.600000381469727,0.05219781641337641,0.08168357673525888,15:30:00
2024-11-15,HIMS,Healthcare,21.334999084472656,19.92009925842285,19.309999465942383,0.09491444600079887,0.030627347010959254,15:30:00
2024-11-27,HIMS,Healthcare,31.489999771118164,32.130001068115234,30.360000610351562,0.03588438135852285,0.05508871456341664,15:30:00
2024-12-02,HIMS,Healthcare,33.560001373291016,31.700000762939453,30.8799991607666,0.07985703524605081,0.02586755780559846,15:30:00
2024-12-17,HIMS,Healthcare,32.20000076293945,30.530000686645508,31.1200008392334,0.033540369506732406,-0.019325258411997667,15:30:00
2024-12-18,HIMS,Healthcare,31.34000015258789,30.649999618530273,28.549999237060547,0.0890236407767522,0.06851551085175595,15:30:00
2024-12-31,HIMS,Healthcare,25.600000381469727,25.360000610351562,24.170000076293945,0.05585938608855924,0.0469243101505241,15:30:00
2025-01-06,HIMS,Healthcare,27.469999313354492,27.790000915527344,26.889999389648438,0.021113940233121475,0.03238580411042882,15:30:00
2025-01-07,HIMS,Healthcare,27.68000030517578,26.899999618530273,27.65999984741211,0.0007225598823397435,-0.028252797013361437,15:30:00
2025-01-28,HIMS,Healthcare,31.0,32.27000045776367,31.530000686645508,-0.017096796343403477,0.02293150792131865,15:30:00
2025-02-14,HIMS,Healthcare,60.02000045776367,62.029998779296875,60.52000045776367,-0.00833055641763702,0.024343033229869738,15:30:00
2025-02-27,HIMS,Healthcare,43.209999084472656,44.20500183105469,41.314998626708984,0.043855600507166706,0.06537728955177718,15:30:00
2025-03-12,HIMS,Healthcare,36.150001525878906,34.540000915527344,33.970001220703125,0.06030429358668691,0.01650259640172671,14:30:00
2025-03-26,HIMS,Healthcare,37.779998779296875,35.14500045776367,33.36000061035156,0.11699307336577879,0.050789580997652135,14:30:00
2025-04-08,HIMS,Healthcare,29.799999237060547,28.780000686645508,26.09000015258789,0.1244966167602697,0.09346770221954272,14:30:00
2025-04-14,HIMS,Healthcare,28.719999313354492,27.80500030517578,28.290000915527344,0.014972089418790612,-0.017442927711864894,14:30:00
2025-04-23,HIMS,Healthcare,27.0,28.020000457763672,26.700000762939453,0.01111108285409433,0.04710919604779944,14:30:00
2025-04-28,HIMS,Healthcare,29.93000030517578,29.90999984741211,28.510000228881836,0.04744403814952135,0.0468070754153282,14:30:00
2025-04-29,HIMS,Healthcare,37.189998626708984,34.119998931884766,35.05009841918945,0.057539668903959174,-0.027259657573890476,14:30:00
2025-05-05,HIMS,Healthcare,42.279998779296875,40.220001220703125,41.939998626708984,0.008041631088087389,-0.042764727841939895,14:30:00
2025-05-12,HIMS,Healthcare,56.09000015258789,55.380001068115234,55.209999084472656,0.01568909013587572,0.0030697360123464485,14:30:00
2025-05-28,HIMS,Healthcare,53.849998474121094,51.90999984741211,53.34000015258789,0.009470721188196413,-0.027547684634544874,14:30:00
2025-05-29,HIMS,Healthcare,54.0,53.290000915527344,52.41999816894531,0.029259293167679397,0.01632581594361607,14:30:00
2025-06-02,HIMS,Healthcare,56.93000030517578,57.75,56.7599983215332,0.002986158136857105,0.01714288620721726,14:30:00
2025-06-03,HIMS,Healthcare,61.91999816894531,59.96500015258789,54.78799819946289,0.11518088146616465,0.0863337270066125,14:30:00
2025-06-20,HIMS,Healthcare,62.435001373291016,62.650699615478516,64.22000122070312,-0.028589730249861292,-0.025048429065537472,14:30:00
2025-06-25,HIMS,Healthcare,43.70000076293945,44.47999954223633,41.439998626708984,0.05171629512068803,0.06834534502727878,14:30:00
2025-07-02,HIMS,Healthcare,48.20000076293945,47.30500030517578,47.439998626708984,0.015767678925325403,-0.002853785448944021,14:30:00
2025-07-08,HIMS,Healthcare,48.900001525878906,49.13999938964844,48.9900016784668,-0.0018404938605218787,0.0030524565129164067,14:30:00
2025-07-09,HIMS,Healthcare,50.499900817871094,49.20000076293945,51.18000030517578,-0.013467343030186929,-0.040243892510826725,14:30:00
2025-07-15,HIMS,Healthcare,53.0,51.2599983215332,50.43000030517578,0.04849056027970224,0.01619192437641493,14:30:00
2025-07-18,HIMS,Healthcare,50.66999816894531,48.90999984741211,50.369998931884766,0.005920648271197506,-0.029850727643171454,14:30:00
2025-07-25,HIMS,Healthcare,58.15999984741211,58.150001525878906,57.63999938964844,0.008940860714029211,0.008770457830572866,14:30:00
2025-07-28,HIMS,Healthcare,58.7400016784668,58.720001220703125,58.66999816894531,0.0011917519155799855,0.0008515505912520782,14:30:00
2025-07-31,HIMS,Healthcare,66.29000091552734,69.11000061035156,66.16000366210938,0.0019610386426698483,0.04268552918809156,14:30:00
2025-08-07,HIMS,Healthcare,51.7599983215332,52.8849983215332,51.040000915527344,0.01391030582213767,0.0348869710610283,14:30:00
2025-08-08,HIMS,Healthcare,52.05500030517578,51.18000030517578,51.90999984741211,0.0027855240978503005,-0.014263375105187407,14:30:00
2025-08-13,HIMS,Healthcare,48.59000015258789,47.904998779296875,48.33000183105469,0.005350860685670438,-0.008871789220073758,14:30:00
2025-08-26,HIMS,Healthcare,43.5,44.27009963989258,45.36000061035156,-0.04275863472072557,-0.02461934758052487,14:30:00
2025-08-28,HIMS,Healthcare,44.45000076293945,44.01499938964844,44.150001525878906,0.0067491390756212015,-0.003067184780246047,14:30:00
2025-09-03,HIMS,Healthcare,43.0,44.90999984741211,44.52000045776367,-0.03534884785496911,0.008684021175094946,14:30:00
2025-09-05,HIMS,Healthcare,48.83000183105469,47.169898986816406,48.41999816894531,0.008396552257522602,-0.026502053406523056,14:30:00
2025-09-08,HIMS,Healthcare,49.119998931884766,49.90999984741211,49.65999984741211,-0.010993504219659469,0.005009016244526452,14:30:00
2025-09-10,HIMS,Healthcare,50.0,49.900001525878906,47.779998779296875,0.0444000244140625,0.042485023682465525,14:30:00
2025-10-08,HIMS,Healthcare,58.369998931884766,58.810001373291016,58.189998626708984,0.0030837811970124197,0.010542471214149808,14:30:00
2025-10-09,HIMS,Healthcare,59.10499954223633,58.08000183105469,58.2599983215332,0.01429661157681405,-0.0030991130303696657,14:30:00
2025-10-15,HIMS,Healthcare,55.29999923706055,56.27000045776367,62.79999923706055,-0.13562387167220258,-0.11604760487248085,14:30:00
2025-10-20,HIMS,Healthcare,51.369998931884766,51.059898376464844,51.36000061035156,0.00019463347753735852,-0.00587745458625992,14:30:00
2025-10-27,HIMS,Healthcare,50.13999938964844,50.084999084472656,48.27000045776367,0.03729555154862712,0.03623836797217133,14:30:00
2025-10-28,HIMS,Healthcare,49.13999938964844,48.11000061035156,47.15999984741211,0.04029303147800657,0.019746430074562227,14:30:00
2025-10-31,HIMS,Healthcare,45.3650016784668,46.130001068115234,45.459999084472656,-0.0020940681690958998,0.014524213486430619,14:30:00
2025-11-03,HIMS,Healthcare,46.900001525878906,44.209999084472656,44.380001068115234,0.053731351295866446,-0.0038453288206985255,15:30:00
2025-11-04,HIMS,Healthcare,45.75,46.900001525878906,42.83000183105469,0.06382509658896858,0.0867803744649867,15:30:00
2025-11-05,HIMS,Healthcare,44.099998474121094,45.69990158081055,43.76499938964844,0.007596351384665955,0.04233930761843429,15:30:00
2025-11-06,HIMS,Healthcare,44.0,41.630001068115234,41.51499938964844,0.05647728659889915,0.002762471187032412,15:30:00
2025-11-10,HIMS,Healthcare,42.494998931884766,41.650001525878906,41.04999923706055,0.03400399414388523,0.01440581673077617,15:30:00
2025-11-19,HIMS,Healthcare,36.599998474121094,36.0099983215332,35.83000183105469,0.02103816052371835,0.004998514270157063,15:30:00
2025-11-20,HIMS,Healthcare,36.779998779296875,36.66999816894531,33.62990188598633,0.08564700918597386,0.0829041842040109,15:30:00
2025-11-26,HIMS,Healthcare,37.75,37.88999938964844,38.41999816894531,-0.017748295866100994,-0.01398782760185715,15:30:00
2025-12-15,HIMS,Healthcare,37.81999969482422,35.939998626708984,36.2400016784668,0.0417767855395739,-0.008347330640543313,15:30:00
2025-12-18,HIMS,Healthcare,35.599998474121094,35.4900016784668,34.755001068115234,0.02373588320853772,0.020710075389979956,15:30:00
2025-12-19,HIMS,Healthcare,34.970001220703125,34.7599983215332,35.540000915527344,-0.016299676148903434,-0.022439661440114132,15:30:00
2025-12-22,HIMS,Healthcare,35.970001220703125,35.869998931884766,35.029998779296875,0.026132955504744773,0.02341790291611122,15:30:00
2026-01-02,HIMS,Healthcare,33.0,32.845001220703125,33.43000030517578,-0.013030312278053978,-0.01781090159022174,15:30:00
2026-01-05,HIMS,Healthcare,33.959999084472656,33.86899948120117,34.7400016784668,-0.022968274882868796,-0.025716797384259037,15:30:00
2024-01-18,HOOD,Financial Services,10.760000228881836,10.779999732971191,10.675000190734863,0.007899631630008407,0.009740217517369833,15:30:00
2024-01-22,HOOD,Financial Services,10.8100004196167,11.0,11.0,-0.017576278724144377,0.0,15:30:00
2024-01-23,HOOD,Financial Services,11.15999984741211,11.194999694824219,10.949999809265137,0.018817207976545763,0.021884760360677165,15:30:00
2024-01-24,HOOD,Financial Services,11.100000381469727,11.015999794006348,10.8100004196167,0.026126121791594847,0.01870001618025899,15:30:00
2024-01-26,HOOD,Financial Services,10.760000228881836,10.75,10.789999961853027,-0.002788079213108803,-0.0037209266840025437,15:30:00
2024-02-07,HOOD,Financial Services,10.84000015258789,10.779999732971191,10.989999771118164,-0.013837602990666309,-0.01948052350174709,15:30:00
2024-02-14,HOOD,Financial Services,13.64799976348877,13.237600326538086,13.359999656677246,0.021102001157853437,-0.009246338242572563,15:30:00
2024-02-22,HOOD,Financial Services,13.75,14.013999938964844,13.979999542236328,-0.01672723943536932,0.002426173603296526,15:30:00
2024-03-04,HOOD,Financial Services,16.950000762939453,16.860000610351562,16.625,0.01917408544606412,0.01393835123631483,15:30:00
2024-03-07,HOOD,Financial Services,16.6200008392334,16.2450008392334,16.360000610351562,0.01564381562894244,-0.007079086806842597,15:30:00
2024-03-08,HOOD,Financial Services,16.649999618530273,17.610000610351562,16.985000610351562,-0.02012018014994166,0.035491196952748015,15:30:00
2024-03-14,HOOD,Financial Services,19.1200008392334,18.365999221801758,18.049999237060547,0.055962424435529075,0.01720570609444959,14:30:00
2024-03-21,HOOD,Financial Services,18.65999984741211,19.200000762939453,19.059999465942383,-0.02143620695611892,0.007291733928849939,14:30:00
2024-04-09,HOOD,Financial Services,18.65999984741211,18.28499984741211,18.309999465942383,0.01875671941756564,-0.0013672200568167713,14:30:00
2024-04-15,HOOD,Financial Services,18.09000015258789,17.940000534057617,17.190000534057617,0.049751222274120474,0.041806018822362165,14:30:00
2024-04-18,HOOD,Financial Services,17.18000030517578,17.229999542236328,17.100000381469727,0.004656572892024529,0.007544931179361402,14:30:00
2024-05-03,HOOD,Financial Services,17.899999618530273,17.974000930786133,17.940000534057617,-0.0022346880659111505,0.0018916432050628887,14:30:00
2024-05-09,HOOD,Financial Services,19.04199981689453,17.998899459838867,17.295000076293945,0.0917445519062869,0.039107912409619264,14:30:00
2024-05-10,HOOD,Financial Services,17.40999984741211,16.915000915527344,16.229999542236328,0.06777715769774582,0.040496679646183746,14:30:00
2024-05-15,HOOD,Financial Services,18.299999237060547,17.579999923706055,18.514999389648438,-0.01174864270772643,-0.05318540784983546,14:30:00
2024-05-23,HOOD,Financial Services,19.920000076293945,19.649999618530273,19.225000381469727,0.03488954277923483,0.021628460321178104,14:30:00
2024-05-29,HOOD,Financial Services,20.73200035095215,20.7549991607666,21.084999084472656,-0.01702675706853805,-0.015899780151755298,14:30:00
2024-06-03,HOOD,Financial Services,21.899999618530273,21.479999542236328,21.299999237060547,0.027397278169906794,0.00837990265418046,14:30:00
2024-06-12,HOOD,Financial Services,24.0,23.99880027770996,23.690000534057617,0.012916644414265951,0.012867299201583688,14:30:00
2024-06-20,HOOD,Financial Services,22.0,21.709999084472656,21.739999771118164,0.011818192221901634,-0.0013818833676029398,14:30:00
2024-06-26,HOOD,Financial Services,22.68000030517578,22.704999923706055,22.30500030517578,0.01653439131190936,0.017617248177686097,14:30:00
2024-06-27,HOOD,Financial Services,22.454999923706055,22.71500015258789,22.579999923706055,-0.005566688952335991,0.005943219369358249,14:30:00
2024-07-09,HOOD,Financial Services,22.209999084472656,22.565000534057617,22.604999542236328,-0.01778480297371208,-0.0017726127734116368,14:30:00
2024-07-11,HOOD,Financial Services,22.649999618530273,22.674999237060547,22.030000686645508,0.02737302173628012,0.028445361504614228,14:30:00
2024-07-26,HOOD,Financial Services,21.59000015258789,21.395000457763672,21.19499969482422,0.01829552825252412,0.009348013959349004,14:30:00
2024-07-29,HOOD,Financial Services,21.56999969482422,21.295000076293945,21.170000076293945,0.018544257032430764,0.005869922495992508,14:30:00
2024-07-30,HOOD,Financial Services,21.299999237060547,21.045000076293945,20.389999389648438,0.042722999061369525,0.031123814885766175,14:30:00
2024-08-01,HOOD,Financial Services,20.889999389648438,21.09000015258789,20.239999771118164,0.03111534885215774,0.04030347915220027,14:30:00
2024-08-07,HOOD,Financial Services,17.43000030517578,17.170000076293945,17.1200008392334,0.01778539647244467,0.002912011464087247,14:30:00
2024-08-12,HOOD,Financial Services,18.360000610351562,18.475000381469727,18.56999969482422,-0.01143785825117329,-0.005142046624787933,14:30:00
2024-08-14,HOOD,Financial Services,18.729999542236328,18.80500030517578,18.649999618530273,0.0042712186685137975,0.008242525080036627,14:30:00
2024-08-30,HOOD,Financial Services,20.329999923706055,20.155000686645508,20.1200008392334,0.010329517228762217,0.0017365341711598108,14:30:00
2024-09-19,HOOD,Financial Services,23.93600082397461,23.614999771118164,22.795000076293945,0.047668813018163954,0.03472367998186908,14:30:00
2024-09-26,HOOD,Financial Services,22.780000686645508,22.725000381469727,22.40999984741211,0.016242354173865624,0.013861409406816683,14:30:00
2024-10-24,HOOD,Financial Services,26.940000534057617,27.079999923706055,27.225000381469727,-0.010579058714264383,-0.005354522089076421,14:30:00
2024-11-13,HOOD,Financial Services,33.584999084472656,33.51499938964844,31.90999984741211,0.049873434054519564,0.04788899213681782,15:30:00
2024-11-14,HOOD,Financial Services,32.86000061035156,32.09000015258789,32.22999954223633,0.019172278040578347,-0.004362710781637291,15:30:00
2024-11-20,HOOD,Financial Services,37.0099983215332,36.64500045776367,36.060001373291016,0.02566865688533304,0.01596395353158516,15:30:00
2024-11-25,HOOD,Financial Services,39.20000076293945,38.61009979248047,37.86000061035156,0.03418367669662793,0.019427538031771475,15:30:00
2024-11-27,HOOD,Financial Services,37.53010177612305,37.709999084472656,37.65999984741211,-0.003461170237798414,0.0013258880475850872,15:30:00
2024-12-02,HOOD,Financial Services,37.92490005493164,38.4900016784668,37.619998931884766,0.008039602546222836,0.022603343950196645,15:30:00
2024-12-05,HOOD,Financial Services,42.630001068115234,39.810001373291016,38.91999816894531,0.08702798044133263,0.022356271631349817,15:30:00
2024-12-19,HOOD,Financial Services,38.47999954223633,36.959999084472656,36.91999816894531,0.040540576711253086,0.001082275879821345,15:30:00
2024-12-31,HOOD,Financial Services,38.98659896850586,38.744998931884766,37.25,0.04454348454218123,0.03858559744737721,15:30:00
2025-01-06,HOOD,Financial Services,41.848899841308594,42.58000183105469,42.720001220703125,-0.02081539497329095,-0.0032879141293585467,15:30:00
2025-01-14,HOOD,Financial Services,41.79999923706055,42.88999938964844,41.7599983215332,0.0009569597190776573,0.026346492986613606,15:30:00
2025-01-17,HOOD,Financial Services,47.75,47.40999984741211,48.099998474121094,-0.007329810976357984,-0.01455386266462197,15:30:00
2025-01-21,HOOD,Financial Services,49.959999084472656,48.81999969482422,50.01499938964844,-0.0011008868331399769,-0.024477666986772017,15:30:00
2025-02-06,HOOD,Financial Services,54.779998779296875,53.595001220703125,53.189998626708984,0.029025195108051058,0.007556723290785053,15:30:00
2025-02-19,HOOD,Financial Services,61.099998474121094,59.599998474121094,59.220001220703125,0.030769186585401335,0.006375793005816389,15:30:00
2025-02-21,HOOD,Financial Services,57.869998931884766,55.939998626708984,51.59000015258789,0.10851907543127273,0.07776186236880159,15:30:00
2025-02-24,HOOD,Financial Services,52.220001220703125,48.81999969482422,49.900001525878906,0.04442741556092558,-0.02212211875882471,15:30:00
2025-02-26,HOOD,Financial Services,47.309898376464844,48.83000183105469,48.83000183105469,-0.032130769812560966,0.0,15:30:00
2025-02-27,HOOD,Financial Services,51.7599983215332,51.380001068115234,48.770999908447266,0.057747266422194875,0.05077853455489767,15:30:00
2025-03-03,HOOD,Financial Services,54.720001220703125,50.69900131225586,46.88999938964844,0.14309213553329075,0.07512972295347053,15:30:00
2025-03-12,HOOD,Financial Services,39.0,38.040000915527344,38.9099006652832,0.0023102393517127405,-0.02286802651996729,14:30:00
2025-03-25,HOOD,Financial Services,48.689998626708984,48.349300384521484,48.15999984741211,0.0108851672673111,0.003915269416596927,14:30:00
2025-04-08,HOOD,Financial Services,37.1349983215332,37.35499954223633,34.165000915527344,0.07997839074315155,0.08539683217241471,14:30:00
2025-04-14,HOOD,Financial Services,45.06800079345703,44.11000061035156,44.11000061035156,0.021256771239884932,0.0,14:30:00
2025-04-17,HOOD,Financial Services,41.0,40.2401008605957,41.16999816894531,-0.004146296803544208,-0.023108722107110628,14:30:00
2025-04-23,HOOD,Financial Services,45.310001373291016,46.38999938964844,44.650001525878906,0.014566317091333414,0.037508038082832956,14:30:00
2025-04-28,HOOD,Financial Services,50.310001373291016,49.709999084472656,48.90999984741211,0.02782749925787421,0.01609332632859439,14:30:00
2025-05-01,HOOD,Financial Services,50.16999816894531,47.2400016784668,46.61000061035156,0.0709586942101455,0.013336177936725285,14:30:00
2025-05-08,HOOD,Financial Services,51.729000091552734,53.66510009765625,54.06999969482422,-0.045255071606415335,-0.007544933232792986,14:30:00
2025-05-09,HOOD,Financial Services,54.88999938964844,54.58919906616211,54.650001525878906,0.0043723422561158165,-0.0011138184981081018,14:30:00
2025-05-12,HOOD,Financial Services,59.189998626708984,56.2400016784668,57.439998626708984,0.029565805720602387,-0.021337071700366663,14:30:00
2025-05-22,HOOD,Financial Services,64.91999816894531,64.72000122070312,64.80999755859375,0.0016944025485845075,-0.0013905490759143603,14:30:00
2025-05-29,HOOD,Financial Services,66.29399871826172,64.27999877929688,63.95000076293945,0.035357619100393395,0.005133758908279673,14:30:00
2025-07-01,HOOD,Financial Services,95.01200103759766,95.80000305175781,92.33000183105469,0.028228004644188707,0.03622130595161244,14:30:00
2025-07-08,HOOD,Financial Services,95.38500213623047,93.00550079345703,91.26000213623047,0.04324579239520911,0.01876769268844536,14:30:00
2025-07-09,HOOD,Financial Services,92.98999786376953,93.01000213623047,94.54000091552734,-0.016668492175132308,-0.016449830600540217,14:30:00
2025-07-24,HOOD,Financial Services,103.0,100.75,101.91999816894531,0.01048545467043386,-0.011612885051566378,14:30:00
2025-07-28,HOOD,Financial Services,105.83999633789062,105.2699966430664,106.7699966430664,-0.00878685125996024,-0.014249074264588164,14:30:00
2025-08-11,HOOD,Financial Services,116.21499633789062,116.84500122070312,113.66000366210938,0.02198505146747763,0.027258312510757353,14:30:00
2025-08-13,HOOD,Financial Services,115.02999877929688,109.37000274658203,108.66000366210938,0.05537681635039688,0.006491716802072081,14:30:00
2025-08-19,HOOD,Financial Services,116.12000274658203,112.0,107.4000015258789,0.07509473832629406,0.041071414947509766,14:30:00
2025-08-28,HOOD,Financial Services,104.06500244140625,103.48999786376953,103.66000366210938,0.003891786573732215,-0.0016427268513777844,14:30:00
2025-09-03,HOOD,Financial Services,101.58999633789062,102.04000091552734,100.80000305175781,0.007776290132989837,0.012152076172520317,14:30:00
2025-09-05,HOOD,Financial Services,104.86499786376953,97.91999816894531,101.25,0.034472874051509415,-0.0340073722765936,14:30:00
2025-09-08,HOOD,Financial Services,110.57499694824219,116.30010223388672,117.25,-0.060366296504464206,-0.008167643431671092,14:30:00
2025-09-10,HOOD,Financial Services,120.95500183105469,122.45500183105469,117.45099639892578,0.028969495920666156,0.04086403460295312,14:30:00
2025-09-18,HOOD,Financial Services,120.08000183105469,122.33999633789062,120.86540222167969,-0.006540642726921431,0.012053246365467092,14:30:00
2025-09-24,HOOD,Financial Services,127.5999984741211,126.91999816894531,126.80000305175781,0.0062695566765663445,0.0009454390081835056,14:30:00
2025-10-07,HOOD,Financial Services,146.36000061035156,144.75,144.9600067138672,0.009565413300397035,-0.0014508235845746978,14:30:00
2025-10-08,HOOD,Financial Services,146.4600067138672,147.32000732421875,150.88999938964844,-0.030247115066954367,-0.024232907194831486,14:30:00
2025-10-16,HOOD,Financial Services,135.4250030517578,135.47999572753906,131.42999267578125,0.02949979904707639,0.029893734717136303,14:30:00
2025-10-27,HOOD,Financial Services,144.89999389648438,147.36000061035156,145.83999633789062,-0.006487249696351138,0.01031490408635464,14:30:00
2025-10-31,HOOD,Financial Services,143.60000610351562,147.66000366210938,146.74749755859375,-0.021918463240239848,0.0061797784158512835,14:30:00
2025-11-03,HOOD,Financial Services,148.8800048828125,143.4600067138672,147.1300048828125,0.011754432714973865,-0.02558202981451946,15:30:00
2025-11-05,HOOD,Financial Services,139.63499450683594,138.75,142.75999450683594,-0.022379776724573246,-0.02890086131052928,15:30:00
2025-11-10,HOOD,Financial Services,135.59500122070312,135.6199951171875,135.8699951171875,-0.002028053350114119,-0.0018433859976471627,15:30:00
2025-11-12,HOOD,Financial Services,133.25999450683594,131.19000244140625,132.97900390625,0.0021085893153891984,-0.013636721027143639,15:30:00
2025-11-20,HOOD,Financial Services,121.64199829101562,119.91500091552734,106.16999816894531,0.12719291313395878,0.11462287988693366,15:30:00
2025-11-21,HOOD,Financial Services,107.55500030517578,103.79000091552734,107.30999755859375,0.0022779298580899283,-0.03391460267864592,15:30:00
2025-11-26,HOOD,Financial Services,121.33000183105469,123.54930114746094,128.19000244140625,-0.05654001901280554,-0.03756153414746113,15:30:00
2025-12-12,HOOD,Financial Services,125.0,121.08000183105469,119.5199966430664,0.04384002685546875,0.012884086260297446,15:30:00
2025-12-15,HOOD,Financial Services,120.25,116.98650360107422,115.26000213623047,0.04149686373197115,0.014758125182808664,15:30:00
2025-12-16,HOOD,Financial Services,116.69499969482422,118.94000244140625,119.38999938964844,-0.023094388807335935,-0.0037833944762517622,15:30:00
2025-12-17,HOOD,Financial Services,120.97000122070312,124.55000305175781,115.80000305175781,0.04273785332541193,0.070252908756364,15:30:00
2025-12-18,HOOD,Financial Services,121.81500244140625,122.52999877929688,117.19000244140625,0.037967408835579614,0.043581134343346546,15:30:00
2025-12-19,HOOD,Financial Services,119.37300109863281,120.5199966430664,121.31999969482422,-0.016310208994265666,-0.006637927929313772,15:30:00
2025-12-22,HOOD,Financial Services,123.51000213623047,122.24600219726562,122.37000274658203,0.009230016759217832,-0.0010143525930304809,15:30:00
2026-01-02,HOOD,Financial Services,115.16999816894531,111.45999908447266,115.22000122070312,-0.00043416734004338495,-0.03373409444746954,15:30:00
2026-01-05,HOOD,Financial Services,117.98799896240234,120.18199920654297,123.26000213623047,-0.04468253737829797,-0.025611180958952852,15:30:00
2024-01-25,IBM,Technology,185.11000061035156,193.11000061035156,190.47000122070312,-0.028955759238714115,0.013670961531274117,15:30:00
2024-03-06,IBM,Technology,193.5,195.11000061035156,196.13999938964844,-0.013643407698441537,-0.0052790670702413415,15:30:00
2024-03-07,IBM,Technology,197.5800018310547,196.58160400390625,196.50999450683594,0.005415564906886094,0.0003642736431680024,15:30:00
2024-03-27,IBM,Technology,189.60000610351562,189.32000732421875,190.8350067138672,-0.006513716089636047,-0.008002320573831033,14:30:00
2024-04-04,IBM,Technology,192.0,192.80999755859375,187.94000244140625,0.02114582061767578,0.025258001031339357,14:30:00
2024-04-15,IBM,Technology,185.57000732421875,182.74000549316406,181.27999877929688,0.02311800601175051,0.007989529768958026,14:30:00
2024-04-16,IBM,Technology,185.58999633789062,183.9199981689453,183.77000427246094,0.009806520293885648,0.0008155388102309219,14:30:00
2024-04-19,IBM,Technology,182.42999267578125,182.19000244140625,181.58999633789062,0.004604485948664624,0.003293298729213156,14:30:00
2024-04-24,IBM,Technology,183.1699981689453,183.5,184.10000610351562,-0.005077294010302536,-0.003269788030057902,14:30:00
2024-05-23,IBM,Technology,175.38999938964844,173.375,170.67999267578125,0.026854477052613374,0.01554438254776496,14:30:00
2024-06-20,IBM,Technology,174.0800018310547,173.16000366210938,173.89999389648438,0.0010340529220870004,-0.004273447786585624,14:30:00
2024-07-19,IBM,Technology,186.3300018310547,183.6300048828125,183.25,0.016529822362409054,0.0020694051773020887,14:30:00
2024-07-25,IBM,Technology,186.8000030517578,190.79750061035156,192.0399932861328,-0.02805133912617295,-0.006512101425891737,14:30:00
2024-09-09,IBM,Technology,201.94000244140625,202.5500030517578,203.5399932861328,-0.007923100056368508,-0.004887633766769319,14:30:00
2024-09-11,IBM,Technology,207.75999450683594,203.6300048828125,209.77999877929688,-0.009722777848814744,-0.03020180596677611,14:30:00
2024-11-06,IBM,Technology,213.47999572753906,212.36000061035156,213.49000549316406,-4.688854143399598e-05,-0.00532117573726084,15:30:00
2024-11-18,IBM,Technology,207.0,206.50999450683594,208.13999938964844,-0.005507243428253321,-0.00789310409263772,15:30:00
2024-12-19,IBM,Technology,224.4199981689453,224.16000366210938,223.9199981689453,0.002227965440154739,0.001070688299621185,15:30:00
2025-01-02,IBM,Technology,221.82000732421875,219.5399932861328,220.0399932861328,0.008024587410116779,-0.002277489365449399,15:30:00
2025-03-03,IBM,Technology,254.73500061035156,253.0449981689453,250.33999633789062,0.01725324066944234,0.010689805570662554,15:30:00
2025-03-12,IBM,Technology,250.35000610351562,248.36000061035156,249.55999755859375,0.0031556162399102136,-0.004831683625757617,14:30:00
2025-03-19,IBM,Technology,248.3300018310547,248.7949981689453,252.3300018310547,-0.016107598640945943,-0.014208499721159649,14:30:00
2025-04-08,IBM,Technology,232.55999755859375,231.1999969482422,221.0500030517578,0.0494925809583223,0.04390135826323827,14:30:00
2025-04-23,IBM,Technology,246.0,247.2949981689453,245.36000061035156,0.00260162353515625,0.00782465303755077,14:30:00
2025-05-08,IBM,Technology,255.0,254.99830627441406,254.25999450683594,0.0029019823261335785,0.0028953594961669965,14:30:00
2025-10-07,IBM,Technology,295.54998779296875,298.7699890136719,293.8699951171875,0.00568429282750665,0.016400555867946122,14:30:00
2025-11-20,IBM,Technology,294.6400146484375,297.2200012207031,290.44000244140625,0.014254724403413693,0.02281138130492884,15:30:00
2025-11-21,IBM,Technology,293.4800109863281,293.82000732421875,297.5899963378906,-0.014004311018490336,-0.012830947245576239,15:30:00
2025-11-24,IBM,Technology,299.17999267578125,301.8699951171875,304.1400146484375,-0.016578722154162836,-0.007519858111001614,15:30:00
2026-01-05,IBM,Technology,295.7699890136719,297.489990234375,295.0,0.002603337195364613,0.008369996692706475,15:30:00
2024-01-18,IONQ,Technology,11.390000343322754,10.914999961853027,10.710000038146973,0.0597015175310704,0.0187814864335787,15:30:00
2024-01-24,IONQ,Technology,12.050000190734863,11.609999656677246,11.069999694824219,0.08132784069697842,0.04651162599668621,15:30:00
2024-01-25,IONQ,Technology,11.449999809265137,11.630000114440918,11.279999732971191,0.014847168482604188,0.03009461547942142,15:30:00
2024-02-01,IONQ,Technology,10.470000267028809,10.1850004196167,10.239999771118164,0.021967573070169024,-0.005400034289201795,15:30:00
2024-02-29,IONQ,Technology,11.710000038146973,10.729999542236328,10.34000015258789,0.11699401204919851,0.036346636187009056,15:30:00
2024-03-06,IONQ,Technology,9.890000343322754,9.498800277709961,9.920000076293945,-0.003033339932232233,-0.0443424207552167,15:30:00
2024-03-07,IONQ,Technology,10.399999618530273,10.680000305175781,10.899999618530273,-0.04807692484037417,-0.02059918605506737,15:30:00
2024-03-12,IONQ,Technology,10.010000228881836,10.100000381469727,9.86989974975586,0.013996051540712746,0.022782239903280432,14:30:00
2024-03-18,IONQ,Technology,9.390000343322754,9.350000381469727,9.539999961853027,-0.015974399685399206,-0.020320809907115184,14:30:00
2024-03-21,IONQ,Technology,9.739999771118164,9.60260009765625,9.420000076293945,0.03285417888541515,0.01901568528370485,14:30:00
2024-03-27,IONQ,Technology,9.229999542236328,9.359999656677246,9.5600004196167,-0.035753076245593776,-0.021367603661905734,14:30:00
2024-04-04,IONQ,Technology,9.470000267028809,9.614999771118164,9.119999885559082,0.03695885655761849,0.051482048605552555,14:30:00
2024-04-05,IONQ,Technology,9.220000267028809,9.229999542236328,9.210000038146973,0.0010846234915629304,0.002166793616601828,14:30:00
2024-04-08,IONQ,Technology,9.270000457763672,8.845000267028809,8.380000114440918,0.09600866228408589,0.052572090282603505,14:30:00
2024-04-24,IONQ,Technology,8.15999984741211,8.1850004196167,8.199999809265137,-0.004901956201103738,-0.0018325459840526088,14:30:00
2024-05-23,IONQ,Technology,8.6899995803833,8.430000305175781,8.319999694824219,0.04257766437576306,0.013048707754378757,14:30:00
2024-06-03,IONQ,Technology,8.289999961853027,8.109999656677246,7.78000020980835,0.06151987387110672,0.04069043906767572,14:30:00
2024-06-05,IONQ,Technology,7.880000114440918,7.789999961853027,7.934999942779541,-0.006979673545667868,-0.01861360483139491,14:30:00
2024-06-13,IONQ,Technology,8.0,7.755000114440918,7.710000038146973,0.03624999523162842,0.005802717682769435,14:30:00
2024-06-25,IONQ,Technology,6.829999923706055,6.795000076293945,6.579999923706055,0.03660322149232858,0.03164093453625885,14:30:00
2024-06-28,IONQ,Technology,7.179999828338623,7.005000114440918,7.03000020980835,0.020891312272493714,-0.0035688929277664892,14:30:00
2024-07-18,IONQ,Technology,8.630000114440918,8.781700134277344,8.210000038146973,0.04866744736088041,0.06510130013422702,14:30:00
2024-07-26,IONQ,Technology,8.119999885559082,7.909999847412109,8.210000038146973,-0.011083762790188006,-0.03792669993957249,14:30:00
2024-07-29,IONQ,Technology,8.34000015258789,8.1899995803833,7.889999866485596,0.05395686785001562,0.036630003573658886,14:30:00
2024-07-30,IONQ,Technology,7.940000057220459,7.860000133514404,7.804999828338623,0.01700254759558468,0.006997494178309794,14:30:00
2024-08-09,IONQ,Technology,7.199999809265137,7.135000228881836,7.119999885559082,0.01111110080907347,0.0021023605944725655,14:30:00
2024-08-14,IONQ,Technology,7.380000114440918,7.100100040435791,7.309999942779541,0.009485117964212919,-0.029562949979345183,14:30:00
2024-08-30,IONQ,Technology,7.440000057220459,7.46999979019165,7.420000076293945,0.002688169458695616,0.006693402316203048,14:30:00
2024-09-09,IONQ,Technology,6.949999809265137,6.960000038146973,6.610000133514404,0.04892081799735798,0.05028734234400266,14:30:00
2024-09-10,IONQ,Technology,6.699999809265137,6.658699989318848,6.900000095367432,-0.029850789820280783,-0.03623832075865424,14:30:00
2024-09-19,IONQ,Technology,8.130000114440918,7.864999771118164,7.718599796295166,0.050602744447075944,0.018614110500118224,14:30:00
2024-09-26,IONQ,Technology,7.789999961853027,7.789999961853027,8.050000190734863,-0.03337615277985047,-0.03337615277985047,14:30:00
2024-10-24,IONQ,Technology,15.289999961853027,15.625,15.6899995803833,-0.026160864586542265,-0.00415997314453125,14:30:00
2024-10-28,IONQ,Technology,17.520000457763672,17.31999969482422,17.790000915527344,-0.015410984629513867,-0.027136329618041317,14:30:00
2024-11-06,IONQ,Technology,16.729999542236328,16.369800567626953,16.440000534057617,0.017334071495135633,-0.004288382509038752,15:30:00
2024-11-14,IONQ,Technology,27.899999618530273,26.1200008392334,26.18000030517578,0.06164872175167072,-0.002297069832105861,15:30:00
2024-11-25,IONQ,Technology,34.709999084472656,33.280025482177734,30.850000381469727,0.11120711048159262,0.07301752524226117,15:30:00
2024-12-19,IONQ,Technology,40.0,37.168800354003906,37.760101318359375,0.055997467041015624,-0.015908529700280533,15:30:00
2024-12-23,IONQ,Technology,45.33000183105469,41.57120132446289,41.33000183105469,0.08824177891957814,0.005802081386237627,15:30:00
2024-12-24,IONQ,Technology,41.9900016784668,43.79999923706055,44.56999969482422,-0.06144315106518535,-0.01757991943324397,15:30:00
2025-01-06,IONQ,Technology,48.29999923706055,50.369998931884766,51.029998779296875,-0.05652173054573471,-0.013103034770848926,15:30:00
2025-01-10,IONQ,Technology,30.989500045776367,32.72159957885742,32.33000183105469,-0.04325664445370814,0.011967561269705149,15:30:00
2025-01-14,IONQ,Technology,28.860000610351562,28.28499984741211,29.5,-0.02217600055832574,-0.04295563581907019,15:30:00
2025-01-15,IONQ,Technology,32.650001525878906,37.65679931640625,39.40999984741211,-0.20704434932951296,-0.04655734323766672,15:30:00
2025-01-21,IONQ,Technology,39.189998626708984,42.439998626708984,45.31999969482422,-0.15641748616795006,-0.06786053631733033,15:30:00
2025-01-24,IONQ,Technology,41.689998626708984,43.665000915527344,40.77000045776367,0.022067598926614244,0.06630024956060873,15:30:00
2025-01-28,IONQ,Technology,40.0099983215332,38.779998779296875,38.83000183105469,0.029492540364428027,-0.0012894031287207562,15:30:00
2025-01-29,IONQ,Technology,39.2599983215332,39.099998474121094,39.54999923706055,-0.007386676717413025,-0.01150897136830562,15:30:00
2025-01-30,IONQ,Technology,40.45000076293945,39.97999954223633,38.81999969482422,0.04029668819212116,0.029014503769231995,15:30:00
2025-02-04,IONQ,Technology,41.88999938964844,42.849998474121094,41.86000061035156,0.0007161322447831806,0.02310380161080828,15:30:00
2025-02-06,IONQ,Technology,42.66999816894531,42.23500061035156,41.27000045776367,0.03280988449164128,0.022848351808745435,15:30:00
2025-02-07,IONQ,Technology,41.5890007019043,42.79999923706055,40.540000915527344,0.025223010139046716,0.052803700042505355,15:30:00
2025-02-12,IONQ,Technology,38.0,38.058998107910156,38.0099983215332,-0.00026311372455797697,0.0012874691613799746,15:30:00
2025-02-13,IONQ,Technology,38.58000183105469,37.814998626708984,38.630001068115234,-0.0012959884574266754,-0.02155235940774591,15:30:00
2025-02-20,IONQ,Technology,35.63999938964844,33.20000076293945,33.7400016784668,0.05331082333669991,-0.016265087443315267,15:30:00
2025-02-21,IONQ,Technology,34.810001373291016,33.27000045776367,31.739999771118164,0.08819309052163381,0.04598739602026296,15:30:00
2025-02-26,IONQ,Technology,30.780000686645508,29.975000381469727,29.93000030517578,0.02761534641025903,0.001501253568682653,15:30:00
2025-03-03,IONQ,Technology,25.31999969482422,24.899999618530273,23.149999618530273,0.08570300562592524,0.07028112557470369,15:30:00
2025-03-05,IONQ,Technology,22.90999984741211,21.889999389648438,22.610000610351562,0.01309468524917666,-0.032891788066636785,15:30:00
2025-03-12,IONQ,Technology,20.270000457763672,20.349899291992188,21.799999237060547,-0.07548094448665223,-0.07125833520163821,14:30:00
2025-03-19,IONQ,Technology,23.59000015258789,22.479999542236328,23.280000686645508,0.013141138784959904,-0.03558724024464971,14:30:00
2025-04-01,IONQ,Technology,24.309999465942383,22.739999771118164,23.190000534057617,0.046071532558190804,-0.019788951955531434,14:30:00
2025-04-08,IONQ,Technology,24.049999237060547,24.459999084472656,21.25,0.1164240883943899,0.13123463632958113,14:30:00
2025-04-11,IONQ,Technology,26.239999771118164,25.780000686645508,26.06999969482422,0.006478661500639987,-0.011248991483888342,14:30:00
2025-04-14,IONQ,Technology,27.700000762939453,26.545000076293945,25.350000381469727,0.08483755656114829,0.04501788251609067,14:30:00
2025-04-15,IONQ,Technology,25.59000015258789,25.389999389648438,25.424999237060547,0.006447866922371134,-0.0013784894940320044,14:30:00
2025-04-17,IONQ,Technology,24.93000030517578,24.645000457763672,25.709999084472656,-0.0312875559465973,-0.0432135770715106,14:30:00
2025-04-22,IONQ,Technology,24.489999771118164,24.562400817871094,25.540000915527344,-0.042874689841666695,-0.03980067359478021,14:30:00
2025-04-23,IONQ,Technology,27.09000015258789,27.399999618530273,26.795000076293945,0.010889629923673667,0.022080275571506745,14:30:00
2025-05-01,IONQ,Technology,28.334999084472656,27.829999923706055,27.350000381469727,0.03476261636947434,0.01724755815854159,14:30:00
2025-05-27,IONQ,Technology,46.54999923706055,45.58000183105469,48.040000915527344,-0.03200862949274851,-0.05397101767548862,14:30:00
2025-05-29,IONQ,Technology,48.0,45.43000030517578,43.16299819946289,0.10077087084452312,0.04990099252661933,14:30:00
2025-06-06,IONQ,Technology,37.36000061035156,38.349998474121094,39.0,-0.043897199219906674,-0.016949193004988847,14:30:00
2025-07-25,IONQ,Technology,44.2400016784668,43.185001373291016,43.150001525878906,0.024638338861511233,0.0008104630380712693,14:30:00
2025-07-28,IONQ,Technology,43.91999816894531,42.525001525878906,42.34000015258789,0.03597445542414884,0.004350414265792128,14:30:00
2025-07-29,IONQ,Technology,43.0099983215332,41.79999923706055,40.53499984741211,0.057544723801627576,0.03026314384539196,14:30:00
2025-07-30,IONQ,Technology,40.974998474121094,41.27000045776367,39.88999938964844,0.02647953935026789,0.03343835843974724,14:30:00
2025-07-31,IONQ,Technology,41.25,41.970001220703125,39.86000061035156,0.033696954900568184,0.0502740183221804,14:30:00
2025-08-04,IONQ,Technology,38.9900016784668,39.869998931884766,39.8849983215332,-0.02295451665909239,-0.0003762074253892747,14:30:00
2025-08-20,IONQ,Technology,37.380001068115234,35.22159957885742,36.810001373291016,0.015248787547799798,-0.04509737812666147,14:30:00
2025-08-21,IONQ,Technology,37.25,37.310001373291016,37.18000030517578,0.0018791864382340605,0.0034843490573628817,14:30:00
2025-09-15,IONQ,Technology,56.880001068115234,57.58000183105469,59.125,-0.039469038145697695,-0.026832200760925417,14:30:00
2025-09-17,IONQ,Technology,63.5099983215332,61.86000061035156,65.41000366210938,-0.029916633455995083,-0.05738769829827257,14:30:00
2025-09-18,IONQ,Technology,68.56999969482422,68.20999908447266,66.80000305175781,0.02581298893020133,0.020671397912917076,14:30:00
2025-09-23,IONQ,Technology,74.97100067138672,73.0,75.0999984741211,-0.0017206360003089573,-0.028767102385220462,14:30:00
2025-10-07,IONQ,Technology,80.95999908447266,81.62999725341797,79.22000122070312,0.02149206871845489,0.029523411904977537,14:30:00
2025-10-09,IONQ,Technology,74.87000274658203,75.3550033569336,77.5199966430664,-0.035394601299187915,-0.028730584429515607,14:30:00
2025-10-20,IONQ,Technology,65.30999755859375,62.470001220703125,59.959999084472656,0.08191699087603349,0.04017931946827994,14:30:00
2025-10-23,IONQ,Technology,61.099998474121094,61.27000045776367,59.369998931884766,0.028314232167600945,0.031010307029272308,14:30:00
2025-10-24,IONQ,Technology,62.0099983215332,62.209999084472656,60.31999969482422,0.027253647354512602,0.030380958326041402,14:30:00
2025-10-27,IONQ,Technology,63.0,64.15499877929688,62.810001373291016,0.0030158512176029265,0.020964810717756518,14:30:00
2025-10-29,IONQ,Technology,58.849998474121094,59.47999954223633,61.130001068115234,-0.03874261092796386,-0.027740442814012663,14:30:00
2025-10-31,IONQ,Technology,61.0,61.53350067138672,62.375,-0.022540983606557378,-0.013675466525254611,14:30:00
2025-11-05,IONQ,Technology,55.0,54.20000076293945,55.38999938964844,-0.007090897993607954,-0.02195569391066641,15:30:00
2025-11-06,IONQ,Technology,57.279998779296875,56.029998779296875,57.459999084472656,-0.003142463495317672,-0.025522047766029354,15:30:00
2025-11-12,IONQ,Technology,54.7599983215332,54.025001525878906,50.72999954223633,0.07359384409827792,0.06099031727123997,15:30:00
2025-11-20,IONQ,Technology,48.56999969482422,47.910400390625,40.994998931884766,0.15596048611354368,0.14434029777161755,15:30:00
2025-11-21,IONQ,Technology,42.560001373291016,38.88999938964844,41.720001220703125,0.019736845053652693,-0.07276939767214202,15:30:00
2025-11-24,IONQ,Technology,42.75,43.310001373291016,46.779998779296875,-0.09426897729349415,-0.08012000221606512,15:30:00
2025-11-26,IONQ,Technology,47.400001525878906,46.779998779296875,46.94499969482422,0.009599194438976354,-0.003527168016951021,15:30:00
2025-11-28,IONQ,Technology,47.70000076293945,48.849998474121094,49.46879959106445,-0.03708173584557402,-0.012667372288070328,15:30:00
2025-12-15,IONQ,Technology,50.779998779296875,47.54999923706055,46.08000183105469,0.09255606658577525,0.030914772441471273,15:30:00
2025-12-16,IONQ,Technology,46.939998626708984,47.904998779296875,49.64500045776367,-0.05762679825720179,-0.03632192303110493,15:30:00
2025-12-19,IONQ,Technology,47.13999938964844,47.8849983215332,48.47999954223633,-0.028425968814970833,-0.012425628935138992,15:30:00
2025-12-22,IONQ,Technology,49.880001068115234,52.97999954223633,53.849998474121094,-0.07959096473523532,-0.01642127103438707,15:30:00
2026-01-02,IONQ,Technology,46.0099983215332,44.185001373291016,46.790000915527344,-0.01695289333729644,-0.0589566473072693,15:30:00
2024-01-18,IREN,Financial Services,4.809999942779541,4.804999828338623,4.340000152587891,0.09771305525630691,0.09677412952406092,15:30:00
2024-01-24,IREN,Financial Services,4.25,4.300000190734863,3.994999885559082,0.06000002692727482,0.07093030038300002,15:30:00
2024-01-26,IREN,Financial Services,4.300000190734863,4.260000228881836,4.263199806213379,0.008558228578867864,-0.0007510744506187018,15:30:00
2024-02-01,IREN,Financial Services,3.950000047683716,3.805000066757202,3.744999885559082,0.05189877459491326,0.015768772705766352,15:30:00
2024-02-07,IREN,Financial Services,3.869999885559082,3.8499999046325684,4.119999885559082,-0.0645994851144249,-0.07012986691288804,15:30:00
2024-02-14,IREN,Financial Services,8.15999984741211,8.170000076293945,8.28499984741211,-0.015318627737431017,-0.014075859246543601,15:30:00
2024-02-15,IREN,Financial Services,8.449999809265137,7.824999809265137,7.730000019073486,0.0852070776856344,0.012140548563230193,15:30:00
2024-02-20,IREN,Financial Services,7.25,6.5,6.855000019073486,0.054482755989863955,-0.05461538754976713,15:30:00
2024-02-22,IREN,Financial Services,6.760000228881836,6.784999847412109,6.614999771118164,0.02144977113227942,0.025055280783651844,15:30:00
2024-02-27,IREN,Financial Services,7.099999904632568,6.969299793243408,6.760000228881836,0.047887278917974535,0.030031648884509727,15:30:00
2024-02-28,IREN,Financial Services,6.989999771118164,6.400000095367432,6.050000190734863,0.13447776983731324,0.05468748428393179,15:30:00
2024-02-29,IREN,Financial Services,6.229499816894531,5.900000095367432,5.894999980926514,0.05369609853119301,0.0008474770101858073,15:30:00
2024-03-01,IREN,Financial Services,5.809999942779541,5.820000171661377,5.974999904632568,-0.0283993052457915,-0.026632255738739126,15:30:00
2024-03-04,IREN,Financial Services,6.090000152587891,5.760300159454346,5.699999809265137,0.06403946363729182,0.01046826528479395,15:30:00
2024-03-11,IREN,Financial Services,5.699999809265137,5.599999904632568,5.079999923706055,0.10877191338696106,0.09285714103251085,14:30:00
2024-03-12,IREN,Financial Services,5.130000114440918,4.949999809265137,4.920000076293945,0.040935679037476795,0.006060552348919198,14:30:00
2024-03-18,IREN,Financial Services,4.650000095367432,4.579999923706055,4.619999885559082,0.006451657890983132,-0.008733616270600302,14:30:00
2024-03-21,IREN,Financial Services,5.699999809265137,5.900000095367432,5.639999866485596,0.010526306103030627,0.044067834691389786,14:30:00
2024-03-25,IREN,Financial Services,5.150000095367432,5.605000019073486,5.570000171661377,-0.08155341136240891,0.006244397376094014,14:30:00
2024-03-27,IREN,Financial Services,5.920000076293945,5.454999923706055,5.367499828338623,0.09332774338428725,0.016040347679415774,14:30:00
2024-04-04,IREN,Financial Services,5.820000171661377,6.09499979019165,5.75,0.012027520549263954,0.05660374111035076,14:30:00
2024-04-08,IREN,Financial Services,6.1479997634887695,5.465000152587891,5.409999847412109,0.12003902805257619,0.010064099476691957,14:30:00
2024-04-18,IREN,Financial Services,4.550000190734863,4.74429988861084,4.684999942779541,-0.029670273930883978,0.012499198453633634,14:30:00
2024-05-03,IREN,Financial Services,4.75,4.809999942779541,4.724999904632568,0.005263177972090871,0.017671525812504255,14:30:00
2024-05-10,IREN,Financial Services,5.130099773406982,5.007999897003174,4.789999961853027,0.06629497019082131,0.043530339383712716,14:30:00
2024-05-13,IREN,Financial Services,4.929999828338623,5.034999847412109,4.84499979019165,0.017241387648408317,0.03773586156474568,14:30:00
2024-05-15,IREN,Financial Services,5.079999923706055,4.855000019073486,5.199999809265137,-0.023622025071121953,-0.0710607186068537,14:30:00
2024-05-30,IREN,Financial Services,7.769999980926514,7.565000057220459,7.400000095367432,0.04761903300738005,0.02181096637210758,14:30:00
2024-05-31,IREN,Financial Services,7.534999847412109,7.525000095367432,7.800000190734863,-0.035169256627625295,-0.03654486270860358,14:30:00
2024-06-03,IREN,Financial Services,8.199999809265137,8.800000190734863,7.989999771118164,0.025609761345322803,0.09204550023413788,14:30:00
2024-06-04,IREN,Financial Services,8.234999656677246,8.289999961853027,8.890000343322754,-0.07953864164577211,-0.07237640340538809,14:30:00
2024-06-12,IREN,Financial Services,13.010000228881836,12.727999687194824,13.550000190734863,-0.04150652977347707,-0.06458206503312722,14:30:00
2024-06-13,IREN,Financial Services,13.600000381469727,13.850000381469727,13.699000358581543,-0.007279409877569258,0.010902528428101015,14:30:00
2024-06-20,IREN,Financial Services,14.039999961853027,13.779999732971191,13.890000343322754,0.010683733542580166,-0.007982627901535132,14:30:00
2024-07-08,IREN,Financial Services,15.418000221252441,14.960000038146973,14.640000343322754,0.050460492071940616,0.02139035387755625,14:30:00
2024-07-09,IREN,Financial Services,14.770000457763672,13.619999885559082,12.819999694824219,0.1320244212933967,0.05873716574572676,14:30:00
2024-07-10,IREN,Financial Services,13.5600004196167,12.899999618530273,12.895000457763672,0.0490412936043128,0.00038753185383203355,14:30:00
2024-07-11,IREN,Financial Services,13.210000038146973,12.8100004196167,11.1899995803833,0.1529144929546137,0.12646376160554976,14:30:00
2024-07-15,IREN,Financial Services,12.949999809265137,12.220000267028809,12.0,0.07335905971098586,0.0180032947808028,14:30:00
2024-07-18,IREN,Financial Services,11.539999961853027,11.154999732971191,10.25,0.11178509238451388,0.08112951632766557,14:30:00
2024-07-22,IREN,Financial Services,11.569999694824219,10.948699951171875,11.569999694824219,0.0,-0.05674643988995643,14:30:00
2024-07-24,IREN,Financial Services,11.239999771118164,11.039899826049805,10.208999633789062,0.09172599273340883,0.07526338149374742,14:30:00
2024-07-26,IREN,Financial Services,9.899999618530273,9.8149995803833,9.550000190734863,0.03535347891734263,0.026999429544355476,14:30:00
2024-07-29,IREN,Financial Services,9.819999694824219,9.520299911499023,9.729999542236328,0.00916498527340348,-0.022026578226177575,14:30:00
2024-08-06,IREN,Financial Services,8.649999618530273,8.255000114440918,7.914999961853027,0.08497106232267446,0.04118717721070772,14:30:00
2024-08-14,IREN,Financial Services,7.400000095367432,7.558800220489502,7.260000228881836,0.018918900632614696,0.039530081876977555,14:30:00
2024-08-19,IREN,Financial Services,8.0600004196167,7.920000076293945,8.125,-0.008064463647557961,-0.025883828501423647,14:30:00
2024-08-20,IREN,Financial Services,8.359999656677246,7.985000133514404,8.130000114440918,0.027511908095908155,-0.018159045523108267,14:30:00
2024-08-29,IREN,Financial Services,8.288000106811523,8.720000267028809,8.529999732971191,-0.029198796216324815,0.02178905140359091,14:30:00
2024-09-06,IREN,Financial Services,6.889999866485596,6.710000038146973,6.434999942779541,0.06603772605559395,0.04098362053711335,14:30:00
2024-09-19,IREN,Financial Services,8.199999809265137,7.934999942779541,7.800000190734863,0.04878044241882981,0.01701320138855462,14:30:00
2024-09-26,IREN,Financial Services,9.100000381469727,9.100000381469727,9.130000114440918,-0.003296673814682434,-0.003296673814682434,14:30:00
2024-10-07,IREN,Financial Services,8.699999809265137,8.845000267028809,8.350000381469727,0.040229820168809126,0.055963806739981165,14:30:00
2024-10-14,IREN,Financial Services,8.118000030517578,8.209699630737305,8.539999961853027,-0.051983238451471625,-0.04023293737557347,14:30:00
2024-10-18,IREN,Financial Services,9.220000267028809,9.398799896240234,9.479999542236328,-0.028199486732911516,-0.008639363205144492,14:30:00
2024-10-24,IREN,Financial Services,8.829999923706055,9.09000015258789,9.25,-0.047565127964085685,-0.017601743094202038,14:30:00
2024-10-25,IREN,Financial Services,9.350000381469727,9.552499771118164,9.25,0.010695227528323106,0.031667079651000615,14:30:00
2024-10-29,IREN,Financial Services,11.329899787902832,10.53849983215332,10.5600004196167,0.06795288420010301,-0.00204019431663128,14:30:00
2024-11-01,IREN,Financial Services,9.26200008392334,9.538399696350098,9.050000190734863,0.022889213049831283,0.05120350595101631,14:30:00
2024-11-05,IREN,Financial Services,8.800000190734863,8.539999961853027,8.940099716186523,-0.015920400274441453,-0.04685008853872191,15:30:00
2024-11-15,IREN,Financial Services,10.699999809265137,10.170000076293945,10.65999984741211,0.0037383142585097387,-0.048180901420083876,15:30:00
2024-12-05,IREN,Financial Services,15.010000228881836,14.739999771118164,14.15999984741211,0.056628938608153975,0.03934870642552638,15:30:00
2024-12-12,IREN,Financial Services,14.130000114440918,14.1899995803833,13.420000076293945,0.05024770222198015,0.05426353254821986,15:30:00
2024-12-17,IREN,Financial Services,14.09000015258789,13.53499984741211,13.725000381469727,0.025904880565322426,-0.014037719704440578,15:30:00
2024-12-19,IREN,Financial Services,12.65999984741211,11.53499984741211,11.420000076293945,0.09794627062113577,0.009969637853438238,15:30:00
2024-12-24,IREN,Financial Services,11.899999618530273,11.699999809265137,11.824999809265137,0.0063025051822984575,-0.010683760857928689,15:30:00
2024-12-31,IREN,Financial Services,10.258199691772461,10.079999923706055,9.819999694824219,0.04271704686151687,0.025793673695410423,15:30:00
2025-01-02,IREN,Financial Services,10.3100004196167,10.539999961853027,10.454999923706055,-0.014063966846545114,0.008064519777477198,15:30:00
2025-01-06,IREN,Financial Services,11.710000038146973,11.479999542236328,11.760000228881836,-0.004269871099229772,-0.024390304687326066,15:30:00
2025-01-14,IREN,Financial Services,11.283499717712402,11.179800033569336,10.970000267028809,0.027783884302445137,0.01876596771950896,15:30:00
2025-01-15,IREN,Financial Services,11.65999984741211,11.84000015258789,11.529999732971191,0.011149238091094056,0.02618246753560572,15:30:00
2025-01-17,IREN,Financial Services,12.020000457763672,12.1899995803833,11.979999542236328,0.0033278630618942544,0.017227239161264143,15:30:00
2025-01-28,IREN,Financial Services,10.359999656677246,9.899999618530273,10.069999694824219,0.027992275237781115,-0.017171725539842298,15:30:00
2025-01-30,IREN,Financial Services,10.25,10.279999732971191,10.295000076293945,-0.004390251345750763,-0.001459177403929602,15:30:00
2025-01-31,IREN,Financial Services,10.609999656677246,10.734999656677246,10.210000038146973,0.03770024801824943,0.04890541549330371,15:30:00
2025-02-05,IREN,Financial Services,10.75,11.074999809265137,11.0600004196167,-0.028837248336437138,0.0013543467184432177,15:30:00
2025-02-06,IREN,Financial Services,11.220000267028809,11.819999694824219,11.600000381469727,-0.03386810208530829,0.018612463539303323,15:30:00
2025-02-19,IREN,Financial Services,13.145899772644043,13.125,13.0,0.01109850030559742,0.009523809523809525,15:30:00
2025-02-20,IREN,Financial Services,13.300000190734863,12.33650016784668,12.369999885559082,0.0699248339728329,-0.0027154960691132286,15:30:00
2025-02-21,IREN,Financial Services,12.571999549865723,12.3149995803833,10.880000114440918,0.13458475151177335,0.11652452414437832,15:30:00
2025-02-24,IREN,Financial Services,10.96500015258789,10.229999542236328,10.154999732971191,0.07387144626947661,0.007331359982518767,15:30:00
2025-02-27,IREN,Financial Services,8.779999732971191,8.359999656677246,7.860000133514404,0.10478355665569651,0.05980855785843069,15:30:00
2025-03-03,IREN,Financial Services,8.90999984741211,8.300000190734863,7.559999942779541,0.15151514340650332,0.08915665433133012,15:30:00
2025-03-12,IREN,Financial Services,7.329999923706055,6.900000095367432,7.03000020980835,0.04092765580085094,-0.018840596035382424,14:30:00
2025-03-13,IREN,Financial Services,7.150000095367432,7.130000114440918,6.744999885559082,0.056643385231666496,0.05399722618546197,14:30:00
2025-04-08,IREN,Financial Services,6.199999809265137,5.869999885559082,5.289999961853027,0.14677417345275182,0.09880748467013184,14:30:00
2025-04-14,IREN,Financial Services,5.909800052642822,5.755000114440918,5.755000114440918,0.026193769133133163,0.0,14:30:00
2025-04-23,IREN,Financial Services,6.46999979019165,6.340000152587891,6.09499979019165,0.05795981640810718,0.038643589353264424,14:30:00
2025-05-01,IREN,Financial Services,6.400000095367432,6.429999828338623,6.355000019073486,0.0070312618161549895,0.01166404529819639,14:30:00
2025-05-08,IREN,Financial Services,6.869999885559082,6.929999828338623,6.882500171661377,-0.0018195467700910517,0.006854207482517863,14:30:00
2025-05-12,IREN,Financial Services,7.429999828338623,7.494999885559082,7.514999866485596,-0.011440113070093972,-0.0026684431263365913,14:30:00
2025-05-22,IREN,Financial Services,9.350000381469727,9.390000343322754,9.27910041809082,0.007582883474466927,0.011810428240377513,14:30:00
2025-05-29,IREN,Financial Services,9.020000457763672,8.729999542236328,8.604999542236328,0.04600896834435803,0.014318442904291294,14:30:00
2025-06-09,IREN,Financial Services,10.1899995803833,9.979999542236328,10.359999656677246,-0.016683030745282004,-0.038076165518116566,14:30:00
2025-06-10,IREN,Financial Services,10.570099830627441,10.336799621582031,10.489999771118164,0.007577985146098909,-0.014820849309709824,14:30:00
2025-06-20,IREN,Financial Services,10.244999885559082,10.59000015258789,10.470000267028809,-0.02196197013011953,0.011331433789427994,14:30:00
2025-07-08,IREN,Financial Services,17.459999084472656,17.475000381469727,16.885000228881836,0.03293235313523998,0.03376252587745403,14:30:00
2025-07-09,IREN,Financial Services,17.3700008392334,16.665000915527344,16.969999313354492,0.02302829628974041,-0.018301733037588443,14:30:00
2025-07-11,IREN,Financial Services,17.59000015258789,17.190000534057617,16.219999313354492,0.07788520905907098,0.05642822516388607,14:30:00
2025-07-21,IREN,Financial Services,18.510000228881836,21.201200485229492,18.149999618530273,0.019448979249056964,0.1439164196775054,14:30:00
2025-07-24,IREN,Financial Services,19.114999771118164,18.510000228881836,18.1299991607666,0.051530244423013315,0.020529500994943516,14:30:00
2025-07-28,IREN,Financial Services,17.770000457763672,16.769899368286133,16.59000015258789,0.06640406723570128,0.010727507169092078,14:30:00
2025-07-31,IREN,Financial Services,16.75,16.315000534057617,16.09000015258789,0.039402975964902054,0.01379101281670433,14:30:00
2025-08-07,IREN,Financial Services,18.739999771118164,18.46500015258789,18.56999969482422,0.009071508984538365,-0.005686408955789384,14:30:00
2025-08-08,IREN,Financial Services,18.815000534057617,18.3700008392334,18.450000762939453,0.019399402644579608,-0.004354922158478964,14:30:00
2025-08-11,IREN,Financial Services,19.059999465942383,18.770000457763672,17.96500015258789,0.05745012298196055,0.04288760178707486,14:30:00
2025-08-13,IREN,Financial Services,17.875,18.225000381469727,17.735000610351562,0.007832133686625874,0.02688613228323284,14:30:00
2025-08-19,IREN,Financial Services,20.850000381469727,19.43000030517578,18.71579933166504,0.10235976070779557,0.03675764087973239,14:30:00
2025-08-29,IREN,Financial Services,27.5,26.599700927734375,26.5,0.03636363636363636,0.0037481973201593816,14:30:00
2025-09-03,IREN,Financial Services,30.0049991607666,28.979999542236328,28.204999923706055,0.05998997791721846,0.026742568349622145,14:30:00
2025-09-05,IREN,Financial Services,27.155000686645508,25.559999465942383,26.139999389648438,0.03737806191609619,-0.022691703279527842,14:30:00
2025-09-16,IREN,Financial Services,37.46500015258789,36.47999954223633,36.45000076293945,0.02709193608740254,0.0008223349691148595,14:30:00
2025-09-18,IREN,Financial Services,38.224998474121094,37.40999984741211,36.310699462890625,0.05007976684489545,0.029385201523798726,14:30:00
2025-09-22,IREN,Financial Services,41.20000076293945,42.209999084472656,41.900001525878906,-0.01699030946545815,0.007344173544599424,14:30:00
2025-09-23,IREN,Financial Services,43.005001068115234,43.08000183105469,41.77000045776367,0.02871760445710619,0.03040857283220185,14:30:00
2025-09-24,IREN,Financial Services,43.3849983215332,48.35499954223633,47.1150016784668,-0.08597449582203366,0.025643633037085202,14:30:00
2025-10-07,IREN,Financial Services,60.224998474121094,58.880001068115234,61.61000061035156,-0.022997130283458775,-0.04636548051482085,14:30:00
2025-10-10,IREN,Financial Services,67.76000213623047,67.07499694824219,59.75,0.11821136192006723,0.10920607203149714,14:30:00
2025-10-15,IREN,Financial Services,71.38500213623047,73.08000183105469,67.94999694824219,0.04811942404138266,0.07019710939077387,14:30:00
2025-10-16,IREN,Financial Services,68.8550033569336,66.19999694824219,61.82500076293945,0.10209864572297969,0.06608755871579997,14:30:00
2025-10-20,IREN,Financial Services,63.61000061035156,61.400001525878906,59.20000076293945,0.06932871883504509,0.035830630427789084,14:30:00
2025-10-27,IREN,Financial Services,64.93499755859375,65.25,65.0,-0.0010010386363315928,0.0038314176245210726,14:30:00
2025-10-31,IREN,Financial Services,61.75,61.61000061035156,60.7599983215332,0.016032415845616144,0.013796498626808065,14:30:00
2025-11-03,IREN,Financial Services,73.08799743652344,69.41999816894531,67.72000122070312,0.07344566008231913,0.02448857667937353,15:30:00
2025-11-10,IREN,Financial Services,65.88999938964844,64.26000213623047,60.16999816894531,0.08681137158428565,0.06364774091688317,15:30:00
2025-11-12,IREN,Financial Services,58.310001373291016,55.650001525878906,55.70000076293945,0.04476077086060706,-0.0008984588623469443,15:30:00
2025-11-19,IREN,Financial Services,49.439998626708984,51.060001373291016,45.81999969482422,0.07322004515447403,0.1026243936062209,15:30:00
2025-11-20,IREN,Financial Services,49.084999084472656,53.14500045776367,43.43000030517578,0.11520828939132555,0.1828017700424853,15:30:00
2025-12-08,IREN,Financial Services,45.279998779296875,43.869998931884766,46.33000183105469,-0.023189113959029072,-0.05607483380588799,15:30:00
2025-12-15,IREN,Financial Services,40.349998474121094,36.060001373291016,35.47999954223633,0.12069390622178566,0.016084354103333014,15:30:00
2025-12-17,IREN,Financial Services,37.20500183105469,36.619998931884766,33.7599983215332,0.092595171078475,0.07809941818052268,15:30:00
2025-12-18,IREN,Financial Services,35.65999984741211,36.119998931884766,35.78499984741211,-0.0035053281137092155,0.009274615016030283,15:30:00
2025-12-19,IREN,Financial Services,36.900001525878906,37.97999954223633,39.95000076293945,-0.08265580246443906,-0.051869437715825945,15:30:00
2025-12-22,IREN,Financial Services,42.0620002746582,42.400001525878906,42.040000915527344,0.0005230221812373886,0.008490580127263335,15:30:00
2025-12-26,IREN,Financial Services,41.89659881591797,40.15999984741211,40.29999923706055,0.03810809526263546,-0.0034860405921405646,15:30:00
2025-12-30,IREN,Financial Services,39.209999084472656,38.7400016784668,38.290000915527344,0.023463356042505906,0.01161592006821159,15:30:00
2026-01-02,IREN,Financial Services,39.16999816894531,39.720001220703125,42.72999954223633,-0.09088592136094226,-0.07578041865628926,15:30:00
2026-01-05,IREN,Financial Services,44.40999984741211,45.54999923706055,48.2400016784668,-0.08624187895100549,-0.059056037024422185,15:30:00
2026-01-12,IREN,Financial Services,46.724998474121094,48.869998931884766,50.314998626708984,-0.07683253653986169,-0.029568236677030957,15:30:00
2024-01-24,KTOS,Industrials,18.219999313354492,17.93000030517578,17.389999389648438,0.045554333424024866,0.030117172690257224,15:30:00
2024-01-31,KTOS,Industrials,17.389999389648438,17.40250015258789,16.93000030517578,0.02645193218042751,0.02715126236283037,15:30:00
2024-02-01,KTOS,Industrials,17.079999923706055,16.8799991607666,17.239999771118164,-0.00936767260695586,-0.021327051436607604,15:30:00
2024-02-15,KTOS,Industrials,21.09000015258789,20.670000076293945,20.704999923706055,0.01825510792301221,-0.001693267889836637,15:30:00
2024-02-26,KTOS,Industrials,18.219999313354492,18.200000762939453,18.545000076293945,-0.017837583709525238,-0.01895600543363779,15:30:00
2024-03-08,KTOS,Industrials,18.780000686645508,18.729999542236328,18.489999771118164,0.015442007716941349,0.012813656005541393,15:30:00
2024-03-21,KTOS,Industrials,17.639999389648438,17.729000091552734,17.770000457763672,-0.007369675318215829,-0.0023126158271313214,14:30:00
2024-04-01,KTOS,Industrials,18.559999465942383,18.65999984741211,18.364999771118164,0.010506449376900219,0.015809221795618496,14:30:00
2024-04-04,KTOS,Industrials,18.3700008392334,18.15999984741211,17.649999618530273,0.03919440325584501,0.028083713280125027,14:30:00
2024-04-17,KTOS,Industrials,17.799999237060547,17.58009910583496,17.760000228881836,0.00224713538725501,-0.010233225760778819,14:30:00
2024-04-29,KTOS,Industrials,19.0,18.709999084472656,18.65999984741211,0.017894744873046875,0.0026723270714663484,14:30:00
2024-05-03,KTOS,Industrials,18.43000030517578,18.040000915527344,18.549999237060547,-0.0065110651056834645,-0.028270415501710906,14:30:00
2024-05-08,KTOS,Industrials,19.010000228881836,19.231199264526367,19.84000015258789,-0.04366122639204593,-0.031656938274489725,14:30:00
2024-05-15,KTOS,Industrials,20.229999542236328,20.264999389648438,20.31999969482422,-0.004448846002195289,-0.0027140541244662438,14:30:00
2024-06-12,KTOS,Industrials,20.729999542236328,20.714000701904297,20.46500015258789,0.012783376531606506,0.01202088157183054,14:30:00
2024-06-28,KTOS,Industrials,20.15999984741211,20.165000915527344,20.0,0.007936500427734288,0.00818253945132681,14:30:00
2024-07-08,KTOS,Industrials,20.850000381469727,21.1200008392334,20.774999618530273,0.0035971588281652725,0.01633528442206481,14:30:00
2024-07-22,KTOS,Industrials,21.25,21.03499984741211,21.40999984741211,-0.007529404584099265,-0.01782743060234134,14:30:00
2024-08-07,KTOS,Industrials,20.559999465942383,20.579999923706055,20.110000610351562,0.021887104439678753,0.02283767323114035,14:30:00
2024-08-09,KTOS,Industrials,19.899999618530273,20.170000076293945,19.719999313354492,0.00904524163951091,0.022310399664715156,14:30:00
2024-08-12,KTOS,Industrials,20.0,19.4606990814209,19.639999389648438,0.018000030517578126,-0.00921345669430328,14:30:00
2024-08-14,KTOS,Industrials,19.950000762939453,19.860000610351562,19.840099334716797,0.005508843309260268,0.0010020782992520428,14:30:00
2024-08-22,KTOS,Industrials,21.25,21.27389907836914,21.65999984741211,-0.019294110466452206,-0.018149036414088663,14:30:00
2024-09-10,KTOS,Industrials,21.489999771118164,21.170000076293945,21.209999084472656,0.013029348051544388,-0.0018894193686612981,14:30:00
2024-09-19,KTOS,Industrials,23.979999542236328,22.90999984741211,22.809999465942383,0.04879066299535189,0.004364922834385026,14:30:00
2024-09-26,KTOS,Industrials,23.239999771118164,23.300399780273438,23.190000534057617,0.0021514301873050844,0.004738083777827985,14:30:00
2024-10-25,KTOS,Industrials,24.170000076293945,24.40999984741211,23.950000762939453,0.009102164363262399,0.018844698375589063,14:30:00
2024-11-06,KTOS,Industrials,24.75,24.290000915527344,24.290000915527344,0.018585821594854796,0.0,15:30:00
2024-11-13,KTOS,Industrials,27.598800659179688,28.200000762939453,27.729999542236328,-0.004753789292398195,0.016666709503100525,15:30:00
2024-11-15,KTOS,Industrials,25.489999771118164,25.020000457763672,24.40999984741211,0.042369554076252494,0.024380519552000254,15:30:00
2024-11-19,KTOS,Industrials,24.639999389648438,24.739999771118164,25.049999237060547,-0.0166396046090957,-0.012530293808016955,15:30:00
2024-12-03,KTOS,Industrials,27.0,26.860000610351562,26.3700008392334,0.023333302250614873,0.018242731198201214,15:30:00
2024-12-09,KTOS,Industrials,28.299999237060547,27.559999465942383,27.239999771118164,0.03745581252716961,0.011611019630811764,15:30:00
2024-12-19,KTOS,Industrials,26.0,25.490100860595703,25.579999923706055,0.016153849088228665,-0.003526822573280733,15:30:00
2024-12-27,KTOS,Industrials,26.8700008392334,26.575000762939453,26.520000457763672,0.0130256929861604,0.0020696257233031846,15:30:00
2024-12-31,KTOS,Industrials,26.735000610351562,26.779800415039062,26.3799991607666,0.013278527827955517,0.014929209631000074,15:30:00
2025-01-07,KTOS,Industrials,29.950000762939453,29.19879913330078,28.639999389648438,0.04373961068181439,0.019137764573853355,15:30:00
2025-01-13,KTOS,Industrials,29.690000534057617,30.860000610351562,30.889999389648438,-0.04041760976778336,-0.0009720926345935431,15:30:00
2025-01-17,KTOS,Industrials,33.83000183105469,34.017799377441406,33.65999984741211,0.005025183991758541,0.0105180092944686,15:30:00
2025-02-05,KTOS,Industrials,34.599998474121094,34.40999984741211,34.290000915527344,0.008959467406497466,0.0034873273006942617,15:30:00
2025-02-21,KTOS,Industrials,27.030000686645508,25.940099716186523,25.290000915527344,0.06437290887594507,0.025061538227376993,15:30:00
2025-02-24,KTOS,Industrials,25.55500030517578,24.0939998626709,24.400999069213867,0.045157551249498065,-0.012741728575279276,15:30:00
2025-02-25,KTOS,Industrials,24.600000381469727,24.399999618530273,25.110000610351562,-0.0207317162997282,-0.029098401759075757,15:30:00
2025-03-03,KTOS,Industrials,26.735000610351562,26.645000457763672,26.020000457763672,0.02674397367737664,0.023456558050757734,15:30:00
2025-03-10,KTOS,Industrials,27.670000076293945,29.1299991607666,29.190000534057617,-0.05493315697768719,-0.0020597794376811304,14:30:00
2025-03-12,KTOS,Industrials,29.31999969482422,29.5,29.59000015258789,-0.009208746949998582,-0.0030508526300979874,14:30:00
2025-03-24,KTOS,Industrials,31.0,31.854999542236328,32.529998779296875,-0.04935479933215726,-0.021189742481884828,14:30:00
2025-04-08,KTOS,Industrials,29.679000854492188,30.739999771118164,28.940000534057617,0.024899770853395016,0.05855560346333315,14:30:00
2025-04-14,KTOS,Industrials,33.599998474121094,33.09000015258789,32.9900016784668,0.01815466736178931,0.0030220149187056775,14:30:00
2025-04-17,KTOS,Industrials,33.470001220703125,33.095001220703125,33.09000015258789,0.011353482350044906,0.00015111249224266155,14:30:00
2025-04-23,KTOS,Industrials,33.0,33.665000915527344,32.939998626708984,0.0018182234330610795,0.021535786992477574,14:30:00
2025-05-01,KTOS,Industrials,34.35499954223633,34.53499984741211,34.91999816894531,-0.01644589242431426,-0.011148062059773053,14:30:00
2025-05-08,KTOS,Industrials,36.599998474121094,33.779998779296875,34.23500061035156,0.06461743066578977,-0.013469563276998978,14:30:00
2025-05-12,KTOS,Industrials,34.43000030517578,33.209999084472656,33.93000030517578,0.014522218866342449,-0.021680254156940394,14:30:00
2025-05-29,KTOS,Industrials,37.529998779296875,36.439998626708984,36.459999084472656,0.02851051770922187,-0.000548860003222184,14:30:00
2025-06-02,KTOS,Industrials,37.45000076293945,38.025001525878906,38.060001373291016,-0.01628840047862481,-0.0009204430245266215,14:30:00
2025-06-05,KTOS,Industrials,40.67499923706055,40.43000030517578,40.36000061035156,0.0077442810723393225,0.0017313800221578901,14:30:00
2025-06-06,KTOS,Industrials,40.89500045776367,41.03499984741211,40.45000076293945,0.010881518274680401,0.01425610056410295,14:30:00
2025-06-13,KTOS,Industrials,41.650001525878906,41.88800048828125,41.775001525878906,-0.003001200370240856,0.0026976451748742885,14:30:00
2025-06-20,KTOS,Industrials,42.459999084472656,42.650001525878906,43.130001068115234,-0.015779604288488867,-0.011254385112860475,14:30:00
2025-06-30,KTOS,Industrials,46.20000076293945,45.60499954223633,46.419898986816406,-0.004759701736917509,-0.017868642753200166,14:30:00
2025-07-07,KTOS,Industrials,45.66999816894531,45.4900016784668,44.779998779296875,0.019487616057178195,0.015607889051936653,14:30:00
2025-07-21,KTOS,Industrials,60.0,59.89179992675781,58.77000045776367,0.020499992370605468,0.01873043505732001,14:30:00
2025-07-28,KTOS,Industrials,61.13999938964844,58.75899887084961,59.349998474121094,0.02927708428846349,-0.01005802710441821,14:30:00
2025-07-29,KTOS,Industrials,60.599998474121094,58.70000076293945,57.06999969482422,0.058250806405619665,0.027768331293520934,14:30:00
2025-08-05,KTOS,Industrials,61.16999816894531,60.08000183105469,59.400001525878906,0.02893569880740973,0.011318247078086749,14:30:00
2025-08-08,KTOS,Industrials,60.06999969482422,65.27799987792969,63.83000183105469,-0.06259367663280412,0.022182022267575086,14:30:00
2025-08-11,KTOS,Industrials,65.91999816894531,66.51000213623047,65.43000030517578,0.007433220227247633,0.016238186684200545,14:30:00
2025-08-14,KTOS,Industrials,70.19000244140625,71.2300033569336,69.12000274658203,0.015244331922020396,0.029622357306068738,14:30:00
2025-09-05,KTOS,Industrials,64.51000213623047,62.150001525878906,64.83000183105469,-0.004960466349829784,-0.0431214841412328,14:30:00
2025-09-10,KTOS,Industrials,65.3499984741211,66.0199966430664,65.66999816894531,-0.004896705467421551,0.005301400968154268,14:30:00
2025-09-11,KTOS,Industrials,65.91000366210938,67.69499969482422,67.69000244140625,-0.02700650402664396,7.382012616141317e-05,14:30:00
2025-09-24,KTOS,Industrials,84.37000274658203,84.1500015258789,81.18000030517578,0.037809675685182814,0.035294131513351805,14:30:00
2025-09-26,KTOS,Industrials,85.0,85.01000213623047,86.25,-0.014705882352941176,-0.014586493737318185,14:30:00
2025-09-29,KTOS,Industrials,88.94000244140625,89.2300033569336,88.08000183105469,0.009669446669041095,0.012888058753945409,14:30:00
2025-10-02,KTOS,Industrials,94.98999786376953,93.68000030517578,95.05999755859375,-0.000736916479613035,-0.014730969779274483,14:30:00
2025-10-03,KTOS,Industrials,95.5,96.05000305175781,96.16999816894531,-0.007015687632935209,-0.0012492984213945215,14:30:00
2025-10-06,KTOS,Industrials,98.66999816894531,99.71299743652344,100.26000213623047,-0.016114360968799354,-0.005485791358897324,14:30:00
2025-10-07,KTOS,Industrials,100.98999786376953,102.69000244140625,103.66000366210938,-0.026438319188218505,-0.009445916814118265,14:30:00
2025-10-09,KTOS,Industrials,107.63999938964844,109.43000030517578,98.5199966430664,0.08472689333235993,0.09969847054449252,14:30:00
2025-10-15,KTOS,Industrials,97.94999694824219,95.86949920654297,90.55999755859375,0.075446652576757,0.05538259500563712,14:30:00
2025-10-16,KTOS,Industrials,91.62000274658203,90.79000091552734,88.62000274658203,0.032743941389064384,0.02390129030799678,14:30:00
2025-10-20,KTOS,Industrials,87.04000091552734,86.5,86.62000274658203,0.004825346559370126,-0.0013873149893876445,14:30:00
2025-10-27,KTOS,Industrials,93.06999969482422,91.58000183105469,90.68000030517578,0.025679589529227744,0.00982748971264725,14:30:00
2025-10-31,KTOS,Industrials,89.48999786376953,90.76000213623047,90.62000274658203,-0.012627164038295145,0.001542522987585422,14:30:00
2025-11-06,KTOS,Industrials,77.80999755859375,76.30999755859375,72.44999694824219,0.06888575733876984,0.0505831573037033,15:30:00
2025-11-10,KTOS,Industrials,81.55500030517578,77.80000305175781,79.16999816894531,0.029244094504394327,-0.017609191046896063,15:30:00
2025-11-20,KTOS,Industrials,74.4800033569336,72.30000305175781,67.30000305175781,0.09640171833460814,0.06915629030362035,15:30:00
2025-11-26,KTOS,Industrials,75.80000305175781,76.23999786376953,75.80000305175781,0.0,0.005771180801945055,15:30:00
2025-12-01,KTOS,Industrials,76.41000366210938,74.07499694824219,73.20999908447266,0.041879393067266076,0.011677325675408723,15:30:00
2025-12-08,KTOS,Industrials,77.58999633789062,76.6050033569336,77.04000091552734,0.007088483674727204,-0.005678448398036366,15:30:00
2025-12-22,KTOS,Industrials,77.29000091552734,80.72000122070312,81.55999755859375,-0.05524643023013053,-0.010406297388350165,15:30:00
2025-12-30,KTOS,Industrials,77.80000305175781,77.0199966430664,75.98999786376953,0.023264847262077146,0.013373134564913005,15:30:00
2025-12-31,KTOS,Industrials,76.80000305175781,76.18000030517578,75.88999938964844,0.011849005546211976,0.0038067854340457473,15:30:00
2026-01-02,KTOS,Industrials,76.55000305175781,75.5999984741211,79.29000091552734,-0.035793569621635865,-0.04880955708840904,15:30:00
2026-01-05,KTOS,Industrials,84.91300201416016,86.02999877929688,89.9010009765625,-0.058742463981788576,-0.04499595783090005,15:30:00
2026-01-08,KTOS,Industrials,103.87999725341797,107.43399810791016,104.05000305175781,-0.001636559519010288,0.03149836286231618,15:30:00
2026-01-12,KTOS,Industrials,116.83999633789062,116.9000015258789,117.9000015258789,-0.009072280222628926,-0.008554319819907133,15:30:00
2026-01-13,KTOS,Industrials,118.89530181884766,119.82499694824219,119.79000091552734,-0.007525100512742523,0.0002920595335375649,15:30:00
2024-01-18,LEU,Energy,56.470001220703125,54.673500061035156,54.869998931884766,0.028333668394392806,-0.003594042280634063,15:30:00
2024-01-22,LEU,Energy,55.0,56.06010055541992,54.0099983215332,0.018000030517578126,0.03656972095260563,15:30:00
2024-01-24,LEU,Energy,55.849998474121094,55.06999969482422,54.41999816894531,0.02560430338844848,0.011803187388432054,15:30:00
2024-01-25,LEU,Energy,54.9900016784668,53.470001220703125,52.720001220703125,0.041280239834081835,0.014026556627599373,15:30:00
2024-02-01,LEU,Energy,51.29999923706055,52.13999938964844,51.61000061035156,-0.0060429118499296585,0.010164917251650328,15:30:00
2024-02-09,LEU,Energy,52.6349983215332,48.81999969482422,45.70000076293945,0.13175639364951994,0.06390821285104474,15:30:00
2024-02-12,LEU,Energy,46.0,47.07699966430664,47.279998779296875,-0.027826060419497284,-0.004312065688930182,15:30:00
2024-02-14,LEU,Energy,46.2400016784668,44.599998474121094,44.72999954223633,0.03265575435594441,-0.0029148222547735465,15:30:00
2024-02-15,LEU,Energy,45.18000030517578,44.970001220703125,45.56999969482422,-0.008632124546571982,-0.013342193858888948,15:30:00
2024-03-04,LEU,Energy,44.040000915527344,42.5,41.380001068115234,0.06039963197353757,0.026352916044347426,15:30:00
2024-03-08,LEU,Energy,42.22999954223633,41.18000030517578,40.0,0.052806051773834246,0.02865469393955956,15:30:00
2024-03-11,LEU,Energy,40.470001220703125,40.0,39.36000061035156,0.02742773849445111,0.015999984741210938,14:30:00
2024-03-14,LEU,Energy,38.880001068115234,38.58100128173828,38.5099983215332,0.009516531286452655,0.001840360743532239,14:30:00
2024-04-02,LEU,Energy,43.900001525878906,44.20000076293945,44.790000915527344,-0.02027333391147574,-0.013348419511399428,14:30:00
2024-04-04,LEU,Energy,47.810001373291016,46.59000015258789,45.66999816894531,0.04476057609028249,0.019746769277301145,14:30:00
2024-04-11,LEU,Energy,43.63999938964844,42.599998474121094,44.16999816894531,-0.01214479346263677,-0.0368544542502266,14:30:00
2024-04-12,LEU,Energy,44.43000030517578,45.52989959716797,43.40999984741211,0.022957471320225246,0.04656060673342052,14:30:00
2024-04-15,LEU,Energy,44.4900016784668,43.09000015258789,41.88999938964844,0.05844014813954846,0.027848706398005983,14:30:00
2024-05-01,LEU,Energy,44.029998779296875,43.349998474121094,42.790000915527344,0.028162568661087142,0.012918052556058452,14:30:00
2024-05-03,LEU,Energy,46.310001373291016,45.040000915527344,45.0,0.028287655677906115,0.000888119776071177,14:30:00
2024-05-13,LEU,Energy,44.310001373291016,43.529998779296875,43.48500061035156,0.01861883857753034,0.001033727778708643,14:30:00
2024-05-15,LEU,Energy,43.66999816894531,43.72999954223633,43.06999969482422,0.013739374840362731,0.015092610434963597,14:30:00
2024-05-23,LEU,Energy,47.86000061035156,47.38999938964844,45.93000030517578,0.04032595655166675,0.030808168459094114,14:30:00
2024-05-28,LEU,Energy,50.40999984741211,49.599998474121094,50.90999984741211,-0.00991866696118763,-0.02641131882240907,14:30:00
2024-06-03,LEU,Energy,50.2599983215332,48.599998474121094,47.04999923706055,0.06386787090475043,0.03189298941821783,14:30:00
2024-06-10,LEU,Energy,44.189998626708984,44.779998779296875,44.7400016784668,-0.012446324255493049,0.0008931911996516171,14:30:00
2024-06-12,LEU,Energy,42.84000015258789,42.6150016784668,42.54499816894531,0.006886134047428512,0.0016426963924503818,14:30:00
2024-06-20,LEU,Energy,42.380001068115234,43.58000183105469,42.630001068115234,-0.005899008817819226,0.02179900695328773,14:30:00
2024-06-28,LEU,Energy,43.25,43.224998474121094,42.5,0.017341040462427744,0.016772666274474296,14:30:00
2024-07-01,LEU,Energy,43.459999084472656,42.11000061035156,41.68000030517578,0.040957174799684505,0.010211358322091255,14:30:00
2024-07-08,LEU,Energy,41.790000915527344,40.875,39.349998474121094,0.05838723110675146,0.037308905831899844,14:30:00
2024-07-24,LEU,Energy,43.86000061035156,43.39699935913086,42.540000915527344,0.030095751857164378,0.019747873269104273,14:30:00
2024-07-26,LEU,Energy,42.06999969482422,41.70000076293945,42.45000076293945,-0.009032590227519899,-0.017985611181728242,14:30:00
2024-08-01,LEU,Energy,43.91999816894531,42.369998931884766,40.84000015258789,0.07012746231249181,0.03611042761073809,14:30:00
2024-08-07,LEU,Energy,43.790000915527344,41.88999938964844,42.29999923706055,0.034026070959465596,-0.009787535292097084,14:30:00
2024-08-12,LEU,Energy,40.849998474121094,39.62699890136719,39.15999984741211,0.041370836960486455,0.011784870590817464,14:30:00
2024-08-14,LEU,Energy,37.849998474121094,37.290000915527344,36.75,0.029062048044022716,0.014481118323129096,14:30:00
2024-08-20,LEU,Energy,39.29999923706055,39.089298248291016,38.58000183105469,0.018320545037743663,0.013029049894969516,14:30:00
2024-08-26,LEU,Energy,40.18000030517578,39.54999923706055,38.689998626708984,0.0370831674253338,0.021744642906230304,14:30:00
2024-08-29,LEU,Energy,38.47999954223633,38.900001525878906,39.20000076293945,-0.018711050656662273,-0.007712062346860504,14:30:00
2024-09-10,LEU,Energy,37.08000183105469,36.2400016784668,36.43000030517578,0.017529705873275517,-0.005242787469898998,14:30:00
2024-09-16,LEU,Energy,39.75,39.448001861572266,39.7400016784668,0.00025153010146422957,-0.007402144674379031,14:30:00
2024-09-19,LEU,Energy,41.119998931884766,40.53499984741211,41.41999816894531,-0.007295701479892918,-0.02183294251547171,14:30:00
2024-09-26,LEU,Energy,56.400001525878906,56.834999084472656,54.70000076293945,0.030141856683450884,0.03756485186812444,14:30:00
2024-10-03,LEU,Energy,67.01000213623047,65.31999969482422,64.73999786376953,0.0338756036426629,0.008879391208886447,14:30:00
2024-10-07,LEU,Energy,69.5,68.4000015258789,64.61499786376953,0.07028780052130171,0.0553363096151004,14:30:00
2024-10-15,LEU,Energy,59.599998474121094,60.18000030517578,61.22999954223633,-0.027349011910176423,-0.01744764426281071,14:30:00
2024-10-17,LEU,Energy,84.0,87.01000213623047,81.55000305175781,0.02916663033621652,0.06275139582141377,14:30:00
2024-10-21,LEU,Energy,104.0,97.0,94.30999755859375,0.09317310039813702,0.027731983932023196,14:30:00
2024-10-22,LEU,Energy,95.0,87.75499725341797,93.12999725341797,0.019684239437705593,-0.061250073138036015,14:30:00
2024-10-30,LEU,Energy,105.16999816894531,102.68000030517578,103.3499984741211,0.017305312603510436,-0.0065251087549085245,14:30:00
2024-11-01,LEU,Energy,106.30000305175781,112.80000305175781,109.52999877929688,-0.03038565978183808,0.028989398794258096,14:30:00
2024-11-11,LEU,Energy,95.0,91.08000183105469,91.26000213623047,0.03936839856599507,-0.001976287895883729,15:30:00
2024-11-13,LEU,Energy,93.48999786376953,91.26000213623047,81.57499694824219,0.12744679845740803,0.1061254104895896,15:30:00
2024-11-14,LEU,Energy,82.36000061035156,81.76029968261719,79.36000061035156,0.03642544897726652,0.02935775775753358,15:30:00
2024-11-22,LEU,Energy,83.91999816894531,81.625,86.49500274658203,-0.030684039964500406,-0.059663127063792114,15:30:00
2024-11-25,LEU,Energy,88.41999816894531,85.30000305175781,82.94499969482422,0.061920364029638846,0.027608479163882788,15:30:00
2024-11-27,LEU,Energy,82.30000305175781,84.33000183105469,82.79000091552734,-0.005953801283110227,0.018261601827218688,15:30:00
2024-12-02,LEU,Energy,92.81999969482422,87.22000122070312,82.68000030517578,0.1092436912625185,0.052052291355044134,15:30:00
2024-12-06,LEU,Energy,79.7300033569336,78.40499877929688,78.2249984741211,0.01887626764638308,0.002295775881362694,15:30:00
2024-12-11,LEU,Energy,76.0,76.1050033569336,76.0,0.0,0.0013797168688256466,15:30:00
2024-12-12,LEU,Energy,75.61000061035156,75.46499633789062,74.52999877929688,0.014283848992679777,0.012389817848891779,15:30:00
2024-12-18,LEU,Energy,73.0,72.47550201416016,69.23400115966797,0.051589025210027825,0.044725469495318124,15:30:00
2024-12-19,LEU,Energy,70.0,68.375,68.56999969482422,0.020428575788225448,-0.002851915097977605,15:30:00
2024-12-27,LEU,Energy,73.3499984741211,69.33499908447266,71.0,0.03203815300623634,-0.024013859342506508,15:30:00
2024-12-31,LEU,Energy,68.79000091552734,68.45999908447266,66.30999755859375,0.03605180002801548,0.03140522282546372,15:30:00
2025-01-06,LEU,Energy,83.80000305175781,82.86000061035156,81.58000183105469,0.026491660380155053,0.01544772833536483,15:30:00
2025-01-14,LEU,Energy,72.02999877929688,71.4800033569336,69.86000061035156,0.030126311338617172,0.022663719508973557,15:30:00
2025-01-17,LEU,Energy,75.22000122070312,75.9800033569336,77.7300033569336,-0.033368812755876824,-0.023032375923688387,15:30:00
2025-01-22,LEU,Energy,94.38999938964844,92.21499633789062,90.79000091552734,0.03813961751668258,0.015452968377744854,15:30:00
2025-01-31,LEU,Energy,86.91000366210938,85.33000183105469,82.41000366210938,0.051777698888325896,0.034220064529315634,15:30:00
2025-02-06,LEU,Energy,85.23999786376953,80.93499755859375,81.91999816894531,0.038948847700937754,-0.01217026799362613,15:30:00
2025-02-25,LEU,Energy,92.3499984741211,86.01830291748047,87.63999938964844,0.05100161518456898,-0.01885292335659892,15:30:00
2025-02-26,LEU,Energy,90.36000061035156,91.7699966430664,93.44000244140625,-0.03408589874114991,-0.018197731932313624,15:30:00
2025-02-27,LEU,Energy,96.5,94.58999633789062,89.7249984741211,0.070207269698227,0.05143247755704503,15:30:00
2025-03-03,LEU,Energy,92.66000366210938,86.61000061035156,84.37000274658203,0.0894668744646003,0.025863039464080185,15:30:00
2025-03-12,LEU,Energy,77.0,75.4000015258789,74.25,0.03571428571428571,0.015252009318384442,14:30:00
2025-03-26,LEU,Energy,74.2249984741211,71.69999694824219,70.0,0.0569215030107971,0.023709860817279504,14:30:00
2025-04-01,LEU,Energy,64.66000366210938,61.45000076293945,64.72000122070312,-0.0009278929043567073,-0.05321400190666575,14:30:00
2025-04-08,LEU,Energy,63.52000045776367,59.79999923706055,55.70000076293945,0.12311082554264098,0.06856184826805406,14:30:00
2025-04-14,LEU,Energy,67.18000030517578,63.79999923706055,64.62000274658203,0.03810654282471801,-0.012852719738672904,14:30:00
2025-04-23,LEU,Energy,67.61000061035156,67.28959655761719,67.0,0.00902234292034849,0.004303734491396726,14:30:00
2025-04-28,LEU,Energy,72.0,70.6449966430664,70.26000213623047,0.024166636996799044,0.005449706633593896,14:30:00
2025-05-01,LEU,Energy,70.87999725341797,71.57060241699219,70.99220275878906,-0.0015830348436657563,0.008081525635807729,14:30:00
2025-05-09,LEU,Energy,90.83999633789062,92.19999694824219,93.7300033569336,-0.031814257326621076,-0.016594430144615924,14:30:00
2025-05-12,LEU,Energy,99.8499984741211,95.45999908447266,94.26000213623047,0.05598394014336844,0.012570678396721007,14:30:00
2025-05-20,LEU,Energy,96.4800033569336,94.1698989868164,94.93000030517578,0.01606553687631501,-0.008071595345618748,14:30:00
2025-05-28,LEU,Energy,130.5500030517578,131.02000427246094,127.7300033569336,0.021600916345487962,0.025110676295549993,14:30:00
2025-05-29,LEU,Energy,129.60000610351562,125.98500061035156,123.47000122070312,0.04729941816450434,0.019962689030155804,14:30:00
2025-06-03,LEU,Energy,135.47000122070312,134.2899932861328,130.55999755859375,0.03624421361088027,0.02777567885934382,14:30:00
2025-06-05,LEU,Energy,144.3800048828125,142.00999450683594,136.33999633789062,0.05568644045584865,0.039926754371308534,14:30:00
2025-06-09,LEU,Energy,149.33999633789062,150.11000061035156,146.47000122070312,0.01921785983370433,0.02424887998699684,14:30:00
2025-06-10,LEU,Energy,147.58999633789062,144.10000610351562,145.75,0.012466944803482217,-0.01145033883828628,14:30:00
2025-06-17,LEU,Energy,172.9600067138672,173.0,173.3000030517578,-0.001965751183469199,-0.0017341216864613439,14:30:00
2025-06-20,LEU,Energy,193.19000244140625,208.49000549316406,190.75999450683594,0.012578331714175137,0.08504010033665356,14:30:00
2025-06-24,LEU,Energy,198.10000610351562,191.50999450683594,191.5500030517578,0.0330641234222636,-0.00020891100239913012,14:30:00
2025-06-25,LEU,Energy,195.6999969482422,184.49000549316406,181.1699981689453,0.0742462902702022,0.017995594478649235,14:30:00
2025-07-08,LEU,Energy,185.5,177.5800018310547,174.19000244140625,0.06097033724309299,0.01908998397732646,14:30:00
2025-07-09,LEU,Energy,180.14999389648438,172.8000030517578,179.6699981689453,0.0026644226688948536,-0.039756915485295266,14:30:00
2025-07-24,LEU,Energy,235.0,236.52999877929688,241.60000610351562,-0.02808513235538564,-0.021434944194750997,14:30:00
2025-07-25,LEU,Energy,245.0,242.0,241.83999633789062,0.012897974131058674,0.0006611721574767562,14:30:00
2025-07-28,LEU,Energy,246.0,230.35000610351562,239.43099975585938,0.02670325302496189,-0.03942258915444915,14:30:00
2025-08-05,LEU,Energy,212.7899932861328,212.2823944091797,213.8000030517578,-0.004746509692619182,-0.007149008502574622,14:30:00
2025-08-07,LEU,Energy,235.0,231.67140197753906,233.9499969482422,0.004468098092586436,-0.009835460705348685,14:30:00
2025-08-14,LEU,Energy,188.61000061035156,189.22999572753906,188.7899932861328,-0.0009543114108413369,0.0023252256584087396,14:30:00
2025-08-19,LEU,Energy,178.7100067138672,168.86000061035156,166.86000061035156,0.06630857623148481,0.011844131190162952,14:30:00
2025-08-21,LEU,Energy,177.07000732421875,177.34500122070312,177.27999877929688,-0.0011859233432662958,0.00036653100430699743,14:30:00
2025-08-22,LEU,Energy,178.92999267578125,182.58999633789062,187.19000244140625,-0.04616336055292881,-0.025193089412210275,14:30:00
2025-08-25,LEU,Energy,192.0,187.17999267578125,185.52000427246094,0.03374997774759928,0.008868407245830042,14:30:00
2025-08-26,LEU,Energy,194.25,211.5,209.0800018310547,-0.0763449257711953,0.01144207172078162,14:30:00
2025-08-28,LEU,Energy,206.05999755859375,207.77999877929688,209.3699951171875,-0.016063270881348735,-0.007652306994089037,14:30:00
2025-08-29,LEU,Energy,208.75999450683594,198.67999267578125,201.66000366210938,0.03401030384916048,-0.014999049205679698,14:30:00
2025-09-03,LEU,Energy,207.5,208.55670166015625,200.61500549316406,0.03318069641848644,0.038079314180626066,14:30:00
2025-09-05,LEU,Energy,201.0,193.3000030517578,205.06500244140625,-0.020223892743314677,-0.0608639379405403,14:30:00
2025-09-23,LEU,Energy,310.0,307.885009765625,302.5,0.024193548387096774,0.017490327865342634,14:30:00
2025-09-26,LEU,Energy,316.1499938964844,299.92999267578125,305.3500061035156,0.03416096157352748,-0.018070928416929977,14:30:00
2025-10-08,LEU,Energy,378.8800048828125,369.03790283203125,364.3599853515625,0.03832353078579863,0.012675981097253089,14:30:00
2025-10-10,LEU,Energy,380.9800109863281,398.9800109863281,364.8598937988281,0.04231223875963006,0.0855183624441506,14:30:00
2025-10-15,LEU,Energy,430.0,452.0,435.6099853515625,-0.013046477561773255,0.03626109435495022,14:30:00
2025-10-16,LEU,Energy,454.0,441.82391357421875,414.5799865722656,0.08682822340910655,0.06166240931043815,14:30:00
2025-10-20,LEU,Energy,400.0,374.25,399.07000732421875,0.002324981689453125,-0.0663193248476119,14:30:00
2025-10-27,LEU,Energy,391.1499938964844,362.373291015625,359.989990234375,0.0796625441603757,0.006576921755381899,14:30:00
2025-10-28,LEU,Energy,374.0,378.0,362.6199951171875,0.03042782054227941,0.04068784360532408,14:30:00
2025-10-31,LEU,Energy,386.0,371.2799987792969,368.2650146484375,0.045945557905602334,0.00812051319966632,14:30:00
2025-11-05,LEU,Energy,331.0,336.0,324.6199951171875,0.01927493922299849,0.03386906215122768,15:30:00
2025-11-10,LEU,Energy,308.989990234375,289.5,290.19000244140625,0.06084335540678385,-0.0023834281223013816,15:30:00
2025-11-20,LEU,Energy,282.9599914550781,274.07501220703125,240.4600067138672,0.15019785844161684,0.12264892454979406,15:30:00
2025-11-26,LEU,Energy,254.0,254.8800048828125,254.82000732421875,-0.0032283752921998033,0.00023539531326255032,15:30:00
2025-12-05,LEU,Energy,287.0,272.9700012207031,266.30999755859375,0.07209060084113676,0.024398298832568763,15:30:00
2025-12-08,LEU,Energy,269.260009765625,262.16009521484375,268.7200012207031,0.0020055282081877686,-0.025022519161367572,15:30:00
2025-12-18,LEU,Energy,227.61000061035156,230.36000061035156,229.67999267578125,-0.009094468871661456,0.002951935808163717,15:30:00
2025-12-19,LEU,Energy,235.1999969482422,252.72000122070312,261.9200134277344,-0.1136055137167887,-0.03640397341956634,15:30:00
2025-12-22,LEU,Energy,270.25,269.4949951171875,261.1600036621094,0.033635509113378814,0.030928186445368783,15:30:00
2026-01-02,LEU,Energy,247.85000610351562,253.47999572753906,272.510009765625,-0.09949567502455504,-0.07507501325091132,15:30:00
2026-01-05,LEU,Energy,280.67999267578125,283.95001220703125,300.3900146484375,-0.07022239734566214,-0.057897523277511444,15:30:00
2026-01-12,LEU,Energy,308.4800109863281,305.260009765625,308.92999267578125,-0.0014587061508924424,-0.012022481795024574,15:30:00
2024-01-18,LRCX,Technology,77.59000396728516,77.5,78.57899475097656,-0.012746368515568084,-0.013922512915826612,15:30:00
2024-01-24,LRCX,Technology,85.0,85.23100280761719,84.86399841308594,0.0016000186695772059,0.004305996438404576,15:30:00
2024-01-25,LRCX,Technology,89.80000305175781,89.49600219726562,86.56099700927734,0.036069108378689145,0.032794818940839285,15:30:00
2024-03-06,LRCX,Technology,97.98300170898438,97.92399597167969,98.1989974975586,-0.002204421020043249,-0.002808316012333061,15:30:00
2024-03-07,LRCX,Technology,98.9010009765625,99.71736145019531,99.44400024414062,-0.005490331363853482,0.0027413602012646525,15:30:00
2024-03-18,LRCX,Technology,92.24099731445312,93.25300598144531,92.48200225830078,-0.0026127746974163894,0.008267869920439229,14:30:00
2024-03-21,LRCX,Technology,98.30999755859375,98.87999725341797,98.25,0.0006102894932734674,0.006371331623355114,14:30:00
2024-04-04,LRCX,Technology,99.25900268554688,98.50300598144531,95.16099548339844,0.04128600017401897,0.0339280051887594,14:30:00
2024-04-15,LRCX,Technology,97.58799743652344,96.74199676513672,94.6500015258789,0.030106119480067865,0.021624478605053073,14:30:00
2024-04-19,LRCX,Technology,89.49400329589844,88.51899719238281,86.97100067138672,0.028191862377301313,0.017487732239349196,14:30:00
2024-04-24,LRCX,Technology,90.73400115966797,90.92849731445312,88.427001953125,0.025425961349188793,0.027510576279264117,14:30:00
2024-04-25,LRCX,Technology,90.19400024414062,90.46599578857422,90.09300231933594,0.001119785401815003,0.004123023971459893,14:30:00
2024-05-23,LRCX,Technology,99.11000061035156,98.7145004272461,95.88899993896484,0.032499249839075275,0.028622952819010433,14:30:00
2024-06-03,LRCX,Technology,94.6969985961914,93.07499694824219,93.63300323486328,0.011235787586734745,-0.005995232929541689,14:30:00
2024-07-18,LRCX,Technology,98.41799926757812,96.5,95.23500061035156,0.03234163141817839,0.013108801965268783,14:30:00
2024-07-19,LRCX,Technology,95.95399475097656,94.69450378417969,91.70999908447266,0.04422948390547037,0.03151719033777379,14:30:00
2024-07-26,LRCX,Technology,90.53450012207031,89.70399475097656,89.50399780273438,0.011382426786987072,0.002229521090976946,14:30:00
2024-07-29,LRCX,Technology,91.1520004272461,91.11149597167969,89.16099548339844,0.02184269061035909,0.021407841760029127,14:30:00
2024-07-30,LRCX,Technology,89.69499969482422,88.75499725341797,85.49299621582031,0.046847689317137925,0.03675287182178394,14:30:00
2024-08-07,LRCX,Technology,79.85700225830078,77.85800170898438,74.74400329589844,0.06402693336602014,0.03999586869343706,14:30:00
2024-08-30,LRCX,Technology,82.35900115966797,81.64799499511719,82.1780014038086,0.0021976924599713624,-0.006491358529050252,14:30:00
2024-09-09,LRCX,Technology,74.30149841308594,73.41899871826172,73.44200134277344,0.011567694981520398,-0.00031330615934969486,14:30:00
2024-09-10,LRCX,Technology,73.52000427246094,72.95399475097656,73.0780029296875,0.006011987446782589,-0.001699813411647037,14:30:00
2024-09-13,LRCX,Technology,75.57899475097656,76.56800079345703,76.99500274658203,-0.01873547009021541,-0.005576767692770798,14:30:00
2024-09-19,LRCX,Technology,78.5,79.25,78.9219970703125,-0.005375758857484076,0.004138838229495268,14:30:00
2024-10-16,LRCX,Technology,77.12000274658203,77.01000213623047,74.1500015258789,0.038511425245440045,0.037138040916973744,14:30:00
2024-10-17,LRCX,Technology,76.45999908447266,74.95999908447266,73.1500015258789,0.04329057805685924,0.024146179038156846,14:30:00
2024-10-18,LRCX,Technology,74.17500305175781,73.5199966430664,72.83999633789062,0.01799806752870164,0.009249188468779824,14:30:00
2024-10-24,LRCX,Technology,76.18000030517578,75.44999694824219,76.56999969482422,-0.00511944589244036,-0.014844304730063011,14:30:00
2024-12-23,LRCX,Technology,72.3499984741211,72.51499938964844,73.86000061035156,-0.020870797070860786,-0.018547903634060083,15:30:00
2025-01-02,LRCX,Technology,72.70999908447266,72.8499984741211,72.43000030517578,0.0038508978520489243,0.0057652460911788595,15:30:00
2025-01-03,LRCX,Technology,73.18000030517578,73.71499633789062,75.19000244140625,-0.027466549984262678,-0.02000957982490531,15:30:00
2025-01-07,LRCX,Technology,78.86000061035156,78.58000183105469,77.51000213623047,0.01711892548405441,0.013616692159472012,15:30:00
2025-01-14,LRCX,Technology,75.04000091552734,74.61000061035156,75.08000183105469,-0.0005330612345324043,-0.006299439979335906,15:30:00
2025-01-17,LRCX,Technology,80.75,79.86000061035156,80.29000091552734,0.00569658308944466,-0.005384426520027399,15:30:00
2025-02-26,LRCX,Technology,81.69999694824219,81.93000030517578,81.2699966430664,0.005263161826654547,0.008055701936420967,15:30:00
2025-03-03,LRCX,Technology,77.93000030517578,79.3499984741211,75.79000091552734,0.027460533572028073,0.044864494354776754,15:30:00
2025-03-12,LRCX,Technology,75.16999816894531,76.19499969482422,76.58000183105469,-0.018757532213056302,-0.005052853045114209,14:30:00
2025-04-08,LRCX,Technology,64.6500015258789,65.80000305175781,60.41999816894531,0.0654292847192023,0.0817629883478976,14:30:00
2025-04-14,LRCX,Technology,68.71499633789062,69.19000244140625,67.8499984741211,0.012588196316217463,0.01936701719905188,14:30:00
2025-04-23,LRCX,Technology,66.69999694824219,67.62999725341797,66.6500015258789,0.0007495565914654638,0.014490548090175092,14:30:00
2025-05-01,LRCX,Technology,72.2300033569336,72.47000122070312,71.72000122070312,0.007060807317289319,0.010349109802218977,14:30:00
2025-05-08,LRCX,Technology,76.06999969482422,75.63999938964844,74.91000366210938,0.015249060567483735,0.009650921912077177,14:30:00
2025-05-29,LRCX,Technology,86.0,84.06999969482422,84.18000030517578,0.021162787149118824,-0.0013084407131065412,14:30:00
2025-06-06,LRCX,Technology,86.26000213623047,86.80999755859375,86.3550033569336,-0.0011013357100674484,0.005241264997767692,14:30:00
2025-07-28,LRCX,Technology,98.80000305175781,98.66000366210938,98.61000061035156,0.001923101574265281,0.000506821912647225,14:30:00
2025-07-29,LRCX,Technology,99.38999938964844,99.37999725341797,98.93000030517578,0.0046282230334792175,0.004528043476341621,14:30:00
2025-07-30,LRCX,Technology,99.54499816894531,100.12000274658203,99.12999725341797,0.00416897808188227,0.009888188833453264,14:30:00
2025-08-04,LRCX,Technology,97.42500305175781,98.06999969482422,98.4000015258789,-0.010007682253837016,-0.003364962089136254,14:30:00
2025-09-16,LRCX,Technology,119.91000366210938,119.4800033569336,120.44999694824219,-0.004503321404729856,-0.00811845969246287,14:30:00
2025-09-18,LRCX,Technology,126.58000183105469,127.55999755859375,126.37000274658203,0.0016590226057425748,0.009328902749979306,14:30:00
2025-09-22,LRCX,Technology,129.59500122070312,129.5050048828125,132.2100067138672,-0.02017828981467156,-0.02088723778283635,14:30:00
2025-10-02,LRCX,Technology,146.96499633789062,144.38999938964844,146.9499969482422,0.00010206096704790885,-0.017729742845177133,14:30:00
2025-10-06,LRCX,Technology,149.89999389648438,150.67999267578125,149.1199951171875,0.005203461047740366,0.010353050400993867,14:30:00
2025-10-13,LRCX,Technology,138.6649932861328,137.07000732421875,137.77000427246094,0.006454325583278835,-0.005106857159396283,14:30:00
2025-10-24,LRCX,Technology,149.91000366210938,151.83999633789062,151.69000244140625,-0.011873782508263523,0.0009878418078369318,14:30:00
2025-10-27,LRCX,Technology,156.11000061035156,157.65960693359375,156.88999938964844,-0.004996469004210315,0.004881450353161614,14:30:00
2025-11-03,LRCX,Technology,159.99000549316406,159.86839294433594,161.24000549316406,-0.007812988043515063,-0.008579635558766781,15:30:00
2025-11-19,LRCX,Technology,146.8300018310547,150.02999877929688,148.8300018310547,-0.013621194408900417,0.007998380044030095,15:30:00
2025-11-20,LRCX,Technology,153.4149932861328,153.14500427246094,139.60000610351562,0.09004978513965052,0.088445576356166,15:30:00
2025-11-24,LRCX,Technology,145.9199981689453,149.41000366210938,150.32000732421875,-0.030153571892038628,-0.006090647478781593,15:30:00
2025-12-15,LRCX,Technology,163.28500366210938,163.6199951171875,164.2899932861328,-0.006154818884060493,-0.004094842861139606,15:30:00
2025-12-19,LRCX,Technology,166.4499969482422,170.77000427246094,172.22999572753906,-0.034725135988402406,-0.008549460786735888,15:30:00
2025-12-22,LRCX,Technology,175.67999267578125,173.61000061035156,175.30999755859375,0.002106074297659659,-0.009792045056538204,15:30:00
2025-12-26,LRCX,Technology,177.92999267578125,179.19000244140625,178.05999755859375,-0.0007306518752540559,0.006306182640864704,15:30:00
2026-01-02,LRCX,Technology,177.85000610351562,181.75,185.05999755859375,-0.040539731277161886,-0.01821181600326685,15:30:00
2026-01-06,LRCX,Technology,199.97000122070312,204.67999267578125,207.38999938964844,-0.03710555645171998,-0.013240213068406314,15:30:00
2024-01-18,LTBR,Industrials,3.3299999237060547,3.2219998836517334,3.119999885559082,0.0630630759634545,0.031657356230890714,15:30:00
2024-01-25,LTBR,Industrials,3.190000057220459,3.130000114440918,3.130000114440918,0.018808759154637988,0.0,15:30:00
2024-01-26,LTBR,Industrials,3.140000104904175,3.109999895095825,3.059999942779541,0.025477757787232685,0.016077155627924413,15:30:00
2024-02-02,LTBR,Industrials,3.25,3.1549999713897705,3.180000066757202,0.021538440997783955,-0.007923960568664967,15:30:00
2024-02-05,LTBR,Industrials,3.1500000953674316,3.099900007247925,3.0127999782562256,0.043555591415054336,0.02809768985710806,15:30:00
2024-02-22,LTBR,Industrials,2.9800000190734863,2.9600000381469727,2.859999895095825,0.040268497721342444,0.033783831676485326,15:30:00
2024-02-23,LTBR,Industrials,3.0,2.890000104904175,2.869999885559082,0.04333337148030599,0.006920490871662418,15:30:00
2024-02-26,LTBR,Industrials,2.9100000858306885,2.9700000286102295,3.0,-0.03092780464424631,-0.010101000370632515,15:30:00
2024-03-04,LTBR,Industrials,2.880000114440918,2.805000066757202,2.7799999713897705,0.034722270513020466,0.008912689758447561,15:30:00
2024-03-19,LTBR,Industrials,3.2200000286102295,3.1459999084472656,3.0699000358581543,0.046614904167208725,0.024189407121334296,14:30:00
2024-03-21,LTBR,Industrials,3.0999999046325684,3.048799991607666,2.9700000286102295,0.04193544516826277,0.025846222518481586,14:30:00
2024-04-09,LTBR,Industrials,2.740000009536743,2.740000009536743,2.75,-0.0036496315432303786,-0.0036496315432303786,14:30:00
2024-04-11,LTBR,Industrials,2.759999990463257,2.7200000286102295,2.8399999141693115,-0.02898547970379774,-0.04411760452090707,14:30:00
2024-04-12,LTBR,Industrials,2.8299999237060547,2.875,2.819999933242798,0.003533565629981095,0.019130458002505096,14:30:00
2024-04-17,LTBR,Industrials,2.630000114440918,2.58270001411438,2.5199999809265137,0.04182514400300244,0.024276932220239425,14:30:00
2024-04-29,LTBR,Industrials,2.5899999141693115,2.5799999237060547,2.680000066757202,-0.03474909481483759,-0.03875974651483777,14:30:00
2024-05-03,LTBR,Industrials,2.5899999141693115,2.5100998878479004,2.5999999046325684,-0.0038610003068143437,-0.035815314450193494,14:30:00
2024-05-15,LTBR,Industrials,2.430000066757202,2.420300006866455,2.3499999046325684,0.032921876513111695,0.029046028192556077,14:30:00
2024-05-31,LTBR,Industrials,2.809999942779541,2.737499952316284,2.694999933242798,0.04092527113114091,0.015525121393162302,14:30:00
2024-06-03,LTBR,Industrials,2.7200000286102295,2.7699999809265137,2.6700000762939453,0.018382335217044615,0.03610104885239755,14:30:00
2024-06-07,LTBR,Industrials,2.440000057220459,2.380000114440918,2.4200000762939453,0.00819671330225163,-0.016806705852795166,14:30:00
2024-06-12,LTBR,Industrials,2.4600000381469727,2.6500000953674316,2.549999952316284,-0.036585330395809725,0.03773590168014016,14:30:00
2024-06-14,LTBR,Industrials,2.440000057220459,2.390000104904175,2.4049999713897705,0.014344297135205413,-0.006276094488371209,14:30:00
2024-06-17,LTBR,Industrials,2.4700000286102295,2.430000066757202,2.490000009536743,-0.00809715817605349,-0.02469133379885459,14:30:00
2024-06-18,LTBR,Industrials,2.4800000190734863,2.4600000381469727,2.5,-0.008064508376086847,-0.0162601468425821,14:30:00
2024-06-27,LTBR,Industrials,4.199999809265137,3.4300999641418457,3.634700059890747,0.13459518453485328,-0.059648435289870315,14:30:00
2024-07-02,LTBR,Industrials,4.079999923706055,3.690000057220459,3.5899999141693115,0.12009804379889626,0.02710030934971689,14:30:00
2024-07-08,LTBR,Industrials,4.0,4.439899921417236,4.079999923706055,-0.019999980926513672,0.08106038516208264,14:30:00
2024-07-10,LTBR,Industrials,4.059999942779541,3.799999952316284,3.740000009536743,0.07881771865832116,0.0157894588243266,14:30:00
2024-07-11,LTBR,Industrials,3.7699999809265137,3.740000009536743,3.700000047683716,0.018567621643752554,0.010695176938778125,14:30:00
2024-07-15,LTBR,Industrials,4.059999942779541,4.06279993057251,3.880000114440918,0.04433493371317446,0.04499355598488271,14:30:00
2024-07-17,LTBR,Industrials,4.190000057220459,3.805500030517578,3.630000114440918,0.13365153583101164,0.046117439145780474,14:30:00
2024-07-18,LTBR,Industrials,3.690000057220459,3.756500005722046,3.309999942779541,0.10298105922718008,0.11886065812921037,14:30:00
2024-07-26,LTBR,Industrials,3.069999933242798,3.0999999046325684,3.0399999618530273,0.00977197786388287,0.019354820846890507,14:30:00
2024-07-29,LTBR,Industrials,3.1500000953674316,3.2200000286102295,3.049999952316284,0.03174607619797007,0.05279505428057972,14:30:00
2024-08-16,LTBR,Industrials,2.5799999237060547,2.5899999141693115,2.569999933242798,0.0038759654104533058,0.0077220006136286875,14:30:00
2024-08-26,LTBR,Industrials,2.7100000381469727,2.799999952316284,2.740000009536743,-0.011070099987999892,0.021428551357619275,14:30:00
2024-08-30,LTBR,Industrials,2.5399999618530273,2.5250000953674316,2.5,0.0157480167140813,0.00990102749433508,14:30:00
2024-09-10,LTBR,Industrials,2.440000057220459,2.390000104904175,2.5299999713897705,-0.03688520986013233,-0.05857734742283992,14:30:00
2024-09-16,LTBR,Industrials,2.630000114440918,2.569999933242798,2.4800000190734863,0.057034254311931265,0.03501942276541253,14:30:00
2024-09-19,LTBR,Industrials,2.4200000762939453,2.440000057220459,2.450000047683716,-0.012396682001644102,-0.004098356651125815,14:30:00
2024-09-26,LTBR,Industrials,2.9000000953674316,2.8712000846862793,2.799999952316284,0.03448280681469336,0.02479803924141176,14:30:00
2024-10-09,LTBR,Industrials,3.0,3.0199999809265137,2.9600000381469727,0.013333320617675781,0.019867530847180164,14:30:00
2024-10-17,LTBR,Industrials,5.059999942779541,4.889999866485596,4.421599864959717,0.126166024711285,0.09578732399077022,14:30:00
2024-10-21,LTBR,Industrials,9.305000305175781,8.380000114440918,8.824999809265137,0.0515852208670698,-0.053102588155979694,14:30:00
2024-11-01,LTBR,Industrials,10.889900207519531,10.180000305175781,7.230000019073486,0.3360820685867135,0.28978390939757015,14:30:00
2024-11-13,LTBR,Industrials,8.640000343322754,8.5,7.349999904632568,0.14930560039701107,0.13529412886675665,15:30:00
2024-11-14,LTBR,Industrials,7.409999847412109,7.53000020980835,7.329999923706055,0.01079621124877541,0.026560462221738138,15:30:00
2024-11-18,LTBR,Industrials,6.590000152587891,6.84499979019165,6.610000133514404,-0.003034898401126696,0.03433157982181128,15:30:00
2024-11-22,LTBR,Industrials,6.880000114440918,6.369999885559082,6.28000020980835,0.08720928701340952,0.014128677765719196,15:30:00
2024-11-25,LTBR,Industrials,6.389999866485596,6.399899959564209,6.260000228881836,0.020344231661973043,0.021859674614648085,15:30:00
2024-11-26,LTBR,Industrials,6.230000019073486,6.0,5.75,0.07704655178233387,0.041666666666666664,15:30:00
2024-12-02,LTBR,Industrials,6.65500020980835,6.329999923706055,5.704999923706055,0.14274985066148524,0.09873617812527213,15:30:00
2024-12-04,LTBR,Industrials,6.010000228881836,5.809999942779541,5.825900077819824,0.030632303502634586,-0.0027366841991183356,15:30:00
2024-12-09,LTBR,Industrials,5.909999847412109,5.875,5.46999979019165,0.07445009620653843,0.06893620592482547,15:30:00
2024-12-17,LTBR,Industrials,4.659999847412109,4.565000057220459,4.75,-0.01931333809761205,-0.040525726278344,15:30:00
2024-12-18,LTBR,Industrials,4.900000095367432,4.963500022888184,4.5,0.0816326709351701,0.09338169049075175,15:30:00
2024-12-19,LTBR,Industrials,4.599999904632568,4.5630998611450195,4.53000020980835,0.015217325277273038,0.0072537644022465505,15:30:00
2024-12-27,LTBR,Industrials,5.739999771118164,5.099999904632568,5.304999828338623,0.0757839651785913,-0.04019606422342159,15:30:00
2025-01-06,LTBR,Industrials,6.929999828338623,6.559999942779541,6.360000133514404,0.08225104025159388,0.030487776068545924,15:30:00
2025-01-14,LTBR,Industrials,5.349999904632568,5.329999923706055,5.059999942779541,0.05420560131261239,0.0506566575593452,15:30:00
2025-01-17,LTBR,Industrials,5.539999961853027,5.7494001388549805,5.664999961853027,-0.02256317705067092,0.014679823105643471,15:30:00
2025-01-31,LTBR,Industrials,8.760000228881836,8.901599884033203,9.039999961853027,-0.031963439001751234,-0.015547775638407698,15:30:00
2025-02-04,LTBR,Industrials,9.380000114440918,8.993800163269043,9.569899559020996,-0.020245143098422746,-0.06405516970509983,15:30:00
2025-02-05,LTBR,Industrials,9.75,9.51990032196045,9.470000267028809,0.028717921330378607,0.0052416572909415315,15:30:00
2025-02-06,LTBR,Industrials,9.6899995803833,9.055000305175781,8.9399995803833,0.07739938415666399,0.012700245269649166,15:30:00
2025-02-14,LTBR,Industrials,15.395000457763672,14.800000190734863,13.545000076293945,0.12016890720758469,0.08479730393696729,15:30:00
2025-02-18,LTBR,Industrials,14.470000267028809,14.184499740600586,13.444999694824219,0.07083625109117278,0.05213437620642207,15:30:00
2025-02-19,LTBR,Industrials,13.550000190734863,13.109999656677246,12.954999923706055,0.04391145820320019,0.01182301579178503,15:30:00
2025-02-21,LTBR,Industrials,12.850000381469727,12.62440013885498,11.319999694824219,0.11906619776072824,0.10332375635148947,15:30:00
2025-02-26,LTBR,Industrials,10.010000228881836,10.050000190734863,9.859999656677246,0.014985071805672238,0.01890552541807705,15:30:00
2025-02-27,LTBR,Industrials,10.350000381469727,11.845999717712402,10.0,0.0338164607313788,0.15583317252255396,15:30:00
2025-03-03,LTBR,Industrials,11.550000190734863,11.119999885559082,9.569999694824219,0.17142861153361313,0.13938850779555864,15:30:00
2025-03-07,LTBR,Industrials,9.3149995803833,9.210100173950195,9.289999961853027,0.002683802432253543,-0.008675235490795227,15:30:00
2025-03-12,LTBR,Industrials,8.859999656677246,8.640000343322754,8.609999656677246,0.028216705382329232,0.0034723015571050554,14:30:00
2025-03-26,LTBR,Industrials,8.510000228881836,8.350000381469727,7.96999979019165,0.06345480895023882,0.045509050768592935,14:30:00
2025-03-27,LTBR,Industrials,7.960000038146973,7.960000038146973,7.730000019073486,0.02889447461950372,0.02889447461950372,14:30:00
2025-04-08,LTBR,Industrials,7.480000019073486,7.210000038146973,6.724999904632568,0.10093584391921384,0.06726770193458323,14:30:00
2025-04-14,LTBR,Industrials,8.300000190734863,7.929999828338623,7.605000019073486,0.0837349585168917,0.040983583392236456,14:30:00
2025-04-17,LTBR,Industrials,7.355000019073486,7.375199794769287,7.489999771118164,-0.018354826878937757,-0.015565676801094466,14:30:00
2025-04-23,LTBR,Industrials,8.350000381469727,8.380800247192383,8.319999694824219,0.003592896440110969,0.007254743052554272,14:30:00
2025-05-01,LTBR,Industrials,9.15999984741211,9.199999809265137,9.329999923706055,-0.018558960603255237,-0.014130447514792059,14:30:00
2025-05-08,LTBR,Industrials,9.65999984741211,9.53499984741211,9.710000038146973,-0.005176003263422226,-0.018353455011576116,14:30:00
2025-05-09,LTBR,Industrials,9.8100004196167,9.600000381469727,9.529999732971191,0.02854237254522443,0.007291733928849939,14:30:00
2025-05-12,LTBR,Industrials,10.074999809265137,10.819999694824219,10.90999984741211,-0.08287841726598276,-0.008317944096702931,14:30:00
2025-05-20,LTBR,Industrials,10.329999923706055,10.100000381469727,10.017200469970703,0.03028068306346412,0.008198010729874309,14:30:00
2025-05-29,LTBR,Industrials,17.045000076293945,15.420000076293945,14.9399995803833,0.12349665511813421,0.031128436675469086,14:30:00
2025-06-03,LTBR,Industrials,15.7431001663208,14.710000038146973,14.824999809265137,0.05831763422427784,-0.007817795433034591,14:30:00
2025-06-05,LTBR,Industrials,15.680000305175781,15.395000457763672,14.6899995803833,0.0631378000972164,0.04579414461951772,14:30:00
2025-06-09,LTBR,Industrials,16.260000228881836,15.739999771118164,15.720000267028809,0.03321032928977775,0.0012706165425779236,14:30:00
2025-06-10,LTBR,Industrials,16.135000228881836,14.645000457763672,13.429200172424316,0.1676975530260053,0.08301811180175349,14:30:00
2025-06-16,LTBR,Industrials,13.630000114440918,14.119999885559082,13.40999984741211,0.016140885193076368,0.0502832892281472,14:30:00
2025-06-17,LTBR,Industrials,13.579999923706055,13.51990032196045,13.0,0.042709862073973384,0.03845444933613691,14:30:00
2025-06-20,LTBR,Industrials,13.220000267028809,13.140000343322754,13.34000015258789,-0.009077146984510006,-0.015220685238929159,14:30:00
2025-06-26,LTBR,Industrials,14.085000038146973,13.779999732971191,13.550000190734863,0.037983659635296256,0.016690823417507897,14:30:00
2025-06-27,LTBR,Industrials,13.979999542236328,13.460000038146973,13.350000381469727,0.045064319126996405,0.008172337025668363,14:30:00
2025-06-30,LTBR,Industrials,13.369999885559082,13.5600004196167,13.380000114440918,-0.0007479602817825878,0.013274358377996962,14:30:00
2025-07-08,LTBR,Industrials,13.140000343322754,12.260199546813965,12.09000015258789,0.07990868822681829,0.013882269499463702,14:30:00
2025-07-09,LTBR,Industrials,12.25,11.699999809265137,12.119999885559082,0.010612254240074935,-0.03589744300349053,14:30:00
2025-07-28,LTBR,Industrials,15.170000076293945,14.350000381469727,14.989999771118164,0.0118655441180298,-0.04459925941708503,14:30:00
2025-08-05,LTBR,Industrials,14.260000228881836,14.460000038146973,14.25,0.0007012783114534411,0.014522824176554002,14:30:00
2025-08-07,LTBR,Industrials,14.710000038146973,14.234399795532227,14.0600004196167,0.044187601417039445,0.012251965549700688,14:30:00
2025-08-11,LTBR,Industrials,14.0,13.850000381469727,13.520000457763672,0.03428568158830915,0.023826708636598314,14:30:00
2025-08-22,LTBR,Industrials,14.3100004196167,14.779999732971191,15.34000015258789,-0.07197761724445711,-0.03788906831760298,14:30:00
2025-09-03,LTBR,Industrials,15.260000228881836,15.130000114440918,14.489999771118164,0.050458744837128554,0.042300088465425836,14:30:00
2025-09-05,LTBR,Industrials,14.300000190734863,13.750100135803223,14.199999809265137,0.00699303357593785,-0.0327197379668852,14:30:00
2025-09-10,LTBR,Industrials,14.760000228881836,14.449999809265137,13.807000160217285,0.06456639931480182,0.04449824619620889,14:30:00
2025-09-18,LTBR,Industrials,15.0600004196167,15.029999732971191,15.140000343322754,-0.005312079779350418,-0.0073187366803643406,14:30:00
2025-10-08,LTBR,Industrials,23.34000015258789,22.799999237060547,23.100000381469727,0.010282766475969941,-0.013157945370521725,14:30:00
2025-10-10,LTBR,Industrials,24.229999542236328,24.854999542236328,22.06999969482422,0.08914568255137285,0.11204988528281941,14:30:00
2025-10-16,LTBR,Industrials,27.760000228881836,28.780000686645508,26.440000534057617,0.04755042089123887,0.08130646618343193,14:30:00
2025-10-20,LTBR,Industrials,24.844999313354492,24.040000915527344,26.06999969482422,-0.0493057120275819,-0.08444254168000911,14:30:00
2025-10-27,LTBR,Industrials,26.0,23.905500411987305,23.760000228881836,0.08615383735069862,0.006086473012399621,14:30:00
2025-10-28,LTBR,Industrials,24.270000457763672,24.690000534057617,24.40999984741211,-0.005768413144123095,0.011340651299673819,14:30:00
2025-11-03,LTBR,Industrials,27.299999237060547,25.31999969482422,24.729999542236328,0.09413918559145486,0.02330174406394228,15:30:00
2025-11-05,LTBR,Industrials,23.174999237060547,23.329999923706055,23.260000228881836,-0.00366778833309987,0.0030004155616430474,15:30:00
2025-11-10,LTBR,Industrials,20.209999084472656,20.059999465942383,20.530000686645508,-0.015833825663985744,-0.023429772343767367,15:30:00
2025-11-12,LTBR,Industrials,20.48780059814453,20.420000076293945,20.170000076293945,0.015511695378339801,0.0122428990727689,15:30:00
2025-11-20,LTBR,Industrials,17.600000381469727,17.290000915527344,14.524999618530273,0.17471594865287546,0.15991909488645265,15:30:00
2025-11-26,LTBR,Industrials,15.220000267028809,15.199999809265137,15.152000427246094,0.004467794913908337,0.003157854119826042,15:30:00
2025-12-05,LTBR,Industrials,17.8799991607666,17.799999237060547,17.165000915527344,0.03998871805364237,0.035674064536536765,15:30:00
2025-12-08,LTBR,Industrials,17.46500015258789,16.840599060058594,16.969999313354492,0.028342446888559074,-0.007683827210327767,15:30:00
2025-12-15,LTBR,Industrials,15.6899995803833,14.81149959564209,14.460000038146973,0.07839385437423191,0.02373153070864864,15:30:00
2025-12-18,LTBR,Industrials,13.5600004196167,14.100000381469727,13.505000114440918,0.004056069577712885,0.042198599356831235,15:30:00
2025-12-22,LTBR,Industrials,14.489999771118164,14.727299690246582,14.800000190734863,-0.021394094169318065,-0.004936444699120807,15:30:00
2026-01-02,LTBR,Industrials,12.989999771118164,13.350000381469727,14.119999885559082,-0.08699000264444569,-0.05767786382674131,15:30:00
2026-01-05,LTBR,Industrials,15.010000228881836,15.470000267028809,15.625,-0.04097266900334873,-0.010019374938314781,15:30:00
2026-01-12,LTBR,Industrials,16.729999542236328,16.440000534057617,16.510000228881836,0.01314998920347158,-0.004257888841256738,15:30:00
2026-01-14,LTBR,Industrials,16.40999984741211,17.045000076293945,17.996000289916992,-0.09664841299526267,-0.0557935001094949,15:30:00
2024-01-22,LUMN,Communication Services,1.3300000429153442,1.3401000499725342,1.3799999952316284,-0.03759394789693757,-0.02977385551169258,15:30:00
2024-01-24,LUMN,Communication Services,1.3899999856948853,1.375,1.3450000286102295,0.032374070178252196,0.021818161010742188,15:30:00
2024-01-25,LUMN,Communication Services,1.399999976158142,1.6549999713897705,1.378999948501587,0.015000020010131086,0.16676738831385912,15:30:00
2024-01-26,LUMN,Communication Services,1.399999976158142,1.5099999904632568,1.4149999618530273,-0.010714275678809638,0.06291392662928705,15:30:00
2024-02-01,LUMN,Communication Services,1.25,1.2350000143051147,1.2699999809265137,-0.015999984741210938,-0.028340053616187213,15:30:00
2024-02-07,LUMN,Communication Services,1.5199999809265137,1.4850000143051147,1.440000057220459,0.052631529414422,0.030303001111897543,15:30:00
2024-02-21,LUMN,Communication Services,1.559999942779541,1.565000057220459,1.559999942779541,0.0,0.003194961187284871,15:30:00
2024-02-28,LUMN,Communication Services,1.5700000524520874,1.5950000286102295,1.6150000095367432,-0.02866239208997036,-0.012539172769758659,15:30:00
2024-03-06,LUMN,Communication Services,1.7699999809265137,1.6699999570846558,1.7000000476837158,0.03954798530910498,-0.01796412656886032,15:30:00
2024-03-07,LUMN,Communication Services,1.7200000286102295,1.7599999904632568,1.7300000190734863,-0.005813947847045612,0.017045438382004816,15:30:00
2024-03-08,LUMN,Communication Services,1.75,1.7999999523162842,1.8300000429153442,-0.045714310237339566,-0.016666717440995044,15:30:00
2024-03-21,LUMN,Communication Services,1.7899999618530273,1.7450000047683716,1.7050000429153442,0.047485989245323934,0.022922614179784414,14:30:00
2024-03-22,LUMN,Communication Services,1.7200000286102295,1.6649999618530273,1.6200000047683716,0.058139547778181457,0.027027001871263702,14:30:00
2024-03-25,LUMN,Communication Services,1.6299999952316284,1.6549999713897705,1.6100000143051147,0.012269926984675609,0.027190306865605245,14:30:00
2024-04-09,LUMN,Communication Services,1.3799999952316284,1.409999966621399,1.4700000286102295,-0.06521741571708836,-0.042553236460424165,14:30:00
2024-04-11,LUMN,Communication Services,1.409999966621399,1.375,1.4299999475479126,-0.014184383971608911,-0.039999961853027344,14:30:00
2024-04-15,LUMN,Communication Services,1.3899999856948853,1.367900013923645,1.3849999904632568,0.0035971189086946883,-0.012500896531584012,14:30:00
2024-04-23,LUMN,Communication Services,1.3899999856948853,1.399999976158142,1.3700000047683716,0.014388475634778753,0.021428551357619275,14:30:00
2024-04-24,LUMN,Communication Services,1.3700000047683716,1.3199000358581543,1.2999999523162842,0.05109492861930496,0.015076962649623505,14:30:00
2024-04-26,LUMN,Communication Services,1.2300000190734863,1.225000023841858,1.2200000286102295,0.00813007342129105,0.004081628681073312,14:30:00
2024-04-29,LUMN,Communication Services,1.2400000095367432,1.2599999904632568,1.2200000286102295,0.016129016752173694,0.03174600171093715,14:30:00
2024-05-03,LUMN,Communication Services,1.4199999570846558,1.3350000381469727,1.3200000524520874,0.07042247017941754,0.011235944019676408,14:30:00
2024-05-06,LUMN,Communication Services,1.3300000429153442,1.3250000476837158,1.3300000429153442,0.0,-0.003773581171086827,14:30:00
2024-05-15,LUMN,Communication Services,1.350000023841858,1.309999942779541,1.2899999618530273,0.04444448957717879,0.015267161679471505,14:30:00
2024-06-11,LUMN,Communication Services,1.2300000190734863,1.2050000429153442,1.2400000095367432,-0.00813007342129105,-0.029045614419001147,14:30:00
2024-06-12,LUMN,Communication Services,1.25,1.2502000331878662,1.2350000143051147,0.011999988555908203,0.0121580694922821,14:30:00
2024-06-17,LUMN,Communication Services,1.1399999856948853,1.0850000381469727,1.0850000381469727,0.04824556862988683,0.0,14:30:00
2024-06-18,LUMN,Communication Services,1.090000033378601,1.0299999713897705,1.0750000476837158,0.013761454344538678,-0.043689395673698006,14:30:00
2024-06-21,LUMN,Communication Services,1.159999966621399,1.1200000047683716,1.065000057220459,0.08189647597804288,0.049107095815849745,14:30:00
2024-07-22,LUMN,Communication Services,1.3899999856948853,1.4199999570846558,1.4299999475479126,-0.028776951269557507,-0.007042247017941755,14:30:00
2024-07-24,LUMN,Communication Services,1.6200000047683716,1.5700000524520874,1.5149999856948853,0.0648148263977933,0.035031888483889474,14:30:00
2024-07-26,LUMN,Communication Services,1.690000057220459,1.715000033378601,1.7699999809265137,-0.04733723135940626,-0.032069939637004594,14:30:00
2024-08-01,LUMN,Communication Services,3.2699999809265137,3.9749999046325684,3.3101000785827637,-0.012263026877721307,0.167270400503636,14:30:00
2024-08-07,LUMN,Communication Services,7.697999954223633,6.255000114440918,6.644999980926514,0.1367887736501445,-0.06235009741809645,14:30:00
2024-08-19,LUMN,Communication Services,6.070000171661377,5.775000095367432,5.761000156402588,0.05090609662605905,0.0024242318153508205,14:30:00
2024-08-20,LUMN,Communication Services,5.789999961853027,5.684999942779541,6.144999980926514,-0.06131261164289756,-0.08091469529937531,14:30:00
2024-08-30,LUMN,Communication Services,5.230000019073486,5.335000038146973,5.239999771118164,-0.0019119984719329366,0.017806985257643113,14:30:00
2024-09-05,LUMN,Communication Services,5.420000076293945,5.554999828338623,5.494999885559082,-0.013837602990666309,0.010801070141074273,14:30:00
2024-09-09,LUMN,Communication Services,5.869999885559082,5.579999923706055,5.680300235748291,0.03231680638997547,-0.017974966561580187,14:30:00
2024-09-10,LUMN,Communication Services,5.789999961853027,5.574999809265137,5.349999904632568,0.07599310192044313,0.04035872866912735,14:30:00
2024-09-17,LUMN,Communication Services,6.349999904632568,6.204999923706055,6.311699867248535,0.006031502040825521,-0.01719580094349975,14:30:00
2024-09-18,LUMN,Communication Services,6.369999885559082,6.274899959564209,6.389999866485596,-0.003139714487570719,-0.01834290708427173,14:30:00
2024-09-19,LUMN,Communication Services,6.539999961853027,6.494999885559082,6.704999923706055,-0.025229352112454244,-0.03233256995337054,14:30:00
2024-09-26,LUMN,Communication Services,7.21999979019165,7.204999923706055,6.940000057220459,0.03878112757725703,0.036779995737916266,14:30:00
2024-10-01,LUMN,Communication Services,7.150000095367432,6.630000114440918,6.71999979019165,0.06013990201963542,-0.013574611492796594,14:30:00
2024-10-15,LUMN,Communication Services,6.119999885559082,6.324999809265137,6.170000076293945,-0.008169965959124458,0.02450588737475391,14:30:00
2024-10-21,LUMN,Communication Services,7.510000228881836,6.824999809265137,6.570000171661377,0.12516644854489115,0.03736258530844064,14:30:00
2024-10-24,LUMN,Communication Services,6.199999809265137,6.224999904632568,6.269999980926514,-0.011290350615296844,-0.007228928029453753,14:30:00
2024-10-28,LUMN,Communication Services,6.519999980926514,6.494999885559082,6.400000095367432,0.018404890477013415,0.014626603828411449,14:30:00
2024-10-30,LUMN,Communication Services,6.710000038146973,6.625,6.690000057220459,0.002980623071954087,-0.009811329391767393,14:30:00
2024-11-01,LUMN,Communication Services,6.5,6.559999942779541,7.0,-0.07692307692307693,-0.06707318003939286,14:30:00
2024-11-13,LUMN,Communication Services,9.430000305175781,9.194999694824219,8.880000114440918,0.058324514627320675,0.03425770427818624,15:30:00
2024-11-27,LUMN,Communication Services,7.699999809265137,7.505000114440918,7.360000133514404,0.04415580313932253,0.019320450195264974,15:30:00
2024-12-19,LUMN,Communication Services,5.880000114440918,5.795000076293945,6.053599834442139,-0.029523761330356182,-0.04462463412314132,15:30:00
2025-01-17,LUMN,Communication Services,5.659999847412109,5.610000133514404,5.659999847412109,0.0,-0.008912604760738674,15:30:00
2025-01-21,LUMN,Communication Services,5.78000020980835,5.748799800872803,5.480000019073486,0.05190314530192907,0.046757547855207325,15:30:00
2025-01-28,LUMN,Communication Services,5.039999961853027,4.909999847412109,5.065000057220459,-0.0049603364199709244,-0.03156827181777711,15:30:00
2025-01-30,LUMN,Communication Services,5.079999923706055,4.914999961853027,5.0,0.0157480167140813,-0.01729400586097388,15:30:00
2025-01-31,LUMN,Communication Services,5.059999942779541,5.074999809265137,4.929999828338623,0.025691722512057338,0.02857142588691245,15:30:00
2025-02-05,LUMN,Communication Services,5.485000133514404,4.820000171661377,4.951000213623047,0.09735640964318584,-0.027178430974311833,15:30:00
2025-02-19,LUMN,Communication Services,4.960000038146973,4.885000228881836,4.869999885559082,0.018145191914456953,0.0030706944974263485,15:30:00
2025-02-21,LUMN,Communication Services,4.860000133514404,4.985000133514404,4.660999774932861,0.04094657471493528,0.06499505514619196,15:30:00
2025-02-26,LUMN,Communication Services,4.889999866485596,4.804999828338623,4.710000038146973,0.036809781851382235,0.019771028841950557,15:30:00
2025-03-03,LUMN,Communication Services,4.760000228881836,4.920000076293945,4.800000190734863,-0.008403352926397583,0.02439022026387315,15:30:00
2025-03-12,LUMN,Communication Services,5.0,4.929999828338623,4.980000019073486,0.0039999961853027345,-0.010142026871370705,14:30:00
2025-03-13,LUMN,Communication Services,5.010000228881836,4.864999771118164,4.650000095367432,0.07185631079197603,0.0441931522848391,14:30:00
2025-03-24,LUMN,Communication Services,5.050000190734863,4.994999885559082,4.869999885559082,0.035643623441049425,0.025025025598375755,14:30:00
2025-04-08,LUMN,Communication Services,3.619999885559082,3.6050000190734863,3.240000009536743,0.10497234476117966,0.1012482684065425,14:30:00
2025-04-14,LUMN,Communication Services,3.555000066757202,3.549999952316284,3.4549999237060547,0.028129434929199743,0.02676057179895014,14:30:00
2025-04-23,LUMN,Communication Services,3.3499999046325684,3.375,3.2750000953674316,0.022388003403051672,0.02962960137261285,14:30:00
2025-05-01,LUMN,Communication Services,3.6700000762939453,3.565000057220459,3.5199999809265137,0.04087195974091242,0.012622742095839051,14:30:00
2025-05-05,LUMN,Communication Services,3.9600000381469727,3.950000047683716,4.25,-0.07323231289379704,-0.07594935409993336,14:30:00
2025-05-08,LUMN,Communication Services,4.300000190734863,4.125,4.157800197601318,0.03306976437813673,-0.007951563054865057,14:30:00
2025-05-12,LUMN,Communication Services,4.599999904632568,4.420000076293945,4.409900188446045,0.04132602611471313,0.002285042460082689,14:30:00
2025-05-22,LUMN,Communication Services,4.360000133514404,3.884999990463257,3.8450000286102295,0.11811928649852033,0.010296000502243927,14:30:00
2025-05-29,LUMN,Communication Services,4.0,3.9049999713897705,3.9000000953674316,0.02499997615814209,0.0012803779920539757,14:30:00
2025-06-06,LUMN,Communication Services,3.990000009536743,3.9549999237060547,3.9377999305725098,0.013082726526182155,0.004348923758619842,14:30:00
2025-06-09,LUMN,Communication Services,3.9800000190734863,4.074999809265137,4.210000038146973,-0.05778894923900744,-0.03312889207378421,14:30:00
2025-06-11,LUMN,Communication Services,4.380000114440918,4.264999866485596,4.159999847412109,0.050228370155394476,0.024618997036454173,14:30:00
2025-06-20,LUMN,Communication Services,4.010000228881836,4.014999866485596,3.950000047683716,0.014962637848739175,0.016189245569957003,14:30:00
2025-07-08,LUMN,Communication Services,4.440000057220459,4.494999885559082,4.519999980926514,-0.018018000602490186,-0.00556175661933797,14:30:00
2025-07-15,LUMN,Communication Services,4.710000038146973,4.630000114440918,4.53000020980835,0.03821652375388076,0.02159825100666192,14:30:00
2025-08-04,LUMN,Communication Services,3.8399999141693115,3.674999952316284,3.746299982070923,0.024401024529360785,-0.019401368892453887,14:30:00
2025-08-08,LUMN,Communication Services,3.799999952316284,3.744999885559082,3.75,0.0131578823536055,-0.0013351440837685135,14:30:00
2025-08-14,LUMN,Communication Services,4.380000114440918,4.204999923706055,4.335000038146973,0.010273989753009246,-0.030915604470770845,14:30:00
2025-08-15,LUMN,Communication Services,4.429999828338623,4.394999980926514,4.425000190734863,0.0011285864102696303,-0.006825986334139924,14:30:00
2025-08-22,LUMN,Communication Services,4.340000152587891,4.505000114440918,4.610000133514404,-0.062211974984728025,-0.02330743982378724,14:30:00
2025-10-15,LUMN,Communication Services,7.059999942779541,7.25,7.264999866485596,-0.02903681662429953,-0.002068947101461476,14:30:00
2025-10-16,LUMN,Communication Services,7.309999942779541,7.28000020980835,7.019999980926514,0.03967167771861271,0.03571431612481789,14:30:00
2025-10-20,LUMN,Communication Services,7.0,6.965000152587891,7.159999847412109,-0.02285712105887277,-0.02799708407066802,14:30:00
2025-11-06,LUMN,Communication Services,10.960000038146973,11.11989974975586,10.944999694824219,0.001368644458991265,0.015728564003958813,15:30:00
2025-11-10,LUMN,Communication Services,10.899999618530273,11.120100021362305,10.489999771118164,0.037614666216602366,0.05666318189887541,15:30:00
2025-11-12,LUMN,Communication Services,9.369999885559082,9.279999732971191,8.545000076293945,0.08804693909725819,0.07920255148993632,15:30:00
2025-11-19,LUMN,Communication Services,7.699999809265137,7.84499979019165,7.670000076293945,0.0038960693135464486,0.02230716616672209,15:30:00
2025-11-20,LUMN,Communication Services,8.09000015258789,7.998199939727783,7.489999771118164,0.07416568234276162,0.06353931790143716,15:30:00
2025-12-08,LUMN,Communication Services,8.350000381469727,8.255000114440918,8.371999740600586,-0.002634653667762726,-0.014173182863437422,15:30:00
2025-12-18,LUMN,Communication Services,7.920000076293945,7.775000095367432,7.84499979019165,0.009469733002501469,-0.009003176072747135,15:30:00
2025-12-22,LUMN,Communication Services,8.369999885559082,8.055000305175781,7.760000228881836,0.07287929092205724,0.036623223478264987,15:30:00
2025-12-30,LUMN,Communication Services,7.590000152587891,7.760000228881836,7.815000057220459,-0.029644255613862178,-0.007087606535618383,15:30:00
2026-01-02,LUMN,Communication Services,7.900000095367432,7.829999923706055,7.695000171661377,0.02594935711789002,0.017241347810994657,15:30:00
2024-07-26,MCD,Consumer Cyclical,252.89999389648438,253.5399932861328,251.99000549316406,0.0035982144139267316,0.006113385793220834,14:30:00
2024-07-29,MCD,Consumer Cyclical,253.5500030517578,260.875,261.57000732421875,-0.03163085851284251,-0.0026641392399377097,14:30:00
2024-08-01,MCD,Consumer Cyclical,266.82000732421875,263.9849853515625,268.6300048828125,-0.006783590094105585,-0.01759577168778742,14:30:00
2024-09-10,MCD,Consumer Cyclical,292.80999755859375,294.94000244140625,291.2200012207031,0.0054301299516675595,0.012612738827932141,14:30:00
2024-09-19,MCD,Consumer Cyclical,294.25,292.1300048828125,293.8500061035156,0.0013593675326571792,-0.0058877937628936845,14:30:00
2024-11-01,MCD,Consumer Cyclical,294.510009765625,296.55999755859375,294.9800109863281,-0.0015958751998859334,0.00532771306067149,14:30:00
2024-11-06,MCD,Consumer Cyclical,300.2799987792969,294.9800109863281,293.8999938964844,0.021246852633370852,0.0036613229697581343,15:30:00
2025-01-07,MCD,Consumer Cyclical,293.7799987792969,293.7749938964844,289.3800048828125,0.014977173104932457,0.01496039181340434,15:30:00
2025-02-06,MCD,Consumer Cyclical,291.5899963378906,294.9200134277344,294.3699951171875,-0.009533930567616075,0.0018649745202241033,15:30:00
2025-03-03,MCD,Consumer Cyclical,308.1099853515625,305.94000244140625,304.3699951171875,0.012138490838288028,0.005131749073968967,15:30:00
2025-04-08,MCD,Consumer Cyclical,303.7799987792969,306.4700012207031,299.760009765625,0.01323322480026899,0.02189444783617158,14:30:00
2025-08-01,MCD,Consumer Cyclical,303.5,302.2699890136719,302.8800048828125,0.0020428175195634267,-0.002018115894108937,14:30:00
2025-11-04,MCD,Consumer Cyclical,298.2099914550781,298.260009765625,299.2099914550781,-0.003353341700996086,-0.0031850789859479583,15:30:00
2025-11-21,MCD,Consumer Cyclical,306.2699890136719,309.760009765625,309.45001220703125,-0.010383071497146979,0.0010007668802319084,15:30:00
2024-01-18,MGK,Unknown,262.2300109863281,262.54998779296875,263.6499938964844,-0.005415028222037804,-0.004189701598398185,15:30:00
2024-01-24,MGK,Unknown,271.0400085449219,271.8900146484375,270.5299987792969,0.0018816770570624873,0.00500208097343762,15:30:00
2024-02-07,MGK,Unknown,277.29998779296875,279.3699951171875,279.4800109863281,-0.007861605803556592,-0.0003937998749453268,15:30:00
2024-03-21,MGK,Unknown,291.3999938964844,289.8800048828125,288.55999755859375,0.009746041171502195,0.004553633579357703,14:30:00
2024-04-04,MGK,Unknown,287.5249938964844,287.3399963378906,281.3699951171875,0.021406830397196066,0.02077678463419636,14:30:00
2024-04-05,MGK,Unknown,282.80999755859375,283.75,285.42999267578125,-0.009264153105636509,-0.005920679033590308,14:30:00
2024-04-23,MGK,Unknown,272.239990234375,274.0,274.9800109863281,-0.010064725426981558,-0.003576682431854471,14:30:00
2024-04-24,MGK,Unknown,277.3900146484375,276.3999938964844,274.82000732421875,0.009264959762433996,0.005716304656856656,14:30:00
2024-04-26,MGK,Unknown,276.69000244140625,277.3800048828125,277.9100036621094,-0.004409271061253761,-0.0019107317397329662,14:30:00
2024-04-29,MGK,Unknown,279.57000732421875,278.9949951171875,278.6499938964844,0.003290815908830416,0.0012365856977406087,14:30:00
2024-05-23,MGK,Unknown,296.8999938964844,295.79998779296875,293.05999755859375,0.012933635624221193,0.009262982919028134,14:30:00
2024-06-13,MGK,Unknown,312.3599853515625,311.6650085449219,311.5,0.0027531866816890224,0.000529441998292508,14:30:00
2024-07-15,MGK,Unknown,326.4599914550781,326.9200134277344,325.3299865722656,0.003461388569471895,0.004863657133735636,14:30:00
2024-07-18,MGK,Unknown,318.0299987792969,315.4100036621094,312.92999267578125,0.016036242251017564,0.00786281651670407,14:30:00
2024-07-22,MGK,Unknown,314.7300109863281,315.5799865722656,315.8500061035156,-0.0035585901505787846,-0.0008556294528777648,14:30:00
2024-07-29,MGK,Unknown,304.3699951171875,304.5799865722656,303.25,0.003679715921920238,0.004366624961913143,14:30:00
2024-08-01,MGK,Unknown,309.4599914550781,308.17999267578125,302.32000732421875,0.023072398138729446,0.01901481436443364,14:30:00
2024-08-07,MGK,Unknown,292.5400085449219,293.0799865722656,286.3900146484375,0.02102274463952507,0.022826437253771877,14:30:00
2024-08-30,MGK,Unknown,313.45001220703125,313.5400085449219,314.8399963378906,-0.004434468262012067,-0.004146162395675564,14:30:00
2024-09-19,MGK,Unknown,319.2300109863281,321.05999755859375,320.3399963378906,-0.003477070805883718,0.0022425753011217913,14:30:00
2024-09-26,MGK,Unknown,325.3699951171875,322.8808898925781,322.5400085449219,0.008697749069475067,0.0010557495297094251,14:30:00
2024-10-24,MGK,Unknown,326.54998779296875,326.03009033203125,326.9200134277344,-0.0011331362688649666,-0.00272957350285313,14:30:00
2024-11-06,MGK,Unknown,331.010009765625,332.1650085449219,333.1700134277344,-0.006525493484740197,-0.0030256193667569397,15:30:00
2024-12-19,MGK,Unknown,349.1000061035156,347.1099853515625,345.5,0.0103122487555848,0.004638257092868886,15:30:00
2025-01-06,MGK,Unknown,352.0,353.9808044433594,352.2799987792969,-0.0007954510775479404,0.004804796313000771,15:30:00
2025-01-16,MGK,Unknown,346.79998779296875,344.80999755859375,342.1600036621094,0.013379424147008143,0.007685374308307462,15:30:00
2025-02-27,MGK,Unknown,344.3699951171875,340.2799987792969,332.5199890136719,0.03441068116135706,0.022804777810811284,15:30:00
2025-03-12,MGK,Unknown,315.20001220703125,314.0400085449219,314.0400085449219,0.003680214521525639,0.0,14:30:00
2025-04-08,MGK,Unknown,289.42999267578125,291.1700134277344,273.6700134277344,0.05445178332192118,0.06010234293698425,14:30:00
2025-04-14,MGK,Unknown,307.7099914550781,304.8599853515625,301.8999938964844,0.018881406908887902,0.009709347232516208,14:30:00
2025-04-17,MGK,Unknown,295.239990234375,291.69000244140625,292.6000061035156,0.008941824340136425,-0.0031197629486535918,14:30:00
2025-04-23,MGK,Unknown,302.79998779296875,304.4700012207031,299.3900146484375,0.011261470548217876,0.016684686674872978,14:30:00
2025-05-01,MGK,Unknown,322.20001220703125,322.9880065917969,320.3599853515625,0.005710821805575946,0.008136590791607185,14:30:00
2025-05-12,MGK,Unknown,335.75,332.9599914550781,337.1400146484375,-0.004140028736969471,-0.012554130528091782,14:30:00
2025-05-29,MGK,Unknown,349.8900146484375,346.6000061035156,345.4949951171875,0.012561145923715565,0.003188144739957397,14:30:00
2025-06-20,MGK,Unknown,352.3800048828125,349.5,348.4599914550781,0.01112439234183567,0.0029757039911927755,14:30:00
2025-07-15,MGK,Unknown,373.30999755859375,373.2799987792969,371.6099853515625,0.004553888773804995,0.004473889394544754,14:30:00
2025-07-31,MGK,Unknown,387.42999267578125,385.3194885253906,380.70001220703125,0.01737082981694179,0.011988691088628845,14:30:00
2025-09-03,MGK,Unknown,383.75,384.7502136230469,384.5199890136719,-0.002006486029112378,0.0005983742210486699,14:30:00
2025-09-05,MGK,Unknown,391.2300109863281,386.44500732421875,386.92999267578125,0.01099102366841981,-0.0012549918937252774,14:30:00
2025-10-27,MGK,Unknown,417.0400085449219,417.19000244140625,419.489990234375,-0.005874692209990262,-0.005513046284688425,14:30:00
2025-11-20,MGK,Unknown,411.3800048828125,412.59991455078125,394.92999267578125,0.039987388817590376,0.0428258011013845,15:30:00
2025-12-15,MGK,Unknown,412.2799987792969,407.43499755859375,407.9599914550781,0.010478333503952858,-0.001288534121099587,15:30:00
2025-12-19,MGK,Unknown,409.6700134277344,410.5,412.8999938964844,-0.007884346822762432,-0.005846513755138551,15:30:00
2024-01-18,MP,Basic Materials,16.1299991607666,15.805000305175781,15.859999656677246,0.01673896578656259,-0.0034798703220178867,15:30:00
2024-01-23,MP,Basic Materials,16.389999389648438,16.155000686645508,16.15999984741211,0.014032919511979406,-0.00030944974027355545,15:30:00
2024-01-24,MP,Basic Materials,16.600000381469727,16.1200008392334,16.059999465942383,0.032530174886630535,0.00372216936521382,15:30:00
2024-01-25,MP,Basic Materials,16.264999389648438,15.824999809265137,15.800000190734863,0.028588946594705344,0.0015797547444921164,15:30:00
2024-02-01,MP,Basic Materials,16.149999618530273,16.100000381469727,16.15999984741211,-0.0006192092333155118,-0.0037266748149546083,15:30:00
2024-02-07,MP,Basic Materials,16.899999618530273,16.420000076293945,16.530000686645508,0.02189342841635774,-0.006699184521343196,15:30:00
2024-02-29,MP,Basic Materials,15.550000190734863,15.600000381469727,15.199999809265137,0.022508062840942398,0.02564106169380135,15:30:00
2024-03-01,MP,Basic Materials,15.350000381469727,15.414999961853027,15.46500015258789,-0.007491841580472528,-0.0032436062833990946,15:30:00
2024-03-05,MP,Basic Materials,15.710000038146973,15.260000228881836,14.270000457763672,0.09166133525695087,0.06487547550913146,15:30:00
2024-03-06,MP,Basic Materials,14.59000015258789,14.524999618530273,14.739999771118164,-0.010280988139925918,-0.014802076298412022,15:30:00
2024-03-08,MP,Basic Materials,15.5,15.239999771118164,15.25,0.016129032258064516,-0.0006561830073506765,15:30:00
2024-03-21,MP,Basic Materials,14.0,14.194999694824219,14.220000267028809,-0.015714304787772044,-0.0017612238634781762,14:30:00
2024-04-01,MP,Basic Materials,14.739999771118164,14.550000190734863,15.079999923706055,-0.023066496463188105,-0.036426098008485536,14:30:00
2024-04-12,MP,Basic Materials,17.649999618530273,17.114999771118164,16.850000381469727,0.04532573679042172,0.015483458556372768,14:30:00
2024-04-15,MP,Basic Materials,16.989999771118164,16.799999237060547,16.5049991607666,0.028546239957932804,0.017559529148262077,14:30:00
2024-04-17,MP,Basic Materials,16.56999969482422,16.90999984741211,16.780000686645508,-0.012673566426611623,0.007687709162605139,14:30:00
2024-04-18,MP,Basic Materials,16.940000534057617,16.479999542236328,16.450000762939453,0.028925605411465417,0.0018203143282857265,14:30:00
2024-04-26,MP,Basic Materials,16.149999618530273,16.165000915527344,16.0,0.009287902295562043,0.010207293917864959,14:30:00
2024-04-29,MP,Basic Materials,16.270000457763672,16.34000015258789,16.40999984741211,-0.008604756343545952,-0.004283947011660974,14:30:00
2024-05-10,MP,Basic Materials,16.459999084472656,16.165000915527344,16.1299991607666,0.02004859915316497,0.0021652800976411416,14:30:00
2024-05-13,MP,Basic Materials,16.229999542236328,16.899999618530273,16.350000381469727,-0.007393767259272735,0.03254433428847486,14:30:00
2024-05-15,MP,Basic Materials,18.850000381469727,17.950000762939453,17.93000030517578,0.048806369107469126,0.0011142315829292837,14:30:00
2024-05-28,MP,Basic Materials,17.40999984741211,16.799999237060547,16.700000762939453,0.040781108023857524,0.005952290396567317,14:30:00
2024-05-31,MP,Basic Materials,16.100000381469727,16.110000610351562,16.229999542236328,-0.008074481843877714,-0.007448722988108374,14:30:00
2024-06-03,MP,Basic Materials,16.479999542236328,16.200000762939453,16.139999389648438,0.02063107779320683,0.0037037883003240373,14:30:00
2024-06-12,MP,Basic Materials,15.079999923706055,14.819999694824219,14.630000114440918,0.029840836309138717,0.012820484770297047,14:30:00
2024-06-20,MP,Basic Materials,13.470000267028809,13.449999809265137,13.680000305175781,-0.015590202968369661,-0.01710040886039321,14:30:00
2024-06-28,MP,Basic Materials,13.029999732971191,12.8100004196167,12.720000267028809,0.02379121046011676,0.0070257728056017975,14:30:00
2024-07-01,MP,Basic Materials,13.25,13.220000267028809,12.8100004196167,0.03320751550062647,0.03101360356509711,14:30:00
2024-07-05,MP,Basic Materials,14.239999771118164,14.0649995803833,14.079999923706055,0.011235944521335181,-0.0010665015122840917,14:30:00
2024-07-22,MP,Basic Materials,14.369999885559082,14.050000190734863,14.239999771118164,0.00904663294893688,-0.013523101623058637,14:30:00
2024-08-07,MP,Basic Materials,11.239999771118164,10.970000267028809,10.520000457763672,0.06405687971672139,0.041020947886177016,14:30:00
2024-08-09,MP,Basic Materials,11.40999984741211,11.170000076293945,11.15999984741211,0.021910605025704907,0.000895275632366323,14:30:00
2024-08-12,MP,Basic Materials,11.239999771118164,11.170000076293945,11.154999732971191,0.007562281127921837,0.0013429134485494845,14:30:00
2024-08-14,MP,Basic Materials,11.609999656677246,11.414999961853027,11.609999656677246,0.0,-0.017082759130606598,14:30:00
2024-08-26,MP,Basic Materials,13.119999885559082,13.0,12.890000343322754,0.01753045306726595,0.008461512052095853,14:30:00
2024-08-30,MP,Basic Materials,13.020000457763672,12.843799591064453,12.899999618530273,0.009216653994957686,-0.004375654343354842,14:30:00
2024-09-06,MP,Basic Materials,13.880000114440918,14.010000228881836,13.920000076293945,-0.0028818416083016387,0.006423993655785522,14:30:00
2024-09-13,MP,Basic Materials,13.880000114440918,13.885000228881836,13.789999961853027,0.006484160795809605,0.0068419348550820295,14:30:00
2024-09-18,MP,Basic Materials,14.3100004196167,14.234999656677246,14.119999885559082,0.013277465303016843,0.008078663427590659,14:30:00
2024-09-19,MP,Basic Materials,14.779999732971191,14.5,14.199999809265137,0.039242214762168916,0.020689668326542295,14:30:00
2024-09-26,MP,Basic Materials,16.799999237060547,16.59950065612793,16.920000076293945,-0.0071429074216074,-0.01930777478223111,14:30:00
2024-10-18,MP,Basic Materials,18.489999771118164,18.5,18.594999313354492,-0.005678720580642732,-0.00513509801916174,14:30:00
2024-10-22,MP,Basic Materials,18.239999771118164,17.989999771118164,18.309999465942383,-0.0038377026152740775,-0.017787643073679107,14:30:00
2024-11-01,MP,Basic Materials,18.200000762939453,18.309999465942383,18.219999313354492,-0.0010988214053134538,0.004915355281975617,14:30:00
2024-11-13,MP,Basic Materials,20.0,19.469999313354492,19.100000381469727,0.04499998092651367,0.019003541085437173,15:30:00
2024-11-15,MP,Basic Materials,18.729999542236328,18.530000686645508,18.270000457763672,0.024559481885482907,0.014031312425650205,15:30:00
2024-12-09,MP,Basic Materials,20.3700008392334,20.6200008392334,20.530000686645508,-0.00785468045263619,0.004364701693738467,15:30:00
2024-12-19,MP,Basic Materials,16.950000762939453,16.760000228881836,16.18000030517578,0.04542775357551896,0.03460620022585466,15:30:00
2024-12-24,MP,Basic Materials,16.420000076293945,16.469999313354492,16.549999237060547,-0.007917123030607369,-0.0048573119029329745,15:30:00
2025-01-06,MP,Basic Materials,19.25,19.790000915527344,20.450000762939453,-0.062337701970880684,-0.033350167603795805,15:30:00
2025-01-07,MP,Basic Materials,20.719999313354492,20.670000076293945,20.559999465942383,0.0077220006136286875,0.00532175181158902,15:30:00
2025-01-10,MP,Basic Materials,19.5,19.702299118041992,19.739999771118164,-0.012307680570162259,-0.0019135154151450398,15:30:00
2025-01-14,MP,Basic Materials,19.84000015258789,19.690000534057617,19.389999389648438,0.022681489893071193,0.015236218195640493,15:30:00
2025-01-17,MP,Basic Materials,21.440000534057617,21.280000686645508,20.940000534057617,0.02332089494147847,0.015977450263958935,15:30:00
2025-01-21,MP,Basic Materials,21.200000762939453,20.530000686645508,20.889999389648438,0.014622705761074363,-0.017535250412198188,15:30:00
2025-01-22,MP,Basic Materials,21.5,21.440000534057617,21.09000015258789,0.019069760344749272,0.016324644251465764,15:30:00
2025-02-03,MP,Basic Materials,22.350000381469727,22.479999542236328,22.209999084472656,0.006264040027182491,0.012010696764311945,15:30:00
2025-02-06,MP,Basic Materials,24.200000762939453,24.059999465942383,24.100000381469727,0.004132247037895548,-0.0016625484794364268,15:30:00
2025-02-14,MP,Basic Materials,24.68000030517578,24.135000228881836,23.719999313354492,0.03889793273705762,0.01719498287100578,15:30:00
2025-02-21,MP,Basic Materials,24.56999969482422,24.045000076293945,24.309999465942383,0.010582020028946364,-0.011020976868688031,15:30:00
2025-02-24,MP,Basic Materials,24.440000534057617,23.719999313354492,24.25,0.007774162434769498,-0.022344043085495136,15:30:00
2025-02-26,MP,Basic Materials,24.110000610351562,24.260000228881836,23.780000686645508,0.013687263183409881,0.01978563634409544,15:30:00
2025-03-03,MP,Basic Materials,24.139999389648438,23.940000534057617,22.549999237060547,0.0658657909191872,0.05806187410144879,15:30:00
2025-03-12,MP,Basic Materials,24.530000686645508,23.899999618530273,24.34000015258789,0.0077456391658829536,-0.018410064480355627,14:30:00
2025-03-24,MP,Basic Materials,26.219999313354492,26.280000686645508,26.469999313354492,-0.0095347065807385,-0.0072297801272712455,14:30:00
2025-03-25,MP,Basic Materials,26.6200008392334,26.66189956665039,26.950000762939453,-0.012396690958014185,-0.010805726560062106,14:30:00
2025-04-04,MP,Basic Materials,26.100000381469727,23.739999771118164,23.040000915527344,0.11724135713480285,0.029486051488611706,14:30:00
2025-04-08,MP,Basic Materials,26.0,24.479000091552734,21.934999465942383,0.15634617438683143,0.10392583913132304,14:30:00
2025-04-15,MP,Basic Materials,29.280000686645508,26.885000228881836,25.059999465942383,0.14412572137089638,0.06788174623033492,14:30:00
2025-04-28,MP,Basic Materials,24.770000457763672,25.13290023803711,24.860000610351562,-0.0036334336263478687,0.010858262480687763,14:30:00
2025-05-12,MP,Basic Materials,22.56999969482422,21.1200008392334,21.13591194152832,0.06353955572382064,-0.0007533665559977036,14:30:00
2025-05-14,MP,Basic Materials,22.145000457763672,21.520000457763672,21.09000015258789,0.04764056371043856,0.019981426395400098,14:30:00
2025-05-22,MP,Basic Materials,19.799999237060547,19.895000457763672,20.100000381469727,-0.01515157353378348,-0.010304092434743176,14:30:00
2025-05-29,MP,Basic Materials,19.75,19.969999313354492,19.780000686645508,-0.0015190221086333069,0.00951420296654327,14:30:00
2025-06-02,MP,Basic Materials,22.8700008392334,21.190000534057617,20.479999542236328,0.10450376953624908,0.033506416891313444,14:30:00
2025-06-03,MP,Basic Materials,20.700000762939453,21.405000686645508,22.0,-0.06280189319548332,-0.027797210664221552,14:30:00
2025-06-06,MP,Basic Materials,26.5,25.684999465942383,25.690000534057617,0.030566017582731426,-0.00019470773678098208,14:30:00
2025-06-10,MP,Basic Materials,28.479999542236328,27.81999969482422,27.219999313354492,0.04424158178139132,0.021567231777552962,14:30:00
2025-06-20,MP,Basic Materials,38.63999938964844,37.878299713134766,37.709999084472656,0.024068331259470103,0.004443193858665971,14:30:00
2025-06-24,MP,Basic Materials,36.79999923706055,35.64500045776367,34.91999816894531,0.051086986605747606,0.020339522499864354,14:30:00
2025-07-08,MP,Basic Materials,31.25,30.885000228881836,31.170000076293945,0.00255999755859375,-0.009227775467056474,14:30:00
2025-07-09,MP,Basic Materials,31.549999237060547,30.260000228881836,30.030000686645508,0.04817745125741735,0.0076007779410657015,14:30:00
2025-07-10,MP,Basic Materials,48.099998474121094,45.4900016784668,45.290000915527344,0.05841990951632968,0.004396587284236697,14:30:00
2025-07-16,MP,Basic Materials,61.08000183105469,59.70000076293945,58.45109939575195,0.04304031362956068,0.02091962062356945,14:30:00
2025-07-21,MP,Basic Materials,63.71500015258789,62.72999954223633,58.994998931884766,0.07407990597817513,0.05954089969085324,14:30:00
2025-07-28,MP,Basic Materials,62.66999816894531,62.798099517822266,64.11990356445312,-0.02313555828738288,-0.021048472115875544,14:30:00
2025-07-29,MP,Basic Materials,65.04000091552734,62.334999084472656,60.2400016784668,0.07380072523822209,0.033608685919235264,14:30:00
2025-08-06,MP,Basic Materials,69.6500015258789,69.1500015258789,67.45999908447266,0.031442963294014296,0.02443965877244093,14:30:00
2025-08-07,MP,Basic Materials,71.0,71.0999984741211,71.0199966430664,-0.0002816428600902289,0.0011252015860985776,14:30:00
2025-08-08,MP,Basic Materials,76.94000244140625,74.25,74.37000274658203,0.03340264639036638,-0.001616198607165404,14:30:00
2025-08-11,MP,Basic Materials,74.93000030517578,77.08999633789062,72.69000244140625,0.029894539632276014,0.057076068303323124,14:30:00
2025-08-13,MP,Basic Materials,75.54000091552734,75.6500015258789,75.38999938964844,0.0019857231143887008,0.003436908539142928,14:30:00
2025-08-25,MP,Basic Materials,68.48999786376953,72.02200317382812,72.26499938964844,-0.05511755940462427,-0.0033739163743312017,14:30:00
2025-09-03,MP,Basic Materials,68.30999755859375,67.1449966430664,66.04000091552734,0.033230811362850485,0.01645685878000811,14:30:00
2025-09-05,MP,Basic Materials,64.69999694824219,62.279998779296875,63.04999923706055,0.02550228421960488,-0.01236352718137232,14:30:00
2025-09-10,MP,Basic Materials,63.959999084472656,62.599998474121094,62.400001525878906,0.024390206080732498,0.00319483950666335,14:30:00
2025-09-15,MP,Basic Materials,66.01000213623047,66.2300033569336,65.95999908447266,0.0007575071979942818,0.004076766703540728,14:30:00
2025-09-18,MP,Basic Materials,68.06999969482422,69.52999877929688,72.12999725341797,-0.05964444802109286,-0.037393909388292186,14:30:00
2025-09-24,MP,Basic Materials,76.41999816894531,74.65499877929688,71.2300033569336,0.0679140923366414,0.045877643538493926,14:30:00
2025-09-29,MP,Basic Materials,69.31999969482422,67.11000061035156,68.19499969482422,0.01622908258731568,-0.016167472427429806,14:30:00
2025-10-07,MP,Basic Materials,75.9000015258789,75.7699966430664,73.79000091552734,0.02779974397803056,0.02613165916934548,14:30:00
2025-10-08,MP,Basic Materials,75.23999786376953,72.0199966430664,70.61000061035156,0.061536382042449,0.019577840855822762,14:30:00
2025-10-09,MP,Basic Materials,73.6500015258789,75.11669921875,72.31999969482422,0.01805840873726738,0.03723139532238249,14:30:00
2025-10-10,MP,Basic Materials,74.41000366210938,74.16000366210938,78.35700225830078,-0.053043924229791074,-0.056593829408557346,14:30:00
2025-10-14,MP,Basic Materials,97.79000091552734,94.58999633789062,98.69000244140625,-0.009203410547631989,-0.0433450286737484,14:30:00
2025-10-16,MP,Basic Materials,91.93000030517578,88.17070007324219,83.83999633789062,0.08800178331805877,0.04911726607312981,14:30:00
2025-10-20,MP,Basic Materials,83.5,78.7300033569336,82.91000366210938,0.007065824405875749,-0.05309285058994802,14:30:00
2025-10-23,MP,Basic Materials,70.875,69.86000061035156,68.43000030517578,0.03449735019152337,0.02046951463902349,14:30:00
2025-10-29,MP,Basic Materials,65.44000244140625,64.93000030517578,64.25,0.018184633206145672,0.010472821530567222,14:30:00
2025-10-30,MP,Basic Materials,66.97000122070312,63.91999816894531,64.94000244140625,0.03031206125570923,-0.01595751410638327,14:30:00
2025-11-06,MP,Basic Materials,56.38999938964844,53.7666015625,51.939998626708984,0.07891471557200165,0.03397281737562889,15:30:00
2025-11-10,MP,Basic Materials,61.54999923706055,62.869998931884766,64.16999816894531,-0.0425670018580148,-0.020677576891149702,15:30:00
2025-11-13,MP,Basic Materials,60.15999984741211,58.130001068115234,57.525001525878906,0.04379983923232261,0.010407698797861801,15:30:00
2025-11-20,MP,Basic Materials,64.25,61.64500045776367,56.689998626708984,0.11766539102398468,0.0803796219362449,15:30:00
2025-11-26,MP,Basic Materials,58.77000045776367,59.82500076293945,60.150001525878906,-0.023481386036520484,-0.005432524175424423,15:30:00
2025-12-05,MP,Basic Materials,63.63999938964844,62.951698303222656,62.06999969482422,0.02467001429732245,0.01400595428182914,15:30:00
2025-12-15,MP,Basic Materials,57.06999969482422,54.47999954223633,53.2400016784668,0.06711053157241863,0.022760607088629044,15:30:00
2025-12-17,MP,Basic Materials,54.130001068115234,54.47999954223633,52.040000915527344,0.038610753950621766,0.04478705299579424,15:30:00
2025-12-18,MP,Basic Materials,53.439998626708984,53.29999923706055,52.04999923706055,0.026010468289078964,0.02345215793419468,15:30:00
2025-12-22,MP,Basic Materials,54.540000915527344,54.43000030517578,54.369998931884766,0.003117014682597469,0.0011023584963182529,15:30:00
2025-12-31,MP,Basic Materials,50.869998931884766,50.46500015258789,50.4900016784668,0.007469967788416653,-0.000495423081409109,15:30:00
2026-01-02,MP,Basic Materials,51.47999954223633,52.97999954223633,54.9900016784668,-0.06818186028441428,-0.03793888549636679,15:30:00
2026-01-05,MP,Basic Materials,57.22999954223633,56.79999923706055,58.630001068115234,-0.024462721248943758,-0.03221834252879106,15:30:00
2026-01-07,MP,Basic Materials,60.400001525878906,60.68000030517578,62.5,-0.034768185779288946,-0.02999340286207908,15:30:00
2026-01-12,MP,Basic Materials,63.369998931884766,63.45000076293945,65.31999969482422,-0.030771671071597662,-0.02947200802835946,15:30:00
2024-01-24,MRVL,Technology,71.75,72.25,72.31999969482422,-0.007944246617759146,-0.0009688539076016436,15:30:00
2024-01-25,MRVL,Technology,73.27999877929688,71.87000274658203,69.9800033569336,0.04503268937411062,0.026297472066512777,15:30:00
2024-02-22,MRVL,Technology,69.0,69.69999694824219,69.80000305175781,-0.011594247126924818,-0.001434807860750518,15:30:00
2024-03-06,MRVL,Technology,81.25,80.30999755859375,81.4000015258789,-0.001846172626201923,-0.013572456735413236,15:30:00
2024-03-21,MRVL,Technology,68.0,67.63099670410156,66.55999755859375,0.02117650649126838,0.015835921363005146,14:30:00
2024-03-27,MRVL,Technology,71.55000305175781,71.83000183105469,72.27999877929688,-0.010202595337571103,-0.006264749224155493,14:30:00
2024-04-04,MRVL,Technology,75.0,74.55000305175781,70.81999969482422,0.05573333740234375,0.050033577521706674,14:30:00
2024-04-15,MRVL,Technology,71.16000366210938,69.9800033569336,67.83999633789062,0.046655524920757654,0.030580264595413707,14:30:00
2024-04-24,MRVL,Technology,64.7699966430664,65.20999908447266,64.86000061035156,-0.0013895935147433904,0.005367251633721199,14:30:00
2024-05-23,MRVL,Technology,75.94000244140625,75.22000122070312,75.02999877929688,0.01198319242630411,0.0025259563722787445,14:30:00
2024-06-03,MRVL,Technology,70.1500015258789,70.0999984741211,68.19999694824219,0.02779764127185865,0.02710415930437334,14:30:00
2024-06-05,MRVL,Technology,67.44999694824219,69.48999786376953,69.83000183105469,-0.035285470578135074,-0.004892847571411805,14:30:00
2024-06-13,MRVL,Technology,74.5,72.28500366210938,72.83000183105469,0.022416082804635067,-0.007539574480660802,14:30:00
2024-06-18,MRVL,Technology,72.52999877929688,72.58999633789062,73.12999725341797,-0.008272418092089623,-0.007439054177847827,14:30:00
2024-06-28,MRVL,Technology,69.43000030517578,71.73999786376953,69.93000030517578,-0.007201497879911814,0.025229963932126676,14:30:00
2024-07-18,MRVL,Technology,69.3499984741211,68.08499908447266,68.19999694824219,0.016582574638527862,-0.0016890337859423936,14:30:00
2024-07-26,MRVL,Technology,65.91000366210938,65.80999755859375,65.7300033569336,0.002731001292285781,0.0012155326641508173,14:30:00
2024-07-30,MRVL,Technology,64.45999908447266,63.81999969482422,62.790000915527344,0.02590751152132094,0.016139122284897278,14:30:00
2024-08-07,MRVL,Technology,60.349998474121094,59.150001525878906,56.15999984741211,0.06942831371413727,0.0505494776218836,14:30:00
2024-08-15,MRVL,Technology,66.75,68.02999877929688,69.36000061035156,-0.03910113273934925,-0.019550225708065694,14:30:00
2024-08-23,MRVL,Technology,70.43000030517578,72.06999969482422,71.8499984741211,-0.02016183675695596,0.0030526047125670323,14:30:00
2024-08-30,MRVL,Technology,78.02999877929688,73.36000061035156,76.31999969482422,0.021914636822041804,-0.04034895119745925,14:30:00
2024-09-09,MRVL,Technology,67.8499984741211,67.91000366210938,68.9800033569336,-0.016654457011424977,-0.015756142499241666,14:30:00
2024-09-11,MRVL,Technology,72.78500366210938,71.55999755859375,74.87999725341797,-0.028783313675907824,-0.04639463119189996,14:30:00
2024-09-19,MRVL,Technology,74.83000183105469,74.8499984741211,74.86000061035156,-0.0004008924036191245,-0.00013362907727949955,14:30:00
2024-10-17,MRVL,Technology,84.16999816894531,81.71649932861328,79.88999938964844,0.050849457911429405,0.022351666480716327,14:30:00
2024-12-11,MRVL,Technology,109.88999938964844,110.12999725341797,111.36000061035156,-0.013377024559721657,-0.011168649665025027,15:30:00
2024-12-19,MRVL,Technology,107.61000061035156,106.77999877929688,109.16000366210938,-0.014403894089456122,-0.02228886411332259,15:30:00
2024-12-23,MRVL,Technology,112.12999725341797,111.52999877929688,113.75,-0.01444754112426102,-0.019904969470108343,15:30:00
2025-01-03,MRVL,Technology,115.17980194091797,115.70999908447266,118.19000244140625,-0.026134794901213478,-0.02143292175746279,15:30:00
2025-01-06,MRVL,Technology,122.29000091552734,122.80000305175781,118.9800033569336,0.027066788239540153,0.03110748859846659,15:30:00
2025-01-14,MRVL,Technology,116.73999786376953,115.63500213623047,115.2300033569336,0.012934679925196119,0.0035023891712281274,15:30:00
2025-01-22,MRVL,Technology,124.80000305175781,124.7750015258789,125.19000244140625,-0.00312499503294639,-0.003325994072949546,15:30:00
2025-01-28,MRVL,Technology,103.30000305175781,104.75499725341797,103.87999725341797,-0.005614658127062725,0.00835282347326347,15:30:00
2025-01-29,MRVL,Technology,104.71499633789062,104.55999755859375,106.80999755859375,-0.020006697168216955,-0.021518745720504977,15:30:00
2025-01-30,MRVL,Technology,111.56999969482422,109.98750305175781,110.31999969482422,0.011203728631523767,-0.003023040198575472,15:30:00
2025-01-31,MRVL,Technology,111.9000015258789,114.26000213623047,112.80000305175781,-0.008042908968779277,0.012777866770314965,15:30:00
2025-02-10,MRVL,Technology,111.79000091552734,112.24500274658203,112.7699966430664,-0.008766398779078493,-0.00467721398403513,15:30:00
2025-02-26,MRVL,Technology,95.8499984741211,95.79000091552734,94.9000015258789,0.009911288089364766,0.00929115128032294,15:30:00
2025-02-27,MRVL,Technology,98.01000213623047,92.72000122070312,87.5199966430664,0.10702994862282854,0.05608287865806917,15:30:00
2025-03-12,MRVL,Technology,69.7249984741211,69.48999786376953,69.83999633789062,-0.0016493060779659032,-0.005036674124055123,14:30:00
2025-04-08,MRVL,Technology,54.2400016784668,55.724998474121094,50.060001373291016,0.07706489999677185,0.10165988794886957,14:30:00
2025-04-14,MRVL,Technology,55.845001220703125,54.18000030517578,52.220001220703125,0.06491180805375509,0.036175693492667235,14:30:00
2025-04-22,MRVL,Technology,50.060001373291016,50.470001220703125,50.6150016784668,-0.011086701756901985,-0.002873002858264084,14:30:00
2025-04-23,MRVL,Technology,54.875,54.720001220703125,53.7599983215332,0.0203189371930168,0.017543912239656678,14:30:00
2025-05-01,MRVL,Technology,60.14500045776367,61.17499923706055,60.959999084472656,-0.013550563147494036,0.003514510098393936,14:30:00
2025-05-08,MRVL,Technology,58.05500030517578,57.88999938964844,57.630001068115234,0.007320631036542375,0.004491247612272295,14:30:00
2025-05-29,MRVL,Technology,67.30999755859375,63.779998779296875,63.779998779296875,0.05244389997524499,0.0,14:30:00
2025-06-06,MRVL,Technology,66.96499633789062,68.37999725341797,68.31999969482422,-0.0202345020687606,0.0008774138783802163,14:30:00
2025-07-24,MRVL,Technology,73.66500091552734,72.83999633789062,74.04000091552734,-0.005090612846526909,-0.016474528253270775,14:30:00
2025-07-28,MRVL,Technology,75.0999984741211,75.87999725341797,75.91000366210938,-0.010785688474646282,-0.00039544556902385274,14:30:00
2025-07-29,MRVL,Technology,76.4000015258789,78.33000183105469,76.3499984741211,0.0006544901931824571,0.025277713655671104,14:30:00
2025-07-30,MRVL,Technology,83.16000366210938,83.63999938964844,81.7699966430664,0.01671485038277247,0.02235775657852849,14:30:00
2025-07-31,MRVL,Technology,82.75,82.5199966430664,80.37999725341797,0.02864051657500944,0.025933100784102457,14:30:00
2025-08-04,MRVL,Technology,75.66000366210938,76.22000122070312,76.52999877929688,-0.011498745375070537,-0.0040671418739041875,14:30:00
2025-10-06,MRVL,Technology,88.97000122070312,88.7699966430664,88.7699966430664,0.0022480001673887595,0.0,14:30:00
2025-10-10,MRVL,Technology,92.97000122070312,93.69999694824219,85.36000061035156,0.08185436711231237,0.08900743446659294,14:30:00
2025-10-24,MRVL,Technology,83.8499984741211,84.31999969482422,84.08999633789062,-0.0028622286003213535,0.0027277438065231867,14:30:00
2025-10-27,MRVL,Technology,86.08000183105469,86.7300033569336,88.69499969482422,-0.030378692009113438,-0.022656477134029008,14:30:00
2025-10-31,MRVL,Technology,93.44999694824219,95.30000305175781,93.70999908447266,-0.002782259440569831,0.01668419639421857,14:30:00
2025-11-10,MRVL,Technology,93.0999984741211,93.94999694824219,93.19999694824219,-0.001074097483996095,0.007982969924024384,15:30:00
2025-11-19,MRVL,Technology,79.08999633789062,81.0999984741211,81.30000305175781,-0.02794293610061039,-0.0024661477361252967,15:30:00
2025-11-20,MRVL,Technology,83.3499984741211,83.99500274658203,76.69999694824219,0.07978406295884494,0.08685047395437696,15:30:00
2025-11-24,MRVL,Technology,78.48390197753906,80.91000366210938,83.76499938964844,-0.0672889252323457,-0.03528606597846533,15:30:00
2025-12-15,MRVL,Technology,84.8499984741211,84.0,84.28500366210938,0.006658748640803333,-0.0033929007393973215,15:30:00
2025-12-17,MRVL,Technology,86.5,86.7249984741211,81.70999908447266,0.05537573312748374,0.057826456937268476,15:30:00
2025-12-22,MRVL,Technology,86.58000183105469,85.50499725341797,84.79000091552734,0.020674530811632563,0.008362041528070381,15:30:00
2025-12-26,MRVL,Technology,87.08999633789062,86.5999984741211,86.31999969482422,0.008841390233603677,0.00323324231212946,15:30:00
2026-01-02,MRVL,Technology,86.73999786376953,88.16000366210938,89.37000274658203,-0.030320555079365846,-0.013725034417083474,15:30:00
2026-01-06,MRVL,Technology,93.0000991821289,93.12000274658203,88.2699966430664,0.0508612633820873,0.052083397341755815,15:30:00
2024-01-24,MSFT,Technology,401.5400085449219,403.7799987792969,402.57000732421875,-0.002565121176914168,0.002996660207875966,15:30:00
2024-03-21,MSFT,Technology,429.8500061035156,428.010009765625,429.3699951171875,0.0011166941479873555,-0.003177461555880942,14:30:00
2024-04-04,MSFT,Technology,424.989990234375,425.70001220703125,417.8999938964844,0.016682737242777433,0.018322804996194084,14:30:00
2024-04-15,MSFT,Technology,426.54998779296875,423.1199951171875,413.5799865722656,0.030406755578195617,0.022546815690616725,14:30:00
2024-04-17,MSFT,Technology,417.5950012207031,415.7914123535156,411.739990234375,0.014020788010423748,0.0097438811836162,14:30:00
2024-05-01,MSFT,Technology,392.44000244140625,393.6600036621094,394.8999938964844,-0.006268452348828576,-0.003149901495807845,14:30:00
2024-05-23,MSFT,Technology,433.0,431.70001220703125,427.1499938964844,0.01351040670557881,0.010539768778984453,14:30:00
2024-07-29,MSFT,Technology,431.6199951171875,427.2300109863281,426.79998779296875,0.011167247529647203,0.0010065378889619631,14:30:00
2024-08-01,MSFT,Technology,420.7850036621094,424.2250061035156,417.05999755859375,0.00885251629952765,0.01688964215177248,14:30:00
2024-08-30,MSFT,Technology,415.8299865722656,415.94000244140625,417.1400146484375,-0.0031503934744355187,-0.00288506082605098,14:30:00
2024-09-09,MSFT,Technology,407.239990234375,404.29010009765625,405.7200012207031,0.0037324158975573347,-0.003536819533056789,14:30:00
2024-09-10,MSFT,Technology,408.17999267578125,415.2850036621094,414.2300109863281,-0.014821937427375146,0.0025404063871269224,14:30:00
2024-12-19,MSFT,Technology,441.6199951171875,440.8500061035156,437.1000061035156,0.010235018938561553,0.008506294540278321,15:30:00
2025-01-02,MSFT,Technology,425.5299987792969,423.1199951171875,418.69000244140625,0.01607406377344085,0.010469825881318413,15:30:00
2025-01-03,MSFT,Technology,421.0249938964844,420.9100036621094,423.3500061035156,-0.0055222664704862885,-0.005796969471329058,15:30:00
2025-01-06,MSFT,Technology,428.0799865722656,432.6474914550781,428.07000732421875,2.331164352433554e-05,0.010580170280115113,15:30:00
2025-01-22,MSFT,Technology,437.4700012207031,439.7650146484375,446.1600036621094,-0.019864224786060595,-0.014541832116372963,15:30:00
2025-01-31,MSFT,Technology,418.7300109863281,417.3869934082031,414.9700012207031,0.008979556437257055,0.005790770257989782,15:30:00
2025-02-10,MSFT,Technology,413.68499755859375,414.1300048828125,412.2099914550781,0.003565529599140726,0.00463625770916475,15:30:00
2025-03-12,MSFT,Technology,382.85198974609375,380.4825134277344,383.2799987792969,-0.001117949089116604,-0.007352467597946077,14:30:00
2025-04-08,MSFT,Technology,368.2550048828125,372.1199951171875,355.57000732421875,0.034446232611639364,0.04447486834927226,14:30:00
2025-04-17,MSFT,Technology,373.44000244140625,370.3399963378906,367.6000061035156,0.015638379123047847,0.007398580389559353,14:30:00
2025-04-22,MSFT,Technology,363.4200134277344,362.93499755859375,366.739990234375,-0.009135371426925552,-0.010483950848986274,14:30:00
2025-04-23,MSFT,Technology,376.29998779296875,378.82000732421875,374.04998779296875,0.005979272051525806,0.012591783535782226,14:30:00
2025-05-01,MSFT,Technology,431.1099853515625,431.07000732421875,425.1300048828125,0.013871124937812406,0.01377966998510899,14:30:00
2025-05-29,MSFT,Technology,461.510009765625,458.7300109863281,458.45001220703125,0.006630403444873819,0.0006103781583743385,14:30:00
2025-06-06,MSFT,Technology,470.30999755859375,471.80999755859375,470.1600036621094,0.00031892559644277593,0.003497157552875855,14:30:00
2025-06-24,MSFT,Technology,488.6300048828125,487.57000732421875,490.1199951171875,-0.003049322021745968,-0.00522999313875574,14:30:00
2025-07-24,MSFT,Technology,509.43109130859375,508.8800048828125,510.8500061035156,-0.0027852928867711196,-0.003871249020988331,14:30:00
2025-07-29,MSFT,Technology,515.6900024414062,514.344970703125,512.9500122070312,0.005313250637792466,0.002712106806812556,14:30:00
2025-07-31,MSFT,Technology,546.7050170898438,537.760009765625,533.5650024414062,0.024034926034487283,0.0078008911931682755,14:30:00
2025-08-04,MSFT,Technology,528.1900024414062,535.0150146484375,535.469970703125,-0.013782858872885122,-0.0008503612837603354,14:30:00
2025-09-08,MSFT,Technology,498.1050109863281,500.6000061035156,498.25,-0.00029108121876704956,0.004694378895052757,14:30:00
2025-10-31,MSFT,Technology,528.8049926757812,517.9199829101562,517.8150024414062,0.020782690002159526,0.0002026963087234481,14:30:00
2025-11-20,MSFT,Technology,492.7099914550781,492.82000732421875,478.2900085449219,0.029266674433719015,0.029483378441122848,15:30:00
2025-11-24,MSFT,Technology,475.0,472.4599914550781,473.7900085449219,0.002547350431743421,-0.0028150893491480093,15:30:00
2025-11-26,MSFT,Technology,486.04998779296875,483.30999755859375,485.489990234375,0.0011521398470485692,-0.004510547447380209,15:30:00
2024-01-24,MU,Technology,88.41000366210938,87.80000305175781,88.08499908447266,0.0036761063700307107,-0.00324596836912226,15:30:00
2024-01-25,MU,Technology,89.25,89.7249984741211,89.19999694824219,0.0005602582830007002,0.005851229142459441,15:30:00
2024-02-14,MU,Technology,82.18000030517578,82.76499938964844,81.80999755859375,0.004502345402872043,0.011538716100976993,15:30:00
2024-03-06,MU,Technology,95.0,95.20999908447266,95.55999755859375,-0.005894711143092105,-0.003676068453803539,15:30:00
2024-03-18,MU,Technology,96.80999755859375,95.19999694824219,93.75,0.03160828050575771,0.015231060868946392,14:30:00
2024-03-21,MU,Technology,113.19999694824219,110.0999984741211,109.81999969482422,0.029858633785682754,0.002543131545661996,14:30:00
2024-03-26,MU,Technology,119.0,120.58999633789062,118.79499816894531,0.0017227044626444328,0.014885133290126036,14:30:00
2024-04-01,MU,Technology,119.22799682617188,126.30999755859375,124.29000091552734,-0.04245650538552286,0.015992373383819862,14:30:00
2024-04-04,MU,Technology,130.36900329589844,126.55999755859375,124.05000305175781,0.048470112406999034,0.01983244749727401,14:30:00
2024-04-15,MU,Technology,123.79000091552734,123.56999969482422,121.37000274658203,0.019549221674185845,0.01780364937829109,14:30:00
2024-05-23,MU,Technology,131.77000427246094,129.64999389648438,126.2699966430664,0.04173945094531652,0.02607016901301699,14:30:00
2024-06-03,MU,Technology,128.0800018310547,126.94709777832031,128.1699981689453,-0.0007026572189570675,-0.00963314965073462,14:30:00
2024-06-13,MU,Technology,142.7100067138672,141.4499969482422,143.0800018310547,-0.0025926361136632712,-0.011523541307738121,14:30:00
2024-06-20,MU,Technology,157.10499572753906,149.1300048828125,144.14999389648438,0.08246078853865367,0.03339375593960086,14:30:00
2024-06-25,MU,Technology,140.07000732421875,139.1649932861328,141.08999633789062,-0.007281994433761368,-0.013832523584432427,14:30:00
2024-07-09,MU,Technology,131.80999755859375,133.00999450683594,131.13999938964844,0.005083060324369378,0.014059057171763083,14:30:00
2024-07-10,MU,Technology,133.02999877929688,134.9199981689453,136.39999389648438,-0.0253325952650611,-0.010969431867956509,14:30:00
2024-07-18,MU,Technology,120.56800079345703,118.37999725341797,117.4000015258789,0.026275622443181837,0.008278389510697232,14:30:00
2024-07-26,MU,Technology,110.0999984741211,108.8499984741211,109.45999908447266,0.005812891902980987,-0.005604047945821415,14:30:00
2024-07-29,MU,Technology,110.30000305175781,109.36000061035156,107.83000183105469,0.02239348279568122,0.013990478884032227,14:30:00
2024-07-30,MU,Technology,109.01000213623047,105.9000015258789,102.54000091552734,0.05935236303011466,0.031728050632090644,14:30:00
2024-08-07,MU,Technology,93.37999725341797,91.02999877929688,86.80000305175781,0.07046470759474466,0.04646815098608019,14:30:00
2024-08-30,MU,Technology,96.91999816894531,96.76000213623047,96.20999908447266,0.007325620077241717,0.005684198425124583,14:30:00
2024-09-09,MU,Technology,87.86499786376953,85.80999755859375,86.2699966430664,0.018152862453557423,-0.0053606700566394315,14:30:00
2024-09-10,MU,Technology,87.0,85.90499877929688,86.83999633789062,0.0018391225529813219,-0.010884087909667542,14:30:00
2024-09-11,MU,Technology,88.19999694824219,87.01000213623047,90.68000030517578,-0.028117952865564354,-0.04217903779842738,14:30:00
2024-09-13,MU,Technology,88.0,90.23500061035156,91.20999908447266,-0.03647726232355291,-0.010805102981395049,14:30:00
2024-09-19,MU,Technology,89.3499984741211,89.85310363769531,89.2300033569336,0.0013429783910097637,0.0069346550707271816,14:30:00
2024-09-23,MU,Technology,92.61000061035156,94.36000061035156,93.56999969482422,-0.010366041228222943,0.008372201254952921,14:30:00
2024-09-26,MU,Technology,113.1500015258789,111.91000366210938,109.87999725341797,0.02889972804563369,0.018139633118238636,14:30:00
2024-10-17,MU,Technology,111.3949966430664,112.58000183105469,112.06999969482422,-0.006059545510115395,0.0045301308219537345,14:30:00
2024-12-11,MU,Technology,99.5,100.11000061035156,102.04000091552734,-0.02552764739223461,-0.019278796258205354,15:30:00
2025-01-02,MU,Technology,84.9800033569336,86.36000061035156,87.33999633789062,-0.027771156598389066,-0.011347796672219976,15:30:00
2025-01-03,MU,Technology,87.81999969482422,88.9000015258789,89.88999938964844,-0.02357093716713161,-0.011136083765772957,15:30:00
2025-01-06,MU,Technology,95.63999938964844,99.21499633789062,99.2699966430664,-0.037954802139102274,-0.0005543547569005594,15:30:00
2025-01-07,MU,Technology,103.40499877929688,104.05000305175781,101.91000366210938,0.01445766776109492,0.020567028610118665,15:30:00
2025-01-14,MU,Technology,97.0199966430664,95.93000030517578,97.38999938964844,-0.003813675112185996,-0.015219421242865188,15:30:00
2025-01-28,MU,Technology,92.58999633789062,90.19000244140625,88.2699966430664,0.04665730495397313,0.02128845488819245,15:30:00
2025-01-29,MU,Technology,89.81999969482422,88.94999694824219,89.01000213623047,0.009018008921685904,-0.0006745946042381181,15:30:00
2025-02-10,MU,Technology,93.21499633789062,95.47000122070312,95.91000366210938,-0.02891173555861919,-0.004608803140046817,15:30:00
2025-02-26,MU,Technology,96.01000213623047,96.51000213623047,97.7300033569336,-0.017914812857337318,-0.0126411894487476,15:30:00
2025-03-03,MU,Technology,95.83999633789062,94.95999908447266,90.55000305175781,0.055196092323319484,0.04644056524044283,15:30:00
2025-03-12,MU,Technology,92.47000122070312,94.1500015258789,95.6500015258789,-0.03438953458631306,-0.015932023108759023,14:30:00
2025-04-01,MU,Technology,88.5250015258789,86.66999816894531,88.73999786376953,-0.0024286510498141498,-0.02388369376435408,14:30:00
2025-04-08,MU,Technology,71.5999984741211,72.25499725341797,65.55000305175781,0.08449714457116889,0.092796269552733,14:30:00
2025-04-14,MU,Technology,74.69499969482422,73.56500244140625,71.0,0.04946783198233621,0.03486715634175704,14:30:00
2025-04-17,MU,Technology,70.38500213623047,67.05999755859375,68.79000091552734,0.02266109501021245,-0.025797844019036852,14:30:00
2025-04-22,MU,Technology,67.5,68.63999938964844,70.22000122070312,-0.040296314380787034,-0.023018674899536302,14:30:00
2025-04-23,MU,Technology,73.70999908447266,74.05999755859375,72.8499984741211,0.01166735342603912,0.016338092416426912,14:30:00
2025-05-01,MU,Technology,79.4000015258789,79.31999969482422,77.75,0.02078087524143334,0.019793238790527433,14:30:00
2025-05-29,MU,Technology,98.5199966430664,96.88999938964844,96.80999755859375,0.017356873150005347,0.0008256975080880716,14:30:00
2025-06-06,MU,Technology,108.13999938964844,110.31999969482422,108.55999755859375,-0.0038838373526522904,0.0159536089657281,14:30:00
2025-06-11,MU,Technology,115.62000274658203,116.87000274658203,116.05999755859375,-0.0038055250091639176,0.006930822015506204,14:30:00
2025-06-16,MU,Technology,117.93499755859375,119.45999908447266,119.83999633789062,-0.016152955600396843,-0.0031809581142660547,14:30:00
2025-06-20,MU,Technology,122.7699966430664,121.58999633789062,123.60900115966797,-0.006833954056713305,-0.016605024118650863,14:30:00
2025-06-24,MU,Technology,125.67500305175781,126.80000305175781,127.87000274658203,-0.017465682446971838,-0.008438483194574225,14:30:00
2025-07-24,MU,Technology,110.93499755859375,111.0999984741211,111.7300033569336,-0.007166411104123718,-0.005670611084294922,14:30:00
2025-07-29,MU,Technology,112.0,112.47000122070312,111.97000122070312,0.0002678462437220982,0.004445629897512276,14:30:00
2025-08-04,MU,Technology,106.04000091552734,106.55000305175781,107.7699966430664,-0.01631455783291813,-0.011449962987950068,14:30:00
2025-08-05,MU,Technology,110.07499694824219,108.0199966430664,109.08999633789062,0.008948450035521823,-0.00990557052468581,14:30:00
2025-08-07,MU,Technology,114.09500122070312,111.91999816894531,111.87000274658203,0.019501279199928317,0.0004467067832489796,14:30:00
2025-09-18,MU,Technology,163.07000732421875,169.08999633789062,168.88999938964844,-0.035690144134587994,0.001182784035564918,14:30:00
2025-09-22,MU,Technology,164.375,164.92999267578125,164.5800018310547,-0.0012471594284695817,0.002122056995507016,14:30:00
2025-09-23,MU,Technology,165.7949981689453,168.33999633789062,166.46099853515625,-0.0040170112100262655,0.011161921371097493,14:30:00
2025-10-02,MU,Technology,184.9550018310547,182.3249969482422,183.74000549316406,0.0065691456076459685,-0.007760913580728389,14:30:00
2025-10-03,MU,Technology,185.08999633789062,188.94500732421875,187.8300018310547,-0.014803639026293197,0.005901217020520565,14:30:00
2025-10-06,MU,Technology,195.6300048828125,192.53500366210938,190.9600067138672,0.02387158438064122,0.008180314842937544,14:30:00
2025-10-07,MU,Technology,195.0,190.14500427246094,185.64999389648438,0.04794874924879808,0.023639907833369164,14:30:00
2025-10-27,MU,Technology,224.6300048828125,218.14500427246094,220.0399932861328,0.020433653104687668,-0.008686832045463909,14:30:00
2025-11-03,MU,Technology,234.0,233.55999755859375,234.67999267578125,-0.002905951605902778,-0.004795320812188843,15:30:00
2025-11-10,MU,Technology,247.9550018310547,255.30999755859375,253.1699981689453,-0.021032027179850508,0.008381964710008297,15:30:00
2025-11-20,MU,Technology,230.23500061035156,221.9788055419922,201.3699951171875,0.12537192614781903,0.09284134300338001,15:30:00
2025-11-21,MU,Technology,204.51499938964844,195.8800048828125,207.36000061035156,-0.013910966086564334,-0.058607287325764076,15:30:00
2025-11-24,MU,Technology,213.48500061035156,220.91000366210938,223.7899932861328,-0.04827033583773743,-0.013036936201533435,15:30:00
2025-12-15,MU,Technology,247.11000061035156,242.72999572753906,237.5,0.03888956572625655,0.021546557160614207,15:30:00
2025-12-19,MU,Technology,251.75,262.6600036621094,265.94000244140625,-0.05636545160439424,-0.012487621767935119,15:30:00
2025-12-22,MU,Technology,276.0,270.239990234375,276.57501220703125,-0.0020833775617074275,-0.02344220767312041,15:30:00
2026-01-02,MU,Technology,295.125,307.4100036621094,315.3389892578125,-0.06849297503706057,-0.025792867835291052,15:30:00
2026-01-05,MU,Technology,322.6099853515625,318.45001220703125,312.1499938964844,0.0324230244878484,0.01978338222342757,15:30:00
2026-01-06,MU,Technology,323.6300048828125,334.8599853515625,344.0199890136719,-0.063003997846994,-0.02735472753632381,15:30:00
2026-01-08,MU,Technology,341.0,328.2200012207031,326.95001220703125,0.041202310243310114,0.003869322432967464,15:30:00
2024-01-18,NET,Technology,78.76000213623047,78.12000274658203,77.95999908447266,0.010157478797093661,0.0020481778863784745,15:30:00
2024-01-24,NET,Technology,85.37000274658203,85.50959777832031,82.33000183105469,0.0356097085360473,0.037184082604488224,15:30:00
2024-01-25,NET,Technology,83.02999877929688,82.5,81.86000061035156,0.01409127045822679,0.007757568359375,15:30:00
2024-02-22,NET,Technology,99.45999908447266,99.29000091552734,99.45999908447266,0.0,-0.0017121378525310049,15:30:00
2024-03-06,NET,Technology,98.7300033569336,96.38999938964844,97.46499633789062,0.012812792221526143,-0.01115257760192116,15:30:00
2024-03-21,NET,Technology,100.0,99.75,96.44000244140625,0.0355999755859375,0.033182932918233085,14:30:00
2024-04-24,NET,Technology,89.48999786376953,88.69000244140625,87.6500015258789,0.020560916100273555,0.011726247456295072,14:30:00
2024-04-29,NET,Technology,88.8499984741211,90.6500015258789,89.6500015258789,-0.009003973725343681,0.011031439417179914,14:30:00
2024-05-07,NET,Technology,74.24649810791016,74.29000091552734,74.13999938964844,0.001434393822950856,0.0020191347964777645,14:30:00
2024-05-23,NET,Technology,76.04000091552734,75.19999694824219,73.58999633789062,0.032219944083883206,0.021409583453303536,14:30:00
2024-05-31,NET,Technology,68.48999786376953,67.23999786376953,67.69000244140625,0.011680470832463994,-0.006692513264923699,14:30:00
2024-06-03,NET,Technology,68.55999755859375,67.36000061035156,67.41999816894531,0.01662776298488276,-0.0008907000898175447,14:30:00
2024-06-05,NET,Technology,69.0199966430664,68.73999786376953,69.87999725341797,-0.012460165925521762,-0.016584222069772447,14:30:00
2024-06-13,NET,Technology,76.04000091552734,74.76000213623047,73.5,0.03340348349481248,0.016853960677187325,14:30:00
2024-06-17,NET,Technology,77.02999877929688,75.93000030517578,77.6500015258789,-0.008048847934665522,-0.022652459025288334,14:30:00
2024-06-20,NET,Technology,80.0,79.5,78.44999694824219,0.019375038146972657,0.013207585556702045,14:30:00
2024-07-11,NET,Technology,83.86000061035156,83.13500213623047,82.02999877929688,0.021822106102260087,0.013291674126896186,14:30:00
2024-07-26,NET,Technology,79.08999633789062,78.0199966430664,78.06999969482422,0.012896658114747488,-0.0006409004602572774,14:30:00
2024-07-29,NET,Technology,78.61000061035156,77.93499755859375,77.37000274658203,0.015774047247701525,0.007249564761799596,14:30:00
2024-08-07,NET,Technology,78.75,79.05500030517578,76.36000061035156,0.03034919859871032,0.03409018638189513,14:30:00
2024-08-09,NET,Technology,77.51000213623047,78.11000061035156,77.70999908447266,-0.0025802727742243606,0.005121002723765129,14:30:00
2024-08-14,NET,Technology,82.30000305175781,81.44499969482422,81.48999786376953,0.009842103984842813,-0.0005524976255622985,14:30:00
2024-08-30,NET,Technology,82.0999984741211,82.94999694824219,82.12000274658203,-0.00024365740356552,0.010005958194043608,14:30:00
2024-09-09,NET,Technology,77.01000213623047,77.08999633789062,76.2300033569336,0.010128538600960683,0.011155701411472693,14:30:00
2024-09-10,NET,Technology,76.6500015258789,75.7300033569336,76.83000183105469,-0.0023483405295824916,-0.014525266411735627,14:30:00
2024-09-26,NET,Technology,84.80999755859375,82.9800033569336,82.36000061035156,0.028888067666191446,0.007471712719932367,14:30:00
2024-10-17,NET,Technology,92.05000305175781,91.09500122070312,90.30999755859375,0.01890282928275074,0.008617417548603836,14:30:00
2024-12-02,NET,Technology,106.02999877929688,108.18000030517578,105.05999755859375,0.009148365857498479,0.028840846161772078,15:30:00
2024-12-19,NET,Technology,110.26000213623047,107.0999984741211,108.5999984741211,0.015055356701865258,-0.014005602440437474,15:30:00
2025-01-02,NET,Technology,114.5,113.5999984741211,112.62000274658203,0.016419189986183132,0.008626723069563356,15:30:00
2025-01-03,NET,Technology,113.4000015258789,113.23999786376953,114.75,-0.011904748288852641,-0.013334529889757134,15:30:00
2025-01-06,NET,Technology,116.36499786376953,114.88999938964844,114.0,0.02032396259344476,0.007746534897524129,15:30:00
2025-01-14,NET,Technology,112.45999908447266,113.13500213623047,111.9800033569336,0.004268146287094675,0.01020903131204341,15:30:00
2025-01-28,NET,Technology,128.8300018310547,134.22500610351562,140.05999755859375,-0.08716910322073793,-0.04347171681689568,15:30:00
2025-01-30,NET,Technology,137.25,137.47000122070312,137.1300048828125,0.0008742813638433516,0.002473240233298414,15:30:00
2025-01-31,NET,Technology,138.72999572753906,140.72999572753906,138.4199981689453,0.0022345388030038907,0.016414393723609793,15:30:00
2025-02-04,NET,Technology,139.52000427246094,140.35499572753906,140.16000366210938,-0.00458715144817956,0.0013892776984455288,15:30:00
2025-02-26,NET,Technology,145.27000427246094,144.63499450683594,144.94000244140625,0.002271644670951844,-0.0021088114644059863,15:30:00
2025-02-27,NET,Technology,148.0,146.8350067138672,140.69000244140625,0.049391875395903714,0.041849722419637414,15:30:00
2025-03-12,NET,Technology,124.97000122070312,121.66000366210938,119.2699966430664,0.04561098281154877,0.019644969152564057,14:30:00
2025-04-01,NET,Technology,114.16500091552734,112.27999877929688,115.70999908447266,-0.013533028130823415,-0.03054863147903982,14:30:00
2025-04-08,NET,Technology,103.58999633789062,104.54000091552734,97.41999816894531,0.05956171818772892,0.0681079269583639,14:30:00
2025-04-14,NET,Technology,110.0,109.3499984741211,107.12000274658203,0.026181793212890624,0.020393193952049447,14:30:00
2025-04-23,NET,Technology,113.18000030517578,115.05999755859375,112.80999755859375,0.0032691530799113353,0.0195550151898291,14:30:00
2025-05-01,NET,Technology,125.69999694824219,124.69100189208984,122.58000183105469,0.024820964144272643,0.016929850823253944,14:30:00
2025-05-14,NET,Technology,152.0,152.5,154.49000549316406,-0.016381615086605673,-0.013049216348616803,14:30:00
2025-05-27,NET,Technology,160.0,162.1199951171875,161.86000061035156,-0.011625003814697266,0.0016037164733936858,14:30:00
2025-05-29,NET,Technology,164.80999755859375,161.2050018310547,164.1699981689453,0.003883255865111599,-0.01839270682802998,14:30:00
2025-06-06,NET,Technology,178.22000122070312,179.1999969482422,179.6699981689453,-0.008135994491698764,-0.0026227747137678474,14:30:00
2025-06-16,NET,Technology,174.44000244140625,174.52000427246094,179.25999450683594,-0.027631231357318427,-0.02716015424211725,14:30:00
2025-07-24,NET,Technology,190.1999969482422,187.86500549316406,191.5500030517578,-0.007097824001979311,-0.019615135607189162,14:30:00
2025-07-28,NET,Technology,200.91000366210938,199.7449951171875,199.36000061035156,0.007714912266711263,0.0019274300545556438,14:30:00
2025-07-31,NET,Technology,204.77000427246094,208.77000427246094,207.57000732421875,-0.013673892627516924,0.005747937556566311,14:30:00
2025-08-04,NET,Technology,204.57000732421875,207.2899932861328,208.69000244140625,-0.020139780855840738,-0.006753867531564509,14:30:00
2025-10-06,NET,Technology,219.5,220.90750122070312,221.07000732421875,-0.007152652957716401,-0.0007356296305813049,14:30:00
2025-10-10,NET,Technology,222.1199951171875,224.2333984375,213.66000366210938,0.038087482626743024,0.047153523288983736,14:30:00
2025-10-20,NET,Technology,212.41000366210938,210.9250030517578,213.0399932861328,-0.0029659131545687074,-0.010027214430600308,14:30:00
2025-10-27,NET,Technology,222.44000244140625,219.74000549316406,225.02000427246094,-0.011598641443704783,-0.02402839104079813,14:30:00
2025-10-31,NET,Technology,236.5,243.90109252929688,253.3800048828125,-0.07137422783430232,-0.038863755201822385,14:30:00
2025-11-03,NET,Technology,254.91000366210938,250.2899932861328,248.2899932861328,0.02596999050987257,0.007990730966673484,15:30:00
2025-11-17,NET,Technology,211.0,205.76499938964844,202.25,0.041469194312796206,0.017082591305979267,15:30:00
2025-11-20,NET,Technology,204.47000122070312,200.02999877929688,191.3800048828125,0.06401915322415144,0.04324348322387557,15:30:00
2025-11-24,NET,Technology,187.86500549316406,192.41000366210938,193.8300018310547,-0.03175150327881408,-0.007380064143852764,15:30:00
2025-12-22,NET,Technology,198.60000610351562,202.5,202.1300048828125,-0.017774414253829102,0.0018271363811728394,15:30:00
2026-01-02,NET,Technology,198.89999389648438,194.98500061035156,196.0500030517578,0.014328762856623382,-0.005461971116098815,15:30:00
2024-01-18,NLR,Unknown,76.86000061035156,76.13999938964844,76.56999969482422,0.00377310581868882,-0.005647495516453099,15:30:00
2024-01-24,NLR,Unknown,76.54000091552734,75.80039978027344,75.19000244140625,0.017637816278719503,0.008052692870177175,15:30:00
2024-01-25,NLR,Unknown,75.72000122070312,74.5999984741211,74.69999694824219,0.013470737665308584,-0.0013404621470037086,15:30:00
2024-01-31,NLR,Unknown,76.48999786376953,76.44999694824219,75.80000305175781,0.009020719457210806,0.008502209580523997,15:30:00
2024-02-29,NLR,Unknown,74.2699966430664,73.54000091552734,73.20999908447266,0.014272217672069975,0.004487378663943019,15:30:00
2024-03-05,NLR,Unknown,74.73999786376953,75.36000061035156,74.12000274658203,0.008295359043461317,0.01645432396134035,15:30:00
2024-03-12,NLR,Unknown,74.68000030517578,73.93000030517578,73.94000244140625,0.009908916185666444,-0.00013529198145787792,14:30:00
2024-03-13,NLR,Unknown,74.44999694824219,74.94999694824219,73.10810089111328,0.0180241250790352,0.024574998427296192,14:30:00
2024-04-01,NLR,Unknown,76.56999969482422,77.51499938964844,78.29000091552734,-0.02246312168680065,-0.009998084654341132,14:30:00
2024-04-04,NLR,Unknown,81.22000122070312,80.4000015258789,78.73999786376953,0.030534392017485423,0.02064681132593086,14:30:00
2024-04-17,NLR,Unknown,76.69999694824219,76.73989868164062,76.22000122070312,0.006258093176496052,0.006774799939394253,14:30:00
2024-04-29,NLR,Unknown,78.5,78.83000183105469,79.33319854736328,-0.01061399423392715,-0.006383314786507615,14:30:00
2024-05-03,NLR,Unknown,80.94000244140625,81.08999633789062,81.06999969482422,-0.0016060940140454755,0.00024659814982705197,14:30:00
2024-05-10,NLR,Unknown,85.25,84.09500122070312,83.70999908447266,0.01806452686835594,0.004578180993422545,14:30:00
2024-05-13,NLR,Unknown,84.12000274658203,84.37999725341797,83.27999877929688,0.009985781500931861,0.013036246858570931,14:30:00
2024-05-15,NLR,Unknown,84.87000274658203,84.81999969482422,85.26000213623047,-0.004595256003619535,-0.00518748459077275,14:30:00
2024-05-31,NLR,Unknown,87.22000122070312,86.5199966430664,86.77999877929688,0.005044742435772955,-0.0030051103365513706,14:30:00
2024-06-12,NLR,Unknown,81.9800033569336,81.66000366210938,81.91000366210938,0.000853863039251735,-0.003061474268779652,14:30:00
2024-06-28,NLR,Unknown,81.55000305175781,81.1500015258789,80.05000305175781,0.018393622855513398,0.013555125735522037,14:30:00
2024-07-01,NLR,Unknown,80.4800033569336,80.06289672851562,80.27999877929688,0.0024851462387456245,-0.002711643715782841,14:30:00
2024-07-11,NLR,Unknown,85.27999877929688,85.44740295410156,85.33999633789062,-0.0007035361099033622,0.001256990996772967,14:30:00
2024-07-18,NLR,Unknown,81.23999786376953,80.41000366210938,79.66000366210938,0.01944847665197667,0.009327197684899664,14:30:00
2024-08-07,NLR,Unknown,72.91999816894531,73.44999694824219,71.94999694824219,0.013302266114376052,0.020422056668797428,14:30:00
2024-09-10,NLR,Unknown,70.87000274658203,71.02989959716797,,,,14:30:00
2024-09-19,NLR,Unknown,75.9800033569336,75.5,76.11000061035156,-0.001710940348439795,-0.008079478282802153,14:30:00
2024-09-26,NLR,Unknown,85.31999969482422,85.33999633789062,84.47000122070312,0.009962476291155651,0.010194459274908892,14:30:00
2024-10-17,NLR,Unknown,95.43000030517578,95.65499877929688,94.45909881591797,0.010173965065000155,0.012502221301974877,14:30:00
2024-10-21,NLR,Unknown,97.5,96.52999877929688,96.63999938964844,0.008820519080528846,-0.0011395484485922807,14:30:00
2024-10-24,NLR,Unknown,93.2300033569336,92.6500015258789,92.68000030517578,0.005899421130042342,-0.0003237860637109193,14:30:00
2024-11-01,NLR,Unknown,92.08000183105469,92.12000274658203,90.02999877929688,0.022263282048137767,0.0226878409137119,14:30:00
2024-11-05,NLR,Unknown,87.66999816894531,86.83509826660156,87.16999816894531,0.005703205320438928,-0.003856734304780063,15:30:00
2024-11-06,NLR,Unknown,89.05000305175781,87.58999633789062,88.3499984741211,0.007860803522149918,-0.008676814339603971,15:30:00
2024-11-13,NLR,Unknown,90.8499984741211,89.69999694824219,88.58000183105469,0.024986204526057553,0.012486010649852625,15:30:00
2024-11-25,NLR,Unknown,97.54000091552734,95.47000122070312,94.1500015258789,0.0347549657353836,0.013826329506089611,15:30:00
2024-12-13,NLR,Unknown,87.8499984741211,87.0,86.47000122070312,0.015708563203043074,0.006091939991918103,15:30:00
2024-12-18,NLR,Unknown,85.5,84.94999694824219,81.77999877929688,0.0435087862070541,0.03731604806150505,15:30:00
2024-12-19,NLR,Unknown,82.86000061035156,82.11000061035156,82.7300033569336,0.0015688782580304303,-0.007550879819429301,15:30:00
2024-12-31,NLR,Unknown,82.62000274658203,82.14779663085938,81.33999633789062,0.015492693853055576,0.00983349920629879,15:30:00
2025-01-06,NLR,Unknown,89.08000183105469,89.30000305175781,89.3499984741211,-0.003030945638937798,-0.0005598591338715203,15:30:00
2025-01-07,NLR,Unknown,89.79000091552734,87.95880126953125,86.9000015258789,0.0321862051473559,0.012037450810725292,15:30:00
2025-01-10,NLR,Unknown,85.37000274658203,84.8499984741211,84.4749984741211,0.010483826211388648,0.004419564015836411,15:30:00
2025-01-14,NLR,Unknown,83.77999877929688,84.02999877929688,83.62999725341797,0.0017904216765872473,0.004760222916693148,15:30:00
2025-01-28,NLR,Unknown,86.91000366210938,85.94840240478516,86.26000213623047,0.00747901850753564,-0.0036254278465560432,15:30:00
2025-02-06,NLR,Unknown,92.5,90.07499694824219,89.94000244140625,0.027675649282094594,0.0014986901072392643,15:30:00
2025-02-26,NLR,Unknown,81.80999755859375,83.0687026977539,82.05000305175781,-0.002933693928937797,0.012263338813688232,15:30:00
2025-02-27,NLR,Unknown,83.1500015258789,81.66999816894531,78.62999725341797,0.05435964148544446,0.03722298253562704,15:30:00
2025-03-03,NLR,Unknown,80.45999908447266,78.38999938964844,75.80999755859375,0.057792711642924606,0.032912384885097755,15:30:00
2025-03-12,NLR,Unknown,76.44999694824219,76.05999755859375,75.83000183105469,0.008109812190146275,0.0030238724023345185,14:30:00
2025-04-08,NLR,Unknown,70.9000015258789,69.80000305175781,66.98999786376953,0.05514814637461187,0.04025795222250374,14:30:00
2025-04-14,NLR,Unknown,75.5,74.7300033569336,74.2300033569336,0.016821147590283525,0.006690753078276278,14:30:00
2025-04-17,NLR,Unknown,74.41999816894531,73.88999938964844,74.56999969482422,-0.0020156077609459057,-0.009202873335942203,14:30:00
2025-04-23,NLR,Unknown,75.51000213623047,76.36000061035156,75.9000015258789,-0.0051648705948229845,0.006024084347771699,14:30:00
2025-04-29,NLR,Unknown,80.0,79.3499984741211,79.61000061035156,0.004874992370605469,-0.003276649542914167,14:30:00
2025-05-01,NLR,Unknown,79.91999816894531,80.4800033569336,80.06999969482422,-0.0018768960124575262,0.005094478690451644,14:30:00
2025-05-08,NLR,Unknown,84.5,83.79000091552734,83.38999938964844,0.013136101897651627,0.004773857518896159,14:30:00
2025-05-09,NLR,Unknown,83.8499984741211,83.36000061035156,84.5999984741211,-0.008944543991035074,-0.014875214187744974,14:30:00
2025-05-12,NLR,Unknown,86.77999877929688,85.11990356445312,84.87000274658203,0.022009634242706536,0.002935868197757859,14:30:00
2025-05-27,NLR,Unknown,98.79000091552734,99.56999969482422,100.05999755859375,-0.012855518081757545,-0.004921139552790437,14:30:00
2025-05-29,NLR,Unknown,100.54000091552734,98.07499694824219,97.13999938964844,0.033817400983868616,0.009533495668495233,14:30:00
2025-06-05,NLR,Unknown,98.11000061035156,98.05999755859375,97.61000061035156,0.005096320424925623,0.004588996119169807,14:30:00
2025-06-06,NLR,Unknown,97.69999694824219,97.86000061035156,99.53500366210938,-0.01878205497630983,-0.017116319653697528,14:30:00
2025-06-10,NLR,Unknown,102.69999694824219,100.32039642333984,99.37000274658203,0.032424481992325435,0.009473583744099925,14:30:00
2025-06-17,NLR,Unknown,110.55000305175781,110.16999816894531,107.56999969482422,0.026956158070284286,0.023599877619440504,14:30:00
2025-06-20,NLR,Unknown,110.62999725341797,108.6050033569336,106.95999908447266,0.033173626141728266,0.01514667116260364,14:30:00
2025-07-18,NLR,Unknown,116.5999984741211,117.2699966430664,117.0,-0.0034305448637521638,0.002302350565321431,14:30:00
2025-07-21,NLR,Unknown,118.97000122070312,117.01000213623047,114.61000061035156,0.036647899181435295,0.02051108009625256,14:30:00
2025-07-23,NLR,Unknown,115.88529968261719,117.08999633789062,117.73999786376953,-0.016004602708298028,-0.0055512985413644945,14:30:00
2025-08-08,NLR,Unknown,120.0999984741211,119.80999755859375,117.97846984863281,0.017664684866298512,0.015286935541962754,14:30:00
2025-08-22,NLR,Unknown,112.31999969482422,113.53500366210938,115.01000213623047,-0.023949452000668114,-0.01299157463816908,14:30:00
2025-09-03,NLR,Unknown,119.20999908447266,119.77999877929688,119.44999694824219,-0.0020132360172192255,0.0027550662415912965,14:30:00
2025-09-05,NLR,Unknown,119.2300033569336,116.63999938964844,118.70999908447266,0.00436135417109923,-0.01774691105672217,14:30:00
2025-09-24,NLR,Unknown,141.13999938964844,139.6649932861328,135.9499969482422,0.03677201688996817,0.026599337818888385,14:30:00
2025-10-15,NLR,Unknown,165.75999450683594,166.3800048828125,162.8300018310547,0.017676114701249083,0.021336716838409812,14:30:00
2025-10-16,NLR,Unknown,166.4499969482422,165.53990173339844,157.50999450683594,0.05370983842184241,0.048507381860686635,14:30:00
2025-10-20,NLR,Unknown,154.9499969482422,148.27999877929688,151.47000122070312,0.02245883056520151,-0.021513369757672565,14:30:00
2025-10-27,NLR,Unknown,149.89999389648438,145.23500061035156,146.1959991455078,0.024709772526971617,-0.00661685221274241,14:30:00
2025-10-28,NLR,Unknown,151.52999877929688,154.49000549316406,153.27000427246094,-0.011482911022116333,0.007896958879693406,14:30:00
2025-11-10,NLR,Unknown,141.88999938964844,138.77000427246094,139.52999877929688,0.01663260709354641,-0.005476648291685318,15:30:00
2025-11-12,NLR,Unknown,137.2100067138672,137.06939697265625,136.75,0.003352574093422129,0.0023301844154167105,15:30:00
2025-11-20,NLR,Unknown,133.27999877929688,132.86500549316406,122.66999816894531,0.07960684804567746,0.07673207317741229,15:30:00
2025-12-15,NLR,Unknown,130.85000610351562,128.14500427246094,126.56999969482422,0.032709256469621306,0.012290799681023507,15:30:00
2025-12-19,NLR,Unknown,126.52999877929688,130.30499267578125,130.10000610351562,-0.02821471080898234,0.0015731290724651122,15:30:00
2024-01-19,NVDA,Technology,57.9890022277832,57.8849983215332,59.5,-0.02605662650103092,-0.027900176648463625,15:30:00
2024-01-24,NVDA,Technology,60.30399703979492,61.89899826049805,61.35700225830078,-0.017461615650633835,0.008756135275668105,15:30:00
2024-01-25,NVDA,Technology,62.150001525878906,62.611000061035156,61.64400100708008,0.00814160106799245,0.01544455531795399,15:30:00
2024-02-02,NVDA,Technology,63.79999923706055,65.07575225830078,66.1500015258789,-0.036833892114739634,-0.01650767344669609,15:30:00
2024-02-14,NVDA,Technology,73.2020034790039,74.09950256347656,73.85499572753906,-0.008920414981844727,0.0032997095456618725,15:30:00
2024-02-22,NVDA,Technology,74.80000305175781,77.76899719238281,78.5270004272461,-0.049826166088648254,-0.00974685623100107,15:30:00
2024-03-06,NVDA,Technology,87.76100158691406,88.27899932861328,88.74449920654297,-0.011206545069507894,-0.005273053404206499,15:30:00
2024-03-07,NVDA,Technology,90.15800476074219,91.5719985961914,92.67399597167969,-0.027906465073338077,-0.012034217800004582,15:30:00
2024-03-08,NVDA,Technology,94.80000305175781,97.2239990234375,87.50199890136719,0.07698316366515458,0.09999588804947901,15:30:00
2024-03-21,NVDA,Technology,92.28599548339844,91.19998931884766,91.38099670410156,0.009806458439944743,-0.001984730333915716,14:30:00
2024-04-04,NVDA,Technology,90.40599822998047,89.8219985961914,85.9020004272461,0.049819678903127884,0.04364184977188346,14:30:00
2024-04-08,NVDA,Technology,88.69599914550781,87.8125,87.18800354003906,0.01700184472802261,0.007111703458629893,14:30:00
2024-04-15,NVDA,Technology,89.12849426269531,89.93400573730469,86.0009994506836,0.035089730146161915,0.04373213729753483,14:30:00
2024-04-17,NVDA,Technology,88.30000305175781,86.66700744628906,84.04499816894531,0.04818804910253958,0.030253834239848558,14:30:00
2024-04-18,NVDA,Technology,84.97700500488281,84.61715698242188,84.65800476074219,0.0037539596049813136,-0.0004827363595871946,14:30:00
2024-04-22,NVDA,Technology,78.11100006103516,77.13300323486328,79.50999450683594,-0.01791033842490329,-0.030816786230077477,14:30:00
2024-04-24,NVDA,Technology,83.9780044555664,82.97933959960938,79.69999694824219,0.05094200005178445,0.03951998976119382,14:30:00
2024-05-23,NVDA,Technology,102.0,104.22249603271484,103.82099914550781,-0.0178529327990962,0.0038523054281966503,14:30:00
2024-05-28,NVDA,Technology,110.2280044555664,111.40776062011719,114.0,-0.03421993859966964,-0.0232680323655543,14:30:00
2024-06-03,NVDA,Technology,113.58935546875,114.10001373291016,115.0,-0.012418809187081688,-0.007887696395870445,14:30:00
2024-06-05,NVDA,Technology,118.37199401855469,119.7280044555664,122.43900299072266,-0.034357864847072435,-0.02264297770169851,14:30:00
2024-06-13,NVDA,Technology,129.39999389648438,128.2899932861328,129.3699951171875,0.00023182983548571888,-0.008418441714669787,14:30:00
2024-06-17,NVDA,Technology,132.90499877929688,130.30650329589844,131.08999633789062,0.01365638958712349,-0.006012693320555467,14:30:00
2024-06-20,NVDA,Technology,139.85000610351562,138.16000366210938,130.72000122070312,0.06528426517232011,0.05385062423421666,14:30:00
2024-07-11,NVDA,Technology,135.9799041748047,131.82000732421875,127.45999908447266,0.06265561916692877,0.03307546652627933,14:30:00
2024-07-18,NVDA,Technology,122.08999633789062,119.9800033569336,121.11000061035156,0.00802683067355389,-0.009418213217216639,14:30:00
2024-07-26,NVDA,Technology,115.58499908447266,113.81999969482422,113.05999755859375,0.021845408538123244,0.00667722841564046,14:30:00
2024-08-07,NVDA,Technology,107.8499984741211,104.7300033569336,98.75,0.0843764358170544,0.0570992377089205,14:30:00
2024-08-23,NVDA,Technology,125.87000274658203,129.47999572753906,129.27999877929688,-0.027091411442806544,0.0015446165804873456,14:30:00
2024-08-30,NVDA,Technology,119.4800033569336,119.30000305175781,119.36000061035156,0.0010043751524138815,-0.0005029133030928784,14:30:00
2024-09-06,NVDA,Technology,107.90499877929688,103.69999694824219,102.83999633789062,0.046939460624673524,0.008293159456704693,14:30:00
2024-09-09,NVDA,Technology,104.86499786376953,105.0199966430664,106.4800033569336,-0.015400806046476265,-0.013902178256864186,14:30:00
2024-09-10,NVDA,Technology,107.97530364990234,107.29989624023438,108.0199966430664,-0.0004139186615207349,-0.006711100644680906,14:30:00
2024-09-11,NVDA,Technology,109.4000015258789,109.30999755859375,116.8499984741211,-0.0680986914472745,-0.06897814549383423,14:30:00
2024-09-19,NVDA,Technology,117.31999969482422,119.30069732666016,117.9800033569336,-0.005625670506530799,0.011070295474554839,14:30:00
2024-10-08,NVDA,Technology,130.3300018310547,131.63499450683594,132.93600463867188,-0.01999541756314344,-0.009883467057602032,14:30:00
2024-10-17,NVDA,Technology,139.35000610351562,139.63999938964844,136.9199981689453,0.017438161665850164,0.0194786682368373,14:30:00
2024-11-26,NVDA,Technology,137.69000244140625,136.97999572753906,136.82000732421875,0.006318506077140386,0.0011679691072449619,15:30:00
2024-12-11,NVDA,Technology,137.20010375976562,136.197998046875,139.27000427246094,-0.01508672702113741,-0.022555443322512355,15:30:00
2024-12-19,NVDA,Technology,131.72000122070312,130.22000122070312,130.6719970703125,0.00795630231307578,-0.003471017089328011,15:30:00
2024-12-23,NVDA,Technology,136.27999877929688,136.1999969482422,139.65499877929688,-0.02476518953794353,-0.02536712120755505,15:30:00
2025-01-02,NVDA,Technology,136.39999389648438,136.97999572753906,138.27999877929688,-0.013783027616843288,-0.009490459134949836,15:30:00
2025-01-03,NVDA,Technology,140.02000427246094,143.1199951171875,144.58999633789062,-0.032638136880335115,-0.010271110053486791,15:30:00
2025-01-06,NVDA,Technology,148.5601043701172,151.52000427246094,149.51010131835938,-0.006394697636152705,0.01326493464511383,15:30:00
2025-01-07,NVDA,Technology,152.1999969482422,142.9199981689453,140.1199951171875,0.07936926460755887,0.019591401396800587,15:30:00
2025-01-14,NVDA,Technology,136.05999755859375,132.55999755859375,131.85000610351562,0.03094216912112693,0.0053560008158894,15:30:00
2025-01-28,NVDA,Technology,121.80500030517578,121.7699966430664,128.9801025390625,-0.0589064670244234,-0.05921085731102086,15:30:00
2025-02-26,NVDA,Technology,129.98500061035156,130.47000122070312,131.52000427246094,-0.011809083008821655,-0.008047850401883777,15:30:00
2025-02-27,NVDA,Technology,135.0,127.4800033569336,120.01000213623047,0.11103702121310764,0.058597435079976674,15:30:00
2025-03-12,NVDA,Technology,114.12000274658203,114.6500015258789,115.73999786376953,-0.014195540467913456,-0.009507163745170907,14:30:00
2025-03-17,NVDA,Technology,122.73750305175781,119.54000091552734,119.4800033569336,0.02654037774787179,0.0005019036149761044,14:30:00
2025-03-19,NVDA,Technology,117.30500030517578,116.98570251464844,117.5199966430664,-0.001832797726706445,-0.004567174594272037,14:30:00
2025-04-08,NVDA,Technology,103.80500030517578,104.72000122070312,96.70999908447266,0.06834932035879358,0.07648970629162763,14:30:00
2025-04-11,NVDA,Technology,108.58999633789062,107.70999908447266,110.69000244140625,-0.019338854170150327,-0.027666914699316782,14:30:00
2025-04-22,NVDA,Technology,98.76499938964844,99.0250015258789,98.87999725341797,-0.0011643584719303322,0.0014643198205156554,14:30:00
2025-04-23,NVDA,Technology,104.52010345458984,104.18499755859375,102.53500366210938,0.018992516529061053,0.015837154438252173,14:30:00
2025-05-01,NVDA,Technology,113.0999984741211,113.31999969482422,111.52999877929688,0.01388151826707104,0.015795984118848354,14:30:00
2025-05-29,NVDA,Technology,142.24000549316406,140.61500549316406,139.17999267578125,0.021513025163162513,0.010205260899076486,14:30:00
2025-06-06,NVDA,Technology,142.25,141.82000732421875,141.69000244140625,0.003936713944420035,0.0009166892969853833,14:30:00
2025-06-16,NVDA,Technology,143.34500122070312,144.47500610351562,144.6699981689453,-0.009243412305687156,-0.0013496595064337747,14:30:00
2025-07-24,NVDA,Technology,172.4499969482422,172.08999633789062,173.77999877929688,-0.007712391154485575,-0.009820457187342892,14:30:00
2025-07-29,NVDA,Technology,177.9600067138672,178.14999389648438,175.50999450683594,0.013767206757698653,0.014818969857402478,14:30:00
2025-07-31,NVDA,Technology,182.92999267578125,181.57009887695312,177.85000610351562,0.027770113024982276,0.02048846586771174,14:30:00
2025-08-04,NVDA,Technology,175.16000366210938,177.95140075683594,179.97000122070312,-0.027460592932347882,-0.011343549167255676,14:30:00
2025-10-09,NVDA,Technology,192.27999877929688,193.6842041015625,192.5399932861328,-0.001352166156056433,0.005907610384322801,14:30:00
2025-11-03,NVDA,Technology,208.05499267578125,207.7949981689453,207.02000427246094,0.004974590563818711,0.003729608043088098,15:30:00
2025-11-10,NVDA,Technology,195.11000061035156,196.6199951171875,199.0399932861328,-0.02014244612519746,-0.012307996282387094,15:30:00
2025-11-19,NVDA,Technology,184.8000030517578,187.63589477539062,186.77999877929688,-0.010714262417974721,0.004561472617583643,15:30:00
2025-11-20,NVDA,Technology,195.9499969482422,193.91000366210938,180.94000244140625,0.07660114692831889,0.06688670504747922,15:30:00
2025-11-26,NVDA,Technology,181.6300048828125,179.5850067138672,180.19000244140625,0.00792821892140199,-0.0033688543303784946,15:30:00
2025-12-15,NVDA,Technology,177.08999633789062,175.44000244140625,176.22999572753906,0.004856291310270667,-0.004502925644889089,15:30:00
2025-12-19,NVDA,Technology,176.6649932861328,178.63999938964844,180.99000549316406,-0.024481433059159088,-0.013154982711289684,15:30:00
2025-12-22,NVDA,Technology,183.3800048828125,183.41000366210938,183.61000061035156,-0.0012542028651708205,-0.0010904364224899954,15:30:00
2025-12-26,NVDA,Technology,190.0,191.57000732421875,190.5399932861328,-0.0028420699270148026,0.005376697806054323,15:30:00
2026-01-02,NVDA,Technology,190.17999267578125,190.57000732421875,188.80990600585938,0.007204157759421087,0.009235982844692325,15:30:00
2024-01-24,NVO,Healthcare,106.6500015258789,106.0989990234375,105.20999908447266,0.013502132403222044,0.008378966315869405,15:30:00
2024-02-22,NVO,Healthcare,123.06500244140625,124.0459976196289,124.51000213623047,-0.011741759770509999,-0.0037405843437558757,15:30:00
2024-04-01,NVO,Healthcare,129.11000061035156,128.17999267578125,127.55999755859375,0.012005290406865191,0.004836910224793951,14:30:00
2024-04-12,NVO,Healthcare,126.73999786376953,125.79000091552734,124.5199966430664,0.017516184772934613,0.010096225957687945,14:30:00
2024-04-15,NVO,Healthcare,125.80999755859375,125.81999969482422,123.87000274658203,0.015420036957779933,0.015498306731615763,14:30:00
2024-04-17,NVO,Healthcare,124.94999694824219,124.23500061035156,124.55000305175781,0.003201231742727163,-0.002535537005342142,14:30:00
2024-05-23,NVO,Healthcare,136.4600067138672,135.85000610351562,135.55999755859375,0.006595406060330919,0.0021347702016361555,14:30:00
2024-06-20,NVO,Healthcare,141.50999450683594,142.33999633789062,141.0399932861328,0.003321328803248739,0.009133083358185771,14:30:00
2024-07-29,NVO,Healthcare,128.00999450683594,128.52000427246094,128.0500030517578,-0.00031254235324366394,0.003657027739485036,14:30:00
2024-07-30,NVO,Healthcare,131.0,130.19000244140625,129.24000549316406,0.013435072571266698,0.0072970038438223885,14:30:00
2024-08-09,NVO,Healthcare,130.44000244140625,133.67999267578125,133.47500610351562,-0.023267430276787224,0.0015334125037153922,14:30:00
2024-09-06,NVO,Healthcare,133.75999450683594,131.97999572753906,131.22999572753906,0.01891446533490682,0.00568267937777713,14:30:00
2024-09-19,NVO,Healthcare,134.66000366210938,134.50999450683594,134.8800048828125,-0.0016337532654102321,-0.002750802104580847,14:30:00
2024-09-24,NVO,Healthcare,124.41999816894531,124.45500183105469,125.4800033569336,-0.008519572444848772,-0.008235920700642682,14:30:00
2024-11-01,NVO,Healthcare,112.87999725341797,112.12999725341797,111.95999908447266,0.008150232028088176,0.001516081094349002,14:30:00
2025-01-10,NVO,Healthcare,87.22000122070312,86.86000061035156,86.30000305175781,0.010548018299350075,0.0064471281908673175,15:30:00
2025-01-24,NVO,Healthcare,89.97000122070312,86.79000091552734,87.98999786376953,0.02200737279169862,-0.013826442396401675,15:30:00
2025-01-30,NVO,Healthcare,84.5999984741211,84.05999755859375,85.33999633789062,-0.008747019824071209,-0.015227204573788573,15:30:00
2025-02-06,NVO,Healthcare,86.72000122070312,87.875,87.12999725341797,-0.004727813963832869,0.008477982891402915,15:30:00
2025-02-18,NVO,Healthcare,82.0999984741211,82.11000061035156,82.33999633789062,-0.002923238346285493,-0.00280106839397669,15:30:00
2025-02-19,NVO,Healthcare,82.94000244140625,83.25,83.37000274658203,-0.0051844742285793765,-0.0014414744334177929,15:30:00
2025-02-21,NVO,Healthcare,88.38999938964844,86.57279968261719,88.08000183105469,0.0035071564739715855,-0.01740965007442319,15:30:00
2025-02-24,NVO,Healthcare,88.86000061035156,89.1449966430664,90.5999984741211,-0.01958133976837756,-0.016321744190315766,15:30:00
2025-02-25,NVO,Healthcare,92.27999877929688,92.66000366210938,90.94999694824219,0.0144126771635055,0.01845463680427681,15:30:00
2025-02-28,NVO,Healthcare,89.86000061035156,89.8499984741211,90.62999725341797,-0.00856884751654125,-0.008681121786791493,15:30:00
2025-03-13,NVO,Healthcare,76.0199966430664,76.3499984741211,75.93000030517578,0.0011838508532587963,0.005500958445829849,14:30:00
2025-03-18,NVO,Healthcare,82.20999908447266,80.5199966430664,80.98999786376953,0.014840058804155268,-0.005837074519346703,14:30:00
2025-03-25,NVO,Healthcare,75.87999725341797,74.70999908447266,73.57499694824219,0.030376916033321995,0.01519210480711091,14:30:00
2025-04-01,NVO,Healthcare,69.9800033569336,69.02999877929688,68.05899810791016,0.0274507738907261,0.014066357939411356,14:30:00
2025-04-08,NVO,Healthcare,64.91999816894531,63.959999084472656,61.599998474121094,0.05113986119014327,0.03689807135917379,14:30:00
2025-04-14,NVO,Healthcare,66.4800033569336,66.59500122070312,66.05999755859375,0.006317776430979059,0.008033691002366894,14:30:00
2025-04-23,NVO,Healthcare,61.77000045776367,62.34000015258789,61.290000915527344,0.007770755037706957,0.016843106103472776,14:30:00
2025-04-29,NVO,Healthcare,65.26000213623047,64.36000061035156,65.13500213623047,0.001915415199329324,-0.012041664364966712,14:30:00
2025-04-30,NVO,Healthcare,66.41999816894531,65.91500091552734,66.4000015258789,0.0003010635895463738,-0.007357970167869827,14:30:00
2025-05-01,NVO,Healthcare,68.80999755859375,67.06999969482422,65.625,0.04628684306930298,0.02154465038615065,14:30:00
2025-05-09,NVO,Healthcare,67.0,67.08999633789062,65.7249984741211,0.01902987352058069,0.02034577341299715,14:30:00
2025-05-15,NVO,Healthcare,65.19999694824219,65.05999755859375,66.1500015258789,-0.014570623038385452,-0.01675382736225108,14:30:00
2025-05-19,NVO,Healthcare,65.37000274658203,65.69850158691406,67.01000213623047,-0.02508795044733553,-0.019962411891257397,14:30:00
2025-05-20,NVO,Healthcare,69.44499969482422,69.06999969482422,68.19999694824219,0.017927896206396298,0.012595957006312615,14:30:00
2025-05-29,NVO,Healthcare,69.26000213623047,68.86499786376953,69.5,-0.003465172630192375,-0.009220970825943333,14:30:00
2025-06-30,NVO,Healthcare,69.43000030517578,69.4800033569336,69.02999877929688,0.005761220281156868,0.006476749509135013,14:30:00
2025-07-15,NVO,Healthcare,69.48999786376953,67.88999938964844,67.22000122070312,0.03266652342566742,0.009868878700379998,14:30:00
2025-07-18,NVO,Healthcare,65.66999816894531,64.65499877929688,64.31999969482422,0.020557309452758514,0.005181333087889966,14:30:00
2025-07-21,NVO,Healthcare,64.75,64.51899719238281,64.94000244140625,-0.0029344006394787644,-0.006525291268369897,14:30:00
2025-08-08,NVO,Healthcare,50.70000076293945,50.41999816894531,51.060001373291016,-0.007100603647617985,-0.012693439658629221,14:30:00
2025-08-13,NVO,Healthcare,50.279998779296875,50.899898529052734,50.90999984741211,-0.012529854483103956,-0.00019845458736247483,14:30:00
2025-08-15,NVO,Healthcare,51.435001373291016,51.989898681640625,52.40629959106445,-0.0188839932310726,-0.00800926564549881,14:30:00
2025-08-18,NVO,Healthcare,54.599998474121094,54.31999969482422,53.779998779296875,0.015018309848724194,0.009941106748179837,14:30:00
2025-08-19,NVO,Healthcare,54.564998626708984,54.98500061035156,54.790000915527344,-0.0041235644548925756,0.003546416161856108,14:30:00
2025-08-22,NVO,Healthcare,56.709999084472656,57.209999084472656,56.9900016784668,-0.004937446632243132,0.00384543627908515,14:30:00
2025-08-25,NVO,Healthcare,57.43000030517578,58.060001373291016,56.31999969482422,0.019327887941026627,0.029969025789021754,14:30:00
2025-09-03,NVO,Healthcare,56.68000030517578,56.580101013183594,56.7599983215332,-0.001411397599271304,-0.0031795155032984463,14:30:00
2025-09-15,NVO,Healthcare,56.5,56.16999816894531,55.61000061035156,0.01575220158669801,0.009969691594246047,14:30:00
2025-10-16,NVO,Healthcare,57.08000183105469,57.224998474121094,56.08000183105469,0.017519270636321957,0.02000867931144129,14:30:00
2025-11-12,NVO,Healthcare,49.41999816894531,49.939998626708984,50.27000045776367,-0.017199561317517133,-0.006607966362221633,15:30:00
2025-11-20,NVO,Healthcare,49.5,49.15999984741211,47.57500076293945,0.03888887347597064,0.03224164136274085,15:30:00
2024-01-18,NVTS,Technology,6.239999771118164,6.195000171661377,6.150000095367432,0.014423025489086696,0.007263934632285438,15:30:00
2024-01-25,NVTS,Technology,6.501100063323975,6.494999885559082,6.329999923706055,0.02631864422194994,0.025404151618214285,15:30:00
2024-02-01,NVTS,Technology,5.809999942779541,5.78000020980835,5.690000057220459,0.02065402525661185,0.015570960090133769,15:30:00
2024-02-22,NVTS,Technology,6.210000038146973,5.929999828338623,5.869999885559082,0.054750426811485925,0.010118034488434527,15:30:00
2024-02-27,NVTS,Technology,5.809999942779541,5.735000133514404,5.71999979019165,0.015490559978359308,0.0026155785481319083,15:30:00
2024-02-29,NVTS,Technology,5.980000019073486,6.059999942779541,6.150000095367432,-0.028428106312997026,-0.01485151046826747,15:30:00
2024-03-01,NVTS,Technology,6.8933000564575195,5.965000152587891,5.670000076293945,0.17746216908367551,0.049455166596426785,15:30:00
2024-03-06,NVTS,Technology,5.53000020980835,5.269999980926514,5.34499979019165,0.0334539624950775,-0.014231462910167046,15:30:00
2024-03-08,NVTS,Technology,5.420000076293945,5.184999942779541,4.849999904632568,0.10516608185200031,0.06460945840770599,15:30:00
2024-03-11,NVTS,Technology,4.900000095367432,5.070000171661377,5.139999866485596,-0.04897954417287974,-0.013806645454467649,14:30:00
2024-03-12,NVTS,Technology,5.215000152587891,5.184000015258789,5.204999923706055,0.0019175893747334649,-0.004050908253366834,14:30:00
2024-03-21,NVTS,Technology,4.789999961853027,4.789999961853027,4.449999809265137,0.07098124327674533,0.07098124327674533,14:30:00
2024-03-26,NVTS,Technology,4.53000020980835,4.465000152587891,4.28000020980835,0.055187635413062534,0.041433356429409304,14:30:00
2024-03-27,NVTS,Technology,4.369999885559082,4.474999904632568,4.579999923706055,-0.048054929896206626,-0.023463691913108015,14:30:00
2024-04-04,NVTS,Technology,4.71999979019165,4.659999847412109,4.514999866485596,0.043432189156459876,0.031115876754167313,14:30:00
2024-04-05,NVTS,Technology,4.550000190734863,4.505000114440918,4.59499979019165,-0.009890021444047301,-0.019977729958815242,14:30:00
2024-04-11,NVTS,Technology,4.349999904632568,4.275000095367432,4.375,-0.005747148486326996,-0.023391790035497878,14:30:00
2024-04-24,NVTS,Technology,3.869999885559082,4.130000114440918,4.135000228881836,-0.06847554293518292,-0.0012106814291444248,14:30:00
2024-05-23,NVTS,Technology,3.819999933242798,3.674999952316284,3.619999885559082,0.052356034340015234,0.014966004753969215,14:30:00
2024-06-03,NVTS,Technology,4.03000020980835,4.050000190734863,4.099999904632568,-0.01736965041685386,-0.012345607788386979,14:30:00
2024-06-05,NVTS,Technology,4.21999979019165,4.321100234985352,4.565000057220459,-0.08175362184393391,-0.056443916820164725,14:30:00
2024-06-28,NVTS,Technology,4.070000171661377,4.019999980926514,3.924999952316284,0.03562658801704757,0.023631848025117218,14:30:00
2024-07-03,NVTS,Technology,4.039999961853027,4.09499979019165,4.070000171661377,-0.007425794577133958,0.006104913262792482,14:30:00
2024-07-11,NVTS,Technology,4.619999885559082,4.605000019073486,4.574999809265137,0.009740276495374782,0.006514703514460695,14:30:00
2024-07-18,NVTS,Technology,4.619999885559082,4.565000057220459,4.159999847412109,0.0995671102903732,0.08871855525341361,14:30:00
2024-07-26,NVTS,Technology,4.059999942779541,4.014999866485596,3.819999933242798,0.05911330367468806,0.048567855473799784,14:30:00
2024-07-29,NVTS,Technology,3.9000000953674316,3.9149999618530273,3.880000114440918,0.005128200112166768,0.008939935569129209,14:30:00
2024-07-30,NVTS,Technology,3.880000114440918,3.7049999237060547,3.5799999237060547,0.07731963450678694,0.03373819232767066,14:30:00
2024-07-31,NVTS,Technology,3.700000047683716,3.680000066757202,3.7100000381469727,-0.002702700090373528,-0.008152165990639868,14:30:00
2024-08-07,NVTS,Technology,3.3299999237060547,3.265000104904175,3.200000047683716,0.039039002702936455,0.019908133271673106,14:30:00
2024-08-12,NVTS,Technology,3.0,2.969899892807007,2.890000104904175,0.0366666316986084,0.026903192291547102,14:30:00
2024-08-14,NVTS,Technology,3.130000114440918,2.934999942779541,2.930000066757202,0.06389777647642032,0.0017035353048776623,14:30:00
2024-08-15,NVTS,Technology,3.0,3.055000066757202,3.140000104904175,-0.04666670163472494,-0.02782325246794441,14:30:00
2024-08-23,NVTS,Technology,3.0299999713897705,3.194999933242798,3.0950000286102295,-0.02145216430171958,0.031298875343347014,14:30:00
2024-08-30,NVTS,Technology,3.1600000858306885,3.0850000381469727,3.0250000953674316,0.04272151480899994,0.019448927726944343,14:30:00
2024-09-09,NVTS,Technology,2.3399999141693115,2.369999885559082,2.2750000953674316,0.027777701361563725,0.0400843015944872,14:30:00
2024-09-11,NVTS,Technology,2.319999933242798,2.2950000762939453,2.4700000286102295,-0.06465521538087626,-0.07625269999941824,14:30:00
2024-09-13,NVTS,Technology,2.359999895095825,2.4200000762939453,2.559999942779541,-0.08474578668385706,-0.05785118267433915,14:30:00
2024-09-18,NVTS,Technology,2.3499999046325684,2.325000047683716,2.2799999713897705,0.029787206844054157,0.01935487112732608,14:30:00
2024-09-19,NVTS,Technology,2.369999885559082,2.359999895095825,2.4000000953674316,-0.012658316986067099,-0.016949238156632324,14:30:00
2024-09-23,NVTS,Technology,2.25,2.299999952316284,2.190000057220459,0.026666641235351562,0.047826042337542875,14:30:00
2024-09-26,NVTS,Technology,2.2799999713897705,2.309999942779541,2.440000057220459,-0.07017547712211622,-0.05627710721260601,14:30:00
2024-10-17,NVTS,Technology,2.6500000953674316,2.6649999618530273,2.559999942779541,0.03396232050905334,0.03939963248647769,14:30:00
2024-11-25,NVTS,Technology,2.5799999237060547,2.7799999713897705,2.7699999809265137,-0.07364343520891752,0.0035971189086946883,15:30:00
2024-12-10,NVTS,Technology,4.489999771118164,4.125,4.355000019073486,0.030066761453544165,-0.05575758038145123,15:30:00
2024-12-11,NVTS,Technology,4.449999809265137,4.170000076293945,4.070000171661377,0.08539318064971155,0.023980792039083723,15:30:00
2024-12-13,NVTS,Technology,3.75,3.490000009536743,3.434999942779541,0.08400001525878906,0.015759331405991246,15:30:00
2024-12-19,NVTS,Technology,3.319999933242798,2.9549999237060547,2.799999952316284,0.15662650342845205,0.05245346036942536,15:30:00
2024-12-23,NVTS,Technology,3.25,3.6751999855041504,3.865000009536743,-0.18923077216515174,-0.05164345471843941,15:30:00
2024-12-24,NVTS,Technology,4.099999904632568,4.079999923706055,3.990000009536743,0.026829243330356398,0.02205880290496682,15:30:00
2025-01-02,NVTS,Technology,3.6500000953674316,3.5950000286102295,3.490000009536743,0.04383563880827293,0.029207237340155928,15:30:00
2025-01-03,NVTS,Technology,3.490000009536743,3.7200000286102295,3.990000009536743,-0.14326647525321043,-0.07258063947579702,15:30:00
2025-01-06,NVTS,Technology,4.099999904632568,4.230000019073486,4.235000133514404,-0.03292688585902158,-0.0011820601461872248,15:30:00
2025-01-14,NVTS,Technology,3.119999885559082,3.1050000190734863,3.0850000381469727,0.011217900223043645,0.006441217650131142,15:30:00
2025-01-17,NVTS,Technology,3.4000000953674316,3.365000009536743,3.265000104904175,0.03970587843429682,0.02971765359558952,15:30:00
2025-01-21,NVTS,Technology,3.3399999141693115,3.4800000190734863,3.569999933242798,-0.06886228292933637,-0.02586204415977936,15:30:00
2025-01-28,NVTS,Technology,3.140000104904175,3.0250000953674316,2.9749999046325684,0.05254783272583421,0.016528988151582193,15:30:00
2025-01-29,NVTS,Technology,2.9800000190734863,3.0,2.9800000190734863,0.0,0.006666660308837891,15:30:00
2025-01-30,NVTS,Technology,3.0299999713897705,3.009999990463257,3.0250000953674316,0.0016501241153628042,-0.0049834235719935,15:30:00
2025-02-10,NVTS,Technology,2.990000009536743,2.9749999046325684,2.9149999618530273,0.025083627907859434,0.020168048639635637,15:30:00
2025-02-14,NVTS,Technology,2.9200000762939453,2.9755001068115234,2.990000009536743,-0.023972579251313426,-0.004873097699451097,15:30:00
2025-02-26,NVTS,Technology,2.430000066757202,2.5850000381469727,2.5950000286102295,-0.06790121700416958,-0.0038684682072288143,15:30:00
2025-02-27,NVTS,Technology,2.6500000953674316,2.5950000286102295,2.369999885559082,0.10566045272897495,0.08670525648188446,15:30:00
2025-03-03,NVTS,Technology,2.5,2.4800000190734863,2.2950000762939453,0.08199996948242187,0.07459675054706488,15:30:00
2025-03-12,NVTS,Technology,2.640000104904175,2.4700000286102295,2.440000057220459,0.07575759080925314,0.012145737264080234,14:30:00
2025-03-17,NVTS,Technology,2.5199999809265137,2.5250000953674316,2.6600000858306885,-0.05555559760468799,-0.05346534073837806,14:30:00
2025-04-08,NVTS,Technology,1.850000023841858,1.7599999904632568,1.625,0.12162163294171471,0.07670454045157292,14:30:00
2025-04-11,NVTS,Technology,1.75,1.784999966621399,1.7949999570846558,-0.025714261191231862,-0.005602235658404272,14:30:00
2025-04-14,NVTS,Technology,1.8200000524520874,1.7653000354766846,1.7300000190734863,0.04945056636528332,0.019996610034433135,14:30:00
2025-04-22,NVTS,Technology,1.840000033378601,1.809999942779541,1.7899999618530273,0.027173951423122417,0.011049713568388594,14:30:00
2025-04-23,NVTS,Technology,1.8799999952316284,1.909999966621399,1.8450000286102295,0.018617003569240276,0.0340313817524028,14:30:00
2025-05-28,NVTS,Technology,7.0,6.574999809265137,6.150000095367432,0.12142855780465263,0.06463874163141697,14:30:00
2025-05-29,NVTS,Technology,6.534999847412109,5.720200061798096,5.385000228881836,0.1759754621854626,0.058599319830588685,14:30:00
2025-06-05,NVTS,Technology,6.829999923706055,6.534999847412109,6.034999847412109,0.11639825551602159,0.0765110958951288,14:30:00
2025-06-06,NVTS,Technology,6.400000095367432,6.409999847412109,6.179999828338623,0.03437504121102331,0.035881439087138756,14:30:00
2025-06-11,NVTS,Technology,8.524999618530273,8.444999694824219,7.980000019073486,0.06392957464445566,0.05506213055705875,14:30:00
2025-06-16,NVTS,Technology,7.559999942779541,7.739999771118164,7.204999923706055,0.04695767483603519,0.06912142935823631,14:30:00
2025-06-20,NVTS,Technology,7.079999923706055,6.9197998046875,7.019999980926514,0.008474568280522494,-0.014480213166158025,14:30:00
2025-06-24,NVTS,Technology,6.800000190734863,6.914999961853027,7.385000228881836,-0.0860294149614947,-0.0679682240956747,14:30:00
2025-07-22,NVTS,Technology,8.84000015258789,7.980000019073486,8.609999656677246,0.02601815519689922,-0.07894732281929312,14:30:00
2025-07-28,NVTS,Technology,8.876899719238281,8.647299766540527,8.569999694824219,0.034572884015906996,0.008939214992338997,14:30:00
2025-07-31,NVTS,Technology,7.510000228881836,7.610000133514404,7.315000057220459,0.025965401560368598,0.0387647925253991,14:30:00
2025-08-04,NVTS,Technology,7.940000057220459,8.104999542236328,8.03499984741211,-0.011964709005922449,0.008636606881893107,14:30:00
2025-08-07,NVTS,Technology,6.5,6.717199802398682,6.784999847412109,-0.04384613037109375,-0.010093498333817114,14:30:00
2025-08-08,NVTS,Technology,6.889999866485596,6.616399765014648,6.659999847412109,0.03338171604215185,-0.006589698921761631,14:30:00
2025-08-26,NVTS,Technology,6.28000020980835,6.159999847412109,6.070000171661377,0.03343949540303938,0.014610337334430679,14:30:00
2025-08-28,NVTS,Technology,6.147600173950195,6.046500205993652,6.03000020980835,0.019129409983453884,0.0027288506777767,14:30:00
2025-09-05,NVTS,Technology,5.650000095367432,5.505000114440918,5.610000133514404,0.007079639146523954,-0.01907357255053391,14:30:00
2025-09-08,NVTS,Technology,5.650000095367432,5.659999847412109,5.625,0.004424795565566416,0.006183718790754414,14:30:00
2025-10-06,NVTS,Technology,8.0,7.799900054931641,8.130000114440918,-0.016250014305114746,-0.042321062729587806,14:30:00
2025-10-13,NVTS,Technology,8.628299713134766,9.350000381469727,9.96500015258789,-0.15492049232113259,-0.06577537390661499,14:30:00
2025-10-14,NVTS,Technology,12.454999923706055,12.074999809265137,12.569999694824219,-0.009233221342641746,-0.04099377998989855,14:30:00
2025-10-24,NVTS,Technology,14.149999618530273,14.079999923706055,14.050000190734863,0.0070670975612221855,0.00213066286461279,14:30:00
2025-10-27,NVTS,Technology,14.774999618530273,13.789999961853027,13.90999984741211,0.05854482527588782,-0.008701949665774842,14:30:00
2025-10-29,NVTS,Technology,13.369999885559082,13.697699546813965,13.5600004196167,-0.0142109600361954,0.010052719197603801,14:30:00
2025-10-31,NVTS,Technology,13.109999656677246,12.903499603271484,13.460000038146973,-0.026697207523683094,-0.04312786856167269,14:30:00
2025-11-05,NVTS,Technology,10.5600004196167,10.13010025024414,9.869999885559082,0.06534095706813073,0.02567599118071808,15:30:00
2025-11-10,NVTS,Technology,8.40250015258789,9.114999771118164,9.595000267028809,-0.1419220580524047,-0.052660505536333266,15:30:00
2025-11-12,NVTS,Technology,9.229999542236328,8.904999732971191,8.649999618530273,0.0628385647314482,0.02863561168865258,15:30:00
2025-11-20,NVTS,Technology,8.494999885559082,8.390000343322754,7.54010009765625,0.11240727495783681,0.10129919080908066,15:30:00
2025-11-24,NVTS,Technology,7.679999828338623,7.849999904632568,8.289999961853027,-0.07942710249335548,-0.056050963384190494,15:30:00
2025-11-26,NVTS,Technology,8.39799976348877,8.274999618530273,8.3149995803833,0.009883327630743835,-0.004833832470935117,15:30:00
2025-11-28,NVTS,Technology,8.524999618530273,8.975000381469727,8.854999542236328,-0.038709670202067094,0.013370566477206918,15:30:00
2025-12-15,NVTS,Technology,8.75,8.039999961853027,7.949999809265137,0.09142859322684152,0.011194048882451456,15:30:00
2025-12-19,NVTS,Technology,7.400000095367432,7.639999866485596,7.804299831390381,-0.05463509875845138,-0.021505231384298863,15:30:00
2025-12-22,NVTS,Technology,8.0600004196167,8.03499984741211,7.894999980926514,0.020471517382133375,0.017423754716148064,15:30:00
2025-12-30,NVTS,Technology,7.260000228881836,7.434999942779541,7.239999771118164,0.002754883902634847,0.026227326585355294,15:30:00
2026-01-02,NVTS,Technology,7.5,7.855000019073486,8.369999885559082,-0.11599998474121094,-0.06556331829854546,15:30:00
2026-01-05,NVTS,Technology,8.687999725341797,8.824999809265137,9.045000076293945,-0.04109120191507644,-0.024929209267272285,15:30:00
2024-01-18,OKLO,Utilities,,,,,,15:30:00
2024-01-24,OKLO,Utilities,,,,,,15:30:00
2024-01-25,OKLO,Utilities,,,,,,15:30:00
2024-01-31,OKLO,Utilities,,,,,,15:30:00
2024-02-09,OKLO,Utilities,,,,,,15:30:00
2024-02-15,OKLO,Utilities,,,,,,15:30:00
2024-03-08,OKLO,Utilities,,,,,,15:30:00
2024-03-26,OKLO,Utilities,,,,,,14:30:00
2024-04-04,OKLO,Utilities,,,,,,14:30:00
2024-04-05,OKLO,Utilities,,,,,,14:30:00
2024-04-09,OKLO,Utilities,,,,,,14:30:00
2024-04-15,OKLO,Utilities,,,,,,14:30:00
2024-04-17,OKLO,Utilities,,,,,,14:30:00
2024-04-24,OKLO,Utilities,,,,,,14:30:00
2024-04-29,OKLO,Utilities,,,,,,14:30:00
2024-05-03,OKLO,Utilities,,,,,,14:30:00
2024-05-08,OKLO,Utilities,,,,,,14:30:00
2024-05-13,OKLO,Utilities,9.149999618530273,9.0,9.760000228881836,-0.06666673615113707,-0.08444446987575954,14:30:00
2024-05-23,OKLO,Utilities,7.199999809265137,7.750100135803223,7.590000152587891,-0.054166715785310425,0.02065779543617977,14:30:00
2024-05-24,OKLO,Utilities,8.0600004196167,8.479999542236328,10.149999618530273,-0.2593050980278939,-0.19693398189188302,14:30:00
2024-05-28,OKLO,Utilities,11.600000381469727,11.140000343322754,10.770000457763672,0.07155171520786564,0.03321363322765584,14:30:00
2024-05-30,OKLO,Utilities,11.199999809265137,10.789999961853027,10.319999694824219,0.07857144012743132,0.04355887568956884,14:30:00
2024-05-31,OKLO,Utilities,10.399999618530273,10.0,10.057999610900879,0.032884617324411586,-0.0057999610900878905,14:30:00
2024-06-05,OKLO,Utilities,8.680000305175781,8.746500015258789,9.119999885559082,-0.050691194114467285,-0.042702780500623136,14:30:00
2024-06-11,OKLO,Utilities,9.25,9.569999694824219,9.470000267028809,-0.023783812651763093,0.010449261335869556,14:30:00
2024-06-12,OKLO,Utilities,9.619999885559082,10.010000228881836,10.15999984741211,-0.056133052835441316,-0.014984976533514934,14:30:00
2024-06-20,OKLO,Utilities,10.079999923706055,9.754899978637695,9.329999923706055,0.07440476246791992,0.043557602421565714,14:30:00
2024-06-26,OKLO,Utilities,9.5,9.8100004196167,8.90999984741211,0.06210527921977796,0.09174317367050175,14:30:00
2024-06-27,OKLO,Utilities,9.0,8.630000114440918,8.5600004196167,0.048888842264811196,0.008111204391189463,14:30:00
2024-07-01,OKLO,Utilities,8.65999984741211,8.09000015258789,8.0,0.07621245485464286,0.011124864139724484,14:30:00
2024-07-03,OKLO,Utilities,8.149999618530273,8.270000457763672,8.130000114440918,0.0024539269969882614,0.01692869837647047,14:30:00
2024-07-10,OKLO,Utilities,7.880000114440918,7.71999979019165,7.760000228881836,0.015228411651818353,-0.005181404116228937,14:30:00
2024-07-15,OKLO,Utilities,8.930000305175781,8.989999771118164,8.71500015258789,0.02407616408067508,0.03058950228383258,14:30:00
2024-07-18,OKLO,Utilities,9.069999694824219,8.829999923706055,8.479999542236328,0.06504963312452737,0.03963764263803383,14:30:00
2024-07-22,OKLO,Utilities,8.720000267028809,8.680000305175781,9.020000457763672,-0.034403690544505365,-0.039170523114515625,14:30:00
2024-07-26,OKLO,Utilities,8.789999961853027,9.164999961853027,9.1899995803833,-0.045506213909692575,-0.002727727074121982,14:30:00
2024-07-29,OKLO,Utilities,9.430000305175781,9.201299667358398,8.779999732971191,0.0689290086075425,0.04578700288196983,14:30:00
2024-08-06,OKLO,Utilities,7.789999961853027,7.940000057220459,7.869999885559082,-0.010269566636432293,0.008816142463087309,14:30:00
2024-08-07,OKLO,Utilities,7.949999809265137,7.465000152587891,7.460000038146973,0.06163519281435775,0.0006698076810064873,14:30:00
2024-08-19,OKLO,Utilities,7.630000114440918,7.215000152587891,7.269999980926514,0.04718219241347718,-0.007622983669500769,14:30:00
2024-08-29,OKLO,Utilities,6.5,6.485000133514404,6.440000057220459,0.009230760427621694,0.006939101829988476,14:30:00
2024-09-16,OKLO,Utilities,6.349999904632568,6.159999847412109,6.21999979019165,0.020472459274539185,-0.009740250692497617,14:30:00
2024-09-17,OKLO,Utilities,6.340000152587891,6.324999809265137,6.300000190734863,0.00630914209626635,0.003952508977731968,14:30:00
2024-09-19,OKLO,Utilities,6.570000171661377,6.519999980926514,6.610000133514404,-0.006088274095571664,-0.0138037044250269,14:30:00
2024-09-20,OKLO,Utilities,7.159999847412109,7.780099868774414,8.395999908447266,-0.1726257105273393,-0.07916351333030809,14:30:00
2024-09-23,OKLO,Utilities,8.460000038146973,8.3100004196167,8.289999961853027,0.02009457157534258,0.002406793833181828,14:30:00
2024-09-26,OKLO,Utilities,8.520000457763672,8.324999809265137,8.574999809265137,-0.006455322599348905,-0.030030030718050906,14:30:00
2024-09-27,OKLO,Utilities,8.850000381469727,8.59000015258789,8.824999809265137,0.0028249232911827264,-0.02735735186296222,14:30:00
2024-10-01,OKLO,Utilities,8.140000343322754,8.225000381469727,8.595000267028809,-0.0558967941665127,-0.04498478643145871,14:30:00
2024-10-03,OKLO,Utilities,10.112799644470215,9.399100303649902,9.380000114440918,0.07246257770270366,0.0020321295221806816,14:30:00
2024-10-21,OKLO,Utilities,19.3700008392334,19.96500015258789,22.329999923706055,-0.15281357543760454,-0.1184572879059863,14:30:00
2024-10-22,OKLO,Utilities,22.46500015258789,19.042999267578125,20.81999969482422,0.0732250365720195,-0.09331515494366195,14:30:00
2024-10-24,OKLO,Utilities,18.989999771118164,18.222000122070312,18.05500030517578,0.04923641270203809,0.009164735801546982,14:30:00
2024-10-25,OKLO,Utilities,18.360000610351562,19.779800415039062,19.09000015258789,-0.0397603223294419,0.034873974862087084,14:30:00
2024-10-30,OKLO,Utilities,26.399999618530273,24.540000915527344,22.889999389648438,0.13295455604545356,0.06723722348497921,14:30:00
2024-10-31,OKLO,Utilities,23.059999465942383,22.399999618530273,22.440000534057617,0.02688633765150126,-0.0017857551878819326,14:30:00
2024-11-01,OKLO,Utilities,23.649999618530273,23.559499740600586,21.690000534057617,0.0828752268958582,0.07935224546899955,14:30:00
2024-11-05,OKLO,Utilities,21.739999771118164,20.56999969482422,20.577899932861328,0.05345445494441535,-0.0003840660259755481,15:30:00
2024-11-13,OKLO,Utilities,25.479999542236328,23.899999618530273,23.1200008392334,0.09262161481168525,0.03263593270905838,15:30:00
2024-11-14,OKLO,Utilities,23.5,23.940000534057617,23.889999389648438,-0.01659571870844415,0.002088602476764646,15:30:00
2024-11-18,OKLO,Utilities,19.5,20.239999771118164,20.690000534057617,-0.06102566841321114,-0.022233239527086848,15:30:00
2024-11-25,OKLO,Utilities,25.75,23.18000030517578,22.90999984741211,0.11029126806166566,0.011647991984857067,15:30:00
2024-11-27,OKLO,Utilities,22.399999618530273,21.84000015258789,21.979999542236328,0.01875000372529036,-0.0064102284189704335,15:30:00
2024-12-02,OKLO,Utilities,23.989999771118164,23.170000076293945,22.200000762939453,0.07461438204487651,0.04186445015798395,15:30:00
2024-12-04,OKLO,Utilities,21.059999465942383,20.943199157714844,20.329999923706055,0.034662847139044904,0.029279157849334825,15:30:00
2024-12-06,OKLO,Utilities,20.239999771118164,20.959999084472656,21.899999618530273,-0.08201580366521923,-0.04484735568304378,15:30:00
2024-12-09,OKLO,Utilities,22.260000228881836,21.049999237060547,20.06999969482422,0.09838277230636062,0.04655579941831754,15:30:00
2024-12-12,OKLO,Utilities,19.450000762939453,19.989999771118164,18.360000610351562,0.05604113675228259,0.08154072933615775,15:30:00
2024-12-18,OKLO,Utilities,21.40999984741211,19.360000610351562,18.360000610351562,0.14245676127032805,0.05165289093355255,15:30:00
2025-01-06,OKLO,Utilities,27.459999084472656,29.1299991607666,29.989999771118164,-0.0921340411870627,-0.029522850502167,15:30:00
2025-01-14,OKLO,Utilities,24.059999465942383,24.065000534057617,22.809999465942383,0.05195345086226667,0.052150469157028014,15:30:00
2025-01-17,OKLO,Utilities,24.989999771118164,24.84000015258789,26.06999969482422,-0.04321728425761129,-0.04951688947989736,15:30:00
2025-01-22,OKLO,Utilities,32.43000030517578,33.84519958496094,34.189998626708984,-0.05427068470462857,-0.010187531643372485,15:30:00
2025-01-24,OKLO,Utilities,39.54999923706055,42.36000061035156,41.880001068115234,-0.058912816080950677,0.011331433789427994,15:30:00
2025-01-28,OKLO,Utilities,33.04999923706055,33.72999954223633,34.110198974609375,-0.03207866148329515,-0.011271848133201584,15:30:00
2025-01-31,OKLO,Utilities,42.400001525878906,43.01750183105469,41.56999969482422,0.01957551417888734,0.03364914452529889,15:30:00
2025-02-06,OKLO,Utilities,51.22999954223633,48.025001525878906,47.75,0.06792893955361563,0.005726215869680255,15:30:00
2025-02-07,OKLO,Utilities,49.39500045776367,57.654998779296875,55.47999954223633,-0.12319058666019801,0.03772438267471717,15:30:00
2025-02-13,OKLO,Utilities,55.40999984741211,52.41379928588867,55.040000915527344,0.006677475778806489,-0.050105156760611363,15:30:00
2025-02-14,OKLO,Utilities,55.380001068115234,54.41999816894531,52.58000183105469,0.05055975411803726,0.03381103270489664,15:30:00
2025-02-21,OKLO,Utilities,43.560001373291016,40.869998931884766,38.779998779296875,0.10973375673319005,0.05113775892363372,15:30:00
2025-02-26,OKLO,Utilities,34.5,34.75,35.189998626708984,-0.019999960194463314,-0.012661830984431206,15:30:00
2025-02-27,OKLO,Utilities,38.45000076293945,35.619998931884766,32.400001525878906,0.15734718119672755,0.09039858232908372,15:30:00
2025-03-03,OKLO,Utilities,34.75,32.900001525878906,29.375,0.15467625899280577,0.10714289855294278,15:30:00
2025-03-12,OKLO,Utilities,27.469999313354492,26.149999618530273,26.209999084472656,0.04586822935482525,-0.0022944346775388216,14:30:00
2025-04-01,OKLO,Utilities,22.8799991607666,22.5,22.540000915527344,0.014860063711115366,-0.0017778184678819444,14:30:00
2025-04-08,OKLO,Utilities,23.8799991607666,22.454999923706055,20.239999771118164,0.1524287905180808,0.09864173503066835,14:30:00
2025-04-14,OKLO,Utilities,23.924999237060547,22.989999771118164,22.540000915527344,0.05788916889024594,0.019573678124005206,14:30:00
2025-04-17,OKLO,Utilities,21.959999084472656,21.270000457763672,21.979999542236328,-0.000910767695696931,-0.03338030414632655,14:30:00
2025-04-23,OKLO,Utilities,22.18000030517578,23.790000915527344,23.350000381469727,-0.05275022814228374,0.018495187773214253,14:30:00
2025-04-28,OKLO,Utilities,24.059999465942383,24.459999084472656,24.510000228881836,-0.018703274020285914,-0.0020442005838389706,14:30:00
2025-05-01,OKLO,Utilities,24.75,25.6299991607666,26.31999969482422,-0.06343433110400884,-0.02692159799653224,14:30:00
2025-05-08,OKLO,Utilities,28.200000762939453,27.19499969482422,26.950000762939453,0.0443262399355235,0.00900896983394319,14:30:00
2025-05-12,OKLO,Utilities,29.729999542236328,28.649999618530273,28.84000015258789,0.029936071421193523,-0.006631781381760594,14:30:00
2025-05-14,OKLO,Utilities,34.54999923706055,36.439998626708984,37.04999923706055,-0.07235890174256038,-0.016739863703080872,14:30:00
2025-05-20,OKLO,Utilities,41.33000183105469,37.720001220703125,37.560001373291016,0.09121704066635088,0.004241777365698794,14:30:00
2025-05-27,OKLO,Utilities,49.52000045776367,50.63759994506836,53.869998931884766,-0.08784326401271483,-0.063833969033345,14:30:00
2025-05-29,OKLO,Utilities,55.724998474121094,54.180301666259766,52.90999984741211,0.05051590316357354,0.023445824031628155,14:30:00
2025-06-03,OKLO,Utilities,56.0,51.530601501464844,49.7599983215332,0.1114286014011928,0.034360227289047036,14:30:00
2025-06-09,OKLO,Utilities,51.70000076293945,51.549198150634766,54.40999984741211,-0.05241777648899548,-0.05549653145753377,14:30:00
2025-06-11,OKLO,Utilities,53.560001373291016,64.87999725341797,68.11000061035156,-0.27165793248683995,-0.04978427086421359,14:30:00
2025-06-16,OKLO,Utilities,67.0,70.7300033569336,65.44000244140625,0.023283545650652986,0.0747914698778078,14:30:00
2025-06-17,OKLO,Utilities,68.37999725341797,68.48539733886719,62.7599983215332,0.08218776188388703,0.08360028910987534,14:30:00
2025-06-18,OKLO,Utilities,63.26499938964844,63.04999923706055,62.040000915527344,0.01936297298568426,0.01601900608651443,14:30:00
2025-06-20,OKLO,Utilities,63.0,61.5,57.91999816894531,0.08063494969928076,0.05821141188706809,14:30:00
2025-06-25,OKLO,Utilities,63.099998474121094,59.58190155029297,55.560001373291016,0.1194928254066824,0.06750204462016163,14:30:00
2025-06-27,OKLO,Utilities,59.54999923706055,58.08000183105469,55.2400016784668,0.07237611442170182,0.04889807271096497,14:30:00
2025-07-08,OKLO,Utilities,57.314998626708984,55.09000015258789,53.5099983215332,0.06638751454846303,0.02868037441783281,14:30:00
2025-07-09,OKLO,Utilities,53.9900016784668,51.67499923706055,53.90999984741211,0.0014817897493527063,-0.04325110098402581,14:30:00
2025-07-21,OKLO,Utilities,69.56999969482422,67.83999633789062,62.49879837036133,0.10164153162974593,0.0787322856110781,14:30:00
2025-07-22,OKLO,Utilities,63.0,60.959999084472656,61.33000183105469,0.026507907443576388,-0.006069598952410024,14:30:00
2025-07-28,OKLO,Utilities,77.5,72.625,75.52999877929688,0.025419370589717744,-0.03999998319169535,14:30:00
2025-07-31,OKLO,Utilities,76.86000061035156,78.66100311279297,76.58000183105469,0.003642971338451493,0.026455310756135518,14:30:00
2025-08-05,OKLO,Utilities,77.0,83.4000015258789,84.08999633789062,-0.09207787451806007,-0.00827331893750163,14:30:00
2025-08-07,OKLO,Utilities,83.68499755859375,81.15499877929688,79.38500213623047,0.05138310985015626,0.02181007540743064,14:30:00
2025-08-08,OKLO,Utilities,79.7300033569336,76.47000122070312,75.4000015258789,0.05430831115947941,0.013992411112117678,14:30:00
2025-08-15,OKLO,Utilities,74.26000213623047,70.73500061035156,71.11000061035156,0.042418548818517504,-0.005301477299275254,14:30:00
2025-08-19,OKLO,Utilities,69.23490142822266,66.87000274658203,65.4000015258789,0.055389692528406,0.021982969348363936,14:30:00
2025-08-25,OKLO,Utilities,71.34500122070312,70.04000091552734,71.19999694824219,0.002032437731865364,-0.016561907732038327,14:30:00
2025-08-26,OKLO,Utilities,73.8499984741211,76.7300033569336,74.31999969482422,-0.006364268522873772,0.03140888253188899,14:30:00
2025-08-28,OKLO,Utilities,74.33999633789062,76.17359924316406,77.86000061035156,-0.04735007325614857,-0.022138921935460996,14:30:00
2025-09-03,OKLO,Utilities,74.63999938964844,75.69999694824219,72.2699966430664,0.03175244863293392,0.045310441789329935,14:30:00
2025-09-05,OKLO,Utilities,71.22000122070312,66.82499694824219,69.7699966430664,0.020359513518447024,-0.04407033040503096,14:30:00
2025-09-08,OKLO,Utilities,70.5,70.87999725341797,70.70010375976562,-0.0028383512023492908,0.002538000855293049,14:30:00
2025-09-10,OKLO,Utilities,75.44000244140625,75.56500244140625,73.76499938964844,0.02220311502586146,0.023820591459036214,14:30:00
2025-09-11,OKLO,Utilities,74.18000030517578,74.56999969482422,79.87000274658203,-0.0767053440010466,-0.07107419972439234,14:30:00
2025-10-01,OKLO,Utilities,112.5999984741211,112.5009994506836,115.9800033569336,-0.030017805760355565,-0.03092420443584655,14:30:00
2025-10-08,OKLO,Utilities,135.85000610351562,133.92999267578125,134.75999450683594,0.008023640395342459,-0.006197281239788926,14:30:00
2025-10-15,OKLO,Utilities,185.9600067138672,187.1999969482422,171.47999572753906,0.07786626405433625,0.08397436686416963,14:30:00
2025-10-16,OKLO,Utilities,174.85000610351562,172.0449981689453,162.1999969482422,0.07234777645809352,0.057223408558704496,14:30:00
2025-10-20,OKLO,Utilities,167.19000244140625,155.0,159.0449981689453,0.048717053373543984,-0.02609676238029234,14:30:00
2025-10-24,OKLO,Utilities,133.52999877929688,136.39999389648438,136.05909729003906,-0.01894030205843386,0.002499242094570936,14:30:00
2025-10-27,OKLO,Utilities,144.8000030517578,137.0,137.32000732421875,0.05165742796887502,-0.0023358198848083944,14:30:00
2025-10-31,OKLO,Utilities,140.5800018310547,135.41549682617188,132.77000427246094,0.05555553746527616,0.01953611378103101,14:30:00
2025-11-05,OKLO,Utilities,116.37000274658203,118.30000305175781,121.11000061035156,-0.04073212814209332,-0.023753148656846093,15:30:00
2025-11-10,OKLO,Utilities,116.98999786376953,110.88999938964844,111.5199966430664,0.046756144290837034,-0.005681281061281879,15:30:00
2025-11-12,OKLO,Utilities,110.5,111.83650207519531,111.14839935302734,-0.005867867448211256,0.0061527561162929645,15:30:00
2025-11-20,OKLO,Utilities,106.11000061035156,104.09500122070312,87.99500274658203,0.1707190440068881,0.1546663940181502,15:30:00
2025-11-21,OKLO,Utilities,89.44999694824219,81.13999938964844,88.13999938964844,0.014645026308404958,-0.08627064398145702,15:30:00
2025-12-08,OKLO,Utilities,108.13999938964844,100.9000015258789,104.62999725341797,0.03245794484965069,-0.03696725144828061,15:30:00
2025-12-15,OKLO,Utilities,89.3499984741211,83.58000183105469,82.33999633789062,0.07845553727973271,0.01483615058624383,15:30:00
2025-12-17,OKLO,Utilities,84.29000091552734,81.6050033569336,75.93499755859375,0.09912211728775164,0.06948110489671452,15:30:00
2025-12-18,OKLO,Utilities,80.50499725341797,78.08000183105469,77.7300033569336,0.03446983406196636,0.004482562319586028,15:30:00
2025-12-19,OKLO,Utilities,78.69999694824219,82.18000030517578,83.30000305175781,-0.05844988922351373,-0.013628653473143055,15:30:00
2026-01-02,OKLO,Utilities,73.98999786376953,73.45999908447266,77.80500030517578,-0.05156105624479726,-0.05914785291117073,15:30:00
2026-01-05,OKLO,Utilities,81.6500015258789,88.38999938964844,89.34510040283203,-0.09424493243290595,-0.010805532523800966,15:30:00
2026-01-09,OKLO,Utilities,114.3499984741211,112.12000274658203,105.3239974975586,0.07893310972457251,0.06061367358671968,15:30:00
2024-01-18,ON,Technology,74.01000213623047,73.55999755859375,73.21499633789062,0.010741869685079508,0.004690065689960314,15:30:00
2024-01-19,ON,Technology,74.19999694824219,73.33999633789062,73.86000061035156,0.004582161076472653,-0.007090323130985497,15:30:00
2024-01-25,ON,Technology,75.86000061035156,73.58000183105469,72.68000030517578,0.04191932875811038,0.012231605103046593,15:30:00
2024-02-07,ON,Technology,77.04000091552734,76.94869995117188,77.0199966430664,0.0002596608544030489,-0.0009265483619576792,15:30:00
2024-03-06,ON,Technology,79.01000213623047,77.73999786376953,77.63999938964844,0.01733961156234179,0.0012863194863515389,15:30:00
2024-03-18,ON,Technology,75.48999786376953,74.7300033569336,73.83000183105469,0.021989615574112206,0.012043375959455278,14:30:00
2024-03-21,ON,Technology,76.83999633789062,76.69999694824219,75.7699966430664,0.013925035734242877,0.012125167433883385,14:30:00
2024-03-27,ON,Technology,73.91000366210938,73.73999786376953,75.5999984741211,-0.02286557608274223,-0.025223768161585905,14:30:00
2024-04-04,ON,Technology,71.38999938964844,71.84500122070312,69.08999633789062,0.03221744041773046,0.0383465075649356,14:30:00
2024-04-09,ON,Technology,70.12899780273438,71.13999938964844,70.95999908447266,-0.011849610115287859,0.0025302264087729673,14:30:00
2024-04-11,ON,Technology,69.62999725341797,69.13999938964844,70.58999633789062,-0.013787148101970265,-0.020971897035614948,14:30:00
2024-04-15,ON,Technology,67.93000030517578,66.05999755859375,65.63999938964844,0.03371118659266165,0.006357829011010536,14:30:00
2024-04-17,ON,Technology,65.29000091552734,64.76000213623047,64.43000030517578,0.013172011001565726,0.005095766216321131,14:30:00
2024-04-24,ON,Technology,67.16999816894531,65.86000061035156,65.55000305175781,0.024117837745252044,0.004706917031899117,14:30:00
2024-07-05,ON,Technology,73.1500015258789,73.06999969482422,73.37999725341797,-0.0031441657244216862,-0.004242473790727388,14:30:00
2024-07-18,ON,Technology,76.19999694824219,77.17990112304688,75.41999816894531,0.010236204862667889,0.022802607006398894,14:30:00
2024-07-26,ON,Technology,69.19000244140625,69.30500030517578,70.1719970703125,-0.014192724299119008,-0.01250987318835594,14:30:00
2024-07-29,ON,Technology,75.80000305175781,79.05000305175781,78.23999786376953,-0.032189903875671874,0.01024674455050852,14:30:00
2024-08-07,ON,Technology,70.08999633789062,69.29000091552734,66.37999725341797,0.05293193434605777,0.0419974545195491,14:30:00
2024-08-30,ON,Technology,77.95999908447266,77.95999908447266,77.87000274658203,0.001154391212769391,0.001154391212769391,14:30:00
2024-09-09,ON,Technology,68.80000305175781,69.44000244140625,69.4000015258789,-0.008720907667252843,0.0005760500305439459,14:30:00
2024-09-19,ON,Technology,73.81999969482422,73.69999694824219,73.33999633789062,0.006502348400405757,0.004884676055066633,14:30:00
2024-09-23,ON,Technology,69.97000122070312,70.25499725341797,69.76000213623047,0.003001273128612159,0.007045692641649318,14:30:00
2024-09-26,ON,Technology,72.25,71.80000305175781,73.33000183105469,-0.014948122229130624,-0.021309174293404398,14:30:00
2024-10-17,ON,Technology,70.79000091552734,69.99500274658203,69.22000122070312,0.02217826916964835,0.011072240809601952,14:30:00
2024-10-23,ON,Technology,68.95999908447266,68.48999786376953,67.95999908447266,0.014501160285327852,0.007738338382650741,14:30:00
2024-10-24,ON,Technology,69.58999633789062,69.27999877929688,70.08999633789062,-0.00718494074309583,-0.011691650878547701,14:30:00
2024-12-11,ON,Technology,67.0,66.88999938964844,67.95999908447266,-0.014328344544368004,-0.015996407603343567,15:30:00
2024-12-19,ON,Technology,65.91999816894531,65.37000274658203,64.83999633789062,0.016383523377636752,0.00810779235769756,15:30:00
2025-01-02,ON,Technology,63.744998931884766,62.915000915527344,61.70000076293945,0.03208091933816662,0.01931177199248884,15:30:00
2025-01-06,ON,Technology,64.33000183105469,65.7300033569336,64.48999786376953,-0.002487113759689141,0.018865136616994547,15:30:00
2025-01-17,ON,Technology,54.58000183105469,55.0,54.63999938964844,-0.0010992590066131668,0.0065454656427556815,15:30:00
2025-02-04,ON,Technology,50.77000045776367,51.03499984741211,50.56999969482422,0.003939349244360097,0.00911139715838502,15:30:00
2025-03-03,ON,Technology,47.59000015258789,47.77539825439453,44.939998626708984,0.05568399910447998,0.05934852939556057,15:30:00
2025-03-05,ON,Technology,45.529998779296875,45.790000915527344,46.5,-0.021304661689211336,-0.015505548597442728,15:30:00
2025-03-12,ON,Technology,43.2599983215332,42.93000030517578,42.84000015258789,0.009708695914032275,0.0020964395981390178,14:30:00
2025-04-08,ON,Technology,35.810001373291016,35.89500045776367,31.950000762939453,0.10779113270938197,0.1099038764316539,14:30:00
2025-04-14,ON,Technology,35.87860107421875,36.16999816894531,35.61000061035156,0.007486369474427348,0.015482377300050582,14:30:00
2025-04-15,ON,Technology,35.744998931884766,35.900001525878906,35.85900115966797,-0.003189319658407163,0.0011420714336566793,14:30:00
2025-04-22,ON,Technology,35.09000015258789,35.59000015258789,35.459999084472656,-0.010544284134392578,0.003652741431803042,14:30:00
2025-04-23,ON,Technology,37.0,37.06999969482422,36.59000015258789,0.011081076957084037,0.012948463614456045,14:30:00
2025-05-01,ON,Technology,40.16999816894531,40.40999984741211,39.5989990234375,0.014214567377034172,0.020069310245903072,14:30:00
2025-05-29,ON,Technology,43.72999954223633,43.189998626708984,42.935001373291016,0.018179697627882865,0.005904081072609174,14:30:00
2025-06-06,ON,Technology,50.34000015258789,50.67509841918945,50.18000030517578,0.0031783839278332632,0.009770047409048346,14:30:00
2025-06-11,ON,Technology,53.900001525878906,53.689998626708984,51.810001373291016,0.038775511937312705,0.03501578136533482,14:30:00
2025-07-21,ON,Technology,61.40999984741211,62.529998779296875,60.54999923706055,0.014004243811894489,0.03166479419302161,14:30:00
2025-07-28,ON,Technology,57.68000030517578,58.16999816894531,58.66999816894531,-0.017163624454431498,-0.008595496230682889,14:30:00
2025-07-29,ON,Technology,59.5,59.452999114990234,58.369998931884766,0.018991614590172005,0.0182160731876755,14:30:00
2025-08-05,ON,Technology,48.1150016784668,47.915000915527344,47.22999954223633,0.01839347615832131,0.014296177819106207,14:30:00
2025-08-07,ON,Technology,47.970001220703125,47.904998779296875,47.59000015258789,0.007921639742448697,0.006575485538789273,14:30:00
2025-08-22,ON,Technology,49.33000183105469,51.83000183105469,51.86000061035156,-0.05128722248909722,-0.0005787917853960175,14:30:00
2025-09-05,ON,Technology,48.34000015258789,48.68000030517578,49.099998474121094,-0.01572193461179616,-0.008627735544624827,14:30:00
2025-10-06,ON,Technology,50.130001068115234,50.29800033569336,50.34000015258789,-0.004189089966052772,-0.0008350196153767686,14:30:00
2025-10-13,ON,Technology,47.93000030517578,48.38999938964844,50.099998474121094,-0.04527431994843911,-0.03533786125317576,14:30:00
2025-10-24,ON,Technology,52.5,50.83000183105469,50.709999084472656,0.03409525553385417,0.002360864494573269,14:30:00
2025-10-27,ON,Technology,51.84000015258789,53.029998779296875,52.68000030517578,-0.016203706599448326,0.006600009092546586,14:30:00
2025-11-19,ON,Technology,47.09000015258789,47.65999984741211,46.11000061035156,0.02081120278319793,0.032522015149454735,15:30:00
2025-11-20,ON,Technology,46.4900016784668,46.70500183105469,44.93000030517578,0.0335556316835664,0.038004527487218456,15:30:00
2025-11-21,ON,Technology,45.2599983215332,44.810001373291016,46.70000076293945,-0.03181622834310059,-0.042178070335319624,15:30:00
2025-11-24,ON,Technology,47.189998626708984,46.900001525878906,47.38999938964844,-0.004238202347101893,-0.010447715305492171,15:30:00
2025-12-30,ON,Technology,54.34000015258789,54.34000015258789,54.2400016784668,0.0018402369127768841,0.0018402369127768841,15:30:00
2026-01-02,ON,Technology,55.16999816894531,56.040000915527344,56.66999816894531,-0.02718869040753995,-0.01124192082665387,15:30:00
2026-01-06,ON,Technology,60.79499816894531,61.310001373291016,61.95000076293945,-0.018998316124370366,-0.010438743684766019,15:30:00
2024-01-24,ONDS,Technology,1.409999966621399,1.3700000047683716,1.3550000190734863,0.03900705592192451,0.010948894629691135,15:30:00
2024-01-29,ONDS,Technology,1.4199999570846558,1.3949999809265137,1.5149999856948853,-0.06690143062065311,-0.08602150997068221,15:30:00
2024-02-01,ONDS,Technology,1.3783999681472778,1.3700000047683716,1.3799999952316284,-0.0011607857815763008,-0.007299263086460757,15:30:00
2024-02-15,ONDS,Technology,1.6100000143051147,1.5907000303268433,1.559999942779541,0.03105594477100303,0.019299734055448693,15:30:00
2024-02-22,ONDS,Technology,1.340000033378601,1.3199000358581543,1.2799999713897705,0.04477616454795883,0.030229610867797362,15:30:00
2024-02-26,ONDS,Technology,1.2999999523162842,1.3200000524520874,1.3899999856948853,-0.06923079744598673,-0.05303025034943221,15:30:00
2024-02-27,ONDS,Technology,1.409999966621399,1.375,1.2799999713897705,0.09219858036105535,0.06909092989834872,15:30:00
2024-02-29,ONDS,Technology,1.3300000429153442,1.3700000047683716,1.2799999713897705,0.03759403752797945,0.06569345479222648,15:30:00
2024-03-01,ONDS,Technology,1.274999976158142,1.2599999904632568,1.2699999809265137,0.00392156496088299,-0.007936500427734288,15:30:00
2024-03-06,ONDS,Technology,1.2798999547958374,1.2350000143051147,1.2300000190734863,0.03898737204839642,0.004048579088026745,15:30:00
2024-03-12,ONDS,Technology,1.1299999952316284,1.0950000286102295,1.0800000429153442,0.04424774559935741,0.013698616715036242,14:30:00
2024-03-18,ONDS,Technology,0.949999988079071,0.9519000053405762,0.9300000071525574,0.0210526117657688,0.023006616309644092,14:30:00
2024-03-19,ONDS,Technology,0.9047999978065491,0.9330999851226807,0.963100016117096,-0.06443414948262602,-0.0321509285957935,14:30:00
2024-03-20,ONDS,Technology,0.9800000190734863,0.960099995136261,1.0099999904632568,-0.030612215108049838,-0.05197374813017665,14:30:00
2024-03-21,ONDS,Technology,1.0299999713897705,1.0299999713897705,0.9801999926567078,0.04834949525859505,0.04834949525859505,14:30:00
2024-03-27,ONDS,Technology,0.9879999756813049,0.9501000046730042,0.9524000287055969,0.036032335882558095,-0.00242082309365357,14:30:00
2024-03-28,ONDS,Technology,1.0,1.0049999952316284,0.9702000021934509,0.029799997806549072,0.03462685890874748,14:30:00
2024-04-01,ONDS,Technology,0.9800000190734863,1.2599999904632568,1.249899983406067,-0.27540812150978317,0.008015878677488347,14:30:00
2024-04-04,ONDS,Technology,1.0199999809265137,1.065000057220459,1.0500999689102173,-0.029509792692704158,0.013990692497359486,14:30:00
2024-04-09,ONDS,Technology,1.0199999809265137,1.0098999738693237,1.0199999809265137,0.0,-0.010000997443828862,14:30:00
2024-04-11,ONDS,Technology,0.9800000190734863,0.972599983215332,0.9300000071525574,0.05102041933448131,0.043800099524927805,14:30:00
2024-04-12,ONDS,Technology,0.9125000238418579,0.9700000286102295,0.968999981880188,-0.06191776061599521,0.001030975979943345,14:30:00
2024-04-15,ONDS,Technology,1.0199999809265137,0.9750000238418579,0.9387999773025513,0.07960784817878588,0.037128251952923214,14:30:00
2024-04-16,ONDS,Technology,0.9603000283241272,0.949999988079071,0.9125000238418579,0.04977611483120304,0.039473647060816505,14:30:00
2024-04-17,ONDS,Technology,0.9200000166893005,0.9129999876022339,0.8799999952316284,0.04347828340440215,0.036144570447664184,14:30:00
2024-04-29,ONDS,Technology,0.8100000023841858,0.8198000192642212,0.828000009059906,-0.02222223039844233,-0.010002426937052757,14:30:00
2024-05-01,ONDS,Technology,0.8600000143051147,0.8944000005722046,0.8377000093460083,0.025930237893222578,0.06339444453256003,14:30:00
2024-05-06,ONDS,Technology,0.8428999781608582,0.8514999747276306,0.847100019454956,-0.0049828466044833245,0.005167299357914807,14:30:00
2024-05-07,ONDS,Technology,0.8399999737739563,0.8648999929428101,0.8299000263214111,0.012023747342714868,0.04046706776157094,14:30:00
2024-05-08,ONDS,Technology,0.8299999833106995,0.8009999990463257,0.8001000285148621,0.03602404264705238,0.0011235587172723248,14:30:00
2024-05-23,ONDS,Technology,0.7919999957084656,0.8001000285148621,0.7106999754905701,0.10265154123538905,0.11173609528578009,14:30:00
2024-05-31,ONDS,Technology,0.75,0.7601000070571899,0.724399983882904,0.034133354822794594,0.046967534328150345,14:30:00
2024-06-03,ONDS,Technology,0.75,0.7200000286102295,0.667900025844574,0.1094666322072347,0.07236111207692708,14:30:00
2024-07-11,ONDS,Technology,0.699999988079071,0.7279000282287598,0.7319999933242798,-0.045714293985950845,-0.0056325936756682045,14:30:00
2024-07-18,ONDS,Technology,0.8799999952316284,0.8776999711990356,0.8464999794960022,0.03806819990585175,0.03554744528521608,14:30:00
2024-07-19,ONDS,Technology,0.8600000143051147,0.8399999737739563,0.8598999977111816,0.0001162983631040047,-0.023690505426825683,14:30:00
2024-07-22,ONDS,Technology,0.9154999852180481,0.9799000024795532,1.129699945449829,-0.2339704682581335,-0.15287268353017647,14:30:00
2024-07-29,ONDS,Technology,1.0800000429153442,1.0299999713897705,1.0099999904632568,0.06481486080605124,0.019417457749564656,14:30:00
2024-08-09,ONDS,Technology,0.8600000143051147,0.8220999836921692,0.7870000004768372,0.0848837355976814,0.04269551625301458,14:30:00
2024-08-12,ONDS,Technology,0.800000011920929,0.800000011920929,0.7785999774932861,0.02675004263594683,0.02675004263594683,14:30:00
2024-08-14,ONDS,Technology,0.7254999876022339,0.6299999952316284,0.5879999995231628,0.18952445269297158,0.0666666603592968,14:30:00
2024-08-15,ONDS,Technology,0.6299999952316284,0.645799994468689,0.6679999828338623,-0.06031744109499978,-0.034375950070172516,14:30:00
2024-08-16,ONDS,Technology,0.6679999828338623,0.6679999828338623,0.7099999785423279,-0.06287424668828376,-0.06287424668828376,14:30:00
2024-08-19,ONDS,Technology,0.7200000286102295,0.6949999928474426,0.734000027179718,-0.019444441684970257,-0.05611515789013277,14:30:00
2024-08-21,ONDS,Technology,0.7900000214576721,0.8303999900817871,0.8669000267982483,-0.09734177626816234,-0.043954765356953154,14:30:00
2024-08-28,ONDS,Technology,0.8740000128746033,0.8349999785423279,0.800000011920929,0.08466819206362121,0.041916128767450864,14:30:00
2024-08-30,ONDS,Technology,0.8539999723434448,0.8009999990463257,0.871999979019165,-0.021077291871950236,-0.08863917610158834,14:30:00
2024-09-05,ONDS,Technology,0.8199999928474426,0.8190000057220459,0.7961999773979187,0.029024409337954485,0.027838862228122038,14:30:00
2024-09-09,ONDS,Technology,0.800000011920929,0.8499000072479248,0.871999979019165,-0.08999995753169122,-0.026003025747467066,14:30:00
2024-09-10,ONDS,Technology,0.9200000166893005,0.8899999856948853,0.9399999976158142,-0.021739109308372983,-0.05617978957818797,14:30:00
2024-09-17,ONDS,Technology,0.75,0.7592999935150146,0.748199999332428,0.002400000890096029,0.014618720238889578,14:30:00
2024-09-18,ONDS,Technology,0.75,0.7599999904632568,0.7980999946594238,-0.06413332621256511,-0.05013158509770927,14:30:00
2024-09-19,ONDS,Technology,0.8100000023841858,0.7599999904632568,0.7781999707221985,0.03925929823257512,-0.023947342746475406,14:30:00
2024-09-26,ONDS,Technology,0.7289999723434448,0.6899999976158142,0.6951000094413757,0.046502008488552064,-0.00739132151186059,14:30:00
2024-10-01,ONDS,Technology,0.7990000247955322,0.741100013256073,0.7714999914169312,0.034418063235528006,-0.04102007504667797,14:30:00
2024-10-02,ONDS,Technology,0.7989000082015991,0.7856000065803528,0.7602999806404114,0.04831646910115839,0.03220471706723906,14:30:00
2024-10-04,ONDS,Technology,0.7483000159263611,0.7402999997138977,0.75,-0.002271794784788844,-0.01310279655524927,14:30:00
2024-10-07,ONDS,Technology,0.7599999904632568,0.770799994468689,0.8246999979019165,-0.08513158980333918,-0.06992735316556498,14:30:00
2024-10-08,ONDS,Technology,0.8486999869346619,0.8385000228881836,0.9215999841690063,-0.08589607441570135,-0.09910549673521521,14:30:00
2024-10-21,ONDS,Technology,0.9311000108718872,0.9466999769210815,0.9327999949455261,-0.0018257803176771972,0.014682562917939254,14:30:00
2024-10-22,ONDS,Technology,0.9200000166893005,0.900600016117096,0.9050999879837036,0.016195683081850328,-0.00499663755948965,14:30:00
2024-10-23,ONDS,Technology,0.9100000262260437,0.8478999733924866,0.8597999811172485,0.055164883145097286,-0.014034683451102713,14:30:00
2024-11-05,ONDS,Technology,0.7599999904632568,0.7649000287055969,0.7400000095367432,0.026315764707211,0.03255329877682297,15:30:00
2024-11-18,ONDS,Technology,0.7389000058174133,0.705299973487854,0.6687999963760376,0.09487076585393595,0.05175099742499136,15:30:00
2024-11-20,ONDS,Technology,0.6800000071525574,0.6801999807357788,0.7218999862670898,-0.06161761569677785,-0.06130550825097605,15:30:00
2024-11-21,ONDS,Technology,0.7200000286102295,0.7896999716758728,0.8123999834060669,-0.12833326545026838,-0.028745108958305957,15:30:00
2024-11-25,ONDS,Technology,0.9399999976158142,0.8355000019073486,0.8532000184059143,0.09234040364899636,-0.0211849389086279,15:30:00
2024-11-26,ONDS,Technology,0.8899999856948853,0.869700014591217,0.8299000263214111,0.06752804532524782,0.04576289249404348,15:30:00
2024-11-27,ONDS,Technology,0.8399999737739563,0.8100000023841858,0.8698999881744385,-0.03559525635000586,-0.0739505995233836,15:30:00
2024-11-29,ONDS,Technology,1.1399999856948853,0.9951000213623047,0.9821000099182129,0.13850875241934732,0.013064024886960221,15:30:00
2024-12-02,ONDS,Technology,1.2000000476837158,0.9904000163078308,0.8201000094413757,0.3165833526220579,0.17195073108068623,15:30:00
2024-12-11,ONDS,Technology,0.8999999761581421,0.9638000130653381,1.0499999523162842,-0.16666664459087172,-0.08943757842126358,15:30:00
2024-12-19,ONDS,Technology,1.4800000190734863,1.3650000095367432,1.3690999746322632,0.07493246149459451,-0.0030036374116301106,15:30:00
2024-12-23,ONDS,Technology,1.600000023841858,1.6591999530792236,1.9479999542236328,-0.21749995324760746,-0.17405979346156572,15:30:00
2024-12-24,ONDS,Technology,2.0399999618530273,1.9149999618530273,1.9809999465942383,0.028921576648068457,-0.0344647446767293,15:30:00
2024-12-26,ONDS,Technology,2.130000114440918,2.265000104904175,2.503499984741211,-0.1753520423628377,-0.1052979553160446,15:30:00
2024-12-27,ONDS,Technology,2.880000114440918,2.4800000190734863,2.5850000381469727,0.10243057797628331,-0.042338717042717494,15:30:00
2024-12-30,ONDS,Technology,2.75,2.8480000495910645,2.7850000858306885,-0.012727303938432173,0.022120773407086826,15:30:00
2025-01-03,ONDS,Technology,3.2249999046325684,3.098900079727173,2.799799919128418,0.13184496064429943,0.09651816867392758,15:30:00
2025-01-06,ONDS,Technology,3.0350000858306885,2.9200000762939453,2.690000057220459,0.11367381181335352,0.07876712776165458,15:30:00
2025-01-14,ONDS,Technology,1.899999976158142,2.115000009536743,2.0,-0.05263159215615413,0.054373526722551684,15:30:00
2025-01-15,ONDS,Technology,2.059999942779541,2.079200029373169,2.2049999237060547,-0.07038834221076064,-0.06050398833959786,15:30:00
2025-01-16,ONDS,Technology,2.265000104904175,2.075000047683716,2.200000047683716,0.02869759567768715,-0.0602409624710781,15:30:00
2025-01-21,ONDS,Technology,2.0999999046325684,2.0350000858306885,2.0199999809265137,0.038095203494807814,0.007371058610079494,15:30:00
2025-01-22,ONDS,Technology,2.049999952316284,2.2750000953674316,2.359999895095825,-0.151219487800121,-0.037362547764933335,15:30:00
2025-01-30,ONDS,Technology,1.7450000047683716,1.7350000143051147,1.7000000476837158,0.025787940952257466,0.02017289125811147,15:30:00
2025-02-04,ONDS,Technology,1.6200000047683716,1.6649999618530273,1.684999942779541,-0.040123418407312386,-0.012012000831672757,15:30:00
2025-02-05,ONDS,Technology,1.7200000286102295,1.690000057220459,1.6349999904632568,0.049418626007613035,0.03254441709763057,15:30:00
2025-02-06,ONDS,Technology,1.6799999475479126,1.7549999952316284,1.75,-0.0416666991890433,0.002849000139722797,15:30:00
2025-02-07,ONDS,Technology,1.7799999713897705,1.8799999952316284,1.909999966621399,-0.07303370636019074,-0.01595743163077738,15:30:00
2025-02-10,ONDS,Technology,2.0,1.8450000286102295,2.0899999141693115,-0.04499995708465576,-0.13279126382650053,15:30:00
2025-02-21,ONDS,Technology,1.399999976158142,1.355299949645996,1.25,0.10714284193759036,0.07769494101545596,15:30:00
2025-02-25,ONDS,Technology,1.1699999570846558,1.006700038909912,1.0399999618530273,0.1111111111111111,-0.0330782970657014,15:30:00
2025-02-26,ONDS,Technology,1.059999942779541,1.0641000270843506,1.0850000381469727,-0.023584996902807537,-0.01964102107946412,15:30:00
2025-03-03,ONDS,Technology,1.0,0.9246000051498413,0.8579000234603882,0.14209997653961182,0.07213928327703575,15:30:00
2025-03-24,ONDS,Technology,0.7099999785423279,0.6933000087738037,0.8130000233650208,-0.14507049005009562,-0.172652550232796,14:30:00
2025-03-26,ONDS,Technology,0.8952999711036682,0.8199999928474426,0.8450000286102295,0.056182222849211295,-0.030487848757137746,14:30:00
2025-04-01,ONDS,Technology,1.1490999460220337,1.0973999500274658,1.100000023841858,0.04272902661787637,-0.0023693037477603447,14:30:00
2025-04-08,ONDS,Technology,0.8808000087738037,0.859000027179718,0.7501000165939331,0.14838781888958336,0.12677532845176628,14:30:00
2025-04-11,ONDS,Technology,0.785099983215332,0.7703999876976013,0.8144999742507935,-0.037447448304680185,-0.057242974113990173,14:30:00
2025-04-14,ONDS,Technology,0.9300000071525574,0.9239000082015991,0.9140999913215637,0.01709679108463212,0.010607226748608268,14:30:00
2025-04-15,ONDS,Technology,0.9254999756813049,0.9006999731063843,0.8729000091552734,0.05683410903097014,0.030864843767267777,14:30:00
2025-04-17,ONDS,Technology,0.8822000026702881,0.8600000143051147,0.8878999948501587,-0.00646111104354747,-0.03244183730344156,14:30:00
2025-04-22,ONDS,Technology,0.8201000094413757,0.7901999950408936,0.8205000162124634,-0.00048775364770464703,-0.03834474988828843,14:30:00
2025-04-23,ONDS,Technology,0.8726999759674072,0.8761000037193298,0.8436999917030334,0.03323018799470764,0.03698209322993697,14:30:00
2025-04-24,ONDS,Technology,0.8600000143051147,0.8622999787330627,0.8033000230789185,0.0659302212593685,0.06842161325439226,14:30:00
2025-04-28,ONDS,Technology,0.75,0.757099986076355,0.7509999871253967,-0.001333316167195638,0.008057058596145656,14:30:00
2025-04-29,ONDS,Technology,0.7599999904632568,0.7436000108718872,0.8066999912261963,-0.06144737019598321,-0.08485742258169547,14:30:00
2025-05-06,ONDS,Technology,0.7599999904632568,0.7537000179290771,0.7573000192642212,0.0035525937275208137,-0.0047764379056745646,14:30:00
2025-05-29,ONDS,Technology,1.0950000286102295,1.0254000425338745,1.065000057220459,0.027397233430072485,-0.03861908820359374,14:30:00
2025-06-03,ONDS,Technology,1.5850000381469727,1.499899983406067,1.4164999723434448,0.1063091872228102,0.05560371490453123,14:30:00
2025-06-05,ONDS,Technology,1.850000023841858,1.75,1.5750000476837158,0.14864863384545,0.0999999727521624,14:30:00
2025-06-06,ONDS,Technology,1.6699999570846558,1.8049999475479126,1.6950000524520874,-0.014970117371185258,0.06094177190711819,14:30:00
2025-06-16,ONDS,Technology,1.8281999826431274,1.7949999570846558,1.680999994277954,0.08051634928491705,0.06350973010152847,14:30:00
2025-06-18,ONDS,Technology,1.559999942779541,1.565000057220459,1.5049999952316284,0.03525637792647354,0.03833869635467908,14:30:00
2025-06-24,ONDS,Technology,1.529099941253662,1.5,1.5850000381469727,-0.036557516866739116,-0.05666669209798177,14:30:00
2025-07-17,ONDS,Technology,2.4700000286102295,2.4149999618530273,2.4100000858306885,0.024291474528160467,0.0020703420709383643,14:30:00
2025-07-31,ONDS,Technology,2.1600000858306885,2.069000005722046,2.119999885559082,0.018518610500991368,-0.024649531027544892,14:30:00
2025-08-04,ONDS,Technology,2.259999990463257,2.5899999141693115,2.6600000858306885,-0.17699119338732353,-0.027027094201208902,14:30:00
2025-08-05,ONDS,Technology,2.75,2.805000066757202,3.065000057220459,-0.11454547535289418,-0.09269161649747731,14:30:00
2025-08-11,ONDS,Technology,3.609999895095825,3.484999895095825,3.424999952316284,0.05124652303476876,0.017216626853841333,14:30:00
2025-08-12,ONDS,Technology,3.9200000762939453,4.105000019073486,4.309999942779541,-0.09948975992222689,-0.04993907984251945,14:30:00
2025-08-21,ONDS,Technology,3.619999885559082,3.8297998905181885,3.7950000762939453,-0.048342595653932126,0.009086588129682828,14:30:00
2025-08-25,ONDS,Technology,4.610799789428711,4.75,4.849999904632568,-0.05187822636590666,-0.02105261150159334,14:30:00
2025-08-28,ONDS,Technology,5.269999980926514,5.559899806976318,5.710000038146973,-0.08349147226051849,-0.026996930948704347,14:30:00
2025-08-29,ONDS,Technology,5.96999979019165,5.735000133514404,5.875,0.015912863237906527,-0.024411484433532853,14:30:00
2025-09-03,ONDS,Technology,5.610000133514404,5.450099945068359,5.025000095367432,0.10427807918437558,0.07799854204244246,14:30:00
2025-09-05,ONDS,Technology,5.480000019073486,5.065000057220459,5.639999866485596,-0.02919705234584303,-0.11352414664743,14:30:00
2025-09-10,ONDS,Technology,5.599999904632568,5.573500156402588,5.534999847412109,0.011607153272750604,0.0069077434125934456,14:30:00
2025-09-23,ONDS,Technology,7.514999866485596,7.364999771118164,7.889999866485596,-0.04990020048734472,-0.07128311088701167,14:30:00
2025-09-24,ONDS,Technology,7.989999771118164,7.539999961853027,7.340000152587891,0.08135164419902216,0.026525173776789365,14:30:00
2025-10-06,ONDS,Technology,10.569999694824219,10.774999618530273,10.675000190734863,-0.009933822038051697,0.009280689683128753,14:30:00
2025-10-07,ONDS,Technology,11.0,10.999899864196777,11.069999694824219,-0.006363608620383523,-0.006372769888170264,14:30:00
2025-10-08,ONDS,Technology,11.270000457763672,10.93239974975586,11.255000114440918,0.0013309975788350992,-0.02950865062286648,14:30:00
2025-10-13,ONDS,Technology,10.03499984741211,9.949999809265137,10.795000076293945,-0.0757349517128124,-0.08492465158059301,14:30:00
2025-10-20,ONDS,Technology,8.068300247192383,7.585000038146973,7.769999980926514,0.0369718846754212,-0.02439023623587704,14:30:00
2025-10-23,ONDS,Technology,6.849999904632568,6.925000190734863,7.050099849700928,-0.02921167121959145,-0.018064932205119434,14:30:00
2025-10-24,ONDS,Technology,7.670000076293945,7.815000057220459,7.460000038146973,0.027379404961941307,0.04542546595959313,14:30:00
2025-10-27,ONDS,Technology,8.15999984741211,8.039899826049805,7.53000020980835,0.07720583938534754,0.06342114047109726,14:30:00
2025-11-03,ONDS,Technology,6.539999961853027,5.840000152587891,6.15500020980835,0.05886846395876627,-0.05393836455310235,15:30:00
2025-11-10,ONDS,Technology,6.369999885559082,5.994999885559082,5.860000133514404,0.08006275686140238,0.022518724707546497,15:30:00
2025-11-12,ONDS,Technology,5.96999979019165,5.715000152587891,5.485000133514404,0.08123947633533778,0.04024497164174821,15:30:00
2025-11-13,ONDS,Technology,6.320000171661377,6.784999847412109,6.59499979019165,-0.04351259668684196,0.028002956741838038,15:30:00
2025-11-17,ONDS,Technology,7.480000019073486,6.414999961853027,6.25,0.16443850480442124,0.02572096069122434,15:30:00
2025-11-20,ONDS,Technology,7.920000076293945,7.361400127410889,6.28000020980835,0.20707068821810048,0.14690139088837753,15:30:00
2025-11-21,ONDS,Technology,6.570000171661377,6.000100135803223,6.730100154876709,-0.02436833775224195,-0.12166463934785024,15:30:00
2025-11-24,ONDS,Technology,6.784999847412109,8.17140007019043,8.710000038146973,-0.2837141096575093,-0.06591281338939402,15:30:00
2025-11-26,ONDS,Technology,8.600000381469727,7.724999904632568,8.246500015258789,0.04110469192217929,-0.06750810576884082,15:30:00
2025-12-08,ONDS,Technology,9.295000076293945,9.180000305175781,9.03499984741211,0.027972052366620516,0.015795256311910914,15:30:00
2025-12-17,ONDS,Technology,8.09000015258789,8.019800186157227,7.356500148773193,0.09066748949072143,0.08270780094109309,15:30:00
2025-12-19,ONDS,Technology,7.985000133514404,8.100000381469727,9.204999923706055,-0.15278644580995104,-0.13641969014769706,15:30:00
2025-12-22,ONDS,Technology,9.319999694824219,9.373900413513184,9.270000457763672,0.005364725182159987,0.011083961975927556,15:30:00
2026-01-02,ONDS,Technology,10.279999732971191,10.015000343322754,11.039999961853027,-0.07392998527463733,-0.1023464386812194,15:30:00
2026-01-05,ONDS,Technology,11.166799545288086,11.444999694824219,12.520000457763672,-0.12118072926692583,-0.09392754841449245,15:30:00
2026-01-13,ONDS,Technology,13.5,13.087499618530273,13.890000343322754,-0.028888914320203993,-0.0613181087437236,15:30:00
2024-01-18,OPEN,Real Estate,3.190000057220459,3.0850000381469727,3.015000104904175,0.05485891823737671,0.022690415681435067,15:30:00
2024-01-19,OPEN,Real Estate,3.049999952316284,3.005000114440918,3.1600000858306885,-0.036065618109556385,-0.05158068735002639,15:30:00
2024-01-22,OPEN,Real Estate,3.3399999141693115,3.4800000190734863,3.499799966812134,-0.04784432836806404,-0.005689640123599479,15:30:00
2024-01-23,OPEN,Real Estate,3.5799999237060547,3.4549999237060547,3.359999895095825,0.06145252326778909,0.02749639094299208,15:30:00
2024-01-24,OPEN,Real Estate,3.5199999809265137,3.3499999046325684,3.2249999046325684,0.08380684031035054,0.03731343389805563,15:30:00
2024-01-25,OPEN,Real Estate,3.3299999237060547,3.362499952316284,3.390000104904175,-0.018018072844681675,-0.008178484156987699,15:30:00
2024-01-26,OPEN,Real Estate,3.4100000858306885,3.359999895095825,3.3499999046325684,0.017595360612286864,0.002976187730795046,15:30:00
2024-02-01,OPEN,Real Estate,3.490000009536743,3.490000009536743,3.5399999618530273,-0.01432663386236526,-0.01432663386236526,15:30:00
2024-02-07,OPEN,Real Estate,3.299999952316284,3.1902999877929688,3.2200000286102295,0.02424240147334014,-0.0093094821587004,15:30:00
2024-02-22,OPEN,Real Estate,2.9700000286102295,2.9600000381469727,2.9700000286102295,0.0,-0.0033783751129669096,15:30:00
2024-02-29,OPEN,Real Estate,3.184999942779541,3.150099992752075,3.0799999237060547,0.03296703954784159,0.02225328377109001,15:30:00
2024-03-08,OPEN,Real Estate,3.049999952316284,3.2300000190734863,3.059999942779541,-0.003278685449048112,0.05263160225698983,15:30:00
2024-03-21,OPEN,Real Estate,3.0999999046325684,3.119999885559082,3.134999990463257,-0.011290350615296844,-0.004807726107171601,14:30:00
2024-03-26,OPEN,Real Estate,2.9700000286102295,2.9649999141693115,2.9000000953674316,0.0235690008648092,0.0219223678527797,14:30:00
2024-03-27,OPEN,Real Estate,2.9700000286102295,2.9049999713897705,2.9549999237060547,0.0050505403231238,-0.017211687713843207,14:30:00
2024-04-04,OPEN,Real Estate,2.940000057220459,2.9375,2.765000104904175,0.05952379214636241,0.058723368543259644,14:30:00
2024-04-09,OPEN,Real Estate,2.7300000190734863,2.694999933242798,2.75,-0.00732600028819828,-0.020408188541593958,14:30:00
2024-04-11,OPEN,Real Estate,2.490000009536743,2.4100000858306885,2.4574999809265137,0.013052220275403141,-0.019709499337819625,14:30:00
2024-04-15,OPEN,Real Estate,2.369999885559082,2.265000104904175,2.194999933242798,0.07383964589306373,0.03090515161999891,14:30:00
2024-04-18,OPEN,Real Estate,2.1600000858306885,2.182499885559082,2.1600000858306885,0.0,0.01030918712860774,14:30:00
2024-04-29,OPEN,Real Estate,2.2337000370025635,2.1982998847961426,2.122499942779541,0.04978291282666744,0.03448116544100661,14:30:00
2024-05-03,OPEN,Real Estate,2.380000114440918,2.3949999809265137,2.2100000381469727,0.07142860005024822,0.07724423559618283,14:30:00
2024-05-10,OPEN,Real Estate,2.319999933242798,2.259999990463257,2.315000057220459,0.0021551190371588724,-0.024336312827120052,14:30:00
2024-05-13,OPEN,Real Estate,2.369999885559082,2.4749999046325684,2.490000009536743,-0.05063296614858408,-0.0060606486796619405,14:30:00
2024-05-23,OPEN,Real Estate,2.2300000190734863,2.1500000953674316,2.115000009536743,0.05156951056194296,0.016279108966600776,14:30:00
2024-05-31,OPEN,Real Estate,2.180000066757202,2.125,2.184999942779541,-0.00229352104093111,-0.028235267190372244,14:30:00
2024-06-03,OPEN,Real Estate,2.2100000381469727,2.180000066757202,2.180000066757202,0.013574647453365974,0.0,14:30:00
2024-06-12,OPEN,Real Estate,2.319000005722046,2.384999990463257,2.234999895095825,0.036222557317358156,0.0628931219988374,14:30:00
2024-06-21,OPEN,Real Estate,1.8600000143051147,1.8299000263214111,1.8899999856948853,-0.016129016752173694,-0.032843302097924514,14:30:00
2024-06-28,OPEN,Real Estate,1.909999966621399,1.8299000263214111,1.8300000429153442,0.04188477754141883,-5.4656862393824646e-05,14:30:00
2024-07-05,OPEN,Real Estate,1.809999942779541,1.774999976158142,1.7599999904632568,0.027624283920971483,0.008450696279642565,14:30:00
2024-07-08,OPEN,Real Estate,1.7699999809265137,1.7999999523162842,1.8200000524520874,-0.028248628284956813,-0.011111167036458309,14:30:00
2024-07-09,OPEN,Real Estate,1.8200000524520874,1.774999976158142,1.899999976158142,-0.04395600076948939,-0.07042253615718541,14:30:00
2024-07-11,OPEN,Real Estate,2.059999942779541,2.04259991645813,2.059999942779541,0.0,-0.008518568017755917,14:30:00
2024-07-18,OPEN,Real Estate,2.7699999809265137,2.8499999046325684,2.569999933242798,0.07220218377648491,0.09824560728393043,14:30:00
2024-07-22,OPEN,Real Estate,2.5199999809265137,2.3907999992370605,2.515000104904175,0.0019840778016595824,-0.051949182577692966,14:30:00
2024-07-26,OPEN,Real Estate,2.609999895095825,2.484100103378296,2.515000104904175,0.036398388509575975,-0.012439112853727554,14:30:00
2024-07-30,OPEN,Real Estate,2.515000104904175,2.365000009536743,2.3499999046325684,0.06560643872334677,0.006342539045956718,14:30:00
2024-08-06,OPEN,Real Estate,1.7899999618530273,1.7350000143051147,1.715000033378601,0.041899402275285824,0.011527366433206555,14:30:00
2024-08-07,OPEN,Real Estate,1.7450000047683716,1.690000057220459,1.6100000143051147,0.07736389117155132,0.047337301897445026,14:30:00
2024-08-14,OPEN,Real Estate,1.809999942779541,1.7400000095367432,1.7699999809265137,0.022099427136777188,-0.01724136277318624,14:30:00
2024-08-20,OPEN,Real Estate,1.9900000095367432,1.975000023841858,1.940000057220459,0.02512560405862701,0.017721501872853367,14:30:00
2024-08-26,OPEN,Real Estate,2.3299999237060547,2.340100049972534,2.505000114440918,-0.07510738045712517,-0.07046710010126243,14:30:00
2024-08-30,OPEN,Real Estate,2.130000114440918,2.1549999713897705,2.1549999713897705,-0.011737021411106588,0.0,14:30:00
2024-09-06,OPEN,Real Estate,2.0799999237060547,1.934999942779541,1.8899999856948853,0.09134612739438744,0.023255792462719835,14:30:00
2024-09-10,OPEN,Real Estate,1.9900000095367432,1.840000033378601,1.9600000381469727,0.015075362435176206,-0.06521739271277513,14:30:00
2024-09-19,OPEN,Real Estate,2.3399999141693115,2.200000047683716,2.194999933242798,0.061965806087641656,0.002272779242065186,14:30:00
2024-09-26,OPEN,Real Estate,2.059999942779541,2.065000057220459,2.0950000286102295,-0.01699033339945784,-0.0145278307789256,14:30:00
2024-10-15,OPEN,Real Estate,1.9500000476837158,1.8949999809265137,1.8899999856948853,0.030769261805968118,0.0026385199377066976,14:30:00
2024-10-24,OPEN,Real Estate,1.75,1.7699999809265137,1.774999976158142,-0.01428570066179548,-0.0028248560935074983,14:30:00
2024-10-25,OPEN,Real Estate,1.809999942779541,1.7999999523162842,1.75,0.03314914070516578,0.027777752022683674,14:30:00
2024-11-01,OPEN,Real Estate,1.7799999713897705,1.8250000476837158,1.8300000429153442,-0.028089928274850014,-0.0027397233430072484,14:30:00
2024-11-06,OPEN,Real Estate,1.9500000476837158,1.8250000476837158,1.7799999713897705,0.08717952417277008,0.024657575407222188,15:30:00
2024-11-13,OPEN,Real Estate,1.7999999523162842,1.8849999904632568,1.809999942779541,-0.005555550404536735,0.03978782390618678,15:30:00
2024-11-25,OPEN,Real Estate,2.109999895095825,2.29010009765625,2.2699999809265137,-0.07582942833436591,0.008776959902454626,15:30:00
2024-11-29,OPEN,Real Estate,2.380000114440918,2.315000057220459,2.2850000858306885,0.0399159764883229,0.012958950603997151,15:30:00
2024-12-19,OPEN,Real Estate,1.7549999952316284,1.6806999444961548,1.659999966621399,0.054131070580254445,0.012316284023536015,15:30:00
2024-12-27,OPEN,Real Estate,1.7100000381469727,1.6411999464035034,1.6749999523162842,0.020467885994093913,-0.020594691089802615,15:30:00
2025-01-06,OPEN,Real Estate,1.7200000286102295,1.715000033378601,1.7100000381469727,0.005813947847045612,0.0029154490579095084,15:30:00
2025-01-15,OPEN,Real Estate,1.4599000215530396,1.5449999570846558,1.5199999809265137,-0.04116717479703841,0.01618121479130388,15:30:00
2025-01-30,OPEN,Real Estate,1.4900000095367432,1.4602999687194824,1.4299999475479126,0.040268497721342444,0.020749176073830578,15:30:00
2025-02-05,OPEN,Real Estate,1.3300000429153442,1.3650000095367432,1.3899999856948853,-0.045112737476325084,-0.018315000720495703,15:30:00
2025-02-06,OPEN,Real Estate,1.3899999856948853,1.4000999927520752,1.3949999809265137,-0.0035971189086946883,0.0036426054224432923,15:30:00
2025-02-14,OPEN,Real Estate,1.5199999809265137,1.475000023841858,1.5399999618530273,-0.0131578823536055,-0.04406775387153377,15:30:00
2025-02-21,OPEN,Real Estate,1.4800000190734863,1.403499960899353,1.3899999856948853,0.0608108325802206,0.009618792718609756,15:30:00
2025-02-26,OPEN,Real Estate,1.5,1.5049999952316284,1.5449999570846558,-0.029999971389770508,-0.026578047827083954,15:30:00
2025-02-27,OPEN,Real Estate,1.5499999523162842,1.51010000705719,1.440000057220459,0.07096767643859853,0.04642073340118603,15:30:00
2025-03-12,OPEN,Real Estate,1.149999976158142,1.1648000478744507,1.215000033378601,-0.056521790059168235,-0.04309751325625053,14:30:00
2025-03-25,OPEN,Real Estate,1.2300000190734863,1.215000033378601,1.2100000381469727,0.0162601468425821,0.0041152222998090985,14:30:00
2025-03-26,OPEN,Real Estate,1.2100000381469727,1.2200000286102295,1.1950000524520874,0.012396682001644102,0.020491783255629073,14:30:00
2025-04-08,OPEN,Real Estate,1.0700000524520874,1.059999942779541,0.9685999751091003,0.09476642277784146,0.0862263892493908,14:30:00
2025-04-14,OPEN,Real Estate,1.0299999713897705,1.0099999904632568,0.9503999948501587,0.07728153276762544,0.05900989720382216,14:30:00
2025-04-23,OPEN,Real Estate,1.0299999713897705,1.0498000383377075,0.8410999774932861,0.18339805742091736,0.19879982208315103,14:30:00
2025-04-24,OPEN,Real Estate,0.8615000247955322,0.8289999961853027,0.7706000208854675,0.10551364050353781,0.07044629139754702,14:30:00
2025-04-28,OPEN,Real Estate,0.7699000239372253,0.8083999752998352,0.7800999879837036,-0.013248426716908294,0.03500740744782326,14:30:00
2025-05-07,OPEN,Real Estate,0.800000011920929,0.8870999813079834,0.8671000003814697,-0.0838749843258413,0.02254535153639021,14:30:00
2025-05-08,OPEN,Real Estate,0.8999000191688538,0.885699987411499,0.871999979019165,0.031003488782517366,0.015468001114432575,14:30:00
2025-05-12,OPEN,Real Estate,0.7038999795913696,0.6931999921798706,0.6998999714851379,0.00568263705385215,-0.009665290509017824,14:30:00
2025-05-14,OPEN,Real Estate,0.7200000286102295,0.7556999921798706,0.7480000257492065,-0.038888883369940515,0.010189184213768429,14:30:00
2025-05-22,OPEN,Real Estate,0.699999988079071,0.6851999759674072,0.6830000281333923,0.024285657478837583,0.003210665369491398,14:30:00
2025-05-29,OPEN,Real Estate,0.6834999918937683,0.6991000175476074,0.6840999722480774,-0.0008778059420991666,0.021456222175689696,14:30:00
2025-06-11,OPEN,Real Estate,0.6200000047683716,0.6279000043869019,0.6068000197410583,0.021290298267408355,0.03360405239437144,14:30:00
2025-06-26,OPEN,Real Estate,0.515999972820282,0.5241000056266785,0.5378000140190125,-0.042248144083378125,-0.026140065341065142,14:30:00
2025-07-08,OPEN,Real Estate,0.6499999761581421,0.7146000266075134,0.7317000031471252,-0.1256923538241883,-0.02392943731165546,14:30:00
2025-07-11,OPEN,Real Estate,0.8999999761581421,0.7832000255584717,0.7788000106811523,0.13466663187521383,0.0056179963403114605,14:30:00
2025-07-15,OPEN,Real Estate,1.0399999618530273,1.0700000524520874,1.0299999713897705,0.009615375798129148,0.03738325149671712,14:30:00
2025-07-16,OPEN,Real Estate,1.184999942779541,1.3250999450683594,1.4900000095367432,-0.25738403500829937,-0.12444349204155836,14:30:00
2025-07-17,OPEN,Real Estate,1.8890000581741333,1.7050000429153442,1.6549999713897705,0.12387510829964835,0.029325554408831358,14:30:00
2025-07-18,OPEN,Real Estate,1.8450000286102295,1.9812999963760376,2.2599000930786133,-0.22487808023553946,-0.14061479695763307,14:30:00
2025-07-21,OPEN,Real Estate,2.7750000953674316,3.1549999713897705,3.2149999141693115,-0.1585584878128159,-0.019017414682609705,14:30:00
2025-07-24,OPEN,Real Estate,2.4674999713897705,2.9093000888824463,2.4149999618530273,0.0212765998563208,0.16990345166465629,14:30:00
2025-07-25,OPEN,Real Estate,2.5499000549316406,2.299999952316284,2.5399999618530273,0.0038825416154903724,-0.10434783239671111,14:30:00
2025-07-28,OPEN,Real Estate,2.640000104904175,2.555000066757202,2.3350000381469727,0.11553032372635942,0.08610568409473775,14:30:00
2025-07-31,OPEN,Real Estate,2.0899999141693115,1.971500039100647,1.8350000381469727,0.12200951506913854,0.06923662097209111,14:30:00
2025-08-01,OPEN,Real Estate,1.9299999475479126,1.975000023841858,2.0915000438690186,-0.0836788086581524,-0.058987351200401314,14:30:00
2025-08-04,OPEN,Real Estate,2.25,2.2699999809265137,2.4584999084472656,-0.0926666259765625,-0.08303961634564182,14:30:00
2025-08-07,OPEN,Real Estate,1.899999976158142,1.8487000465393066,1.8401000499725342,0.03152627733539628,0.004651915589482088,14:30:00
2025-08-12,OPEN,Real Estate,2.384999990463257,2.3101000785827637,2.4800000190734863,-0.03983229727048213,-0.07354657145198468,14:30:00
2025-08-13,OPEN,Real Estate,2.490000009536743,2.4514999389648438,2.4100000858306885,0.03212848329303357,0.01692835168973276,14:30:00
2025-08-15,OPEN,Real Estate,3.4149999618530273,3.309999942779541,3.1700000762939453,0.07174228061371386,0.042296032902052604,14:30:00
2025-08-18,OPEN,Real Estate,3.29010009765625,3.7750000953674316,3.7750000953674316,-0.14738153348483443,0.0,14:30:00
2025-08-19,OPEN,Real Estate,4.025000095367432,3.615000009536743,3.630000114440918,0.09813663889875142,-0.004149406601549925,14:30:00
2025-08-27,OPEN,Real Estate,4.90500020980835,4.454999923706055,4.019899845123291,0.1804485885474899,0.09766556364400782,14:30:00
2025-08-29,OPEN,Real Estate,4.514999866485596,4.529900074005127,4.465000152587891,0.01107413408112104,0.014327009505058427,14:30:00
2025-09-03,OPEN,Real Estate,5.210000038146973,5.269999980926514,5.119999885559082,0.017274501329927198,0.028463016301768614,14:30:00
2025-09-05,OPEN,Real Estate,6.409999847412109,6.169899940490723,6.639999866485596,-0.035881439087138756,-0.07619247160067942,14:30:00
2025-09-08,OPEN,Real Estate,7.008999824523926,6.848299980163574,6.039999961853027,0.13825080424177583,0.11802929495667921,14:30:00
2025-09-11,OPEN,Real Estate,7.610000133514404,8.850000381469727,10.475000381469727,-0.3764783439802944,-0.1836158112944776,14:30:00
2025-09-15,OPEN,Real Estate,9.755000114440918,10.0600004196167,9.497200012207031,0.026427483260840726,0.05594437216048461,14:30:00
2025-09-16,OPEN,Real Estate,9.800000190734863,8.905099868774414,8.914999961853027,0.09030614404666387,-0.0011117329647618883,14:30:00
2025-09-17,OPEN,Real Estate,9.010000228881836,10.121500015258789,10.194999694824219,-0.13152047012649679,-0.007261737830817998,14:30:00
2025-09-19,OPEN,Real Estate,10.010000228881836,9.758299827575684,9.555000305175781,0.04545453679344025,0.020833498251960285,14:30:00
2025-09-24,OPEN,Real Estate,7.590000152587891,7.910099983215332,8.209199905395508,-0.08158099345972931,-0.03781240727864938,14:30:00
2025-10-01,OPEN,Real Estate,8.109999656677246,8.184399604797363,8.074999809265137,0.00431564104732024,0.013366868776556419,14:30:00
2025-10-02,OPEN,Real Estate,8.100000381469727,7.9953999519348145,8.015000343322754,0.010493831375789343,-0.0024514585268741104,14:30:00
2025-10-06,OPEN,Real Estate,8.279999732971191,8.1899995803833,9.279999732971191,-0.12077295075481366,-0.1330891585389895,14:30:00
2025-10-09,OPEN,Real Estate,8.609999656677246,8.359999656677246,8.140000343322754,0.05458761116093626,0.026315708419769577,14:30:00
2025-10-10,OPEN,Real Estate,8.210000038146973,7.989999771118164,7.565000057220459,0.07856272569178849,0.05319145507788022,14:30:00
2025-10-27,OPEN,Real Estate,8.149999618530273,8.079999923706055,8.154999732971191,-0.0006135110030618213,-0.009282154699666945,14:30:00
2025-10-31,OPEN,Real Estate,7.420000076293945,7.521200180053711,7.78000020980835,-0.048517537710621284,-0.0344094058872384,14:30:00
2025-11-05,OPEN,Real Estate,7.150000095367432,7.089900016784668,7.230000019073486,-0.011188800369091962,-0.01976050465551628,15:30:00
2025-11-06,OPEN,Real Estate,7.360000133514404,7.000999927520752,6.550000190734863,0.1100543380551225,0.06441933173188878,15:30:00
2025-11-10,OPEN,Real Estate,6.840000152587891,7.425000190734863,7.992499828338623,-0.1684941008831247,-0.0764309256600293,15:30:00
2025-11-20,OPEN,Real Estate,6.954999923706055,6.775599956512451,6.140100002288818,0.11716749537834749,0.09379242551249121,15:30:00
2025-11-21,OPEN,Real Estate,6.239999771118164,6.539999961853027,6.739999771118164,-0.08012820806729029,-0.030581010769374573,15:30:00
2025-12-08,OPEN,Real Estate,7.275000095367432,7.1356000900268555,7.070000171661377,0.0281786833015431,0.009193328877435958,15:30:00
2025-12-11,OPEN,Real Estate,7.04010009765625,6.857500076293945,7.059999942779541,-0.0028266423555420696,-0.029529692195794238,15:30:00
2025-12-15,OPEN,Real Estate,6.650000095367432,6.340000152587891,6.469699859619141,0.027112817016934028,-0.02045736654727186,15:30:00
2025-12-18,OPEN,Real Estate,6.420000076293945,6.449999809265137,6.260000228881836,0.02492209431630911,0.02945730015532324,15:30:00
2025-12-19,OPEN,Real Estate,6.320000171661377,6.244999885559082,6.335000038146973,-0.0023733965313568334,-0.014411553921082799,15:30:00
2025-12-22,OPEN,Real Estate,6.550000190734863,6.574999809265137,6.420000076293945,0.019847345138219435,0.023574104557809127,15:30:00
2026-01-02,OPEN,Real Estate,5.920000076293945,5.985000133514404,6.079999923706055,-0.027027000903735277,-0.015872980463221196,15:30:00
2026-01-08,OPEN,Real Estate,6.25,6.441999912261963,6.416999816894531,-0.026719970703125,0.0038807972225900606,15:30:00
2026-01-14,OPEN,Real Estate,6.71999979019165,6.538599967956543,6.6483001708984375,0.010669586537467446,-0.016777322894732504,15:30:00
2024-01-24,ORCL,Technology,113.41999816894531,114.55000305175781,114.31999969482422,-0.007935122027936418,0.002007886082985698,15:30:00
2024-01-25,ORCL,Technology,114.88999938964844,115.9000015258789,115.04000091552734,-0.0013056099458245915,0.007420194987310125,15:30:00
2024-02-22,ORCL,Technology,111.51000213623047,110.42749786376953,111.01000213623047,0.0044839027030880675,-0.005274992947676423,15:30:00
2024-02-23,ORCL,Technology,112.0,113.23999786376953,111.9000015258789,0.000892843518938337,0.011833242345188608,15:30:00
2024-03-14,ORCL,Technology,127.2300033569336,126.8949966430664,125.62999725341797,0.012575698037411317,0.009968867355792294,14:30:00
2024-03-18,ORCL,Technology,127.19999694824219,128.32000732421875,127.79000091552734,-0.004638396080506428,0.00413034895916324,14:30:00
2024-03-21,ORCL,Technology,130.52000427246094,131.7899932861328,129.0,0.011645757146068763,0.021169993385426335,14:30:00
2024-04-04,ORCL,Technology,127.5999984741211,127.04000091552734,124.19000244140625,0.026724107159032878,0.02243386692051539,14:30:00
2024-04-15,ORCL,Technology,122.18000030517578,121.58999633789062,119.87999725341797,0.018824709821680857,0.014063649444652345,14:30:00
2024-05-23,ORCL,Technology,126.55000305175781,124.93000030517578,124.0999984741211,0.019359972489567535,0.0066437351238868205,14:30:00
2024-07-25,ORCL,Technology,140.14999389648438,138.1199951171875,137.8800048828125,0.016196854174310577,0.0017375488188468367,14:30:00
2024-07-26,ORCL,Technology,138.8699951171875,139.4250030517578,139.05999755859375,-0.0013682037019293737,0.0026179342669877077,14:30:00
2024-07-30,ORCL,Technology,139.07000732421875,138.8800048828125,135.6699981689453,0.02444818419651678,0.023113526792973575,14:30:00
2024-08-30,ORCL,Technology,140.3300018310547,140.3699951171875,141.2899932861328,-0.006840956620480006,-0.006554094186419644,14:30:00
2024-09-06,ORCL,Technology,143.7899932861328,141.33999633789062,141.86000061035156,0.013422301730974346,-0.0036791020654748244,14:30:00
2024-09-10,ORCL,Technology,154.22999572753906,158.38999938964844,155.86000061035156,-0.010568663217056998,0.015973222987853756,14:30:00
2024-10-04,ORCL,Technology,168.7100067138672,168.69000244140625,170.74000549316406,-0.012032474059109965,-0.012152486941067372,14:30:00
2024-12-19,ORCL,Technology,168.3249969482422,169.02499389648438,168.7969970703125,-0.0028040999888771516,0.0013488941541480346,15:30:00
2025-01-02,ORCL,Technology,168.52000427246094,167.30499267578125,166.08999633789062,0.0144197001718651,0.007262164257376078,15:30:00
2025-01-06,ORCL,Technology,167.30999755859375,167.42999267578125,165.74000549316406,0.009383731327112474,0.010093694418835415,15:30:00
2025-01-14,ORCL,Technology,156.0,156.60000610351562,156.32000732421875,-0.0020513290014022435,0.0017879870267169108,15:30:00
2025-01-16,ORCL,Technology,160.14999389648438,160.0399932861328,159.5800018310547,0.003559113875446735,0.002874228157806243,15:30:00
2025-01-17,ORCL,Technology,161.77000427246094,161.89999389648438,161.02000427246094,0.004636211783346518,0.005435390100052044,15:30:00
2025-01-28,ORCL,Technology,162.99000549316406,162.3699951171875,163.99000549316406,-0.00613534551995546,-0.009977276742586279,15:30:00
2025-02-26,ORCL,Technology,170.97999572753906,172.67999267578125,172.50999450683594,-0.0089484081034542,0.0009844694009484697,15:30:00
2025-03-03,ORCL,Technology,166.9499969482422,165.0500030517578,162.11000061035156,0.028990694377737065,0.01781279846740929,15:30:00
2025-03-12,ORCL,Technology,146.22999572753906,146.5800018310547,150.85000610351562,-0.03159413602517455,-0.02913087883149615,14:30:00
2025-04-08,ORCL,Technology,132.5399932861328,132.47500610351562,124.45999908447266,0.06096268757322728,0.060502031702342876,14:30:00
2025-04-14,ORCL,Technology,136.8000030517578,135.41000366210938,134.625,0.015899144760507845,0.005797235365772579,14:30:00
2025-04-17,ORCL,Technology,130.89999389648438,130.0500030517578,128.58999633789062,0.017647040995437284,0.011226502726694502,14:30:00
2025-04-23,ORCL,Technology,134.91000366210938,134.8699951171875,131.3699951171875,0.026239777991467927,0.025950916636119672,14:30:00
2025-05-01,ORCL,Technology,145.67999267578125,147.82000732421875,145.50999450683594,0.001166928730725932,0.01562719999273293,14:30:00
2025-05-29,ORCL,Technology,165.0,163.00999450683594,162.9199981689453,0.012606071703361742,0.0005520909203321943,14:30:00
2025-06-06,ORCL,Technology,173.75,172.8300018310547,174.00999450683594,-0.001496371262365108,-0.00682747592015141,14:30:00
2025-06-18,ORCL,Technology,211.0850067138672,213.94500732421875,210.7100067138672,0.0017765354623614981,0.015120710928529145,14:30:00
2025-06-20,ORCL,Technology,213.35000610351562,208.6699981689453,205.1199951171875,0.03857516171026024,0.017012522561502236,14:30:00
2025-07-03,ORCL,Technology,233.22000122070312,232.35000610351562,237.49000549316406,-0.018308911114446415,-0.022121795802142075,14:30:00
2025-07-17,ORCL,Technology,243.33999633789062,250.41000366210938,248.97999572753906,-0.023177445033807743,0.005710666162123032,14:30:00
2025-07-31,ORCL,Technology,255.05999755859375,257.8599853515625,253.86000061035156,0.0047047634271482255,0.015512235199103953,14:30:00
2025-08-04,ORCL,Technology,245.89999389648438,250.75,252.60000610351562,-0.0272468986308789,-0.007377890741836989,14:30:00
2025-09-05,ORCL,Technology,232.5500030517578,226.80999755859375,232.85000610351562,-0.001290058257668747,-0.026630257087152907,14:30:00
2025-09-08,ORCL,Technology,239.88999938964844,239.73500061035156,238.52000427246094,0.005710930512623183,0.005068080734132747,14:30:00
2025-10-06,ORCL,Technology,292.3800048828125,292.54998779296875,291.6000061035156,0.0026677569131634115,0.0032472456984869416,14:30:00
2025-10-07,ORCL,Technology,293.2200012207031,290.3299865722656,284.6700134277344,0.02915895149503556,0.019494965750368447,14:30:00
2025-10-09,ORCL,Technology,291.54998779296875,297.36468505859375,297.0299987792969,-0.018796128333984054,0.0011255078229310495,14:30:00
2025-10-10,ORCL,Technology,300.2799987792969,302.6600036621094,292.9700012207031,0.02434393761925693,0.03201613138227607,14:30:00
2025-10-27,ORCL,Technology,286.57000732421875,281.87249755859375,281.3399963378906,0.018250378101889113,0.0018891563572726079,14:30:00
2025-10-31,ORCL,Technology,259.510009765625,262.0899963378906,262.6099853515625,-0.011945495238265474,-0.0019840093896658947,14:30:00
2025-11-03,ORCL,Technology,265.239990234375,257.17999267578125,257.8500061035156,0.027861500538924527,-0.002605231537505485,15:30:00
2025-11-10,ORCL,Technology,245.9499969482422,244.1717987060547,240.77000427246094,0.021061161781072636,0.013931971061445092,15:30:00
2025-11-20,ORCL,Technology,231.16000366210938,228.5399932861328,210.6699981689453,0.0886399254566316,0.07819198233201227,15:30:00
2025-11-26,ORCL,Technology,209.5,205.47000122070312,204.9600067138672,0.021670612344309368,0.002482087427877771,15:30:00
2025-12-19,ORCL,Technology,188.38499450683594,191.16000366210938,192.32000732421875,-0.020888143600206025,-0.006068234148811665,15:30:00
2025-12-22,ORCL,Technology,196.82000732421875,197.04989624023438,198.36500549316406,-0.007849802415667323,-0.006673991095769802,15:30:00
2026-01-02,ORCL,Technology,197.47000122070312,194.72000122070312,195.69000244140625,0.009014021209770755,-0.004981518152332427,15:30:00
2024-01-24,OSCR,Healthcare,11.380000114440918,11.729999542236328,11.6899995803833,-0.027240726083034194,0.0034100565570355803,15:30:00
2024-01-25,OSCR,Healthcare,11.789999961853027,11.979999542236328,11.899999618530273,-0.009329911538011363,0.0066777902139319245,15:30:00
2024-02-08,OSCR,Healthcare,17.43000030517578,16.700000762939453,16.68000030517578,0.04302925914334551,0.0011976321467036563,15:30:00
2024-03-01,OSCR,Healthcare,16.3799991607666,16.584999084472656,16.56999969482422,-0.011599544798067313,0.0009043949639093047,15:30:00
2024-03-04,OSCR,Healthcare,16.81999969482422,16.31999969482422,15.350000381469727,0.08739591795633828,0.05943623354736466,15:30:00
2024-03-15,OSCR,Healthcare,14.010000228881836,13.920000076293945,13.859999656677246,0.010706678783299468,0.004310374948839347,14:30:00
2024-03-18,OSCR,Healthcare,14.029999732971191,13.914999961853027,13.829999923706055,0.014255154174745086,0.006108518748113126,14:30:00
2024-03-21,OSCR,Healthcare,14.279999732971191,14.210000038146973,13.755000114440918,0.036764679856267656,0.0320196989785081,14:30:00
2024-03-22,OSCR,Healthcare,14.029999732971191,13.539999961853027,13.5,0.0377761755565587,0.0029542069398612552,14:30:00
2024-03-26,OSCR,Healthcare,13.640000343322754,14.0600004196167,13.949999809265137,-0.022727233001437433,0.007823656263771385,14:30:00
2024-04-04,OSCR,Healthcare,14.239999771118164,13.925000190734863,13.979999542236328,0.0182584433329257,-0.003949684075269112,14:30:00
2024-04-17,OSCR,Healthcare,15.850000381469727,15.65999984741211,15.545000076293945,0.01924292099906558,0.007343535902854324,14:30:00
2024-04-22,OSCR,Healthcare,16.139999389648438,15.779999732971191,16.18000030517578,-0.0024783715638179494,-0.025348579149137563,14:30:00
2024-04-26,OSCR,Healthcare,18.049999237060547,17.8700008392334,17.559999465942383,0.02714680287144216,0.01734758582721557,14:30:00
2024-04-29,OSCR,Healthcare,17.729999542236328,17.704999923706055,17.399999618530273,0.01861251732804224,0.01722678940921101,14:30:00
2024-05-03,OSCR,Healthcare,18.329999923706055,18.15999984741211,18.010000228881836,0.0174577030090636,0.008259890957633964,14:30:00
2024-05-06,OSCR,Healthcare,18.280000686645508,18.530000686645508,18.969999313354492,-0.03774609413516403,-0.02374520293601983,14:30:00
2024-05-07,OSCR,Healthcare,20.600000381469727,20.024999618530273,19.770000457763672,0.04029125768622134,0.012734040730299755,14:30:00
2024-05-13,OSCR,Healthcare,21.8700008392334,21.780000686645508,21.959999084472656,-0.004115145943561495,-0.008264388987715466,14:30:00
2024-05-15,OSCR,Healthcare,23.0,23.15999984741211,22.649999618530273,0.015217407889988111,0.022020735416318372,14:30:00
2024-05-23,OSCR,Healthcare,22.420000076293945,21.729999542236328,20.959999084472656,0.0651204722057534,0.035434904463160784,14:30:00
2024-06-10,OSCR,Healthcare,19.799999237060547,20.600000381469727,20.5049991607666,-0.035606058124814204,0.0046117096574707465,14:30:00
2024-06-11,OSCR,Healthcare,20.81999969482422,20.639999389648438,20.010000228881836,0.038904874054524884,0.030523216056031695,14:30:00
2024-06-12,OSCR,Healthcare,20.600000381469727,20.150999069213867,19.06999969482422,0.07427187661713763,0.05364495182976655,14:30:00
2024-06-20,OSCR,Healthcare,19.420000076293945,18.68000030517578,18.040000915527344,0.0710607186068537,0.03426120873622839,14:30:00
2024-06-25,OSCR,Healthcare,17.889999389648438,17.790000915527344,17.639999389648438,0.013974287788106674,0.00843178854184223,14:30:00
2024-06-26,OSCR,Healthcare,17.799999237060547,17.639999389648438,17.93000030517578,-0.007303431106028658,-0.01643996176652495,14:30:00
2024-06-28,OSCR,Healthcare,17.799999237060547,16.010000228881836,15.789999961853027,0.11292131243593505,0.013741428100165229,14:30:00
2024-07-08,OSCR,Healthcare,16.8799991607666,16.62019920349121,16.1200008392334,0.04502359948569381,0.030095810413195388,14:30:00
2024-07-09,OSCR,Healthcare,16.25,15.90999984741211,15.744999885559082,0.031076930119441105,0.01037083365402206,14:30:00
2024-07-12,OSCR,Healthcare,16.68000030517578,16.559999465942383,16.530000686645508,0.008992782720976856,0.0018115205473630042,14:30:00
2024-07-18,OSCR,Healthcare,15.739999771118164,15.609999656677246,14.970000267028809,0.04891991837904931,0.04099932118670323,14:30:00
2024-07-19,OSCR,Healthcare,15.170000076293945,15.600000381469727,15.260000228881836,-0.0059327720590149,0.02179488104319252,14:30:00
2024-07-22,OSCR,Healthcare,15.5,15.630000114440918,15.345000267028809,0.00999998277233493,0.018234155171169285,14:30:00
2024-07-26,OSCR,Healthcare,15.739999771118164,15.380000114440918,15.8100004196167,-0.004447309372073919,-0.027958407150597886,14:30:00
2024-07-29,OSCR,Healthcare,16.0,16.93000030517578,16.899999618530273,-0.05624997615814209,0.0017720428886428376,14:30:00
2024-08-13,OSCR,Healthcare,18.149999618530273,18.030000686645508,18.280000686645508,-0.007162593435126553,-0.013865778728736846,14:30:00
2024-08-14,OSCR,Healthcare,18.3799991607666,18.270000457763672,18.18000030517578,0.010881331051294709,0.0049261166027856264,14:30:00
2024-08-26,OSCR,Healthcare,17.989999771118164,18.309999465942383,18.079999923706055,-0.005002787867311723,0.01256141720070173,14:30:00
2024-08-30,OSCR,Healthcare,17.940000534057617,18.165000915527344,18.31999969482422,-0.021181669423320493,-0.00853282529506414,14:30:00
2024-09-10,OSCR,Healthcare,18.0,17.459999084472656,17.43000030517578,0.0316666497124566,0.0017181432342429617,14:30:00
2024-09-17,OSCR,Healthcare,22.110000610351562,21.829999923706055,21.940000534057617,0.0076888318227523655,-0.005038965219239809,14:30:00
2024-09-19,OSCR,Healthcare,23.239999771118164,23.475000381469727,23.280000686645508,-0.0017212098072847423,0.00830669613015828,14:30:00
2024-09-26,OSCR,Healthcare,21.709999084472656,21.34000015258789,20.469999313354492,0.05711652802440844,0.04076854887594244,14:30:00
2024-10-18,OSCR,Healthcare,16.989999771118164,16.450000762939453,16.34000015258789,0.03825777676790957,0.0066869668844870295,14:30:00
2024-10-25,OSCR,Healthcare,17.510000228881836,16.395000457763672,16.18000030517578,0.07595659088069508,0.013113763134180315,14:30:00
2024-10-28,OSCR,Healthcare,16.309999465942383,16.010000228881836,15.345000267028809,0.05916610855375139,0.04153653668620041,14:30:00
2024-11-11,OSCR,Healthcare,13.729999542236328,13.670000076293945,13.819999694824219,-0.006555000407030712,-0.01097290546401662,15:30:00
2024-11-14,OSCR,Healthcare,14.960000038146973,15.588299751281738,15.449999809265137,-0.03275399531207877,0.008872035066250887,15:30:00
2024-11-15,OSCR,Healthcare,15.529999732971191,14.789999961853027,14.859999656677246,0.04314231087019866,-0.004732907032100394,15:30:00
2024-11-20,OSCR,Healthcare,18.209999084472656,17.213600158691406,16.989999771118164,0.0669961216195098,0.012989751447220817,15:30:00
2024-11-21,OSCR,Healthcare,17.09000015258789,16.90999984741211,16.31999969482422,0.045055614446385645,0.03489060661808248,15:30:00
2024-11-25,OSCR,Healthcare,16.850000381469727,16.725000381469727,16.854999542236328,-0.0002966860921913828,-0.007772744861078308,15:30:00
2024-11-29,OSCR,Healthcare,16.920000076293945,17.184999465942383,17.1299991607666,-0.01241129335258568,0.0032004833799839268,15:30:00
2024-12-02,OSCR,Healthcare,17.540000915527344,18.15999984741211,18.450000762939453,-0.051881402503606996,-0.015969213544276013,15:30:00
2024-12-06,OSCR,Healthcare,16.540000915527344,15.760000228881836,15.609999656677246,0.056227400687568006,0.009517802666633102,15:30:00
2024-12-09,OSCR,Healthcare,15.850000381469727,16.325000762939453,16.559999465942383,-0.0447948938413098,-0.01439501941932015,15:30:00
2024-12-11,OSCR,Healthcare,15.149999618530273,14.890000343322754,14.359999656677246,0.05214521331649159,0.035594403923783685,15:30:00
2024-12-12,OSCR,Healthcare,14.5,14.550000190734863,13.649999618530273,0.058620715963429416,0.061855708619006855,15:30:00
2024-12-18,OSCR,Healthcare,13.8100004196167,13.845999717712402,13.369999885559082,0.03186100801507648,0.034378148335825885,15:30:00
2024-12-27,OSCR,Healthcare,14.300000190734863,13.720000267028809,13.789999961853027,0.03566435119436369,-0.0051020184738945215,15:30:00
2024-12-31,OSCR,Healthcare,13.729999542236328,13.481900215148926,13.4399995803833,0.021121629389784558,0.003107917585574724,15:30:00
2025-01-06,OSCR,Healthcare,15.234999656677246,15.0,14.710000038146973,0.03446010045035839,0.019333330790201823,15:30:00
2025-01-17,OSCR,Healthcare,15.210000038146973,15.289999961853027,15.904999732971191,-0.04569360243794518,-0.04022235269146665,15:30:00
2025-01-21,OSCR,Healthcare,16.09000015258789,15.449999809265137,15.65999984741211,0.026724692423736283,-0.013592235646568664,15:30:00
2025-01-28,OSCR,Healthcare,16.510000228881836,16.565000534057617,16.270000457763672,0.014536630393155264,0.017808636690800315,15:30:00
2025-02-10,OSCR,Healthcare,14.890000343322754,14.569999694824219,14.734999656677246,0.010409716794601422,-0.011324637289569827,15:30:00
2025-02-14,OSCR,Healthcare,13.5600004196167,13.359999656677246,13.460000038146973,0.007374659172212125,-0.007485058685592629,15:30:00
2025-02-18,OSCR,Healthcare,15.119999885559082,15.920000076293945,15.880000114440918,-0.05026456578268247,0.0025125604058627007,15:30:00
2025-02-19,OSCR,Healthcare,16.149999618530273,15.670000076293945,16.0,0.009287902295562043,-0.021059344103341048,15:30:00
2025-02-20,OSCR,Healthcare,16.75,16.135000228881836,16.06999969482422,0.04059703314482276,0.004028542493681871,15:30:00
2025-02-21,OSCR,Healthcare,16.59000015258789,15.789999961853027,14.800000190734863,0.10789631979441565,0.0626978957257694,15:30:00
2025-02-26,OSCR,Healthcare,15.789999961853027,15.729999542236328,15.677499771118164,0.007124774604601132,0.0033375570658599136,15:30:00
2025-02-27,OSCR,Healthcare,15.75,15.484999656677246,14.805000305175781,0.05999998062375992,0.04391342373767791,15:30:00
2025-03-03,OSCR,Healthcare,14.779999732971191,14.57129955291748,15.09000015258789,-0.020974318350300843,-0.035597415164425425,15:30:00
2025-03-12,OSCR,Healthcare,14.920000076293945,14.029999732971191,14.194999694824219,0.04859251861678362,-0.011760510690906808,14:30:00
2025-04-08,OSCR,Healthcare,13.5,12.649999618530273,11.720000267028809,0.1318518320719401,0.07351773751353803,14:30:00
2025-04-14,OSCR,Healthcare,12.8100004196167,12.5,12.420000076293945,0.03044499067506069,0.006399993896484375,14:30:00
2025-04-23,OSCR,Healthcare,12.0,12.364999771118164,12.010000228881836,-0.0008333524068196615,0.028710032252934333,14:30:00
2025-04-28,OSCR,Healthcare,12.399999618530273,12.479999542236328,12.59000015258789,-0.015322624185704391,-0.008814151793778926,14:30:00
2025-04-29,OSCR,Healthcare,13.050000190734863,12.845000267028809,13.140000343322754,-0.006896563315898511,-0.02296614014490652,14:30:00
2025-05-01,OSCR,Healthcare,13.15999984741211,13.100000381469727,13.03499984741211,0.009498480353294307,0.004961872684336868,14:30:00
2025-05-08,OSCR,Healthcare,17.56999969482422,17.700000762939453,17.079999923706055,0.027888433672682903,0.035028294492029974,14:30:00
2025-05-12,OSCR,Healthcare,17.799999237060547,16.5,16.795000076293945,0.05646062942936198,-0.017878792502663353,14:30:00
2025-05-29,OSCR,Healthcare,14.180000305175781,13.949999809265137,13.797300338745117,0.026988713553904253,0.010946198753250268,14:30:00
2025-06-02,OSCR,Healthcare,13.949999809265137,13.664999961853027,14.265000343322754,-0.022580683753730523,-0.04390782167176561,14:30:00
2025-06-03,OSCR,Healthcare,14.744999885559082,14.755000114440918,14.265000343322754,0.03255337714220186,0.03320906589750512,14:30:00
2025-06-05,OSCR,Healthcare,14.404999732971191,15.630000114440918,15.649999618530273,-0.08642831715639934,-0.001279558793533051,14:30:00
2025-06-09,OSCR,Healthcare,15.5,14.960000038146973,14.760000228881836,0.047741920717300906,0.013368971173472657,14:30:00
2025-06-11,OSCR,Healthcare,14.899999618530273,14.53499984741211,14.149999618530273,0.05033557175848972,0.02648780412270754,14:30:00
2025-06-17,OSCR,Healthcare,15.880000114440918,16.25,16.110000610351562,-0.014483658328282202,0.008615347055288462,14:30:00
2025-06-20,OSCR,Healthcare,21.549999237060547,22.06999969482422,21.229999542236328,0.014849174299454277,0.03806072334404629,14:30:00
2025-07-01,OSCR,Healthcare,21.549999237060547,21.610000610351562,20.459999084472656,0.050580055275053847,0.05321617276253272,14:30:00
2025-07-03,OSCR,Healthcare,17.360000610351562,16.385000228881836,16.454999923706055,0.05213137412598169,-0.004272181498101556,14:30:00
2025-07-08,OSCR,Healthcare,17.010000228881836,16.7549991607666,16.565000534057617,0.026161063423658232,0.011339817142688013,14:30:00
2025-07-09,OSCR,Healthcare,16.71500015258789,16.65999984741211,16.098100662231445,0.036906938960508125,0.03372744239658244,14:30:00
2025-07-18,OSCR,Healthcare,13.9399995803833,13.362000465393066,13.423100471496582,0.03708028152411937,-0.004572669059678727,14:30:00
2025-07-21,OSCR,Healthcare,13.550000190734863,14.225000381469727,13.604999542236328,-0.0040589926735995156,0.04358529508660301,14:30:00
2025-07-25,OSCR,Healthcare,14.279999732971191,14.234999656677246,14.447199821472168,-0.011708689889883338,-0.014906931500724316,14:30:00
2025-07-31,OSCR,Healthcare,14.199999809265137,14.414999961853027,14.0649995803833,0.009507058499659398,0.024280290141931747,14:30:00
2025-08-07,OSCR,Healthcare,14.470000267028809,14.734999656677246,15.149999618530273,-0.04699373455098714,-0.028164232882419364,14:30:00
2025-08-13,OSCR,Healthcare,15.140000343322754,15.175000190734863,14.949999809265137,0.01254957263864355,0.014827043073587646,14:30:00
2025-08-15,OSCR,Healthcare,15.210000038146973,15.494999885559082,15.630000114440918,-0.027613417175580343,-0.008712502735005017,14:30:00
2025-09-05,OSCR,Healthcare,18.790000915527344,18.325000762939453,19.440000534057617,-0.03459284655984973,-0.06084582399435112,14:30:00
2025-09-24,OSCR,Healthcare,17.959999084472656,17.80500030517578,18.440000534057617,-0.026726139980705617,-0.03566415153035668,14:30:00
2025-09-29,OSCR,Healthcare,18.700000762939453,18.389999389648438,19.1299991607666,-0.022994565790571495,-0.04023924935716437,14:30:00
2025-09-30,OSCR,Healthcare,19.5,19.479999542236328,18.940000534057617,0.028717921330378607,0.027720688956274914,14:30:00
2025-10-07,OSCR,Healthcare,23.549999237060547,23.447399139404297,22.469999313354492,0.045859870857509956,0.041684786454939685,14:30:00
2025-10-08,OSCR,Healthcare,22.780000686645508,21.424999237060547,21.790000915527344,0.043459163357204775,-0.017036251643613786,14:30:00
2025-10-10,OSCR,Healthcare,20.969999313354492,20.44499969482422,18.760000228881836,0.10538861024498197,0.08241621379769211,14:30:00
2025-10-20,OSCR,Healthcare,19.59000015258789,20.135000228881836,20.18000030517578,-0.030117414394708417,-0.0022349180919996603,14:30:00
2025-10-27,OSCR,Healthcare,19.6200008392334,19.434999465942383,19.65999984741211,-0.002038685344942819,-0.011577071656935934,14:30:00
2025-10-28,OSCR,Healthcare,19.809999465942383,19.834999084472656,19.540000915527344,0.013629407253605645,0.014872608145278141,14:30:00
2025-11-06,OSCR,Healthcare,18.6299991607666,18.030000686645508,16.540000915527344,0.11218455928010128,0.08264002852877203,15:30:00
2025-11-17,OSCR,Healthcare,14.149999618530273,14.5600004196167,14.25,-0.007067164958702194,0.02129123699742724,15:30:00
2025-11-20,OSCR,Healthcare,14.289999961853027,13.954999923706055,13.03499984741211,0.08782366114703462,0.06592619715684092,15:30:00
2025-11-24,OSCR,Healthcare,16.25,16.729999542236328,16.479000091552734,-0.014092313326322116,0.015002956219450215,15:30:00
2025-12-05,OSCR,Healthcare,17.290000915527344,17.174999237060547,16.764999389648438,0.03036445911390478,0.023871899017462762,15:30:00
2025-12-08,OSCR,Healthcare,17.020000457763672,16.713899612426758,16.719999313354492,0.01762638873915742,-0.00036494780207960907,15:30:00
2025-12-18,OSCR,Healthcare,15.5,15.420000076293945,14.8100004196167,0.04451610196021295,0.039558991806688364,15:30:00
2026-01-02,OSCR,Healthcare,14.449999809265137,14.760000228881836,14.979999542236328,-0.03667818269667817,-0.01490510229966023,15:30:00
2026-01-05,OSCR,Healthcare,15.649999618530273,16.290000915527344,16.579999923706055,-0.059424941076332095,-0.017802270833655324,15:30:00
2026-01-08,OSCR,Healthcare,17.440000534057617,17.524999618530273,16.905000686645508,0.030676595815885305,0.03537797120572842,15:30:00
2026-01-13,OSCR,Healthcare,17.895000457763672,17.510000228881836,17.3700008392334,0.02933778178823709,0.00799539622035617,15:30:00
2024-01-18,PANW,Technology,168.2050018310547,168.2093505859375,167.94500732421875,0.001545700211085734,0.0015715134788758254,15:30:00
2024-01-19,PANW,Technology,169.76499938964844,168.18499755859375,168.8699951171875,0.005272018824131725,-0.004072881461113109,15:30:00
2024-01-24,PANW,Technology,173.91000366210938,172.9425048828125,170.09750366210938,0.021922258177898297,0.016450560968981714,15:30:00
2024-01-25,PANW,Technology,172.22999572753906,169.86000061035156,170.08999633789062,0.012425242075914758,-0.0013540311239410544,15:30:00
2024-02-22,PANW,Technology,135.58999633789062,135.84500122070312,133.90499877929688,0.01242715247513343,0.014280999845216157,15:30:00
2024-02-23,PANW,Technology,138.47500610351562,139.51104736328125,141.07000732421875,-0.018739852726659262,-0.011174455287960313,15:30:00
2024-02-26,PANW,Technology,144.05499267578125,150.06500244140625,151.375,-0.05081397866364545,-0.008729534117092,15:30:00
2024-02-27,PANW,Technology,157.5625,157.91995239257812,157.35000610351562,0.001348632425128917,0.0036090834655626842,15:30:00
2024-03-06,PANW,Technology,148.25,140.4774932861328,139.43499755859375,0.059460387463111296,0.0074210872016035045,15:30:00
2024-03-14,PANW,Technology,146.17999267578125,143.531005859375,143.7949981689453,0.01631546467597462,-0.0018392702537663526,14:30:00
2024-03-21,PANW,Technology,142.00999450683594,141.65499877929688,143.81500244140625,-0.012710428873958056,-0.015248340550796456,14:30:00
2024-04-04,PANW,Technology,135.7899932861328,135.16000366210938,132.51499938964844,0.024118079817438395,0.01956943031070985,14:30:00
2024-04-09,PANW,Technology,135.48500061035156,138.03500366210938,139.55999755859375,-0.03007710764944147,-0.011047878118055833,14:30:00
2024-04-17,PANW,Technology,139.0,138.94000244140625,138.6649932861328,0.002410120243648831,0.0019793374869804996,14:30:00
2024-06-03,PANW,Technology,148.0,146.7949981689453,147.30999755859375,0.0046621786581503375,-0.0035082897651303375,14:30:00
2024-06-05,PANW,Technology,147.83999633789062,146.0,147.7050018310547,0.0009131122171256379,-0.011678094733251284,14:30:00
2024-06-20,PANW,Technology,159.7899932861328,155.42750549316406,155.52999877929688,0.026659957981271385,-0.000659428238313458,14:30:00
2024-07-19,PANW,Technology,165.97950744628906,163.76499938964844,165.51499938964844,0.0027985867881367204,-0.010686044066328237,14:30:00
2024-07-25,PANW,Technology,163.5,160.89500427246094,159.97500610351562,0.02155959569715214,0.005718003322137833,14:30:00
2024-07-26,PANW,Technology,161.5050048828125,162.5167999267578,163.4949951171875,-0.01232153911155218,-0.006019040436868897,14:30:00
2024-07-30,PANW,Technology,162.6199951171875,162.6425018310547,158.68499755859375,0.024197501394327955,0.024332534410788916,14:30:00
2024-08-07,PANW,Technology,155.5749969482422,156.02499389648438,152.10499572753906,0.022304363096709877,0.025124168064675947,14:30:00
2024-08-14,PANW,Technology,168.75250244140625,169.60000610351562,169.96499633789062,-0.007185042467179849,-0.0021520649837254583,14:30:00
2024-09-09,PANW,Technology,168.8249969482422,169.8300018310547,172.0749969482422,-0.01925070373906996,-0.01321907256069396,14:30:00
2024-09-10,PANW,Technology,173.75,172.15499877929688,173.7449951171875,2.88050809352518e-05,-0.009235841823733531,14:30:00
2024-09-19,PANW,Technology,168.94000244140625,168.98500061035156,166.81500244140625,0.012578430030134617,0.012841365571545195,14:30:00
2024-11-25,PANW,Technology,193.9857940673828,195.0,193.19500732421875,0.004076518834618246,0.009256372696314102,15:30:00
2024-12-02,PANW,Technology,195.2050018310547,194.03500366210938,195.11000061035156,0.00048667411086805197,-0.00554022175356657,15:30:00
2024-12-19,PANW,Technology,194.44000244140625,189.52999877929688,189.36000061035156,0.0261263205475711,0.0008969459718261871,15:30:00
2024-12-31,PANW,Technology,185.3800048828125,183.44000244140625,181.97000122070312,0.018394668099534252,0.008013525954747342,15:30:00
2025-01-02,PANW,Technology,184.5,182.41000366210938,180.7899932861328,0.02010843747353489,0.008881148749809904,15:30:00
2025-01-16,PANW,Technology,174.75,175.2949981689453,177.1699981689453,-0.01384834431442239,-0.010696254996351453,15:30:00
2025-01-22,PANW,Technology,185.33999633789062,186.3800048828125,187.75,-0.01300314939963489,-0.0073505477052052464,15:30:00
2025-02-26,PANW,Technology,189.460693359375,190.89999389648438,189.5,-0.00020746593886068984,0.007333650818467404,15:30:00
2025-02-27,PANW,Technology,191.3800048828125,191.17999267578125,187.52000427246094,0.02016929936183852,0.019144202027077287,15:30:00
2025-03-03,PANW,Technology,191.6999969482422,191.031005859375,183.64999389648438,0.0419927135102212,0.038637769453635507,15:30:00
2025-03-12,PANW,Technology,183.63999938964844,181.11000061035156,179.44000244140625,0.02287081769876621,0.009220905324484118,14:30:00
2025-03-17,PANW,Technology,183.5,183.07000732421875,184.99000549316406,-0.008119920943673364,-0.010487781133612876,14:30:00
2025-04-08,PANW,Technology,158.08999633789062,160.11000061035156,152.75999450683594,0.03371498484738218,0.04590597761224683,14:30:00
2025-04-17,PANW,Technology,171.25999450683594,168.42999267578125,167.7790069580078,0.020325748338671,0.0038650225380378084,14:30:00
2025-04-23,PANW,Technology,168.74000549316406,171.2550048828125,168.27999877929688,0.002726127171341257,0.017371790713803556,14:30:00
2025-05-01,PANW,Technology,188.63999938964844,188.22000122070312,186.22000122070312,0.01282865869791828,0.010625863282483133,14:30:00
2025-05-29,PANW,Technology,189.0,183.8800048828125,185.8300018310547,0.016772477084366733,-0.010604725345123462,14:30:00
2025-06-06,PANW,Technology,198.9759063720703,199.1199951171875,199.5500030517578,-0.0028852572663445064,-0.0021595417090947656,14:30:00
2025-07-29,PANW,Technology,206.0,206.6699981689453,193.83999633789062,0.05902914399082221,0.06207965328652406,14:30:00
2025-08-04,PANW,Technology,174.0,172.72999572753906,171.0,0.017241379310344827,0.010015606844962378,14:30:00
2025-10-06,PANW,Technology,209.22000122070312,209.89500427246094,212.5800018310547,-0.016059652952621614,-0.012792098448938798,14:30:00
2025-10-27,PANW,Technology,219.33999633789062,219.10499572753906,220.3000030517578,-0.004376797346108772,-0.005454039604394793,14:30:00
2025-11-24,PANW,Technology,185.4199981689453,185.17999267578125,183.89999389648438,0.008197628559331484,0.006912187222827769,15:30:00
2025-11-28,PANW,Technology,187.1999969482422,190.1999969482422,189.83999633789062,-0.014102561072040803,0.0018927477188631448,15:30:00
2025-12-22,PANW,Technology,188.48500061035156,189.3300018310547,189.49000549316406,-0.005332015171276739,-0.0008451046350918619,15:30:00
2026-01-05,PANW,Technology,182.7050018310547,185.6199951171875,182.14999389648438,0.003037727095635413,0.01869411330666402,15:30:00
2024-01-18,PLTR,Technology,16.75,16.3700008392334,16.389999389648438,0.02149257375233209,-0.0012216584844094356,15:30:00
2024-01-24,PLTR,Technology,17.510000228881836,17.415000915527344,16.75,0.043403781778840585,0.03818552285773491,15:30:00
2024-01-25,PLTR,Technology,16.920000076293945,16.795000076293945,16.459999084472656,0.02718681972500587,0.019946471586751655,15:30:00
2024-02-22,PLTR,Technology,23.834999084472656,23.40999984741211,23.600000381469727,0.009859396351142297,-0.008116212528665226,15:30:00
2024-03-06,PLTR,Technology,25.75,24.799999237060547,26.149999618530273,-0.015533965768165958,-0.0544355009274483,15:30:00
2024-03-07,PLTR,Technology,27.010000228881836,26.93000030517578,26.469999313354492,0.019992629061510333,0.01708135858182221,15:30:00
2024-03-21,PLTR,Technology,25.299999237060547,24.954999923706055,24.479999542236328,0.032411056108770445,0.019034277015504975,14:30:00
2024-04-04,PLTR,Technology,23.81999969482422,23.31999969482422,22.479999542236328,0.05625525481761679,0.03602059020499582,14:30:00
2024-04-11,PLTR,Technology,22.649999618530273,22.375,22.84000015258789,-0.008388544691284461,-0.020782129724598464,14:30:00
2024-04-17,PLTR,Technology,22.010000228881836,21.645000457763672,21.295000076293945,0.032485240579400686,0.016170033451959928,14:30:00
2024-04-24,PLTR,Technology,22.049999237060547,21.989999771118164,21.579999923706055,0.021315162340892084,0.018644831818079705,14:30:00
2024-05-23,PLTR,Technology,21.389999389648438,20.825000762939453,20.729999542236328,0.030855533718786004,0.004561883179960833,14:30:00
2024-06-18,PLTR,Technology,25.149999618530273,25.165000915527344,25.84000015258789,-0.027435409324985897,-0.026822937115176415,14:30:00
2024-06-20,PLTR,Technology,26.440000534057617,26.264999389648438,25.579999923706055,0.03252649746522461,0.02608031531926686,14:30:00
2024-07-05,PLTR,Technology,26.0,26.975000381469727,27.229999542236328,-0.04730767470139723,-0.009453166159796288,14:30:00
2024-07-18,PLTR,Technology,28.420000076293945,29.745899200439453,28.610000610351562,-0.0066854515674721225,0.03818672894820774,14:30:00
2024-07-26,PLTR,Technology,27.0,27.100000381469727,27.174999237060547,-0.006481453224464699,-0.0027674854071995723,14:30:00
2024-07-29,PLTR,Technology,27.559999465942383,27.38010025024414,27.094999313354492,0.016872284528253362,0.010412706099829064,14:30:00
2024-07-30,PLTR,Technology,27.25,26.96500015258789,26.3799991607666,0.03192663630214306,0.021694826201035463,14:30:00
2024-08-12,PLTR,Technology,30.219999313354492,29.71500015258789,29.3700008392334,0.028127018313513715,0.011610274662053,14:30:00
2024-08-14,PLTR,Technology,30.6200008392334,30.760000228881836,30.999900817871094,-0.012406922541652238,-0.007799108816780997,14:30:00
2024-09-06,PLTR,Technology,30.600000381469727,29.90999984741211,30.350000381469727,0.008169934538673769,-0.014710816994393505,14:30:00
2024-09-09,PLTR,Technology,32.70000076293945,34.064998626708984,34.59000015258789,-0.05779814512391292,-0.015411758316269938,14:30:00
2024-09-10,PLTR,Technology,34.810001373291016,34.38999938964844,34.736900329589844,0.002100001172572799,-0.010087262172090215,14:30:00
2024-11-06,PLTR,Technology,53.439998626708984,54.06679916381836,55.505001068115234,-0.03864151374386777,-0.026600463251749577,15:30:00
2024-11-11,PLTR,Technology,60.13249969482422,61.125,60.275001525878906,-0.0023697972274209825,0.013905905507093558,15:30:00
2024-11-13,PLTR,Technology,61.52000045776367,62.91999816894531,60.70500183105469,0.013247701896044664,0.035203375752541816,15:30:00
2024-11-15,PLTR,Technology,61.0099983215332,62.84000015258789,65.77999877929688,-0.07818391393202385,-0.04678546498361058,15:30:00
2024-11-25,PLTR,Technology,66.9000015258789,65.88999938964844,64.63999938964844,0.03378179498779582,0.018971012468948053,15:30:00
2024-12-02,PLTR,Technology,67.31999969482422,66.77999877929688,66.36009979248047,0.014258762725715673,0.006287795664748998,15:30:00
2024-12-09,PLTR,Technology,80.09770202636719,75.91999816894531,72.4801025390625,0.09510384561091487,0.045309479884706905,15:30:00
2024-12-11,PLTR,Technology,72.9800033569336,69.96959686279297,72.50499725341797,0.006508715835383642,-0.03623574387025266,15:30:00
2024-12-19,PLTR,Technology,73.98999786376953,73.84500122070312,74.2509994506836,-0.003527525266247729,-0.005497978512682906,15:30:00
2025-01-02,PLTR,Technology,75.37000274658203,74.94000244140625,75.2300033569336,0.001857494819512745,-0.0038697745673825987,15:30:00
2025-01-14,PLTR,Technology,67.27999877929688,67.2300033569336,65.91000366210938,0.02036259129078744,0.019634086403598015,15:30:00
2025-01-16,PLTR,Technology,69.16500091552734,69.75990295410156,69.23999786376953,-0.001084319341422157,0.007452778291192608,15:30:00
2025-02-10,PLTR,Technology,112.0199966430664,113.22000122070312,116.69000244140625,-0.04168903712093531,-0.030648305805428742,15:30:00
2025-02-18,PLTR,Technology,121.0,119.97000122070312,124.61540222167969,-0.029879357203964358,-0.038721354952982276,15:30:00
2025-02-26,PLTR,Technology,89.16000366210938,87.75,89.30999755859375,-0.0016823002503769345,-0.01777774995548433,15:30:00
2025-02-27,PLTR,Technology,92.0,89.69999694824219,84.7699966430664,0.07858699301014775,0.05496098631999332,15:30:00
2025-03-03,PLTR,Technology,87.84500122070312,88.875,83.51000213623047,0.04934827280133264,0.060365658101485586,15:30:00
2025-03-05,PLTR,Technology,86.29000091552734,85.0999984741211,90.12999725341797,-0.044501058026986784,-0.059106919735450965,15:30:00
2025-03-12,PLTR,Technology,83.62000274658203,82.12999725341797,83.68000030517578,-0.0007175024709766875,-0.01887255696569875,14:30:00
2025-03-17,PLTR,Technology,88.44999694824219,85.65499877929688,87.36000061035156,0.012323305545487495,-0.019905456253030647,14:30:00
2025-03-19,PLTR,Technology,84.55999755859375,83.07499694824219,86.08000183105469,-0.017975453126139088,-0.03617219371894402,14:30:00
2025-04-08,PLTR,Technology,83.29000091552734,85.55999755859375,77.31999969482422,0.07167728604971317,0.09630666314741959,14:30:00
2025-04-15,PLTR,Technology,93.55999755859375,95.41000366210938,98.38999938964844,-0.05162464682654364,-0.031233577331079405,14:30:00
2025-04-17,PLTR,Technology,94.69000244140625,92.44000244140625,93.7300033569336,0.01013833625220043,-0.01395500737188989,14:30:00
2025-04-23,PLTR,Technology,98.87000274658203,102.27999877929688,100.75,-0.019014839700537592,0.014958924497040291,14:30:00
2025-05-01,PLTR,Technology,120.02999877929688,119.41999816894531,116.13999938964844,0.032408559770138026,0.027466076281935713,14:30:00
2025-05-29,PLTR,Technology,125.41000366210938,122.94000244140625,122.30999755859375,0.024718969882721105,0.005124490566955724,14:30:00
2025-06-06,PLTR,Technology,123.74500274658203,124.84500122070312,127.68000030517578,-0.0317992441816196,-0.022708150560717257,14:30:00
2025-07-28,PLTR,Technology,159.8800048828125,158.7445068359375,157.88999938964844,0.012446869104255283,0.005382910333849827,14:30:00
2025-07-29,PLTR,Technology,159.13999938964844,157.4499969482422,156.2899932861328,0.01790879800456383,0.0073674416296794065,14:30:00
2025-07-30,PLTR,Technology,157.36500549316406,158.5749969482422,158.6999969482422,-0.00848340741891384,-0.0007882705496175992,14:30:00
2025-07-31,PLTR,Technology,159.9499969482422,159.3699951171875,158.30999755859375,0.010253200506025148,0.006651173941583643,14:30:00
2025-08-04,PLTR,Technology,158.52999877929688,159.5800018310547,160.7449951171875,-0.013972095849027982,-0.0073003714297871485,14:30:00
2025-08-05,PLTR,Technology,171.11000061035156,175.24000549316406,173.3000030517578,-0.012798798630088733,0.011070545426808536,14:30:00
2025-08-07,PLTR,Technology,181.00999450683594,182.0500030517578,182.16000366210938,-0.006353290924109756,-0.0006042329497807738,14:30:00
2025-08-08,PLTR,Technology,185.36000061035156,187.13270568847656,187.0,-0.00884764449853401,0.0007091528334842774,14:30:00
2025-08-21,PLTR,Technology,157.1999969482422,157.36000061035156,156.14999389648438,0.006679408855863554,0.007689417318085534,14:30:00
2025-09-05,PLTR,Technology,157.86000061035156,148.7895050048828,153.08999633789062,0.030216674610529223,-0.02890318999896319,14:30:00
2025-09-08,PLTR,Technology,154.86000061035156,157.5509033203125,156.07000732421875,-0.007813552299484525,0.009399476390706438,14:30:00
2025-10-06,PLTR,Technology,179.19000244140625,179.8699951171875,179.60000610351562,-0.002288094517122645,0.0015010230777844512,14:30:00
2025-10-27,PLTR,Technology,188.97000122070312,191.66000366210938,189.17999267578125,-0.0011112422803705778,0.012939637581872884,14:30:00
2025-11-03,PLTR,Technology,205.0449981689453,203.02999877929688,207.41000366210938,-0.011534080393492133,-0.021573190706530864,15:30:00
2025-11-10,PLTR,Technology,184.35000610351562,193.3800048828125,193.63999938964844,-0.05039323557665805,-0.0013444746109790055,15:30:00
2025-11-20,PLTR,Technology,172.10499572753906,171.1999969482422,155.75,0.0950291748266901,0.09024531088580034,15:30:00
2025-11-26,PLTR,Technology,166.88999938964844,164.91000366210938,165.72000122070312,0.007010594842256816,-0.004911755142843766,15:30:00
2025-12-15,PLTR,Technology,185.10000610351562,183.58999633789062,183.25999450683594,0.009940634986530883,0.0017974935325306685,15:30:00
2025-12-22,PLTR,Technology,195.48500061035156,194.1699981689453,193.94000244140625,0.007903410308317536,0.0011845070284181884,15:30:00
2026-01-02,PLTR,Technology,180.5,174.55999755859375,167.83999633789062,0.07013852444381925,0.03849679946545286,15:30:00
2026-01-05,PLTR,Technology,173.9425048828125,174.0399932861328,174.0399932861328,-0.0005604633748720119,0.0,15:30:00
2026-01-06,PLTR,Technology,176.5,179.02000427246094,179.86000061035156,-0.01903683065354993,-0.004692192592131691,15:30:00
2024-01-18,POWI,Technology,78.54000091552734,78.24500274658203,78.16000366210938,0.004838263929060426,0.001086319656067355,15:30:00
2024-01-25,POWI,Technology,81.18000030517578,79.79000091552734,78.37999725341797,0.03449129146627132,0.017671433085984393,15:30:00
2024-02-14,POWI,Technology,73.19999694824219,75.61000061035156,75.26000213623047,-0.02814214855015441,0.004628997107469622,15:30:00
2024-02-22,POWI,Technology,73.69000244140625,72.91999816894531,72.26000213623047,0.01940562162842686,0.009050960632030276,15:30:00
2024-02-29,POWI,Technology,71.69000244140625,71.47000122070312,71.3499984741211,0.004742697108471278,0.0016790645660052035,15:30:00
2024-03-06,POWI,Technology,72.07250213623047,72.41500091552734,72.94999694824219,-0.012175167865729012,-0.007387917226417227,15:30:00
2024-03-18,POWI,Technology,71.11000061035156,70.62999725341797,69.5999984741211,0.021234736651241936,0.014583021652985136,14:30:00
2024-04-04,POWI,Technology,70.4800033569336,70.18499755859375,68.12999725341797,0.03334287729264756,0.029279765999281684,14:30:00
2024-04-08,POWI,Technology,69.43000030517578,69.7699966430664,69.48999786376953,-0.000864144582025551,0.004013168880160763,14:30:00
2024-04-15,POWI,Technology,69.54000091552734,67.5,67.13999938964844,0.034512532273249054,0.005333342375578704,14:30:00
2024-04-24,POWI,Technology,66.0999984741211,67.18000030517578,67.01000213623047,-0.013767075387538047,0.0025304877667917374,14:30:00
2024-05-23,POWI,Technology,79.0,77.3550033569336,76.30999755859375,0.034050663815268986,0.013509220515678206,14:30:00
2024-06-03,POWI,Technology,77.27999877929688,75.66000366210938,75.9800033569336,0.01682188720105864,-0.00422944329018682,14:30:00
2024-06-05,POWI,Technology,74.01000213623047,74.91999816894531,75.6500015258789,-0.02215915879355989,-0.009743771686798887,14:30:00
2024-06-28,POWI,Technology,70.41000366210938,71.7300033569336,70.1500015258789,0.0036926874408101614,0.022027070362627563,14:30:00
2024-07-03,POWI,Technology,71.05999755859375,70.97000122070312,71.27999877929688,-0.003095992517051794,-0.004368008359330823,14:30:00
2024-07-11,POWI,Technology,73.52999877929688,74.18009948730469,74.29000091552734,-0.010335946536754943,-0.0014815486765620337,14:30:00
2024-07-26,POWI,Technology,72.83999633789062,73.16999816894531,72.96099853515625,-0.0016612054276378496,0.002856356963498815,14:30:00
2024-07-29,POWI,Technology,73.80999755859375,73.70999908447266,73.19999694824219,0.008264471352506362,0.0069190359865016334,14:30:00
2024-08-12,POWI,Technology,62.0,61.22999954223633,60.439998626708984,0.025161312472435735,0.012902187186566983,14:30:00
2024-08-13,POWI,Technology,61.220001220703125,60.75,61.220001220703125,0.0,-0.007736645608281893,14:30:00
2024-08-14,POWI,Technology,61.52000045776367,59.880001068115234,59.65999984741211,0.030234079917287045,0.0036740350163465634,14:30:00
2024-08-15,POWI,Technology,61.689998626708984,63.5,65.22000122070312,-0.05722163515279783,-0.027086633396899606,14:30:00
2024-08-30,POWI,Technology,66.95999908447266,67.21499633789062,67.0999984741211,-0.0020907913913174162,0.001710895931488794,14:30:00
2024-09-17,POWI,Technology,59.619998931884766,60.029998779296875,59.040000915527344,0.009728246003829414,0.01649171887224761,14:30:00
2024-09-19,POWI,Technology,61.90999984741211,61.63999938964844,61.439998626708984,0.007591685056719822,0.003244658743021344,14:30:00
2024-09-23,POWI,Technology,60.150001525878906,59.58000183105469,60.599998474121094,-0.0074812458325305455,-0.017119782002671183,14:30:00
2024-09-26,POWI,Technology,63.060001373291016,63.68000030517578,63.40999984741211,-0.005550245266396952,0.004239956916924304,14:30:00
2024-11-06,POWI,Technology,66.80999755859375,67.58000183105469,66.47000122070312,0.005089003896347117,0.01642498639059654,15:30:00
2025-01-02,POWI,Technology,62.380001068115234,61.83000183105469,60.75,0.026130186601557935,0.017467278005355753,15:30:00
2025-01-06,POWI,Technology,62.86000061035156,63.959999084472656,63.31999969482422,-0.007317834553073568,0.010006244509215572,15:30:00
2025-01-14,POWI,Technology,60.869998931884766,61.345001220703125,61.59000015258789,-0.01182850720120476,-0.003993788035040119,15:30:00
2025-01-17,POWI,Technology,62.0,62.14500045776367,62.189998626708984,-0.0030644939791771675,-0.0007240834920565352,15:30:00
2025-02-26,POWI,Technology,64.62000274658203,65.0199966430664,64.37999725341797,0.0037141052764309455,0.009843116313305526,15:30:00
2025-03-03,POWI,Technology,61.58000183105469,61.25,58.439998626708984,0.05099063187689295,0.04587757344148597,15:30:00
2025-04-03,POWI,Technology,51.959999084472656,47.61000061035156,44.86000061035156,0.13664354501966888,0.057760973844685974,14:30:00
2025-04-08,POWI,Technology,44.619998931884766,44.689998626708984,42.15999984741211,0.0551322085020217,0.056612191923067566,14:30:00
2025-04-14,POWI,Technology,47.1349983215332,46.279998779296875,45.970001220703125,0.024716179957894675,0.0066983052456869524,14:30:00
2025-04-15,POWI,Technology,46.040000915527344,45.939998626708984,45.58000183105469,0.009991291818535086,0.007836238711705117,14:30:00
2025-04-22,POWI,Technology,46.630001068115234,46.18000030517578,46.22999954223633,0.008578201087634548,-0.001082703263969945,14:30:00
2025-04-23,POWI,Technology,47.95000076293945,48.29499816894531,47.11000061035156,0.01751825107867624,0.024536651900231937,14:30:00
2025-05-27,POWI,Technology,51.45000076293945,50.959999084472656,51.189998626708984,0.005053491396986604,-0.004513334897339278,14:30:00
2025-05-29,POWI,Technology,51.02000045776367,50.122501373291016,50.66999816894531,0.006860099680087318,-0.010923173837170938,14:30:00
2025-06-06,POWI,Technology,54.63999938964844,55.3650016784668,54.71500015258789,-0.0013726347689832156,0.011740296327521153,14:30:00
2025-07-21,POWI,Technology,54.5,55.439998626708984,54.31999969482422,0.003302757893133601,0.020202001436291354,14:30:00
2025-07-28,POWI,Technology,52.29999923706055,52.61000061035156,52.5099983215332,-0.0040152789203837655,0.0019008228028547655,14:30:00
2025-07-29,POWI,Technology,52.95000076293945,52.16999816894531,50.720001220703125,0.04211519376968811,0.02779369367709336,14:30:00
2025-08-04,POWI,Technology,47.91999816894531,48.43000030517578,49.38999938964844,-0.03067615352405759,-0.019822405088237422,14:30:00
2025-08-22,POWI,Technology,45.849998474121094,47.75,47.45000076293945,-0.03489645238966456,0.006282706535299411,14:30:00
2025-09-11,POWI,Technology,44.68000030517578,44.59000015258789,45.619998931884766,-0.021038465091507485,-0.023099322174752145,14:30:00
2025-10-06,POWI,Technology,38.9900016784668,38.834999084472656,39.029998779296875,-0.0010258296770519896,-0.005021235983553434,14:30:00
2025-10-07,POWI,Technology,39.41999816894531,38.65999984741211,37.70000076293945,0.04363260999237835,0.02483184397986795,14:30:00
2025-10-13,POWI,Technology,36.06999969482422,35.86000061035156,43.18000030517578,-0.1971167360828061,-0.2041271491978498,14:30:00
2025-10-15,POWI,Technology,48.47999954223633,49.20000076293945,48.85100173950195,-0.007652685659421338,0.00709347597613023,14:30:00
2025-10-27,POWI,Technology,43.31999969482422,43.88999938964844,43.04999923706055,0.00623269759154525,0.019138759723610448,14:30:00
2025-11-10,POWI,Technology,36.40999984741211,35.20000076293945,35.689998626708984,0.01977482075585068,-0.013920393555372551,15:30:00
2025-11-12,POWI,Technology,36.08000183105469,35.8849983215332,35.68000030517578,0.011086516230013546,0.005712638315337763,15:30:00
2025-11-20,POWI,Technology,32.25,31.934999465942383,30.940000534057617,0.04062013847883358,0.03115700480740258,15:30:00
2025-12-15,POWI,Technology,36.91999816894531,36.040000915527344,36.349998474121094,0.015438779065370193,-0.008601485869002622,15:30:00
2026-01-02,POWI,Technology,36.36000061035156,36.275001525878906,37.279998779296875,-0.025302479469249302,-0.027704954132145104,15:30:00
2024-01-19,QBTS,Technology,0.7218999862670898,0.6901999711990356,0.7343999743461609,-0.017315401464000412,-0.06403941609898897,15:30:00
2024-01-22,QBTS,Technology,0.7233999967575073,0.7681000232696533,0.7900000214576721,-0.09206528199984212,-0.02851190928857773,15:30:00
2024-01-24,QBTS,Technology,0.8673999905586243,0.8029999732971191,0.7549999952316284,0.12958265684855247,0.059775815269834616,15:30:00
2024-01-25,QBTS,Technology,0.7699999809265137,0.7400000095367432,0.7179999947547913,0.0675324512464957,0.029729749322198542,15:30:00
2024-02-01,QBTS,Technology,0.8899999856948853,0.8999999761581421,0.9200000166893005,-0.0337079005355176,-0.022222267845531777,15:30:00
2024-02-14,QBTS,Technology,1.5800000429153442,1.8450000286102295,1.8401000499725342,-0.1646202531597817,0.002655814938597202,15:30:00
2024-02-15,QBTS,Technology,2.0199999809265137,1.7894999980926514,1.9600000381469727,0.029702942250534495,-0.09527803310201158,15:30:00
2024-02-22,QBTS,Technology,1.9600000381469727,1.9249999523162842,1.87909996509552,0.04127554667189565,0.02384414979622952,15:30:00
2024-02-23,QBTS,Technology,1.9199999570846558,1.7300000190734863,1.7799999713897705,0.07291666084590044,-0.02890170622255947,15:30:00
2024-02-27,QBTS,Technology,1.940000057220459,1.8494999408721924,1.8700000047683716,0.036082500199706276,-0.011084111679674736,15:30:00
2024-02-29,QBTS,Technology,2.0199999809265137,1.8949999809265137,1.850000023841858,0.08415839539101473,0.023746679439360277,15:30:00
2024-03-06,QBTS,Technology,1.4900000095367432,1.5,1.590000033378601,-0.06711410953141468,-0.06000002225240072,15:30:00
2024-03-07,QBTS,Technology,1.6699999570846558,1.684999942779541,1.840000033378601,-0.101796455486572,-0.09198818745558834,15:30:00
2024-03-08,QBTS,Technology,1.8700000047683716,1.9810999631881714,1.8700000047683716,0.0,0.0560799356338422,15:30:00
2024-03-12,QBTS,Technology,1.8899999856948853,1.9701000452041626,2.200000047683716,-0.1640211980609379,-0.1166945826122899,14:30:00
2024-03-14,QBTS,Technology,2.2200000286102295,2.0894999504089355,2.059999942779541,0.07207210980571571,0.014118214084485187,14:30:00
2024-03-18,QBTS,Technology,2.140000104904175,2.3450000286102295,2.3499999046325684,-0.09813074272620045,-0.0021321432670949932,14:30:00
2024-03-20,QBTS,Technology,2.200000047683716,2.1549999713897705,2.049999952316284,0.06818186005284872,0.048723907409507425,14:30:00
2024-03-21,QBTS,Technology,2.130000114440918,2.030100107192993,1.8799999952316284,0.11737094167946067,0.07393729571735615,14:30:00
2024-03-25,QBTS,Technology,2.0399999618530273,2.0950000286102295,2.0799999237060547,-0.01960782480441495,0.00715995451041855,14:30:00
2024-03-27,QBTS,Technology,2.0,2.07069993019104,2.0999999046325684,-0.04999995231628418,-0.01414979254808066,14:30:00
2024-04-08,QBTS,Technology,1.9600000381469727,1.8585000038146973,1.8550000190734863,0.05357143726015213,0.0018832309572380853,14:30:00
2024-04-09,QBTS,Technology,1.8899999856948853,1.8799999952316284,1.8600000143051147,0.015873000855468576,0.010638287753851585,14:30:00
2024-04-11,QBTS,Technology,1.840000033378601,1.6799999475479126,1.7300000190734863,0.059782615385681886,-0.02976194826586312,14:30:00
2024-04-18,QBTS,Technology,1.7000000476837158,1.7350000143051147,1.6699999570846558,0.017647111622106002,0.03746400961644497,14:30:00
2024-04-24,QBTS,Technology,1.590000033378601,1.5850000381469727,1.5199999809265137,0.044025189297225265,0.0410094988366377,14:30:00
2024-04-29,QBTS,Technology,1.4600000381469727,1.475000023841858,1.4199999570846558,0.027397315080268676,0.03728818024961536,14:30:00
2024-05-03,QBTS,Technology,1.4700000286102295,1.440000057220459,1.3880000114440918,0.055782323517137834,0.03611114146532715,14:30:00
2024-05-06,QBTS,Technology,1.440000057220459,1.4600000381469727,1.4098000526428223,0.02097222456777528,0.0343835508167959,14:30:00
2024-05-07,QBTS,Technology,1.4500000476837158,1.3899999856948853,1.3700000047683716,0.05517244157552911,0.014388475634778753,14:30:00
2024-05-08,QBTS,Technology,1.3899999856948853,1.3550000190734863,1.3300000429153442,0.04316542690433626,0.018450166646666485,14:30:00
2024-05-10,QBTS,Technology,1.4049999713897705,1.3000999689102173,1.281999945640564,0.08754450409528462,0.013922024230817651,14:30:00
2024-05-14,QBTS,Technology,1.409999966621399,1.4450000524520874,1.38100004196167,0.020567322940593952,0.04429066309154308,14:30:00
2024-05-15,QBTS,Technology,1.4299999475479126,1.3407000303268433,1.315000057220459,0.08041950667526196,0.019169070280485482,14:30:00
2024-05-23,QBTS,Technology,1.2699999809265137,1.1806999444961548,1.159999966621399,0.08661418579303089,0.01753195464372555,14:30:00
2024-05-28,QBTS,Technology,1.2699999809265137,1.309999942779541,1.3997000455856323,-0.10212603669843955,-0.0684733639115791,14:30:00
2024-05-30,QBTS,Technology,1.4800000190734863,1.4149999618530273,1.3658000230789185,0.0771621584613625,0.03477027568939197,14:30:00
2024-06-03,QBTS,Technology,1.3700000047683716,1.350000023841858,1.309999942779541,0.043795665532844204,0.029629689152511154,14:30:00
2024-06-17,QBTS,Technology,1.1799999475479126,1.1950000524520874,1.190000057220459,-0.008474669590729235,0.004184096244488566,14:30:00
2024-06-18,QBTS,Technology,1.2200000286102295,1.2000000476837158,1.1894999742507935,0.02500004397063856,0.00875006084640579,14:30:00
2024-06-20,QBTS,Technology,1.190000057220459,1.1950000524520874,1.159999966621399,0.025210158955061505,0.02928877346814324,14:30:00
2024-06-25,QBTS,Technology,1.159999966621399,1.1100000143051147,1.0950000286102295,0.05603443093234513,0.013513500451867638,14:30:00
2024-07-05,QBTS,Technology,1.1100000143051147,1.089400053024292,1.1100000143051147,0.0,-0.01890945500106691,14:30:00
2024-07-10,QBTS,Technology,1.1399999856948853,1.1200000047683716,1.2200000286102295,-0.07017547712211622,-0.08928573519295567,14:30:00
2024-07-11,QBTS,Technology,1.2599999904632568,1.3200000524520874,1.1699999570846558,0.07142859846015656,0.11363643136891183,14:30:00
2024-07-12,QBTS,Technology,1.2100000381469727,1.1950000524520874,1.2100000381469727,0.0,-0.012552288733465698,14:30:00
2024-07-18,QBTS,Technology,1.190000057220459,1.125,1.0698000192642212,0.10100843040041096,0.049066649542914495,14:30:00
2024-07-25,QBTS,Technology,0.9948999881744385,1.0098999738693237,1.0290000438690186,-0.034274857875062334,-0.018912833442816072,14:30:00
2024-07-29,QBTS,Technology,1.0199999809265137,1.0199999809265137,0.9904999732971191,0.028921576648068457,0.028921576648068457,14:30:00
2024-07-30,QBTS,Technology,1.0199999809265137,1.0099999904632568,0.9629999995231628,0.05588233575413901,0.04653464493453757,14:30:00
2024-08-07,QBTS,Technology,0.8999999761581421,0.8510000109672546,0.8247500061988831,0.08361107994744725,0.030846068660487534,14:30:00
2024-08-09,QBTS,Technology,0.8299999833106995,0.795199990272522,0.8496000170707703,-0.023614498980940087,-0.06841049731351849,14:30:00
2024-08-13,QBTS,Technology,0.8999999761581421,0.8899999856948853,0.9401999711990356,-0.044666662339810856,-0.056404479001149366,14:30:00
2024-08-14,QBTS,Technology,0.9900000095367432,0.9004999995231628,0.9057999849319458,0.08505052908453768,-0.00588560290015484,14:30:00
2024-08-15,QBTS,Technology,0.9354000091552734,0.9287999868392944,0.9392099976539612,-0.004073111461831617,-0.011208022138428324,14:30:00
2024-08-30,QBTS,Technology,1.0199999809265137,1.0,1.0,0.01960782480441495,0.0,14:30:00
2024-09-04,QBTS,Technology,0.949999988079071,0.9492999911308289,0.9333000183105469,0.017578915766401238,0.016854495912532803,14:30:00
2024-09-10,QBTS,Technology,0.8507000207901001,0.8690999746322632,0.9394500255584717,-0.10432585235620861,-0.08094586696539172,14:30:00
2024-09-19,QBTS,Technology,0.9944999814033508,1.0049999952316284,0.9822999835014343,0.012267469210709226,0.022587076455619567,14:30:00
2024-09-23,QBTS,Technology,0.9399999976158142,0.9251999855041504,0.9114000201225281,0.030425508048751274,0.014915656720533323,14:30:00
2024-10-04,QBTS,Technology,0.9300000071525574,0.9315999746322632,0.9977999925613403,-0.07290320955627803,-0.07106056218518977,14:30:00
2024-10-17,QBTS,Technology,1.0700000524520874,1.034999966621399,1.0199999809265137,0.04672903651826002,0.01449274026921029,14:30:00
2024-10-24,QBTS,Technology,1.25,1.2940000295639038,1.1299999952316284,0.09600000381469727,0.12673881807216472,14:30:00
2024-10-25,QBTS,Technology,1.159999966621399,1.1150000095367432,1.0490000247955322,0.09568960777573443,0.05919281092081104,14:30:00
2024-10-28,QBTS,Technology,1.0700000524520874,1.1299999952316284,1.1950000524520874,-0.11682242417983177,-0.05752217477411158,14:30:00
2024-10-29,QBTS,Technology,1.2400000095367432,1.1366000175476074,1.1349999904632568,0.08467743408543499,0.0014077310044415582,14:30:00
2024-11-04,QBTS,Technology,1.0499999523162842,1.0,0.9961000084877014,0.05133328216794705,0.003899991512298584,15:30:00
2024-11-06,QBTS,Technology,1.149999976158142,1.0950000286102295,1.1299999952316284,0.017391288122742862,-0.031963439001751234,15:30:00
2024-11-18,QBTS,Technology,1.659999966621399,1.5149999856948853,1.440000057220459,0.1325300685690411,0.049504903750890825,15:30:00
2024-11-19,QBTS,Technology,1.4500000476837158,1.6200000047683716,1.4850000143051147,-0.024137907220975047,0.08333332720116825,15:30:00
2024-11-21,QBTS,Technology,1.809999942779541,1.7699999809265137,1.9700000286102295,-0.0883978402700848,-0.11299437844006359,15:30:00
2024-11-25,QBTS,Technology,3.4200000762939453,3.3099000453948975,2.9000000953674316,0.15204677465680275,0.12384058261752176,15:30:00
2024-11-27,QBTS,Technology,2.890000104904175,2.819999933242798,2.740000009536743,0.05190314530192907,0.028368767943217823,15:30:00
2024-12-02,QBTS,Technology,3.240000009536743,2.9059998989105225,2.759999990463257,0.14814815359896155,0.05024085117897007,15:30:00
2024-12-09,QBTS,Technology,5.260000228881836,4.6255998611450195,4.650000095367432,0.11596960208575453,-0.00527504214693834,15:30:00
2024-12-11,QBTS,Technology,4.949999809265137,3.9588000774383545,4.09499979019165,0.17272728323608103,-0.034404291727059756,15:30:00
2024-12-19,QBTS,Technology,8.960000038146973,6.360000133514404,6.369999885559082,0.2890625157992222,-0.0015722880243324898,15:30:00
2024-12-23,QBTS,Technology,8.0,7.65500020980835,8.145000457763672,-0.018125057220458984,-0.06401048132271572,15:30:00
2024-12-27,QBTS,Technology,10.140000343322754,9.520000457763672,9.882699966430664,0.025374789761375457,-0.03809868605323506,15:30:00
2025-01-02,QBTS,Technology,8.5,8.769200325012207,9.600099563598633,-0.1294234780704274,-0.09475199650947295,15:30:00
2025-01-07,QBTS,Technology,10.4399995803833,9.385000228881836,9.550000190734863,0.0852489871092276,-0.017581242176771483,15:30:00
2025-01-10,QBTS,Technology,6.340000152587891,6.494999885559082,5.764999866485596,0.09069404925291502,0.11239415426265997,15:30:00
2025-01-14,QBTS,Technology,4.139999866485596,4.385000228881836,4.728700160980225,-0.14219814335268824,-0.07838082420945079,15:30:00
2025-01-15,QBTS,Technology,5.960000038146973,6.184999942779541,5.775000095367432,0.03104025865695455,0.06628938580520913,15:30:00
2025-01-16,QBTS,Technology,5.985000133514404,5.885000228881836,5.804999828338623,0.030075238289106722,0.013593950285778181,15:30:00
2025-01-21,QBTS,Technology,5.400000095367432,5.78000020980835,6.309999942779541,-0.16851848728535815,-0.09169545220289271,15:30:00
2025-01-22,QBTS,Technology,6.994999885559082,6.559999942779541,6.249899864196777,0.10651894689813163,0.04727135385482504,15:30:00
2025-01-24,QBTS,Technology,6.210000038146973,6.630000114440918,6.09499979019165,0.01851855833315545,0.08069386350144611,15:30:00
2025-01-28,QBTS,Technology,5.880000114440918,5.829999923706055,5.739999771118164,0.023809581734347537,0.01543741917078426,15:30:00
2025-01-30,QBTS,Technology,5.670000076293945,5.841000080108643,5.635000228881836,0.006172812511668634,0.035267907618822536,15:30:00
2025-01-31,QBTS,Technology,5.690000057220459,6.318999767303467,5.940000057220459,-0.04393673066536381,0.05997780092413897,15:30:00
2025-02-04,QBTS,Technology,5.940000057220459,5.835000038146973,5.789899826049805,0.02526939894355685,0.007729256521391642,15:30:00
2025-02-05,QBTS,Technology,5.849999904632568,5.769999980926514,6.264999866485596,-0.07094016557579637,-0.08578854197493391,15:30:00
2025-02-06,QBTS,Technology,6.449999809265137,6.204999923706055,5.974999904632568,0.07364339824479564,0.037066885076787306,15:30:00
2025-02-07,QBTS,Technology,6.050000190734863,6.139999866485596,5.809700012207031,0.039719036520996204,0.0537947657102509,15:30:00
2025-02-12,QBTS,Technology,5.380000114440918,5.795000076293945,6.034999847412109,-0.12174715967255292,-0.041414972900509474,15:30:00
2025-02-13,QBTS,Technology,6.210000038146973,6.255000114440918,6.505000114440918,-0.047504037758745586,-0.03996802484828498,15:30:00
2025-02-14,QBTS,Technology,6.559999942779541,6.574999809265137,6.369999885559082,0.028963423609414538,0.0311786965251588,15:30:00
2025-02-21,QBTS,Technology,7.710000038146973,7.760000228881836,7.258530139923096,0.058556406743207175,0.06462243223812363,15:30:00
2025-02-26,QBTS,Technology,6.150000095367432,6.40500020980835,6.139999866485596,0.0016260534515062433,0.04137397886684585,15:30:00
2025-02-27,QBTS,Technology,6.224999904632568,6.159999847412109,5.570000171661377,0.105220842249933,0.09577917051387565,15:30:00
2025-03-03,QBTS,Technology,5.579999923706055,5.580100059509277,4.900000095367432,0.12186377018567937,0.12187952848316035,15:30:00
2025-03-12,QBTS,Technology,5.635000228881836,5.434999942779541,5.869999885559082,-0.04170357535617661,-0.08003678884255433,14:30:00
2025-03-17,QBTS,Technology,10.90999984741211,10.550000190734863,11.201199531555176,-0.026691080496407157,-0.06172505488598982,14:30:00
2025-03-19,QBTS,Technology,10.9399995803833,10.099900245666504,10.585000038146973,0.03244968517849706,-0.04803015680165824,14:30:00
2025-04-01,QBTS,Technology,7.914999961853027,7.275000095367432,7.425000190734863,0.06190774143774567,-0.02061856953966895,14:30:00
2025-04-08,QBTS,Technology,7.139999866485596,6.909999847412109,6.204999923706055,0.13095237538705454,0.10202604041591794,14:30:00
2025-04-11,QBTS,Technology,7.28000020980835,7.260000228881836,7.244999885559082,0.004807736708868719,0.0020661629269761355,14:30:00
2025-04-14,QBTS,Technology,7.570000171661377,7.340000152587891,7.019999980926514,0.07265524151423573,0.0435967527260273,14:30:00
2025-04-17,QBTS,Technology,6.510000228881836,6.440000057220459,6.394999980926514,0.017665168035650717,0.00698758942455159,14:30:00
2025-04-22,QBTS,Technology,6.369999885559082,6.204999923706055,6.260000228881836,0.017268392253289914,-0.008863868791626232,14:30:00
2025-04-23,QBTS,Technology,6.744999885559082,7.125,7.137800216674805,-0.05823578024911472,-0.001796521638569079,14:30:00
2025-04-24,QBTS,Technology,7.199999809265137,7.519999980926514,7.349999904632568,-0.020833347130705174,0.022606393181532985,14:30:00
2025-05-01,QBTS,Technology,7.010000228881836,7.050099849700928,6.974999904632568,0.004992913424604906,0.010652323608089776,14:30:00
2025-05-08,QBTS,Technology,8.670000076293945,9.125,10.430100440979004,-0.20301042089926097,-0.14302470586071275,14:30:00
2025-05-21,QBTS,Technology,17.299999237060547,16.3700008392334,15.369999885559082,0.11156066107604015,0.06108741004323284,14:30:00
2025-05-27,QBTS,Technology,19.280000686645508,17.3799991607666,17.524999618530273,0.09102702311265237,-0.008342949641274675,14:30:00
2025-06-06,QBTS,Technology,16.56999969482422,17.905000686645508,18.600000381469727,-0.12251060495068058,-0.03881595465911298,14:30:00
2025-06-16,QBTS,Technology,15.5,16.184999465942383,16.019899368286133,-0.0335418947281376,0.010200809583198644,14:30:00
2025-06-18,QBTS,Technology,15.739999771118164,15.869999885559082,15.694999694824219,0.0028589629573259213,0.011027107246176154,14:30:00
2025-06-24,QBTS,Technology,15.279999732971191,15.0600004196167,14.960000038146973,0.020942388770709416,0.006640131386681045,14:30:00
2025-07-28,QBTS,Technology,19.299999237060547,18.200000762939453,18.35700035095215,0.0488600478438164,-0.008626350628094071,14:30:00
2025-07-29,QBTS,Technology,18.81999969482422,18.03499984741211,17.68000030517578,0.060573826149527214,0.01968392266370149,14:30:00
2025-07-30,QBTS,Technology,17.920000076293945,17.975000381469727,17.075000762939453,0.047153979339114346,0.05006951874438208,14:30:00
2025-07-31,QBTS,Technology,17.610000610351562,18.270000457763672,17.200000762939453,0.02328221653615969,0.058565936946626186,14:30:00
2025-08-04,QBTS,Technology,16.760000228881836,17.139299392700195,17.209999084472656,-0.026849573355933215,-0.004125004771348627,14:30:00
2025-09-05,QBTS,Technology,15.460000038146973,14.949999809265137,15.380000114440918,0.0051746392955147385,-0.028762562586073893,14:30:00
2025-09-18,QBTS,Technology,22.8700008392334,23.030000686645508,24.0,-0.04940966853084204,-0.0421189441786239,14:30:00
2025-09-23,QBTS,Technology,25.8799991607666,26.350000381469727,27.5049991607666,-0.06278980110878277,-0.04383297011673335,14:30:00
2025-09-24,QBTS,Technology,28.440000534057617,27.415000915527344,27.709999084472656,0.025668123624356682,-0.010760465405574036,14:30:00
2025-10-07,QBTS,Technology,36.959999084472656,37.2599983215332,35.72999954223633,0.0332792092181914,0.041062771020380376,14:30:00
2025-10-09,QBTS,Technology,34.70000076293945,35.7671012878418,35.11000061035156,-0.011815557302523186,0.018371650310773174,14:30:00
2025-10-10,QBTS,Technology,35.68000030517578,34.080101013183594,33.0,0.07511211553400736,0.031693010908792965,14:30:00
2025-10-15,QBTS,Technology,46.400001525878906,44.369998931884766,44.81999969482422,0.03405176248051339,-0.010142005268701453,14:30:00
2025-10-20,QBTS,Technology,39.520050048828125,37.37350082397461,34.400001525878906,0.12955571960620638,0.07956170100576294,14:30:00
2025-10-23,QBTS,Technology,32.599998474121094,32.86000061035156,31.049999237060547,0.047545991092330424,0.05508220753717298,14:30:00
2025-10-24,QBTS,Technology,33.19499969482422,34.150001525878906,32.65959930419922,0.016128946996450188,0.043642815668697967,14:30:00
2025-10-27,QBTS,Technology,33.9900016784668,35.619998931884766,35.05500030517578,-0.03133270297493624,0.01586183727263488,14:30:00
2025-11-03,QBTS,Technology,37.41999816894531,33.060001373291016,33.09000015258789,0.11571347483257943,-0.0009074040547714811,15:30:00
2025-11-05,QBTS,Technology,30.559999465942383,30.420000076293945,31.019899368286133,-0.015049080837068922,-0.019720555242854324,15:30:00
2025-11-10,QBTS,Technology,30.110000610351562,30.299999237060547,29.364999771118164,0.024742637799126232,0.030858068959908287,15:30:00
2025-11-19,QBTS,Technology,23.15999984741211,24.204999923706055,23.43000030517578,-0.011658050930161886,0.032018162403349114,15:30:00
2025-11-20,QBTS,Technology,23.969999313354492,23.825000762939453,20.485000610351562,0.14539002097765266,0.14018887914511077,15:30:00
2025-11-28,QBTS,Technology,22.75,22.530000686645508,22.7450008392334,0.0002197433304000687,-0.009542838261666383,15:30:00
2025-12-02,QBTS,Technology,21.565000534057617,22.795000076293945,22.489999771118164,-0.04289354111536863,0.013380140563937598,15:30:00
2025-12-03,QBTS,Technology,22.860000610351562,23.329999923706055,25.059999465942383,-0.09623791762256592,-0.07415343111417856,15:30:00
2025-12-15,QBTS,Technology,26.399999618530273,24.389999389648438,23.719999313354492,0.10151516454169482,0.027470278518264564,15:30:00
2025-12-17,QBTS,Technology,26.0,26.170000076293945,23.78499984741211,0.08519231356107272,0.09113489575578125,15:30:00
2025-12-19,QBTS,Technology,25.420000076293945,25.877700805664062,26.809999465942383,-0.05468132909034552,-0.03602710562579271,15:30:00
2025-12-22,QBTS,Technology,27.65999984741211,30.93000030517578,32.18000030517578,-0.1634128880223608,-0.04041383729927823,15:30:00
2025-12-24,QBTS,Technology,29.649999618530273,27.15489959716797,27.250999450683594,0.08091063064794725,-0.003538950794929377,15:30:00
2026-01-02,QBTS,Technology,26.94499969482422,26.014999389648438,28.1299991607666,-0.04397845534843356,-0.0812992435417753,15:30:00
2026-01-05,QBTS,Technology,28.655000686645508,30.010000228881836,30.610000610351562,-0.06822543628893266,-0.01999334811374916,15:30:00
2024-01-24,QCOM,Technology,154.7899932861328,155.24000549316406,154.3800048828125,0.002648675115337977,0.005539813063131026,15:30:00
2024-01-25,QCOM,Technology,157.60000610351562,156.1300048828125,154.47000122070312,0.019860436304530563,0.010632188626108957,15:30:00
2024-03-06,QCOM,Technology,164.49000549316406,167.05999755859375,167.9499969482422,-0.021034660706008162,-0.005327423696006483,15:30:00
2024-03-07,QCOM,Technology,169.60000610351562,173.16000366210938,175.6699981689453,-0.03579004626759776,-0.014495232465654947,15:30:00
2024-04-04,QCOM,Technology,175.0,175.5050048828125,169.67999267578125,0.030400041852678573,0.033190006238971385,14:30:00
2024-04-15,QCOM,Technology,174.14999389648438,172.67999267578125,169.8300018310547,0.024806156858078975,0.016504464707023814,14:30:00
2024-04-24,QCOM,Technology,163.8699951171875,164.63999938964844,163.57000732421875,0.0018306450351342311,0.006498980013340319,14:30:00
2024-05-23,QCOM,Technology,205.77000427246094,207.0,201.75999450683594,0.01948782467008811,0.025314036198860204,14:30:00
2024-05-28,QCOM,Technology,217.10000610351562,213.8800048828125,213.3300018310547,0.01736528865256392,0.002571549650277809,14:30:00
2024-06-03,QCOM,Technology,209.61000061035156,207.89999389648438,205.92999267578125,0.01755645209605794,0.009475715625484864,14:30:00
2024-06-17,QCOM,Technology,217.0,213.92999267578125,222.22999572753906,-0.02410136279971918,-0.03879775317122911,14:30:00
2024-06-18,QCOM,Technology,227.6699981689453,228.60890197753906,226.9600067138672,0.0031185112697689186,0.007212734278536011,14:30:00
2024-06-25,QCOM,Technology,203.14999389648438,200.97999572753906,202.1699981689453,0.004824000772741455,-0.0059209994362796736,14:30:00
2024-07-03,QCOM,Technology,202.67999267578125,201.5399932861328,204.7301025390625,-0.010115008571964602,-0.015828666067288128,14:30:00
2024-07-05,QCOM,Technology,206.0,205.318603515625,205.69000244140625,0.0015048425174453883,-0.0018088907649958085,14:30:00
2024-07-11,QCOM,Technology,210.02000427246094,205.89999389648438,199.83999633789062,0.04847161092980311,0.02943175200694953,14:30:00
2024-07-18,QCOM,Technology,193.33999633789062,191.35000610351562,191.5,0.009516894448859694,-0.0007838719189966057,14:30:00
2024-07-26,QCOM,Technology,179.0,179.14999389648438,180.02999877929688,-0.005754183124563547,-0.004912112267896477,14:30:00
2024-07-29,QCOM,Technology,181.88999938964844,181.0399932861328,178.63999938964844,0.01786794222280349,0.013256705620239373,14:30:00
2024-08-07,QCOM,Technology,163.47999572753906,160.85000610351562,155.94000244140625,0.04612180990449256,0.030525355771199185,14:30:00
2024-08-30,QCOM,Technology,172.3000030517578,172.97000122070312,175.39999389648438,-0.01799182118293605,-0.01404863651865662,14:30:00
2024-09-09,QCOM,Technology,160.97999572753906,160.41000366210938,160.8000030517578,0.0011181058551268082,-0.002431266010503556,14:30:00
2024-09-26,QCOM,Technology,174.9597930908203,169.77499389648438,172.64999389648438,0.013201885722035223,-0.016934178196778213,14:30:00
2024-11-18,QCOM,Technology,162.5399932861328,164.41000366210938,164.4600067138672,-0.01181256002856118,-0.0003041363094947514,15:30:00
2024-11-25,QCOM,Technology,158.93499755859375,158.72000122070312,158.8300018310547,0.0006606205628206857,-0.0006930481949694834,15:30:00
2024-12-19,QCOM,Technology,154.02999877929688,151.21499633789062,150.47999572753906,0.023047478282749733,0.004860633059893082,15:30:00
2024-12-23,QCOM,Technology,155.6649932861328,155.19369506835938,158.3300018310547,-0.017120153277000675,-0.020208983111806435,15:30:00
2025-01-02,QCOM,Technology,155.17999267578125,155.47999572753906,153.6199951171875,0.010052826602802236,0.01196295768885279,15:30:00
2025-01-03,QCOM,Technology,155.4199981689453,155.00999450683594,157.75,-0.01499164752609197,-0.017676315013631125,15:30:00
2025-01-07,QCOM,Technology,162.5,162.07949829101562,160.49000549316406,0.01236919696514423,0.009806871409470985,15:30:00
2025-01-14,QCOM,Technology,160.13999938964844,159.30999755859375,159.5800018310547,0.0034969249452235767,-0.0016948357077315925,15:30:00
2025-01-16,QCOM,Technology,165.5,163.0500030517578,161.27999877929688,0.025498496801831572,0.010855591777567007,15:30:00
2025-03-03,QCOM,Technology,158.5,159.67999267578125,153.6699981689453,0.03047319767226932,0.03763774287639654,15:30:00
2025-03-12,QCOM,Technology,154.24000549316406,154.6300048828125,152.77999877929688,0.009465810826438898,0.011964082293845013,14:30:00
2025-04-08,QCOM,Technology,131.1300048828125,134.75,124.80000305175781,0.0482727186406471,0.07384042262146336,14:30:00
2025-04-14,QCOM,Technology,142.75,141.39999389648438,139.14999389648438,0.02521895694231611,0.01591230620311888,14:30:00
2025-04-17,QCOM,Technology,137.52999877929688,136.1699981689453,136.64999389648438,0.006398639501369441,-0.003524974179286796,14:30:00
2025-04-23,QCOM,Technology,142.25999450683594,142.8300018310547,140.4499969482422,0.012723166234248484,0.016663199974103968,14:30:00
2025-05-08,QCOM,Technology,145.60000610351562,144.22999572753906,145.0500030517578,0.003777493328996037,-0.005685414605210163,14:30:00
2025-05-29,QCOM,Technology,149.86000061035156,148.52999877929688,148.33999633789062,0.010142828414988965,0.0012792193022810004,14:30:00
2025-06-06,QCOM,Technology,149.75,149.42999267578125,149.19000244140625,0.0037395496400250416,0.0016060379183428564,14:30:00
2025-07-28,QCOM,Technology,159.75999450683594,160.60000610351562,161.0800018310547,-0.008262439719614966,-0.002988765313182358,14:30:00
2025-07-29,QCOM,Technology,162.88999938964844,162.99000549316406,162.1300048828125,0.004665691630447846,0.005276400891879421,14:30:00
2025-08-05,QCOM,Technology,148.52000427246094,146.43499755859375,146.72000122070312,0.012119600053711922,-0.0019462810589069399,14:30:00
2025-08-07,QCOM,Technology,148.02999877929688,145.6699981689453,145.9199981689453,0.014253871700002082,-0.001716207888669393,14:30:00
2025-10-06,QCOM,Technology,170.5500030517578,168.0399932861328,168.61000061035156,0.01137497746521591,-0.0033920932337111014,14:30:00
2025-10-07,QCOM,Technology,169.877197265625,169.55499267578125,165.4600067138672,0.02600225705896809,0.024151373529556812,14:30:00
2025-10-13,QCOM,Technology,155.89999389648438,158.10000610351562,161.8000030517578,-0.03784483249685673,-0.023402889344732995,14:30:00
2025-11-03,QCOM,Technology,182.9499969482422,180.22999572753906,180.72000122070312,0.012189099561285829,-0.0027187788091879196,15:30:00
2025-11-20,QCOM,Technology,167.1300048828125,168.06500244140625,159.58999633789062,0.04511463127287495,0.05042695374053458,15:30:00
2025-11-21,QCOM,Technology,160.75,160.19000244140625,163.32000732421875,-0.015987603883164853,-0.019539327268300544,15:30:00
2025-11-24,QCOM,Technology,164.3800048828125,165.5399932861328,165.0,-0.0037717185714253886,0.0032620110428507997,15:30:00
2025-12-15,QCOM,Technology,179.71499633789062,176.67999267578125,179.25999450683594,0.002531796679889847,-0.014602682465519178,15:30:00
2025-12-22,QCOM,Technology,177.9499969482422,175.42999267578125,174.22999572753906,0.020904755743182787,0.006840318066135629,15:30:00
2026-01-02,QCOM,Technology,173.1300048828125,172.89500427246094,172.94000244140625,0.0010974552997607668,-0.0002602629794577581,15:30:00
2024-01-24,REMX,Unknown,50.52000045776367,50.33000183105469,49.90999984741211,0.012074437941890805,0.00834496261399752,15:30:00
2024-01-25,REMX,Unknown,50.2599983215332,49.88100051879883,49.66999816894531,0.01173896084941,0.004230114625988595,15:30:00
2024-02-06,REMX,Unknown,45.5,45.970001220703125,46.11000061035156,-0.013406606820913462,-0.0030454510752848784,15:30:00
2024-02-07,REMX,Unknown,47.150001525878906,47.275001525878906,46.959999084472656,0.004029744119986182,0.006663192622718666,15:30:00
2024-02-21,REMX,Unknown,48.75,48.627601623535156,48.790000915527344,-0.0008205316005608974,-0.0033396525135960696,15:30:00
2024-02-23,REMX,Unknown,48.619998931884766,47.525001525878906,48.15999984741211,0.0094611084857715,-0.013361352996220861,15:30:00
2024-04-04,REMX,Unknown,54.060001373291016,53.88999938964844,52.41999816894531,0.030336721470302554,0.02727781104754462,14:30:00
2024-04-11,REMX,Unknown,54.2599983215332,53.52000045776367,54.5,-0.004423178877459561,-0.018310903098921187,14:30:00
2024-04-15,REMX,Unknown,53.099998474121094,52.38010025024414,51.880001068115234,0.0229754696998803,0.009547503340766808,14:30:00
2024-04-17,REMX,Unknown,51.099998474121094,51.3650016784668,50.97999954223633,0.0023483157625833876,0.007495417573243633,14:30:00
2024-04-29,REMX,Unknown,51.45000076293945,51.90999984741211,52.595001220703125,-0.02225462469941187,-0.013195942502495794,14:30:00
2024-05-15,REMX,Unknown,56.05699920654297,54.505001068115234,54.540000915527344,0.02706171062468433,-0.0006421401105628794,14:30:00
2024-05-24,REMX,Unknown,52.86000061035156,52.97600173950195,53.31999969482422,-0.008702214891434842,-0.006493467683986445,14:30:00
2024-06-12,REMX,Unknown,49.11000061035156,49.1150016784668,48.09000015258789,0.020769709735020302,0.020869418524896266,14:30:00
2024-07-05,REMX,Unknown,44.63999938964844,43.79999923706055,44.15999984741211,0.010752678064499149,-0.008219192160326677,14:30:00
2024-07-26,REMX,Unknown,41.970001220703125,41.599998474121094,42.0,-0.0007147671771350124,-0.009615421647857579,14:30:00
2024-08-07,REMX,Unknown,39.099998474121094,38.689998626708984,37.970001220703125,0.02890018663724179,0.01860939342367465,14:30:00
2024-08-26,REMX,Unknown,40.77000045776367,40.66400146484375,40.65999984741211,0.002698077241022339,9.840687801224485e-05,14:30:00
2024-08-30,REMX,Unknown,40.65999984741211,40.470001220703125,39.88999938964844,0.018937542072142436,0.014331648469483553,14:30:00
2024-09-19,REMX,Unknown,40.099998474121094,40.06100082397461,39.9900016784668,0.0027430623401465794,0.001772275880469838,14:30:00
2024-11-13,REMX,Unknown,48.220001220703125,48.630001068115234,47.97999954223633,0.004977222571362209,0.013366265918202632,15:30:00
2024-12-19,REMX,Unknown,40.81999969482422,40.667999267578125,40.470001220703125,0.008574191002884106,0.0048686448913372185,15:30:00
2025-01-06,REMX,Unknown,40.63999938964844,41.5,41.2400016784668,-0.01476383606863902,0.006265019795980798,15:30:00
2025-01-07,REMX,Unknown,41.86000061035156,41.689998626708984,41.470001220703125,0.00931675546970715,0.005276982807692311,15:30:00
2025-01-14,REMX,Unknown,41.84000015258789,41.560001373291016,41.630001068115234,0.005019098558957997,-0.0016843044396337486,15:30:00
2025-01-17,REMX,Unknown,42.90999984741211,43.060001373291016,42.86000061035156,0.0011652117743729685,0.004644699409218048,15:30:00
2025-02-06,REMX,Unknown,41.529998779296875,41.59000015258789,41.40999984741211,0.002889451851960716,0.004327970774594502,15:30:00
2025-02-27,REMX,Unknown,40.779998779296875,40.650001525878906,40.52000045776367,0.006375633381950925,0.003198058136171831,15:30:00
2025-03-03,REMX,Unknown,40.380001068115234,40.31999969482422,39.369998931884766,0.025012434609071477,0.023561527036950906,15:30:00
2025-03-18,REMX,Unknown,44.36000061035156,44.18000030517578,44.400001525878906,-0.0009017338813563812,-0.004979656387131156,14:30:00
2025-03-24,REMX,Unknown,42.83000183105469,42.77000045776367,42.599998474121094,0.005370145858056573,0.003974794992355889,14:30:00
2025-04-08,REMX,Unknown,35.939998626708984,34.827701568603516,32.7400016784668,0.08903720285242565,0.05994365967631751,14:30:00
2025-04-14,REMX,Unknown,36.880001068115234,37.61000061035156,37.66999816894531,-0.02142074506372706,-0.0015952554538708678,14:30:00
2025-04-15,REMX,Unknown,38.22999954223633,37.177101135253906,36.84000015258789,0.03635886493047881,0.009067435931586206,14:30:00
2025-04-16,REMX,Unknown,37.09000015258789,37.189998626708984,37.08000183105469,0.0002695691963351343,0.0029576982983618547,14:30:00
2025-04-17,REMX,Unknown,37.40999984741211,37.084999084472656,37.150001525878906,0.006949968526962956,-0.0017527960903595187,14:30:00
2025-04-21,REMX,Unknown,37.83000183105469,36.724998474121094,36.75,0.028548817837172634,-0.0006807767710739052,14:30:00
2025-04-23,REMX,Unknown,37.630001068115234,38.013999938964844,37.279998779296875,0.009301150116493734,0.019308706288380034,14:30:00
2025-04-29,REMX,Unknown,38.25,38.040000915527344,38.334999084472656,-0.00222219828686683,-0.007754946420753076,14:30:00
2025-05-02,REMX,Unknown,38.150001525878906,38.130001068115234,38.11000061035156,0.001048516747770227,0.0005245333648940414,14:30:00
2025-05-06,REMX,Unknown,38.25,38.45000076293945,38.43000030517578,-0.004705890331392974,0.0005201679419197719,14:30:00
2025-05-12,REMX,Unknown,40.099998474121094,39.71500015258789,39.7599983215332,0.008478807120337245,-0.0011330270369489183,14:30:00
2025-05-29,REMX,Unknown,36.84000015258789,36.790000915527344,36.72999954223633,0.0029859014629736724,0.0016309152432146814,14:30:00
2025-06-25,REMX,Unknown,40.0,39.654998779296875,39.95000076293945,0.001249980926513672,-0.0074392130304791,14:30:00
2025-07-08,REMX,Unknown,41.310001373291016,41.7400016784668,42.59000015258789,-0.030985203019733093,-0.0203641217043745,14:30:00
2025-07-16,REMX,Unknown,47.810001373291016,47.45000076293945,47.41999816894531,0.008157356058215423,0.0006322991256424589,14:30:00
2025-07-25,REMX,Unknown,55.279998779296875,55.09989929199219,55.060001373291016,0.003979692671199035,0.0007241014813791202,14:30:00
2025-08-05,REMX,Unknown,51.31999969482422,51.0099983215332,51.59000015258789,-0.005261115732058398,-0.011370355815319588,14:30:00
2025-09-29,REMX,Unknown,66.69000244140625,65.7300033569336,65.69000244140625,0.014994751287925033,0.0006085640268436744,14:30:00
2025-10-15,REMX,Unknown,81.70500183105469,79.40499877929688,77.95999908447266,0.045835660763165406,0.018197842919695013,14:30:00
2025-10-20,REMX,Unknown,72.93000030517578,71.31500244140625,72.4800033569336,0.006170258417100974,-0.01633598647752316,14:30:00
2025-10-30,REMX,Unknown,70.87999725341797,70.69999694824219,71.5,-0.008747217418270054,-0.011315460909333221,14:30:00
2025-11-06,REMX,Unknown,64.63999938964844,63.93000030517578,63.540000915527344,0.017017303287556178,0.006100412760624735,15:30:00
2025-11-10,REMX,Unknown,67.94000244140625,67.88999938964844,68.92500305175781,-0.014498095009652968,-0.015245303747449845,15:30:00
2025-11-13,REMX,Unknown,70.66000366210938,70.83090209960938,69.45999908447266,0.01698279812402851,0.01935458923294271,15:30:00
2025-11-17,REMX,Unknown,72.3499984741211,73.94000244140625,72.11009979248047,0.0033158076945424466,0.024748479693057726,15:30:00
2025-11-20,REMX,Unknown,75.0199966430664,74.52999877929688,70.44999694824219,0.06091708743426868,0.05474308195196215,15:30:00
2025-12-05,REMX,Unknown,72.48999786376953,73.5,72.0999984741211,0.005380044159766199,0.019047639807876274,15:30:00
2025-12-08,REMX,Unknown,73.41999816894531,72.38999938964844,73.43000030517578,-0.00013623176899913605,-0.014366637992762036,15:30:00
2025-12-17,REMX,Unknown,72.45999908447266,73.2802963256836,71.5999984741211,0.01186862574134162,0.022929736038384194,15:30:00
2024-01-18,RXRX,Healthcare,10.399999618530273,10.545000076293945,9.895000457763672,0.04855761339325587,0.06164055133499029,15:30:00
2024-01-22,RXRX,Healthcare,9.789999961853027,10.329999923706055,10.479999542236328,-0.07048003912889693,-0.014520776344445378,15:30:00
2024-01-23,RXRX,Healthcare,10.710000038146973,10.699999809265137,10.640000343322754,0.006535919194667901,0.0056074268235434205,15:30:00
2024-01-24,RXRX,Healthcare,10.84000015258789,10.630000114440918,10.359999656677246,0.04428048792933379,0.025399854643169257,15:30:00
2024-01-25,RXRX,Healthcare,10.470000267028809,10.4399995803833,10.229999542236328,0.02292270474416981,0.020114946991143707,15:30:00
2024-02-01,RXRX,Healthcare,9.520000457763672,9.730299949645996,9.550000190734863,-0.003151232303431905,0.01852972260302134,15:30:00
2024-02-15,RXRX,Healthcare,12.579999923706055,11.604999542236328,12.430000305175781,0.011923658143082381,-0.0710901159398471,15:30:00
2024-02-22,RXRX,Healthcare,12.979999542236328,14.09000015258789,15.0,-0.15562407773518652,-0.064584800394411,15:30:00
2024-03-04,RXRX,Healthcare,12.859999656677246,12.119999885559082,12.319999694824219,0.04199066689497502,-0.016501634583630274,15:30:00
2024-03-08,RXRX,Healthcare,11.399999618530273,11.885000228881836,11.210000038146973,0.016666630415887344,0.05679429345693573,15:30:00
2024-03-11,RXRX,Healthcare,11.194000244140625,10.930000305175781,10.369999885559082,0.07361089339022096,0.05123516962314422,14:30:00
2024-03-18,RXRX,Healthcare,11.760000228881836,11.380000114440918,11.420000076293945,0.028911577038312566,-0.0035149351011225785,14:30:00
2024-03-21,RXRX,Healthcare,11.199999809265137,10.767999649047852,10.630000114440918,0.05089283076171927,0.01281570756915246,14:30:00
2024-03-26,RXRX,Healthcare,10.609999656677246,10.5600004196167,10.324999809265137,0.026861437948562886,0.022253844792942956,14:30:00
2024-04-03,RXRX,Healthcare,8.845000267028809,9.149999618530273,8.9399995803833,-0.010740453418482952,0.022950824798034702,14:30:00
2024-04-04,RXRX,Healthcare,9.020000457763672,9.109999656677246,8.725000381469727,0.03270510657679996,0.042261173404691765,14:30:00
2024-04-11,RXRX,Healthcare,8.649999618530273,8.53499984741211,8.9399995803833,-0.0335260086291543,-0.04745163915778992,14:30:00
2024-04-17,RXRX,Healthcare,7.639999866485596,7.599999904632568,7.480000019073486,0.020942388770709416,0.0157894588243266,14:30:00
2024-04-24,RXRX,Healthcare,8.149999618530273,8.045000076293945,7.945000171661377,0.02515330754161004,0.012430068823397063,14:30:00
2024-04-29,RXRX,Healthcare,8.239999771118164,8.494999885559082,8.204999923706055,0.004247554415570076,0.034137724044706275,14:30:00
2024-05-03,RXRX,Healthcare,9.239999771118164,9.199999809265137,8.84000015258789,0.04329000307776719,0.039130398276171444,14:30:00
2024-05-10,RXRX,Healthcare,9.050000190734863,8.430000305175781,8.579999923706055,0.05193373006886582,-0.01779354841045236,14:30:00
2024-05-13,RXRX,Healthcare,9.399999618530273,9.755000114440918,9.479999542236328,-0.008510630526872615,0.028190729777387683,14:30:00
2024-05-23,RXRX,Healthcare,9.550000190734863,8.946399688720703,9.050000190734863,0.05235601989674154,-0.011580133418896533,14:30:00
2024-05-31,RXRX,Healthcare,8.930000305175781,8.920000076293945,8.260000228881836,0.07502800150024819,0.07399101365101379,14:30:00
2024-06-03,RXRX,Healthcare,8.390000343322754,8.760000228881836,8.609999656677246,-0.02622160957711764,0.017123352543991492,14:30:00
2024-06-12,RXRX,Healthcare,8.986000061035156,9.324199676513672,9.300000190734863,-0.03494325924403959,0.0025953418650786343,14:30:00
2024-07-08,RXRX,Healthcare,7.400000095367432,7.440000057220459,7.409999847412109,-0.0013513178264602736,0.004032286233551121,14:30:00
2024-07-10,RXRX,Healthcare,7.480000019073486,7.260000228881836,7.235000133514404,0.03275399531207877,0.0034435391982462903,14:30:00
2024-07-11,RXRX,Healthcare,7.449999809265137,7.707600116729736,7.675000190734863,-0.030201394259085284,0.004229581906320393,14:30:00
2024-07-12,RXRX,Healthcare,7.789999961853027,8.154999732971191,8.359999656677246,-0.07317069289030284,-0.025137943644219476,14:30:00
2024-07-15,RXRX,Healthcare,8.399999618530273,8.319999694824219,8.180000305175781,0.026190395636349433,0.01682685033456547,14:30:00
2024-07-22,RXRX,Healthcare,7.71999979019165,7.519999980926514,8.149999618530273,-0.05569946114311335,-0.0837765477661796,14:30:00
2024-07-26,RXRX,Healthcare,8.25,8.244999885559082,8.345000267028809,-0.011515183882279829,-0.01212860920045309,14:30:00
2024-08-06,RXRX,Healthcare,6.9019999504089355,6.84499979019165,6.704999923706055,0.02854245553728363,0.020452866439266304,14:30:00
2024-08-07,RXRX,Healthcare,7.099999904632568,6.640200138092041,6.364999771118164,0.10352114695590849,0.041444589206757185,14:30:00
2024-08-09,RXRX,Healthcare,6.809999942779541,6.690000057220459,6.295000076293945,0.07562406326179726,0.05904334492496657,14:30:00
2024-08-14,RXRX,Healthcare,6.659999847412109,6.359899997711182,6.28000020980835,0.05705700395044559,0.01256305727001786,14:30:00
2024-08-22,RXRX,Healthcare,7.690000057220459,7.590000152587891,7.359000205993652,0.043042893207265606,0.030434774960508587,14:30:00
2024-08-26,RXRX,Healthcare,7.889999866485596,8.045000076293945,7.889999866485596,0.0,0.019266651129698047,14:30:00
2024-08-30,RXRX,Healthcare,7.449999809265137,7.445300102233887,7.28000020980835,0.02281873876632431,0.022201911293802723,14:30:00
2024-09-10,RXRX,Healthcare,6.159999847412109,6.110000133514404,6.300000190734863,-0.02272732902445927,-0.03109657169699161,14:30:00
2024-09-17,RXRX,Healthcare,6.730000019073486,6.860000133514404,6.761000156402588,-0.0046062611056826306,0.014431483263120338,14:30:00
2024-09-19,RXRX,Healthcare,7.159999847412109,7.085000038146973,6.940000057220459,0.030726228335209604,0.020465769957065137,14:30:00
2024-09-26,RXRX,Healthcare,7.0,7.0100998878479,7.159999847412109,-0.02285712105887277,-0.02138342704988591,14:30:00
2024-10-17,RXRX,Healthcare,7.099999904632568,6.840000152587891,6.539999961853027,0.07887323243682798,0.04385967602959179,14:30:00
2024-10-24,RXRX,Healthcare,6.449999809265137,6.409999847412109,6.369999885559082,0.012403089313450579,0.00624024380736552,14:30:00
2024-10-25,RXRX,Healthcare,6.380000114440918,6.385000228881836,6.489999771118164,-0.01724132518873558,-0.016444720199284318,14:30:00
2024-11-13,RXRX,Healthcare,7.739999771118164,7.710000038146973,7.309999942779541,0.05555553501993229,0.05188068656139306,15:30:00
2024-11-27,RXRX,Healthcare,5.949999809265137,6.014999866485596,6.369999885559082,-0.07058825037942615,-0.05901912335052193,15:30:00
2024-11-29,RXRX,Healthcare,6.457099914550781,6.889999866485596,7.03000020980835,-0.08872408710395879,-0.020319353561056647,15:30:00
2024-12-02,RXRX,Healthcare,7.260000228881836,7.869999885559082,7.579999923706055,-0.04407709156140126,0.03684878857306691,15:30:00
2024-12-09,RXRX,Healthcare,8.8100004196167,8.704999923706055,8.260000228881836,0.06242907656510559,0.05112001134111041,15:30:00
2024-12-19,RXRX,Healthcare,6.519999980926514,6.144999980926514,6.085000038146973,0.06671778283007389,0.009764026520061033,15:30:00
2024-12-23,RXRX,Healthcare,6.170000076293945,6.184999942779541,7.0,-0.13452186603611843,-0.13177042275835457,15:30:00
2024-12-24,RXRX,Healthcare,7.239999771118164,7.099999904632568,7.199999809265137,0.005524856784194297,-0.014084493799404275,15:30:00
2024-12-31,RXRX,Healthcare,6.809999942779541,6.96999979019165,6.75,0.00881056435883782,0.03156381589870911,15:30:00
2025-01-06,RXRX,Healthcare,8.020000457763672,8.454999923706055,7.949999809265137,0.008728259913099109,0.05972798568868145,15:30:00
2025-01-07,RXRX,Healthcare,8.069999694824219,7.684299945831299,7.485000133514404,0.07249065470039735,0.025935975133950084,15:30:00
2025-01-14,RXRX,Healthcare,6.949999809265137,6.593999862670898,6.329999923706055,0.08920861907543537,0.040036388301941915,15:30:00
2025-01-17,RXRX,Healthcare,6.550000190734863,6.599999904632568,6.519999980926514,0.004580184570190646,0.01212120073667007,15:30:00
2025-01-22,RXRX,Healthcare,7.170000076293945,7.675000190734863,7.474999904632568,-0.04253832985958243,0.026058668551400436,15:30:00
2025-01-28,RXRX,Healthcare,7.070000171661377,7.195000171661377,7.409999847412109,-0.048090476307702267,-0.02988181662559814,15:30:00
2025-01-31,RXRX,Healthcare,7.909999847412109,7.869999885559082,7.21999979019165,0.08723136163475455,0.08259213530106117,15:30:00
2025-02-05,RXRX,Healthcare,7.679999828338623,8.005000114440918,7.925000190734863,-0.03190108956672203,0.009993744230151333,15:30:00
2025-02-06,RXRX,Healthcare,8.114999771118164,7.770100116729736,7.239999771118164,0.10782501844475517,0.06822310364704538,15:30:00
2025-02-14,RXRX,Healthcare,9.149999618530273,9.720000267028809,10.555000305175781,-0.15355199401321803,-0.08590535135882398,15:30:00
2025-02-18,RXRX,Healthcare,11.550000190734863,10.875,10.640000343322754,0.07878786427571574,0.021609163832390445,15:30:00
2025-02-19,RXRX,Healthcare,10.8149995803833,11.8100004196167,10.880000114440918,-0.006010220673102741,0.0787468477673403,15:30:00
2025-02-24,RXRX,Healthcare,9.510000228881836,8.78499984741211,9.0,0.0536277830291704,-0.024473552227917854,15:30:00
2025-02-26,RXRX,Healthcare,8.550000190734863,8.359999656677246,8.34000015258789,0.024561407422486078,0.0023922852763973014,15:30:00
2025-02-27,RXRX,Healthcare,8.550000190734863,8.255000114440918,7.690000057220459,0.10058480869349411,0.06844337363873246,15:30:00
2025-03-03,RXRX,Healthcare,7.869999885559082,7.179999828338623,6.590000152587891,0.16264291633852554,0.08217265875440169,15:30:00
2025-03-12,RXRX,Healthcare,6.230000019073486,6.090000152587891,6.179999828338623,0.008025712773962272,-0.0147782715099749,14:30:00
2025-04-01,RXRX,Healthcare,5.320000171661377,5.085000038146973,5.09499979019165,0.042293303422857115,-0.0019665195613885874,14:30:00
2025-04-08,RXRX,Healthcare,4.489999771118164,4.260000228881836,3.984999895095825,0.1124721384777658,0.06455406549548304,14:30:00
2025-04-11,RXRX,Healthcare,5.010000228881836,5.454999923706055,5.744999885559082,-0.14670651159656495,-0.05316223023079443,14:30:00
2025-04-14,RXRX,Healthcare,5.934999942779541,5.74970006942749,5.5,0.07329400959957168,0.043428364334203155,14:30:00
2025-04-23,RXRX,Healthcare,5.960000038146973,6.03000020980835,5.570000171661377,0.06543621879016813,0.07628524413626725,14:30:00
2025-04-28,RXRX,Healthcare,5.78000020980835,5.96999979019165,5.835000038146973,-0.009515540889651059,0.022613024587785444,14:30:00
2025-05-08,RXRX,Healthcare,4.329999923706055,4.320000171661377,4.380000114440918,-0.011547388363939745,-0.013888875091517962,14:30:00
2025-05-09,RXRX,Healthcare,4.519999980926514,4.470099925994873,4.320000171661377,0.04424774559935741,0.033578612742105454,14:30:00
2025-05-12,RXRX,Healthcare,4.630000114440918,4.449999809265137,4.635000228881836,-0.0010799382974792308,-0.041573129785650434,14:30:00
2025-05-22,RXRX,Healthcare,4.15500020980835,4.127799987792969,4.144999980926514,0.002406793833181828,-0.004166866898689374,14:30:00
2025-05-29,RXRX,Healthcare,4.489999771118164,4.489999771118164,4.440000057220459,0.011135794308794238,0.011135794308794238,14:30:00
2025-06-03,RXRX,Healthcare,4.420000076293945,4.359899997711182,4.380000114440918,0.00904976496891065,-0.0046102242575032214,14:30:00
2025-06-20,RXRX,Healthcare,5.230000019073486,5.210000038146973,5.019999980926514,0.04015297081856893,0.03646834085015397,14:30:00
2025-07-08,RXRX,Healthcare,5.005000114440918,5.369999885559082,5.355000019073486,-0.0699300492766652,0.0027932712858957606,14:30:00
2025-07-09,RXRX,Healthcare,5.599999904632568,5.489999771118164,5.59499979019165,0.0008928775939409663,-0.019125687331695583,14:30:00
2025-07-21,RXRX,Healthcare,6.099999904632568,7.058700084686279,6.380000114440918,-0.04590167445670072,0.09615084393765198,14:30:00
2025-07-22,RXRX,Healthcare,6.5,6.355000019073486,6.539999961853027,-0.0061538402850811295,-0.02911092717927524,14:30:00
2025-07-28,RXRX,Healthcare,6.659999847412109,6.489999771118164,6.300000190734863,0.054054003742527404,0.029275745313403254,14:30:00
2025-07-31,RXRX,Healthcare,5.855000019073486,5.96999979019165,5.940000057220459,-0.014517512872770807,0.005025081076297382,14:30:00
2025-08-05,RXRX,Healthcare,5.934999942779541,5.744999885559082,5.514999866485596,0.0707666521218611,0.04003481699827807,14:30:00
2025-08-07,RXRX,Healthcare,5.53000020980835,5.570000171661377,5.420000076293945,0.01989152429312774,0.026929998338346688,14:30:00
2025-08-08,RXRX,Healthcare,5.449999809265137,5.489999771118164,5.360000133514404,0.016513702550545177,0.023679352099004253,14:30:00
2025-08-12,RXRX,Healthcare,5.355000019073486,5.36269998550415,5.409999847412109,-0.010270742883795364,-0.008820158135979016,14:30:00
2025-08-13,RXRX,Healthcare,5.554999828338623,5.590000152587891,5.704999923706055,-0.02700271827232321,-0.020572409298580237,14:30:00
2025-08-25,RXRX,Healthcare,5.0,4.914599895477295,4.835000038146973,0.03299999237060547,0.01619660990176937,14:30:00
2025-08-26,RXRX,Healthcare,4.840000152587891,4.888000011444092,4.835000038146973,0.0010330814634880677,0.010842875035399404,14:30:00
2025-08-27,RXRX,Healthcare,4.860000133514404,4.920000076293945,4.894999980926514,-0.007201614496006195,0.005081320117836927,14:30:00
2025-09-03,RXRX,Healthcare,4.699999809265137,4.695000171661377,4.630000114440918,0.014893552694667763,0.013844527123298913,14:30:00
2025-09-05,RXRX,Healthcare,4.579999923706055,4.454999923706055,4.614999771118164,-0.0076418882085456715,-0.035914668945495214,14:30:00
2025-09-10,RXRX,Healthcare,4.710000038146973,4.678999900817871,4.545000076293945,0.035031838750885086,0.02863856109518257,14:30:00
2025-09-15,RXRX,Healthcare,4.929999828338623,4.855000019073486,4.772299766540527,0.03198784326352392,0.017034037529981567,14:30:00
2025-09-18,RXRX,Healthcare,4.789999961853027,4.885000228881836,4.920000076293945,-0.027139898846810635,-0.007164758602298111,14:30:00
2025-09-22,RXRX,Healthcare,5.125,5.065000057220459,4.96999979019165,0.030243943377238947,0.01875622230119821,14:30:00
2025-09-23,RXRX,Healthcare,5.014999866485596,5.0320000648498535,4.800000190734863,0.04287132232795045,0.046104902846799294,14:30:00
2025-09-24,RXRX,Healthcare,4.885000228881836,5.125,4.880000114440918,0.0010235648324754495,0.047804855718845275,14:30:00
2025-09-29,RXRX,Healthcare,4.775000095367432,4.751999855041504,4.914999961853027,-0.02931934318104403,-0.03430137032487342,14:30:00
2025-10-10,RXRX,Healthcare,6.039999961853027,5.804999828338623,5.304999828338623,0.12168876459544077,0.0861326468192332,14:30:00
2025-10-15,RXRX,Healthcare,6.03000020980835,6.619900226593018,6.804999828338623,-0.12852397870064172,-0.02796108633209241,14:30:00
2025-10-20,RXRX,Healthcare,6.230000019073486,6.829999923706055,6.670000076293945,-0.07062601217871183,0.023426039414256857,14:30:00
2025-10-27,RXRX,Healthcare,6.164999961853027,6.0,6.295000076293945,-0.021086798904349637,-0.04916667938232422,14:30:00
2025-10-31,RXRX,Healthcare,5.699999809265137,5.615200042724609,5.5,0.035087687010102085,0.020515750435974135,14:30:00
2025-11-03,RXRX,Healthcare,5.550000190734863,5.360199928283691,5.429999828338623,0.021621686175176735,-0.013021883696282427,15:30:00
2025-11-05,RXRX,Healthcare,5.065000057220459,4.960100173950195,4.949999809265137,0.022704885815624538,0.0020363227214854254,15:30:00
2025-11-10,RXRX,Healthcare,4.889999866485596,4.651400089263916,4.505000114440918,0.07873205778252383,0.03147438878906799,15:30:00
2025-11-20,RXRX,Healthcare,4.150000095367432,4.295000076293945,3.8450000286102295,0.07349399030078772,0.10477300109200703,15:30:00
2025-11-21,RXRX,Healthcare,3.9100000858306885,3.9200000762939453,4.175000190734863,-0.06777496140332563,-0.06505104833620327,15:30:00
2025-12-03,RXRX,Healthcare,4.369999885559082,4.422100067138672,4.664999961853027,-0.06750574005019776,-0.05492862916408952,15:30:00
2025-12-08,RXRX,Healthcare,4.974999904632568,4.820000171661377,4.824999809265137,0.030150773516147433,-0.001037269175456579,15:30:00
2025-12-17,RXRX,Healthcare,4.519999980926514,4.950699806213379,4.684999942779541,-0.0365044164932066,0.05366915261159061,15:30:00
2025-12-18,RXRX,Healthcare,4.760000228881836,4.704999923706055,4.445000171661377,0.06617647942728254,0.05526030951343353,15:30:00
2025-12-19,RXRX,Healthcare,4.525000095367432,4.389999866485596,4.269999980926514,0.05635361526334109,0.02733482669901484,15:30:00
2025-12-22,RXRX,Healthcare,4.369999885559082,4.393599987030029,4.385000228881836,-0.0034325729326271635,0.001957337530403307,15:30:00
2026-01-02,RXRX,Healthcare,4.170000076293945,4.15500020980835,4.204999923706055,-0.008393248626320222,-0.0120336248791697,15:30:00
2026-01-05,RXRX,Healthcare,4.25,4.295000076293945,4.360000133514404,-0.02588238435633042,-0.0151338896544435,15:30:00
2026-01-12,RXRX,Healthcare,4.764999866485596,4.752399921417236,4.829999923706055,-0.013641145654092008,-0.016328592620983986,15:30:00
2026-01-14,RXRX,Healthcare,4.679999828338623,4.755000114440918,4.869999885559082,-0.040598304314021325,-0.0241850196320522,15:30:00
2024-01-24,SHOP,Technology,82.27999877929688,82.05000305175781,80.73999786376953,0.01871658894475866,0.015965937102548542,15:30:00
2024-01-25,SHOP,Technology,81.2699966430664,80.58999633789062,80.48999786376953,0.009597622880711918,0.0012408298630741832,15:30:00
2024-02-02,SHOP,Technology,79.93000030517578,81.3989028930664,82.93000030517578,-0.03753284109277975,-0.01880980403532926,15:30:00
2024-02-22,SHOP,Technology,78.6449966430664,76.54000091552734,75.01000213623047,0.046220289427101276,0.01998953176111722,15:30:00
2024-02-29,SHOP,Technology,76.2699966430664,76.33000183105469,76.33999633789062,-0.0009177880936826069,-0.00013093811864512832,15:30:00
2024-03-06,SHOP,Technology,74.18000030517578,73.76000213623047,74.01000213623047,0.002291698142975758,-0.0033893708345922283,15:30:00
2024-04-17,SHOP,Technology,69.5,70.5,69.41000366210938,0.0012949113365557554,0.015460940962987588,14:30:00
2024-04-19,SHOP,Technology,71.0,70.68499755859375,69.69999694824219,0.01830990213743398,0.013935073132527936,14:30:00
2024-04-24,SHOP,Technology,74.4000015258789,73.16999816894531,72.25,0.02889786937882066,0.012573434357905677,14:30:00
2024-05-09,SHOP,Technology,63.56999969482422,61.96989822387695,62.439998626708984,0.017775697239892193,-0.007585947634345185,14:30:00
2024-05-15,SHOP,Technology,59.16999816894531,58.779998779296875,58.790000915527344,0.0064221271789290995,-0.0001701622395064023,14:30:00
2024-06-11,SHOP,Technology,64.0999984741211,63.81999969482422,63.83000183105469,0.004212116216748604,-0.00015672416606545236,14:30:00
2024-07-18,SHOP,Technology,65.9000015258789,64.87010192871094,63.09000015258789,0.042640384039862714,0.027441020180287237,14:30:00
2024-07-26,SHOP,Technology,61.41999816894531,60.40999984741211,59.939998626708984,0.024096378807523862,0.007780189072840385,14:30:00
2024-08-01,SHOP,Technology,61.599998474121094,60.40999984741211,58.15999984741211,0.05584413493377227,0.03724548925150158,14:30:00
2024-08-14,SHOP,Technology,70.33999633789062,70.5,71.5999984741211,-0.01791302533167368,-0.015602815235760195,14:30:00
2024-09-09,SHOP,Technology,68.88999938964844,68.62999725341797,68.12000274658203,0.011177190446921496,0.007431072814308445,14:30:00
2024-09-19,SHOP,Technology,77.4000015258789,78.05999755859375,78.69999694824219,-0.016795806159365826,-0.008198813856841826,14:30:00
2024-10-17,SHOP,Technology,82.88999938964844,81.61000061035156,81.5999984741211,0.015562805224105757,0.00012256017835637732,14:30:00
2024-12-19,SHOP,Technology,111.30000305175781,107.9800033569336,107.08999633789062,0.03782575560136696,0.008242331833432192,15:30:00
2025-01-02,SHOP,Technology,107.5,106.81999969482422,107.52999877929688,-0.0002790584120639535,-0.006646686823638496,15:30:00
2025-01-03,SHOP,Technology,108.87000274658203,108.16999816894531,109.2300033569336,-0.0033067015823407308,-0.009799437976625571,15:30:00
2025-01-14,SHOP,Technology,103.11000061035156,102.28500366210938,101.58999633789062,0.014741579511816424,0.006794811549449156,15:30:00
2025-02-04,SHOP,Technology,116.30000305175781,119.19999694824219,119.20999908447266,-0.02502146136161138,-8.39105409944916e-05,15:30:00
2025-02-10,SHOP,Technology,121.45999908447266,121.07499694824219,119.91999816894531,0.012679078932450084,0.009539531764684828,15:30:00
2025-02-26,SHOP,Technology,111.87999725341797,113.6500015258789,113.27999877929688,-0.012513421167751554,0.0032556334501920707,15:30:00
2025-02-27,SHOP,Technology,114.8499984741211,112.55999755859375,110.80999755859375,0.035176325373984824,0.015547264018809414,15:30:00
2025-03-03,SHOP,Technology,112.88999938964844,113.83999633789062,106.55000305175781,0.05616083242243314,0.06403718834016163,15:30:00
2025-03-12,SHOP,Technology,96.66999816894531,97.23999786376953,96.55999755859375,0.0011378981321518175,0.006993010285010931,14:30:00
2025-03-19,SHOP,Technology,99.625,99.80999755859375,101.54000091552734,-0.019222092000274468,-0.017332966629099358,14:30:00
2025-04-08,SHOP,Technology,83.98999786376953,84.75,77.12000274658203,0.0817953957842757,0.09002946611702618,14:30:00
2025-04-14,SHOP,Technology,87.05999755859375,85.16539764404297,82.69999694824219,0.05008041273395584,0.028948384719638866,14:30:00
2025-04-23,SHOP,Technology,91.5,93.02999877929688,90.95999908447266,0.0059016493500256145,0.022250883822271764,14:30:00
2025-05-01,SHOP,Technology,98.37000274658203,97.54000091552734,97.05999755859375,0.013317120579564065,0.004921092397254451,14:30:00
2025-05-09,SHOP,Technology,94.46499633789062,90.2699966430664,91.76000213623047,0.028634883888469093,-0.016506098909648173,14:30:00
2025-05-27,SHOP,Technology,104.3550033569336,106.5176010131836,106.73999786376953,-0.02285462536643647,-0.0020878882782800526,14:30:00
2025-05-29,SHOP,Technology,109.98999786376953,108.66999816894531,107.69999694824219,0.02082008328033312,0.008926117944670426,14:30:00
2025-06-06,SHOP,Technology,106.99099731445312,109.16999816894531,111.41999816894531,-0.04139601429711961,-0.020610058053843944,14:30:00
2025-07-24,SHOP,Technology,122.8499984741211,121.55999755859375,122.0199966430664,0.006756221744923596,-0.003784132064093945,14:30:00
2025-07-28,SHOP,Technology,126.0199966430664,127.69999694824219,126.80999755859375,-0.006268853646813753,0.0069694550580855635,14:30:00
2025-07-31,SHOP,Technology,125.3499984741211,125.5199966430664,122.1500015258789,0.02552849610846096,0.026848272843494017,14:30:00
2025-08-04,SHOP,Technology,120.41999816894531,123.94000244140625,125.2699966430664,-0.040275689651786115,-0.010730951875597413,14:30:00
2025-10-06,SHOP,Technology,166.4499969482422,164.92999267578125,164.47000122070312,0.011895438653295646,0.0027890103407836467,14:30:00
2025-10-27,SHOP,Technology,175.02000427246094,173.02999877929688,175.1199951171875,-0.0005713109489524557,-0.012078809181270677,14:30:00
2025-11-03,SHOP,Technology,175.92999267578125,171.45249938964844,172.5,0.01949634979012551,-0.0061095674550125925,15:30:00
2025-11-10,SHOP,Technology,157.11500549316406,158.82000732421875,158.88999938964844,-0.011297418034088434,-0.00044070055535763903,15:30:00
2025-11-19,SHOP,Technology,141.8699951171875,146.22999572753906,146.07000732421875,-0.02960465462455225,0.0010940874512395432,15:30:00
2025-11-20,SHOP,Technology,154.48500061035156,153.0500030517578,144.55999755859375,0.06424573914972538,0.055472102736861414,15:30:00
2025-11-24,SHOP,Technology,149.02000427246094,151.1300048828125,155.2449951171875,-0.041772853752876635,-0.027228148623205554,15:30:00
2025-12-15,SHOP,Technology,166.69000244140625,162.7949981689453,159.77999877929688,0.04145421777492824,0.018520221281734545,15:30:00
2025-12-22,SHOP,Technology,172.66000366210938,171.3000030517578,169.67999267578125,0.017259416906766203,0.009457153223091777,15:30:00
2026-01-02,SHOP,Technology,162.19000244140625,159.547607421875,157.19000244140625,0.030828040722216097,0.014776811878067106,15:30:00
2026-01-05,SHOP,Technology,158.83999633789062,165.52499389648438,166.25,-0.046650741834232526,-0.004380040055878374,15:30:00
2024-01-24,SIVR,Unknown,21.950000762939453,21.75,21.68000030517578,0.012300703798586773,0.003218376773527299,15:30:00
2024-01-25,SIVR,Unknown,21.93000030517578,21.895000457763672,21.920000076293945,0.00045600678261166033,-0.0011417957528020472,15:30:00
2024-02-29,SIVR,Unknown,21.700000762939453,21.700000762939453,21.704999923706055,-0.0002303760640939435,-0.0002303760640939435,15:30:00
2024-04-11,SIVR,Unknown,26.899999618530273,26.700000762939453,27.21500015258789,-0.011710057194224889,-0.019288366102343895,14:30:00
2024-04-12,SIVR,Unknown,28.049999237060547,28.174999237060547,26.825000762939453,0.04367196104955992,0.04791476524142532,14:30:00
2024-04-15,SIVR,Unknown,27.440000534057617,26.989999771118164,27.6299991607666,-0.0069241480689172874,-0.023712463693063717,14:30:00
2024-04-17,SIVR,Unknown,27.350000381469727,27.510000228881836,27.05500030517578,0.010786108672006266,0.016539437292638237,14:30:00
2024-04-18,SIVR,Unknown,27.329999923706055,27.09000015258789,27.05500030517578,0.010062188777825009,0.001291984024177492,14:30:00
2024-04-26,SIVR,Unknown,26.3700008392334,26.25,26.040000915527344,0.01251421741386824,0.007999965122767858,14:30:00
2024-05-31,SIVR,Unknown,30.110000610351562,29.850000381469727,29.045000076293945,0.035370325887389024,0.026968184083357973,14:30:00
2024-06-12,SIVR,Unknown,28.799999237060547,28.530000686645508,28.30500030517578,0.017187463367977763,0.007886448512251388,14:30:00
2024-06-20,SIVR,Unknown,28.770000457763672,29.229999542236328,29.32819938659668,-0.019402117481801297,-0.0033595568216980717,14:30:00
2024-06-28,SIVR,Unknown,28.139999389648438,28.049999237060547,27.8351993560791,0.010831557931073,0.007657749975894648,14:30:00
2024-07-01,SIVR,Unknown,28.0,28.010000228881836,28.114999771118164,-0.004107134682791573,-0.003748644818933646,14:30:00
2024-07-09,SIVR,Unknown,29.639999389648438,29.520000457763672,29.44499969482422,0.006578937207816577,0.0025406762119384776,14:30:00
2024-07-10,SIVR,Unknown,29.600000381469727,29.559999465942383,29.469999313354492,0.004391927920265095,0.00304466015608642,14:30:00
2024-07-11,SIVR,Unknown,30.079999923706055,29.979999542236328,30.05500030517578,0.0008311043415452681,-0.0025016932649979126,14:30:00
2024-08-02,SIVR,Unknown,27.68000030517578,27.469999313354492,27.270000457763672,0.014812133052449605,0.007280628343284713,14:30:00
2024-08-12,SIVR,Unknown,26.59000015258789,26.479999542236328,26.69499969482422,-0.003948835713944476,-0.008119341250174852,14:30:00
2024-08-26,SIVR,Unknown,28.700000762939453,28.530000686645508,28.610000610351562,0.003135893735031135,-0.0028040631538961557,14:30:00
2024-09-19,SIVR,Unknown,29.579999923706055,29.479999542236328,29.43000030517578,0.00507098103168217,0.0016960392753369079,14:30:00
2024-09-26,SIVR,Unknown,30.700000762939453,30.68000030517578,30.655000686645508,0.0014658004943201395,0.0008148506610691249,14:30:00
2024-10-24,SIVR,Unknown,32.650001525878906,32.06999969482422,32.1349983215332,0.015773451157039105,-0.0020267735368726713,14:30:00
2024-11-01,SIVR,Unknown,31.5,31.280000686645508,30.940000534057617,0.017777760823567707,0.010869569856916539,14:30:00
2024-11-13,SIVR,Unknown,29.579999923706055,29.239999771118164,28.93000030517578,0.02197429412463756,0.01060189700304256,15:30:00
2024-11-26,SIVR,Unknown,29.149999618530273,29.030000686645508,29.114999771118164,0.0012006808874831143,-0.0029279739050008997,15:30:00
2025-01-07,SIVR,Unknown,28.969999313354492,28.8700008392334,28.65999984741211,0.010700706706592164,0.007274020980834351,15:30:00
2025-01-10,SIVR,Unknown,29.260000228881836,29.149999618530273,28.940000534057617,0.010936421473720797,0.007204085324898687,15:30:00
2025-02-12,SIVR,Unknown,30.6299991607666,30.6299991607666,30.75,-0.003917755224332663,-0.003917755224332663,15:30:00
2025-03-03,SIVR,Unknown,30.200000762939453,30.363800048828125,30.149999618530273,0.0016556669915896033,0.007041293578341262,15:30:00
2025-03-04,SIVR,Unknown,30.440000534057617,30.100000381469727,30.399999618530273,0.0013140905001821192,-0.009966751935499427,15:30:00
2025-03-18,SIVR,Unknown,32.599998474121094,32.43000030517578,32.36000061035156,0.0073618980062238075,0.002158485789870526,14:30:00
2025-04-08,SIVR,Unknown,28.979999542236328,29.049999237060547,28.479999542236328,0.0172532783953735,0.01962133252303296,14:30:00
2025-04-16,SIVR,Unknown,31.290000915527344,31.329999923706055,31.219999313354492,0.002237187603855709,0.0035110312996946354,14:30:00
2025-04-21,SIVR,Unknown,31.399999618530273,31.31999969482422,31.209999084472656,0.006050972495728663,0.003512152344297137,14:30:00
2025-04-23,SIVR,Unknown,31.270000457763672,31.540000915527344,32.04999923706055,-0.02494399641440421,-0.016169889243158764,14:30:00
2025-05-05,SIVR,Unknown,31.020000457763672,30.829999923706055,30.90999984741211,0.0035461189145157344,-0.002594872653390456,14:30:00
2025-05-06,SIVR,Unknown,31.670000076293945,31.579999923706055,31.690000534057617,-0.0006315269250233721,-0.003483236561662836,14:30:00
2025-05-09,SIVR,Unknown,31.1200008392334,31.25,31.25,-0.004177350811723305,0.0,14:30:00
2025-05-19,SIVR,Unknown,30.899999618530273,30.8700008392334,30.854999542236328,0.0014563131666499901,0.0004859506507691706,14:30:00
2025-05-29,SIVR,Unknown,31.78499984741211,31.549999237060547,31.78499984741211,0.0,-0.007448513978901036,14:30:00
2025-06-06,SIVR,Unknown,34.52000045776367,34.27000045776367,34.275001525878906,0.007097303842290781,-0.00014593136995717231,14:30:00
2025-08-01,SIVR,Unknown,35.439998626708984,35.20000076293945,35.2400016784668,0.005643254965914753,-0.001136389621032593,14:30:00
2025-09-05,SIVR,Unknown,39.279998779296875,38.959999084472656,39.04999923706055,0.0058553856767824776,-0.002310065572454282,14:30:00
2025-09-08,SIVR,Unknown,39.43000030517578,39.25,39.35499954223633,0.0019021243306865546,-0.0026751475729000795,14:30:00
2025-10-01,SIVR,Unknown,45.18000030517578,45.470001220703125,45.04499816894531,0.002988095071238922,0.00934688894541535,14:30:00
2025-10-02,SIVR,Unknown,45.70000076293945,44.77000045776367,44.62300109863281,0.023566731867103962,0.003283434389721295,14:30:00
2025-10-10,SIVR,Unknown,47.665000915527344,48.11000061035156,47.625,0.0008392093728946737,0.010081076786500966,14:30:00
2025-10-15,SIVR,Unknown,50.15999984741211,50.31999969482422,50.685001373291016,-0.010466537629106322,-0.007253610506367709,14:30:00
2025-10-20,SIVR,Unknown,50.06999969482422,49.71989822387695,50.06999969482422,0.0,-0.007041476017727177,14:30:00
2025-10-29,SIVR,Unknown,46.040000915527344,46.04499816894531,45.41999816894531,0.013466610214009153,0.013573678463549736,14:30:00
2025-11-03,SIVR,Unknown,46.470001220703125,46.029998779296875,45.93000030517578,0.011620419654449347,0.00217246310608356,15:30:00
2025-11-05,SIVR,Unknown,45.65999984741211,45.84000015258789,45.81999969482422,-0.003504157861296571,0.0004363101591862179,15:30:00
2025-11-07,SIVR,Unknown,46.220001220703125,45.95000076293945,46.099998474121094,0.002596338022775277,-0.003264367980220359,15:30:00
2025-11-10,SIVR,Unknown,47.41999816894531,47.66999816894531,48.08000183105469,-0.013918255748512492,-0.008600874299518486,15:30:00
2025-12-15,SIVR,Unknown,60.709999084472656,60.349998474121094,60.97999954223633,-0.00444738036296113,-0.010439123182171868,15:30:00
2025-12-19,SIVR,Unknown,62.75,63.22999954223633,63.9900016784668,-0.019760982923773655,-0.012019644816267997,15:30:00
2026-01-02,SIVR,Unknown,70.70999908447266,69.31999969482422,69.02999877929688,0.02375902032142291,0.0041835100519914846,15:30:00
2026-01-05,SIVR,Unknown,72.98999786376953,73.0,72.4800033569336,0.006987183473930288,0.007123241685841181,15:30:00
2026-01-12,SIVR,Unknown,79.91000366210938,81.38500213623047,81.08999633789062,-0.01476652010642771,0.0036248177255808526,15:30:00
2026-01-14,SIVR,Unknown,87.52999877929688,86.9000015258789,88.80000305175781,-0.014509360107078245,-0.021864228912735796,15:30:00
2024-01-18,SMR,Industrials,2.069999933242798,1.9450000524520874,1.9149999618530273,0.07487921564661712,0.015424210688960417,15:30:00
2024-01-22,SMR,Industrials,2.0299999713897705,2.1050000190734863,2.180000066757202,-0.07389167363620167,-0.035629476011466744,15:30:00
2024-01-23,SMR,Industrials,2.2300000190734863,2.315000057220459,2.3399999141693115,-0.04932730679595582,-0.01079907400903869,15:30:00
2024-01-24,SMR,Industrials,2.5,2.288599967956543,2.265000104904175,0.09399995803833008,0.0103119214291697,15:30:00
2024-01-25,SMR,Industrials,2.390000104904175,2.499000072479248,2.511399984359741,-0.05079492641295672,-0.0049619493880971605,15:30:00
2024-01-26,SMR,Industrials,2.559999942779541,2.5950000286102295,2.755000114440918,-0.076171943757801,-0.061657065150930904,15:30:00
2024-02-20,SMR,Industrials,2.75,2.79010009765625,2.6549999713897705,0.03454546494917436,0.04842124710148098,15:30:00
2024-02-22,SMR,Industrials,2.619999885559082,2.640000104904175,2.5199999809265137,0.03816790419867876,0.04545459060957758,15:30:00
2024-03-04,SMR,Industrials,4.099999904632568,3.7750000953674316,3.890000104904175,0.0512194645397713,-0.030463577915631784,15:30:00
2024-03-05,SMR,Industrials,4.150000095367432,4.159999847412109,4.480000019073486,-0.0795180520777403,-0.07692312100935426,15:30:00
2024-03-06,SMR,Industrials,4.889999866485596,4.659999847412109,4.210000038146973,0.13905927339571353,0.09656648583691269,15:30:00
2024-03-11,SMR,Industrials,6.099999904632568,6.188799858093262,5.460000038146973,0.10491801253956673,0.11776109046299466,14:30:00
2024-03-14,SMR,Industrials,7.699999809265137,6.809999942779541,7.244999885559082,0.05909090064633111,-0.06387664411668016,14:30:00
2024-03-21,SMR,Industrials,5.0,5.005000114440918,4.559999942779541,0.0880000114440918,0.08891112117608524,14:30:00
2024-03-22,SMR,Industrials,4.599999904632568,4.454999923706055,4.255000114440918,0.07499995594439209,0.04489333618186901,14:30:00
2024-03-25,SMR,Industrials,4.309999942779541,4.260000228881836,4.070000171661377,0.05568440239082393,0.044600950002843115,14:30:00
2024-04-01,SMR,Industrials,5.809999942779541,6.260000228881836,5.239999771118164,0.09810674307660754,0.16293936429230207,14:30:00
2024-04-05,SMR,Industrials,6.380000114440918,6.459799766540527,6.105000019073486,0.04310346245056925,0.054924263953935216,14:30:00
2024-04-08,SMR,Industrials,6.25,6.179900169372559,5.96999979019165,0.044800033569335936,0.03396501131542053,14:30:00
2024-04-11,SMR,Industrials,5.53000020980835,5.264999866485596,5.329999923706055,0.03616641564453507,-0.0123456901935017,14:30:00
2024-04-15,SMR,Industrials,5.309999942779541,5.025000095367432,4.84499979019165,0.08757065114853549,0.035820955574055464,14:30:00
2024-04-17,SMR,Industrials,5.099999904632568,5.070000171661377,4.949999809265137,0.029411783955364302,0.023668709730421487,14:30:00
2024-04-18,SMR,Industrials,5.039999961853027,5.09499979019165,4.900000095367432,0.027777751497070007,0.03827275816568459,14:30:00
2024-04-23,SMR,Industrials,4.960000038146973,5.28000020980835,5.480000019073486,-0.10483870502565211,-0.03787875024959444,14:30:00
2024-04-24,SMR,Industrials,5.579999923706055,5.539999961853027,5.494999885559082,0.015232981955046049,0.008122757509711899,14:30:00
2024-05-03,SMR,Industrials,6.230000019073486,6.129000186920166,6.150000095367432,0.012841079207244067,-0.003426318780684867,14:30:00
2024-05-10,SMR,Industrials,5.909999847412109,6.440100193023682,6.28000020980835,-0.06260581589663784,0.02485985907311851,14:30:00
2024-05-13,SMR,Industrials,6.460000038146973,6.840000152587891,6.389999866485596,0.010835939821674714,0.06578951404438768,14:30:00
2024-05-15,SMR,Industrials,7.679999828338623,7.21999979019165,7.005000114440918,0.08789058971160478,0.029778349307268526,14:30:00
2024-05-16,SMR,Industrials,7.230000019073486,7.138299942016602,6.085000038146973,0.15836790842405055,0.14755612854957548,14:30:00
2024-05-23,SMR,Industrials,7.53000020980835,7.139999866485596,6.659999847412109,0.11553789351333672,0.06722689468476822,14:30:00
2024-05-30,SMR,Industrials,9.029999732971191,8.609999656677246,8.699999809265137,0.036544843130075375,-0.010452979811456032,14:30:00
2024-05-31,SMR,Industrials,9.0600004196167,8.789999961853027,8.739999771118164,0.035320158242561475,0.005688303862554591,14:30:00
2024-06-04,SMR,Industrials,7.829999923706055,6.659999847412109,6.980000019073486,0.10855682157277095,-0.048048074923863565,14:30:00
2024-06-12,SMR,Industrials,9.170000076293945,8.770000457763672,8.4399995803833,0.07960746890262559,0.03762837630050939,14:30:00
2024-06-27,SMR,Industrials,12.010000228881836,11.079999923706055,11.979999542236328,0.002497975526541764,-0.0812274029537394,14:30:00
2024-07-02,SMR,Industrials,11.055000305175781,11.595000267028809,10.930000305175781,0.011307100547204591,0.05735230241813802,14:30:00
2024-07-08,SMR,Industrials,12.859999656677246,12.9399995803833,13.680000305175781,-0.06376366021695572,-0.05718707486778455,14:30:00
2024-07-10,SMR,Industrials,13.260000228881836,13.309900283813477,13.529999732971191,-0.02036195319976427,-0.016536521270965766,14:30:00
2024-07-11,SMR,Industrials,13.8100004196167,13.729999542236328,13.039999961853027,0.055756729497988204,0.050254887355292245,14:30:00
2024-07-15,SMR,Industrials,16.75,15.609999656677246,15.84000015258789,0.054328349099230414,-0.014734176871827208,14:30:00
2024-07-18,SMR,Industrials,14.479999542236328,13.25,12.854999542236328,0.11222376045386469,0.029811355302918632,14:30:00
2024-07-22,SMR,Industrials,11.520000457763672,10.680000305175781,11.069999694824219,0.03906256467517622,-0.03651679574011197,14:30:00
2024-07-29,SMR,Industrials,11.170000076293945,9.225000381469727,9.489999771118164,0.15040289111020155,-0.028726219912222684,14:30:00
2024-08-01,SMR,Industrials,10.3100004196167,9.640000343322754,9.104999542236328,0.11687689896574903,0.05549800643492711,14:30:00
2024-08-06,SMR,Industrials,9.15999984741211,8.699999809265137,8.13860034942627,0.11150649727078396,0.06452867495939485,14:30:00
2024-08-07,SMR,Industrials,8.300000190734863,8.710000038146973,8.680000305175781,-0.045783145266081446,0.003444286204340105,14:30:00
2024-08-12,SMR,Industrials,9.5,9.219400405883789,9.244999885559082,0.026842117309570312,-0.00277669680763138,14:30:00
2024-08-29,SMR,Industrials,8.130000114440918,8.359999656677246,8.149999618530273,-0.0024599635679993827,0.025119622819510853,14:30:00
2024-08-30,SMR,Industrials,8.289999961853027,8.489999771118164,8.220000267028809,0.008443871549617236,0.03180206258754652,14:30:00
2024-09-10,SMR,Industrials,7.650000095367432,7.690000057220459,8.260000228881836,-0.07973857855031907,-0.07412225844214139,14:30:00
2024-09-19,SMR,Industrials,9.569999694824219,9.265000343322754,9.609999656677246,-0.0041797244648461886,-0.03723683762225996,14:30:00
2024-09-26,SMR,Industrials,12.260000228881836,12.069999694824219,11.890000343322754,0.030179435452818714,0.014912954105429765,14:30:00
2024-10-03,SMR,Industrials,13.130000114440918,12.050000190734863,12.0,0.08606246036495438,0.004149393356301188,14:30:00
2024-10-30,SMR,Industrials,22.239999771118164,20.979999542236328,20.799999237060547,0.06474822611858408,0.008579614351916922,14:30:00
2024-11-01,SMR,Industrials,19.899999618530273,20.219999313354492,19.010000228881836,0.04472358827684083,0.05984169760448512,14:30:00
2024-11-05,SMR,Industrials,18.670000076293945,18.280000686645508,18.84000015258789,-0.009105520921223846,-0.030634542938036736,15:30:00
2024-11-13,SMR,Industrials,24.280000686645508,25.325000762939453,24.969999313354492,-0.0284183940360635,0.014017825819949006,15:30:00
2024-11-14,SMR,Industrials,26.600000381469727,25.079999923706055,24.65999984741211,0.07293234985850126,0.01674641457621991,15:30:00
2024-11-25,SMR,Industrials,31.969999313354492,29.700000762939453,28.079999923706055,0.12167655530801055,0.05454548140129625,15:30:00
2024-12-02,SMR,Industrials,31.469999313354492,29.950000762939453,27.239999771118164,0.1344137157461361,0.09048417104465259,15:30:00
2024-12-04,SMR,Industrials,25.40999984741211,26.23699951171875,24.850000381469727,0.02203854660783936,0.05286424347530748,15:30:00
2024-12-09,SMR,Industrials,26.34000015258789,24.399999618530273,23.915000915527344,0.09206527042568342,0.019876996335467297,15:30:00
2024-12-12,SMR,Industrials,22.989999771118164,23.510000228881836,21.670000076293945,0.05741625523991982,0.07826457399721613,15:30:00
2024-12-13,SMR,Industrials,22.06999969482422,21.540000915527344,21.110000610351562,0.04349792015166144,0.019962873115098655,15:30:00
2024-12-18,SMR,Industrials,22.5,20.200000762939453,19.100000381469727,0.15111109415690105,0.05445546237245079,15:30:00
2024-12-19,SMR,Industrials,19.809999465942383,18.829999923706055,19.010000228881836,0.04038360719978394,-0.009559230265804176,15:30:00
2024-12-31,SMR,Industrials,18.420000076293945,18.280000686645508,17.93000030517578,0.026601507550957117,0.019146628464047053,15:30:00
2025-01-06,SMR,Industrials,22.25,21.905000686645508,23.690000534057617,-0.06471912512618504,-0.08148823517272671,15:30:00
2025-01-14,SMR,Industrials,19.649999618530273,19.709999084472656,19.229999542236328,0.02137405009910933,0.024353098149784647,15:30:00
2025-01-16,SMR,Industrials,21.239999771118164,20.68000030517578,20.290000915527344,0.04472687692222175,0.01885877098129581,15:30:00
2025-01-28,SMR,Industrials,21.350000381469727,20.766399383544922,20.950000762939453,0.018735344795471034,-0.0088412717103002,15:30:00
2025-01-31,SMR,Industrials,23.969999313354492,25.309999465942383,23.81999969482422,0.006257806542643646,0.05887000405207974,15:30:00
2025-02-06,SMR,Industrials,25.079999923706055,23.575000762939453,23.25,0.07296650435697596,0.013785821947898437,15:30:00
2025-02-18,SMR,Industrials,23.209999084472656,23.059999465942383,22.040000915527344,0.05040922943112195,0.0442323752835072,15:30:00
2025-02-20,SMR,Industrials,21.65999984741211,20.209999084472656,20.799999237060547,0.039704552927516,-0.029193477452514473,15:30:00
2025-02-21,SMR,Industrials,21.165000915527344,20.440399169921875,19.03499984741211,0.1006378916124967,0.06875596268089598,15:30:00
2025-02-26,SMR,Industrials,18.69499969482422,18.219999313354492,17.940000534057617,0.040385085482276095,0.01536766135285459,15:30:00
2025-02-27,SMR,Industrials,18.350000381469727,17.860000610351562,16.729999542236328,0.08828342264610056,0.06326993446239255,15:30:00
2025-03-03,SMR,Industrials,17.924999237060547,16.93000030517578,15.420000076293945,0.13974891310385276,0.08919079749928911,15:30:00
2025-03-12,SMR,Industrials,16.969999313354492,16.799999237060547,16.0,0.05715965542739616,0.047619004368509764,14:30:00
2025-03-13,SMR,Industrials,16.34000015258789,15.69219970703125,15.210000038146973,0.06915545311435944,0.030728621728425793,14:30:00
2025-03-24,SMR,Industrials,18.979999542236328,18.84000015258789,18.860000610351562,0.006322388555264775,-0.0010615954141021905,14:30:00
2025-04-01,SMR,Industrials,14.75,14.140000343322754,14.65999984741211,0.006101705260195975,-0.03677507011765468,14:30:00
2025-04-08,SMR,Industrials,15.300000190734863,14.970000267028809,13.90999984741211,0.0908496945094477,0.07080831000059055,14:30:00
2025-04-14,SMR,Industrials,15.770000457763672,15.329999923706055,15.239999771118164,0.033608159242924124,0.0058708514700457305,14:30:00
2025-04-17,SMR,Industrials,14.800000190734863,14.300000190734863,14.609999656677246,0.012837873757363992,-0.02167828404248799,14:30:00
2025-04-23,SMR,Industrials,16.3799991607666,16.31999969482422,15.40999984741211,0.05921852033288475,0.05575979561450053,14:30:00
2025-04-28,SMR,Industrials,16.899999618530273,17.030000686645508,16.969999313354492,-0.004141993870074794,0.0035232748603508377,14:30:00
2025-04-29,SMR,Industrials,17.110000610351562,16.629899978637695,16.8799991607666,0.013442515568690857,-0.01503912726175002,14:30:00
2025-05-08,SMR,Industrials,17.100000381469727,16.579999923706055,16.93000030517578,0.009941524707693251,-0.02110979391316502,14:30:00
2025-05-12,SMR,Industrials,18.450000762939453,17.885000228881836,17.760000228881836,0.03739840138346349,0.00698909691922408,14:30:00
2025-05-20,SMR,Industrials,24.75,23.399999618530273,23.479999542236328,0.051313149808633204,-0.003418800214112114,14:30:00
2025-05-29,SMR,Industrials,35.9900016784668,33.77000045776367,32.97880172729492,0.08366768020945962,0.023429041153206577,14:30:00
2025-06-03,SMR,Industrials,35.13999938964844,33.61000061035156,31.739999771118164,0.09675582463247985,0.05563822687517167,14:30:00
2025-06-09,SMR,Industrials,35.099998474121094,35.060001373291016,35.209999084472656,-0.0031339206590753825,-0.004278314469659721,14:30:00
2025-06-10,SMR,Industrials,35.61000061035156,36.51499938964844,34.58000183105469,0.02892442464596482,0.052991855153701535,14:30:00
2025-06-16,SMR,Industrials,41.41999816894531,44.16999816894531,42.4900016784668,-0.025833016823349854,0.03803478741503943,14:30:00
2025-06-17,SMR,Industrials,43.92499923706055,43.255001068115234,39.22999954223633,0.1068867336681235,0.09305285924142248,14:30:00
2025-06-20,SMR,Industrials,40.59000015258789,39.18000030517578,37.209999084472656,0.08327176781002639,0.05028078625213494,14:30:00
2025-06-27,SMR,Industrials,40.040000915527344,39.0099983215332,38.19499969482422,0.046078950512402246,0.020892044649463922,14:30:00
2025-07-02,SMR,Industrials,36.47999954223633,36.880001068115234,35.20000076293945,0.03508768627628134,0.045553152291750686,14:30:00
2025-07-08,SMR,Industrials,37.0,36.02000045776367,35.06999969482422,0.05216217041015625,0.026374257381073744,14:30:00
2025-07-09,SMR,Industrials,35.380001068115234,33.81999969482422,35.45000076293945,-0.001978510251863816,-0.04819636554771135,14:30:00
2025-07-21,SMR,Industrials,50.77000045776367,49.11000061035156,45.41999816894531,0.10537723538665529,0.07513749532775325,14:30:00
2025-07-22,SMR,Industrials,45.869998931884766,43.310001373291016,44.439998626708984,0.03117506733102999,-0.02609090781776863,14:30:00
2025-07-28,SMR,Industrials,53.29999923706055,50.06999969482422,51.0099983215332,0.04296437051231814,-0.01877368948348831,14:30:00
2025-07-31,SMR,Industrials,50.959999084472656,52.380001068115234,50.207801818847656,0.014760543154212732,0.04147001154969124,14:30:00
2025-08-05,SMR,Industrials,44.5,45.630001068115234,45.150001525878906,-0.014606775862447331,0.010519384856463136,14:30:00
2025-08-07,SMR,Industrials,46.5,45.400001525878906,44.900001525878906,0.0344085693359375,0.011013215488880327,14:30:00
2025-08-11,SMR,Industrials,39.97999954223633,39.439998626708984,38.20000076293945,0.04452223110749212,0.03144010920248354,14:30:00
2025-08-12,SMR,Industrials,38.689998626708984,38.779998779296875,38.16999816894531,0.01344017772605188,0.015729773840973352,14:30:00
2025-08-13,SMR,Industrials,39.244998931884766,37.22999954223633,37.290000915527344,0.04981521390153677,-0.0016116404520216514,14:30:00
2025-08-21,SMR,Industrials,34.630001068115234,34.345001220703125,33.45500183105469,0.03393009531675701,0.02591350583828039,14:30:00
2025-08-25,SMR,Industrials,36.040000915527344,35.81999969482422,35.88999938964844,0.0041620844081133234,-0.00195420701900043,14:30:00
2025-08-26,SMR,Industrials,36.150001525878906,37.560001373291016,36.01850128173828,0.003637627623514405,0.04104100200190349,14:30:00
2025-09-03,SMR,Industrials,39.27000045776367,42.125,40.39500045776367,-0.02864782243152706,0.04106823839136684,14:30:00
2025-09-04,SMR,Industrials,40.869998931884766,37.849998474121094,36.029998779296875,0.11842427891065982,0.048084538129336885,14:30:00
2025-09-05,SMR,Industrials,37.650001525878906,35.08000183105469,34.529998779296875,0.08286859548830251,0.015678535434708003,14:30:00
2025-09-08,SMR,Industrials,34.91999816894531,35.0,33.93989944458008,0.02806697525078468,0.030288587297712055,14:30:00
2025-09-10,SMR,Industrials,36.459999084472656,35.60499954223633,34.369998931884766,0.057323099425912113,0.03468615717538619,14:30:00
2025-09-15,SMR,Industrials,37.790000915527344,36.36029815673828,39.09000015258789,-0.03440061406630971,-0.07507369670299972,14:30:00
2025-09-18,SMR,Industrials,37.279998779296875,37.7400016784668,38.11000061035156,-0.022263998343144308,-0.009803892830663938,14:30:00
2025-09-26,SMR,Industrials,38.0,37.56999969482422,37.974998474121094,0.0006579348915501645,-0.010779845158014976,14:30:00
2025-10-07,SMR,Industrials,42.310001373291016,43.0,39.209999084472656,0.07326878251474825,0.0881395561750545,14:30:00
2025-10-08,SMR,Industrials,39.86000061035156,39.720001220703125,38.189998626708984,0.04189668735752307,0.03851970158542348,14:30:00
2025-10-10,SMR,Industrials,41.02000045776367,42.68000030517578,39.27000045776367,0.04266211556486673,0.07989690307004474,14:30:00
2025-10-15,SMR,Industrials,48.2400016784668,53.70000076293945,53.45000076293945,-0.10800163563838094,0.004655493416166488,14:30:00
2025-10-16,SMR,Industrials,56.33000183105469,54.90999984741211,47.630001068115234,0.15444701722241289,0.13258056455157646,14:30:00
2025-10-17,SMR,Industrials,48.00004959106445,46.410099029541016,44.2400016784668,0.0783342505816414,0.04675916226106101,14:30:00
2025-10-20,SMR,Industrials,46.39500045776367,43.71500015258789,44.20000076293945,0.04731112562058205,-0.011094603881017049,14:30:00
2025-10-22,SMR,Industrials,38.720001220703125,35.61000061035156,34.71500015258789,0.10343494168005883,0.025133401921467586,14:30:00
2025-10-27,SMR,Industrials,38.869998931884766,38.16999816894531,38.685001373291016,0.004759391913489298,-0.013492356013910004,14:30:00
2025-10-31,SMR,Industrials,43.75,43.314998626708984,44.849998474121094,-0.025142822265625,-0.03543806755347776,14:30:00
2025-11-05,SMR,Industrials,38.220001220703125,38.16999816894531,37.915000915527344,0.00798012285281058,0.006680567609390972,15:30:00
2025-11-10,SMR,Industrials,32.060001373291016,28.709999084472656,28.410999298095703,0.11381790140019374,0.010414482616220714,15:30:00
2025-11-20,SMR,Industrials,22.6200008392334,22.0049991607666,18.690000534057617,0.17374006009581433,0.1506475234327388,15:30:00
2025-12-08,SMR,Industrials,22.350000381469727,21.1299991607666,21.575000762939453,0.034675597552688266,-0.021060180778384223,15:30:00
2025-12-15,SMR,Industrials,18.68000030517578,17.940000534057617,17.405000686645508,0.06825479645077959,0.029821618254495374,15:30:00
2025-12-18,SMR,Industrials,16.479999542236328,16.260000228881836,15.789999961853027,0.04186890773964598,0.028905305068444607,15:30:00
2025-12-19,SMR,Industrials,15.989999771118164,16.280000686645508,16.065000534057617,-0.0046904793003764,0.013206397022099352,15:30:00
2025-12-22,SMR,Industrials,16.540000915527344,17.014999389648438,16.420000076293945,0.007255189394865427,0.034969105771257156,15:30:00
2025-12-30,SMR,Industrials,14.630000114440918,14.3149995803833,14.319999694824219,0.02118936549499445,-0.00034929197258028036,15:30:00
2026-01-05,SMR,Industrials,17.94499969482422,18.7450008392334,18.799999237060547,-0.047645559029066524,-0.00293403016083288,15:30:00
2024-01-18,SNOW,Technology,190.77000427246094,187.99000549316406,186.57000732421875,0.022016023767781025,0.007553583315347838,15:30:00
2024-01-24,SNOW,Technology,209.17999267578125,209.1300048828125,203.85000610351562,0.025480384161437674,0.025247447310373088,15:30:00
2024-01-25,SNOW,Technology,205.36000061035156,206.2899932861328,206.0,-0.0031164753980633614,0.0014057554683739783,15:30:00
2024-02-22,SNOW,Technology,222.0,223.9600067138672,225.5,-0.015765765765765764,-0.006876197713729837,15:30:00
2024-03-01,SNOW,Technology,191.25999450683594,188.88999938964844,186.66000366210938,0.024050982834061263,0.011805790326352613,15:30:00
2024-03-06,SNOW,Technology,170.0,164.50999450683594,167.02000427246094,0.01752938663258272,-0.015257491030556814,15:30:00
2024-03-08,SNOW,Technology,168.5,167.52000427246094,162.41000366210938,0.03614241150083457,0.030503823304830282,15:30:00
2024-03-21,SNOW,Technology,166.0,167.22000122070312,158.3699951171875,0.04596388483621988,0.05292432746627636,14:30:00
2024-03-26,SNOW,Technology,159.3800048828125,158.0500030517578,158.0399932861328,0.008407651873677374,6.333290371226394e-05,14:30:00
2024-03-27,SNOW,Technology,159.60000610351562,158.47999572753906,160.00999450683594,-0.0025688495466246815,-0.009654207600606386,14:30:00
2024-04-05,SNOW,Technology,152.47999572753906,154.1999969482422,153.8800048828125,-0.009181592303918101,0.00207517556266291,14:30:00
2024-04-11,SNOW,Technology,154.66000366210938,155.1300048828125,159.3800048828125,-0.030518564004531266,-0.027396376369681112,14:30:00
2024-04-24,SNOW,Technology,153.0,153.375,155.0,-0.013071895424836602,-0.010594947025264874,14:30:00
2024-05-01,SNOW,Technology,158.13999938964844,155.47999572753906,156.08999633789062,0.012963216514923055,-0.003923338224298121,14:30:00
2024-05-23,SNOW,Technology,168.25,158.84359741210938,154.57000732421875,0.08130753447715454,0.026904389962933626,14:30:00
2024-06-11,SNOW,Technology,128.75,128.1649932861328,128.47999572753906,0.002097120562803398,-0.002457788459466432,14:30:00
2024-07-11,SNOW,Technology,139.0,140.17999267578125,138.1699981689453,0.00597123619463804,0.014338668938903449,14:30:00
2024-07-25,SNOW,Technology,126.2699966430664,127.80999755859375,129.57000732421875,-0.02613455903131641,-0.01377051716801836,14:30:00
2024-07-26,SNOW,Technology,130.52999877929688,129.74000549316406,128.94000244140625,0.012181079849537327,0.00616620177189652,14:30:00
2024-07-29,SNOW,Technology,130.0,128.7949981689453,129.61000061035156,0.0029999953049879807,-0.006327904444993898,14:30:00
2024-08-07,SNOW,Technology,117.51000213623047,120.62000274658203,115.11000061035156,0.020423806333494585,0.045680666645372,14:30:00
2024-08-12,SNOW,Technology,125.29000091552734,123.37999725341797,123.06999969482422,0.01771890178370968,0.002512543082303904,14:30:00
2024-08-23,SNOW,Technology,117.12999725341797,115.61000061035156,115.8239974975586,0.011150002445861618,-0.0018510240124319337,14:30:00
2024-08-30,SNOW,Technology,115.37999725341797,113.86000061035156,114.22000122070312,0.010053701337564216,-0.003161782965235933,14:30:00
2024-09-09,SNOW,Technology,109.31999969482422,110.66000366210938,109.95999908447266,-0.0058543669176275934,0.006325723427356115,14:30:00
2024-09-23,SNOW,Technology,111.41000366210938,111.26000213623047,113.19999694824219,-0.016066719570009227,-0.017436587945022005,14:30:00
2024-09-26,SNOW,Technology,114.87999725341797,111.56999969482422,112.45999908447266,0.021065444174819665,-0.007977049315074302,14:30:00
2024-11-22,SNOW,Technology,175.0,171.42999267578125,167.44000244140625,0.043199986049107145,0.02327475007200817,15:30:00
2024-11-25,SNOW,Technology,174.9600067138672,175.55999755859375,171.6699981689453,0.018804346242981204,0.022157663726044066,15:30:00
2024-11-26,SNOW,Technology,173.47500610351562,174.63999938964844,171.27000427246094,0.012710775347884546,0.01929681132023213,15:30:00
2024-11-29,SNOW,Technology,174.88999938964844,177.04310607910156,175.10499572753906,-0.0012293232239747518,0.01094710996934592,15:30:00
2024-12-19,SNOW,Technology,164.5,162.06500244140625,164.22999572753906,0.001641363358425152,-0.01335879587522639,15:30:00
2024-12-31,SNOW,Technology,155.9499969482422,154.44500732421875,154.4199981689453,0.00981082917112632,0.00016192919218772168,15:30:00
2025-01-02,SNOW,Technology,157.0,158.6199951171875,157.49000549316406,-0.0031210540965863854,0.007123878822393154,15:30:00
2025-01-03,SNOW,Technology,158.8000030517578,159.27999877929688,162.1699981689453,-0.021221631312495094,-0.018144144976124134,15:30:00
2025-01-06,SNOW,Technology,165.32000732421875,164.02999877929688,163.08999633789062,0.013489056904980168,0.005730673952336168,15:30:00
2025-01-14,SNOW,Technology,165.00999450683594,168.92999267578125,163.36000061035156,0.009999357320238078,0.032972191481236195,15:30:00
2025-01-22,SNOW,Technology,175.64999389648438,175.75,177.47999572753906,-0.010418456559316253,-0.009843503428387268,15:30:00
2025-01-28,SNOW,Technology,181.11000061035156,186.40499877929688,188.02000427246094,-0.03815362839612527,-0.008663960214265635,15:30:00
2025-01-31,SNOW,Technology,183.3000030517578,183.56500244140625,181.44000244140625,0.010147302669855168,0.011576280727467633,15:30:00
2025-02-26,SNOW,Technology,166.0,168.19000244140625,166.14999389648438,-0.0009035776896649096,0.012129190292583351,15:30:00
2025-02-27,SNOW,Technology,187.00999450683594,179.00999450683594,173.77000427246094,0.07079830288905242,0.029272054048216273,15:30:00
2025-03-03,SNOW,Technology,178.6999969482422,179.56350708007812,173.6699981689453,0.02814772728146011,0.03282130655035905,15:30:00
2025-03-12,SNOW,Technology,155.3699951171875,154.36000061035156,152.41000366210938,0.01905124250564311,0.012632786606191672,14:30:00
2025-04-01,SNOW,Technology,148.36000061035156,145.8800048828125,149.58999633789062,-0.008290615546500893,-0.025431802377977805,14:30:00
2025-04-08,SNOW,Technology,138.0500030517578,139.58999633789062,133.57000732421875,0.03245197847521538,0.04312622087258982,14:30:00
2025-04-23,SNOW,Technology,146.30999755859375,149.64999389648438,147.4600067138672,-0.007860085943975808,0.014634061289250981,14:30:00
2025-05-01,SNOW,Technology,168.39500427246094,167.2899932861328,165.4600067138672,0.017429243648136746,0.01093900798439041,14:30:00
2025-05-08,SNOW,Technology,173.0,173.1699981689453,174.05999755859375,-0.006127153517882948,-0.005139454865502457,14:30:00
2025-05-27,SNOW,Technology,202.60000610351562,205.18499755859375,206.38999938964844,-0.01870677774904098,-0.005872757976423596,14:30:00
2025-05-29,SNOW,Technology,206.2899932861328,202.1300048828125,202.22999572753906,0.019681020363224135,-0.0004946858077034802,14:30:00
2025-06-05,SNOW,Technology,211.22999572753906,213.17990112304688,210.0399932861328,0.005633681131827546,0.014728911217111954,14:30:00
2025-06-06,SNOW,Technology,211.37890625,211.88999938964844,210.8300018310547,0.00259677954003659,0.005002584178805442,14:30:00
2025-07-24,SNOW,Technology,214.50999450683594,213.0998992919922,215.00999450683594,-0.0023308937243204588,-0.00896337924696301,14:30:00
2025-07-29,SNOW,Technology,220.36000061035156,219.96359252929688,218.75999450683594,0.007260873566363857,0.005471805623017504,14:30:00
2025-07-31,SNOW,Technology,225.0,228.02999877929688,223.6199951171875,0.0061333550347222225,0.01933957674743348,14:30:00
2025-08-04,SNOW,Technology,207.6999969482422,209.1999969482422,208.55999755859375,-0.004140590385111418,0.003059270549639533,14:30:00
2025-09-05,SNOW,Technology,223.9199981689453,223.30999755859375,225.57000732421875,-0.0073687440548678585,-0.010120504188496988,14:30:00
2025-10-06,SNOW,Technology,240.36000061035156,243.33999633789062,242.60000610351562,-0.009319377132118348,0.003040972489156628,14:30:00
2025-10-27,SNOW,Technology,263.1499938964844,265.17999267578125,266.0199890136719,-0.010906308887533068,-0.0031676459804327517,14:30:00
2025-11-03,SNOW,Technology,277.7300109863281,274.68499755859375,277.239990234375,0.001764378110283686,-0.009301537027832174,15:30:00
2025-11-17,SNOW,Technology,258.8800048828125,254.72999572753906,252.6300048828125,0.024142459371588758,0.008243987280448617,15:30:00
2025-11-20,SNOW,Technology,258.6000061035156,260.5899963378906,244.6999969482422,0.05375100087858996,0.06097701221440932,15:30:00
2025-11-24,SNOW,Technology,237.6999969482422,240.8800048828125,242.02999877929688,-0.018216246893757934,-0.004774135972987231,15:30:00
2024-01-18,SOFI,Financial Services,7.619999885559082,7.446599960327148,7.409999847412109,0.02755906053817019,0.00491500995219718,15:30:00
2024-01-22,SOFI,Financial Services,7.869999885559082,8.1850004196167,7.929999828338623,-0.007623881023128966,0.031154621649978825,15:30:00
2024-01-23,SOFI,Financial Services,8.100000381469727,7.929999828338623,7.755300045013428,0.042555595089213284,0.022030237970609875,15:30:00
2024-01-24,SOFI,Financial Services,7.889999866485596,7.679999828338623,7.570000171661377,0.040557629941602856,0.014322872283324227,15:30:00
2024-01-25,SOFI,Financial Services,7.659999847412109,7.670000076293945,7.65500020980835,0.0006526942171479112,0.0019556540203899794,15:30:00
2024-01-26,SOFI,Financial Services,7.690000057220459,7.639999866485596,7.610000133514404,0.010403110937683212,0.003926666687887169,15:30:00
2024-01-29,SOFI,Financial Services,8.819999694824219,9.268400192260742,9.154999732971191,-0.03798186504967324,0.012235170788615917,15:30:00
2024-02-01,SOFI,Financial Services,7.929999828338623,7.815000057220459,7.744999885559082,0.023329123175819727,0.008957155617254561,15:30:00
2024-02-09,SOFI,Financial Services,8.1850004196167,8.225000381469727,8.125,0.007330533480841167,0.012158100526660096,15:30:00
2024-02-15,SOFI,Financial Services,8.5,8.460000038146973,8.524999618530273,-0.002941131591796875,-0.007683165495296841,15:30:00
2024-02-22,SOFI,Financial Services,8.239999771118164,8.260000228881836,8.149999618530273,0.010922348918424502,0.013317264806717008,15:30:00
2024-03-04,SOFI,Financial Services,9.109999656677246,8.850000381469727,8.576899528503418,0.05851812823978409,0.030858852112383133,15:30:00
2024-03-07,SOFI,Financial Services,7.5,7.315999984741211,7.46999979019165,0.004000027974446614,-0.02104972741547742,15:30:00
2024-03-11,SOFI,Financial Services,7.778200149536133,7.710000038146973,7.679999828338623,0.012625069978864728,0.0038910777769023052,14:30:00
2024-03-21,SOFI,Financial Services,7.510000228881836,7.480100154876709,7.440000057220459,0.00932092803302075,0.005360903841655974,14:30:00
2024-04-04,SOFI,Financial Services,7.650000095367432,7.664000034332275,7.315000057220459,0.04379085411382371,0.04553757509765238,14:30:00
2024-04-09,SOFI,Financial Services,7.820000171661377,7.768599987030029,7.894999980926514,-0.009590768237694659,-0.01627062715386478,14:30:00
2024-05-03,SOFI,Financial Services,7.119999885559082,7.03000020980835,6.960000038146973,0.022471889042670362,0.009957349868028707,14:30:00
2024-05-13,SOFI,Financial Services,7.039999961853027,7.250800132751465,7.099999904632568,-0.008522719191002408,0.02079773616124656,14:30:00
2024-05-15,SOFI,Financial Services,7.630000114440918,7.210000038146973,7.275000095367432,0.046526869429739014,-0.009015264476637162,14:30:00
2024-05-24,SOFI,Financial Services,6.869999885559082,7.0,6.914999961853027,-0.006550229555103289,0.012142862592424666,14:30:00
2024-05-28,SOFI,Financial Services,6.989999771118164,6.945000171661377,6.880000114440918,0.01573671820874035,0.009359259267650922,14:30:00
2024-06-12,SOFI,Financial Services,7.159999847412109,7.199999809265137,7.065000057220459,0.01326812740449804,0.01874996605846527,14:30:00
2024-06-28,SOFI,Financial Services,6.599999904632568,6.585000038146973,6.619999885559082,-0.0030303001841675177,-0.0053150868958777376,14:30:00
2024-07-22,SOFI,Financial Services,7.579999923706055,7.419400215148926,7.539999961853027,0.005277039875413395,-0.016254649056113873,14:30:00
2024-07-26,SOFI,Financial Services,7.474999904632568,7.333399772644043,7.414999961853027,0.008026748300338647,-0.011127197717132444,14:30:00
2024-07-29,SOFI,Financial Services,7.46999979019165,7.340799808502197,7.320000171661377,0.02008027078223319,0.0028334292425097793,14:30:00
2024-07-30,SOFI,Financial Services,7.590000152587891,7.324999809265137,7.420000076293945,0.02239790156472948,-0.01296932006860206,14:30:00
2024-08-06,SOFI,Financial Services,6.550000190734863,6.514999866485596,6.429999828338623,0.018320665481198567,0.013046821164836717,14:30:00
2024-08-07,SOFI,Financial Services,6.605000019073486,6.639999866485596,6.320000171661377,0.043149106220909235,0.04819272609316896,14:30:00
2024-08-14,SOFI,Financial Services,6.75,6.6433000564575195,6.599999904632568,0.022222236350730614,0.006517867845343206,14:30:00
2024-08-26,SOFI,Financial Services,7.610000133514404,7.769999980926514,7.664999961853027,-0.007227309773150208,0.0135135160014461,14:30:00
2024-08-30,SOFI,Financial Services,8.100000381469727,8.045000076293945,7.994999885559082,0.012963023576005367,0.006215064047320264,14:30:00
2024-09-10,SOFI,Financial Services,7.159999847412109,6.815000057220459,7.054999828338623,0.014664807445692509,-0.035216400455328756,14:30:00
2024-09-19,SOFI,Financial Services,8.4399995803833,8.289999961853027,8.1899995803833,0.029620854553247065,0.01206277224727199,14:30:00
2024-09-26,SOFI,Financial Services,7.820000171661377,7.724999904632568,7.769999980926514,0.006393886142874678,-0.0058252526665999605,14:30:00
2024-10-24,SOFI,Financial Services,10.850000381469727,11.21500015258789,10.925000190734863,-0.006912424574032812,0.025858221837483354,14:30:00
2024-11-06,SOFI,Financial Services,12.069999694824219,11.875,11.8100004196167,0.02154095126605602,0.005473648874383224,15:30:00
2024-11-13,SOFI,Financial Services,13.949999809265137,14.024999618530273,13.510000228881836,0.0315411889891975,0.03672010008242738,15:30:00
2024-11-25,SOFI,Financial Services,16.08799934387207,15.760700225830078,15.6850004196167,0.025049660659569435,0.004803073792959727,15:30:00
2024-11-27,SOFI,Financial Services,15.680000305175781,15.829299926757812,16.125999450683594,-0.02844382250175043,-0.018743692096214633,15:30:00
2024-12-17,SOFI,Financial Services,17.15999984741211,16.319799423217773,16.655000686645508,0.029428855784212622,-0.020539545538216103,15:30:00
2024-12-18,SOFI,Financial Services,16.8799991607666,16.775999069213867,15.229999542236328,0.09774879742679674,0.09215543709791023,15:30:00
2024-12-19,SOFI,Financial Services,15.720000267028809,15.135000228881836,15.010000228881836,0.04516539606148287,0.00825900218762236,15:30:00
2024-12-31,SOFI,Financial Services,15.789999961853027,15.834799766540527,15.390000343322754,0.02533246481929261,0.02808999354432317,15:30:00
2025-01-06,SOFI,Financial Services,14.937999725341797,15.244999885559082,15.279999732971191,-0.022894632073744346,-0.002295824708090893,15:30:00
2025-02-10,SOFI,Financial Services,15.020000457763672,15.375,15.125,-0.006990648404544823,0.016260162601626018,15:30:00
2025-02-14,SOFI,Financial Services,15.40999984741211,15.864999771118164,16.219999313354492,-0.052563236467417014,-0.022376271500652394,15:30:00
2025-02-18,SOFI,Financial Services,16.5049991607666,17.020000457763672,16.84000015258789,-0.02029694085762858,0.01057581083046764,15:30:00
2025-02-24,SOFI,Financial Services,14.800000190734863,14.045000076293945,14.369999885559082,0.02905407429960516,-0.02313989373440391,15:30:00
2025-02-26,SOFI,Financial Services,14.1899995803833,14.420000076293945,14.470000267028809,-0.019732254751620257,-0.003467419588787806,15:30:00
2025-02-27,SOFI,Financial Services,14.729999542236328,14.625,14.0600004196167,0.04548534578690888,0.038632449940738514,15:30:00
2025-03-03,SOFI,Financial Services,14.609999656677246,14.555000305175781,13.5649995803833,0.07152635871667158,0.06801791164789152,15:30:00
2025-03-12,SOFI,Financial Services,11.859999656677246,11.664999961853027,11.899999618530273,-0.003372678162811509,-0.020145705739026472,14:30:00
2025-04-08,SOFI,Financial Services,10.489999771118164,10.229999542236328,9.490300178527832,0.09530024922810562,0.0723068814084027,14:30:00
2025-04-14,SOFI,Financial Services,11.130000114440918,10.944999694824219,10.8100004196167,0.028751095375913478,0.012334333391654578,14:30:00
2025-04-23,SOFI,Financial Services,12.020000457763672,12.109999656677246,11.739999771118164,0.02329456538952596,0.030553253183212968,14:30:00
2025-04-28,SOFI,Financial Services,13.204999923706055,13.169400215148926,13.204999923706055,0.0,-0.0027032141157178986,14:30:00
2025-04-29,SOFI,Financial Services,14.130000114440918,13.739999771118164,13.274999618530273,0.06050958874634619,0.03384280642895883,14:30:00
2025-05-01,SOFI,Financial Services,12.84000015258789,12.675000190734863,12.489999771118164,0.027258596363737914,0.014595693635723203,14:30:00
2025-05-08,SOFI,Financial Services,13.319000244140625,13.269399642944336,13.260000228881836,0.004429763058585775,0.0007083526244910333,14:30:00
2025-05-12,SOFI,Financial Services,14.029999732971191,13.740699768066406,14.050000190734863,-0.0014255494044429532,-0.02250980138488113,14:30:00
2025-05-29,SOFI,Financial Services,13.5,13.284899711608887,13.170000076293945,0.024444438793041087,0.00864888992835508,14:30:00
2025-06-20,SOFI,Financial Services,15.5649995803833,15.220000267028809,15.1899995803833,0.024092515908102925,0.001971135750273179,14:30:00
2025-07-08,SOFI,Financial Services,20.000200271606445,20.5,19.959999084472656,0.0020100392290001825,0.026341508074504572,14:30:00
2025-07-14,SOFI,Financial Services,21.3700008392334,20.77989959716797,21.329999923706055,0.0018718256413872323,-0.02647271340103383,14:30:00
2025-07-18,SOFI,Financial Services,22.30500030517578,21.795000076293945,21.815000534057617,0.02196815801004323,-0.0009176626608699138,14:30:00
2025-07-21,SOFI,Financial Services,21.93000030517578,21.725000381469727,21.155000686645508,0.035339699395597494,0.026237039577242,14:30:00
2025-07-24,SOFI,Financial Services,21.709999084472656,21.510000228881836,21.520000457763672,0.008751664427516005,-0.00046491068226063814,14:30:00
2025-07-29,SOFI,Financial Services,23.420000076293945,24.295000076293945,22.415000915527344,0.04291200501676667,0.07738214261629194,14:30:00
2025-07-31,SOFI,Financial Services,22.6825008392334,23.61009979248047,22.575000762939453,0.004739339681099225,0.04384136613732917,14:30:00
2025-08-05,SOFI,Financial Services,21.989999771118164,21.834999084472656,21.549999237060547,0.020009119537850895,0.013052432304189057,14:30:00
2025-08-07,SOFI,Financial Services,21.790000915527344,22.184999465942383,22.079999923706055,-0.013308811197527783,0.004732907133827957,14:30:00
2025-08-08,SOFI,Financial Services,22.260000228881836,22.235000610351562,22.094999313354492,0.007412439974428162,0.006296437740230704,14:30:00
2025-08-13,SOFI,Financial Services,24.011999130249023,23.770000457763672,23.81999969482422,0.007995978776416585,-0.002103459659135863,14:30:00
2025-08-19,SOFI,Financial Services,24.610000610351562,23.490100860595703,22.739999771118164,0.07598540401688697,0.03193264660416263,14:30:00
2025-09-03,SOFI,Financial Services,25.040000915527344,24.729999542236328,24.489999771118164,0.021964901130180195,0.00970480289367854,14:30:00
2025-09-05,SOFI,Financial Services,25.790000915527344,24.3700008392334,25.6200008392334,0.006591704934434246,-0.05129257106908335,14:30:00
2025-09-26,SOFI,Financial Services,28.354999542236328,27.65999984741211,27.979999542236328,0.013225180957644415,-0.011569041814516068,14:30:00
2025-09-29,SOFI,Financial Services,28.3799991607666,27.235000610351562,27.53499984741211,0.029774465762586973,-0.011015209485492805,14:30:00
2025-10-01,SOFI,Financial Services,26.71500015258789,26.829999923706055,25.7549991607666,0.03593490497241466,0.04006711762938247,14:30:00
2025-10-06,SOFI,Financial Services,25.739999771118164,26.510000228881836,26.364999771118164,-0.02428127449718503,0.005469651320700417,14:30:00
2025-10-07,SOFI,Financial Services,27.079999923706055,28.3700008392334,28.139999389648438,-0.03914325956162395,0.008107206301766747,14:30:00
2025-10-08,SOFI,Financial Services,28.489999771118164,28.079999923706055,28.020000457763672,0.01649699252826796,0.002136733123411774,14:30:00
2025-10-15,SOFI,Financial Services,28.15999984741211,28.670000076293945,28.014999389648438,0.00514916401098622,0.022846204565834697,14:30:00
2025-10-20,SOFI,Financial Services,27.219999313354492,27.959999084472656,28.690000534057617,-0.05400445473126529,-0.0261087794523699,14:30:00
2025-10-27,SOFI,Financial Services,29.950000762939453,29.875,30.065000534057617,-0.003839725148203214,-0.00635985051238886,14:30:00
2025-10-31,SOFI,Financial Services,29.690000534057617,28.934999465942383,29.690000534057617,0.0,-0.02609300439089,14:30:00
2025-11-05,SOFI,Financial Services,29.530000686645508,29.67099952697754,30.049999237060547,-0.01760916147388376,-0.01277340555172106,15:30:00
2025-11-10,SOFI,Financial Services,29.059999465942383,30.014999389648438,30.540000915527344,-0.05092916300014,-0.017491305565708878,15:30:00
2025-11-12,SOFI,Financial Services,31.309999465942383,32.33000183105469,32.209999084472656,-0.02874479827153152,0.0037118076023974185,15:30:00
2025-11-20,SOFI,Financial Services,27.898000717163086,28.469999313354492,24.90999984741211,0.1071044803548497,0.12504389012304912,15:30:00
2025-12-15,SOFI,Financial Services,27.35890007019043,26.399999618530273,25.799999237060547,0.056979660334679244,0.022727287505284043,15:30:00
2025-12-19,SOFI,Financial Services,26.6200008392334,26.7450008392334,27.229999542236328,-0.0229150519824137,-0.01813418163335647,15:30:00
2025-12-30,SOFI,Financial Services,26.940000534057617,26.829999923706055,26.545000076293945,0.014662229024988744,0.010622431912878741,15:30:00
2026-01-02,SOFI,Financial Services,26.665000915527344,26.014999389648438,27.479999542236328,-0.030564357724600755,-0.05631367237974355,15:30:00
2024-01-18,SOUN,Technology,1.809999942779541,1.8250000476837158,1.809999942779541,0.0,0.008219235349178696,15:30:00
2024-01-24,SOUN,Technology,1.9500000476837158,1.8949999809265137,1.899999976158142,0.02564106169380135,-0.0026385199377066976,15:30:00
2024-01-25,SOUN,Technology,1.9299999475479126,1.8550000190734863,1.8700000047683716,0.03108805409853593,-0.008086245574475666,15:30:00
2024-02-01,SOUN,Technology,1.7000000476837158,1.7000000476837158,1.7100000381469727,-0.005882347166332156,-0.005882347166332156,15:30:00
2024-02-07,SOUN,Technology,1.75,1.690000057220459,1.7100000381469727,0.02285712105887277,-0.011834307839851566,15:30:00
2024-02-20,SOUN,Technology,4.02869987487793,3.7499001026153564,4.0,0.007123855280681413,-0.06669508267972582,15:30:00
2024-02-22,SOUN,Technology,4.049200057983398,3.990000009536743,3.9700000286102295,0.019559426118504135,0.0050125265360176675,15:30:00
2024-02-27,SOUN,Technology,6.839600086212158,7.021500110626221,6.869900226593018,-0.004430104099498587,0.021590811314490248,15:30:00
2024-02-29,SOUN,Technology,6.75,6.815000057220459,7.410099983215332,-0.09779259010597512,-0.08732207204670052,15:30:00
2024-03-06,SOUN,Technology,5.21999979019165,5.131800174713135,5.03980016708374,0.0345210019828936,0.017927433745905216,15:30:00
2024-03-07,SOUN,Technology,5.170000076293945,5.628900051116943,5.625,-0.08800772088812349,0.0006928620301526711,15:30:00
2024-03-12,SOUN,Technology,6.179999828338623,6.304999828338623,6.921899795532227,-0.12004854171542095,-0.09784297922116797,14:30:00
2024-03-14,SOUN,Technology,9.550000190734863,8.335000038146973,8.364999771118164,0.12408381109419796,-0.0035992480904488288,14:30:00
2024-03-18,SOUN,Technology,9.029999732971191,8.300000190734863,8.234999656677246,0.0880398781620298,0.007831389465529902,14:30:00
2024-03-21,SOUN,Technology,8.0,7.775000095367432,6.684999942779541,0.16437500715255737,0.14019294395087456,14:30:00
2024-03-26,SOUN,Technology,6.138999938964844,6.045000076293945,5.809999942779541,0.053591790105275455,0.03887512498733956,14:30:00
2024-04-04,SOUN,Technology,5.139999866485596,5.159900188446045,5.275000095367432,-0.026264636651467558,-0.022306614995987004,14:30:00
2024-04-05,SOUN,Technology,5.28000020980835,5.340000152587891,5.169899940490723,0.02085232290580218,0.03185397139262878,14:30:00
2024-04-24,SOUN,Technology,4.440000057220459,4.479899883270264,4.010000228881836,0.09684680693626223,0.10489065975407638,14:30:00
2024-04-29,SOUN,Technology,4.440000057220459,4.642499923706055,4.610000133514404,-0.03828830497816913,0.0070004934250394515,14:30:00
2024-05-07,SOUN,Technology,5.25,5.034999847412109,4.940000057220459,0.059047608148484004,0.018867883430121336,14:30:00
2024-05-10,SOUN,Technology,5.550000190734863,5.438399791717529,5.090000152587891,0.08288288690780478,0.06406289579155945,14:30:00
2024-05-13,SOUN,Technology,5.199999809265137,5.545000076293945,5.519999980926514,-0.06153849680748341,0.004508583412705865,14:30:00
2024-05-23,SOUN,Technology,5.199999809265137,4.925000190734863,4.994999885559082,0.03942306369719372,-0.014213135454472751,14:30:00
2024-06-05,SOUN,Technology,4.980000019073486,4.965000152587891,4.989999771118164,-0.0020079823305980946,-0.0050351697405775445,14:30:00
2024-06-13,SOUN,Technology,4.699999809265137,4.630000114440918,4.610000133514404,0.019148867958104072,0.004319650201332384,14:30:00
2024-06-28,SOUN,Technology,4.050000190734863,4.021599769592285,3.940000057220459,0.027160525514554366,0.020290361310643018,14:30:00
2024-07-11,SOUN,Technology,5.51800012588501,5.819200038909912,5.364999771118164,0.027727501137435474,0.07805201140272737,14:30:00
2024-07-15,SOUN,Technology,6.292200088500977,5.699900150299072,5.614999771118164,0.10762536280758125,0.014895064289232067,14:30:00
2024-07-18,SOUN,Technology,5.679999828338623,5.449900150299072,4.999899864196777,0.11973591279856996,0.08257037261088176,14:30:00
2024-07-26,SOUN,Technology,5.0,4.880000114440918,5.110000133514404,-0.02200002670288086,-0.047131150344211926,14:30:00
2024-07-29,SOUN,Technology,5.179999828338623,4.96120023727417,4.78000020980835,0.07722000613628688,0.036523425542158115,14:30:00
2024-07-30,SOUN,Technology,4.869999885559082,5.089700222015381,4.940000057220459,-0.014373752218957361,0.029412373669356257,14:30:00
2024-08-07,SOUN,Technology,4.599999904632568,4.570000171661377,4.315000057220459,0.06195648985233493,0.05579871003554367,14:30:00
2024-08-13,SOUN,Technology,5.300000190734863,5.320000171661377,4.980000019073486,0.06037738870666113,0.06390980105583574,14:30:00
2024-08-14,SOUN,Technology,5.050000190734863,5.050000190734863,4.989999771118164,0.011881270762480528,0.011881270762480528,14:30:00
2024-08-15,SOUN,Technology,5.090000152587891,5.045000076293945,4.96999979019165,0.023575708997813857,0.014866260647787758,14:30:00
2024-08-30,SOUN,Technology,4.900000095367432,4.9191999435424805,4.894999980926514,0.0010204314986942934,0.004919491562390041,14:30:00
2024-09-09,SOUN,Technology,4.40500020980835,4.574999809265137,4.619999885559082,-0.04880809659713649,-0.009836082660115672,14:30:00
2024-09-10,SOUN,Technology,4.699999809265137,4.574999809265137,4.590000152587891,0.02340418322154038,-0.0032787637045089517,14:30:00
2024-09-19,SOUN,Technology,5.059999942779541,5.005000114440918,5.0,0.011857696335581787,0.0009990238414762764,14:30:00
2024-09-26,SOUN,Technology,4.989999771118164,4.941999912261963,4.90500020980835,0.017033981003724108,0.007486787355420742,14:30:00
2024-10-17,SOUN,Technology,5.340000152587891,5.363999843597412,5.230000019073486,0.020599275350412796,0.024981325210863103,14:30:00
2024-10-24,SOUN,Technology,5.059999942779541,5.085000038146973,5.260000228881836,-0.03952574868853288,-0.03441498317050853,14:30:00
2024-11-05,SOUN,Technology,5.170000076293945,5.260000228881836,5.360000133514404,-0.03675049408445238,-0.019011387886161028,15:30:00
2024-11-25,SOUN,Technology,8.824999809265137,8.199999809265137,8.015000343322754,0.09178464401687414,0.02256091100555306,15:30:00
2024-12-16,SOUN,Technology,17.655000686645508,17.34000015258789,19.69499969482422,-0.11554794272660635,-0.13581312119451502,15:30:00
2024-12-19,SOUN,Technology,22.399999618530273,18.8700008392334,18.854999542236328,0.15825893467254187,0.0007949812575461308,15:30:00
2024-12-23,SOUN,Technology,22.700000762939453,19.93000030517578,20.43000030517578,0.10000001680483321,-0.025087806941485647,15:30:00
2025-01-02,SOUN,Technology,20.459999084472656,19.85919952392578,20.200000762939453,0.012707640917272525,-0.017160874918603065,15:30:00
2025-01-06,SOUN,Technology,20.700000762939453,20.859899520874023,19.889999389648438,0.03913049968293786,0.04649591577634538,15:30:00
2025-01-07,SOUN,Technology,20.149999618530273,17.958799362182617,17.979999542236328,0.10769231351738474,-0.0011804898326529542,15:30:00
2025-01-14,SOUN,Technology,13.579999923706055,13.369999885559082,12.8100004196167,0.05670099472866701,0.04188477716796673,15:30:00
2025-01-15,SOUN,Technology,13.399999618530273,14.578800201416016,13.890000343322754,-0.036567219309087136,0.047246676583602515,15:30:00
2025-01-16,SOUN,Technology,14.149999618530273,14.609999656677246,13.979999542236328,0.012014139991305725,0.04312115874369562,15:30:00
2025-01-17,SOUN,Technology,14.28909969329834,14.055000305175781,13.630000114440918,0.04612603963891042,0.030238362255912307,15:30:00
2025-01-21,SOUN,Technology,13.850000381469727,14.359999656677246,16.53499984741211,-0.19386277198480897,-0.1514624124467518,15:30:00
2025-01-30,SOUN,Technology,14.385000228881836,14.0600004196167,13.979999542236328,0.0281543747098702,0.005689962659514065,15:30:00
2025-01-31,SOUN,Technology,14.34000015258789,15.170000076293945,14.15999984741211,0.012552322403099642,0.06657878864879878,15:30:00
2025-02-04,SOUN,Technology,14.890000343322754,15.464699745178223,15.710000038146973,-0.05507049536046102,-0.015861949925360355,15:30:00
2025-02-10,SOUN,Technology,15.720000267028809,15.229999542236328,15.319999694824219,0.02544532858841947,-0.0059093995596191115,15:30:00
2025-02-13,SOUN,Technology,14.369999885559082,14.244999885559082,15.25,-0.06123870017043361,-0.0705510791516215,15:30:00
2025-02-19,SOUN,Technology,11.489999771118164,11.350799560546875,11.0600004196167,0.03742379112855447,0.025619264914247614,15:30:00
2025-02-21,SOUN,Technology,11.029999732971191,10.941200256347656,10.274999618530273,0.06844969471613403,0.06088917323589606,15:30:00
2025-02-26,SOUN,Technology,9.399999618530273,9.479999542236328,9.5649995803833,-0.017553188143514597,-0.008966249182636688,15:30:00
2025-02-27,SOUN,Technology,10.0,9.769000053405762,9.199999809265137,0.08000001907348633,0.058245495038384686,15:30:00
2025-03-03,SOUN,Technology,11.260000228881836,11.430000305175781,10.319999694824219,0.08348139564389362,0.09711291169860488,15:30:00
2025-03-12,SOUN,Technology,9.024999618530273,9.225000381469727,9.135000228881836,-0.01218843379513363,0.009756113698236162,14:30:00
2025-03-17,SOUN,Technology,10.390000343322754,10.180000305175781,10.0649995803833,0.03128014939367335,0.011296730976914712,14:30:00
2025-03-19,SOUN,Technology,9.739999771118164,9.5649995803833,9.829999923706055,-0.009240262289817128,-0.02770521222669353,14:30:00
2025-04-01,SOUN,Technology,8.199999809265137,7.860000133514404,8.199999809265137,0.0,-0.043256955467596156,14:30:00
2025-04-08,SOUN,Technology,8.10099983215332,8.265299797058105,7.174699783325195,0.11434391655602663,0.1319492384439692,14:30:00
2025-04-14,SOUN,Technology,8.710000038146973,8.411100387573242,8.130000114440918,0.06659011724062495,0.03342015434123559,14:30:00
2025-04-17,SOUN,Technology,7.7947001457214355,7.574999809265137,7.820000171661377,-0.003245798487043631,-0.032343282978908504,14:30:00
2025-04-22,SOUN,Technology,7.699999809265137,7.894700050354004,8.130000114440918,-0.055844196860677466,-0.029804813683372688,14:30:00
2025-04-23,SOUN,Technology,8.6850004196167,8.920000076293945,8.755000114440918,-0.008059837817176304,0.018497753412753448,14:30:00
2025-05-01,SOUN,Technology,9.604999542236328,9.475000381469727,9.125,0.04997392661244938,0.0369393527576234,14:30:00
2025-05-08,SOUN,Technology,9.569999694824219,9.470000267028809,9.729999542236328,-0.016718897859384754,-0.027455044126318037,14:30:00
2025-05-29,SOUN,Technology,11.359999656677246,10.708000183105469,10.515000343322754,0.07438374462078558,0.018023892088386406,14:30:00
2025-06-06,SOUN,Technology,9.734999656677246,9.9350004196167,10.100000381469727,-0.03749365564097643,-0.016607947144847045,14:30:00
2025-06-16,SOUN,Technology,9.324999809265137,9.654999732971191,9.729900360107422,-0.04342097148784753,-0.007757703698369844,14:30:00
2025-06-24,SOUN,Technology,9.79010009765625,10.010000228881836,9.819999694824219,-0.003054064500844758,0.01898107189942004,14:30:00
2025-07-17,SOUN,Technology,11.998000144958496,12.645000457763672,12.649999618530273,-0.0543423458655103,-0.0003953468236952273,14:30:00
2025-07-21,SOUN,Technology,13.017999649047852,12.75,11.710000038146973,0.10047623645438854,0.08156862445906096,14:30:00
2025-07-28,SOUN,Technology,11.960000038146973,11.404999732971191,11.244999885559082,0.05978262126315757,0.01402892162720172,14:30:00
2025-07-31,SOUN,Technology,10.630000114440918,10.795000076293945,10.329999923706055,0.02822203080951159,0.043075511746316804,14:30:00
2025-08-04,SOUN,Technology,10.329999923706055,10.590100288391113,10.649999618530273,-0.030977705439267193,-0.0056561626904347555,14:30:00
2025-08-07,SOUN,Technology,10.9399995803833,10.885100364685059,10.75,0.017367421176504638,0.012411494626486844,14:30:00
2025-08-08,SOUN,Technology,13.045000076293945,13.734999656677246,13.520000457763672,-0.03641244758081083,0.01565338218330808,14:30:00
2025-08-21,SOUN,Technology,12.524999618530273,12.319999694824219,12.239999771118164,0.02275447952832371,0.006493500461665078,14:30:00
2025-08-27,SOUN,Technology,12.100000381469727,12.074999809265137,11.920000076293945,0.014876057810001285,0.012836417011970488,14:30:00
2025-09-03,SOUN,Technology,13.614999771118164,13.319999694824219,12.744999885559082,0.0639001028413261,0.04316815483776367,14:30:00
2025-09-05,SOUN,Technology,13.545000076293945,12.979999542236328,14.270000457763672,-0.05352531394507709,-0.0993837412189222,14:30:00
2025-09-08,SOUN,Technology,14.479999542236328,14.164999961853027,15.28499984741211,-0.05559394548512914,-0.07906811779564359,14:30:00
2025-10-06,SOUN,Technology,18.18000030517578,18.42530059814453,18.260000228881836,-0.0044004357735505095,0.008971379781958153,14:30:00
2025-10-07,SOUN,Technology,18.6200008392334,18.360000610351562,18.200000762939453,0.022556394058209778,0.008714588349299933,14:30:00
2025-10-10,SOUN,Technology,18.700000762939453,18.8700008392334,17.34000015258789,0.0727273023991997,0.08108111386325008,14:30:00
2025-10-27,SOUN,Technology,18.5,18.594999313354492,18.334999084472656,0.008918968406883446,0.013982266118994146,14:30:00
2025-10-31,SOUN,Technology,17.280000686645508,17.1299991607666,17.6299991607666,-0.020254540521609056,-0.029188559515237245,14:30:00
2025-11-05,SOUN,Technology,15.550000190734863,15.204999923706055,15.71500015258789,-0.010610929892550037,-0.0335416133798657,15:30:00
2025-11-10,SOUN,Technology,14.96500015258789,14.390000343322754,14.40999984741211,0.03708655526340274,-0.0013898195699929665,15:30:00
2025-11-12,SOUN,Technology,13.640000343322754,13.835000038146973,13.244999885559082,0.02895897711300558,0.04264547531341488,15:30:00
2025-11-19,SOUN,Technology,11.630000114440918,11.925000190734863,11.640000343322754,-0.0008598648996932252,0.023899357891292966,15:30:00
2025-11-20,SOUN,Technology,12.470000267028809,13.069999694824219,11.269800186157227,0.0962469972069656,0.137735237237984,15:30:00
2025-11-24,SOUN,Technology,11.390000343322754,11.5600004196167,11.949999809265137,-0.049165886660457875,-0.03373697019825618,15:30:00
2025-11-26,SOUN,Technology,12.09000015258789,11.958000183105469,11.845000267028809,0.02026467183349367,0.0094497335964511,15:30:00
2025-11-28,SOUN,Technology,11.949999809265137,12.085000038146973,12.005000114440918,-0.0046025360714347565,0.00661977024853376,15:30:00
2025-12-17,SOUN,Technology,11.229999542236328,11.5,10.979999542236328,0.022261799660787458,0.045217431109884514,15:30:00
2025-12-19,SOUN,Technology,10.989999771118164,10.957500457763672,11.010000228881836,-0.0018198779053875225,-0.004791217789178062,15:30:00
2025-12-22,SOUN,Technology,11.180000305175781,11.414999961853027,11.260000228881836,-0.007155628043142246,0.013578601269310025,15:30:00
2026-01-02,SOUN,Technology,10.289999961853027,10.21500015258789,10.609999656677246,-0.031098124004909432,-0.03866857544679384,15:30:00
2026-01-05,SOUN,Technology,10.75,11.072199821472168,10.989999771118164,-0.022325560104015263,0.007424003511442637,15:30:00
2026-01-06,SOUN,Technology,11.020000457763672,11.180100440979004,11.230199813842773,-0.01907435093897973,-0.004481120105159136,15:30:00
2024-01-18,SPOT,Communication Services,200.80999755859375,208.44000244140625,204.82000732421875,-0.01996917391752336,0.017367084411760658,15:30:00
2024-01-22,SPOT,Communication Services,206.0,205.77000427246094,205.69000244140625,0.0015048425174453883,0.00038879248381001505,15:30:00
2024-01-24,SPOT,Communication Services,213.0,212.97500610351562,211.13999938964844,0.008732397231697477,0.008616066023143062,15:30:00
2024-02-22,SPOT,Communication Services,245.0,245.85000610351562,248.1699981689453,-0.01293876803651148,-0.009436615854517614,15:30:00
2024-03-21,SPOT,Communication Services,264.2099914550781,263.2900085449219,259.6400146484375,0.01729675998047041,0.013863017121903517,14:30:00
2024-04-05,SPOT,Communication Services,298.67999267578125,307.7226867675781,310.29998779296875,-0.03890449779741714,-0.008375401412432265,14:30:00
2024-04-15,SPOT,Communication Services,302.7200012207031,302.2699890136719,290.6300048828125,0.039937884147523535,0.038508567022619275,14:30:00
2024-04-23,SPOT,Communication Services,301.1300048828125,311.4508972167969,303.5400085449219,-0.00800320002334955,0.02540011521099692,14:30:00
2024-04-26,SPOT,Communication Services,292.6499938964844,286.0,289.6600036621094,0.010216949587337473,-0.012797215601781032,14:30:00
2024-05-10,SPOT,Communication Services,300.2099914550781,295.0,294.7900085449219,0.01805397243404961,0.0007118354409427966,14:30:00
2024-05-15,SPOT,Communication Services,298.8500061035156,298.5249938964844,303.04998779296875,-0.014053811623474874,-0.015157839340090393,14:30:00
2024-05-23,SPOT,Communication Services,302.9200134277344,302.29998779296875,300.5400085449219,0.007856875667874226,0.005821962683148381,14:30:00
2024-06-20,SPOT,Communication Services,311.6400146484375,314.3399963378906,313.9800109863281,-0.007508651738867313,0.001145210141109578,14:30:00
2024-07-08,SPOT,Communication Services,321.94000244140625,317.25,313.5899963378906,0.02593652867054116,0.01153665456929669,14:30:00
2024-07-16,SPOT,Communication Services,303.7799987792969,296.875,298.4100036621094,0.01767725044033898,-0.005170538651315789,14:30:00
2024-07-18,SPOT,Communication Services,296.6600036621094,295.92999267578125,290.1600036621094,0.021910604462215905,0.019497817580097172,14:30:00
2024-07-22,SPOT,Communication Services,298.0,296.0299987792969,295.4700012207031,0.008489928789586829,0.0018916919261660785,14:30:00
2024-07-23,SPOT,Communication Services,339.5,333.3399963378906,330.75,0.02577319587628866,0.0077698337023597705,14:30:00
2024-07-24,SPOT,Communication Services,333.6199951171875,341.0849914550781,336.6300048828125,-0.009022270276599288,0.013061221349143882,14:30:00
2024-07-29,SPOT,Communication Services,323.739990234375,324.5,323.75,-3.0919150945032535e-05,0.0023112480739599386,14:30:00
2024-08-07,SPOT,Communication Services,329.0,331.54998779296875,323.3500061035156,0.017173233727916033,0.0247322635842577,14:30:00
2024-09-06,SPOT,Communication Services,331.260009765625,324.67498779296875,322.67999267578125,0.025901155699157085,0.00614459133655107,14:30:00
2024-09-10,SPOT,Communication Services,326.5199890136719,326.3999938964844,327.0799865722656,-0.0017150483199676392,-0.0020833109328945187,14:30:00
2024-09-19,SPOT,Communication Services,350.0,363.7049865722656,360.010009765625,-0.028600027901785716,0.010159269031375952,14:30:00
2024-09-26,SPOT,Communication Services,386.7200012207031,377.5150146484375,378.92999267578125,0.020143795304955216,-0.0037481370871075273,14:30:00
2024-10-24,SPOT,Communication Services,382.0,380.260009765625,376.6199951171875,0.01408378241573953,0.009572436109390098,14:30:00
2024-11-06,SPOT,Communication Services,386.1000061035156,383.9599914550781,390.8399963378906,-0.01227658678954846,-0.017918546296294087,15:30:00
2024-11-13,SPOT,Communication Services,460.260009765625,452.010498046875,467.3399963378906,-0.015382580328607991,-0.03391403154850157,15:30:00
2024-11-25,SPOT,Communication Services,483.3500061035156,472.6050109863281,480.5899963378906,0.00571016805787297,-0.016895684907990736,15:30:00
2024-12-18,SPOT,Communication Services,479.5,470.45001220703125,448.510009765625,0.06462980236574557,0.046636203362985774,15:30:00
2024-12-19,SPOT,Communication Services,453.9200134277344,454.04998779296875,454.04998779296875,-0.00028633759558845134,0.0,15:30:00
2025-01-06,SPOT,Communication Services,469.44000244140625,467.1000061035156,468.92999267578125,0.0010864216150575227,-0.003917761824777359,15:30:00
2025-01-07,SPOT,Communication Services,472.0,460.3299865722656,463.9599914550781,0.017033916408732787,-0.007885658090280934,15:30:00
2025-01-28,SPOT,Communication Services,518.0,525.6900024414062,530.8699951171875,-0.02484555041928089,-0.009853702090061367,15:30:00
2025-02-12,SPOT,Communication Services,626.5599975585938,638.4099731445312,640.5900268554688,-0.022392156140742067,-0.0034148177544901107,15:30:00
2025-02-24,SPOT,Communication Services,612.2999877929688,600.6599731445312,601.489990234375,0.01765474077103662,-0.0013818418522188272,15:30:00
2025-02-26,SPOT,Communication Services,595.6199951171875,601.8499755859375,603.1300048828125,-0.012608726750597777,-0.0021268245390037837,15:30:00
2025-02-27,SPOT,Communication Services,611.0,601.4000244140625,591.260009765625,0.03230767632467267,0.016860682136348108,15:30:00
2025-03-12,SPOT,Communication Services,544.4600219726562,534.5599975585938,536.0700073242188,0.015409790085301913,-0.0028247713493740915,14:30:00
2025-04-08,SPOT,Communication Services,558.0,551.8699951171875,518.260009765625,0.07121862049171147,0.06090199802296834,14:30:00
2025-04-14,SPOT,Communication Services,562.0,553.030029296875,549.52001953125,0.022206370940836297,0.006346870114969422,14:30:00
2025-04-21,SPOT,Communication Services,584.0,568.2899780273438,558.8200073242188,0.04311642581469392,0.016663976260847143,14:30:00
2025-04-23,SPOT,Communication Services,610.0,600.02001953125,592.6900024414062,0.02837704517802254,0.012216287542489223,14:30:00
2025-04-28,SPOT,Communication Services,627.5,607.1749877929688,597.6599731445312,0.04755382765811753,0.01567095950876336,14:30:00
2025-05-30,SPOT,Communication Services,645.0,644.510009765625,666.3099975585938,-0.03303875590479651,-0.033824126022334824,14:30:00
2025-06-03,SPOT,Communication Services,675.760009765625,672.0449829101562,670.5999755859375,0.007635897515564976,0.0021501645886283314,14:30:00
2025-06-20,SPOT,Communication Services,714.5,714.35498046875,707.4299926757812,0.009895041741383835,0.009694042853070987,14:30:00
2025-06-30,SPOT,Communication Services,776.989990234375,755.1799926757812,767.114990234375,0.012709301437746009,-0.015804176056499104,14:30:00
2025-07-23,SPOT,Communication Services,674.6599731445312,667.380126953125,674.4400024414062,0.0003260467670843666,-0.01057849223127544,14:30:00
2025-07-24,SPOT,Communication Services,694.1500244140625,685.4400024414062,680.9299926757812,0.019044920079690816,0.006579729443220716,14:30:00
2025-07-31,SPOT,Communication Services,654.8099975585938,637.8900146484375,626.27001953125,0.043585128714822244,0.01821629881381929,14:30:00
2025-08-04,SPOT,Communication Services,661.0,664.5164794921875,659.010009765625,0.0030105752411119517,0.008286430655219345,14:30:00
2025-08-08,SPOT,Communication Services,692.9199829101562,713.677490234375,705.510009765625,-0.0181695248599883,0.011444217563969633,14:30:00
2025-08-15,SPOT,Communication Services,725.0,745.0850219726562,732.7999877929688,-0.01075860385237069,0.016488097086104554,14:30:00
2025-08-25,SPOT,Communication Services,699.0900268554688,707.0,694.7100219726562,0.006265294475039093,0.017383278680825672,14:30:00
2025-09-03,SPOT,Communication Services,693.6900024414062,704.22998046875,697.3300170898438,-0.005247321765668607,0.009797883603753268,14:30:00
2025-09-05,SPOT,Communication Services,711.0,694.4299926757812,707.6400146484375,0.0047257177940400845,-0.019022827516068718,14:30:00
2025-12-19,SPOT,Communication Services,571.1900024414062,578.5250244140625,581.97998046875,-0.018890348187511573,-0.005972007966616005,15:30:00
2024-01-18,STX,Technology,84.91999816894531,84.48999786376953,83.98999786376953,0.010951487579234032,0.005917860251413344,15:30:00
2024-01-24,STX,Technology,90.4800033569336,88.62000274658203,89.11000061035156,0.015141497521585208,-0.005529201631495434,15:30:00
2024-01-25,STX,Technology,91.95999908447266,87.45999908447266,91.0199966430664,0.010221862231020491,-0.04070429448730442,15:30:00
2024-02-22,STX,Technology,87.0,87.19999694824219,88.0,-0.011494252873563218,-0.009174347244904797,15:30:00
2024-03-06,STX,Technology,99.79000091552734,100.0999984741211,94.1050033569336,0.0569696112479859,0.059890062023701125,15:30:00
2024-03-07,STX,Technology,94.13999938964844,92.91500091552734,93.80999755859375,0.003505436936416363,-0.009632423551069892,15:30:00
2024-03-18,STX,Technology,86.66000366210938,85.96499633789062,85.37999725341797,0.01477044027925731,0.006805084736737287,14:30:00
2024-03-21,STX,Technology,91.30000305175781,89.45999908447266,88.44999694824219,0.03121583798743097,0.01128998598889738,14:30:00
2024-03-27,STX,Technology,95.79000091552734,95.4000015258789,94.5999984741211,0.012423034033120605,0.008385776089749828,14:30:00
2024-04-04,STX,Technology,93.33000183105469,93.25,90.79000091552734,0.02721526696340621,0.02638068723295074,14:30:00
2024-04-15,STX,Technology,86.69000244140625,86.36499786376953,83.87000274658203,0.03252969910492569,0.028888961719457883,14:30:00
2024-04-17,STX,Technology,84.94999694824219,84.75,84.16999816894531,0.009181857649413547,0.0068436794224741885,14:30:00
2024-04-24,STX,Technology,87.55999755859375,85.58999633789062,87.11000061035156,0.0051392983187448895,-0.01775913468275302,14:30:00
2024-05-01,STX,Technology,86.97000122070312,86.02999877929688,85.79000091552734,0.013567900294508486,0.0027896997230608673,14:30:00
2024-05-23,STX,Technology,95.91999816894531,95.94499969482422,93.45999908447266,0.02564636292152366,0.02590026179848554,14:30:00
2024-06-05,STX,Technology,93.06999969482422,96.4000015258789,96.5999984741211,-0.037928427966817585,-0.0020746571066028213,14:30:00
2024-07-18,STX,Technology,105.7699966430664,104.8499984741211,103.47000122070312,0.021745253808836667,0.013161633509785673,14:30:00
2024-07-24,STX,Technology,109.0,113.0,109.5199966430664,-0.004770611404278957,0.030796489884368086,14:30:00
2024-07-26,STX,Technology,105.01000213623047,104.66999816894531,103.66000366210938,0.012855903691628612,0.009649321911764342,14:30:00
2024-08-14,STX,Technology,98.81999969482422,97.48999786376953,97.02999877929688,0.018113751477992532,0.004718423372164284,14:30:00
2024-08-30,STX,Technology,98.83000183105469,98.55000305175781,99.55000305175781,-0.007285249492698925,-0.010147133120582519,14:30:00
2024-09-09,STX,Technology,99.5,99.83000183105469,101.30999755859375,-0.018190930237123117,-0.014825159775552281,14:30:00
2024-10-17,STX,Technology,112.5,112.58499908447266,112.44000244140625,0.0005333116319444444,0.0012878859905449313,14:30:00
2024-11-18,STX,Technology,97.30500030517578,96.8949966430664,97.05999755859375,0.0025178844438994287,-0.0017028837529677633,15:30:00
2024-11-25,STX,Technology,101.0,102.56500244140625,101.33999633789062,-0.003366300375154703,0.011943704717556571,15:30:00
2024-12-20,STX,Technology,88.08999633789062,87.78500366210938,87.30000305175781,0.008968024962818717,0.0055248686007733595,15:30:00
2025-01-02,STX,Technology,86.86000061035156,87.11009979248047,86.44000244140625,0.004835346143150489,0.007692533387868567,15:30:00
2025-01-03,STX,Technology,86.91999816894531,87.5999984741211,89.16999816894531,-0.02588587261157902,-0.01792237125766652,15:30:00
2025-01-06,STX,Technology,90.02300262451172,91.43000030517578,89.11000061035156,0.010141874715824702,0.025374600099316476,15:30:00
2025-01-07,STX,Technology,89.98999786376953,90.11000061035156,89.56999969482422,0.004667165006283505,0.005992685738205512,15:30:00
2025-01-17,STX,Technology,95.98999786376953,96.75,97.69999694824219,-0.017814346520764725,-0.009819089904312015,15:30:00
2025-01-22,STX,Technology,107.5,109.52999877929688,108.11000061035156,-0.0056744242823401165,0.012964468043194368,15:30:00
2025-01-28,STX,Technology,103.6500015258789,101.2249984741211,100.33999633789062,0.03193444418003074,0.008742920716928695,15:30:00
2025-02-26,STX,Technology,100.31999969482422,100.33000183105469,100.23999786376953,0.0007974664204351569,0.0008970792947528655,15:30:00
2025-02-27,STX,Technology,102.5,103.29499816894531,100.62000274658203,0.01834143661871189,0.025896659758763554,15:30:00
2025-03-03,STX,Technology,102.76499938964844,102.98999786376953,100.05999755859375,0.026322209381798172,0.02844936756918329,15:30:00
2025-03-12,STX,Technology,88.0,87.61000061035156,86.7300033569336,0.014431780034845526,0.010044484046196806,14:30:00
2025-03-19,STX,Technology,88.22000122070312,89.16999816894531,88.93000030517578,-0.00804805117488523,0.0026914642671049625,14:30:00
2025-04-08,STX,Technology,70.9000015258789,71.6500015258789,66.58999633789062,0.06078991671692849,0.07062114557193251,14:30:00
2025-04-14,STX,Technology,75.0,73.63999938964844,72.66999816894531,0.031066691080729167,0.01317220571350898,14:30:00
2025-04-17,STX,Technology,73.48999786376953,73.45999908447266,75.80999755859375,-0.03156891770666353,-0.031990178374747845,14:30:00
2025-04-22,STX,Technology,74.69999694824219,75.18000030517578,75.36000061035156,-0.008835390750640533,-0.002394257840451074,14:30:00
2025-04-23,STX,Technology,79.408203125,79.56999969482422,78.04000091552734,0.01722998576505891,0.019228337126616788,14:30:00
2025-05-01,STX,Technology,92.0,92.06999969482422,89.95999908447266,0.02217392299486243,0.022917352203164803,14:30:00
2025-05-15,STX,Technology,106.5250015258789,107.11499786376953,107.44999694824219,-0.0086833645539875,-0.0031274713266457154,14:30:00
2025-05-27,STX,Technology,113.87000274658203,115.70999908447266,117.08000183105469,-0.028190032555075257,-0.0118399685197636,14:30:00
2025-06-06,STX,Technology,129.5399932861328,129.07000732421875,126.98999786376953,0.019685005052692533,0.016115358661321817,14:30:00
2025-06-11,STX,Technology,129.0500030517578,128.55999755859375,126.5,0.019759806210427507,0.016023627860251518,14:30:00
2025-06-16,STX,Technology,128.6999969482422,129.65499877929688,131.02999877929688,-0.018104132760715742,-0.010605067393819282,14:30:00
2025-06-20,STX,Technology,132.1699981689453,131.9499969482422,130.92999267578125,0.009381898391032999,0.007730233391828251,14:30:00
2025-06-23,STX,Technology,132.36000061035156,132.55999755859375,133.1199951171875,-0.0057418744585326035,-0.00422448377268732,14:30:00
2025-06-24,STX,Technology,135.02999877929688,135.9250030517578,136.35000610351562,-0.0097756597508104,-0.0031267466780631886,14:30:00
2025-07-29,STX,Technology,151.6699981689453,154.77999877929688,152.8249969482422,-0.007615209291492976,0.012630842786362558,14:30:00
2025-07-31,STX,Technology,146.89999389648438,153.1199951171875,156.99000549316406,-0.06868626287207193,-0.0252743632405077,14:30:00
2025-08-04,STX,Technology,157.6179962158203,153.85000610351562,154.80999755859375,0.017815216058080556,-0.006239788215752227,14:30:00
2025-09-18,STX,Technology,216.72000122070312,217.2100067138672,216.63999938964844,0.0003691483508862447,0.00262422221168487,14:30:00
2025-10-02,STX,Technology,263.29998779296875,254.7100067138672,254.72000122070312,0.032586353855101655,-3.9238767902687854e-05,14:30:00
2025-10-06,STX,Technology,260.1300048828125,247.80499267578125,242.8800048828125,0.06631299610274122,0.019874449420042233,14:30:00
2025-10-07,STX,Technology,244.64999389648438,230.72000122070312,224.9199981689453,0.08064580510836702,0.0251387093493018,14:30:00
2025-10-16,STX,Technology,224.0,229.46499633789062,226.02000427246094,-0.00901787621634347,0.015013148499376721,14:30:00
2025-10-24,STX,Technology,234.0800018310547,235.74000549316406,234.1199951171875,-0.00017085306655831848,0.006872021456805893,14:30:00
2025-10-27,STX,Technology,242.27000427246094,236.00999450683594,230.3300018310547,0.04928386606200874,0.024066746358136673,14:30:00
2025-10-31,STX,Technology,274.0,257.3475036621094,255.72999572753906,0.06667884770971146,0.006285306488513907,14:30:00
2025-11-03,STX,Technology,258.75,254.99000549316406,265.54998779296875,-0.02628014605978261,-0.041413318452937505,15:30:00
2025-11-20,STX,Technology,269.7699890136719,269.20001220703125,240.5399932861328,0.10835154731039298,0.10646366129752302,15:30:00
2025-11-24,STX,Technology,243.1558074951172,250.69000244140625,253.41000366210938,-0.042171298611480224,-0.010850058615077283,15:30:00
2025-12-15,STX,Technology,291.8900146484375,287.9599914550781,285.489990234375,0.02192615058028248,0.008577584713147368,15:30:00
2025-12-22,STX,Technology,298.6499938964844,286.07000732421875,282.8299865722656,0.05297173161738671,0.011325971506971134,15:30:00
2025-12-26,STX,Technology,288.69000244140625,284.739990234375,286.0799865722656,0.009040894548020813,-0.004706034922553899,15:30:00
2026-01-02,STX,Technology,282.0,286.5892028808594,287.5199890136719,-0.01957442912649601,-0.0032478060005611785,15:30:00
2024-01-18,TMDX,Healthcare,79.91000366210938,79.55500030517578,80.29000091552734,-0.004755315179620629,-0.009238898969669717,15:30:00
2024-01-24,TMDX,Healthcare,85.7699966430664,83.30000305175781,83.87999725341797,0.022035670556380088,-0.006962715251040043,15:30:00
2024-01-25,TMDX,Healthcare,85.88999938964844,86.80000305175781,85.62000274658203,0.003143516649028485,0.01359447308397168,15:30:00
2024-02-07,TMDX,Healthcare,87.63999938964844,89.0999984741211,88.18000030517578,-0.00616158054870007,0.010325456618414242,15:30:00
2024-02-27,TMDX,Healthcare,88.0,89.25,88.66000366210938,-0.007500041614879261,0.0066106032256652665,15:30:00
2024-02-29,TMDX,Healthcare,84.11000061035156,81.72000122070312,81.58999633789062,0.029960816242709624,0.0015908575730608809,15:30:00
2024-03-07,TMDX,Healthcare,85.0,85.2300033569336,86.76000213623047,-0.02070590748506434,-0.017951410524876005,15:30:00
2024-03-08,TMDX,Healthcare,87.62999725341797,89.69499969482422,83.7300033569336,0.04450523814585944,0.06650310896020696,15:30:00
2024-03-18,TMDX,Healthcare,76.88999938964844,74.43000030517578,74.14409637451172,0.03571209568128043,0.0038412458617735766,14:30:00
2024-03-21,TMDX,Healthcare,75.4000015258789,75.70999908447266,73.9800033569336,0.018832866581016426,0.022850293864207255,14:30:00
2024-03-26,TMDX,Healthcare,72.2699966430664,71.88500213623047,74.37000274658203,-0.029057786094654536,-0.03456911089245287,14:30:00
2024-03-27,TMDX,Healthcare,75.5,75.5,74.12000274658203,0.01827810931679429,0.01827810931679429,14:30:00
2024-03-28,TMDX,Healthcare,76.08000183105469,76.56500244140625,73.94000244140625,0.028128277315247415,0.03428459369551856,14:30:00
2024-04-09,TMDX,Healthcare,91.29000091552734,90.36000061035156,93.29000091552734,-0.02190820440291861,-0.032425855305274566,14:30:00
2024-04-17,TMDX,Healthcare,93.83999633789062,92.54000091552734,87.88999938964844,0.06340576705499831,0.050248557163118414,14:30:00
2024-04-18,TMDX,Healthcare,88.80000305175781,88.62999725341797,87.23999786376953,0.01756762538711873,0.01568317085325006,14:30:00
2024-04-26,TMDX,Healthcare,90.0,91.73999786376953,92.11000061035156,-0.02344445122612847,-0.004033167159339501,14:30:00
2024-05-10,TMDX,Healthcare,130.25999450683594,129.6649932861328,129.80999755859375,0.0034546059206118883,-0.0011182993095210777,14:30:00
2024-05-15,TMDX,Healthcare,134.66000366210938,134.64430236816406,136.13999938964844,-0.010990611074485688,-0.011108505857118428,14:30:00
2024-05-28,TMDX,Healthcare,141.9499969482422,140.46499633789062,143.02000427246094,-0.0075379172048090715,-0.018189641556136896,14:30:00
2024-05-30,TMDX,Healthcare,143.33999633789062,141.74000549316406,136.468994140625,0.047934996322093096,0.03718788731663536,14:30:00
2024-05-31,TMDX,Healthcare,139.0,137.19000244140625,136.30999755859375,0.019352535549685253,0.006414497172914254,14:30:00
2024-06-07,TMDX,Healthcare,136.36000061035156,138.6649932861328,137.19000244140625,-0.006086842382953753,0.010637081571719723,14:30:00
2024-06-12,TMDX,Healthcare,143.10000610351562,139.25999450683594,141.8800048828125,0.00852551480550323,-0.018813804964267412,14:30:00
2024-06-20,TMDX,Healthcare,147.5,144.92999267578125,144.05999755859375,0.023322050450211865,0.006002864563263597,14:30:00
2024-07-08,TMDX,Healthcare,153.1999969482422,153.61000061035156,149.08799743652344,0.026840728417951387,0.029438208162622673,14:30:00
2024-07-09,TMDX,Healthcare,150.49000549316406,149.22999572753906,147.75,0.018207225683758287,0.00991754854862562,14:30:00
2024-07-15,TMDX,Healthcare,144.30999755859375,146.36500549316406,144.3699951171875,-0.00041575469204335183,0.01363037817171222,14:30:00
2024-07-22,TMDX,Healthcare,148.6699981689453,147.27000427246094,149.05999755859375,-0.002623255495068015,-0.012154500130394414,14:30:00
2024-07-26,TMDX,Healthcare,149.47000122070312,139.69000244140625,140.49000549316406,0.06007891653308718,-0.00572698860173174,14:30:00
2024-07-29,TMDX,Healthcare,142.0,140.32000732421875,139.16000366210938,0.01999997421049736,0.008266844366884255,14:30:00
2024-07-30,TMDX,Healthcare,139.91000366210938,142.10000610351562,138.30999755859375,0.01143596641866818,0.026671417186013114,14:30:00
2024-08-01,TMDX,Healthcare,163.80999755859375,159.73500061035156,151.50999450683594,0.07508701077514016,0.05149157086479272,14:30:00
2024-08-07,TMDX,Healthcare,157.3800048828125,154.92999267578125,145.6300048828125,0.07466005614086253,0.06002703306409263,14:30:00
2024-08-13,TMDX,Healthcare,163.60000610351562,165.0,161.92999267578125,0.010207905656664202,0.01860610499526515,14:30:00
2024-08-14,TMDX,Healthcare,162.8800048828125,163.7100067138672,163.0399932861328,-0.0009822470439844325,0.004092684626819583,14:30:00
2024-08-30,TMDX,Healthcare,167.7899932861328,169.25999450683594,167.97000122070312,-0.0010728168649684871,0.007621371428561126,14:30:00
2024-09-19,TMDX,Healthcare,160.7899932861328,159.77999877929688,166.0,-0.03240255570255391,-0.03892853466155532,14:30:00
2024-09-26,TMDX,Healthcare,150.10000610351562,146.52999877929688,144.6300048828125,0.03644237840290805,0.012966586448595697,14:30:00
2024-09-27,TMDX,Healthcare,155.4949951171875,157.7799072265625,159.0800018310547,-0.02305544761209438,-0.00823992501545415,14:30:00
2024-10-08,TMDX,Healthcare,135.0,134.96499633789062,138.0500030517578,-0.022592615198206017,-0.022857828307895046,14:30:00
2024-10-14,TMDX,Healthcare,136.33999633789062,135.2700958251953,134.17999267578125,0.015842773361649874,0.008058714993613693,14:30:00
2024-10-24,TMDX,Healthcare,120.7300033569336,121.50499725341797,122.0,-0.010519312579754596,-0.004073929120377036,14:30:00
2024-10-25,TMDX,Healthcare,123.55999755859375,122.83499908447266,125.2300033569336,-0.013515748068446711,-0.01949773509432692,14:30:00
2024-10-28,TMDX,Healthcare,129.2100067138672,132.0,126.19999694824219,0.023295484940965932,0.04393941705877131,14:30:00
2024-11-06,TMDX,Healthcare,84.54000091552734,85.9000015258789,86.4000015258789,-0.0220014264278289,-0.005820721666103418,15:30:00
2024-11-13,TMDX,Healthcare,92.93800354003906,95.98999786376953,92.70999908447266,0.002453296249990765,0.0341702141086814,15:30:00
2024-11-15,TMDX,Healthcare,88.93000030517578,84.77999877929688,80.5199966430664,0.09456880280275798,0.050247725850059266,15:30:00
2024-11-27,TMDX,Healthcare,81.55000305175781,84.7300033569336,87.16000366210938,-0.06879215696400441,-0.028679336821682427,15:30:00
2024-12-06,TMDX,Healthcare,66.8499984741211,68.41500091552734,68.26000213623047,-0.02109205227065509,0.0022655671595803012,15:30:00
2024-12-10,TMDX,Healthcare,71.38999938964844,70.0,69.0199966430664,0.03319796563726658,0.014000047956194197,15:30:00
2024-12-19,TMDX,Healthcare,61.189998626708984,61.369998931884766,60.584999084472656,0.009887229217427213,0.012791263827190046,15:30:00
2024-12-23,TMDX,Healthcare,63.0,62.86000061035156,62.65999984741211,0.005396827818855407,0.0031816856665209405,15:30:00
2024-12-31,TMDX,Healthcare,60.0,61.17959976196289,62.33000183105469,-0.038833363850911455,-0.01880368739854089,15:30:00
2025-01-06,TMDX,Healthcare,71.95999908447266,75.47000122070312,75.69999694824219,-0.05197328948516535,-0.003047511909619123,15:30:00
2025-01-07,TMDX,Healthcare,77.92900085449219,78.05000305175781,78.63999938964844,-0.009123670615048887,-0.007559209671002535,15:30:00
2025-01-17,TMDX,Healthcare,58.380001068115234,56.407501220703125,57.130001068115234,0.02141144188300981,-0.012808577436983359,15:30:00
2025-01-21,TMDX,Healthcare,58.209999084472656,56.03499984741211,56.7599983215332,0.024909822809570124,-0.012938314912025054,15:30:00
2025-02-05,TMDX,Healthcare,72.80999755859375,74.41000366210938,74.56999969482422,-0.024172533927282573,-0.002150195200115492,15:30:00
2025-02-06,TMDX,Healthcare,75.0,73.45999908447266,73.5999984741211,0.01866668701171875,-0.0019057907894533227,15:30:00
2025-02-14,TMDX,Healthcare,72.87000274658203,73.3499984741211,72.22000122070312,0.008920015114304281,0.015405552514314606,15:30:00
2025-02-18,TMDX,Healthcare,73.62000274658203,73.87000274658203,75.0199966430664,-0.019016487968677408,-0.015567806331746552,15:30:00
2025-02-21,TMDX,Healthcare,75.88999938964844,75.01000213623047,71.86000061035156,0.05310315999088776,0.04199441989293624,15:30:00
2025-02-27,TMDX,Healthcare,75.0,76.9800033569336,72.08000183105469,0.03893330891927083,0.0636529139023162,15:30:00
2025-03-12,TMDX,Healthcare,69.36000061035156,67.65499877929688,67.10310363769531,0.032538883402481136,0.008157492447852176,14:30:00
2025-03-26,TMDX,Healthcare,71.95110321044922,71.69999694824219,70.26000213623047,0.023503476649586064,0.020083610506304517,14:30:00
2025-04-08,TMDX,Healthcare,72.87000274658203,72.66000366210938,67.97000122070312,0.06724305394799428,0.06454723651289856,14:30:00
2025-04-22,TMDX,Healthcare,88.9800033569336,90.27999877929688,91.26000213623047,-0.02562372098538711,-0.01085515474285019,14:30:00
2025-04-23,TMDX,Healthcare,95.0,93.81999969482422,92.30000305175781,0.0284210205078125,0.01620120068227052,14:30:00
2025-05-08,TMDX,Healthcare,96.94000244140625,96.7300033569336,92.58000183105469,0.044976279147371505,0.04290293995509755,14:30:00
2025-05-09,TMDX,Healthcare,115.45999908447266,113.48500061035156,111.37999725341797,0.03533692935567827,0.018548736358217768,14:30:00
2025-05-12,TMDX,Healthcare,114.31999969482422,112.44999694824219,118.69999694824219,-0.03831348202510773,-0.05558025940077804,14:30:00
2025-05-20,TMDX,Healthcare,122.72000122070312,121.20999908447266,124.66000366210938,-0.0158083639350467,-0.028463036083618568,14:30:00
2025-05-29,TMDX,Healthcare,130.22000122070312,128.38999938964844,127.62999725341797,0.019889448187728802,0.005919480799465949,14:30:00
2025-06-25,TMDX,Healthcare,133.35000610351562,130.77000427246094,128.67999267578125,0.03502072151469707,0.015982347085690404,14:30:00
2025-07-15,TMDX,Healthcare,118.44000244140625,118.37000274658203,115.62000274658203,0.02380952074210998,0.02323223735905005,14:30:00
2025-07-16,TMDX,Healthcare,117.37000274658203,116.35990142822266,113.4000015258789,0.03382466667633044,0.025437456254374564,14:30:00
2025-07-18,TMDX,Healthcare,113.91000366210938,112.0,109.79000091552734,0.036168928225155474,0.019732134682791575,14:30:00
2025-07-23,TMDX,Healthcare,109.05000305175781,109.8499984741211,110.16000366210938,-0.010178822368530599,-0.0028220773080967635,14:30:00
2025-07-24,TMDX,Healthcare,111.0,108.95500183105469,106.79000091552734,0.03792791967993384,0.01987059684404749,14:30:00
2025-07-28,TMDX,Healthcare,109.3499984741211,107.37000274658203,105.2699966430664,0.03731140272507883,0.019558592249197607,14:30:00
2025-07-29,TMDX,Healthcare,105.80000305175781,105.37999725341797,104.83000183105469,0.009168253239355733,0.00521916337728356,14:30:00
2025-07-31,TMDX,Healthcare,123.5,120.55000305175781,118.97000122070312,0.03668015205908401,0.01310660963132716,14:30:00
2025-08-04,TMDX,Healthcare,125.51000213623047,127.9749984741211,128.5500030517578,-0.024221184477613827,-0.004493100875113472,14:30:00
2025-08-07,TMDX,Healthcare,119.8499984741211,118.16000366210938,116.01000213623047,0.0320400199147252,0.018195679242081403,14:30:00
2025-08-11,TMDX,Healthcare,125.95999908447266,129.8072052001953,127.19000244140625,-0.009765031485183765,0.020162230245637586,14:30:00
2025-08-13,TMDX,Healthcare,132.25,132.1199951171875,132.02999877929688,0.0016635252983223062,0.0006811712172014558,14:30:00
2025-08-25,TMDX,Healthcare,120.5,118.00630187988281,114.91999816894531,0.0463070691373833,0.026153719435077383,14:30:00
2025-08-28,TMDX,Healthcare,118.37999725341797,117.6510009765625,116.68000030517578,0.014360508427812991,0.008253229155102163,14:30:00
2025-09-09,TMDX,Healthcare,113.94999694824219,108.4520034790039,108.22419738769531,0.05024835203065095,0.0021005245085462766,14:30:00
2025-09-23,TMDX,Healthcare,127.01000213623047,126.94000244140625,120.6500015258789,0.05007480122337018,0.0495509752209964,14:30:00
2025-09-29,TMDX,Healthcare,114.94999694824219,114.87999725341797,112.62999725341797,0.020182686006236523,0.019585655064359404,14:30:00
2025-10-15,TMDX,Healthcare,112.0,110.80999755859375,112.61000061035156,-0.005446434020996094,-0.016244049196066562,14:30:00
2025-10-20,TMDX,Healthcare,119.75,119.76000213623047,119.91999816894531,-0.001419608926474426,-0.0013359721932272816,14:30:00
2025-10-27,TMDX,Healthcare,133.1300048828125,131.80999755859375,132.38999938964844,0.005558517734716913,-0.0044002870935253464,14:30:00
2025-11-10,TMDX,Healthcare,121.20999908447266,121.12000274658203,122.3499984741211,-0.00940515962593118,-0.010155182460758099,15:30:00
2025-11-20,TMDX,Healthcare,134.7899932861328,134.27999877929688,123.69000244140625,0.08235025890359272,0.07886503153233107,15:30:00
2025-11-26,TMDX,Healthcare,146.89999389648438,146.0800018310547,145.7899932861328,0.007556165122333113,0.001985272051524735,15:30:00
2025-12-05,TMDX,Healthcare,139.6999969482422,141.22999572753906,136.41000366210938,0.02355041773803138,0.03412867104186859,15:30:00
2025-12-08,TMDX,Healthcare,137.25999450683594,140.99000549316406,136.61000061035156,0.0047354941169839805,0.03106606647394496,15:30:00
2025-12-15,TMDX,Healthcare,127.625,126.4749984741211,123.1500015258789,0.03506365111946009,0.02628975677689008,15:30:00
2025-12-17,TMDX,Healthcare,126.98999786376953,127.875,121.87000274658203,0.04031809751410543,0.046959900319984114,15:30:00
2025-12-18,TMDX,Healthcare,123.19999694824219,123.5,121.06999969482422,0.017288939173535908,0.019676115831382845,15:30:00
2025-12-22,TMDX,Healthcare,129.5800018310547,132.01499938964844,129.35000610351562,0.0017749322757297766,0.020187049187243945,15:30:00
2025-12-31,TMDX,Healthcare,123.29000091552734,123.20999908447266,121.6500015258789,0.013301965913457085,0.012661290237687748,15:30:00
2026-01-02,TMDX,Healthcare,124.26000213623047,121.93000030517578,122.66000366210938,0.012876214764321032,-0.005987069261924754,15:30:00
2026-01-05,TMDX,Healthcare,124.25,127.19499969482422,126.31999969482422,-0.0166599573024082,0.0068792012429683995,15:30:00
2024-01-18,TSLA,Consumer Cyclical,216.8800048828125,214.39999389648438,211.8000030517578,0.02342309902565514,0.012126823315031801,15:30:00
2024-01-24,TSLA,Consumer Cyclical,211.8800048828125,210.10000610351562,207.75999450683594,0.019445017373183823,0.011137608418377538,15:30:00
2024-01-26,TSLA,Consumer Cyclical,185.5,183.85110473632812,183.2299041748047,0.012237713343370957,0.003378824198061461,15:30:00
2024-01-30,TSLA,Consumer Cyclical,195.3300018310547,194.80999755859375,191.58999633789062,0.019147112364227985,0.01652893209310078,15:30:00
2024-02-01,TSLA,Consumer Cyclical,188.5,187.59210205078125,188.8000030517578,-0.0015915281260361405,-0.006438975776547263,15:30:00
2024-02-07,TSLA,Consumer Cyclical,188.17999267578125,186.22000122070312,187.66990661621094,0.0027106285440724248,-0.007785981022465047,15:30:00
2024-02-08,TSLA,Consumer Cyclical,189.0,188.16000366210938,189.47999572753906,-0.002539659934069114,-0.0070152638166402215,15:30:00
2024-02-16,TSLA,Consumer Cyclical,200.625,199.1300048828125,199.94000244140625,0.0034143180490654205,-0.004067682110842269,15:30:00
2024-03-08,TSLA,Consumer Cyclical,181.5,179.03500366210938,175.33999633789062,0.0339394141163051,0.020638463142058482,15:30:00
2024-03-26,TSLA,Consumer Cyclical,178.60000610351562,182.21200561523438,177.69000244140625,0.0050952051008438465,0.024817262499030688,14:30:00
2024-04-04,TSLA,Consumer Cyclical,170.0,170.09500122070312,171.2100067138672,-0.007117686552159926,-0.006555192599207022,14:30:00
2024-04-23,TSLA,Consumer Cyclical,143.2100067138672,144.7550048828125,144.8699951171875,-0.011591287797625485,-0.0007943782977872938,14:30:00
2024-04-24,TSLA,Consumer Cyclical,163.01800537109375,164.52999877929688,162.17999267578125,0.005140614335237694,0.014283146665964303,14:30:00
2024-05-03,TSLA,Consumer Cyclical,181.8300018310547,181.02000427246094,181.24000549316406,0.003244768915741493,-0.0012153420368502023,14:30:00
2024-05-10,TSLA,Consumer Cyclical,173.00999450683594,169.22999572753906,168.4600067138672,0.026298988136138988,0.004549955877275801,14:30:00
2024-05-13,TSLA,Consumer Cyclical,170.00999450683594,174.48890686035156,171.9199981689453,-0.011234655160421029,0.014722475701347713,14:30:00
2024-05-15,TSLA,Consumer Cyclical,179.9929962158203,173.27999877929688,174.08990478515625,0.032796228490946225,-0.0046739728275906525,14:30:00
2024-05-23,TSLA,Consumer Cyclical,181.8699951171875,176.6580047607422,173.74000549316406,0.04470220400448627,0.01651778684770121,14:30:00
2024-06-13,TSLA,Consumer Cyclical,188.42799377441406,185.0500030517578,182.56019592285156,0.03114079672571065,0.013454780263958493,14:30:00
2024-06-14,TSLA,Consumer Cyclical,185.76499938964844,179.2299041748047,177.96499633789062,0.041988550466371975,0.0070574597622971745,14:30:00
2024-06-28,TSLA,Consumer Cyclical,199.63999938964844,200.39999389648438,198.0,0.00821478358376249,0.011976017812276382,14:30:00
2024-07-05,TSLA,Consumer Cyclical,252.08990478515625,246.625,251.4199981689453,0.002657411516664524,-0.01944246596632666,14:30:00
2024-07-15,TSLA,Consumer Cyclical,255.96499633789062,264.1700134277344,252.77000427246094,0.012482144477333486,0.04315406206538273,14:30:00
2024-07-18,TSLA,Consumer Cyclical,251.86000061035156,254.39999389648438,249.27999877929688,0.01024379347574991,0.020125767452930172,14:30:00
2024-07-22,TSLA,Consumer Cyclical,244.21249389648438,246.44000244140625,251.69000244140625,-0.03061886157262456,-0.021303359633135226,14:30:00
2024-07-29,TSLA,Consumer Cyclical,224.9980010986328,232.47259521484375,232.1300048828125,-0.03169807620225576,0.0014736805072212446,14:30:00
2024-08-06,TSLA,Consumer Cyclical,199.64500427246094,196.1699981689453,200.36000061035156,-0.003581338488765039,-0.021359037979894056,14:30:00
2024-08-20,TSLA,Consumer Cyclical,224.8800048828125,221.80499267578125,221.10000610351562,0.016808958988001957,0.0031784071393565257,14:30:00
2024-08-30,TSLA,Consumer Cyclical,208.6300048828125,208.75,214.0980987548828,-0.026209527604343114,-0.02561963475392964,14:30:00
2024-09-03,TSLA,Consumer Cyclical,216.375,218.00999450683594,210.63999938964844,0.02650491327718804,0.03380576717989141,14:30:00
2024-09-06,TSLA,Consumer Cyclical,232.63999938964844,220.6999969482422,210.7100067138672,0.09426578719616799,0.04526502207753912,14:30:00
2024-09-10,TSLA,Consumer Cyclical,220.0,223.61000061035156,226.1300048828125,-0.027863658558238635,-0.011269640291500805,14:30:00
2024-09-17,TSLA,Consumer Cyclical,229.5,232.56500244140625,227.88999938964844,0.0070152532041462415,0.020101919904890502,14:30:00
2024-09-18,TSLA,Consumer Cyclical,230.08999633789062,229.3419952392578,227.1699981689453,0.012690678497196599,0.0094705597552973,14:30:00
2024-09-19,TSLA,Consumer Cyclical,233.99000549316406,239.43499755859375,243.85000610351562,-0.04213855454881649,-0.018439278258983206,14:30:00
2024-09-26,TSLA,Consumer Cyclical,260.67999267578125,256.20001220703125,254.1699981689453,0.024973126782816407,0.007923551683695918,14:30:00
2024-10-24,TSLA,Consumer Cyclical,244.60000610351562,248.94129943847656,260.5400085449219,-0.06516762896015785,-0.046592144945848256,14:30:00
2024-10-29,TSLA,Consumer Cyclical,263.3399963378906,261.08990478515625,259.3999938964844,0.014961656019584836,0.00647252481884528,14:30:00
2024-11-01,TSLA,Consumer Cyclical,252.04299926757812,252.1898956298828,248.85000610351562,0.012668446151415224,0.013243550135207848,14:30:00
2024-11-05,TSLA,Consumer Cyclical,247.39999389648438,251.1793975830078,251.5,-0.016572377545130922,-0.0012763881913771902,15:30:00
2024-11-13,TSLA,Consumer Cyclical,337.1659851074219,331.04998779296875,330.19000244140625,0.020690054673792375,0.0025977507424054507,15:30:00
2024-11-18,TSLA,Consumer Cyclical,340.7200012207031,346.6700134277344,338.8699951171875,0.005429696222374905,0.022499835602806873,15:30:00
2024-11-25,TSLA,Consumer Cyclical,360.5249938964844,349.29998779296875,338.44000244140625,0.061257865138246895,0.03109071208441968,15:30:00
2024-11-27,TSLA,Consumer Cyclical,340.9375,329.8999938964844,332.7900085449219,0.023897316825160404,-0.008760274937574947,15:30:00
2024-12-02,TSLA,Consumer Cyclical,352.5150146484375,356.6199951171875,357.0896911621094,-0.01297725294973376,-0.001317077144728046,15:30:00
2024-12-09,TSLA,Consumer Cyclical,397.2500915527344,388.2200012207031,389.8576965332031,0.018608919611916363,-0.004218472276931888,15:30:00
2024-12-17,TSLA,Consumer Cyclical,476.114990234375,472.7749938964844,479.8500061035156,-0.007844776883210515,-0.014964861294208693,15:30:00
2024-12-19,TSLA,Consumer Cyclical,451.8599853515625,438.206298828125,436.1499938964844,0.0347673880502059,0.004692549918017397,15:30:00
2024-12-26,TSLA,Consumer Cyclical,465.1499938964844,461.7500915527344,453.9599914550781,0.02405676144950461,0.016870814408418106,15:30:00
2024-12-31,TSLA,Consumer Cyclical,425.5,422.4607849121094,403.6400146484375,0.051374818687573445,0.044550336826144545,15:30:00
2025-01-06,TSLA,Consumer Cyclical,422.04998779296875,416.4800109863281,411.04998779296875,0.026063263400438505,0.013037896297831272,15:30:00
2025-01-14,TSLA,Consumer Cyclical,413.2049865722656,412.57000732421875,396.20001220703125,0.04115384595500366,0.03967810268942579,15:30:00
2025-01-30,TSLA,Consumer Cyclical,410.5,392.3500061035156,400.4800109863281,0.024409230240369974,-0.02072130688502531,15:30:00
2025-02-14,TSLA,Consumer Cyclical,360.6199951171875,352.4798889160156,355.8999938964844,0.013088573247773762,-0.009702979057859521,15:30:00
2025-03-03,TSLA,Consumer Cyclical,300.36749267578125,300.7799987792969,284.7799987792969,0.05189474319482909,0.05319502648093402,15:30:00
2025-03-12,TSLA,Consumer Cyclical,244.65280151367188,247.0,248.27999877929688,-0.01482589712107712,-0.005182181292699899,14:30:00
2025-03-25,TSLA,Consumer Cyclical,283.5,277.19000244140625,288.1499938964844,-0.016402094872960758,-0.039539634757912674,14:30:00
2025-03-28,TSLA,Consumer Cyclical,275.5,265.0,263.489990234375,0.04359350187159709,0.005698150058962264,14:30:00
2025-04-01,TSLA,Consumer Cyclical,263.7349853515625,265.8900146484375,268.4800109863281,-0.017991642741066145,-0.009740855975035935,14:30:00
2025-04-08,TSLA,Consumer Cyclical,245.0500030517578,247.97999572753906,221.5800018310547,0.09577637595762832,0.10646017562437018,14:30:00
2025-04-14,TSLA,Consumer Cyclical,258.32501220703125,257.2650146484375,252.36000061035156,0.023091111254449903,0.019065997157790098,14:30:00
2025-04-17,TSLA,Consumer Cyclical,243.39500427246094,238.8800048828125,241.5399932861328,0.00762140123571144,-0.011135249283945823,14:30:00
2025-04-23,TSLA,Consumer Cyclical,254.86000061035156,254.58999633789062,250.7899932861328,0.01596958061081257,0.014925971587330033,14:30:00
2025-04-28,TSLA,Consumer Cyclical,289.0398864746094,286.4237976074219,285.8789978027344,0.010935821731831006,0.0019020759072338445,14:30:00
2025-05-08,TSLA,Consumer Cyclical,279.6300048828125,281.9200134277344,284.8900146484375,-0.018810605706742263,-0.01053490734691823,14:30:00
2025-05-09,TSLA,Consumer Cyclical,292.0899963378906,302.2049865722656,298.1017150878906,-0.020581734483798016,0.01357777557185938,14:30:00
2025-05-12,TSLA,Consumer Cyclical,321.93499755859375,315.2300109863281,318.6199951171875,0.010297117326620892,-0.010754001880253725,14:30:00
2025-05-20,TSLA,Consumer Cyclical,347.94000244140625,345.5199890136719,343.760009765625,0.012013544422749059,0.0050937118083122955,14:30:00
2025-05-29,TSLA,Consumer Cyclical,365.0,361.9599914550781,358.45001220703125,0.017945172035530824,0.009697147007703168,14:30:00
2025-06-06,TSLA,Consumer Cyclical,297.4700012207031,295.5097961425781,295.125,0.007883151951726685,0.001302143440254914,14:30:00
2025-06-10,TSLA,Consumer Cyclical,315.07000732421875,313.8717956542969,326.1499938964844,-0.03516674489699652,-0.03911851403083982,14:30:00
2025-06-20,TSLA,Consumer Cyclical,327.80999755859375,320.1400146484375,322.1700134277344,0.017205040031920527,-0.006340971719908625,14:30:00
2025-06-25,TSLA,Consumer Cyclical,341.7900085449219,321.5299987792969,327.5899963378906,0.04154601320115806,-0.018847378414458382,14:30:00
2025-07-08,TSLA,Consumer Cyclical,296.8800048828125,298.95001220703125,297.8349914550781,-0.0032167426453748107,0.003729789952913405,14:30:00
2025-07-15,TSLA,Consumer Cyclical,319.67498779296875,317.510009765625,310.6600036621094,0.02820046758458861,0.02157414220916079,14:30:00
2025-07-21,TSLA,Consumer Cyclical,334.3599853515625,330.1000061035156,328.5299987792969,0.01743625681205749,0.004756156604633365,14:30:00
2025-07-25,TSLA,Consumer Cyclical,308.739990234375,313.67999267578125,316.1050109863281,-0.02385509161402152,-0.007730867021070633,14:30:00
2025-09-03,TSLA,Consumer Cyclical,335.1000061035156,336.08990478515625,334.0400085449219,0.0031632275120469754,0.0060992496681647156,14:30:00
2025-09-05,TSLA,Consumer Cyclical,350.25830078125,347.8699951171875,350.79998779296875,-0.0015465358294450664,-0.008422665699564628,14:30:00
2025-09-18,TSLA,Consumer Cyclical,428.864990234375,428.9150085449219,416.7099914550781,0.028342250022913178,0.028455560767735345,14:30:00
2025-09-23,TSLA,Consumer Cyclical,440.0150146484375,433.6000061035156,425.8299865722656,0.032237600090772825,0.01791978648956712,14:30:00
2025-10-08,TSLA,Consumer Cyclical,437.75799560546875,434.54998779296875,438.6000061035156,-0.0019234611509089158,-0.009320028591224843,14:30:00
2025-10-15,TSLA,Consumer Cyclical,434.79998779296875,439.5199890136719,435.19000244140625,-0.0008969978366770484,0.00985162604773121,14:30:00
2025-10-20,TSLA,Consumer Cyclical,443.7875061035156,445.4100036621094,447.3500061035156,-0.008027490524190262,-0.004355543040021048,14:30:00
2025-10-27,TSLA,Consumer Cyclical,439.8900146484375,449.1839904785156,452.3500061035156,-0.028325242765594984,-0.007048371473852494,14:30:00
2025-11-10,TSLA,Consumer Cyclical,439.6300048828125,444.75,445.260009765625,-0.01280623437955112,-0.0011467335933108488,15:30:00
2025-11-12,TSLA,Consumer Cyclical,442.1099853515625,433.3514099121094,430.6199951171875,0.025988986033052944,0.006303001980484729,15:30:00
2025-11-20,TSLA,Consumer Cyclical,414.6300048828125,427.8688049316406,395.07000732421875,0.04717458294925381,0.07665620215678506,15:30:00
2025-11-21,TSLA,Consumer Cyclical,402.2950134277344,388.2099914550781,391.20001220703125,0.027579266086767338,-0.007702070574603221,15:30:00
2025-12-15,TSLA,Consumer Cyclical,474.0,472.1400146484375,475.07000732421875,-0.002257399418183017,-0.006205770713933167,15:30:00
2025-12-19,TSLA,Consumer Cyclical,488.5400085449219,480.5299987792969,480.9100036621094,0.015617973450194738,-0.0007908036621601908,15:30:00
2026-01-02,TSLA,Consumer Cyclical,457.7511901855469,445.0799865722656,438.1000061035156,0.0429298372202282,0.015682530509865313,15:30:00
2026-01-05,TSLA,Consumer Cyclical,447.25,455.2900085449219,451.69000244140625,-0.009927339164686976,0.007907061512333682,15:30:00
2024-01-24,TSM,Technology,115.33000183105469,117.77999877929688,116.5,-0.010144785835165654,0.010867709225361875,15:30:00
2024-01-25,TSM,Technology,118.0,117.61000061035156,116.56999969482422,0.012118646654032044,0.008842793215969145,15:30:00
2024-03-06,TSM,Technology,138.8000030517578,139.86000061035156,141.57000732421875,-0.01995680267692802,-0.012226560177353692,15:30:00
2024-03-07,TSM,Technology,144.89999389648438,147.5800018310547,149.1999969482422,-0.029675660682426993,-0.010977063945574574,15:30:00
2024-03-08,TSM,Technology,153.5,158.14999389648438,146.3800048828125,0.046384333010993484,0.07442294952838135,15:30:00
2024-03-12,TSM,Technology,144.52000427246094,143.42999267578125,144.4199981689453,0.0006919879640128249,-0.00690236034106156,14:30:00
2024-03-18,TSM,Technology,140.17999267578125,139.10000610351562,136.64999389648438,0.025181901581785068,0.017613314877987833,14:30:00
2024-03-21,TSM,Technology,142.5500030517578,140.92999267578125,139.4499969482422,0.021746797875479933,0.010501637724085394,14:30:00
2024-04-01,TSM,Technology,137.2899932861328,141.9799041748047,141.41000366210938,-0.030009546051836762,0.00401395194628146,14:30:00
2024-04-04,TSM,Technology,144.0,144.47000122070312,139.6300048828125,0.030347188313802082,0.03350173944067936,14:30:00
2024-04-11,TSM,Technology,147.1999969482422,144.67999267578125,147.2100067138672,-6.800112657963974e-05,-0.01748696548357961,14:30:00
2024-04-15,TSM,Technology,145.02000427246094,143.17999267578125,140.1699981689453,0.03344370404515726,0.02102245188440406,14:30:00
2024-04-17,TSM,Technology,141.1300048828125,140.0850067138672,139.02000427246094,0.014950758430878001,0.007602544100822919,14:30:00
2024-04-24,TSM,Technology,136.08999633789062,134.22999572753906,132.99000549316406,0.022778976619484654,0.009237802829793279,14:30:00
2024-05-23,TSM,Technology,159.17999267578125,158.7949981689453,157.07000732421875,0.01325534268530927,0.010863004909583541,14:30:00
2024-07-03,TSM,Technology,177.99000549316406,178.9499969482422,182.44000244140625,-0.025001386656022636,-0.019502685401964433,14:30:00
2024-07-05,TSM,Technology,182.9499969482422,183.41000366210938,184.0,-0.0057392898019827,-0.00321681656458367,14:30:00
2024-07-08,TSM,Technology,190.0,189.6699981689453,186.66000366210938,0.017578928094161183,0.015869639562894056,14:30:00
2024-07-18,TSM,Technology,175.5,172.1999969482422,171.8699951171875,0.02068378850605413,0.001916386973885229,14:30:00
2024-07-26,TSM,Technology,164.3000030517578,161.27000427246094,161.94500732421875,0.01433350994398455,-0.00418554618884622,14:30:00
2024-08-07,TSM,Technology,162.50999450683594,159.77000427246094,155.05999755859375,0.045843315488690174,0.029479918557397428,14:30:00
2024-08-09,TSM,Technology,166.32000732421875,164.9199981689453,167.17999267578125,-0.005170666869236441,-0.013703580717486922,14:30:00
2024-09-06,TSM,Technology,164.88999938964844,158.60009765625,156.86000061035156,0.04869912553229706,0.010971601352162628,14:30:00
2024-09-09,TSM,Technology,160.75999450683594,161.75,162.7899932861328,-0.012627512121559286,-0.0064296339173589645,14:30:00
2024-09-11,TSM,Technology,163.98199462890625,162.82000732421875,170.17999267578125,-0.03779682068693678,-0.0452031999784079,14:30:00
2024-09-19,TSM,Technology,174.3800048828125,174.83999633789062,176.22999572753906,-0.010608961996358472,-0.007950122504933972,14:30:00
2024-10-17,TSM,Technology,203.35000610351562,211.09500122070312,205.83999633789062,-0.012244849567929036,0.0248940280557298,14:30:00
2024-12-11,TSM,Technology,194.6699981689453,194.22000122070312,194.61000061035156,0.0003082013620901194,-0.0020080289733149536,15:30:00
2024-12-19,TSM,Technology,198.39999389648438,194.55999755859375,194.66000366210938,0.018850757809631528,-0.0005140116404735621,15:30:00
2025-01-03,TSM,Technology,204.10000610351562,205.5,208.58999633789062,-0.021998971583066795,-0.015036478529881388,15:30:00
2025-01-14,TSM,Technology,204.2550048828125,203.00999450683594,201.52999877929688,0.013341196241820593,0.007290260418627945,15:30:00
2025-01-16,TSM,Technology,217.0,218.4250030517578,214.7899932861328,0.01018436273671515,0.01664191239481705,15:30:00
2025-01-22,TSM,Technology,221.9499969482422,223.50999450683594,223.19000244140625,-0.005586868710132159,0.0014316678148363548,15:30:00
2025-01-28,TSM,Technology,195.0399932861328,196.68499755859375,202.30999755859375,-0.037274428438866386,-0.02859902925907847,15:30:00
2025-01-29,TSM,Technology,204.49000549316406,204.92999267578125,202.36500549316406,0.010391705916752186,0.01251640694037032,15:30:00
2025-02-26,TSM,Technology,191.08999633789062,193.92999267578125,194.67999267578125,-0.018786940220265082,-0.0038673749720285686,15:30:00
2025-03-12,TSM,Technology,175.60000610351562,176.71499633789062,177.19000244140625,-0.009054648534313418,-0.0026879784588704756,14:30:00
2025-03-20,TSM,Technology,174.85000610351562,176.5500030517578,177.4600067138672,-0.01492708332424293,-0.005154367863945016,14:30:00
2025-04-08,TSM,Technology,151.97999572753906,152.17999267578125,141.33999633789062,0.07000920969048592,0.07123141582077208,14:30:00
2025-04-14,TSM,Technology,158.3000030517578,157.25,155.80999755859375,0.015729661687687583,0.009157408212440382,14:30:00
2025-04-17,TSM,Technology,156.80999755859375,152.1999969482422,151.60000610351562,0.033224867905066804,0.0039421212664714975,14:30:00
2025-04-23,TSM,Technology,159.3699951171875,158.69000244140625,157.67999267578125,0.010604269895117724,0.006364671687480312,14:30:00
2025-05-01,TSM,Technology,172.8000030517578,173.18499755859375,172.72999572753906,0.00040513497096282514,0.002627258928134041,14:30:00
2025-05-29,TSM,Technology,199.4600067138672,197.47500610351562,197.17999267578125,0.01143093332668289,0.0014939279332379415,14:30:00
2025-06-11,TSM,Technology,215.0,217.08999633789062,213.94000244140625,0.004930221202761628,0.014510083143497566,14:30:00
2025-07-31,TSM,Technology,245.97999572753906,242.01499938964844,241.64999389648438,0.017603064908785652,0.0015081936825593078,14:30:00
2025-08-04,TSM,Technology,237.91000366210938,237.40829467773438,238.97000122070312,-0.004455456022350396,-0.0065781465011096624,14:30:00
2025-09-03,TSM,Technology,231.51499938964844,230.72000122070312,231.39999389648438,0.0004967518021175982,-0.0029472636623765433,14:30:00
2025-10-03,TSM,Technology,292.8599853515625,293.84991455078125,292.2099914550781,0.002219469811500853,0.005580818691780576,14:30:00
2025-10-06,TSM,Technology,300.010009765625,304.1549987792969,302.45001220703125,-0.008133070104268982,0.005605650339821669,14:30:00
2025-10-07,TSM,Technology,306.6199951171875,303.57000732421875,294.0799865722656,0.04089755640407337,0.031261391188153825,14:30:00
2025-10-13,TSM,Technology,298.2349853515625,301.19000244140625,302.9700012207031,-0.015876795485811092,-0.00590988666578718,14:30:00
2025-10-20,TSM,Technology,300.0,301.864990234375,297.79998779296875,0.0073333740234375,0.013466293120809034,14:30:00
2025-10-27,TSM,Technology,298.6499938964844,296.0199890136719,298.2300109863281,0.0014062712832394065,-0.007465786280243997,14:30:00
2025-11-03,TSM,Technology,302.5899963378906,302.9800109863281,304.8349914550781,-0.007419264167215231,-0.006122451651880445,15:30:00
2025-12-15,TSM,Technology,295.1449890136719,289.7900085449219,287.75,0.02505544491331113,0.007039609664822666,15:30:00
2026-01-02,TSM,Technology,311.9800109863281,315.20001220703125,319.6600036621094,-0.024616938282362614,-0.01414971853538093,15:30:00
2026-01-05,TSM,Technology,330.3999938964844,327.5,322.2749938964844,0.024591404812633243,0.015954217109971375,15:30:00
2026-01-06,TSM,Technology,331.05499267578125,331.7650146484375,327.3900146484375,0.011070601889194424,0.013187044464697612,15:30:00
2024-01-18,TTD,Communication Services,65.7699966430664,65.68000030517578,65.04000091552734,0.011099220994350165,0.009744205034633711,15:30:00
2024-01-24,TTD,Communication Services,71.5,70.97000122070312,69.63999938964844,0.026013994550371504,0.01874033828629418,15:30:00
2024-01-25,TTD,Communication Services,70.87000274658203,69.76000213623047,69.0999984741211,0.024975366217920777,0.009461061380423845,15:30:00
2024-02-06,TTD,Communication Services,68.02999877929688,68.2300033569336,68.61000061035156,-0.008525677516713343,-0.005569357096907619,15:30:00
2024-02-22,TTD,Communication Services,83.61000061035156,82.6500015258789,83.5,0.0013156393918019368,-0.010284312866648248,15:30:00
2024-03-21,TTD,Communication Services,84.7300033569336,84.80000305175781,85.05999755859375,-0.003894655831300074,-0.0030659728476336193,14:30:00
2024-03-27,TTD,Communication Services,87.9800033569336,86.86000061035156,87.26000213623047,0.00818369167118681,-0.0046051292087054855,14:30:00
2024-04-04,TTD,Communication Services,87.8499984741211,87.1500015258789,84.55000305175781,0.037563978140937544,0.029833602164069186,14:30:00
2024-04-11,TTD,Communication Services,86.9000015258789,86.45999908447266,87.6500015258789,-0.008630609744887625,-0.013763618482618773,14:30:00
2024-04-17,TTD,Communication Services,82.27999877929688,81.76000213623047,80.12999725341797,0.026130305758097376,0.019936458417608,14:30:00
2024-04-24,TTD,Communication Services,84.5,83.27999877929688,83.79000091552734,0.008402356029262203,-0.0061239450493034055,14:30:00
2024-05-03,TTD,Communication Services,89.2699966430664,89.05000305175781,88.62999725341797,0.007169255222528858,0.004716516383449501,14:30:00
2024-06-12,TTD,Communication Services,94.8499984741211,97.56999969482422,97.4800033569336,-0.027728043491008294,0.0009223771463781098,14:30:00
2024-07-10,TTD,Communication Services,102.0,101.65840148925781,99.83999633789062,0.02117650649126838,0.017887406497920758,14:30:00
2024-07-11,TTD,Communication Services,101.13500213623047,99.66999816894531,98.56999969482422,0.025362163318602107,0.01103640508005774,14:30:00
2024-07-18,TTD,Communication Services,96.25,97.4000015258789,95.72000122070312,0.005506480823863636,0.01724846282193753,14:30:00
2024-07-25,TTD,Communication Services,90.47000122070312,89.8843994140625,90.87000274658203,-0.004421371951826281,-0.010965232442386801,14:30:00
2024-07-26,TTD,Communication Services,92.82769775390625,91.92500305175781,92.45999908447266,0.003961087890043257,-0.005819918574423299,14:30:00
2024-07-29,TTD,Communication Services,93.06999969482422,93.01000213623047,92.22000122070312,0.009132894347353948,0.008493720001965382,14:30:00
2024-08-01,TTD,Communication Services,90.5199966430664,91.1050033569336,87.75,0.030600936210690644,0.03682567623415009,14:30:00
2024-08-06,TTD,Communication Services,84.36000061035156,83.9000015258789,84.79000091552734,-0.005097206046286078,-0.010607859040073053,14:30:00
2024-08-07,TTD,Communication Services,86.3499984741211,86.44499969482422,84.9209976196289,0.016548938966344694,0.017629730818155814,14:30:00
2024-08-09,TTD,Communication Services,90.19000244140625,96.5199966430664,99.55000305175781,-0.10378091093225632,-0.03139252501112752,14:30:00
2024-09-10,TTD,Communication Services,100.08999633789062,99.0199966430664,99.69000244140625,0.003996342403031452,-0.006766368623046797,14:30:00
2024-09-19,TTD,Communication Services,110.91000366210938,110.71499633789062,110.13999938964844,0.006942604337177541,0.005193487488247362,14:30:00
2024-09-26,TTD,Communication Services,112.22000122070312,109.4800033569336,109.36000061035156,0.025485658342908037,0.0010961156640705494,14:30:00
2024-11-06,TTD,Communication Services,122.55999755859375,123.42500305175781,124.76000213623047,-0.01795042935265184,-0.010816277508316766,15:30:00
2024-12-19,TTD,Communication Services,130.39999389648438,126.92500305175781,126.20999908447266,0.032131863559271855,0.005633279102570437,15:30:00
2025-01-06,TTD,Communication Services,123.80000305175781,125.75,126.56500244140625,-0.022334404858556083,-0.006481132734840954,15:30:00
2025-02-27,TTD,Communication Services,73.16000366210938,72.11000061035156,71.4800033569336,0.022963370982523306,0.008736614173978125,15:30:00
2025-03-03,TTD,Communication Services,71.0,70.33999633789062,67.19999694824219,0.05352116974306778,0.044640312100172636,15:30:00
2025-03-12,TTD,Communication Services,60.189998626708984,58.95000076293945,60.19499969482422,-8.308802507623215e-05,-0.02111957448298234,14:30:00
2025-03-25,TTD,Communication Services,60.630001068115234,60.7599983215332,62.0099983215332,-0.022760963699598163,-0.02057274579543566,14:30:00
2025-03-26,TTD,Communication Services,61.755001068115234,59.54999923706055,58.79999923706055,0.047850405310419244,0.012594458599644153,14:30:00
2025-04-08,TTD,Communication Services,48.689998626708984,48.349998474121094,45.2400016784668,0.07085637801496436,0.06432258311898179,14:30:00
2025-04-14,TTD,Communication Services,51.470001220703125,49.86000061035156,48.619998931884766,0.05537210455071805,0.024869668337094985,14:30:00
2025-04-23,TTD,Communication Services,51.0,51.68000030517578,50.040000915527344,0.01882351146024816,0.031733734132431704,14:30:00
2025-05-01,TTD,Communication Services,54.099998474121094,54.2599983215332,53.060001373291016,0.019223606842199155,0.022115683475168225,14:30:00
2025-05-08,TTD,Communication Services,57.685001373291016,58.75,59.97999954223633,-0.03978500674887614,-0.02093616242104388,14:30:00
2025-05-09,TTD,Communication Services,69.75,73.53489685058594,71.04000091552734,-0.01849463678175403,0.03392805378007019,14:30:00
2025-05-12,TTD,Communication Services,75.07499694824219,78.0999984741211,79.41000366210938,-0.05774234951825313,-0.016773434232810636,14:30:00
2025-05-29,TTD,Communication Services,77.79000091552734,75.76000213623047,74.87999725341797,0.03740845388688665,0.011615692423425342,14:30:00
2025-07-01,TTD,Communication Services,73.44000244140625,74.05500030517578,73.4800033569336,-0.000544674757592203,0.00776445811724614,14:30:00
2025-07-08,TTD,Communication Services,73.94779968261719,73.08000183105469,74.05000305175781,-0.0013821015578459436,-0.013273141713181126,14:30:00
2025-07-16,TTD,Communication Services,82.02999877929688,81.5999984741211,81.12999725341797,0.010971614522394129,0.005759818988871462,14:30:00
2025-07-29,TTD,Communication Services,88.95500183105469,86.05000305175781,84.53900146484375,0.0496430810557219,0.017559576215299112,14:30:00
2025-08-15,TTD,Communication Services,51.02000045776367,52.755001068115234,52.11000061035156,-0.0213641737124294,0.012226337687508944,14:30:00
2025-09-24,TTD,Communication Services,47.095001220703125,46.76499938964844,46.880001068115234,0.004565243593058361,-0.0024591399544047214,14:30:00
2025-09-29,TTD,Communication Services,47.58000183105469,48.68000030517578,49.650001525878906,-0.04350566656500555,-0.019926072609329708,14:30:00
2025-10-02,TTD,Communication Services,49.75,50.71500015258789,50.88999938964844,-0.022914560595948492,-0.0034506405705219544,14:30:00
2025-10-06,TTD,Communication Services,52.459999084472656,51.459999084472656,53.119998931884766,-0.012581011416896099,-0.032258062124859065,14:30:00
2025-10-07,TTD,Communication Services,54.689998626708984,54.630001068115234,53.5099983215332,0.021576162640448558,0.02050160579688731,14:30:00
2025-10-15,TTD,Communication Services,51.099998474121094,51.209999084472656,51.11000061035156,-0.00019573652698902128,0.0019527138431723622,14:30:00
2025-10-20,TTD,Communication Services,50.38999938964844,52.26499938964844,52.5,-0.04187340019664731,-0.004496328577363507,14:30:00
2025-10-24,TTD,Communication Services,54.779998779296875,54.54999923706055,51.9900016784668,0.050930944925185136,0.04692937844909302,14:30:00
2025-10-27,TTD,Communication Services,52.70000076293945,53.439998626708984,53.630001068115234,-0.01764706435886413,-0.0035554349979209756,14:30:00
2025-11-10,TTD,Communication Services,44.040000915527344,42.90999984741211,43.244998931884766,0.018051815783734042,-0.007807016678254776,15:30:00
2025-11-12,TTD,Communication Services,44.88999938964844,43.94499969482422,43.79999923706055,0.024281580917981542,0.003299589458883301,15:30:00
2025-11-20,TTD,Communication Services,40.65999984741211,40.777198791503906,38.349998474121094,0.05681262621642731,0.0595234687353887,15:30:00
2025-12-22,TTD,Communication Services,37.529998779296875,37.385101318359375,37.27000045776367,0.006927746602449375,0.003078789585603677,15:30:00
2024-01-18,U,Technology,34.959999084472656,32.70000076293945,32.869998931884766,0.059782614625872685,-0.005198720641559737,15:30:00
2024-01-24,U,Technology,34.95000076293945,34.13840103149414,33.029998779296875,0.05493567787496372,0.032467901797003235,15:30:00
2024-01-25,U,Technology,33.22999954223633,33.31999969482422,32.88999938964844,0.010231723059632915,0.012905171341960594,15:30:00
2024-02-07,U,Technology,32.31999969482422,32.290000915527344,32.52000045776367,-0.006188142476111521,-0.00712293390260413,15:30:00
2024-02-22,U,Technology,31.31999969482422,31.229999542236328,31.030000686645508,0.009259227682132918,0.006404062072442116,15:30:00
2024-03-06,U,Technology,27.299999237060547,26.389999389648438,27.059999465942383,0.008791200652942047,-0.025388408176953387,15:30:00
2024-03-21,U,Technology,27.610000610351562,28.325000762939453,27.549999237060547,0.0021731753699606895,0.027361041659455892,14:30:00
2024-04-04,U,Technology,25.989999771118164,26.225000381469727,25.309999465942383,0.026163921168304256,0.03489040618561335,14:30:00
2024-04-08,U,Technology,25.600000381469727,25.93000030517578,26.219999313354492,-0.024218707915861788,-0.011183918425208248,14:30:00
2024-04-11,U,Technology,26.18000030517578,25.850000381469727,26.045000076293945,0.005156616780296462,-0.007543508392518323,14:30:00
2024-04-24,U,Technology,23.360000610351562,23.279800415039062,23.559999465942383,-0.008561594621799557,-0.01203614489419368,14:30:00
2024-05-03,U,Technology,25.0,24.559999465942383,24.735000610351562,0.0105999755859375,-0.007125453917531866,14:30:00
2024-05-13,U,Technology,21.889999389648438,22.69499969482422,22.680099487304688,-0.036094112365753675,0.0006565414285037141,14:30:00
2024-06-03,U,Technology,18.489999771118164,18.069499969482422,18.030000686645508,0.02487826339463704,0.0021859643544992614,14:30:00
2024-07-11,U,Technology,15.8100004196167,16.594999313354492,16.5,-0.04364323605755029,0.005724574708360693,14:30:00
2024-07-26,U,Technology,16.510000228881836,16.485000610351562,16.6200008392334,-0.0066626655861053525,-0.008189276547376294,14:30:00
2024-07-29,U,Technology,16.729999542236328,16.645000457763672,16.354999542236328,0.02241482428336475,0.01742270396827052,14:30:00
2024-08-09,U,Technology,14.800000190734863,16.3700008392334,15.529999732971191,-0.049324292758680124,0.0513134430786959,14:30:00
2024-08-13,U,Technology,15.449999809265137,16.165000915527344,16.270000457763672,-0.053074476286193405,-0.00649548631546754,14:30:00
2024-08-30,U,Technology,16.850000381469727,16.549999237060547,16.360000610351562,0.02908010445252134,0.011480280088685377,14:30:00
2024-09-06,U,Technology,17.459999084472656,16.510000228881836,15.859999656677246,0.09163800181514929,0.03937011285242194,14:30:00
2024-09-09,U,Technology,16.1200008392334,17.135000228881836,17.170000076293945,-0.06513642570694063,-0.0020425939273181633,14:30:00
2024-09-10,U,Technology,17.309999465942383,16.84000015258789,16.729999542236328,0.03350664018489492,0.006532102693280447,14:30:00
2024-09-19,U,Technology,21.100000381469727,20.809999465942383,20.280000686645508,0.03886254407579785,0.02546846674187908,14:30:00
2024-09-26,U,Technology,22.59000015258789,22.5,22.34000015258789,0.01106684366141362,0.007111104329427084,14:30:00
2024-11-05,U,Technology,20.5,20.959800720214844,21.614999771118164,-0.05439023273747142,-0.03125979390974879,15:30:00
2024-11-25,U,Technology,24.559999465942383,24.260000228881836,24.010000228881836,0.02239410623046783,0.01030502875685763,15:30:00
2024-12-09,U,Technology,27.969999313354492,27.40999984741211,27.389999389648438,0.02073650117785771,0.000729677412441146,15:30:00
2024-12-19,U,Technology,22.5,22.25,22.25,0.011111111111111112,0.0,15:30:00
2024-12-31,U,Technology,22.729999542236328,22.700000762939453,22.489999771118164,0.010558723095097401,0.009251144703225805,15:30:00
2025-01-02,U,Technology,25.18000030517578,25.700000762939453,24.540000915527344,0.025416973069570806,0.04513617949322713,15:30:00
2025-01-06,U,Technology,24.549999237060547,25.09000015258789,24.93000030517578,-0.015478659060061671,0.006377036526068187,15:30:00
2025-01-14,U,Technology,21.889999389648438,22.212400436401367,21.959999084472656,-0.0031977933657376394,0.011363083096371664,15:30:00
2025-01-22,U,Technology,22.68000030517578,22.81999969482422,23.049999237060547,-0.01631388566605656,-0.010078858252066239,15:30:00
2025-01-28,U,Technology,22.06999969482422,23.075000762939453,23.239999771118164,-0.053013144199015545,-0.007150552664063801,15:30:00
2025-02-10,U,Technology,21.34000015258789,21.360000610351562,20.420000076293945,0.043111530914510206,0.044007514381908336,15:30:00
2025-02-21,U,Technology,29.329999923706055,28.825000762939453,28.329999923706055,0.03409478358681301,0.017172621895289772,15:30:00
2025-02-26,U,Technology,25.989999771118164,26.96500015258789,26.5,-0.01962294087622819,0.017244581863770675,15:30:00
2025-03-12,U,Technology,21.649999618530273,21.68000030517578,21.510000228881836,0.00646648462425892,0.007841331822000034,14:30:00
2025-04-01,U,Technology,19.799999237060547,19.540000915527344,20.190000534057617,-0.01969703596084425,-0.03326507615533197,14:30:00
2025-04-08,U,Technology,18.139999389648438,18.0,16.75,0.07662620928430894,0.06944444444444445,14:30:00
2025-04-14,U,Technology,19.719999313354492,19.139999389648438,18.15999984741211,0.0791074807434675,0.05120164960748876,14:30:00
2025-04-17,U,Technology,19.260000228881836,18.969999313354492,19.219999313354492,0.0020768907088256072,-0.013178703692625075,14:30:00
2025-04-23,U,Technology,21.09000015258789,21.725000381469727,20.959999084472656,0.0061641093966176355,0.035212947459811135,14:30:00
2025-05-01,U,Technology,21.940000534057617,21.545000076293945,21.200000762939453,0.033728338792401454,0.016012964127769782,14:30:00
2025-05-08,U,Technology,21.024999618530273,20.81999969482422,20.639999389648438,0.01831154510664143,0.008645547925753751,14:30:00
2025-05-27,U,Technology,21.139999389648438,21.065000534057617,21.80459976196289,-0.031438050686032,-0.03511033511295189,14:30:00
2025-05-29,U,Technology,24.780000686645508,24.084999084472656,23.780000686645508,0.040355123982660834,0.01266341745571324,14:30:00
2025-06-06,U,Technology,25.235000610351562,25.5049991607666,25.125,0.004359049244739845,0.01489900698962344,14:30:00
2025-06-24,U,Technology,23.969999313354492,24.110000610351562,24.040000915527344,-0.0029203839874059286,0.002903346870682557,14:30:00
2025-07-17,U,Technology,34.849998474121094,38.84000015258789,36.5,-0.04734581343250744,0.06024717156011591,14:30:00
2025-07-21,U,Technology,36.9900016784668,36.040000915527344,35.88999938964844,0.029737827491332882,0.0041620844081133234,14:30:00
2025-07-25,U,Technology,33.30500030517578,33.040000915527344,32.77000045776367,0.016063649377266856,0.008171926461321118,14:30:00
2025-07-28,U,Technology,32.9900016784668,32.90999984741211,33.5,-0.01545917840513748,-0.017927686275400742,14:30:00
2025-07-31,U,Technology,33.5,34.404998779296875,33.349998474121094,0.004477657488922575,0.030664157611033693,14:30:00
2025-08-04,U,Technology,32.220001220703125,34.025001525878906,34.0,-0.055245149343853155,0.0007347986703216006,14:30:00
2025-08-07,U,Technology,32.779998779296875,33.075801849365234,33.564998626708984,-0.023947525217966083,-0.01479017136369555,14:30:00
2025-09-05,U,Technology,42.20500183105469,42.119998931884766,43.880001068115234,-0.03968722104942719,-0.041785426896061725,14:30:00
2025-09-10,U,Technology,45.869998931884766,44.54999923706055,43.09989929199219,0.06039022682355133,0.03254994320767666,14:30:00
2025-10-03,U,Technology,39.470001220703125,39.154998779296875,37.88010025024414,0.040281249589245935,0.03256030056951079,14:30:00
2025-10-06,U,Technology,38.5,38.400001525878906,37.529998779296875,0.025194836901379872,0.022656320625292437,14:30:00
2025-10-13,U,Technology,37.0099983215332,36.435001373291016,37.150001525878906,-0.0037828481679299695,-0.019623991371989558,14:30:00
2025-10-27,U,Technology,38.20000076293945,38.970001220703125,39.189998626708984,-0.0259161739266246,-0.0056453014912656455,14:30:00
2025-10-31,U,Technology,37.400001525878906,37.400001525878906,37.915000915527344,-0.013770036594572972,-0.013770036594572972,14:30:00
2025-11-19,U,Technology,39.0099983215332,39.66999816894531,39.220001220703125,-0.0053833096181909335,0.011343508167702831,15:30:00
2025-11-20,U,Technology,40.20000076293945,40.959999084472656,37.720001220703125,0.06169152973058274,0.0791015121139924,15:30:00
2025-11-24,U,Technology,39.31999969482422,40.75,41.625,-0.058621574849075944,-0.02147239263803681,15:30:00
2025-12-01,U,Technology,42.77000045776367,42.25,43.119998931884766,-0.00818327029167851,-0.020591690695497412,15:30:00
2025-12-15,U,Technology,46.5,46.4900016784668,45.20500183105469,0.027849422988071238,0.02764034848394713,15:30:00
2025-12-22,U,Technology,47.08000183105469,46.720001220703125,46.224998474121094,0.01816064833645823,0.010595092757888879,15:30:00
2026-01-02,U,Technology,45.20000076293945,43.85499954223633,44.2400016784668,0.02123891743957186,-0.008778979369494164,15:30:00
2024-01-17,UAMY,Basic Materials,0.2549999952316284,0.23589999973773956,0.23559999465942383,0.07607843503911701,0.0012717468361562686,15:30:00
2024-01-24,UAMY,Basic Materials,0.2529999911785126,0.23520000278949738,0.22949999570846558,0.09288536082780253,0.0242347236965523,15:30:00
2024-01-29,UAMY,Basic Materials,0.2387000024318695,0.2312999963760376,0.23999999463558197,-0.005446134019556666,-0.03761348204000959,15:30:00
2024-02-13,UAMY,Basic Materials,0.23600000143051147,0.21799999475479126,0.2150000035762787,0.08898304121585393,0.01376142775547768,15:30:00
2024-02-15,UAMY,Basic Materials,0.25,0.22439999878406525,0.21770000457763672,0.12919998168945312,0.029857371848186917,15:30:00
2024-02-21,UAMY,Basic Materials,0.2198999971151352,0.2224999964237213,0.22250300645828247,-0.011837241370150608,-1.3528245436125853e-05,15:30:00
2024-02-22,UAMY,Basic Materials,0.2296999990940094,0.22220000624656677,0.22200000286102295,0.03352196893059225,0.0009001052201676683,15:30:00
2024-03-11,UAMY,Basic Materials,0.2784000039100647,0.2709999978542328,0.23100000619888306,0.1702586100770814,0.1476014463913951,14:30:00
2024-04-09,UAMY,Basic Materials,0.2572000026702881,0.2680000066757202,0.2630999982357025,-0.02293932933188107,0.018283613126721696,14:30:00
2024-04-11,UAMY,Basic Materials,0.2551000118255615,0.2554500102996826,0.2484000027179718,0.02626424459819789,0.027598384409693543,14:30:00
2024-04-15,UAMY,Basic Materials,0.24799999594688416,0.2451999932527542,0.24480000138282776,0.012903204098203941,0.0016312882582918248,14:30:00
2024-04-16,UAMY,Basic Materials,0.24500000476837158,0.23600000143051147,0.24250000715255737,0.01020407170268328,-0.027542396960365183,14:30:00
2024-04-18,UAMY,Basic Materials,0.25999999046325684,0.24729999899864197,0.24699999392032623,0.049999988537567895,0.0012131220361120273,14:30:00
2024-04-23,UAMY,Basic Materials,0.23720000684261322,0.2386000007390976,0.23874999582767487,-0.006534523357286803,-0.0006286466391979853,14:30:00
2024-04-29,UAMY,Basic Materials,0.24400000274181366,0.23999999463558197,0.2222999930381775,0.08893446499915754,0.07375000830429314,14:30:00
2024-05-06,UAMY,Basic Materials,0.22499999403953552,0.23000000417232513,0.2264000028371811,-0.006222261487702833,0.01565217943407853,14:30:00
2024-05-08,UAMY,Basic Materials,0.2290000021457672,0.2273000031709671,0.22010000050067902,0.038864635640584,0.03167621016209356,14:30:00
2024-05-13,UAMY,Basic Materials,0.22840000689029694,0.22540000081062317,0.21789999306201935,0.04597203814149122,0.03327421349436989,14:30:00
2024-06-03,UAMY,Basic Materials,0.3684000074863434,0.367000013589859,0.335999995470047,0.08794791356647151,0.08446871109507939,14:30:00
2024-06-12,UAMY,Basic Materials,0.36000001430511475,0.3698999881744385,0.36500000953674316,-0.013888875091517962,0.013246766137728468,14:30:00
2024-06-17,UAMY,Basic Materials,0.3790000081062317,0.3709000051021576,0.362199991941452,0.04432721848404475,0.02345649242660244,14:30:00
2024-07-19,UAMY,Basic Materials,0.3102000057697296,0.30489999055862427,0.3221000134944916,-0.03836237106196472,-0.05641201531149342,14:30:00
2024-07-29,UAMY,Basic Materials,0.36869901418685913,0.3720000088214874,0.3619999885559082,0.018169361384719668,0.02688177427000535,14:30:00
2024-08-01,UAMY,Basic Materials,0.38499999046325684,0.38609999418258667,0.37040001153945923,0.0379220241180525,0.04066299632136985,14:30:00
2024-08-02,UAMY,Basic Materials,0.3797999918460846,0.33959999680519104,0.33970001339912415,0.10558183072107889,-0.0002945129413251415,14:30:00
2024-08-09,UAMY,Basic Materials,0.3499999940395355,0.3483999967575073,0.36090001463890076,-0.03114291652854709,-0.035878352461907945,14:30:00
2024-08-13,UAMY,Basic Materials,0.38499999046325684,0.37229999899864197,0.37459999322891235,0.027012980498598283,-0.006177798110278199,14:30:00
2024-08-14,UAMY,Basic Materials,0.3756999969482422,0.36000001430511475,0.38440001010894775,-0.023156809239751237,-0.06777776342851201,14:30:00
2024-08-20,UAMY,Basic Materials,0.5924999713897705,0.6019999980926514,0.6251999735832214,-0.05518987978471908,-0.03853816538883021,14:30:00
2024-08-21,UAMY,Basic Materials,0.6499999761581421,0.675000011920929,0.7160000205039978,-0.10153853348726616,-0.06074075238367801,14:30:00
2024-08-22,UAMY,Basic Materials,0.7250000238418579,0.6301000118255615,0.6274999976158142,0.13448279037203328,0.004126351628235025,14:30:00
2024-08-26,UAMY,Basic Materials,0.6600000262260437,0.6780999898910522,0.6299999952316284,0.04545459060957758,0.07093348381726398,14:30:00
2024-09-04,UAMY,Basic Materials,0.715499997138977,0.7475000023841858,0.7167999744415283,-0.0018168795356385795,0.04107027136419841,14:30:00
2024-09-06,UAMY,Basic Materials,0.7400000095367432,0.699999988079071,0.6919999718666077,0.06486491493450738,0.011428594783861207,14:30:00
2024-09-17,UAMY,Basic Materials,0.699999988079071,0.6782500147819519,0.6693000197410583,0.04385709837261435,0.013195716691242322,14:30:00
2024-09-18,UAMY,Basic Materials,0.6800000071525574,0.6718999743461609,0.6818000078201294,-0.0026470597774099626,-0.014734385849028232,14:30:00
2024-09-19,UAMY,Basic Materials,0.7038999795913696,0.6764500141143799,0.6930999755859375,0.015343094642085064,-0.024613735123290723,14:30:00
2024-09-23,UAMY,Basic Materials,0.800000011920929,0.7699999809265137,0.7666000127792358,0.04174999830499294,0.004415543157789135,14:30:00
2024-09-24,UAMY,Basic Materials,0.800000011920929,0.7621999979019165,0.7799999713897705,0.02500005029141828,-0.023353415818487825,14:30:00
2024-09-26,UAMY,Basic Materials,0.7882999777793884,0.7567009925842285,0.7660999894142151,0.0281618533438373,-0.012421018238509008,14:30:00
2024-10-10,UAMY,Basic Materials,0.6899999976158142,0.6998999714851379,0.6876000165939331,0.0034782333770635625,0.017573875399802066,14:30:00
2024-11-06,UAMY,Basic Materials,0.6299999952316284,0.6223000288009644,0.6068999767303467,0.036666696311305036,0.024746989165805113,15:30:00
2024-11-29,UAMY,Basic Materials,0.798799991607666,0.7860000133514404,0.75,0.06109162759184697,0.04580154292611178,15:30:00
2024-12-02,UAMY,Basic Materials,0.7724999785423279,0.7721999883651733,0.718999981880188,0.06925566103327528,0.06889407833016836,15:30:00
2024-12-04,UAMY,Basic Materials,1.149999976158142,1.1549999713897705,1.0700000524520874,0.06956515249097145,0.07359300523220422,15:30:00
2024-12-09,UAMY,Basic Materials,2.119999885559082,1.8990000486373901,1.6122000217437744,0.23952825057883986,0.15102686653399847,15:30:00
2024-12-12,UAMY,Basic Materials,1.600000023841858,1.715000033378601,1.6950000524520874,-0.059375016996636734,0.011661796231638034,15:30:00
2024-12-13,UAMY,Basic Materials,1.9900000095367432,1.9000999927520752,1.934999942779541,0.027638224368655026,-0.018367428114621102,15:30:00
2024-12-19,UAMY,Basic Materials,1.909999966621399,1.684999942779541,1.7549999952316284,0.08115181889974069,-0.041543059245816215,15:30:00
2024-12-31,UAMY,Basic Materials,1.840000033378601,1.7649999856948853,1.75,0.0489130607314954,0.008498575533404166,15:30:00
2025-01-06,UAMY,Basic Materials,1.940000057220459,1.8450000286102295,1.7799999713897705,0.08247426861416132,0.03523038277100794,15:30:00
2025-01-17,UAMY,Basic Materials,1.8300000429153442,1.7599999904632568,1.6449999809265137,0.10109292767781027,0.0653409148635697,15:30:00
2025-01-28,UAMY,Basic Materials,1.6799999475479126,1.6449999809265137,1.6749999523162842,0.002976187730795046,-0.018237064886088096,15:30:00
2025-02-20,UAMY,Basic Materials,1.75,1.715000033378601,1.7050000429153442,0.025714261191231862,0.005830898115819017,15:30:00
2025-02-24,UAMY,Basic Materials,1.625,1.4850000143051147,1.498900055885315,0.07759996560903695,-0.009360297270235737,15:30:00
2025-02-25,UAMY,Basic Materials,1.5199999809265137,1.3849999904632568,1.440500020980835,0.052302605883731416,-0.04007222447634414,15:30:00
2025-02-27,UAMY,Basic Materials,1.4600000381469727,1.434999942779541,1.3600000143051147,0.0684931652253774,0.052264760602815236,15:30:00
2025-03-03,UAMY,Basic Materials,1.4199999570846558,1.399999976158142,1.2899999618530273,0.09154929518344924,0.07857144012743132,15:30:00
2025-03-10,UAMY,Basic Materials,1.4600000381469727,1.3550000190734863,1.2949999570846558,0.11301375119944138,0.04428048792933379,14:30:00
2025-03-12,UAMY,Basic Materials,1.5,1.4700000286102295,1.4800000190734863,0.013333320617675781,-0.00680271446845552,14:30:00
2025-03-19,UAMY,Basic Materials,1.7200000286102295,1.7099000215530396,1.7999999523162842,-0.0465115827763649,-0.05269309879381729,14:30:00
2025-03-20,UAMY,Basic Materials,1.8200000524520874,1.8049999475479126,1.7699999809265137,0.027472565980538627,0.019390563788628516,14:30:00
2025-03-25,UAMY,Basic Materials,2.359999895095825,2.249799966812134,2.2200000286102295,0.05932197996132164,0.013245594560181935,14:30:00
2025-03-28,UAMY,Basic Materials,2.4000000953674316,2.2613000869750977,2.2750000953674316,0.052083331263727696,-0.006058465424931837,14:30:00
2025-04-08,UAMY,Basic Materials,2.140000104904175,2.0899999141693115,1.9700000286102295,0.07943928409366018,0.057416215544093464,14:30:00
2025-04-15,UAMY,Basic Materials,3.200000047683716,3.2850000858306885,3.259999990463257,-0.018749981839210065,0.007610378908440663,14:30:00
2025-04-16,UAMY,Basic Materials,3.3499999046325684,3.4935998916625977,3.490000009536743,-0.04179107728050224,0.0010304219823356231,14:30:00
2025-04-17,UAMY,Basic Materials,3.509999990463257,3.265000104904175,3.194999933242798,0.08974360628955005,0.02143956184143259,14:30:00
2025-04-23,UAMY,Basic Materials,3.3299999237060547,3.430000066757202,3.450000047683716,-0.03603607409219081,-0.005830898115819017,14:30:00
2025-04-28,UAMY,Basic Materials,3.5399999618530273,3.365000009536743,3.359999895095825,0.0508474770330168,0.0014859181060169835,14:30:00
2025-05-01,UAMY,Basic Materials,3.2300000190734863,3.359999895095825,3.2049999237060547,0.007739967560310673,0.04613094530627954,14:30:00
2025-05-05,UAMY,Basic Materials,3.450000047683716,3.244999885559082,3.4000000953674316,0.01449273960151203,-0.047765859868942516,14:30:00
2025-05-09,UAMY,Basic Materials,3.6500000953674316,3.4200000762939453,3.2799999713897705,0.1013698943315821,0.040935702275154556,14:30:00
2025-05-20,UAMY,Basic Materials,2.8499999046325684,2.637500047683716,2.609999895095825,0.0842105324798896,0.010426597949085,14:30:00
2025-05-28,UAMY,Basic Materials,2.5999999046325684,2.490000009536743,2.4200000762939453,0.06923070574652987,0.028112422881404375,14:30:00
2025-05-29,UAMY,Basic Materials,2.450000047683716,2.3949999809265137,2.390000104904175,0.02448977208643987,0.002087630923656479,14:30:00
2025-06-04,UAMY,Basic Materials,2.759999990463257,2.684999942779541,2.75,0.0036231849629747175,-0.024208587935078397,14:30:00
2025-06-05,UAMY,Basic Materials,3.2799999713897705,2.9700000286102295,3.0199999809265137,0.07926829046681122,-0.016835000617720856,14:30:00
2025-06-09,UAMY,Basic Materials,3.5,3.0450000762939453,3.0250000953674316,0.1357142584664481,0.006568138070740396,14:30:00
2025-06-20,UAMY,Basic Materials,2.9200000762939453,2.9049999713897705,2.75,0.05821920268910022,0.053356272948814364,14:30:00
2025-06-25,UAMY,Basic Materials,2.640000104904175,2.489000082015991,2.509999990463257,0.049242465634537026,-0.008437086281755577,14:30:00
2025-07-01,UAMY,Basic Materials,2.2300000190734863,2.0350000858306885,1.9450000524520874,0.12780267452186383,0.04422605876297199,14:30:00
2025-07-03,UAMY,Basic Materials,2.1600000858306885,2.184999942779541,2.184999942779541,-0.011574007386781257,0.0,14:30:00
2025-07-08,UAMY,Basic Materials,2.2899999618530273,2.1900999546051025,2.2300000190734863,0.026200848811800907,-0.01821837600812981,14:30:00
2025-07-09,UAMY,Basic Materials,2.259999990463257,2.2249999046325684,2.265000104904175,-0.0022124400274413456,-0.017977618870150914,14:30:00
2025-07-14,UAMY,Basic Materials,2.8299999237060547,2.9746999740600586,3.0199999809265137,-0.06713783121649082,-0.015228428837018734,14:30:00
2025-07-21,UAMY,Basic Materials,4.070000171661377,3.815000057220459,3.5250000953674316,0.1339066470042619,0.07601571625252246,14:30:00
2025-07-24,UAMY,Basic Materials,3.75,3.712100028991699,3.575000047683716,0.046666653951009114,0.03693326694787997,14:30:00
2025-08-05,UAMY,Basic Materials,3.5999999046325684,3.494999885559082,3.430000066757202,0.047222178438562246,0.018597945902788522,14:30:00
2025-08-07,UAMY,Basic Materials,3.4800000190734863,3.575000047683716,3.5,-0.005747120924395414,0.020979034037302804,14:30:00
2025-08-08,UAMY,Basic Materials,3.700000047683716,3.5999999046325684,3.630000114440918,0.018918900632614696,-0.00833339183418994,14:30:00
2025-08-11,UAMY,Basic Materials,3.8499999046325684,3.900099992752075,3.809999942779541,0.010389600738664125,0.023101984600388613,14:30:00
2025-08-25,UAMY,Basic Materials,4.789999961853027,4.805099964141846,4.804999828338623,-0.003131496159718748,2.083948387544935e-05,14:30:00
2025-08-26,UAMY,Basic Materials,4.900000095367432,5.0015997886657715,4.945000171661377,-0.009183688860840917,0.01131630266233138,14:30:00
2025-08-29,UAMY,Basic Materials,4.619999885559082,4.545000076293945,4.559999942779541,0.012987000923330156,-0.0033003006014967547,14:30:00
2025-09-03,UAMY,Basic Materials,4.380000114440918,4.425000190734863,4.320000171661377,0.013698616715036242,0.02372881684690931,14:30:00
2025-09-05,UAMY,Basic Materials,4.650000095367432,4.34499979019165,4.510000228881836,0.03010749755146688,-0.03797478634237349,14:30:00
2025-09-23,UAMY,Basic Materials,7.070000171661377,7.664999961853027,7.264999866485596,-0.027581285726955767,0.052185270366359,14:30:00
2025-09-24,UAMY,Basic Materials,7.869999885559082,6.965000152587891,6.670000076293945,0.15247774164102026,0.04235464032033598,14:30:00
2025-09-26,UAMY,Basic Materials,6.460000038146973,6.320000171661377,6.21999979019165,0.03715174095016963,0.01582284473948659,14:30:00
2025-10-10,UAMY,Basic Materials,12.0,12.350000381469727,12.220000267028809,-0.01833335558573405,0.010526324730805161,14:30:00
2025-10-14,UAMY,Basic Materials,19.5,16.59000015258789,17.420000076293945,0.10666666275415665,-0.05003013357878614,14:30:00
2025-10-20,UAMY,Basic Materials,13.300000190734863,11.135000228881836,13.380000114440918,-0.006015031771336723,-0.2016165100505366,14:30:00
2025-10-30,UAMY,Basic Materials,9.25,8.109999656677246,8.403300285339355,0.09153510428763725,-0.03616530716134183,14:30:00
2025-11-10,UAMY,Basic Materials,8.489999771118164,8.104999542236328,7.675000190734863,0.09599524173791142,0.05305359355798552,15:30:00
2025-11-11,UAMY,Basic Materials,7.900000095367432,7.855000019073486,8.0600004196167,-0.020253205356679925,-0.02609807766332674,15:30:00
2025-11-19,UAMY,Basic Materials,7.320000171661377,7.335000038146973,6.739999771118164,0.07923502553847259,0.08111796372657176,15:30:00
2025-11-20,UAMY,Basic Materials,6.929999828338623,6.736499786376953,5.849999904632568,0.15584414869530677,0.13159651300474026,15:30:00
2025-12-05,UAMY,Basic Materials,6.489999771118164,6.5756001472473145,6.360000133514404,0.02003076150823378,0.03278788382884943,15:30:00
2025-12-18,UAMY,Basic Materials,4.590000152587891,4.505000114440918,4.4770002365112305,0.02461871728107669,0.006215289060689038,15:30:00
2025-12-19,UAMY,Basic Materials,4.519999980926514,4.619999885559082,4.84499979019165,-0.07190261297269253,-0.04870127926536525,15:30:00
2025-12-22,UAMY,Basic Materials,5.139999866485596,5.570000171661377,5.59499979019165,-0.08852138823442317,-0.004488261716303815,15:30:00
2025-12-23,UAMY,Basic Materials,5.630000114440918,6.295000076293945,6.03000020980835,-0.07104797286618764,0.04209688058361535,15:30:00
2025-12-30,UAMY,Basic Materials,5.639999866485596,5.269000053405762,5.175000190734863,0.08244675297137616,0.0178401711364833,15:30:00
2026-01-02,UAMY,Basic Materials,5.199999809265137,5.554999828338623,5.985000133514404,-0.15096160635440556,-0.0774077981032782,15:30:00
2026-01-05,UAMY,Basic Materials,6.400000095367432,6.795000076293945,6.849999904632568,-0.07031246914994017,-0.008094161548357253,15:30:00
2026-01-12,UAMY,Basic Materials,8.010000228881836,8.585000038146973,8.550000190734863,-0.06741572364828874,0.004076860484168839,15:30:00
2026-01-14,UAMY,Basic Materials,7.900000095367432,7.795000076293945,8.774999618530273,-0.11075943197468345,-0.12572155646498198,15:30:00
2024-01-25,UBER,Technology,64.0,64.36000061035156,66.0,-0.03125,-0.025481655905774846,15:30:00
2024-02-22,UBER,Technology,79.25,79.01000213623047,78.0199966430664,0.015520547090644717,0.012530128672279709,15:30:00
2024-03-06,UBER,Technology,80.16999816894531,79.55000305175781,78.6500015258789,0.018959669175284986,0.011313657967974382,15:30:00
2024-03-18,UBER,Technology,77.0,74.7699966430664,75.69000244140625,0.017012955306412336,-0.012304478261938747,14:30:00
2024-03-21,UBER,Technology,79.5999984741211,79.875,80.23999786376953,-0.008040193491417075,-0.004569613317928403,14:30:00
2024-04-04,UBER,Technology,77.23999786376953,76.87000274658203,74.95999908447266,0.029518369269224687,0.024847191282223572,14:30:00
2024-04-11,UBER,Technology,74.80000305175781,75.28500366210938,76.1500015258789,-0.01804810720645243,-0.011489643643397749,14:30:00
2024-04-15,UBER,Technology,76.37999725341797,75.8499984741211,73.4000015258789,0.03901539453650228,0.03230055369187767,14:30:00
2024-04-17,UBER,Technology,75.0,73.15499877929688,71.91999816894531,0.04106669108072917,0.016881971580335425,14:30:00
2024-06-28,UBER,Technology,70.80999755859375,72.51000213623047,72.63999938964844,-0.02584383412159279,-0.0017928182262873511,14:30:00
2024-07-18,UBER,Technology,69.0,67.75499725341797,66.2750015258789,0.03949273150900136,0.021843344218634774,14:30:00
2024-07-19,UBER,Technology,66.77999877929688,66.97000122070312,67.33999633789062,-0.008385707829143602,-0.0055247888673043595,14:30:00
2024-07-26,UBER,Technology,66.0999984741211,65.23999786376953,64.4000015258789,0.025718562594335848,0.012875480769399438,14:30:00
2024-07-29,UBER,Technology,64.83499908447266,64.57990264892578,63.779998779296875,0.01627208020472454,0.012386266265797969,14:30:00
2024-07-30,UBER,Technology,64.1500015258789,64.02999877929688,63.08000183105469,0.016679651899814338,0.014836747873706887,14:30:00
2024-08-01,UBER,Technology,64.86000061035156,62.97999954223633,61.019901275634766,0.05920597130096114,0.031122551299592502,14:30:00
2024-08-14,UBER,Technology,71.5999984741211,70.88500213623047,71.87999725341797,-0.0039105975595527,-0.014036750895136701,14:30:00
2024-08-30,UBER,Technology,72.88999938964844,72.9800033569336,73.05000305175781,-0.0021951387494742952,-0.0009591626692843706,14:30:00
2024-09-09,UBER,Technology,70.94999694824219,70.68000030517578,69.80000305175781,0.016208512275529652,0.012450442128160658,14:30:00
2024-11-15,UBER,Technology,72.0999984741211,72.46499633789062,73.26000213623047,-0.01608881673590792,-0.01097089406632799,15:30:00
2024-12-12,UBER,Technology,63.165000915527344,62.790000915527344,61.41999816894531,0.02762610181729723,0.021818804373408492,15:30:00
2024-12-19,UBER,Technology,61.79499816894531,61.040000915527344,60.27000045776367,0.02467833572892666,0.012614686209282138,15:30:00
2025-01-02,UBER,Technology,62.189998626708984,62.709999084472656,63.18000030517578,-0.015918985372699736,-0.007494836988755433,15:30:00
2025-01-03,UBER,Technology,63.689998626708984,64.36499786376953,64.61000061035156,-0.014444999269583385,-0.0038064593290376082,15:30:00
2025-01-14,UBER,Technology,66.16000366210938,65.94000244140625,64.83999633789062,0.019951742006549103,0.01668192391247,15:30:00
2025-01-31,UBER,Technology,67.08999633789062,67.51000213623047,66.8499984741211,0.0035772525990433973,0.009776383368756731,15:30:00
2025-02-10,UBER,Technology,77.0999984741211,78.72000122070312,78.61499786376953,-0.019649797919995455,0.0013338840867037256,15:30:00
2025-02-26,UBER,Technology,75.33000183105469,75.92500305175781,75.88999938964844,-0.007433924664566938,0.0004610294461959142,15:30:00
2025-03-03,UBER,Technology,77.05999755859375,76.75499725341797,74.45999908447266,0.03373992416939989,0.029900309440022997,15:30:00
2025-03-12,UBER,Technology,71.94999694824219,70.55000305175781,71.18000030517578,0.010701830100428073,-0.008929797677765966,14:30:00
2025-03-17,UBER,Technology,72.0199966430664,73.08999633789062,72.73500061035156,-0.009927853382564576,0.004856967373454758,14:30:00
2025-03-19,UBER,Technology,71.91999816894531,72.03500366210938,73.0199966430664,-0.01529475114191629,-0.01367381038220368,14:30:00
2025-04-08,UBER,Technology,69.51000213623047,69.04000091552734,65.02999877929688,0.06445120442024121,0.05808230131886636,14:30:00
2025-04-17,UBER,Technology,73.9800033569336,74.4800033569336,75.22000122070312,-0.01676125719793328,-0.009935524038891473,14:30:00
2025-04-23,UBER,Technology,76.92500305175781,75.62000274658203,73.75,0.04127400618523941,0.024728943119042057,14:30:00
2025-06-06,UBER,Technology,85.58999633789062,85.33000183105469,85.5999984741211,-0.00011686104286045883,-0.0031641466925194026,14:30:00
2025-06-16,UBER,Technology,84.8499984741211,85.69999694824219,85.13999938964844,-0.0034178069621980355,0.006534394148601382,14:30:00
2025-07-17,UBER,Technology,91.20500183105469,90.22000122070312,90.54000091552734,0.007291276817900523,-0.003546881960701938,14:30:00
2025-07-24,UBER,Technology,91.05000305175781,93.0999984741211,90.91999816894531,0.001427840510215009,0.023415685724009476,14:30:00
2025-08-04,UBER,Technology,87.69999694824219,87.95500183105469,88.44499969482422,-0.008494900484679706,-0.0055710062369247245,14:30:00
2025-08-07,UBER,Technology,90.72000122070312,89.3949966430664,92.68000030517578,-0.02160492788910332,-0.03674706399090361,14:30:00
2025-10-09,UBER,Technology,99.96499633789062,98.19999694824219,96.0,0.039663847177952,0.02240322827506532,14:30:00
2025-10-20,UBER,Technology,93.0,94.0,93.72000122070312,-0.0077419486097110215,0.0029787104180518617,14:30:00
2025-10-24,UBER,Technology,95.1500015258789,94.55999755859375,94.07499694824219,0.011297998532814935,0.005129025199593873,14:30:00
2025-10-27,UBER,Technology,94.91000366210938,95.6615982055664,96.42500305175781,-0.015962483733980362,-0.007980264395655736,14:30:00
2025-11-03,UBER,Technology,97.66000366210938,97.0,99.78500366210938,-0.021759163632147888,-0.028711377959890465,15:30:00
2025-11-20,UBER,Technology,90.19999694824219,88.5199966430664,83.36000061035156,0.07583144755332415,0.05829186882508785,15:30:00
2025-11-21,UBER,Technology,83.97000122070312,82.31500244140625,83.8550033569336,0.0013695112790016023,-0.01870862989554732,15:30:00
2025-11-28,UBER,Technology,86.51000213623047,87.26000213623047,87.3949966430664,-0.010229967460205401,-0.0015470376292815561,15:30:00
2025-12-22,UBER,Technology,81.31999969482422,81.62999725341797,81.26000213623047,0.0007377958536510996,0.004532587647147174,15:30:00
2026-01-06,UBER,Technology,81.56500244140625,85.51000213623047,85.43499755859375,-0.0474467602691189,0.0008771439102202924,15:30:00
2024-02-07,UNH,Healthcare,514.010009765625,518.5399780273438,519.469970703125,-0.01062228523524201,-0.0017934830778509607,15:30:00
2024-02-13,UNH,Healthcare,522.0,522.489990234375,516.7999877929688,0.009961709208872127,0.010890165453416376,15:30:00
2024-02-20,UNH,Healthcare,524.2100219726562,523.7899780273438,521.219970703125,0.005703918552108903,0.004906560705681517,15:30:00
2024-03-13,UNH,Healthcare,493.5199890136719,495.739990234375,488.0400085449219,0.011103867301711642,0.01553229886863221,14:30:00
2024-04-16,UNH,Healthcare,476.7699890136719,471.61151123046875,469.010009765625,0.016276148723413774,0.005516195858019333,14:30:00
2024-04-17,UNH,Healthcare,478.6000061035156,478.5,478.510009765625,0.00018804082060784561,-2.091905041797283e-05,14:30:00
2024-04-18,UNH,Healthcare,486.1300048828125,499.3599853515625,493.19000244140625,-0.014522859086419995,0.012355781582724176,14:30:00
2024-06-12,UNH,Healthcare,498.0,493.4800109863281,493.19000244140625,0.009658629635730422,0.000587680429734589,14:30:00
2024-07-24,UNH,Healthcare,560.0,553.8477172851562,559.6900024414062,0.0005535670689174108,-0.010548540643784974,14:30:00
2024-08-02,UNH,Healthcare,582.3300170898438,582.5499877929688,589.6199951171875,-0.012518636878406061,-0.012136310140532259,14:30:00
2024-08-26,UNH,Healthcare,588.0499877929688,588.5800170898438,587.0900268554688,0.0016324478486988213,0.002531499865969049,14:30:00
2024-09-19,UNH,Healthcare,583.719970703125,575.9500122070312,577.0999755859375,0.011341046134181989,-0.0019966374764011354,14:30:00
2024-10-25,UNH,Healthcare,566.1599731445312,569.5399780273438,564.3900146484375,0.0031262515544204835,0.009042321132124283,14:30:00
2024-11-06,UNH,Healthcare,603.89501953125,601.9650268554688,596.739990234375,0.011848134303920593,0.008679967087769497,15:30:00
2024-12-06,UNH,Healthcare,582.10498046875,561.844970703125,549.5,0.05601219979683782,0.02197220113526298,15:30:00
2024-12-18,UNH,Healthcare,488.42999267578125,500.7099914550781,499.7200012207031,-0.023114896124767994,0.00197717291699744,15:30:00
2025-01-07,UNH,Healthcare,518.8499755859375,516.625,514.0900268554688,0.009174036724379409,0.004906795343878539,15:30:00
2025-01-13,UNH,Healthcare,535.0449829101562,543.4000244140625,541.5,-0.012064438123939317,0.0034965482677540524,15:30:00
2025-01-27,UNH,Healthcare,539.97998046875,545.5399780273438,543.719970703125,-0.006926164616562933,0.003336157564107111,15:30:00
2025-02-12,UNH,Healthcare,539.8499755859375,538.0,527.3499755859375,0.023154581023057123,0.019795584412755578,15:30:00
2025-02-27,UNH,Healthcare,466.1700134277344,472.87799072265625,468.760009765625,-0.005555905063147366,0.008708337114057932,15:30:00
2025-03-18,UNH,Healthcare,502.239990234375,503.5,503.8299865722656,-0.0031658099092201682,-0.0006553854464064052,14:30:00
2025-04-03,UNH,Healthcare,529.989990234375,534.0999755859375,541.0800170898438,-0.02092497416897338,-0.013068792029523602,14:30:00
2025-04-08,UNH,Healthcare,583.5,562.9650268554688,553.8099975585938,0.05088260915408098,0.016262163474011666,14:30:00
2025-04-15,UNH,Healthcare,592.239990234375,583.0900268554688,583.530029296875,0.014706809876268389,-0.0007546046427498132,14:30:00
2025-05-14,UNH,Healthcare,321.45001220703125,319.3599853515625,307.9471130371094,0.04200621762996007,0.03573670102060357,14:30:00
2025-05-20,UNH,Healthcare,320.9200134277344,315.2300109863281,321.59149169921875,-0.0020923539928605303,-0.02018044123713376,14:30:00
2025-06-04,UNH,Healthcare,303.5400085449219,301.8399963378906,300.3999938964844,0.010344648349618792,0.0047707476109105805,14:30:00
2025-06-09,UNH,Healthcare,305.0350036621094,303.7099914550781,303.1000061035156,0.006343526268667736,0.0020084467706842734,14:30:00
2025-06-20,UNH,Healthcare,309.5,307.09979248046875,302.0199890136719,0.02416804842109249,0.01654121426057279,14:30:00
2025-07-03,UNH,Healthcare,309.8399963378906,310.32000732421875,309.6300048828125,0.0006777416006974208,0.0022235190291335083,14:30:00
2025-07-21,UNH,Healthcare,284.6400146484375,284.1400146484375,282.1600036621094,0.008712798126402636,0.006968434167141031,14:30:00
2025-07-25,UNH,Healthcare,281.0,283.55499267578125,281.0799865722656,-0.00028464972336521353,0.008728487127523669,14:30:00
2025-07-28,UNH,Healthcare,283.5,284.07501220703125,282.1199951171875,0.004867742091049383,0.006882045255071402,14:30:00
2025-08-11,UNH,Healthcare,253.8699951171875,257.55999755859375,252.41000366210938,0.005750941360376938,0.01999531738352643,14:30:00
2025-08-13,UNH,Healthcare,264.3900146484375,268.3299865722656,271.8399963378906,-0.028177999457957792,-0.013080944886044995,14:30:00
2025-08-20,UNH,Healthcare,307.0,297.9800109863281,299.70001220703125,0.02377846186634772,-0.005772203360251711,14:30:00
2025-08-22,UNH,Healthcare,306.1000061035156,308.6300048828125,307.3399963378906,-0.004050931753185478,0.004179789795265351,14:30:00
2025-09-11,UNH,Healthcare,349.0,353.3999938964844,353.6600036621094,-0.013352446023236032,-0.0007357378894046058,14:30:00
2025-10-20,UNH,Healthcare,358.5400085449219,361.7200012207031,364.45001220703125,-0.016483526304621327,-0.007547304481685024,14:30:00
2025-11-20,UNH,Healthcare,310.80999755859375,312.30499267578125,311.6199951171875,-0.0026060859205182087,0.002193360896106066,15:30:00
2024-01-18,UPST,Financial Services,31.75,31.530000686645508,31.149999618530273,0.018897649810070128,0.012052047568656837,15:30:00
2024-01-22,UPST,Financial Services,34.47999954223633,37.01490020751953,36.029998779296875,-0.04495357475750175,0.026608242159263603,15:30:00
2024-01-23,UPST,Financial Services,36.560001373291016,36.04999923706055,35.06999969482422,0.040754967792624885,0.027184453896710693,15:30:00
2024-01-24,UPST,Financial Services,36.29999923706055,35.56999969482422,33.67499923706055,0.07231405110664581,0.053275245263480084,15:30:00
2024-01-25,UPST,Financial Services,34.310001373291016,34.56999969482422,33.25,0.030894821651513686,0.03818338751741,15:30:00
2024-01-26,UPST,Financial Services,33.790000915527344,33.43989944458008,32.619998931884766,0.03462568665113392,0.024518629730156127,15:30:00
2024-02-01,UPST,Financial Services,32.27000045776367,31.770000457763672,32.310001373291016,-0.0012395697229598316,-0.01699719571125732,15:30:00
2024-02-09,UPST,Financial Services,34.5,34.88999938964844,33.915000915527344,0.01695649520210598,0.02794492666028442,15:30:00
2024-02-15,UPST,Financial Services,26.920000076293945,27.020000457763672,27.110000610351562,-0.007057969298630641,-0.003330871615956277,15:30:00
2024-02-22,UPST,Financial Services,25.0,24.479999542236328,24.450000762939453,0.021999969482421874,0.0012254403536698152,15:30:00
2024-02-29,UPST,Financial Services,26.5,25.989999771118164,25.725000381469727,0.029245268623783904,0.010196205924669636,15:30:00
2024-03-08,UPST,Financial Services,27.149999618530273,28.940000534057617,27.334999084472656,-0.006813976741867722,0.0554596205931696,15:30:00
2024-03-11,UPST,Financial Services,27.25,26.84000015258789,26.260000228881836,0.03633026683002437,0.021609535037582017,14:30:00
2024-03-12,UPST,Financial Services,26.489999771118164,26.040000915527344,25.290000915527344,0.04530007044013528,0.028801842305342773,14:30:00
2024-03-21,UPST,Financial Services,27.010000228881836,27.545000076293945,26.329999923706055,0.02517587187758169,0.04410964419032826,14:30:00
2024-03-26,UPST,Financial Services,26.600000381469727,26.600000381469727,26.579999923706055,0.0007518968976257884,0.0007518968976257884,14:30:00
2024-04-04,UPST,Financial Services,26.36199951171875,26.704999923706055,25.100000381469727,0.04787190477292986,0.06010108769225528,14:30:00
2024-04-17,UPST,Financial Services,22.739999771118164,22.65290069580078,22.40999984741211,0.014511870141933076,0.01072272604954733,14:30:00
2024-05-03,UPST,Financial Services,24.68000030517578,24.18000030517578,24.15999984741211,0.02106971034577417,0.0008271487804485567,14:30:00
2024-05-13,UPST,Financial Services,26.239999771118164,27.690000534057617,27.434999465942383,-0.045541147303649394,0.009209139154822082,14:30:00
2024-05-24,UPST,Financial Services,23.40999984741211,23.510000228881836,23.353200912475586,0.002426268060945859,0.006669473197776637,14:30:00
2024-05-28,UPST,Financial Services,23.729999542236328,23.280000686645508,23.520000457763672,0.008849519111826574,-0.010309268214748769,14:30:00
2024-05-31,UPST,Financial Services,24.84000015258789,24.09000015258789,24.75,0.00362319452637017,-0.027397253766360326,14:30:00
2024-06-03,UPST,Financial Services,25.479999542236328,24.639999389648438,24.135000228881836,0.052786473215000865,0.020495096318011996,14:30:00
2024-06-12,UPST,Financial Services,25.920000076293945,26.110000610351562,24.979999542236328,0.03626545259609501,0.04327847727691107,14:30:00
2024-06-13,UPST,Financial Services,25.15999984741211,23.889999389648438,23.09000015258789,0.08227343829006951,0.03348678348678349,14:30:00
2024-06-28,UPST,Financial Services,23.83799934387207,23.614999771118164,23.600000381469727,0.009984015813119196,0.0006351636584295967,14:30:00
2024-07-08,UPST,Financial Services,23.40999984741211,23.426000595092773,23.219999313354492,0.008116212528665226,0.008793702574285512,14:30:00
2024-07-10,UPST,Financial Services,24.639999389648438,23.895000457763672,24.81999969482422,-0.007305207371531087,-0.03871099474116174,14:30:00
2024-07-11,UPST,Financial Services,26.110000610351562,26.459999084472656,26.920000076293945,-0.031022575526913267,-0.017384769755764216,14:30:00
2024-07-22,UPST,Financial Services,28.149999618530273,27.56999969482422,27.639999389648438,0.01811723750596851,-0.002538980616577952,14:30:00
2024-07-25,UPST,Financial Services,24.950000762939453,25.48040008544922,25.75,-0.03206409669729789,-0.010580678232942597,14:30:00
2024-07-26,UPST,Financial Services,26.985000610351562,26.25,26.110000610351562,0.03242542079707592,0.005333310081845238,14:30:00
2024-07-29,UPST,Financial Services,26.309999465942383,27.06369972229004,26.049999237060547,0.009882182978315888,0.037456094164191246,14:30:00
2024-07-30,UPST,Financial Services,26.31999969482422,26.260000228881836,26.030000686645508,0.011018199526641284,0.00875855065619402,14:30:00
2024-08-06,UPST,Financial Services,23.969999313354492,24.06999969482422,23.8700008392334,0.00417181798021084,0.008309051023121789,14:30:00
2024-08-07,UPST,Financial Services,29.920000076293945,32.106201171875,33.27000045776367,-0.11196525310586417,-0.036248426889823354,14:30:00
2024-08-09,UPST,Financial Services,34.61000061035156,34.525001525878906,36.22999954223633,-0.04680724944570609,-0.04938444434475713,14:30:00
2024-08-14,UPST,Financial Services,38.61000061035156,37.28499984741211,36.06999969482422,0.06578608845829324,0.032586835391182706,14:30:00
2024-08-26,UPST,Financial Services,42.439998626708984,42.00199890136719,43.15999984741211,-0.016965156550452925,-0.027570138953725565,14:30:00
2024-09-06,UPST,Financial Services,36.52000045776367,35.15999984741211,34.40999984741211,0.05777657677720549,0.02133105811305066,14:30:00
2024-09-19,UPST,Financial Services,40.34000015258789,39.079898834228516,40.0,0.008428362699599021,-0.023544103061126778,14:30:00
2024-09-23,UPST,Financial Services,39.95000076293945,39.880001068115234,38.529998779296875,0.03554447951249793,0.033851611149973364,14:30:00
2024-09-25,UPST,Financial Services,38.75,40.880001068115234,39.560001373291016,-0.02090326124621976,0.03228961987121291,14:30:00
2024-09-26,UPST,Financial Services,40.0,39.060001373291016,40.87900161743164,-0.021975040435791016,-0.046569385053438474,14:30:00
2024-09-27,UPST,Financial Services,41.709999084472656,41.599998474121094,40.849998474121094,0.020618571786823994,0.018028846815140314,14:30:00
2024-10-21,UPST,Financial Services,53.720001220703125,52.97610092163086,52.5099983215332,0.02252425300957736,0.008798356088666772,14:30:00
2024-10-24,UPST,Financial Services,51.56999969482422,53.0099983215332,51.060001373291016,0.009889438133628468,0.03678545576278728,14:30:00
2024-11-05,UPST,Financial Services,48.525001525878906,51.400001525878906,50.619998931884766,-0.04317356702994795,0.01517514729258178,15:30:00
2024-11-06,UPST,Financial Services,53.78990173339844,53.08000183105469,53.91999816894531,-0.0024186033317494878,-0.015825100017219318,15:30:00
2024-11-13,UPST,Financial Services,70.20999908447266,71.2699966430664,67.79000091552734,0.03446799886770699,0.04882834139823996,15:30:00
2024-11-25,UPST,Financial Services,77.19000244140625,76.69999694824219,79.5,-0.029926123662805088,-0.03650590825508479,15:30:00
2024-11-27,UPST,Financial Services,80.0,79.65290069580078,78.3499984741211,0.02062501907348633,0.01635724763691343,15:30:00
2024-12-06,UPST,Financial Services,74.48999786376953,77.24939727783203,77.14900207519531,-0.03569612414660933,0.001299624413581396,15:30:00
2024-12-09,UPST,Financial Services,77.49120330810547,75.48999786376953,76.38999938964844,0.014210695813802738,-0.011922129438963073,15:30:00
2024-12-11,UPST,Financial Services,76.0,76.20999908447266,78.37000274658203,-0.031184246665553042,-0.028342785566959326,15:30:00
2024-12-12,UPST,Financial Services,78.87999725341797,82.44999694824219,77.12000274658203,0.022312304362557198,0.06464517160632582,15:30:00
2024-12-18,UPST,Financial Services,83.62069702148438,82.9000015258789,73.30500030517578,0.12336296017310425,0.11574187025446377,15:30:00
2024-12-19,UPST,Financial Services,75.36000061035156,69.0801010131836,67.2249984741211,0.10794854127314103,0.026854369230126966,15:30:00
2024-12-31,UPST,Financial Services,64.19000244140625,64.0999984741211,61.59000015258789,0.04050478563529713,0.03915754104965474,15:30:00
2025-01-06,UPST,Financial Services,65.05000305175781,64.5250015258789,63.54899978637695,0.023074607147774737,0.015125946786851453,15:30:00
2025-01-21,UPST,Financial Services,64.0,63.58000183105469,64.01000213623047,-0.00015628337860107422,-0.00676313766580853,15:30:00
2025-01-31,UPST,Financial Services,68.0,68.02999877929688,64.74250030517578,0.047904407276826745,0.04832424714259376,15:30:00
2025-02-06,UPST,Financial Services,65.47000122070312,65.11740112304688,65.17500305175781,0.004505852504124092,-0.0008845858052917681,15:30:00
2025-02-12,UPST,Financial Services,83.1500015258789,86.70999908447266,88.75499725341797,-0.0674082456365874,-0.023584340797340807,15:30:00
2025-02-18,UPST,Financial Services,83.4000015258789,88.34200286865234,86.83999633789062,-0.04124693943733674,0.017002178827606105,15:30:00
2025-02-21,UPST,Financial Services,80.19999694824219,75.98699951171875,71.74500274658203,0.10542387186269676,0.05582529633220372,15:30:00
2025-02-24,UPST,Financial Services,72.16500091552734,68.56999969482422,70.5,0.02307213877093009,-0.028146424292918016,15:30:00
2025-02-26,UPST,Financial Services,68.3499984741211,68.9800033569336,68.76000213623047,-0.005998590654901214,0.0031893477819178936,15:30:00
2025-02-27,UPST,Financial Services,70.88999938964844,69.91999816894531,66.7300033569336,0.05868241033335794,0.04562349678991471,15:30:00
2025-03-03,UPST,Financial Services,68.08999633789062,67.97000122070312,61.68000030517578,0.09414005547754477,0.09254083864296679,15:30:00
2025-03-12,UPST,Financial Services,50.5,48.529998779296875,49.619998931884766,0.017425763725054146,-0.02246033752329064,14:30:00
2025-04-08,UPST,Financial Services,40.72999954223633,39.189998626708984,35.900001525878906,0.11858576161654004,0.08394991620611747,14:30:00
2025-04-14,UPST,Financial Services,40.5099983215332,39.63999938964844,39.959999084472656,0.013576876323102517,-0.008072646310579492,14:30:00
2025-04-23,UPST,Financial Services,45.0,46.10499954223633,43.97999954223633,0.02266667683919271,0.04609044617934133,14:30:00
2025-05-08,UPST,Financial Services,48.029998779296875,49.257999420166016,47.93000030517578,0.0020820003469206347,0.02696007005202402,14:30:00
2025-05-12,UPST,Financial Services,50.90999984741211,51.13999938964844,52.959999084472656,-0.04026712322146577,-0.035588574824907335,14:30:00
2025-05-29,UPST,Financial Services,47.95000076293945,47.01499938964844,46.68000030517578,0.0264859319615539,0.007125366134672649,14:30:00
2025-06-05,UPST,Financial Services,50.95000076293945,52.2599983215332,51.40999984741211,-0.009028441169470113,0.01626480102221627,14:30:00
2025-06-06,UPST,Financial Services,53.380001068115234,53.334999084472656,54.33000183105469,-0.017796941624770864,-0.018655718827446367,14:30:00
2025-06-09,UPST,Financial Services,55.5099983215332,56.029998779296875,57.41999816894531,-0.03440821302765542,-0.02480812814441901,14:30:00
2025-06-10,UPST,Financial Services,58.130001068115234,57.337501525878906,57.68000030517578,0.0077412825506772975,-0.0059733816469538775,14:30:00
2025-06-20,UPST,Financial Services,59.910301208496094,58.45000076293945,57.98099899291992,0.03220318003179344,0.008023982273699206,14:30:00
2025-07-08,UPST,Financial Services,77.87999725341797,77.62999725341797,76.0790023803711,0.023125255990784382,0.019979324074735638,14:30:00
2025-07-09,UPST,Financial Services,76.5427017211914,76.08000183105469,78.33999633789062,-0.023480940393845864,-0.029705500163558652,14:30:00
2025-07-21,UPST,Financial Services,79.08000183105469,78.80000305175781,76.69210052490234,0.030196019864210673,0.026750031030721478,14:30:00
2025-07-25,UPST,Financial Services,83.44000244140625,82.0,83.5,-0.0007190502976780455,-0.018292682926829267,14:30:00
2025-07-28,UPST,Financial Services,84.97000122070312,81.9000015258789,82.29000091552734,0.03154054685976388,-0.004761897220785824,14:30:00
2025-07-29,UPST,Financial Services,84.30000305175781,83.25,80.44000244140625,0.04578885493019059,0.033753724427552555,14:30:00
2025-08-05,UPST,Financial Services,83.79000091552734,82.08000183105469,82.66000366210938,0.01348606326615478,-0.007066298953653846,14:30:00
2025-08-07,UPST,Financial Services,68.69499969482422,69.5000991821289,69.51000213623047,-0.01186407227639388,-0.00014248834488151237,14:30:00
2025-08-08,UPST,Financial Services,70.93000030517578,69.98999786376953,68.73999786376953,0.030875545354346275,0.01785969478714708,14:30:00
2025-08-13,UPST,Financial Services,64.92500305175781,64.19999694824219,66.83000183105469,-0.029341527759008678,-0.04096581009081357,14:30:00
2025-08-20,UPST,Financial Services,63.33000183105469,61.040000915527344,63.869998931884766,-0.008526718541247279,-0.04636300743628474,14:30:00
2025-08-29,UPST,Financial Services,76.08000183105469,74.88999938964844,73.27999877929688,0.03680340410579347,0.02149820568130626,14:30:00
2025-09-03,UPST,Financial Services,69.54000091552734,67.61000061035156,64.43000030517578,0.07348289535628362,0.04703446644680108,14:30:00
2025-09-05,UPST,Financial Services,67.75,65.97000122070312,66.9000015258789,0.012546102939056735,-0.014097321327378157,14:30:00
2025-09-11,UPST,Financial Services,62.900001525878906,62.41999816894531,62.185001373291016,0.011367251752668377,0.0037647677434763296,14:30:00
2025-09-15,UPST,Financial Services,64.4655990600586,65.11499786376953,66.97000122070312,-0.038848660326747844,-0.02848811207541683,14:30:00
2025-09-18,UPST,Financial Services,69.0,68.94000244140625,68.0250015258789,0.014130412668421648,0.013272423602030256,14:30:00
2025-09-24,UPST,Financial Services,63.22800064086914,62.917598724365234,60.59000015258789,0.04172202918869629,0.0369943961462084,14:30:00
2025-10-01,UPST,Financial Services,54.599998474121094,53.4900016784668,52.13999938964844,0.04505492954617258,0.025238404308404107,14:30:00
2025-10-03,UPST,Financial Services,53.31999969482422,52.73500061035156,51.95000076293945,0.02569390359575999,0.014885746436457207,14:30:00
2025-10-06,UPST,Financial Services,52.7400016784668,52.880001068115234,52.595001220703125,0.002749344959214783,0.005389558276388806,14:30:00
2025-10-15,UPST,Financial Services,52.04999923706055,52.04999923706055,51.07099914550781,0.018808839690734682,0.018808839690734682,14:30:00
2025-10-20,UPST,Financial Services,47.380001068115234,48.80500030517578,50.249000549316406,-0.06055296362439065,-0.029587137283297763,14:30:00
2025-10-24,UPST,Financial Services,53.900001525878906,53.880001068115234,52.68000030517578,0.022634530355576485,0.02227172864051003,14:30:00
2025-10-27,UPST,Financial Services,54.13999938964844,53.36000061035156,52.73500061035156,0.025951215277728847,0.011712893419246948,14:30:00
2025-10-31,UPST,Financial Services,46.220001220703125,47.28499984741211,47.54999923706055,-0.028775378217897614,-0.00560430137471896,14:30:00
2025-11-10,UPST,Financial Services,39.75,39.31999969482422,38.77000045776367,0.024654076534247248,0.013987773177245078,15:30:00
2025-11-14,UPST,Financial Services,38.119998931884766,38.81380081176758,38.71500015258789,-0.015608636867128746,0.002545503329056429,15:30:00
2025-11-19,UPST,Financial Services,38.150001525878906,37.619998931884766,37.27000045776367,0.023066868490641844,0.009303521638977325,15:30:00
2025-11-20,UPST,Financial Services,38.099998474121094,38.91999816894531,35.56999969482422,0.06640417009505505,0.08607396278846934,15:30:00
2025-12-18,UPST,Financial Services,47.18000030517578,48.814998626708984,47.029998779296875,0.003179345589416002,0.03656662701277742,15:30:00
2025-12-19,UPST,Financial Services,47.86000061035156,48.06060028076172,47.56999969482422,0.006059358792916938,0.010207957933764793,15:30:00
2026-01-02,UPST,Financial Services,44.130001068115234,43.542999267578125,45.84000015258789,-0.03874912855391166,-0.05275247281186025,15:30:00
2024-01-18,UUUU,Energy,7.699999809265137,7.579599857330322,7.619999885559082,0.010389600738664125,-0.005330100399652155,15:30:00
2024-01-23,UUUU,Energy,7.349999904632568,7.534999847412109,7.559999942779541,-0.028571434132211828,-0.003317862756960494,15:30:00
2024-01-24,UUUU,Energy,7.599999904632568,7.599999904632568,7.460000038146973,0.0184210352950477,0.0184210352950477,15:30:00
2024-02-01,UUUU,Energy,7.949999809265137,7.940000057220459,7.960000038146973,-0.0012578904555672328,-0.0025188892673024777,15:30:00
2024-02-26,UUUU,Energy,6.059999942779541,6.264999866485596,6.340000152587891,-0.046204655520165214,-0.011971314876398707,15:30:00
2024-03-04,UUUU,Energy,6.650000095367432,6.449999809265137,6.320000171661377,0.04962404796594536,0.020154983170235306,15:30:00
2024-03-11,UUUU,Energy,6.130000114440918,6.135000228881836,6.139999866485596,-0.0016312808903739726,-0.0008149368243252697,14:30:00
2024-03-21,UUUU,Energy,6.329999923706055,6.21999979019165,6.21999979019165,0.0173775884423711,0.0,14:30:00
2024-04-01,UUUU,Energy,6.340000152587891,6.380000114440918,6.53000020980835,-0.029968462562718373,-0.02351098631298006,14:30:00
2024-04-17,UUUU,Energy,5.869999885559082,5.869999885559082,5.744999885559082,0.021294719324870055,0.021294719324870055,14:30:00
2024-04-18,UUUU,Energy,5.900000095367432,5.880000114440918,5.840000152587891,0.010169481662661638,0.00680271446845552,14:30:00
2024-04-24,UUUU,Energy,5.309999942779541,5.275000095367432,5.369999885559082,-0.011299424374029993,-0.018009438573296017,14:30:00
2024-04-29,UUUU,Energy,5.449999809265137,5.505000114440918,5.5100998878479,-0.01102753774056873,-0.000926389337141794,14:30:00
2024-05-01,UUUU,Energy,5.480000019073486,5.61899995803833,5.420000076293945,0.010948894629691135,0.035415533587912384,14:30:00
2024-05-03,UUUU,Energy,5.659999847412109,5.585000038146973,5.539999961853027,0.02120139377988657,0.008057309934929872,14:30:00
2024-05-13,UUUU,Energy,6.150000095367432,6.204999923706055,6.045000076293945,0.017073173568335223,0.025785632454375023,14:30:00
2024-05-15,UUUU,Energy,6.210000038146973,6.1875,6.144999980926514,0.01046699787780591,0.006868689951270518,14:30:00
2024-05-16,UUUU,Energy,6.21999979019165,6.184999942779541,6.21999979019165,0.0,-0.0056588274431544185,14:30:00
2024-06-12,UUUU,Energy,5.949999809265137,5.929999828338623,5.945000171661377,0.0008402752544587482,-0.002529568930351297,14:30:00
2024-06-20,UUUU,Energy,6.199999809265137,6.125,6.090000152587891,0.017741880655038917,0.005714260801977041,14:30:00
2024-06-25,UUUU,Energy,5.78000020980835,5.664999961853027,5.570000171661377,0.0363321852117953,0.016769601205888773,14:30:00
2024-07-08,UUUU,Energy,5.940000057220459,5.974999904632568,5.920000076293945,0.0033670001235441716,0.009204992337486112,14:30:00
2024-07-11,UUUU,Energy,6.53000020980835,6.59499979019165,6.644999980926514,-0.01761099041703388,-0.007581530299549908,14:30:00
2024-07-18,UUUU,Energy,5.989999771118164,5.925000190734863,5.764999866485596,0.037562589854751735,0.02700427326558839,14:30:00
2024-07-22,UUUU,Energy,5.670000076293945,5.65500020980835,5.695000171661377,-0.004409187836161782,-0.007073379375592094,14:30:00
2024-07-26,UUUU,Energy,5.670000076293945,5.574999809265137,5.690000057220459,-0.0035273334492768055,-0.020627847872604844,14:30:00
2024-07-29,UUUU,Energy,5.71999979019165,5.565999984741211,5.5,0.038461503192516594,0.011857704800960323,14:30:00
2024-08-06,UUUU,Energy,4.769999980926514,4.764999866485596,4.625,0.030398318974070356,0.029380875216865845,14:30:00
2024-08-07,UUUU,Energy,4.699999809265137,4.739999771118164,4.46999979019165,0.04893617625687685,0.056962024043056184,14:30:00
2024-08-12,UUUU,Energy,4.489999771118164,4.514999866485596,4.585000038146973,-0.02115818972639953,-0.01550391444770163,14:30:00
2024-08-23,UUUU,Energy,4.809999942779541,5.054999828338623,4.900000095367432,-0.018711050656662273,0.03066265840450753,14:30:00
2024-08-26,UUUU,Energy,4.960000038146973,5.010000228881836,4.889999866485596,0.014112937726413529,0.023952167048707437,14:30:00
2024-08-29,UUUU,Energy,4.739999771118164,4.769999980926514,4.78000020980835,-0.008438911523565212,-0.002096484050696687,14:30:00
2024-09-16,UUUU,Energy,4.760000228881836,4.631700038909912,4.690000057220459,0.01470591770913015,-0.012587174864689209,14:30:00
2024-09-19,UUUU,Energy,4.900000095367432,4.894999980926514,4.949999809265137,-0.010204023045831349,-0.011235920031242332,14:30:00
2024-09-26,UUUU,Energy,5.690000057220459,5.71999979019165,5.579999923706055,0.019332184957505764,0.024475502031601468,14:30:00
2024-10-03,UUUU,Energy,5.96999979019165,5.835000038146973,5.599999904632568,0.06197653242249179,0.040274229987671696,14:30:00
2024-10-07,UUUU,Energy,5.699999809265137,5.539999961853027,5.405700206756592,0.0516315109397323,0.024241833216820954,14:30:00
2024-10-17,UUUU,Energy,6.71999979019165,6.835000038146973,6.639999866485596,0.011904750923180184,0.02852965187608736,14:30:00
2024-10-21,UUUU,Energy,7.050000190734863,6.840000152587891,6.900000095367432,0.021276608696346185,-0.008771921263311704,14:30:00
2024-10-25,UUUU,Energy,6.239999771118164,6.284999847412109,6.15500020980835,0.01362172506852242,0.02068411149720043,14:30:00
2024-10-29,UUUU,Energy,6.539999961853027,6.435800075531006,6.414999961853027,0.01911314995857933,0.0032319390648974343,14:30:00
2024-11-06,UUUU,Energy,6.099999904632568,5.909999847412109,6.039999961853027,0.009836056347144335,-0.021996635837113067,15:30:00
2024-11-08,UUUU,Energy,6.400000095367432,6.284999847412109,6.320000171661377,0.012499987892806711,-0.005568866364201933,15:30:00
2024-11-13,UUUU,Energy,6.800000190734863,6.550000190734863,6.389999866485596,0.0602941636395689,0.024427529708410084,15:30:00
2024-11-15,UUUU,Energy,6.75,7.0777997970581055,6.630000114440918,0.017777760823567707,0.06326820416753182,15:30:00
2024-11-27,UUUU,Energy,6.980000019073486,7.010000228881836,6.809999942779541,0.024355311723410402,0.02853071035265814,15:30:00
2024-12-02,UUUU,Energy,7.360000133514404,7.139999866485596,7.03000020980835,0.04483694534234737,0.015406114668653265,15:30:00
2024-12-03,UUUU,Energy,7.099999904632568,6.894999980926514,6.968900203704834,0.018464746857559135,-0.010717943869869306,15:30:00
2024-12-04,UUUU,Energy,7.059999942779541,7.079999923706055,6.860000133514404,0.02832858511134722,0.031073417028582483,15:30:00
2024-12-09,UUUU,Energy,6.829999923706055,6.614999771118164,6.380000114440918,0.06588577076014965,0.03552527056815347,15:30:00
2024-12-10,UUUU,Energy,6.409999847412109,6.425000190734863,6.400000095367432,0.0015600237570543632,0.0038910653113260435,15:30:00
2024-12-18,UUUU,Energy,5.579999923706055,5.6479997634887695,5.360000133514404,0.039426486236496874,0.05099143803725442,15:30:00
2024-12-19,UUUU,Energy,5.409999847412109,5.425000190734863,5.420000076293945,-0.0018484711948041142,0.0009216800488703135,15:30:00
2024-12-23,UUUU,Energy,5.349999904632568,5.364999771118164,5.400000095367432,-0.009345830210495534,-0.006523825860662222,15:30:00
2025-01-06,UUUU,Energy,5.949999809265137,6.005000114440918,5.809000015258789,0.02369744513046666,0.032639483005301666,15:30:00
2025-01-07,UUUU,Energy,5.860000133514404,5.670400142669678,5.460000038146973,0.06825940038461066,0.0371049836394168,15:30:00
2025-01-14,UUUU,Energy,5.309999942779541,5.229700088500977,5.170000076293945,0.026365323539403317,0.011415570911666457,15:30:00
2025-01-28,UUUU,Energy,5.269999980926514,5.230000019073486,5.269999980926514,0.0,-0.007648176234636704,15:30:00
2025-01-30,UUUU,Energy,5.590000152587891,5.659999847412109,5.53000020980835,0.01073344206471337,0.02296813447145211,15:30:00
2025-02-04,UUUU,Energy,5.449999809265137,5.324999809265137,5.400000095367432,0.009174259751845186,-0.014084561274875453,15:30:00
2025-02-10,UUUU,Energy,5.260000228881836,5.1992998123168945,5.070000171661377,0.036121682310430045,0.024868664113043233,15:30:00
2025-02-11,UUUU,Energy,5.199999809265137,5.03000020980835,4.96999979019165,0.044230774521122514,0.011928512348707301,15:30:00
2025-02-21,UUUU,Energy,4.909999847412109,4.747799873352051,4.630000114440918,0.05702642396593343,0.02481144152100994,15:30:00
2025-02-24,UUUU,Energy,4.689300060272217,4.590000152587891,4.550000190734863,0.029705898054488557,0.008714588349299933,15:30:00
2025-02-26,UUUU,Energy,4.449999809265137,4.569900035858154,4.429999828338623,0.004494377928932187,0.03061340651256942,15:30:00
2025-02-28,UUUU,Energy,4.110000133514404,4.394999980926514,4.110000133514404,0.0,0.06484638194515494,15:30:00
2025-03-03,UUUU,Energy,4.150000095367432,4.010000228881836,3.799999952316284,0.08433738192966457,0.05236914328658506,15:30:00
2025-03-12,UUUU,Energy,4.239999771118164,4.195000171661377,4.164999961853027,0.017688635215505667,0.007151420400650045,14:30:00
2025-03-24,UUUU,Energy,4.440000057220459,4.304999828338623,4.28000020980835,0.03603600120498037,0.005807112549856068,14:30:00
2025-03-27,UUUU,Energy,4.21999979019165,4.114999771118164,4.019999980926514,0.04739332208735816,0.023086220042689384,14:30:00
2025-04-08,UUUU,Energy,3.5899999141693115,3.5199999809265137,3.440000057220459,0.04178269095684949,0.02272725117600642,14:30:00
2025-04-14,UUUU,Energy,4.300000190734863,4.25,4.264999866485596,0.008139609929479114,-0.0035293803495519303,14:30:00
2025-04-15,UUUU,Energy,4.320000171661377,4.21999979019165,4.119999885559082,0.046296360684027295,0.02369666104367908,14:30:00
2025-04-17,UUUU,Energy,4.909999847412109,4.695000171661377,4.943999767303467,-0.0069246274843119595,-0.053035055705648385,14:30:00
2025-04-21,UUUU,Energy,5.079999923706055,4.6855998039245605,4.480000019073486,0.1181102192211935,0.04387907492203413,14:30:00
2025-04-22,UUUU,Energy,4.579999923706055,4.506400108337402,4.329999923706055,0.05458515374771108,0.039144368096606715,14:30:00
2025-04-23,UUUU,Energy,4.449999809265137,4.449999809265137,4.460000038146973,-0.0022472425416771766,-0.0022472425416771766,14:30:00
2025-05-01,UUUU,Energy,4.579999923706055,4.554999828338623,4.53000020980835,0.010916968281791192,0.005488390663538559,14:30:00
2025-05-08,UUUU,Energy,4.800000190734863,4.639999866485596,4.75,0.01041670598917381,-0.02370692600853888,14:30:00
2025-05-09,UUUU,Energy,4.869999885559082,4.625,4.760000228881836,0.02258719902713468,-0.029189238677153718,14:30:00
2025-05-12,UUUU,Energy,4.800000190734863,4.710000038146973,4.670000076293945,0.027083356098995363,0.008492560834195724,14:30:00
2025-05-27,UUUU,Energy,5.590000152587891,5.525000095367432,5.414999961853027,0.03130593666510849,0.019909526084286686,14:30:00
2025-06-02,UUUU,Energy,4.949999809265137,4.920000076293945,4.889999866485596,0.012121201028581139,0.006097603525028329,14:30:00
2025-06-03,UUUU,Energy,5.28000020980835,5.638000011444092,5.565000057220459,-0.05397724168318814,0.012947845703344533,14:30:00
2025-06-06,UUUU,Energy,5.59499979019165,5.499599933624268,5.460000038146973,0.024128642914578818,0.007200504755842916,14:30:00
2025-06-10,UUUU,Energy,5.699999809265137,5.454999923706055,5.375,0.05701751230532704,0.01466543076534157,14:30:00
2025-06-11,UUUU,Energy,5.400000095367432,5.65500020980835,5.429999828338623,-0.00555550600766242,0.039787864389372304,14:30:00
2025-06-13,UUUU,Energy,5.579999923706055,5.355000019073486,5.635000228881836,-0.009856685650140983,-0.05228762069300511,14:30:00
2025-06-17,UUUU,Energy,5.824999809265137,5.789999961853027,5.869999885559082,-0.007725335239044819,-0.013816912648208649,14:30:00
2025-06-25,UUUU,Energy,5.699999809265137,5.614999771118164,5.605000019073486,0.016666630415887344,0.001780899813409324,14:30:00
2025-07-01,UUUU,Energy,5.809999942779541,5.69350004196167,5.739999771118164,0.012048222435590667,-0.008167160589055316,14:30:00
2025-07-21,UUUU,Energy,9.449999809265137,9.104999542236328,9.199999809265137,0.0264550269889837,-0.010433857419555131,14:30:00
2025-07-28,UUUU,Energy,10.300000190734863,10.074999809265137,10.050000190734863,0.024271844210729428,0.002481351762139328,14:30:00
2025-08-05,UUUU,Energy,9.800000190734863,9.729999542236328,9.920000076293945,-0.012244886043219935,-0.01952729116099709,14:30:00
2025-08-08,UUUU,Energy,9.75,10.175000190734863,9.550000190734863,0.020512800950270433,0.06142506027362157,14:30:00
2025-08-13,UUUU,Energy,9.789999961853027,9.37440013885498,9.510000228881836,0.02860058570604874,-0.014464935144470812,14:30:00
2025-08-19,UUUU,Energy,10.449999809265137,8.669099807739258,8.475000381469727,0.1889951640041509,0.022389801775756557,14:30:00
2025-08-22,UUUU,Energy,9.65999984741211,10.255000114440918,10.595000267028809,-0.09679093523662773,-0.03315457326120437,14:30:00
2025-08-25,UUUU,Energy,10.75,11.079999923706055,10.914999961853027,-0.015348833660746729,0.014891693410575215,14:30:00
2025-08-28,UUUU,Energy,11.545000076293945,11.5649995803833,11.712699890136719,-0.014525752510571371,-0.012771319940551413,14:30:00
2025-08-29,UUUU,Energy,12.2475004196167,11.630000114440918,11.579999923706055,0.05450095717829212,0.004299242497235943,14:30:00
2025-09-18,UUUU,Energy,14.350000381469727,13.774999618530273,14.076199531555176,0.019080198093103334,-0.02186569302112539,14:30:00
2025-09-23,UUUU,Energy,15.800000190734863,16.04990005493164,16.65999984741211,-0.05443035736047337,-0.03801268483868246,14:30:00
2025-09-24,UUUU,Energy,17.329999923706055,17.729999542236328,16.834999084472656,0.02856323378030007,0.05047944054547806,14:30:00
2025-09-26,UUUU,Energy,17.510000228881836,16.921899795532227,16.690000534057617,0.046830364597692686,0.013704091400886097,14:30:00
2025-10-08,UUUU,Energy,18.0,17.950000762939453,18.0049991607666,-0.0002777311537000868,-0.003063977464597167,14:30:00
2025-10-10,UUUU,Energy,21.239999771118164,20.51219940185547,20.266000747680664,0.045856828339608996,0.01200254781808207,14:30:00
2025-10-15,UUUU,Energy,26.655000686645508,26.0,24.975000381469727,0.06302758438935185,0.03942306225116436,14:30:00
2025-10-20,UUUU,Energy,22.329999923706055,20.915000915527344,22.530000686645508,-0.00895659487786776,-0.07721729382852595,14:30:00
2025-10-23,UUUU,Energy,23.18000030517578,22.360000610351562,21.290000915527344,0.08153577932552598,0.04785329452669435,14:30:00
2025-10-28,UUUU,Energy,19.709999084472656,20.602399826049805,19.96500015258789,-0.01293764992186741,0.030938127540655818,14:30:00
2025-10-30,UUUU,Energy,21.0,20.450000762939453,21.799999237060547,-0.03809520176478794,-0.06601459284870202,14:30:00
2025-10-31,UUUU,Energy,22.299999237060547,21.024999618530273,20.5,0.0807174573382547,0.02497025579337313,14:30:00
2025-11-10,UUUU,Energy,16.3799991607666,16.59000015258789,16.485000610351562,-0.0064103452359424145,0.006329086273091393,15:30:00
2025-11-12,UUUU,Energy,15.899999618530273,16.014999389648438,15.800000190734863,0.006289272339281582,0.013424864633622312,15:30:00
2025-11-19,UUUU,Energy,15.359999656677246,15.90999984741211,15.494999885559082,-0.008789077597612388,0.02608422161113537,15:30:00
2025-11-20,UUUU,Energy,15.989999771118164,15.479999542236328,13.184800148010254,0.17543462559485362,0.14826869910194435,15:30:00
2025-11-26,UUUU,Energy,14.75,14.60990047454834,14.369999885559082,0.025762719623113082,0.016420412268186534,15:30:00
2025-12-03,UUUU,Energy,15.350000381469727,15.229999542236328,15.069999694824219,0.01824108662456583,0.010505571386814072,15:30:00
2025-12-05,UUUU,Energy,16.600000381469727,16.059999465942383,15.604999542236328,0.059939808214950374,0.02833125397488024,15:30:00
2025-12-12,UUUU,Energy,16.0,15.354999542236328,14.574999809265137,0.08906251192092896,0.05079776986158027,15:30:00
2025-12-15,UUUU,Energy,14.760000228881836,14.430000305175781,13.979999542236328,0.05284557415651191,0.0311850833972641,15:30:00
2025-12-19,UUUU,Energy,14.4399995803833,15.289999961853027,14.994999885559082,-0.03843492529804139,0.019293661022232837,15:30:00
2025-12-30,UUUU,Energy,15.149999618530273,14.369999885559082,14.1850004196167,0.0636963183638146,0.012874006083207786,15:30:00
2026-01-02,UUUU,Energy,14.65999984741211,15.630000114440918,16.700000762939453,-0.13915422488135015,-0.06845813439949607,15:30:00
2026-01-05,UUUU,Energy,17.270000457763672,17.3799991607666,18.469999313354492,-0.0694845873644065,-0.0627157770552972,15:30:00
2026-01-08,UUUU,Energy,19.25,19.29010009765625,18.56999969482422,0.035324691177962664,0.037330050087170025,15:30:00
2026-01-12,UUUU,Energy,18.31999969482422,18.71500015258789,19.239999771118164,-0.050218345612410925,-0.028052343801753966,15:30:00
2026-01-14,UUUU,Energy,19.559999465942383,19.639999389648438,20.8799991607666,-0.06748464881722441,-0.06313644652004037,15:30:00
2024-02-07,V,Financial Services,279.3800048828125,278.5299987792969,279.3599853515625,7.165699370073855e-05,-0.0029798821523827827,15:30:00
2024-02-22,V,Financial Services,279.17999267578125,281.92999267578125,283.7099914550781,-0.016226086747404125,-0.0063136197834186055,15:30:00
2024-04-05,V,Financial Services,276.1000061035156,275.70001220703125,277.17999267578125,-0.00391157750232253,-0.005368082710270753,14:30:00
2024-04-15,V,Financial Services,277.8900146484375,275.2300109863281,271.2099914550781,0.02403837072667172,0.014606036299761264,14:30:00
2024-04-17,V,Financial Services,273.29998779296875,273.3599853515625,272.68499755859375,0.002250238791963905,0.002469226767409511,14:30:00
2024-04-23,V,Financial Services,274.010009765625,273.2900085449219,274.3399963378906,-0.001204286560727762,-0.00384202773661284,14:30:00
2024-04-24,V,Financial Services,282.57000732421875,279.0799865722656,275.0400085449219,0.02664825913621119,0.014476057839058368,14:30:00
2024-06-12,V,Financial Services,276.7699890136719,274.55999755859375,270.2699890136719,0.02348520525351798,0.01562503126117761,14:30:00
2024-07-22,V,Financial Services,267.2300109863281,265.67498779296875,267.6499938964844,-0.0015716158099388655,-0.007433918111458345,14:30:00
2024-07-26,V,Financial Services,255.58999633789062,260.3299865722656,259.510009765625,-0.015337116021364573,0.0031497593398177575,14:30:00
2024-07-30,V,Financial Services,263.2300109863281,262.79998779296875,263.1000061035156,0.0004938832100692816,-0.001141622239279655,14:30:00
2024-08-07,V,Financial Services,259.6600036621094,260.92999267578125,256.6099853515625,0.011746199905765255,0.01655619302295608,14:30:00
2024-09-19,V,Financial Services,291.0899963378906,287.5199890136719,285.2200012207031,0.02016556800658221,0.007999401366349464,14:30:00
2024-09-25,V,Financial Services,274.19000244140625,268.92498779296875,269.70001220703125,0.016375470273882434,-0.0028819352951282855,14:30:00
2024-10-01,V,Financial Services,276.9700012207031,276.0950012207031,277.6400146484375,-0.0024190830226428596,-0.005595948571699535,14:30:00
2024-10-30,V,Financial Services,292.3399963378906,291.2250061035156,290.3299865722656,0.0068755893507702,0.0030732921709747214,14:30:00
2024-10-31,V,Financial Services,292.0899963378906,293.7200012207031,289.8599853515625,0.007634670869550908,0.013141821643396303,14:30:00
2024-11-06,V,Financial Services,306.0899963378906,305.0799865722656,307.2900085449219,-0.003920455491484161,-0.007244073914801856,15:30:00
2024-12-19,V,Financial Services,311.8299865722656,315.6600036621094,314.8800048828125,-0.0097810295413653,0.002471009219564623,15:30:00
2025-01-14,V,Financial Services,308.75,309.2300109863281,309.1600036621094,-0.0013279470837550607,0.0002263923996104156,15:30:00
2025-01-31,V,Financial Services,346.4700012207031,347.0899963378906,341.92999267578125,0.013103612228840173,0.014866471856152643,15:30:00
2025-03-12,V,Financial Services,335.9700012207031,331.239990234375,332.8299865722656,0.0093461161324781,-0.0048001339957943895,14:30:00
2025-04-08,V,Financial Services,322.239990234375,325.7200012207031,308.4800109863281,0.04270102924853871,0.05292886580426307,14:30:00
2025-04-14,V,Financial Services,336.4100036621094,337.2449951171875,335.30999755859375,0.0032698376729024758,0.005737661304421635,14:30:00
2025-04-23,V,Financial Services,337.239990234375,340.6050109863281,334.2900085449219,0.008747425497797421,0.018540544729859346,14:30:00
2025-05-12,V,Financial Services,359.1400146484375,353.4949951171875,355.8500061035156,0.009160796376706916,-0.006662077310450783,14:30:00
2025-09-26,V,Financial Services,337.2300109863281,337.7049865722656,337.3999938964844,-0.0005040562957581537,0.0009031334682882584,14:30:00
2025-12-11,V,Financial Services,332.6000061035156,337.56500244140625,345.6499938964844,-0.0392362824819287,-0.023950917294755694,15:30:00
2024-01-24,VOO,Unknown,448.32000732421875,448.05999755859375,446.0899963378906,0.004974150048840922,0.004396735328833955,15:30:00
2024-02-22,VOO,Unknown,462.79998779296875,464.4800109863281,466.4100036621094,-0.00780038021685417,-0.00415516842518775,15:30:00
2024-03-21,VOO,Unknown,482.6199951171875,482.9200134277344,481.3900146484375,0.0025485485085452,0.0031682240055388154,14:30:00
2024-04-04,VOO,Unknown,481.20001220703125,480.6099853515625,471.5199890136719,0.020116423416038167,0.018913457096072114,14:30:00
2024-04-15,VOO,Unknown,473.4700012207031,471.1199951171875,463.6700134277344,0.02069822326166888,0.015813342177506177,14:30:00
2024-04-17,VOO,Unknown,465.1099853515625,463.55499267578125,459.989990234375,0.011008138458514175,0.007690570693302137,14:30:00
2024-04-26,VOO,Unknown,465.3299865722656,466.7900085449219,467.1600036621094,-0.003932729767372404,-0.0007926371824899359,14:30:00
2024-05-23,VOO,Unknown,489.9100036621094,487.5899963378906,483.4200134277344,0.013247311109922022,0.00855223228834771,14:30:00
2024-07-22,VOO,Unknown,508.2699890136719,508.3999938964844,509.7699890136719,-0.0029511874248385962,-0.0026947189882666396,14:30:00
2024-08-07,VOO,Unknown,485.760009765625,485.92999267578125,476.6700134277344,0.01871293674890296,0.019056200250280195,14:30:00
2024-09-19,VOO,Unknown,524.8800048828125,525.22998046875,524.8499755859375,5.7211737150674084e-05,0.0007235018885886112,14:30:00
2024-09-26,VOO,Unknown,529.6699829101562,527.97998046875,527.6400146484375,0.003832515202325667,0.0006438990736176631,14:30:00
2024-10-17,VOO,Unknown,538.6199951171875,536.6799926757812,535.280029296875,0.0062009688659735406,0.0026085626407019702,14:30:00
2024-11-06,VOO,Unknown,540.5499877929688,541.2100219726562,543.3200073242188,-0.005124446570722929,-0.003898644270983407,15:30:00
2025-01-06,VOO,Unknown,548.4400024414062,550.6950073242188,547.469970703125,0.0017687107686585742,0.005856302632493319,15:30:00
2025-02-10,VOO,Unknown,555.4400024414062,556.0800170898438,556.1500244140625,-0.001278305432693697,-0.00012589433546834176,15:30:00
2025-03-12,VOO,Unknown,516.8900146484375,513.9749755859375,513.8400268554688,0.005900651408488124,0.0002625589510752092,14:30:00
2025-04-08,VOO,Unknown,479.67999267578125,481.0400085449219,456.4649963378906,0.048396841003084716,0.051087252142222414,14:30:00
2025-04-14,VOO,Unknown,500.04998779296875,498.2799987792969,495.3900146484375,0.009319014615115993,0.005799920000681053,14:30:00
2025-04-23,VOO,Unknown,496.69000244140625,499.75,492.07501220703125,0.009291490087762384,0.015357654413144073,14:30:00
2025-05-01,VOO,Unknown,515.1300048828125,516.5999755859375,513.2999877929688,0.003552534452463243,0.006387897694392728,14:30:00
2025-05-12,VOO,Unknown,534.5,531.5399780273438,535.77001953125,-0.002376088926566885,-0.007958087215950944,14:30:00
2025-05-29,VOO,Unknown,545.1500244140625,542.3099975585938,542.3499755859375,0.005136290383797644,-7.371803493154408e-05,14:30:00
2025-07-31,VOO,Unknown,587.8300170898438,587.22998046875,580.8900146484375,0.011806138236635068,0.01079639328913638,14:30:00
2025-10-27,VOO,Unknown,627.739990234375,627.97998046875,629.989990234375,-0.0035842865437964735,-0.0032007545274367606,14:30:00
2025-10-31,VOO,Unknown,629.8400268554688,628.10498046875,627.0499877929688,0.004429758261680372,0.0016796438630273507,14:30:00
2025-11-10,VOO,Unknown,622.6900024414062,624.2000122070312,626.4199829101562,-0.005990108166384096,-0.0035565053824265103,15:30:00
2025-11-20,VOO,Unknown,618.719970703125,620.469970703125,599.948974609375,0.030338435774779158,0.03307331065594573,15:30:00
2025-12-15,VOO,Unknown,630.5599975585938,625.0800170898438,625.9199829101562,0.00735856170134918,-0.001343773272777284,15:30:00
2025-12-18,VOO,Unknown,623.0499877929688,624.3400268554688,622.02001953125,0.0016531069447047238,0.003715935587060829,15:30:00
2024-01-24,VST,Utilities,40.130001068115234,39.869998931884766,39.22999954223633,0.02242714931283644,0.01605215467253545,15:30:00
2024-01-25,VST,Utilities,39.7400016784668,40.209999084472656,40.42499923706055,-0.01723697860246738,-0.0053469325412373436,15:30:00
2024-03-06,VST,Utilities,59.27000045776367,60.34000015258789,60.87009811401367,-0.02699675457890782,-0.00878518329607671,15:30:00
2024-03-07,VST,Utilities,61.209999084472656,61.43000030517578,61.630001068115234,-0.006861656427456497,-0.0032557506421272485,15:30:00
2024-03-21,VST,Utilities,67.8499984741211,68.26499938964844,68.37999725341797,-0.0078113307474726576,-0.0016845801625681885,14:30:00
2024-04-04,VST,Utilities,74.5199966430664,73.44999694824219,70.54000091552734,0.053408426017546994,0.03961873592405215,14:30:00
2024-04-09,VST,Utilities,74.9000015258789,70.87999725341797,69.51000213623047,0.07196260720750618,0.01932837429845465,14:30:00
2024-04-15,VST,Utilities,70.83000183105469,71.59989929199219,68.22000122070312,0.03684880054891139,0.04720534672130571,14:30:00
2024-04-17,VST,Utilities,68.62000274658203,68.16000366210938,68.66000366210938,-0.0005829337500184842,-0.007335680357041317,14:30:00
2024-04-23,VST,Utilities,67.37999725341797,68.79000091552734,68.44000244140625,-0.01573174875626031,0.005087926580359905,14:30:00
2024-04-24,VST,Utilities,70.0,70.5,70.45999908447266,-0.006571415492466518,0.0005673888727282801,14:30:00
2024-04-29,VST,Utilities,73.87000274658203,75.08000183105469,77.97000122070312,-0.05550288779853607,-0.038492265838665336,14:30:00
2024-05-03,VST,Utilities,80.5999984741211,82.0,81.46499633789062,-0.010731983624630752,0.0065244349037728655,14:30:00
2024-05-06,VST,Utilities,82.30999755859375,82.9000015258789,83.29000091552734,-0.011906249374335869,-0.00470445575958996,14:30:00
2024-05-13,VST,Utilities,94.52999877929688,93.77999877929688,90.16999816894531,0.046122930991790635,0.03849435548455686,14:30:00
2024-05-23,VST,Utilities,96.0,94.77999877929688,96.12999725341797,-0.0013541380564371746,-0.01424349537358275,14:30:00
2024-06-03,VST,Utilities,99.87000274658203,93.72000122070312,93.31999969482422,0.06558528959269484,0.0042680486627068494,14:30:00
2024-06-12,VST,Utilities,92.87999725341797,91.66999816894531,90.56999969482422,0.024870775483455804,0.011999547246568354,14:30:00
2024-06-20,VST,Utilities,88.27999877929688,88.01000213623047,88.19999694824219,0.0009062282754975441,-0.002158786585615874,14:30:00
2024-07-18,VST,Utilities,77.4800033569336,76.2249984741211,76.50499725341797,0.01258397084760029,-0.003673319578903455,14:30:00
2024-07-22,VST,Utilities,77.27999877929688,77.93499755859375,79.13999938964844,-0.024068331259470103,-0.015461626596558661,14:30:00
2024-07-25,VST,Utilities,73.55000305175781,71.30000305175781,70.37999725341797,0.04310000906606464,0.012903306577308234,14:30:00
2024-07-26,VST,Utilities,72.08000183105469,70.5999984741211,71.13999938964844,0.01304109902229862,-0.007648738345586293,14:30:00
2024-07-29,VST,Utilities,71.94999694824219,71.69000244140625,71.26000213623047,0.009589921352019961,0.005998051200057213,14:30:00
2024-07-30,VST,Utilities,71.93000030517578,71.29000091552734,68.98999786376953,0.04087310480929749,0.032262631816811486,14:30:00
2024-08-07,VST,Utilities,76.68000030517578,75.34500122070312,73.97000122070312,0.035341667627637394,0.01824938586134339,14:30:00
2024-08-13,VST,Utilities,79.02999877929688,80.16999816894531,80.44000244140625,-0.017841372692501512,-0.003367896702354254,14:30:00
2024-08-26,VST,Utilities,86.30999755859375,85.44999694824219,84.91000366210938,0.016220529904823058,0.006319406733974387,14:30:00
2024-09-10,VST,Utilities,75.41000366210938,75.33999633789062,76.07099914550781,-0.00876535540775424,-0.009702718916241112,14:30:00
2024-09-19,VST,Utilities,94.33000183105469,92.17990112304688,92.72000122070312,0.017067747048654557,-0.005859195888432276,14:30:00
2024-09-25,VST,Utilities,114.18000030517578,114.87999725341797,119.0199966430664,-0.042389177832847034,-0.03603760000547234,14:30:00
2024-09-26,VST,Utilities,120.0,118.52020263671875,114.20999908447266,0.048250007629394534,0.036366825708672466,14:30:00
2024-10-03,VST,Utilities,128.39999389648438,132.6699981689453,132.39999389648438,-0.03115264945592432,0.002035156977368065,14:30:00
2024-10-07,VST,Utilities,139.86000061035156,137.80999755859375,131.27000427246094,0.061418534966421606,0.04745659532685321,14:30:00
2024-10-17,VST,Utilities,139.47999572753906,137.0800018310547,127.2699966430664,0.08753942829424609,0.07156408708017599,14:30:00
2024-11-06,VST,Utilities,125.16999816894531,122.55999755859375,126.2300033569336,-0.008468524434725674,-0.029944564877991936,15:30:00
2024-11-13,VST,Utilities,145.42999267578125,146.36000061035156,142.15499877929688,0.02251938431837497,0.02873053985733095,15:30:00
2024-12-03,VST,Utilities,155.63999938964844,154.18499755859375,154.16000366210938,0.009509096204979146,0.0001621032972087752,15:30:00
2024-12-04,VST,Utilities,158.94000244140625,162.91000366210938,161.3000030517578,-0.014848374066318417,0.009882760875083245,15:30:00
2024-12-11,VST,Utilities,145.94000244140625,146.19000244140625,146.0,-0.0004111111250518071,0.0012996951791036737,15:30:00
2024-12-18,VST,Utilities,141.25,138.19000244140625,132.8800048828125,0.05925660259955752,0.03842533804748455,15:30:00
2024-12-19,VST,Utilities,134.61000061035156,134.9949951171875,137.16000366210938,-0.01894363747266573,-0.016037694901521776,15:30:00
2025-01-06,VST,Utilities,165.16000366210938,162.93499755859375,163.99000549316406,0.007084028475434884,-0.006475023477941972,15:30:00
2025-01-14,VST,Utilities,166.67999267578125,172.63999938964844,170.5,-0.022918211495540824,0.01239573330175042,15:30:00
2025-01-21,VST,Utilities,179.3000030517578,177.00999450683594,185.35000610351562,-0.0337423477344358,-0.04711604912431996,15:30:00
2025-01-22,VST,Utilities,192.99000549316406,187.8800048828125,186.91000366210938,0.03150423160783861,0.005162876280039218,15:30:00
2025-01-28,VST,Utilities,142.17999267578125,144.0800018310547,149.64999389648438,-0.05253904631812205,-0.03865902272794908,15:30:00
2025-02-05,VST,Utilities,172.3800048828125,171.0749969482422,171.59500122070312,0.004553913678347073,-0.0030396275419385917,15:30:00
2025-02-18,VST,Utilities,168.8699951171875,167.8699951171875,169.27999877929688,-0.0024279248769140576,-0.008399378704485413,15:30:00
2025-02-24,VST,Utilities,151.25,143.22999572753906,142.83999633789062,0.05560332999741736,0.0027228890685043264,15:30:00
2025-02-26,VST,Utilities,143.0,146.83999633789062,148.28500366210938,-0.036958067567198424,-0.009840693000929202,15:30:00
2025-02-27,VST,Utilities,149.11000061035156,143.28500366210938,130.10000610351562,0.12748973528953375,0.09201938250067143,15:30:00
2025-03-12,VST,Utilities,119.52999877929688,121.29499816894531,121.93199920654297,-0.020095377325998358,-0.005251667811647201,14:30:00
2025-04-01,VST,Utilities,118.27999877929688,117.56999969482422,122.23999786376953,-0.03347987086017619,-0.03972100179524709,14:30:00
2025-04-08,VST,Utilities,110.2249984741211,111.09500122070312,102.19000244140625,0.07289631339483593,0.08015661084161708,14:30:00
2025-04-14,VST,Utilities,117.30999755859375,114.30999755859375,112.6500015258789,0.0397237757198595,0.01452187969704008,14:30:00
2025-04-17,VST,Utilities,117.20500183105469,114.38999938964844,115.33999633789062,0.015912337050703496,-0.008304895124670803,14:30:00
2025-04-23,VST,Utilities,122.0,123.19000244140625,119.93000030517578,0.016967210613313268,0.026463203763479486,14:30:00
2025-05-01,VST,Utilities,137.4199981689453,138.3800048828125,137.2899932861328,0.0009460404929759269,0.00787694434324357,14:30:00
2025-05-08,VST,Utilities,141.13999938964844,141.0,140.99000549316406,0.0010627313102806767,7.088302720523049e-05,14:30:00
2025-05-12,VST,Utilities,145.39999389648438,144.2550048828125,146.13999938964844,-0.005089446521510171,-0.013067099532298641,14:30:00
2025-05-29,VST,Utilities,165.94000244140625,159.90350341796875,159.75999450683594,0.0372424240306522,0.000897471963185805,14:30:00
2025-07-09,VST,Utilities,192.72000122070312,192.91000366210938,197.02999877929688,-0.022364038663833012,-0.021357083816160506,14:30:00
2025-07-29,VST,Utilities,197.1999969482422,198.25,198.0500030517578,-0.004310375845181786,0.0010088118448534048,14:30:00
2025-07-31,VST,Utilities,209.74000549316406,211.36000061035156,208.57000732421875,0.005578326205314444,0.013200195297483217,14:30:00
2025-08-04,VST,Utilities,210.5500030517578,212.8000030517578,214.07000732421875,-0.01671813926117894,-0.005968065104548159,14:30:00
2025-08-11,VST,Utilities,203.60000610351562,199.91690063476562,200.19000244140625,0.016748544007290644,-0.0013660766337087386,14:30:00
2025-08-25,VST,Utilities,191.5399932861328,191.43499755859375,190.0399932861328,0.007831262674000508,0.007287091128851502,14:30:00
2025-09-30,VST,Utilities,199.19000244140625,193.125,195.9199981689453,0.016416508019386374,-0.014472482428195793,14:30:00
2025-10-02,VST,Utilities,204.0399932861328,200.27999877929688,202.6300048828125,0.006910353115641568,-0.011733603544232432,14:30:00
2025-10-07,VST,Utilities,201.57000732421875,201.69000244140625,199.69000244140625,0.009326808624799888,0.009916207922011543,14:30:00
2025-10-08,VST,Utilities,201.5800018310547,202.4949951171875,206.55999755859375,-0.024704810409282685,-0.02007458228315105,14:30:00
2025-10-16,VST,Utilities,214.7899932861328,214.5749969482422,210.39999389648438,0.02043856570077868,0.019457080792898106,14:30:00
2025-10-20,VST,Utilities,204.1300048828125,199.1649932861328,194.1999969482422,0.048645508729943734,0.02492906135747261,14:30:00
2025-10-27,VST,Utilities,203.66000366210938,199.6999969482422,199.32000732421875,0.02131000815010824,0.0019028023526806682,14:30:00
2025-10-31,VST,Utilities,192.0,188.5500030517578,188.3000030517578,0.019270817438761394,0.0013259082256889378,14:30:00
2025-11-03,VST,Utilities,190.80999755859375,191.968994140625,193.08999633789062,-0.011949053029030805,-0.005839496124277475,15:30:00
2025-11-10,VST,Utilities,194.8000030517578,188.2100067138672,188.24000549316406,0.033675551621273725,-0.00015938992735110884,15:30:00
2025-11-12,VST,Utilities,180.3300018310547,179.97000122070312,178.3000030517578,0.011257132804771525,0.009279314094671472,15:30:00
2025-11-20,VST,Utilities,184.82000732421875,187.30499267578125,173.86000061035156,0.059300975433036855,0.07178127968378571,15:30:00
2025-11-26,VST,Utilities,174.0,177.0,176.80999755859375,-0.01614941125628592,0.0010734601209392656,15:30:00
2025-12-15,VST,Utilities,172.9600067138672,170.6699981689453,168.24000549316406,0.02728955271441196,0.014237960402248399,15:30:00
2025-12-18,VST,Utilities,165.66000366210938,170.75,166.1699981689453,-0.003078561484739277,0.026822851133556,15:30:00
2025-12-22,VST,Utilities,164.0,162.11000061035156,161.50999450683594,0.015182960324171112,0.0037012281861487544,15:30:00
2026-01-02,VST,Utilities,163.88999938964844,166.49000549316406,165.22999572753906,-0.008176193439996201,0.007568080509653986,15:30:00
2026-01-05,VST,Utilities,169.3699951171875,163.1199951171875,163.00999450683594,0.03755092869874067,0.0006743539335722555,15:30:00
2026-01-09,VST,Utilities,174.3300018310547,171.89999389648438,166.40499877929688,0.04545977725301712,0.031966232183210576,15:30:00
2024-02-06,WWR,Basic Materials,0.5690000057220459,0.5501000285148621,0.5321000218391418,0.06485058613677684,0.03272133383507707,15:30:00
2024-02-07,WWR,Basic Materials,0.5400000214576721,0.5254999995231628,0.5149000287055969,0.046481466212390986,0.020171209947068128,15:30:00
2024-02-09,WWR,Basic Materials,0.5299999713897705,0.5010010004043579,0.5130000114440918,0.032075397855402275,-0.023950074011927093,15:30:00
2024-02-15,WWR,Basic Materials,0.5501999855041504,0.5521000027656555,0.5425000190734863,0.01399485029722157,0.01738812469494589,15:30:00
2024-02-20,WWR,Basic Materials,0.5450000166893005,0.5360999703407288,0.5188999772071838,0.047889979234617325,0.03208355546562171,15:30:00
2024-02-21,WWR,Basic Materials,0.535099983215332,0.5198000073432922,0.49889999628067017,0.06765088407804054,0.040207792934521924,15:30:00
2024-02-22,WWR,Basic Materials,0.5130000114440918,0.5066999793052673,0.5,0.02534115234714488,0.013222773986400448,15:30:00
2024-02-23,WWR,Basic Materials,0.5141000151634216,0.5001000165939331,0.5,0.027426599392220464,0.0001999931825923455,15:30:00
2024-03-11,WWR,Basic Materials,0.5059999823570251,0.502901017665863,0.501800000667572,0.00830035935947857,0.0021893314183399648,14:30:00
2024-03-14,WWR,Basic Materials,0.49900001287460327,0.4799000024795532,0.46549999713897705,0.06713429833927607,0.03000626227583673,14:30:00
2024-03-15,WWR,Basic Materials,0.49000000953674316,0.4699999988079071,0.47999998927116394,0.020408204226431473,-0.02127657550770317,14:30:00
2024-03-18,WWR,Basic Materials,0.47929999232292175,0.47510001063346863,0.4851999878883362,-0.012309609138152017,-0.021258634032444823,14:30:00
2024-03-20,WWR,Basic Materials,0.5199999809265137,0.5224000215530396,0.5260999798774719,-0.011730767643663247,-0.007082615183347029,14:30:00
2024-03-22,WWR,Basic Materials,0.5066999793052673,0.5099999904632568,0.5099999904632568,-0.006512751712589615,0.0,14:30:00
2024-03-26,WWR,Basic Materials,0.5,0.48899999260902405,0.49900001287460327,0.001999974250793457,-0.020449939502503546,14:30:00
2024-04-01,WWR,Basic Materials,0.5120999813079834,0.4900999963283539,0.49000000953674316,0.04315558011697921,0.0002040130429703764,14:30:00
2024-04-02,WWR,Basic Materials,0.49889999628067017,0.48510000109672546,0.48249998688697815,0.032872338175897145,0.005359748925724884,14:30:00
2024-04-11,WWR,Basic Materials,0.4788999855518341,0.4763999879360199,0.47999998927116394,-0.0022969383013497174,-0.007556678056901043,14:30:00
2024-04-16,WWR,Basic Materials,0.4799000024795532,0.46799999475479126,0.4620000123977661,0.037299416522819796,0.012820475265536785,14:30:00
2024-04-23,WWR,Basic Materials,0.43849998712539673,0.4189999997615814,0.42500001192092896,0.03078671744774127,-0.014319838097283173,14:30:00
2024-04-29,WWR,Basic Materials,0.44850000739097595,0.438400000333786,0.44449999928474426,0.008918635541391903,-0.013914231173161214,14:30:00
2024-05-15,WWR,Basic Materials,0.5,0.46182799339294434,0.48500001430511475,0.029999971389770508,-0.05017456984781474,14:30:00
2024-05-16,WWR,Basic Materials,0.49729999899864197,0.4803999960422516,0.47769999504089355,0.0394128373159356,0.005620318533725727,14:30:00
2024-05-23,WWR,Basic Materials,0.47999998927116394,0.47119998931884766,0.4788999855518341,0.0022916744664934034,-0.016341248742635435,14:30:00
2024-05-29,WWR,Basic Materials,0.49399998784065247,0.47999998927116394,0.47269999980926514,0.043117385740215806,0.015208311718888097,14:30:00
2024-05-31,WWR,Basic Materials,0.487199991941452,0.49869999289512634,0.5123000144958496,-0.05151893056150525,-0.027270948053899954,14:30:00
2024-06-03,WWR,Basic Materials,0.5199999809265137,0.5299999713897705,0.5609999895095825,-0.07884617324411587,-0.05849060338347471,14:30:00
2024-06-04,WWR,Basic Materials,0.5950000286102295,0.5698999762535095,0.5694000124931335,0.04302523510274638,0.0008772833500761139,14:30:00
2024-06-11,WWR,Basic Materials,0.5339999794960022,0.5199000239372253,0.5133000016212463,0.03876400499920025,0.01269479132929587,14:30:00
2024-06-12,WWR,Basic Materials,0.5199999809265137,0.512499988079071,0.5019999742507935,0.034615398722993365,0.020487832336607965,14:30:00
2024-06-13,WWR,Basic Materials,0.5299999713897705,0.5026999711990356,0.5029000043869019,0.05113201597314597,-0.000397917643378999,14:30:00
2024-06-17,WWR,Basic Materials,0.5,0.4959990084171295,0.48919999599456787,0.021600008010864258,0.01370771373970924,14:30:00
2024-06-26,WWR,Basic Materials,0.48100000619888306,0.46050000190734863,0.4812999963760376,-0.00062368019394682,-0.045168283132545714,14:30:00
2024-06-27,WWR,Basic Materials,0.4959999918937683,0.48730000853538513,0.4779999852180481,0.036290336632859056,0.019084800234846943,14:30:00
2024-06-28,WWR,Basic Materials,0.5199999809265137,0.48010000586509705,0.47850000858306885,0.07980764204933614,0.003332633331560051,14:30:00
2024-07-01,WWR,Basic Materials,0.5,0.47519999742507935,0.47510001063346863,0.049799978733062744,0.00021040991614584725,14:30:00
2024-07-10,WWR,Basic Materials,0.4749999940395355,0.47049999237060547,0.4738999903202057,0.0023157973329117087,-0.007226350700813815,14:30:00
2024-07-11,WWR,Basic Materials,0.47999998927116394,0.48590001463890076,0.4699999988079071,0.020833313930779262,0.03272281406043965,14:30:00
2024-07-18,WWR,Basic Materials,0.5899999737739563,0.5501999855041504,0.5121999979019165,0.13186437174630605,0.06906577354307698,14:30:00
2024-07-19,WWR,Basic Materials,0.5199999809265137,0.5199999809265137,0.5268499851226807,-0.013173085475814727,-0.013173085475814727,14:30:00
2024-07-22,WWR,Basic Materials,0.5550000071525574,0.5217999815940857,0.5206000208854675,0.06198195643920783,0.0022996564793895057,14:30:00
2024-07-24,WWR,Basic Materials,0.5350000262260437,0.5269500017166138,0.5149999856948853,0.03738325149671712,0.022677703734319495,14:30:00
2024-07-26,WWR,Basic Materials,0.550000011920929,0.5271999835968018,0.5188000202178955,0.056727256412348825,0.01593316320231617,14:30:00
2024-07-30,WWR,Basic Materials,0.5389999747276306,0.531000018119812,0.5142999887466431,0.045825579107808,0.03145014840545794,14:30:00
2024-08-26,WWR,Basic Materials,0.5199999809265137,0.5249999761581421,0.542900025844574,-0.04403854953467111,-0.03409533428443429,14:30:00
2024-09-06,WWR,Basic Materials,0.5299999713897705,0.5205000042915344,0.5113000273704529,0.0352829151486225,0.017675267714173916,14:30:00
2024-09-16,WWR,Basic Materials,0.5299999713897705,0.5347999930381775,0.5073000192642212,0.04283010066212892,0.05142104362741301,14:30:00
2024-09-17,WWR,Basic Materials,0.5289999842643738,0.5285000205039978,0.5196999907493591,0.017580328528642962,0.016650954424271596,14:30:00
2024-09-18,WWR,Basic Materials,0.539900004863739,0.5295000076293945,0.5263000130653381,0.025189834554332467,0.006043426851650064,14:30:00
2024-10-02,WWR,Basic Materials,0.5299999713897705,0.5084999799728394,0.5074999928474426,0.04245279199417359,0.0019665430969144602,14:30:00
2024-10-07,WWR,Basic Materials,0.5199999809265137,0.5174999833106995,0.5199999809265137,0.0,-0.004830913423070096,14:30:00
2024-10-09,WWR,Basic Materials,0.5270000100135803,0.5131000280380249,0.5199999809265137,0.013282787389105108,-0.013447578467053653,14:30:00
2024-10-16,WWR,Basic Materials,0.527999997138977,0.5221999883651733,0.5199999809265137,0.015151545939038447,0.004212959570426508,14:30:00
2024-10-22,WWR,Basic Materials,0.6299999952316284,0.5537999868392944,0.5943999886512756,0.05650794738064075,-0.07331166987507133,14:30:00
2024-10-24,WWR,Basic Materials,0.6919999718666077,0.6744999885559082,0.6470999717712402,0.06488439583928554,0.04062270904308077,14:30:00
2024-10-29,WWR,Basic Materials,0.6299999952316284,0.6167500019073486,0.6104999780654907,0.03095240843449251,0.010133804333245582,14:30:00
2024-11-01,WWR,Basic Materials,0.6319000124931335,0.628000020980835,0.6061000227928162,0.04082922802695424,0.03487260741458977,14:30:00
2024-11-14,WWR,Basic Materials,0.5699999928474426,0.561614990234375,0.550599992275238,0.03403508915025003,0.019613076842090963,15:30:00
2024-11-15,WWR,Basic Materials,0.5889999866485596,0.5648000240325928,0.5404999852180481,0.08234295845485327,0.043024146212044784,15:30:00
2024-11-26,WWR,Basic Materials,0.5600000023841858,0.5662000179290771,0.5699999928474426,-0.01785712575121809,-0.006711364885264747,15:30:00
2024-11-29,WWR,Basic Materials,0.6198999881744385,0.6000000238418579,0.5925009846687317,0.044199070863664494,0.012498398125235314,15:30:00
2024-12-02,WWR,Basic Materials,0.6000000238418579,0.5996999740600586,0.5789999961853027,0.03500004470348181,0.034517223228498595,15:30:00
2024-12-17,WWR,Basic Materials,0.5777000188827515,0.5598999857902527,0.552299976348877,0.043967529346800385,0.013573869680759047,15:30:00
2024-12-18,WWR,Basic Materials,0.5626999735832214,0.5612000226974487,0.5343999862670898,0.05029320889411081,0.04775487410271753,15:30:00
2024-12-19,WWR,Basic Materials,0.5425999760627747,0.5121999979019165,0.5199000239372253,0.041835519953880546,-0.015033241052030131,15:30:00
2024-12-26,WWR,Basic Materials,0.5950000286102295,0.5724999904632568,0.5799999833106995,0.025210158955061505,-0.013100424405900453,15:30:00
2025-01-06,WWR,Basic Materials,0.8299999833106995,0.8001009821891785,0.800000011920929,0.036144544569876716,0.0001261969057621254,15:30:00
2025-01-07,WWR,Basic Materials,0.8349000215530396,0.8022000193595886,0.8090500235557556,0.030961788633325285,-0.008539022726072083,15:30:00
2025-01-08,WWR,Basic Materials,0.8500000238418579,0.8299999833106995,0.838100016117096,0.014000008695265583,-0.009759075866588716,15:30:00
2025-01-10,WWR,Basic Materials,0.8500000238418579,0.8264999985694885,0.8054999709129333,0.05235300197733144,0.025408381963583977,15:30:00
2025-01-17,WWR,Basic Materials,0.8050000071525574,0.789900004863739,0.7799999713897705,0.03105594477100303,0.012533274354994215,15:30:00
2025-01-21,WWR,Basic Materials,0.800000011920929,0.7860000133514404,0.777999997138977,0.02750001806765768,0.010178137501998197,15:30:00
2025-01-28,WWR,Basic Materials,1.059999942779541,0.8903999924659729,0.9399999976158142,0.11320750154859623,-0.05570530724340364,15:30:00
2025-01-31,WWR,Basic Materials,0.9900000095367432,0.949999988079071,0.9200000166893005,0.07070706280113892,0.0315789176486532,15:30:00
2025-02-04,WWR,Basic Materials,0.9390000104904175,0.9386000037193298,0.9067999720573425,0.034291840333694604,0.03388028077559702,15:30:00
2025-02-05,WWR,Basic Materials,0.9086999893188477,0.9014999866485596,0.8999000191688538,0.009684131455300516,0.0017747836976170044,15:30:00
2025-02-10,WWR,Basic Materials,1.059999942779541,0.9868500232696533,0.9606000185012817,0.09377351853209721,0.026599791406397788,15:30:00
2025-02-11,WWR,Basic Materials,0.9700000286102295,1.1100000143051147,0.8815000057220459,0.09123713430708066,0.2058558609353848,15:30:00
2025-02-12,WWR,Basic Materials,0.9160000085830688,0.9348000288009644,0.9472000002861023,-0.03406112599419701,-0.013264838578410137,15:30:00
2025-02-14,WWR,Basic Materials,0.8999999761581421,0.8788999915122986,0.8490999937057495,0.056555537556424076,0.033906016719004686,15:30:00
2025-02-21,WWR,Basic Materials,0.8650000095367432,0.8657000064849854,0.8399999737739563,0.028901775129662497,0.029686996093923203,15:30:00
2025-02-25,WWR,Basic Materials,0.800000011920929,0.727649986743927,0.7476000189781189,0.06549999020248666,-0.027417072215535774,15:30:00
2025-02-27,WWR,Basic Materials,0.7799999713897705,0.7459999918937683,0.748199999332428,0.04076919644071615,-0.0029490716656374347,15:30:00
2025-03-05,WWR,Basic Materials,0.699999988079071,0.6800000071525574,0.6800000071525574,0.028571401810159033,0.0,15:30:00
2025-03-12,WWR,Basic Materials,0.6600000262260437,0.6301000118255615,0.6299999952316284,0.04545459060957758,0.00015873129988258804,14:30:00
2025-03-26,WWR,Basic Materials,0.6050000190734863,0.588699996471405,0.5552999973297119,0.08214879368084384,0.056735178090519076,14:30:00
2025-03-27,WWR,Basic Materials,0.5699999928474426,0.5699999928474426,0.5559999942779541,0.024561401307307645,0.024561401307307645,14:30:00
2025-03-31,WWR,Basic Materials,0.5861999988555908,0.5498999953269958,0.5523999929428101,0.057659512075685496,-0.004546276844988142,14:30:00
2025-04-01,WWR,Basic Materials,0.5720000267028809,0.5939000248908997,0.5699999928474426,0.0034965625211012936,0.040242517329154015,14:30:00
2025-04-02,WWR,Basic Materials,0.5799999833106995,0.574999988079071,0.5645999908447266,0.026551711912245517,0.01808695208688305,14:30:00
2025-04-10,WWR,Basic Materials,0.5299999713897705,0.5102999806404114,0.520799994468689,0.01735844795794476,-0.02057615956618376,14:30:00
2025-04-11,WWR,Basic Materials,0.5400000214576721,0.5202000141143799,0.5343000292778015,0.010555540654394954,-0.027104988044697294,14:30:00
2025-04-14,WWR,Basic Materials,0.5550000071525574,0.5503000020980835,0.550000011920929,0.009009000301245093,0.0005451393349278452,14:30:00
2025-04-15,WWR,Basic Materials,0.5600000023841858,0.5550000071525574,0.5370000004768372,0.041071431802547693,0.03243244404278432,14:30:00
2025-04-17,WWR,Basic Materials,0.6200000047683716,0.5823000073432922,0.542900025844574,0.1243548037593995,0.06766268418659008,14:30:00
2025-04-28,WWR,Basic Materials,0.5199999809265137,0.510699987411499,0.5038999915122986,0.03096151923992154,0.013315050062300686,14:30:00
2025-05-07,WWR,Basic Materials,0.5149999856948853,0.4941999912261963,0.4975000023841858,0.03398055106173815,-0.00667748121524972,14:30:00
2025-05-12,WWR,Basic Materials,0.5299999713897705,0.5101000070571899,0.4878999888896942,0.07943393353339502,0.043520913272613954,14:30:00
2025-05-15,WWR,Basic Materials,0.47999998927116394,0.4767000079154968,0.4761599898338318,0.007999999006589232,0.0011328258290290744,14:30:00
2025-05-22,WWR,Basic Materials,0.478300005197525,0.4702000021934509,0.4733000099658966,0.010453680069611445,-0.006592955674147924,14:30:00
2025-05-23,WWR,Basic Materials,0.48899999260902405,0.47749999165534973,0.4699999988079071,0.038854793636588524,0.01570679157803206,14:30:00
2025-05-30,WWR,Basic Materials,0.49000000953674316,0.4846999943256378,0.4700999855995178,0.040612292959012926,0.030121743133983237,14:30:00
2025-06-02,WWR,Basic Materials,0.47999998927116394,0.476500004529953,0.47999998927116394,0.0,-0.007345193510886791,14:30:00
2025-06-20,WWR,Basic Materials,0.6349999904632568,0.6133000254631042,0.6230999827384949,0.018740169926743544,-0.015979058973608642,14:30:00
2025-06-30,WWR,Basic Materials,0.6100000143051147,0.5956000089645386,0.5981000065803528,0.019508208927368518,-0.0041974438854702175,14:30:00
2025-07-08,WWR,Basic Materials,0.6100000143051147,0.5935999751091003,0.6129999756813049,-0.004917969353832901,-0.03268194303518793,14:30:00
2025-07-09,WWR,Basic Materials,0.625,0.6093500256538391,0.5979999899864197,0.043200016021728516,0.018626462935224665,14:30:00
2025-07-11,WWR,Basic Materials,0.6200000047683716,0.5885000228881836,0.5746999979019165,0.07306452664202623,0.02344948929405416,14:30:00
2025-07-14,WWR,Basic Materials,0.5950000286102295,0.6129000186920166,0.6010000109672546,-0.01008400347650335,0.019415903674073372,14:30:00
2025-07-15,WWR,Basic Materials,0.6150000095367432,0.6150000095367432,0.6100000143051147,0.00813007342129105,0.00813007342129105,14:30:00
2025-07-21,WWR,Basic Materials,1.0299999713897705,0.9987999796867371,0.925000011920929,0.1019417110538032,0.07388863562948277,14:30:00
2025-07-31,WWR,Basic Materials,0.781499981880188,0.7501999735832214,0.7204999923706055,0.0780550107791742,0.039589419166143544,14:30:00
2025-08-04,WWR,Basic Materials,0.7598999738693237,0.7603999972343445,0.769599974155426,-0.012764838294059945,-0.012098865011234661,14:30:00
2025-08-13,WWR,Basic Materials,0.7329999804496765,0.7278000116348267,0.7235000133514404,0.012960392021304149,0.005908214089921934,14:30:00
2025-08-22,WWR,Basic Materials,0.8313999772071838,0.7670000195503235,0.7325999736785889,0.11883570632330452,0.04485012385254262,14:30:00
2025-08-25,WWR,Basic Materials,0.758899986743927,0.7484999895095825,0.7480999827384949,0.01423112952178287,0.0005344111913077394,14:30:00
2025-08-29,WWR,Basic Materials,0.7815999984741211,0.7698000073432922,0.7897999882698059,-0.010491286862452978,-0.02598074920203876,14:30:00
2025-09-03,WWR,Basic Materials,0.8068000078201294,0.8040000200271606,0.7985000014305115,0.010287563595894698,0.006840818979660435,14:30:00
2025-09-05,WWR,Basic Materials,0.7807000279426575,0.7268819808959961,0.713100016117096,0.0865889706750808,0.018960388537781214,14:30:00
2025-09-08,WWR,Basic Materials,0.7254999876022339,0.696537971496582,0.7164000272750854,0.012543019273127301,-0.02851539555816001,14:30:00
2025-09-10,WWR,Basic Materials,0.7099999785423279,0.7069000005722046,0.694599986076355,0.021690130889285376,0.017399935614504577,14:30:00
2025-09-16,WWR,Basic Materials,0.6899999976158142,0.677299976348877,0.6825000047683716,0.010869554888924153,-0.007677585414259776,14:30:00
2025-09-26,WWR,Basic Materials,1.0700000524520874,1.1150000095367432,1.0049999952316284,0.06074771405057437,0.09865472050607176,14:30:00
2025-09-29,WWR,Basic Materials,1.0499999523162842,0.9900000095367432,0.9724000096321106,0.07390471067449982,0.017777777510192393,14:30:00
2025-10-07,WWR,Basic Materials,1.559999942779541,1.5399999618530273,1.4550000429153442,0.06730763058690403,0.05519475392415316,14:30:00
2025-10-08,WWR,Basic Materials,1.5099999904632568,1.465000033378601,1.5199999809265137,-0.006622510282393388,-0.0375426254571961,14:30:00
2025-10-10,WWR,Basic Materials,2.1700000762939453,1.975000023841858,1.965000033378601,0.09447006253817994,0.0050632862493866755,14:30:00
2025-10-16,WWR,Basic Materials,2.5,2.1394999027252197,2.0950000286102295,0.1619999885559082,0.020799194268860614,14:30:00
2025-10-31,WWR,Basic Materials,1.4600000381469727,1.388100028038025,1.3899999856948853,0.04794524015282304,-0.001368746933566307,14:30:00
2025-11-05,WWR,Basic Materials,1.1799999475479126,1.1749999523162842,1.184999942779541,-0.004237284282951545,-0.008510630526872615,15:30:00
2025-11-20,WWR,Basic Materials,1.0399999618530273,1.0303000211715698,0.8712000250816345,0.1623076374643633,0.15442103544656854,15:30:00
2025-11-26,WWR,Basic Materials,0.8700000047683716,0.8495000004768372,0.8899999856948853,-0.022988483697581656,-0.0476750855742376,15:30:00
2025-12-01,WWR,Basic Materials,0.9900000095367432,0.8911499977111816,0.8550500273704529,0.13631311198616883,0.04050942089821855,15:30:00
2025-12-03,WWR,Basic Materials,0.919700026512146,0.8910999894142151,0.8914999961853027,0.03066220453835209,-0.0004488910064409271,15:30:00
2025-12-05,WWR,Basic Materials,1.100000023841858,1.1227999925613403,1.0299999713897705,0.06363640994079742,0.08265053596934363,15:30:00
2025-12-16,WWR,Basic Materials,0.8799999952316284,0.9016000032424927,0.9126999974250793,-0.037159093602999196,-0.012311439821059136,15:30:00
2025-12-18,WWR,Basic Materials,0.8458999991416931,0.8849499821662903,0.8741000294685364,-0.03333730979484207,0.01226052648895935,15:30:00
2025-12-19,WWR,Basic Materials,0.8700000047683716,0.8832499980926514,0.8705499768257141,-0.0006321517865841318,0.014378739082210613,15:30:00
2025-12-22,WWR,Basic Materials,0.8903999924659729,0.9075499773025513,0.8720999956130981,0.02055255728629636,0.03906118954993386,15:30:00
2025-12-24,WWR,Basic Materials,0.8683000206947327,0.8610010147094727,0.8513000011444092,0.019578508747151308,0.011267133719159305,15:30:00
2026-01-05,WWR,Basic Materials,0.8600000143051147,0.8432000279426575,0.8550999760627747,0.005697718791666938,-0.01411284123074822,15:30:00
2026-01-08,WWR,Basic Materials,0.9599999785423279,0.9168000221252441,0.906000018119812,0.056249960030738615,0.011780108796677952,15:30:00
