Date,Ticker,Open,High,Low,Close,Prob
2024-01-03,ABAT,4.489999771118164,4.514999866485596,4.199999809265137,4.230000019073486,0.8084208713904759
2024-01-05,ABAT,4.380000114440918,4.409999847412109,4.010000228881836,4.150000095367432,0.6018450126829773
2024-01-12,ABAT,3.6500000953674316,3.7100000381469727,3.4800000190734863,3.559999942779541,0.5422897317268303
2024-01-18,ABAT,2.880000114440918,3.369999885559082,2.5199999809265137,2.9700000286102295,0.5785799589947542
2024-01-24,ABAT,2.8299999237060547,3.130000114440918,2.680000066757202,2.7100000381469727,0.8032690680314652
2024-02-01,ABAT,2.799999952316284,2.799999952316284,2.509999990463257,2.5399999618530273,0.6950541061327117
2024-02-07,ABAT,2.740000009536743,2.75,2.4800000190734863,2.4800000190734863,0.7333257226621882
2024-02-08,ABAT,2.509999990463257,2.509999990463257,2.299999952316284,2.359999895095825,0.6832767852533376
2024-02-09,ABAT,2.4200000762939453,2.4700000286102295,2.325000047683716,2.369999885559082,0.7358719155612354
2024-03-04,ABAT,2.490000009536743,2.75,2.450000047683716,2.490000009536743,0.5077791067153185
2024-03-11,ABAT,2.0799999237060547,2.111999988555908,2.0,2.009999990463257,0.6085655254066543
2024-03-12,ABAT,2.049999952316284,2.059999942779541,1.8600000143051147,1.9600000381469727,0.6038145746434918
2024-03-21,ABAT,2.130000114440918,2.130000114440918,1.9500000476837158,1.9800000190734863,0.8478679581536772
2024-03-25,ABAT,1.9199999570846558,1.9199999570846558,1.7000000476837158,1.7200000286102295,0.5678418646138996
2024-03-26,ABAT,1.7699999809265137,1.7799999713897705,1.7000000476837158,1.7050000429153442,0.5179681613490634
2024-03-27,ABAT,1.7400000095367432,1.7400000095367432,1.590000033378601,1.600000023841858,0.5408448325816216
2024-04-01,ABAT,1.8250000476837158,1.850000023841858,1.7200000286102295,1.75,0.5075597199173169
2024-04-03,ABAT,1.7200000286102295,2.1050000190734863,1.7200000286102295,1.75,0.6053022227325763
2024-04-04,ABAT,1.7999999523162842,1.7999999523162842,1.6399999856948853,1.7200000286102295,0.7203071873150245
2024-04-05,ABAT,1.7999999523162842,1.7999999523162842,1.7200000286102295,1.7599999904632568,0.6389668729552562
2024-04-11,ABAT,1.8300000429153442,1.8300000429153442,1.7200000286102295,1.7699999809265137,0.5985952488379638
2024-04-15,ABAT,1.7599999904632568,1.7599999904632568,1.5499999523162842,1.6100000143051147,0.5602562482834972
2024-04-16,ABAT,1.6200000047683716,1.6200000047683716,1.4900000095367432,1.5,0.5807792387067082
2024-04-17,ABAT,1.5099999904632568,1.5800000429153442,1.3899999856948853,1.4299999475479126,0.6563915847210384
2024-04-18,ABAT,1.440000057220459,1.4500000476837158,1.2100000381469727,1.3600000143051147,0.7353040986201508
2024-04-19,ABAT,1.3799999952316284,1.3799999952316284,1.3300000429153442,1.340000033378601,0.6055412898104686
2024-04-23,ABAT,1.350000023841858,1.3600000143051147,1.2400000095367432,1.2799999713897705,0.5792031246186854
2024-04-24,ABAT,1.2899999618530273,1.3799999952316284,1.2879999876022339,1.3700000047683716,0.5649045994294067
2024-04-26,ABAT,1.399999976158142,1.399999976158142,1.2899999618530273,1.340000033378601,0.5097501366913827
2024-05-01,ABAT,1.309999942779541,1.3300000429153442,1.2799999713897705,1.309999942779541,0.5665997669995072
2024-05-15,ABAT,1.3300000429153442,1.3700000047683716,1.2999999523162842,1.309999942779541,0.5967259474341405
2024-05-16,ABAT,1.3700000047683716,1.3700000047683716,1.2799999713897705,1.3300000429153442,0.6278490934921048
2024-05-21,ABAT,1.4600000381469727,1.4600000381469727,1.399999976158142,1.4199999570846558,0.5240659941462201
2024-05-22,ABAT,1.4500000476837158,1.4700000286102295,1.4299999475479126,1.4600000381469727,0.5767216316400869
2024-05-28,ABAT,1.4500000476837158,1.4600000381469727,1.3700000047683716,1.3899999856948853,0.526858826002816
2024-05-29,ABAT,1.399999976158142,1.399999976158142,1.350000023841858,1.3600000143051147,0.7786459469771109
2024-05-31,ABAT,1.3799999952316284,1.3899999856948853,1.3600000143051147,1.3799999952316284,0.5241968397182096
2024-06-03,ABAT,1.399999976158142,1.4299999475479126,1.3799999952316284,1.399999976158142,0.5389122577155636
2024-06-12,ABAT,1.2699999809265137,1.2790000438690186,1.190000057220459,1.2100000381469727,0.7438439579309849
2024-06-13,ABAT,1.25,1.25,1.1699999570846558,1.1799999475479126,0.5373557565876849
2024-06-17,ABAT,1.0700000524520874,1.090000033378601,1.0199999809265137,1.0299999713897705,0.733341632476105
2024-06-18,ABAT,1.0499999523162842,1.0759999752044678,1.0,1.0,0.7660878409904989
2024-06-20,ABAT,1.0499999523162842,1.149999976158142,1.0099999904632568,1.0399999618530273,0.7070416360942163
2024-06-21,ABAT,1.0499999523162842,1.090000033378601,1.0299999713897705,1.0299999713897705,0.6907699172904752
2024-06-25,ABAT,1.0499999523162842,1.1100000143051147,1.0499999523162842,1.0499999523162842,0.5332887878694097
2024-06-26,ABAT,1.0800000429153442,1.159999966621399,1.0700000524520874,1.1150000095367432,0.6418750756791962
2024-06-28,ABAT,1.2699999809265137,1.2999999523162842,1.190000057220459,1.25,0.8425368963508776
2024-07-05,ABAT,1.059999942779541,1.059999942779541,1.0,1.0099999904632568,0.5642852175974854
2024-07-11,ABAT,1.1100000143051147,1.149999976158142,1.0549999475479126,1.100000023841858,0.5364219645796219
2024-07-25,ABAT,0.9800000190734863,1.0299999713897705,0.949999988079071,1.0299999713897705,0.596522706154916
2024-08-12,ABAT,1.0299999713897705,1.0399999618530273,0.8500000238418579,1.0399999618530273,0.5019639538158662
2024-08-27,ABAT,1.090000033378601,1.1299999952316284,1.0800000429153442,1.100000023841858,0.712774809131681
2024-08-28,ABAT,1.1200000047683716,1.149999976158142,1.0299999713897705,1.090000033378601,0.5192475045143797
2024-08-30,ABAT,1.1100000143051147,1.1299999952316284,1.0800000429153442,1.1050000190734863,0.6134422258921746
2024-09-10,ABAT,1.0299999713897705,1.059999942779541,1.0099999904632568,1.0399999618530273,0.6646316114125556
2024-09-18,ABAT,1.0099999904632568,1.0299999713897705,0.9900000095367432,0.9900000095367432,0.5388969454433871
2024-09-19,ABAT,1.0,1.0149999856948853,0.9900000095367432,1.0099999904632568,0.7272362163464904
2024-09-20,ABAT,1.059999942779541,1.2100000381469727,0.9900000095367432,1.0399999618530273,0.660708930912862
2024-09-25,ABAT,0.875,0.8799999952316284,0.800000011920929,0.8100000023841858,0.6646696366160852
2024-10-07,ABAT,1.0399999618530273,1.1100000143051147,1.0,1.059999942779541,0.5585645744232554
2024-10-10,ABAT,1.0,1.0199999809265137,0.9900000095367432,1.0,0.5574082133282559
2024-10-14,ABAT,1.0199999809265137,1.0199999809265137,0.9900000095367432,1.0,0.5227165892552893
2024-10-17,ABAT,1.0499999523162842,1.0499999523162842,1.0,1.0299999713897705,0.5714528415740837
2024-10-18,ABAT,1.0499999523162842,1.0499999523162842,0.9900000095367432,0.9980000257492065,0.5577443589990836
2024-10-22,ABAT,1.0199999809265137,1.0299999713897705,0.9869999885559082,1.0099999904632568,0.7261616949288126
2024-10-24,ABAT,1.0099999904632568,1.0199999809265137,0.9900000095367432,1.0099999904632568,0.5827126452179364
2024-10-31,ABAT,1.0099999904632568,1.0099999904632568,0.9599999785423279,0.996999979019165,0.8029013418347781
2024-11-01,ABAT,1.0099999904632568,1.0099999904632568,0.9900000095367432,0.9929999709129333,0.5854676334381242
2024-11-11,ABAT,1.0,1.0099999904632568,0.9399999976158142,0.9539999961853027,0.5031395379023849
2024-11-14,ABAT,0.9900000095367432,1.0,0.949999988079071,0.9620000123977661,0.5638571592122066
2024-11-18,ABAT,0.8600000143051147,0.9200000166893005,0.800000011920929,0.800000011920929,0.5844870174809504
2024-11-19,ABAT,0.8199999928474426,0.8500000238418579,0.7699999809265137,0.800000011920929,0.5814049223000138
2024-12-03,ABAT,0.8920000195503235,0.9490000009536743,0.8299999833106995,0.925000011920929,0.5720124463358872
2024-12-17,ABAT,0.8830000162124634,0.9179999828338623,0.8299999833106995,0.8600000143051147,0.8267827136036257
2024-12-18,ABAT,1.1699999570846558,1.2400000095367432,0.8799999952316284,0.8799999952316284,0.9023155943498081
2024-12-27,ABAT,3.630000114440918,4.110000133514404,2.9100000858306885,3.359999895095825,0.7539459222251172
2025-01-02,ABAT,2.509999990463257,2.6700000762939453,2.0199999809265137,2.130000114440918,0.7354464102915923
2025-01-14,ABAT,1.899999976158142,1.9900000095367432,1.7200000286102295,1.8200000524520874,0.609559563430598
2025-01-17,ABAT,2.0799999237060547,2.0850000381469727,1.9199999570846558,2.0,0.5741069277686168
2025-02-07,ABAT,1.3600000143051147,1.4199999570846558,1.2699999809265137,1.309999942779541,0.6523116931517351
2025-02-10,ABAT,1.3200000524520874,1.340000033378601,1.2599999904632568,1.2799999713897705,0.536004285772704
2025-02-14,ABAT,1.3300000429153442,1.3890000581741333,1.2699999809265137,1.3799999952316284,0.5436584502164102
2025-02-24,ABAT,1.0,1.0800000429153442,0.9700000286102295,1.0199999809265137,0.5712459866644141
2025-02-25,ABAT,1.0399999618530273,1.0399999618530273,0.9599999785423279,0.9919999837875366,0.689155261999508
2025-02-27,ABAT,1.0399999618530273,1.0399999618530273,0.968999981880188,0.9929999709129333,0.9101516463103175
2025-03-10,ABAT,1.0299999713897705,1.0299999713897705,0.9300000071525574,0.9380000233650208,0.7760687619649733
2025-03-12,ABAT,1.0199999809265137,1.0499999523162842,0.9810000061988831,0.996999979019165,0.7667195047299405
2025-03-25,ABAT,1.0299999713897705,1.100000023841858,1.0199999809265137,1.059999942779541,0.5221167047736062
2025-04-08,ABAT,1.0,1.0299999713897705,0.9100000262260437,0.9240000247955322,0.9574647180478013
2025-04-14,ABAT,1.0299999713897705,1.100000023841858,1.0199999809265137,1.0199999809265137,0.6819594795295558
2025-04-17,ABAT,1.100000023841858,1.1699999570846558,1.0449999570846558,1.1699999570846558,0.7745573431460594
2025-04-21,ABAT,1.190000057220459,1.2000000476837158,1.059999942779541,1.1299999952316284,0.6826265727621423
2025-04-22,ABAT,1.149999976158142,1.190000057220459,1.0700000524520874,1.0700000524520874,0.5034196913233764
2025-04-23,ABAT,1.1200000047683716,1.1699999570846558,1.100000023841858,1.1100000143051147,0.7095392706440998
2025-05-12,ABAT,1.409999966621399,1.4900000095367432,1.3200000524520874,1.340000033378601,0.8260910915167774
2025-05-20,ABAT,1.440000057220459,1.4450000524520874,1.371000051498413,1.3899999856948853,0.7248522374348474
2025-05-29,ABAT,1.3899999856948853,1.3899999856948853,1.3300000429153442,1.340000033378601,0.8576950811219121
2025-06-03,ABAT,1.399999976158142,1.5390000343322754,1.3899999856948853,1.4800000190734863,0.5014008528804698
2025-06-05,ABAT,1.5399999618530273,1.5499999523162842,1.4500000476837158,1.4500000476837158,0.5281727130153577
2025-06-09,ABAT,1.4800000190734863,1.4800000190734863,1.4199999570846558,1.4500000476837158,0.5221498915803984
2025-06-20,ABAT,1.3600000143051147,1.3600000143051147,1.2599999904632568,1.2699999809265137,0.6460524395055866
2025-06-25,ABAT,1.2599999904632568,1.2899999618530273,1.2400000095367432,1.2799999713897705,0.5143652917893026
2025-06-30,ABAT,1.5490000247955322,1.7100000381469727,1.4800000190734863,1.6200000047683716,0.5209867686993525
2025-07-07,ABAT,1.8799999952316284,1.9700000286102295,1.7799999713897705,1.8799999952316284,0.7501197042480419
2025-07-08,ABAT,1.8899999856948853,2.0399999618530273,1.8799999952316284,1.9700000286102295,0.5938517881161101
2025-07-09,ABAT,2.0,2.009999990463257,1.7699999809265137,1.7999999523162842,0.6130829057741567
2025-07-18,ABAT,2.4800000190734863,2.4800000190734863,2.2300000190734863,2.4000000953674316,0.7009321941887311
2025-07-21,ABAT,2.690000057220459,3.299999952316284,2.5,2.559999942779541,0.6121288380677347
2025-07-25,ABAT,3.744999885559082,3.890000104904175,2.890000104904175,3.1549999713897705,0.716573791516377
2025-08-04,ABAT,2.380000114440918,2.6500000953674316,2.25,2.2899999618530273,0.678160311414297
2025-08-07,ABAT,2.190000057220459,2.319999933242798,2.049999952316284,2.0799999237060547,0.5571104404499104
2025-08-11,ABAT,2.2799999713897705,2.430000066757202,2.1700000762939453,2.25,0.7057961412277185
2025-08-13,ABAT,2.4000000953674316,2.490000009536743,2.309999942779541,2.4700000286102295,0.5348402675168952
2025-09-05,ABAT,2.5399999618530273,2.7699999809265137,2.3399999141693115,2.4000000953674316,0.5990412931146566
2025-09-08,ABAT,2.450000047683716,2.49399995803833,2.369999885559082,2.380000114440918,0.5142014112648061
2025-09-26,ABAT,4.460000038146973,4.639999866485596,4.150000095367432,4.380000114440918,0.6206236439925341
2025-09-30,ABAT,5.25,5.269999980926514,4.599999904632568,4.860000133514404,0.74977635602661
2025-10-02,ABAT,5.25,5.429999828338623,4.849999904632568,5.010000228881836,0.5946315707501021
2025-10-10,ABAT,6.400000095367432,7.340000152587891,6.389999866485596,6.75,0.6297033581923642
2025-10-15,ABAT,11.414999961853027,11.489999771118164,8.109999656677246,8.949999809265137,0.717891731294094
2025-10-20,ABAT,6.014999866485596,6.869999885559082,5.570000171661377,6.71999979019165,0.6565220558873063
2025-11-10,ABAT,4.645999908447266,4.690000057220459,4.130000114440918,4.28000020980835,0.6521900418739248
2025-11-12,ABAT,4.119999885559082,4.429999828338623,4.0920000076293945,4.349999904632568,0.5004164530593537
2025-11-19,ABAT,3.799999952316284,4.21999979019165,3.759999990463257,4.019999980926514,0.6089400718411486
2025-11-20,ABAT,4.150000095367432,4.25,3.440000057220459,3.509999990463257,0.8956688846095924
2025-11-21,ABAT,3.5399999618530273,3.5799999237060547,3.2300000190734863,3.369999885559082,0.7829101883321519
2025-11-26,ABAT,3.619999885559082,3.7100000381469727,3.4700000286102295,3.5799999237060547,0.5015932315640279
2025-12-15,ABAT,4.139999866485596,4.460000038146973,3.9100000858306885,3.930000066757202,0.6804704919004188
2025-12-18,ABAT,3.75,3.9700000286102295,3.7049999237060547,3.7699999809265137,0.5122923682197296
2025-12-26,ABAT,4.03000020980835,4.03000020980835,3.765000104904175,3.819999933242798,0.5231507330664981
2025-12-30,ABAT,3.5299999713897705,3.559999942779541,3.3399999141693115,3.359999895095825,0.5811890276519798
2026-01-02,ABAT,3.4200000762939453,3.7100000381469727,3.3299999237060547,3.700000047683716,0.5277882379849361
2026-01-05,ABAT,3.869999885559082,4.699999809265137,3.8399999141693115,4.659999847412109,0.5885572128618648
2024-01-11,ABNB,140.7100067138672,141.1999969482422,137.5500030517578,139.4499969482422,0.5015183371897494
2024-01-18,ABNB,137.0,139.53500366210938,135.22500610351562,137.0399932861328,0.6485545977783345
2024-01-24,ABNB,143.80999755859375,144.10000610351562,139.5800018310547,141.19000244140625,0.7937658575195372
2024-01-25,ABNB,143.1999969482422,143.2899932861328,140.3679962158203,142.11000061035156,0.5825972216231096
2024-02-22,ABNB,151.02000427246094,155.6999969482422,150.26499938964844,155.25999450683594,0.5540727816323817
2024-03-14,ABNB,165.74000549316406,166.72000122070312,162.72000122070312,166.44000244140625,0.5038411231613328
2024-03-21,ABNB,165.80999755859375,170.10000610351562,165.0,168.17999267578125,0.7129846950331296
2024-04-04,ABNB,161.22000122070312,163.64999389648438,158.52000427246094,158.83999633789062,0.5693433949786952
2024-04-09,ABNB,161.5500030517578,163.2050018310547,159.91000366210938,162.66000366210938,0.5144003246802965
2024-04-15,ABNB,161.80999755859375,162.89999389648438,154.41000366210938,155.60000610351562,0.5237595239558912
2024-04-17,ABNB,158.4499969482422,159.6999969482422,156.41000366210938,158.3699951171875,0.5416593634346644
2024-04-18,ABNB,159.60000610351562,162.94000244140625,159.2100067138672,160.10000610351562,0.7176094830242884
2024-05-03,ABNB,161.80999755859375,165.5,159.14999389648438,159.7100067138672,0.5501063010287333
2024-05-15,ABNB,147.57000732421875,147.69000244140625,144.75,145.8000030517578,0.6079780413699898
2024-05-28,ABNB,146.0,147.8699951171875,145.11000061035156,147.00999450683594,0.5561015241714332
2024-06-12,ABNB,149.99000549316406,150.2899932861328,148.62100219726562,149.32000732421875,0.6484535498515361
2024-07-09,ABNB,152.9199981689453,155.66000366210938,151.96499633789062,152.4499969482422,0.6888923421770793
2024-07-16,ABNB,148.47000122070312,151.63999938964844,147.8800048828125,151.25999450683594,0.5041356835741643
2024-07-26,ABNB,141.89999389648438,141.91000366210938,139.02999877929688,140.10000610351562,0.6342770435782359
2024-07-29,ABNB,141.24000549316406,142.42999267578125,140.0,140.2899932861328,0.6413156748575926
2024-08-14,ABNB,117.72000122070312,118.73999786376953,116.18000030517578,116.23999786376953,0.6031002674314162
2024-09-10,ABNB,117.01000213623047,117.40599822998047,112.86000061035156,115.12000274658203,0.6588695995912918
2024-09-19,ABNB,127.93000030517578,131.35000610351562,127.44000244140625,128.75,0.5655507184444387
2024-09-26,ABNB,132.70599365234375,133.33999633789062,129.14599609375,129.25,0.7160081452515189
2024-10-24,ABNB,133.5500030517578,133.75,131.66000366210938,132.75,0.5148841925724356
2024-10-31,ABNB,137.6999969482422,138.05999755859375,134.25999450683594,134.7899932861328,0.5615176112991047
2024-11-06,ABNB,141.97999572753906,142.9499969482422,139.41000366210938,140.91000366210938,0.5659961159752148
2024-12-19,ABNB,129.1300048828125,131.0800018310547,127.91000366210938,129.35000610351562,0.6728028546152576
2025-01-06,ABNB,137.0,138.10000610351562,134.5800018310547,135.1999969482422,0.501270382312615
2025-02-24,ABNB,147.0,147.07000732421875,143.8800048828125,144.82000732421875,0.6159948088590982
2025-02-26,ABNB,143.16000366210938,145.1300048828125,142.22000122070312,144.02999877929688,0.5926386384177761
2025-03-03,ABNB,140.33999633789062,144.75,139.9010009765625,140.97999572753906,0.6182865556237442
2025-03-12,ABNB,127.0,127.4800033569336,123.53099822998047,126.55000305175781,0.7540086223860938
2025-04-08,ABNB,110.73999786376953,112.97000122070312,104.1500015258789,105.69000244140625,0.8524005504992855
2025-04-14,ABNB,117.30000305175781,118.29000091552734,112.55000305175781,113.22000122070312,0.6174169848588351
2025-04-15,ABNB,114.2249984741211,115.70999908447266,113.5199966430664,114.63999938964844,0.5007993150248073
2025-04-17,ABNB,113.75,114.0,111.86000061035156,112.69999694824219,0.7341572630477137
2025-04-23,ABNB,119.69999694824219,122.31999969482422,116.72000122070312,118.27999877929688,0.6846811947094804
2025-05-08,ABNB,124.625,127.62999725341797,123.62000274658203,126.38999938964844,0.5067901032515234
2025-05-12,ABNB,133.16000366210938,134.85000610351562,132.13999938964844,134.2100067138672,0.7531610169893955
2025-05-29,ABNB,130.0,130.0,126.95999908447266,128.36000061035156,0.7891243520265733
2025-06-06,ABNB,139.17999267578125,143.8800048828125,138.9499969482422,140.63999938964844,0.5088920686599854
2025-06-09,ABNB,141.47000122070312,141.5260009765625,138.33999633789062,139.00999450683594,0.5266023685633371
2025-08-06,ABNB,130.6750030517578,131.2899932861328,128.3000030517578,130.5,0.5692420936358743
2025-08-22,ABNB,127.16999816894531,130.4250030517578,126.31999969482422,129.9199981689453,0.6133268346811476
2025-09-29,ABNB,124.44000244140625,124.58000183105469,122.83000183105469,122.91999816894531,0.608822314075787
2025-11-07,ABNB,125.49500274658203,125.76000213623047,117.14700317382812,120.87999725341797,0.6257051369534581
2025-11-10,ABNB,121.94000244140625,122.83000183105469,119.77999877929688,120.19999694824219,0.5857632715074907
2025-11-21,ABNB,112.16999816894531,115.69000244140625,111.83999633789062,114.26000213623047,0.7184074507721017
2025-12-15,ABNB,129.2899932861328,132.25,128.3000030517578,131.80999755859375,0.6095419263275298
2025-12-17,ABNB,133.9600067138672,136.82000732421875,133.62100219726562,133.77999877929688,0.5094584569519932
2025-12-22,ABNB,136.08999633789062,138.52000427246094,135.9499969482422,136.9499969482422,0.560653772530337
2024-01-18,ACHR,5.21999979019165,5.25,4.860000133514404,5.019999980926514,0.6749806930785435
2024-01-22,ACHR,5.449999809265137,5.849999904632568,5.150000095367432,5.309999942779541,0.6297335287281396
2024-01-24,ACHR,5.550000190734863,5.590000152587891,5.010000228881836,5.010000228881836,0.8486956648710045
2024-01-25,ACHR,5.050000190734863,5.119999885559082,4.949999809265137,4.980000019073486,0.7167271460694166
2024-01-26,ACHR,5.019999980926514,5.150000095367432,4.880000114440918,4.900000095367432,0.5973012997593706
2024-02-06,ACHR,4.699999809265137,5.074999809265137,4.670000076293945,5.059999942779541,0.5152529040178331
2024-02-15,ACHR,5.539999961853027,5.550000190734863,5.329999923706055,5.449999809265137,0.5039250930249156
2024-02-22,ACHR,5.170000076293945,5.190000057220459,4.860000133514404,4.869999885559082,0.5873700911665083
2024-02-29,ACHR,4.800000190734863,4.980000019073486,4.78000020980835,4.829999923706055,0.5493363806407066
2024-03-04,ACHR,4.579999923706055,4.670000076293945,4.420000076293945,4.480000019073486,0.6089660028797822
2024-03-06,ACHR,4.269999980926514,4.550000190734863,4.184999942779541,4.25,0.5189571054013019
2024-03-07,ACHR,4.320000171661377,4.449999809265137,4.0,4.289999961853027,0.5158544914469245
2024-03-08,ACHR,4.340000152587891,4.800000190734863,4.340000152587891,4.579999923706055,0.5070526040869101
2024-03-18,ACHR,5.050000190734863,5.139999866485596,4.71999979019165,4.869999885559082,0.5054059589261378
2024-03-21,ACHR,5.099999904632568,5.190000057220459,4.989999771118164,5.110000133514404,0.8143489749319498
2024-03-25,ACHR,4.949999809265137,5.110000133514404,4.900000095367432,4.949999809265137,0.582803965197129
2024-03-26,ACHR,4.980000019073486,5.047999858856201,4.769999980926514,4.789999961853027,0.5293834620409514
2024-03-27,ACHR,4.840000152587891,4.849999904632568,4.630000114440918,4.739999771118164,0.5133938835511896
2024-04-04,ACHR,4.5,4.565000057220459,4.25,4.300000190734863,0.5589189690218399
2024-04-11,ACHR,4.199999809265137,4.320000171661377,4.125,4.190000057220459,0.598287307696808
2024-04-15,ACHR,4.059999942779541,4.070000171661377,3.8499999046325684,3.890000104904175,0.5484721069202273
2024-04-17,ACHR,3.9100000858306885,3.940000057220459,3.7799999713897705,3.7799999713897705,0.58831027984972
2024-04-18,ACHR,3.799999952316284,3.859999895095825,3.7149999141693115,3.7799999713897705,0.7748011487227443
2024-04-24,ACHR,4.050000190734863,4.110000133514404,3.859999895095825,3.9700000286102295,0.5548962836350954
2024-04-25,ACHR,4.010000228881836,4.01800012588501,3.869999885559082,3.9800000190734863,0.550104458933583
2024-04-29,ACHR,4.059999942779541,4.099999904632568,3.990000009536743,4.070000171661377,0.6613659846014442
2024-05-10,ACHR,3.880000114440918,4.130000114440918,3.5739998817443848,3.6500000953674316,0.5936670668385684
2024-05-13,ACHR,3.740000009536743,4.0,3.7300000190734863,3.75,0.5686181516095267
2024-05-15,ACHR,4.059999942779541,4.090000152587891,3.799999952316284,3.890000104904175,0.5447928832978117
2024-05-22,ACHR,3.5,3.5,3.390000104904175,3.4200000762939453,0.7855434370657955
2024-05-31,ACHR,3.240000009536743,3.369999885559082,3.200000047683716,3.2699999809265137,0.5138419637553002
2024-06-03,ACHR,3.3499999046325684,3.4000000953674316,3.240000009536743,3.299999952316284,0.5368152115790397
2024-06-05,ACHR,3.4000000953674316,3.549999952316284,3.2799999713897705,3.450000047683716,0.5000161906120391
2024-06-06,ACHR,3.6600000858306885,3.7200000286102295,3.4100000858306885,3.430000066757202,0.6818088169148953
2024-06-12,ACHR,3.430000066757202,3.619999885559082,3.359999895095825,3.359999895095825,0.7088599558601976
2024-06-13,ACHR,3.4100000858306885,3.4100000858306885,3.200000047683716,3.2699999809265137,0.5250933601999572
2024-06-20,ACHR,3.0999999046325684,3.200000047683716,3.0399999618530273,3.119999885559082,0.7389957477262515
2024-06-21,ACHR,3.1500000953674316,3.700000047683716,3.119999885559082,3.6600000858306885,0.5225767926062375
2024-06-24,ACHR,3.680000066757202,4.03000020980835,3.6600000858306885,3.740000009536743,0.5571436408655246
2024-06-25,ACHR,3.759999990463257,3.880000114440918,3.630000114440918,3.6600000858306885,0.5640893355480966
2024-07-02,ACHR,3.490000009536743,3.7899999618530273,3.4700000286102295,3.7200000286102295,0.5726881488442129
2024-07-05,ACHR,4.760000228881836,4.789999961853027,4.21999979019165,4.400000095367432,0.6297600504742554
2024-07-08,ACHR,4.610000133514404,4.619999885559082,4.409999847412109,4.480000019073486,0.6095070238522114
2024-07-11,ACHR,4.46999979019165,4.570000171661377,4.300000190734863,4.570000171661377,0.7586822582532432
2024-07-15,ACHR,5.320000171661377,5.320000171661377,4.945000171661377,5.050000190734863,0.5977056740491407
2024-07-18,ACHR,5.110000133514404,5.210000038146973,4.769999980926514,4.829999923706055,0.5457767186902529
2024-07-22,ACHR,4.679999828338623,4.710000038146973,4.510000228881836,4.599999904632568,0.5665216271081757
2024-07-26,ACHR,4.5,4.769999980926514,4.5,4.690000057220459,0.5746741998772944
2024-07-29,ACHR,4.769999980926514,4.815000057220459,4.380000114440918,4.460000038146973,0.6013422602838843
2024-08-06,ACHR,4.079999923706055,4.0980000495910645,3.809999942779541,3.9200000762939453,0.6261331226677065
2024-08-07,ACHR,4.0,4.139999866485596,3.8299999237060547,3.8399999141693115,0.76271665074994
2024-08-12,ACHR,3.680000066757202,3.75,3.5199999809265137,3.549999952316284,0.5270556642825035
2024-08-22,ACHR,3.8499999046325684,3.880000114440918,3.619999885559082,3.680000066757202,0.5378516757123832
2024-08-26,ACHR,3.8399999141693115,3.9600000381469727,3.815000057220459,3.930000066757202,0.5138651201926786
2024-08-29,ACHR,3.609999895095825,3.700000047683716,3.5299999713897705,3.5399999618530273,0.5956493236250542
2024-08-30,ACHR,3.5999999046325684,3.619999885559082,3.3499999046325684,3.4000000953674316,0.7425583692484921
2024-09-03,ACHR,3.430000066757202,3.5,3.3499999046325684,3.380000114440918,0.6887564210918099
2024-09-17,ACHR,3.140000104904175,3.240000009536743,3.109999895095825,3.130000114440918,0.5565203096716158
2024-09-19,ACHR,3.1600000858306885,3.180000066757202,3.0399999618530273,3.049999952316284,0.7270485813360724
2024-09-23,ACHR,3.0799999237060547,3.0999999046325684,3.009999990463257,3.0399999618530273,0.5088338834204765
2024-09-26,ACHR,2.9600000381469727,3.0,2.821000099182129,2.9200000762939453,0.7471094953209392
2024-09-27,ACHR,2.990000009536743,3.180000066757202,2.9800000190734863,3.069999933242798,0.54690715749009
2024-10-01,ACHR,3.049999952316284,3.069999933242798,2.9600000381469727,2.9700000286102295,0.6872141861389209
2024-10-02,ACHR,3.075000047683716,3.2200000286102295,2.9800000190734863,3.200000047683716,0.6213450473414454
2024-10-23,ACHR,3.390000104904175,3.490000009536743,3.0899999141693115,3.119999885559082,0.6417288116237929
2024-10-24,ACHR,3.1500000953674316,3.2850000858306885,3.049999952316284,3.0899999141693115,0.6083601402880905
2024-10-30,ACHR,3.4100000858306885,3.4800000190734863,3.259999990463257,3.2799999713897705,0.5030372046442099
2024-11-01,ACHR,3.2300000190734863,3.3350000381469727,3.1700000762939453,3.2799999713897705,0.6129718545149591
2024-11-13,ACHR,4.769999980926514,4.78000020980835,4.150000095367432,4.28000020980835,0.7859270284835463
2024-11-22,ACHR,6.079999923706055,6.21999979019165,5.739999771118164,6.039999961853027,0.5498367217398096
2024-11-27,ACHR,7.510000228881836,8.539999961853027,7.449999809265137,8.079999923706055,0.5228586700827693
2024-12-02,ACHR,9.6899995803833,9.720000267028809,6.820000171661377,7.300000190734863,0.7875617502617573
2024-12-18,ACHR,9.279999732971191,10.579999923706055,8.760000228881836,8.949999809265137,0.7776695146946637
2024-12-19,ACHR,9.140000343322754,9.680000305175781,8.1899995803833,8.420000076293945,0.7413029152735817
2024-12-23,ACHR,9.699999809265137,10.140000343322754,9.149999618530273,9.380000114440918,0.5129161947014101
2024-12-26,ACHR,11.119999885559082,11.359999656677246,10.600000381469727,11.329999923706055,0.566007725114095
2025-01-06,ACHR,11.600000381469727,11.800000190734863,11.270000457763672,11.449999809265137,0.5922284921642607
2025-01-14,ACHR,8.680000305175781,8.89900016784668,8.0,8.220000267028809,0.6713721264537306
2025-01-28,ACHR,9.3100004196167,9.3100004196167,8.789999961853027,9.15999984741211,0.5326377262999659
2025-01-31,ACHR,9.329999923706055,10.180000305175781,9.229999542236328,9.449999809265137,0.5684721053046661
2025-02-05,ACHR,9.319999694824219,9.739999771118164,9.0600004196167,9.149999618530273,0.6056954947453835
2025-02-06,ACHR,9.239999771118164,9.460000038146973,8.859999656677246,9.149999618530273,0.6269373740565528
2025-02-18,ACHR,11.0,11.84000015258789,10.510000228881836,10.670000076293945,0.5455708221552219
2025-02-19,ACHR,10.989999771118164,11.050000190734863,9.979999542236328,10.0600004196167,0.6163317658059866
2025-02-20,ACHR,10.229999542236328,10.350000381469727,9.260000228881836,10.130000114440918,0.5971851478102729
2025-02-21,ACHR,10.369999885559082,10.59000015258789,9.109999656677246,9.130000114440918,0.7406012631505289
2025-02-26,ACHR,8.229999542236328,8.510000228881836,7.945000171661377,8.210000038146973,0.6101776421285011
2025-02-27,ACHR,8.600000381469727,8.640000343322754,7.869999885559082,7.920000076293945,0.8470746020540041
2025-03-03,ACHR,9.149999618530273,9.399999618530273,7.690000057220459,7.880000114440918,0.7005713389059616
2025-03-12,ACHR,7.289999961853027,7.519999980926514,6.940000057220459,7.480000019073486,0.7916294200693577
2025-03-13,ACHR,7.659999847412109,7.75,7.179999828338623,7.25,0.5561165573633106
2025-04-08,ACHR,7.190000057220459,7.28000020980835,6.21999979019165,6.400000095367432,0.9804508094322858
2025-04-14,ACHR,7.329999923706055,7.460000038146973,6.989999771118164,7.25,0.6918678872982121
2025-04-17,ACHR,7.190000057220459,7.599999904632568,7.039999961853027,7.230000019073486,0.7348444818163244
2025-04-23,ACHR,7.809999942779541,8.1899995803833,7.684999942779541,8.050000190734863,0.6783183625458321
2025-04-28,ACHR,8.739999771118164,8.890000343322754,8.210000038146973,8.529999732971191,0.5331205846516578
2025-05-08,ACHR,8.920000076293945,9.020000457763672,8.630000114440918,8.760000228881836,0.5305362666111083
2025-05-12,ACHR,9.239999771118164,9.329999923706055,8.840999603271484,9.079999923706055,0.7379486427075723
2025-05-29,ACHR,11.199999809265137,11.229999542236328,10.489999771118164,10.600000381469727,0.8065354867344586
2025-06-03,ACHR,10.199999809265137,10.4399995803833,9.65999984741211,9.720000267028809,0.5403192478508531
2025-06-11,ACHR,11.75,12.520000457763672,11.460000038146973,12.170000076293945,0.5116938572923607
2025-06-20,ACHR,10.399999618530273,10.574999809265137,9.970000267028809,10.039999961853027,0.6441896732474945
2025-06-25,ACHR,10.829999923706055,11.050000190734863,9.930000305175781,9.930000305175781,0.5168282082618806
2025-07-02,ACHR,10.109999656677246,10.109999656677246,9.8100004196167,9.979999542236328,0.5473649218337509
2025-07-09,ACHR,10.470000267028809,10.649999618530273,10.25,10.449999809265137,0.643184949348948
2025-07-21,ACHR,13.364999771118164,13.48799991607666,11.765000343322754,11.850000381469727,0.6940652083894623
2025-07-28,ACHR,11.40999984741211,11.600000381469727,10.670000076293945,10.789999961853027,0.6339611649831574
2025-07-30,ACHR,10.25,10.279999732971191,9.979999542236328,10.149999618530273,0.5031892081751252
2025-08-05,ACHR,10.5,10.630000114440918,10.100000381469727,10.329999923706055,0.6119085432336839
2025-08-07,ACHR,9.920000076293945,10.100000381469727,9.619999885559082,9.800000190734863,0.5344607966582496
2025-08-08,ACHR,9.854999542236328,9.930000305175781,9.550000190734863,9.720000267028809,0.5487155988752119
2025-08-11,ACHR,9.895000457763672,9.899999618530273,9.460000038146973,9.539999961853027,0.5507830589365433
2025-08-13,ACHR,10.524999618530273,10.57800006866455,9.982999801635742,10.199999809265137,0.505922427095811
2025-08-15,ACHR,10.180000305175781,10.260000228881836,9.8100004196167,9.819999694824219,0.5226503596427257
2025-08-18,ACHR,10.0,10.229999542236328,9.609999656677246,9.850000381469727,0.5101029504044423
2025-08-28,ACHR,9.210000038146973,9.319999694824219,9.149999618530273,9.199999809265137,0.517572885481669
2025-09-03,ACHR,8.65999984741211,8.699999809265137,8.369999885559082,8.390000343322754,0.645713914915594
2025-09-05,ACHR,8.614999771118164,8.6899995803833,8.164999961853027,8.5,0.6845030321477688
2025-09-10,ACHR,8.600000381469727,8.600000381469727,8.229999542236328,8.25,0.5662660326003484
2025-09-15,ACHR,9.359999656677246,9.520000457763672,8.979999542236328,9.119999885559082,0.6537874034160389
2025-09-16,ACHR,9.170000076293945,9.34000015258789,8.899999618530273,9.109999656677246,0.5050569681494046
2025-09-26,ACHR,9.40999984741211,9.819999694824219,9.279999732971191,9.279999732971191,0.5034681272513186
2025-10-15,ACHR,13.4399995803833,14.619999885559082,12.829999923706055,13.029999732971191,0.6589247222498303
2025-10-16,ACHR,13.319999694824219,14.300000190734863,11.819999694824219,11.869999885559082,0.7066578704299005
2025-10-20,ACHR,11.869999885559082,12.130000114440918,11.40999984741211,11.979999542236328,0.6697730232132918
2025-10-27,ACHR,11.579999923706055,11.720000267028809,11.289999961853027,11.34000015258789,0.6403750070919937
2025-10-29,ACHR,11.220000267028809,11.489999771118164,10.859999656677246,11.180000305175781,0.5034787584723882
2025-10-31,ACHR,11.09000015258789,11.460000038146973,10.760000228881836,11.220000267028809,0.5524675297308114
2025-11-05,ACHR,9.84000015258789,9.850000381469727,9.430000305175781,9.569999694824219,0.5215443034254138
2025-11-18,ACHR,7.599999904632568,7.769999980926514,7.25,7.610000133514404,0.6293534053642127
2025-11-19,ACHR,7.650000095367432,7.820000171661377,7.364999771118164,7.46999979019165,0.7343736248095466
2025-11-20,ACHR,7.75,7.880000114440918,6.860000133514404,6.869999885559082,0.8893980292055905
2025-12-12,ACHR,8.609999656677246,8.819999694824219,8.220000267028809,8.300000190734863,0.564143806754187
2025-12-15,ACHR,8.460000038146973,8.468000411987305,7.820000171661377,7.829999923706055,0.659766853710869
2025-12-18,ACHR,7.880000114440918,8.100000381469727,7.760000228881836,7.820000171661377,0.5079673248729089
2025-12-19,ACHR,7.96999979019165,8.25,7.855000019073486,8.15999984741211,0.574593326038801
2026-01-02,ACHR,7.670000076293945,8.15999984741211,7.505000114440918,8.130000114440918,0.5601237871037982
2026-01-05,ACHR,8.25,8.819999694824219,8.180000305175781,8.5600004196167,0.526590836549606
2026-01-06,ACHR,8.604999542236328,8.880000114440918,8.470000267028809,8.819999694824219,0.5131325307741212
2026-01-08,ACHR,8.489999771118164,9.010000228881836,8.4399995803833,8.710000038146973,0.5378622911369632
2024-01-22,ADBE,615.0,620.9600219726562,603.1500244140625,603.5900268554688,0.6421353881582925
2024-01-24,ADBE,601.7100219726562,616.9500122070312,597.4600219726562,606.47998046875,0.6725522021065127
2024-01-25,ADBE,615.4199829101562,627.0599975585938,612.239990234375,622.5800170898438,0.6515678051776054
2024-02-22,ADBE,553.9400024414062,555.5499877929688,534.5599975585938,537.5700073242188,0.5432338910053671
2024-02-23,ADBE,543.489990234375,557.1799926757812,541.47998046875,553.4400024414062,0.5225949787326212
2024-02-27,ADBE,565.9099731445312,565.9099731445312,548.5399780273438,552.489990234375,0.5155304197862323
2024-03-06,ADBE,548.0,550.6400146484375,538.1500244140625,543.0900268554688,0.5401432398424968
2024-03-07,ADBE,550.0,558.3800048828125,541.5900268554688,556.0399780273438,0.512337463746878
2024-03-27,ADBE,515.469970703125,516.8599853515625,499.70001220703125,504.3999938964844,0.5090810657475018
2024-04-04,ADBE,503.55999755859375,504.1099853515625,486.70001220703125,487.1099853515625,0.5344895420795093
2024-04-15,ADBE,477.0199890136719,478.5199890136719,468.3500061035156,470.1000061035156,0.5331165223875777
2024-04-19,ADBE,476.5400085449219,476.5799865722656,463.0899963378906,465.0199890136719,0.5484321453917053
2024-05-23,ADBE,488.3800048828125,491.67999267578125,478.69000244140625,483.30999755859375,0.6119083572398412
2024-06-03,ADBE,447.5799865722656,449.8399963378906,436.5799865722656,439.0199890136719,0.5264586241627804
2024-06-20,ADBE,527.6699829101562,533.22998046875,520.4000244140625,522.9500122070312,0.5243426525037409
2024-06-28,ADBE,549.7000122070312,558.47998046875,548.010009765625,555.5399780273438,0.5074681167998315
2024-07-25,ADBE,536.7999877929688,542.280029296875,527.5900268554688,532.1500244140625,0.5453459172889286
2024-07-26,ADBE,535.3499755859375,545.5,533.3300170898438,542.4400024414062,0.5425893057596456
2024-07-30,ADBE,541.8499755859375,543.6699829101562,530.9500122070312,538.7100219726562,0.5513104761925507
2024-08-23,ADBE,565.4500122070312,566.52001953125,552.5,558.2999877929688,0.5085747117394196
2024-09-06,ADBE,570.9000244140625,573.3099975585938,558.0,563.4099731445312,0.5015987266791146
2024-09-09,ADBE,567.6900024414062,574.5700073242188,564.4400024414062,569.8800048828125,0.5508542424536101
2024-09-10,ADBE,576.75,577.7999877929688,567.1400146484375,574.47998046875,0.5328437239202556
2024-09-19,ADBE,518.8099975585938,527.47998046875,518.02001953125,526.4400024414062,0.5280230342765919
2024-09-23,ADBE,525.7100219726562,532.0,524.9600219726562,527.8699951171875,0.5124536921763534
2024-10-04,ADBE,507.2900085449219,508.55999755859375,503.5899963378906,507.2200012207031,0.5090256553012302
2024-10-08,ADBE,492.45001220703125,500.0,486.3999938964844,496.239990234375,0.5267218779731633
2024-10-17,ADBE,506.510009765625,507.5,495.2300109863281,496.8299865722656,0.5024157393659295
2025-01-02,ADBE,447.760009765625,450.1199951171875,440.55999755859375,441.0,0.5491924347444428
2025-03-12,ADBE,436.69000244140625,443.8999938964844,435.5,438.6000061035156,0.5154367861105952
2025-03-19,ADBE,394.1000061035156,395.260009765625,387.0,387.8900146484375,0.5523376921097265
2025-04-08,ADBE,350.1000061035156,350.739990234375,333.8299865722656,340.0,0.9193667212554025
2025-04-14,ADBE,359.510009765625,362.04998779296875,348.5,350.9100036621094,0.5251286604284116
2025-04-17,ADBE,349.75,351.8800048828125,345.0899963378906,348.79998779296875,0.5376547872758061
2025-04-22,ADBE,349.1400146484375,352.0799865722656,344.3699951171875,349.9100036621094,0.5051277032035568
2025-04-23,ADBE,358.1199951171875,363.0,349.79998779296875,351.9599914550781,0.5897371904497369
2025-05-01,ADBE,378.29998779296875,380.44000244140625,374.07000732421875,374.6300048828125,0.5377244099656475
2025-06-06,ADBE,417.5400085449219,419.6499938964844,415.2799987792969,416.9200134277344,0.5205494981365041
2025-06-20,ADBE,380.4800109863281,382.2900085449219,373.760009765625,376.9200134277344,0.5118141955706449
2025-06-24,ADBE,384.9599914550781,385.0,378.510009765625,382.3399963378906,0.5098442659008419
2025-08-04,ADBE,351.1600036621094,351.2099914550781,338.0400085449219,338.8500061035156,0.5483092837668616
2025-08-06,ADBE,341.6499938964844,345.6600036621094,339.19000244140625,345.6199951171875,0.5034425592281492
2025-10-07,ADBE,352.5899963378906,353.3299865722656,344.239990234375,348.30999755859375,0.5555174071726717
2025-10-16,ADBE,333.8599853515625,336.6499938964844,327.5,329.2300109863281,0.5016209449843858
2025-10-27,ADBE,355.57000732421875,358.55999755859375,352.4100036621094,357.79998779296875,0.5036701034254009
2024-01-05,AMD,136.77999877929688,141.00999450683594,136.44000244140625,138.5800018310547,0.589801858696967
2024-01-18,AMD,166.1999969482422,168.60000610351562,158.22000122070312,162.6699981689453,0.5183102169571002
2024-01-24,AMD,172.5500030517578,180.5800018310547,170.55999755859375,178.2899932861328,0.7017901797311327
2024-01-25,AMD,183.41000366210938,184.9199981689453,177.6300048828125,180.3300018310547,0.7168779123582106
2024-02-22,AMD,173.1999969482422,183.8300018310547,172.0,181.86000061035156,0.501173949456172
2024-03-06,AMD,210.42999267578125,214.80999755859375,207.32000732421875,210.6300048828125,0.5163220985126046
2024-03-07,AMD,212.52000427246094,213.8300018310547,208.22000122070312,211.3800048828125,0.5582518528704891
2024-03-08,AMD,213.41000366210938,227.3000030517578,205.60000610351562,207.38999938964844,0.5046811599753628
2024-03-18,AMD,193.2899932861328,193.5,188.0500030517578,190.64999389648438,0.5063782555396383
2024-03-21,AMD,185.97000122070312,187.69000244140625,177.66000366210938,178.67999267578125,0.5183238623506932
2024-03-27,AMD,179.9600067138672,181.22999572753906,175.39999389648438,179.58999633789062,0.508370559967695
2024-04-04,AMD,182.9199981689453,183.02000427246094,165.64999389648438,165.8300018310547,0.5305377181361453
2024-04-05,AMD,168.10000610351562,172.69000244140625,165.5800018310547,170.4199981689453,0.5304506157652915
2024-04-15,AMD,164.42999267578125,164.44000244140625,158.75999450683594,160.32000732421875,0.5275965972384921
2024-04-16,AMD,162.27999877929688,164.8800048828125,161.6699981689453,163.4600067138672,0.5426347780007023
2024-04-18,AMD,155.50999450683594,156.9600067138672,152.32000732421875,155.0800018310547,0.5637220553630867
2024-04-24,AMD,156.55999755859375,157.66000366210938,150.6300048828125,151.74000549316406,0.668373101705547
2024-05-23,AMD,170.17999267578125,173.13999938964844,158.27000427246094,160.42999267578125,0.6120461066964443
2024-06-03,AMD,170.82000732421875,171.0800018310547,160.91000366210938,163.5500030517578,0.5180758437238893
2024-06-20,AMD,155.82000732421875,166.82000732421875,155.5,161.77999877929688,0.5604552984029952
2024-07-05,AMD,165.97000122070312,174.0399932861328,165.67999267578125,171.89999389648438,0.5413929563438764
2024-07-18,AMD,163.41000366210938,163.41000366210938,153.1999969482422,155.77000427246094,0.5444047916119684
2024-07-26,AMD,140.32000732421875,141.2899932861328,138.27000427246094,139.99000549316406,0.5480527411751875
2024-07-29,AMD,141.19000244140625,144.58999633789062,138.75,139.75,0.518252734834203
2024-08-07,AMD,133.75,136.24000549316406,128.3699951171875,128.6699981689453,0.5400954443769919
2024-08-30,AMD,147.52000427246094,148.99000549316406,145.25,148.55999755859375,0.511128884304526
2024-09-09,AMD,136.10000610351562,138.4499969482422,134.86000061035156,138.14999389648438,0.5139189163772027
2024-09-19,AMD,153.80999755859375,159.25,152.77000427246094,156.74000549316406,0.5014611170601347
2024-10-16,AMD,158.07000732421875,158.27999877929688,154.9199981689453,156.1300048828125,0.5073688751723974
2024-10-17,AMD,160.0,160.44000244140625,156.1999969482422,156.25,0.5117380040549587
2024-11-05,AMD,141.94000244140625,143.0800018310547,140.8000030517578,141.66000366210938,0.5200121167023575
2024-11-06,AMD,144.9499969482422,145.6300048828125,141.52000427246094,145.10000610351562,0.5084903802572436
2024-11-18,AMD,138.19000244140625,140.89999389648438,137.2100067138672,138.92999267578125,0.5329331370079391
2024-11-25,AMD,140.49000549316406,142.35000610351562,139.0500030517578,141.1300048828125,0.5090810657475018
2024-12-11,AMD,128.52000427246094,131.2100067138672,126.22000122070312,130.14999389648438,0.5316006224332466
2024-12-19,AMD,122.16000366210938,123.37999725341797,118.44999694824219,118.87999725341797,0.5536304776795521
2024-12-23,AMD,120.70999908447266,126.33999633789062,120.47000122070312,124.5999984741211,0.5340202071967789
2024-12-24,AMD,127.51000213623047,127.51000213623047,124.66000366210938,126.29000091552734,0.5252715227092659
2024-12-31,AMD,123.0999984741211,123.55000305175781,120.13999938964844,120.79000091552734,0.501552334677354
2025-01-02,AMD,122.29000091552734,123.13999938964844,119.44000244140625,120.62999725341797,0.549336050061052
2025-01-03,AMD,121.6500015258789,125.55999755859375,121.41999816894531,125.37000274658203,0.549336050061052
2025-01-06,AMD,129.07000732421875,130.72999572753906,127.36000061035156,129.5500030517578,0.5029600432264274
2025-01-14,AMD,118.0,118.66000366210938,114.5,116.08999633789062,0.5486621225298587
2025-02-04,AMD,115.44999694824219,119.8499984741211,114.79000091552734,119.5,0.5014300468893055
2025-02-10,AMD,108.44000244140625,111.4000015258789,108.1500015258789,110.4800033569336,0.5124823975906153
2025-02-24,AMD,111.48999786376953,111.5999984741211,107.9800033569336,108.11000061035156,0.5127800612733321
2025-02-26,AMD,104.94999694824219,105.80000305175781,103.98999786376953,104.73999786376953,0.5624565933417995
2025-03-03,AMD,101.5199966430664,102.33999633789062,97.08999633789062,98.2300033569336,0.6010936603494921
2025-03-12,AMD,99.05000305175781,101.72000122070312,98.16999816894531,100.79000091552734,0.532498818267884
2025-03-17,AMD,102.5999984741211,106.1500015258789,102.5999984741211,104.58999633789062,0.5116842379207034
2025-03-19,AMD,104.41999816894531,107.9000015258789,101.95999908447266,106.2300033569336,0.5246061845640937
2025-04-08,AMD,86.1500015258789,88.93000030517578,76.4800033569336,78.20999908447266,0.919085236257117
2025-04-14,AMD,97.11000061035156,97.37000274658203,93.44999694824219,94.5,0.5552147230407071
2025-04-17,AMD,88.83999633789062,89.02999877929688,86.5199966430664,87.5,0.5262938737129318
2025-04-23,AMD,91.87999725341797,93.73999786376953,90.12000274658203,90.38999938964844,0.5595340312179626
2025-05-01,AMD,99.2699966430664,100.0999984741211,96.44999694824219,96.6500015258789,0.5230726516150063
2025-05-08,AMD,101.91999816894531,105.44000244140625,101.55999755859375,101.69999694824219,0.5170519165283493
2025-05-14,AMD,119.83000183105469,122.5199966430664,116.58999633789062,117.72000122070312,0.519222325605078
2025-05-29,AMD,115.48999786376953,115.54000091552734,112.12999725341797,113.02999877929688,0.5273816942589435
2025-06-06,AMD,117.69000244140625,118.37999725341797,115.87999725341797,116.19000244140625,0.525941489218494
2025-06-24,AMD,133.42999267578125,138.7899932861328,132.92999267578125,138.42999267578125,0.5187945669127371
2025-07-17,AMD,161.80999755859375,161.9600067138672,158.67999267578125,160.41000366210938,0.5280050834682424
2025-07-25,AMD,163.50999450683594,167.17999267578125,162.36000061035156,166.47000122070312,0.5332051290074397
2025-07-28,AMD,169.0800018310547,174.6999969482422,168.6699981689453,173.66000366210938,0.5434032674293201
2025-07-29,AMD,175.2100067138672,182.30999755859375,174.67999267578125,177.44000244140625,0.7386047608577591
2025-07-31,AMD,182.02000427246094,182.5,173.0,176.30999755859375,0.7458652515546335
2025-08-04,AMD,174.61000061035156,177.86000061035156,173.55999755859375,176.77999877929688,0.5331745942905937
2025-08-07,AMD,166.83999633789062,175.75,166.6999969482422,172.39999389648438,0.5180758437238893
2025-10-06,AMD,226.4499969482422,226.7100067138672,203.00999450683594,203.7100067138672,0.511212104534224
2025-10-07,AMD,214.85000610351562,218.89999389648438,209.27999877929688,211.50999450683594,0.6229697043795918
2025-10-24,AMD,243.36000061035156,253.38999938964844,241.9499969482422,252.9199981689453,0.5009975095167863
2025-10-27,AMD,257.8800048828125,260.4200134277344,249.8000030517578,259.6700134277344,0.5008357436389982
2025-11-03,AMD,259.3299865722656,260.9100036621094,253.88999938964844,259.6499938964844,0.5526157351505232
2025-11-20,AMD,232.6999969482422,234.25,204.52999877929688,206.02000427246094,0.5453993638792035
2025-11-21,AMD,208.80999755859375,208.8300018310547,195.0,203.77999877929688,0.5641873506354522
2025-11-24,AMD,207.16000366210938,217.1300048828125,205.85000610351562,215.0500030517578,0.5434539155846052
2025-11-26,AMD,210.0500030517578,215.58999633789062,207.0,214.24000549316406,0.5308910148008361
2025-12-15,AMD,212.27999877929688,215.36000061035156,206.5800018310547,207.5800018310547,0.5254505533719821
2025-12-19,AMD,204.60000610351562,215.17999267578125,204.1999969482422,213.42999267578125,0.5075075686844386
2025-12-22,AMD,220.0,220.1699981689453,213.30999755859375,214.9499969482422,0.5242086386355335
2026-01-02,AMD,218.89999389648438,227.14999389648438,218.89999389648438,223.47000122070312,0.5122401494666556
2026-01-05,AMD,230.25,234.02000427246094,220.47999572753906,221.0800018310547,0.5104101313758875
2024-01-11,AMZN,155.0399932861328,157.1699981689453,153.1199951171875,155.17999267578125,0.5878129919319831
2024-01-18,AMZN,152.77000427246094,153.77999877929688,151.82000732421875,153.5,0.5974294809603748
2024-01-24,AMZN,157.8000030517578,158.50999450683594,156.47999572753906,156.8699951171875,0.8046301929919853
2024-03-21,AMZN,179.99000549316406,181.4199981689453,178.14999389648438,178.14999389648438,0.7927581966512258
2024-04-15,AMZN,187.42999267578125,188.69000244140625,183.0,183.6199951171875,0.5179676366316823
2024-04-17,AMZN,184.30999755859375,184.57000732421875,179.82000732421875,181.27999877929688,0.6582971134589295
2024-04-22,AMZN,176.94000244140625,178.8699951171875,174.55999755859375,177.22999572753906,0.5021970238251238
2024-04-29,AMZN,182.75,183.52999877929688,179.38999938964844,180.9600067138672,0.5391346578142726
2024-05-01,AMZN,181.63999938964844,185.14999389648438,176.55999755859375,179.0,0.5497668037035686
2024-07-18,AMZN,189.58999633789062,189.67999267578125,181.4499969482422,183.75,0.5617480684361569
2024-07-22,AMZN,185.0,185.05999755859375,182.47999572753906,182.5500030517578,0.5466497181211246
2024-07-25,AMZN,182.91000366210938,183.89999389648438,176.8000030517578,179.85000610351562,0.677010478716991
2024-07-29,AMZN,183.83999633789062,184.75,182.3800048828125,183.1999969482422,0.6237591108368556
2024-07-30,AMZN,184.72000122070312,185.86000061035156,179.3800048828125,181.7100067138672,0.6026738082889744
2024-08-01,AMZN,189.2899932861328,190.60000610351562,181.8699951171875,184.07000732421875,0.5718654403236207
2024-08-07,AMZN,166.5500030517578,167.5800018310547,161.42999267578125,162.77000427246094,0.7642675456633605
2024-08-12,AMZN,168.13999938964844,168.5500030517578,166.11000061035156,166.8000030517578,0.5121973018566809
2024-08-14,AMZN,172.11000061035156,172.27999877929688,168.86000061035156,170.10000610351562,0.5990443656356316
2024-09-10,AMZN,177.49000549316406,180.5,176.7899932861328,179.5500030517578,0.5431397619114552
2024-09-19,AMZN,190.0399932861328,190.99000549316406,188.47000122070312,189.8699951171875,0.6178804535195471
2024-09-26,AMZN,194.30999755859375,194.52999877929688,189.5399932861328,191.16000366210938,0.6769021963319806
2024-10-08,AMZN,181.9199981689453,183.08999633789062,180.9199981689453,182.72000122070312,0.5513592883277333
2024-11-01,AMZN,199.0,200.5,197.02000427246094,197.92999267578125,0.5183270737782103
2024-12-19,AMZN,224.91000366210938,226.08999633789062,222.9199981689453,223.2899932861328,0.5092775337175673
2024-12-31,AMZN,222.97000122070312,223.22999572753906,218.94000244140625,219.38999938964844,0.5985959131366964
2025-01-06,AMZN,226.77999877929688,228.83999633789062,224.83999633789062,227.61000061035156,0.5005743204412533
2025-02-06,AMZN,238.00999450683594,239.66000366210938,236.00999450683594,238.8300018310547,0.6058191260968198
2025-02-26,AMZN,214.94000244140625,218.16000366210938,213.08999633789062,214.35000610351562,0.6854238596774717
2025-02-27,AMZN,218.35000610351562,219.97000122070312,208.3699951171875,208.74000549316406,0.8196659266861
2025-03-03,AMZN,213.35000610351562,214.00999450683594,202.5500030517578,205.02000427246094,0.6152206147602998
2025-03-12,AMZN,200.72000122070312,201.52000427246094,195.2899932861328,198.88999938964844,0.7512331875107255
2025-04-08,AMZN,185.22999572753906,185.89999389648438,168.57000732421875,170.66000366210938,0.9399048436541471
2025-04-14,AMZN,186.83999633789062,187.44000244140625,179.22999572753906,182.1199951171875,0.608694295059924
2025-04-17,AMZN,176.0,176.2100067138672,172.0,172.61000061035156,0.7341572630477137
2025-04-23,AMZN,183.4499969482422,187.3800048828125,180.19000244140625,180.60000610351562,0.7311646737736082
2025-04-28,AMZN,190.11000061035156,190.22000122070312,184.88999938964844,187.6999969482422,0.5816741858186293
2025-05-01,AMZN,190.6300048828125,191.80999755859375,187.5,190.1999969482422,0.5878681877656142
2025-05-08,AMZN,191.42999267578125,194.3300018310547,188.82000732421875,192.0800018310547,0.5342479906835392
2025-05-12,AMZN,210.7100067138672,211.66000366210938,205.75,208.63999938964844,0.757075965530111
2025-05-29,AMZN,208.02999877929688,208.80999755859375,204.22999572753906,205.6999969482422,0.7916513353536682
2025-06-20,AMZN,214.67999267578125,214.88999938964844,208.27000427246094,209.69000244140625,0.5240342418099538
2025-07-09,AMZN,221.07000732421875,224.2899932861328,220.47000122070312,222.5399932861328,0.5758225944602214
2025-07-28,AMZN,233.35000610351562,234.2899932861328,232.25,232.7899932861328,0.5631791061798537
2025-07-29,AMZN,234.14999389648438,234.72000122070312,230.30999755859375,231.00999450683594,0.6330422968948435
2025-07-31,AMZN,235.77000427246094,236.52999877929688,231.39999389648438,234.11000061035156,0.6401015759421109
2025-08-04,AMZN,217.39999389648438,217.44000244140625,211.4199981689453,211.64999389648438,0.5003607130537474
2025-08-05,AMZN,213.0500030517578,216.3000030517578,212.8699951171875,213.75,0.5236681969843207
2025-08-15,AMZN,232.5800018310547,234.0800018310547,229.80999755859375,231.02999877929688,0.5284182822301178
2025-09-11,AMZN,231.49000549316406,231.52999877929688,229.33999633789062,229.9499969482422,0.5256351105723983
2025-09-24,AMZN,224.14999389648438,224.55999755859375,219.4499969482422,220.2100067138672,0.5076623241652524
2025-10-06,AMZN,221.0,221.72999572753906,216.02999877929688,220.89999389648438,0.5085469384934009
2025-10-31,AMZN,250.10000610351562,250.5,243.97999572753906,244.22000122070312,0.6201941169560737
2025-11-10,AMZN,248.33999633789062,251.75,245.58999633789062,248.39999389648438,0.520073517213366
2025-11-20,AMZN,227.0500030517578,227.41000366210938,216.74000549316406,217.13999938964844,0.8476727137878296
2025-12-05,AMZN,230.32000732421875,231.24000549316406,228.5500030517578,229.52999877929688,0.5016466331875311
2025-12-15,AMZN,227.92999267578125,227.92999267578125,221.5,222.5399932861328,0.625967674487456
2025-12-17,AMZN,224.66000366210938,225.19000244140625,220.99000549316406,221.27000427246094,0.6066731273179631
2025-12-22,AMZN,228.61000061035156,229.47999572753906,226.7100067138672,228.42999267578125,0.6141520619331958
2026-01-05,AMZN,228.83999633789062,234.0,227.17999267578125,233.05999755859375,0.5332934177226863
2024-01-22,ANET,66.9175033569336,67.65750122070312,66.25,66.6500015258789,0.6979622751452244
2024-01-25,ANET,66.4375,67.50499725341797,65.75,66.1050033569336,0.665880078073784
2024-02-22,ANET,65.33999633789062,67.54499816894531,65.33999633789062,67.19000244140625,0.5013098755806008
2024-03-06,ANET,71.07749938964844,71.69499969482422,70.125,71.125,0.5191529487624212
2024-03-20,ANET,72.25749969482422,74.19000244140625,71.4375,74.1449966430664,0.5034876099342387
2024-03-21,ANET,74.75,76.40750122070312,73.75250244140625,76.1500015258789,0.5218806823425514
2024-04-04,ANET,75.23999786376953,75.875,72.14250183105469,72.19249725341797,0.5191529487624212
2024-04-15,ANET,68.82499694824219,69.21749877929688,65.4749984741211,65.80000305175781,0.5444047916119684
2024-04-24,ANET,64.19750213623047,65.2249984741211,62.64500045776367,63.692501068115234,0.668373101705547
2024-04-25,ANET,64.16000366210938,67.17749786376953,62.85499954223633,66.19000244140625,0.5427535012971938
2024-04-29,ANET,66.93250274658203,67.8550033569336,65.25499725341797,65.9175033569336,0.5203683455405763
2024-06-03,ANET,75.0999984741211,75.30999755859375,72.57749938964844,74.09750366210938,0.5257133270989528
2024-06-05,ANET,74.6675033569336,75.4749984741211,73.98999786376953,74.38999938964844,0.508370559967695
2024-06-13,ANET,80.0,82.9375,79.79499816894531,82.9175033569336,0.6485581274590628
2024-06-17,ANET,83.16999816894531,85.46849822998047,81.51499938964844,85.0199966430664,0.5083704653489676
2024-06-20,ANET,85.99500274658203,86.47250366210938,84.2074966430664,85.04750061035156,0.5160442988523201
2024-07-18,ANET,84.66500091552734,84.98999786376953,81.67250061035156,83.15750122070312,0.5435556672241577
2024-07-26,ANET,79.61000061035156,80.70500183105469,79.29499816894531,79.80249786376953,0.5719507112705902
2024-07-29,ANET,80.2750015258789,82.00250244140625,79.99250030517578,80.13749694824219,0.5688346150407377
2024-08-07,ANET,82.84249877929688,84.01750183105469,78.92749786376953,79.3324966430664,0.5113401446208329
2024-08-14,ANET,87.1500015258789,88.47250366210938,86.30249786376953,87.1624984741211,0.5000829965304838
2024-08-30,ANET,87.75,88.4175033569336,86.25,88.34500122070312,0.513093897764927
2024-09-09,ANET,79.9800033569336,81.44499969482422,79.74500274658203,81.19249725341797,0.5675715662917686
2024-10-17,ANET,103.0,104.0,101.83000183105469,101.84750366210938,0.5003267120397715
2024-11-18,ANET,94.9749984741211,94.9749984741211,92.31500244140625,92.61750030517578,0.5257882479454667
2024-12-19,ANET,110.30999755859375,112.12000274658203,108.12999725341797,109.06999969482422,0.5122401494666556
2025-01-02,ANET,111.31999969482422,114.1500015258789,109.80000305175781,111.79000091552734,0.5266548567766948
2025-01-03,ANET,112.4800033569336,115.4800033569336,112.19999694824219,115.19999694824219,0.5266548567766948
2025-01-07,ANET,119.69000244140625,120.27999877929688,114.62000274658203,115.29000091552734,0.5098411376055031
2025-01-14,ANET,114.61000061035156,115.19999694824219,112.77999877929688,114.91000366210938,0.5267994655743031
2025-01-16,ANET,117.31999969482422,119.88999938964844,116.37999725341797,118.12999725341797,0.5176870832095944
2025-01-22,ANET,126.18000030517578,131.1790008544922,125.19999694824219,129.82000732421875,0.5010931273581658
2025-01-28,ANET,105.0199966430664,106.69999694824219,99.68000030517578,106.54000091552734,0.6079991348582232
2025-01-29,ANET,107.37999725341797,110.44999694824219,106.62000274658203,107.83999633789062,0.5073688751723974
2025-01-31,ANET,115.4000015258789,118.33999633789062,113.31099700927734,115.2300033569336,0.5194824393271323
2025-02-26,ANET,95.75499725341797,97.73999786376953,94.52999877929688,96.37999725341797,0.6017943307659008
2025-02-27,ANET,97.93000030517578,98.08999633789062,91.38999938964844,91.56999969482422,0.6811928094478761
2025-03-12,ANET,82.44000244140625,83.0,79.33999633789062,80.25,0.5852768757323733
2025-04-08,ANET,72.63999938964844,74.45999908447266,67.78500366210938,69.5,0.9202379632501647
2025-04-17,ANET,72.51000213623047,72.51000213623047,70.41000366210938,71.19999694824219,0.534269476934597
2025-04-23,ANET,73.20999908447266,73.63999938964844,70.36000061035156,70.76000213623047,0.5751794394099882
2025-05-01,ANET,87.7699966430664,89.33999633789062,86.37000274658203,87.83999633789062,0.5752055881851857
2025-05-08,ANET,87.5199966430664,88.69000244140625,86.62000274658203,87.2699966430664,0.5208893141803709
2025-05-14,ANET,99.1500015258789,99.47000122070312,96.4209976196289,98.22000122070312,0.5220644482718169
2025-06-06,ANET,96.11000061035156,97.62999725341797,95.26000213623047,97.25,0.5304504847244059
2025-06-24,ANET,94.6500015258789,95.12000274658203,92.69999694824219,94.97000122070312,0.5194740328365853
2025-07-24,ANET,114.0,114.5999984741211,112.80000305175781,114.04000091552734,0.5449189369733524
2025-07-31,ANET,124.54000091552734,125.80999755859375,121.34600067138672,123.22000122070312,0.7330645718278982
2025-09-08,ANET,143.8000030517578,144.10000610351562,139.83999633789062,140.00999450683594,0.5051983961033413
2025-09-11,ANET,151.99000549316406,156.32000732421875,150.36000061035156,153.0399932861328,0.5266294619581267
2025-10-06,ANET,151.60000610351562,153.72999572753906,149.5,149.5,0.5260946168811282
2025-10-07,ANET,150.47999572753906,151.5500030517578,143.27999877929688,145.2899932861328,0.5542690773076684
2025-10-10,ANET,159.86000061035156,162.67999267578125,153.74000549316406,154.10000610351562,0.5222329780353996
2025-10-15,ANET,140.4199981689453,145.38999938964844,140.11000061035156,143.3800048828125,0.5034765921605168
2025-10-27,ANET,157.41000366210938,157.6999969482422,155.00999450683594,156.80999755859375,0.5038151184816821
2025-11-03,ANET,160.5,160.89999389648438,155.4199981689453,157.58999633789062,0.5526157351505232
2025-11-10,ANET,137.5,138.97999572753906,134.58700561523438,137.25999450683594,0.5210677333365362
2025-11-12,ANET,136.22000122070312,136.59800720214844,133.7779998779297,134.97999572753906,0.505911302345595
2025-11-20,ANET,129.88999938964844,131.7899932861328,118.9000015258789,119.58999633789062,0.5655168425323145
2025-11-24,ANET,118.91500091552734,122.41999816894531,118.19999694824219,122.16999816894531,0.5462221001204136
2025-11-26,ANET,127.4749984741211,128.47500610351562,125.24600219726562,127.6500015258789,0.5075075686844386
2025-12-15,ANET,125.5,127.36000061035156,123.61000061035156,125.88999938964844,0.5156076530955271
2025-12-22,ANET,133.42999267578125,134.0,130.22000122070312,130.72999572753906,0.521001087122554
2026-01-02,ANET,134.0500030517578,136.08999633789062,132.18499755859375,133.60000610351562,0.5056849087418638
2026-01-09,ANET,124.56999969482422,124.83000183105469,121.9000015258789,122.88999938964844,0.5119025985281715
2024-01-10,APP,39.38999938964844,41.2599983215332,39.150001525878906,40.529998779296875,0.5227452184434737
2024-01-19,APP,43.400001525878906,43.70000076293945,41.099998474121094,41.13999938964844,0.5216979572445083
2024-01-24,APP,45.41999816894531,45.599998474121094,42.88999938964844,43.310001373291016,0.8055170190247456
2024-01-25,APP,43.91999816894531,44.56999969482422,43.25,44.06999969482422,0.6341401733793043
2024-02-07,APP,46.5,47.83000183105469,45.71500015258789,47.689998626708984,0.6143633522191525
2024-02-22,APP,57.7599983215332,58.34000015258789,56.45000076293945,57.79999923706055,0.5531834532212441
2024-03-21,APP,71.5199966430664,73.4800033569336,71.02999877929688,71.91000366210938,0.7157830763217157
2024-04-11,APP,77.20999908447266,78.875,75.22000122070312,78.23999786376953,0.5925457165445067
2024-04-17,APP,72.75,73.18800354003906,70.36000061035156,70.9000015258789,0.7106893404235731
2024-04-18,APP,71.47000122070312,71.83000183105469,68.30999755859375,68.86000061035156,0.6953212433057925
2024-04-23,APP,68.86000061035156,71.66999816894531,68.86000061035156,71.18499755859375,0.7164483968783785
2024-04-24,APP,71.80000305175781,72.9800033569336,68.45999908447266,69.69999694824219,0.5054878520393126
2024-05-03,APP,73.0,75.27999877929688,72.5,75.06999969482422,0.5293032725489848
2024-05-10,APP,85.73999786376953,87.95999908447266,84.80999755859375,86.43000030517578,0.6321666092475369
2024-05-13,APP,87.05000305175781,87.12999725341797,83.51000213623047,86.37000274658203,0.5384979716397683
2024-05-23,APP,81.51000213623047,81.78500366210938,77.9000015258789,79.26000213623047,0.7860678929824602
2024-05-31,APP,82.98999786376953,83.09500122070312,78.22000122070312,81.4800033569336,0.5482498085502144
2024-06-03,APP,83.05000305175781,83.41999816894531,79.06999969482422,82.69999694824219,0.510012531956637
2024-06-12,APP,79.1500015258789,79.3499984741211,73.62999725341797,76.54000091552734,0.6451111574431981
2024-06-20,APP,81.5999984741211,82.66000366210938,76.33999633789062,77.18000030517578,0.6623703871968731
2024-07-05,APP,87.51000213623047,91.91000366210938,85.31999969482422,86.80000305175781,0.5353700565350317
2024-07-08,APP,87.31999969482422,87.91999816894531,83.12000274658203,85.18000030517578,0.5990405249606338
2024-07-09,APP,85.6500015258789,86.20500183105469,84.04000091552734,84.70999908447266,0.7167526343179178
2024-07-11,APP,85.0,85.05999755859375,80.87100219726562,82.01000213623047,0.7426888431065163
2024-07-18,APP,81.98999786376953,82.25900268554688,78.80000305175781,80.93000030517578,0.5342158629066213
2024-07-22,APP,83.25,83.87999725341797,81.91000366210938,83.23999786376953,0.5939595261643775
2024-07-26,APP,78.81999969482422,78.81999969482422,76.56500244140625,77.52999877929688,0.5568739061875956
2024-07-29,APP,78.22000122070312,79.0999984741211,76.30000305175781,76.8499984741211,0.6301088485008914
2024-08-01,APP,78.88999938964844,81.62999725341797,74.61000061035156,75.08999633789062,0.6724793721586247
2024-08-06,APP,68.98999786376953,70.5,67.31999969482422,69.0,0.5390417605369778
2024-08-07,APP,72.0,73.0,66.97000122070312,67.19000244140625,0.7795723056807476
2024-08-22,APP,91.4000015258789,92.5,88.69999694824219,89.0,0.5313830200192895
2024-09-10,APP,87.9000015258789,88.27999877929688,85.2300033569336,86.2300033569336,0.66384081354841
2024-09-19,APP,126.5,128.19000244140625,122.41300201416016,124.0,0.7243980784172632
2024-09-26,APP,133.0500030517578,133.0500030517578,125.62000274658203,128.1300048828125,0.7801349990275517
2024-10-17,APP,146.30999755859375,146.74000549316406,142.72000122070312,143.0,0.5671013000979048
2024-11-01,APP,171.13999938964844,171.17999267578125,163.02000427246094,163.52999877929688,0.6449290732790385
2024-11-06,APP,175.22999572753906,176.99000549316406,166.97000122070312,168.5500030517578,0.5634155009961248
2024-11-07,APP,230.0,257.42999267578125,228.10000610351562,246.52999877929688,0.5248971129196803
2024-11-20,APP,327.6600036621094,342.5069885253906,319.5199890136719,325.2200012207031,0.6042216232262755
2024-11-25,APP,344.0,344.7699890136719,317.8599853515625,319.5899963378906,0.7151088049256502
2024-11-29,APP,332.5,343.75,331.8080139160156,336.75,0.5016471046571065
2024-12-04,APP,373.0,384.5,368.0,373.70001220703125,0.5421980219842697
2024-12-19,APP,315.3999938964844,331.0,312.7099914550781,318.739990234375,0.6268470465661569
2024-12-23,APP,347.6050109863281,350.20001220703125,331.5400085449219,344.82000732421875,0.5005402859903281
2025-01-06,APP,358.8800048828125,362.45001220703125,346.0400085449219,354.92999267578125,0.5603340196081772
2025-01-14,APP,324.5199890136719,328.5,316.82000732421875,321.0899963378906,0.5925093305033179
2025-01-31,APP,371.0400085449219,379.0,364.5,369.5899963378906,0.5561397631307654
2025-02-13,APP,499.3399963378906,525.1500244140625,449.0,471.6700134277344,0.6783719754987745
2025-02-18,APP,514.0999755859375,519.7899780273438,487.989990234375,496.0,0.5839339515602422
2025-02-19,APP,502.739990234375,507.0,481.1199951171875,494.1700134277344,0.5748250918186434
2025-02-21,APP,452.7699890136719,456.760009765625,412.18499755859375,415.30999755859375,0.7749996003089289
2025-02-27,APP,346.44000244140625,349.92401123046875,310.0,320.489990234375,0.864564273286253
2025-03-03,APP,350.239990234375,359.70001220703125,332.0,337.3399963378906,0.8616244249368056
2025-03-12,APP,285.0,292.42999267578125,261.010009765625,272.5899963378906,0.8173107216441
2025-03-28,APP,286.80999755859375,286.9100036621094,264.07000732421875,272.3800048828125,0.803767277556528
2025-04-08,APP,255.0500030517578,261.60699462890625,227.1999969482422,235.27999877929688,0.9790490029584528
2025-04-14,APP,258.94000244140625,262.0799865722656,234.38999938964844,236.07000732421875,0.6866370303083073
2025-04-17,APP,231.38999938964844,239.9499969482422,226.10000610351562,238.22000122070312,0.7075706134831293
2025-04-23,APP,255.5050048828125,268.0,250.10000610351562,252.35000610351562,0.8356532676468268
2025-04-28,APP,278.6400146484375,286.8280029296875,273.5,284.9800109863281,0.5732565934267921
2025-04-29,APP,286.5,291.3900146484375,281.2699890136719,288.8800048828125,0.5882962787995731
2025-05-12,APP,350.55999755859375,358.6700134277344,343.3699951171875,347.8999938964844,0.6983002401316161
2025-05-22,APP,360.5199890136719,367.4700012207031,350.8169860839844,351.4700012207031,0.516393685290751
2025-05-29,APP,400.0950012207031,402.90301513671875,381.42999267578125,384.2300109863281,0.8455309386935524
2025-06-11,APP,386.29998779296875,387.95001220703125,377.8999938964844,383.42999267578125,0.5215556538916486
2025-06-25,APP,355.3999938964844,358.23699951171875,336.6700134277344,338.79998779296875,0.5269437730891575
2025-06-26,APP,342.4100036621094,347.95001220703125,328.94000244140625,347.45001220703125,0.5024512727536752
2025-07-02,APP,342.5299987792969,348.54998779296875,333.2049865722656,336.0,0.5725465452779238
2025-07-08,APP,352.1400146484375,359.0,341.5,344.75,0.7157866712645444
2025-07-09,APP,350.2699890136719,362.6400146484375,344.75,352.739990234375,0.6268225186207956
2025-07-14,APP,342.8999938964844,362.5299987792969,342.1099853515625,355.8999938964844,0.5117216713025996
2025-07-28,APP,366.5,371.69500732421875,362.1700134277344,370.9599914550781,0.5952436494879718
2025-07-29,APP,373.9599914550781,379.2300109863281,359.4599914550781,361.6300048828125,0.6502312547742922
2025-07-31,APP,380.0,397.9200134277344,377.5199890136719,390.70001220703125,0.6582192180873844
2025-08-04,APP,383.010009765625,395.55999755859375,368.18798828125,395.010009765625,0.502456176889103
2025-08-05,APP,398.0,399.94000244140625,376.90899658203125,377.92999267578125,0.6130333261528171
2025-08-08,APP,448.6000061035156,464.9800109863281,447.01800537109375,455.9800109863281,0.6589327219960258
2025-08-13,APP,470.3800048828125,472.04998779296875,438.7699890136719,446.3999938964844,0.5623631915275279
2025-09-03,APP,487.69000244140625,499.8699951171875,485.0799865722656,487.3500061035156,0.6590304383851238
2025-09-05,APP,506.0,507.8699951171875,469.79998779296875,490.239990234375,0.6677363973524221
2025-09-18,APP,616.3250122070312,632.8809814453125,613.780029296875,621.52001953125,0.548010159793617
2025-10-02,APP,710.1900024414062,710.989990234375,674.4000244140625,683.6400146484375,0.5345729065154576
2025-10-07,APP,595.2150268554688,644.469970703125,592.260009765625,631.8499755859375,0.5076202774032303
2025-10-16,APP,612.8099975585938,616.280029296875,594.6799926757812,605.6799926757812,0.6850963433856729
2025-10-22,APP,568.72998046875,571.5819702148438,553.239990234375,564.8200073242188,0.5238201833527365
2025-10-27,APP,634.25,645.7000122070312,620.72998046875,643.0999755859375,0.5764490058060744
2025-11-03,APP,646.9849853515625,654.9000244140625,620.5999755859375,632.1400146484375,0.5503665695483595
2025-11-06,APP,651.469970703125,656.2999877929688,607.22998046875,621.3599853515625,0.6798112284228919
2025-11-10,APP,635.9500122070312,675.0,635.4099731445312,651.3200073242188,0.5553858533528534
2025-11-12,APP,602.0,603.0,578.0,584.8599853515625,0.5677693543836884
2025-11-20,APP,554.25,562.5599975585938,519.2000122070312,520.8200073242188,0.8538727595917689
2025-12-08,APP,697.6749877929688,706.6900024414062,683.530029296875,689.760009765625,0.5550423033939379
2025-12-15,APP,682.5700073242188,691.9000244140625,661.5599975585938,675.1649780273438,0.6321474424135425
2025-12-17,APP,684.5900268554688,688.989990234375,656.8699951171875,657.1300048828125,0.5747500016151327
2025-12-19,APP,702.0,732.0,700.0040283203125,721.3699951171875,0.5581805670562927
2025-12-22,APP,731.969970703125,738.010009765625,722.030029296875,733.5999755859375,0.5082726548106412
2026-01-02,APP,683.3699951171875,683.5,610.5800170898438,618.3200073242188,0.514847999616525
2026-01-14,APP,673.0,675.0,596.760009765625,617.760009765625,0.5700590204675036
2024-01-10,BE,14.109999656677246,14.229999542236328,13.15999984741211,13.470000267028809,0.61796379452122
2024-01-12,BE,13.149999618530273,13.220000267028809,12.609999656677246,12.729999542236328,0.524095853130349
2024-01-24,BE,12.270000457763672,12.569999694824219,11.824999809265137,11.869999885559082,0.8680977543185363
2024-01-25,BE,12.180000305175781,12.619999885559082,12.0,12.470000267028809,0.6592418605687225
2024-01-26,BE,12.649999618530273,12.859999656677246,12.425000190734863,12.470000267028809,0.5927139919734573
2024-01-31,BE,11.529999732971191,12.239999771118164,11.289999961853027,11.319999694824219,0.7050644974224304
2024-02-01,BE,12.039999961853027,12.420000076293945,11.510000228881836,12.010000228881836,0.5880975790018194
2024-02-07,BE,11.539999961853027,11.609999656677246,11.069999694824219,11.300000190734863,0.6757549365442164
2024-02-22,BE,9.039999961853027,9.039999961853027,8.444999694824219,8.600000381469727,0.6673440555662518
2024-02-29,BE,9.15999984741211,9.375,8.739999771118164,8.770000457763672,0.612437381155746
2024-03-06,BE,9.779999732971191,9.8100004196167,8.949999809265137,9.539999961853027,0.5830180437476847
2024-03-08,BE,10.619999885559082,10.920000076293945,10.289999961853027,10.3100004196167,0.5069550229324824
2024-03-12,BE,10.529999732971191,10.619999885559082,10.029999732971191,10.300000190734863,0.5066563506427674
2024-03-15,BE,9.100000381469727,9.270000457763672,8.994999885559082,9.260000228881836,0.6426248055855854
2024-03-21,BE,9.640000343322754,10.0,9.529999732971191,9.819999694824219,0.8008088343623184
2024-03-26,BE,10.25,11.220000267028809,10.239999771118164,10.800000190734863,0.500897010278074
2024-04-01,BE,11.75,11.755000114440918,11.09000015258789,11.729999542236328,0.5362223299745216
2024-04-04,BE,12.0,12.5,11.690999984741211,11.789999961853027,0.5503843025993014
2024-04-09,BE,12.0,12.510000228881836,11.774999618530273,11.880000114440918,0.6065249974651022
2024-04-11,BE,11.510000228881836,11.614999771118164,10.880000114440918,11.380000114440918,0.6028515183316783
2024-04-17,BE,9.949999809265137,10.039999961853027,9.744999885559082,9.800000190734863,0.7419324486478203
2024-04-18,BE,9.859999656677246,10.079999923706055,9.59000015258789,9.75,0.7587770768774839
2024-04-29,BE,10.789999961853027,11.1899995803833,10.720000267028809,10.989999771118164,0.6027737032028202
2024-05-03,BE,11.84000015258789,12.229999542236328,11.600000381469727,11.800000190734863,0.5370911798308354
2024-05-10,BE,12.5,13.539999961853027,11.130000114440918,11.15999984741211,0.5725576345129075
2024-05-31,BE,16.829999923706055,17.709999084472656,15.84000015258789,16.31999969482422,0.5602140056039406
2024-06-03,BE,16.889999389648438,17.0,15.6899995803833,15.75,0.5909030407504349
2024-06-12,BE,15.59000015258789,16.239999771118164,15.15999984741211,15.3100004196167,0.6795691825347333
2024-07-01,BE,12.319999694824219,12.4399995803833,11.359999656677246,11.369999885559082,0.6679368916065995
2024-07-08,BE,12.319999694824219,12.8100004196167,12.255000114440918,12.40999984741211,0.6086440447688224
2024-07-11,BE,13.449999809265137,13.59000015258789,12.975000381469727,13.369999885559082,0.5654296532047526
2024-07-17,BE,16.440000534057617,17.225000381469727,15.229999542236328,15.279999732971191,0.690507420845879
2024-07-22,BE,14.609999656677246,14.789999961853027,14.0649995803833,14.25,0.5923414883869318
2024-07-26,BE,14.880000114440918,15.239999771118164,14.369999885559082,14.510000228881836,0.6398780937784061
2024-07-29,BE,14.619999885559082,14.630000114440918,13.470000267028809,13.789999961853027,0.6100576383140677
2024-07-30,BE,13.869999885559082,13.895000457763672,12.9399995803833,13.069999694824219,0.6433814146144082
2024-08-06,BE,11.109999656677246,11.170000076293945,10.625,10.649999618530273,0.7498624414832744
2024-08-07,BE,10.899999618530273,10.930000305175781,9.819999694824219,9.899999618530273,0.8679149767126637
2024-08-09,BE,12.100000381469727,12.270000457763672,10.895000457763672,11.489999771118164,0.7469016622515348
2024-08-12,BE,11.5600004196167,11.744999885559082,11.029999732971191,11.140000343322754,0.5197904479860825
2024-08-14,BE,11.930000305175781,12.09000015258789,11.40999984741211,11.40999984741211,0.6809405462114014
2024-08-26,BE,12.020000457763672,12.085000038146973,11.765000343322754,11.869999885559082,0.5500386393659658
2024-08-30,BE,12.0600004196167,12.239999771118164,11.699999809265137,11.90999984741211,0.6197508913786923
2024-09-17,BE,9.930000305175781,10.489999771118164,9.800000190734863,10.09000015258789,0.5531319721478791
2024-09-19,BE,10.84000015258789,10.84000015258789,10.229999542236328,10.239999771118164,0.6960200050656459
2024-09-23,BE,11.010000228881836,11.289999961853027,10.710000038146973,10.859999656677246,0.5256326449314515
2024-09-26,BE,10.380000114440918,10.600000381469727,10.140000343322754,10.40999984741211,0.7413348160922368
2024-09-27,BE,10.600000381469727,10.84000015258789,10.515000343322754,10.699999809265137,0.5113678233775389
2024-10-18,BE,10.260000228881836,10.33899974822998,10.069999694824219,10.15999984741211,0.511808994472949
2024-10-24,BE,9.180000305175781,9.484999656677246,9.045000076293945,9.1899995803833,0.6324889282708519
2024-10-25,BE,9.300000190734863,9.720000267028809,9.1899995803833,9.5,0.5577293676996591
2024-11-01,BE,9.8100004196167,10.300000190734863,9.649999618530273,9.9399995803833,0.5072731890565437
2024-11-13,BE,13.710000038146973,14.220000267028809,13.479999542236328,13.600000381469727,0.6799776810091098
2024-11-15,BE,20.950000762939453,22.5,17.799999237060547,21.139999389648438,0.7177583353317094
2024-11-25,BE,26.299999237060547,26.920000076293945,25.06999969482422,25.950000762939453,0.7071283803970518
2024-11-27,BE,26.950000762939453,28.700000762939453,26.825000762939453,27.209999084472656,0.6355246121907157
2024-11-29,BE,27.665000915527344,27.920000076293945,26.969999313354492,27.450000762939453,0.7044244566446461
2024-12-04,BE,26.440000534057617,26.670000076293945,25.165000915527344,26.280000686645508,0.5432392647707126
2024-12-05,BE,26.450000762939453,26.90999984741211,25.479999542236328,25.959999084472656,0.5631891656742435
2024-12-06,BE,26.719999313354492,27.5,25.709999084472656,27.079999923706055,0.5797602554479928
2024-12-09,BE,27.68000030517578,28.485000610351562,26.209999084472656,26.579999923706055,0.6472726989849036
2024-12-11,BE,24.670000076293945,25.200000762939453,23.549999237060547,23.600000381469727,0.5292189904803427
2024-12-12,BE,24.100000381469727,26.030000686645508,23.924999237060547,24.809999465942383,0.565816622908577
2024-12-19,BE,24.0,24.18000030517578,21.90999984741211,22.8799991607666,0.6983491597852396
2025-01-06,BE,24.889999389648438,26.09000015258789,24.5,25.479999542236328,0.5774690985495642
2025-01-14,BE,23.690000534057617,24.420000076293945,22.170000076293945,22.299999237060547,0.5109997175271034
2025-01-16,BE,23.270000457763672,23.729999542236328,22.81999969482422,23.559999465942383,0.5091288655743851
2025-01-17,BE,24.25,25.219999313354492,23.69099998474121,23.920000076293945,0.5351303680527408
2025-01-22,BE,26.950000762939453,27.559999465942383,25.469999313354492,25.530000686645508,0.5704627963010438
2025-01-28,BE,22.790000915527344,22.790000915527344,19.81999969482422,20.399999618530273,0.679635381573065
2025-02-05,BE,23.889999389648438,25.309999465942383,23.690000534057617,24.260000228881836,0.6557555625945174
2025-02-20,BE,27.25,27.799999237060547,25.479999542236328,25.989999771118164,0.6318339884213608
2025-02-21,BE,26.5,26.6299991607666,24.0,24.170000076293945,0.7701869938298843
2025-02-26,BE,22.90999984741211,23.950000762939453,22.700000762939453,23.399999618530273,0.6113005167402616
2025-02-27,BE,23.790000915527344,24.760000228881836,22.700000762939453,23.040000915527344,0.7984097494596242
2025-03-03,BE,24.3799991607666,25.309999465942383,23.049999237060547,23.420000076293945,0.661208878395957
2025-03-07,BE,22.959999084472656,23.424999237060547,21.559999465942383,23.079999923706055,0.5237082469559683
2025-03-12,BE,25.489999771118164,25.860000610351562,24.200000762939453,24.549999237060547,0.717019586816187
2025-03-20,BE,25.200000762939453,26.530000686645508,24.549999237060547,25.40999984741211,0.5588043806483233
2025-03-24,BE,24.489999771118164,24.540000915527344,23.0049991607666,23.030000686645508,0.5812820313230488
2025-04-01,BE,19.860000610351562,21.3799991607666,19.719999313354492,21.239999771118164,0.5199513623471809
2025-04-08,BE,18.56999969482422,18.56999969482422,16.360000610351562,17.020000457763672,0.9776941336217487
2025-04-14,BE,18.200000762939453,18.420000076293945,17.329999923706055,17.899999618530273,0.6978430500103815
2025-04-23,BE,18.0,18.700000762939453,17.15999984741211,17.260000228881836,0.8409015194356542
2025-05-01,BE,18.850000381469727,19.0,16.75,16.809999465942383,0.5888905820568178
2025-05-05,BE,16.915000915527344,17.299999237060547,16.290000915527344,16.31999969482422,0.6633678431043877
2025-05-08,BE,16.770000457763672,17.7189998626709,16.469999313354492,17.239999771118164,0.6095825215467099
2025-05-09,BE,17.3700008392334,17.635000228881836,17.1299991607666,17.6200008392334,0.5438883146691994
2025-05-12,BE,18.610000610351562,19.190000534057617,18.45199966430664,18.90999984741211,0.786684430283777
2025-05-29,BE,19.770000457763672,19.809999465942383,18.469999313354492,18.56999969482422,0.8192306794018858
2025-06-20,BE,21.709999084472656,21.84000015258789,21.40999984741211,21.75,0.5296802179582236
2025-06-27,BE,22.649999618530273,22.780000686645508,21.860000610351562,22.18000030517578,0.5047191129488393
2025-07-18,BE,24.440000534057617,25.01799964904785,24.040000915527344,24.989999771118164,0.5202045723004655
2025-07-21,BE,25.3799991607666,26.3700008392334,25.200000762939453,25.360000610351562,0.5409293033904935
2025-07-28,BE,34.900001525878906,34.900001525878906,33.5099983215332,34.779998779296875,0.5870604977758229
2025-08-04,BE,37.720001220703125,37.79999923706055,35.0,36.099998474121094,0.5948900943305044
2025-08-05,BE,36.5099983215332,39.150001525878906,36.380001068115234,37.61000061035156,0.6126964002694691
2025-08-07,BE,39.349998474121094,39.854000091552734,35.849998474121094,36.79999923706055,0.5258451270091935
2025-08-08,BE,37.15999984741211,37.86000061035156,36.470001220703125,36.79999923706055,0.6197054016242016
2025-08-11,BE,37.125,38.56999969482422,36.79999923706055,37.650001525878906,0.5170515323834377
2025-08-13,BE,43.0,46.5,42.650001525878906,44.08000183105469,0.5046590685769292
2025-08-15,BE,46.11000061035156,47.209999084472656,43.720001220703125,45.279998779296875,0.5042637678312447
2025-09-03,BE,51.8849983215332,53.349998474121094,50.04999923706055,52.45000076293945,0.6146803377241391
2025-09-05,BE,56.439998626708984,57.33000183105469,54.369998931884766,57.06999969482422,0.5949561627432522
2025-09-08,BE,57.47999954223633,58.749000549316406,53.31999969482422,53.439998626708984,0.5122350461078461
2025-09-18,BE,80.5,84.0199966430664,77.61000061035156,80.97000122070312,0.6055024803717634
2025-10-07,BE,88.83000183105469,92.33999633789062,83.47000122070312,86.05999755859375,0.5153617957010851
2025-10-08,BE,88.1500015258789,90.0,85.5,87.58000183105469,0.5253125566496492
2025-10-15,BE,120.80999755859375,125.74500274658203,115.93000030517578,116.58000183105469,0.7206851707989781
2025-10-16,BE,119.44000244140625,122.9000015258789,112.72000122070312,115.08999633789062,0.7482416384862112
2025-10-20,BE,116.13999938964844,119.5999984741211,108.20600128173828,109.05999755859375,0.7458348435372143
2025-10-27,BE,112.66000366210938,113.16500091552734,103.0,108.52999877929688,0.6602223287809037
2025-10-31,BE,131.69000244140625,135.00999450683594,121.30000305175781,132.16000366210938,0.5206115233108846
2025-11-10,BE,141.97000122070312,147.86000061035156,135.50999450683594,139.22999572753906,0.7082180552037751
2025-11-12,BE,130.33999633789062,131.01499938964844,118.63999938964844,126.72000122070312,0.5535522419650013
2025-11-20,BE,113.0999984741211,118.58000183105469,92.36000061035156,93.37999725341797,0.8888972920549941
2025-11-21,BE,94.0199966430664,94.5,76.0,89.98999786376953,0.8701396834451988
2025-11-26,BE,99.86000061035156,102.6500015258789,92.0,101.13999938964844,0.515036867955642
2025-12-15,BE,96.4800033569336,97.0,89.11000061035156,89.58000183105469,0.7322632722362086
2025-12-17,BE,88.30000305175781,90.5,75.69999694824219,76.97000122070312,0.6602935462538716
2025-12-18,BE,82.91000366210938,85.30000305175781,78.7300033569336,80.20999908447266,0.6719315110873094
2025-12-22,BE,93.9000015258789,96.48999786376953,89.4000015258789,92.26000213623047,0.6009852054507764
2025-12-26,BE,92.5,92.54499816894531,88.33000183105469,90.18000030517578,0.5747026830201072
2025-12-30,BE,88.91999816894531,90.16999816894531,85.87999725341797,87.26000213623047,0.693251696013494
2026-01-02,BE,90.56999969482422,98.8499984741211,88.86000061035156,98.69000244140625,0.5789104780381505
2026-01-05,BE,104.0,107.3499984741211,100.51000213623047,103.87000274658203,0.5605052620207592
2026-01-08,BE,121.11000061035156,128.02000427246094,116.16000366210938,121.83999633789062,0.58842213761787
2024-01-25,BRK-B,379.239990234375,380.989990234375,377.8900146484375,380.8500061035156,0.6054407875545054
2024-02-22,BRK-B,411.29998779296875,416.260009765625,411.0,415.1600036621094,0.5739459631476377
2024-02-23,BRK-B,417.67999267578125,420.55999755859375,416.5199890136719,417.2200012207031,0.5027559050263171
2024-04-04,BRK-B,423.8399963378906,424.5199890136719,414.54998779296875,415.32000732421875,0.5296681902782124
2024-04-15,BRK-B,406.989990234375,409.05999755859375,399.8599853515625,400.260009765625,0.5215675545262841
2024-04-17,BRK-B,398.94000244140625,399.2799987792969,395.6600036621094,397.739990234375,0.5453829633680022
2024-05-06,BRK-B,403.9599914550781,405.1499938964844,399.260009765625,404.9200134277344,0.5044023381800281
2024-06-12,BRK-B,411.0899963378906,411.8900146484375,407.1600036621094,408.7699890136719,0.5749367176326429
2024-07-26,BRK-B,435.6600036621094,439.0,434.1000061035156,437.6600036621094,0.5688516137156139
2024-08-06,BRK-B,416.4100036621094,427.4599914550781,415.1000061035156,422.1400146484375,0.5291005812620382
2024-08-07,BRK-B,426.07000732421875,433.1700134277344,425.6000061035156,427.0199890136719,0.7956342117090404
2024-08-12,BRK-B,434.1600036621094,434.1600036621094,429.010009765625,430.3900146484375,0.5169463808530709
2024-09-19,BRK-B,462.0,462.19000244140625,457.25,459.7099914550781,0.6551206836046808
2024-11-06,BRK-B,461.0,469.260009765625,459.4800109863281,468.8999938964844,0.5705901564069183
2024-12-19,BRK-B,451.7300109863281,453.79998779296875,448.8900146484375,449.3399963378906,0.664536626886608
2025-02-24,BRK-B,483.5,503.9599914550781,483.239990234375,498.4200134277344,0.580280647302322
2025-02-25,BRK-B,503.1499938964844,507.0,491.8999938964844,499.82000732421875,0.5006624597827388
2025-04-08,BRK-B,509.0299987792969,516.0,484.19000244140625,492.6400146484375,0.9333876258820398
2025-04-14,BRK-B,531.0,536.52001953125,526.97998046875,529.52001953125,0.54933297252522
2025-04-23,BRK-B,527.5,532.27001953125,523.8900146484375,526.8099975585938,0.707564616522702
2025-04-28,BRK-B,533.6300048828125,536.8200073242188,526.5800170898438,530.9400024414062,0.5276349764363168
2025-05-12,BRK-B,520.2999877929688,520.2999877929688,510.25,514.2999877929688,0.9031047401886925
2025-08-22,BRK-B,491.5,493.1400146484375,486.57000732421875,489.0,0.5571861271922667
2024-01-16,BROS,28.799999237060547,28.809999465942383,27.674999237060547,27.729999542236328,0.5487352748513843
2024-01-18,BROS,28.290000915527344,28.424999237060547,27.68000030517578,27.68000030517578,0.6543231925328722
2024-01-24,BROS,27.700000762939453,27.70400047302246,27.100000381469727,27.489999771118164,0.8462245808523324
2024-02-22,BROS,28.770000457763672,29.21500015258789,26.375,27.399999618530273,0.6933742837535419
2024-04-04,BROS,32.880001068115234,33.68000030517578,32.2599983215332,32.4900016784668,0.5260921731946897
2024-04-17,BROS,32.0099983215332,32.0099983215332,30.260000228881836,30.600000381469727,0.6789503243696097
2024-05-08,BROS,31.149999618530273,32.880001068115234,30.139999389648438,31.770000457763672,0.5890118501427645
2024-05-09,BROS,32.40999984741211,32.939998626708984,31.600000381469727,32.79999923706055,0.5340678737235985
2024-05-16,BROS,38.25,38.40999984741211,37.209999084472656,37.779998779296875,0.5597903199504098
2024-05-31,BROS,36.099998474121094,36.099998474121094,34.09000015258789,35.38999938964844,0.5436048005368245
2024-06-12,BROS,40.04999923706055,40.75,39.5,39.849998474121094,0.5004535855208919
2024-06-18,BROS,39.66999816894531,41.150001525878906,39.41999816894531,39.630001068115234,0.6189891360830119
2024-07-19,BROS,38.939998626708984,39.619998931884766,38.369998931884766,39.16999816894531,0.5286967817777191
2024-07-26,BROS,37.869998931884766,38.79999923706055,37.40999984741211,38.02000045776367,0.6349270447232548
2024-07-29,BROS,38.38999938964844,38.93000030517578,37.709999084472656,38.36000061035156,0.6202218137220565
2024-08-01,BROS,38.63999938964844,38.970001220703125,37.119998931884766,37.9900016784668,0.6772744796649808
2024-08-07,BROS,38.27000045776367,38.75,37.5,37.70000076293945,0.7661700101746857
2024-08-09,BROS,30.450000762939453,30.84000015258789,29.31999969482422,29.489999771118164,0.829352835731274
2024-09-17,BROS,34.25,34.869998931884766,34.150001525878906,34.689998626708984,0.5017099398150846
2024-09-19,BROS,35.25,35.5099983215332,34.689998626708984,34.84000015258789,0.6239276988641673
2024-09-23,BROS,35.099998474121094,35.15999984741211,34.279998779296875,34.619998931884766,0.6131393980473478
2024-09-26,BROS,32.959999084472656,33.220001220703125,32.560001373291016,32.66999816894531,0.6344939283700081
2024-09-27,BROS,32.900001525878906,33.45000076293945,32.32500076293945,32.459999084472656,0.5479704900035527
2024-10-24,BROS,34.970001220703125,35.95000076293945,34.970001220703125,35.400001525878906,0.5039634833111651
2024-11-25,BROS,51.814998626708984,52.439998626708984,51.459999084472656,51.90999984741211,0.5541367817242902
2024-11-29,BROS,53.86000061035156,54.59000015258789,53.65999984741211,53.72999954223633,0.5055728112161617
2024-12-18,BROS,53.290000915527344,54.349998474121094,50.709999084472656,51.27000045776367,0.7105897852760321
2024-12-19,BROS,52.2400016784668,53.400001525878906,52.130001068115234,52.31999969482422,0.6060350490216485
2024-12-31,BROS,52.9900016784668,53.37300109863281,51.91999816894531,52.380001068115234,0.5895499352978827
2025-01-06,BROS,58.209999084472656,58.95500183105469,57.20000076293945,57.779998779296875,0.5397622477218107
2025-01-07,BROS,58.84000015258789,59.18000030517578,56.15999984741211,57.529998779296875,0.6221401938009331
2025-01-28,BROS,59.709999084472656,60.849998474121094,59.08000183105469,59.59000015258789,0.5110500997159035
2025-02-13,BROS,84.55999755859375,86.41899871826172,80.16999816894531,83.54000091552734,0.6691713133871258
2025-02-21,BROS,82.97000122070312,83.05000305175781,75.23999786376953,76.0999984741211,0.7506797070305797
2025-02-26,BROS,73.98999786376953,77.29000091552734,73.75,75.4000015258789,0.6292532814766699
2025-02-27,BROS,76.80000305175781,79.18000030517578,74.55999755859375,76.55999755859375,0.8105586188674405
2025-03-12,BROS,62.9900016784668,63.880001068115234,61.33000183105469,62.310001373291016,0.7726507410669488
2025-03-26,BROS,71.5,72.72000122070312,68.19999694824219,68.7699966430664,0.6748076284140523
2025-04-08,BROS,55.849998474121094,57.209999084472656,51.6150016784668,52.59000015258789,0.9461868077010911
2025-04-14,BROS,59.72999954223633,59.939998626708984,56.67300033569336,58.38999938964844,0.6456363036143095
2025-04-23,BROS,61.18000030517578,62.790000915527344,60.29999923706055,61.11000061035156,0.7141143399274384
2025-04-28,BROS,63.9900016784668,64.27999877929688,60.5,61.52000045776367,0.5433399299278718
2025-05-01,BROS,60.380001068115234,60.790000915527344,59.04899978637695,59.959999084472656,0.5542540997652966
2025-05-12,BROS,66.36000061035156,70.0,66.23999786376953,69.86000061035156,0.7069938542204037
2025-05-29,BROS,71.37999725341797,71.5,69.31999969482422,69.7300033569336,0.825132624378508
2025-06-11,BROS,71.52999877929688,72.19999694824219,70.76000213623047,71.47000122070312,0.5064238406346828
2025-06-30,BROS,70.81999969482422,71.0,68.02999877929688,68.37000274658203,0.5032867924775385
2025-07-10,BROS,66.98999786376953,66.98999786376953,63.70000076293945,63.709999084472656,0.5432450678942433
2025-07-14,BROS,63.86000061035156,65.08000183105469,63.084999084472656,63.439998626708984,0.6228727147133047
2025-07-18,BROS,63.91999816894531,64.75,63.189998626708984,64.37000274658203,0.5756524495627837
2025-07-23,BROS,63.11000061035156,63.45000076293945,62.310001373291016,62.810001373291016,0.5301505177693535
2025-07-25,BROS,58.97999954223633,59.7599983215332,57.75,59.5,0.5902626974331443
2025-07-28,BROS,59.81999969482422,60.380001068115234,58.81999969482422,59.22999954223633,0.6125140873066457
2025-07-29,BROS,59.86000061035156,59.88999938964844,57.65999984741211,58.310001373291016,0.5680060237245855
2025-08-05,BROS,58.95000076293945,59.189998626708984,56.90999984741211,57.45000076293945,0.5800914570056283
2025-08-07,BROS,69.55999755859375,71.80000305175781,66.5,70.2699966430664,0.5683826109135959
2025-08-11,BROS,66.77999877929688,69.37999725341797,66.5,67.4800033569336,0.5274926112453626
2025-08-13,BROS,69.94999694824219,69.94999694824219,66.56999969482422,67.54000091552734,0.5435564504460157
2025-09-05,BROS,72.20999908447266,73.58000183105469,65.77999877929688,65.9800033569336,0.6310055560886817
2025-09-18,BROS,58.59000015258789,58.900001525878906,57.53499984741211,58.119998931884766,0.6152405799889894
2025-09-19,BROS,58.5,59.08000183105469,57.2400016784668,58.619998931884766,0.5064313524050901
2025-09-29,BROS,53.7599983215332,53.95000076293945,51.849998474121094,52.56999969482422,0.6635465256494173
2025-10-02,BROS,52.0099983215332,52.68000030517578,51.79999923706055,52.33000183105469,0.6670452147116809
2025-10-15,BROS,53.630001068115234,55.09000015258789,53.06999969482422,55.0099983215332,0.5016159550713767
2025-10-20,BROS,55.3650016784668,57.06999969482422,55.0,56.099998474121094,0.5485423141858128
2025-10-27,BROS,58.380001068115234,60.19499969482422,57.84000015258789,59.869998931884766,0.5499691633230197
2025-11-03,BROS,56.0,57.27000045776367,53.70000076293945,54.4900016784668,0.5498542677028415
2025-11-06,BROS,56.30500030517578,57.060001373291016,52.619998931884766,53.220001220703125,0.6334690386223691
2025-11-10,BROS,54.61000061035156,57.310001373291016,54.48500061035156,56.68000030517578,0.5449600761733384
2025-11-12,BROS,56.9900016784668,59.41999816894531,56.529998779296875,57.619998931884766,0.5402535741704516
2025-11-20,BROS,51.5,53.2400016784668,50.560001373291016,50.869998931884766,0.8488818641507546
2025-11-21,BROS,51.599998474121094,55.650001525878906,51.45000076293945,54.84000015258789,0.7401126408414367
2025-12-15,BROS,61.63999938964844,62.52000045776367,60.5,60.59000015258789,0.6115273507734825
2025-12-16,BROS,61.029998779296875,62.95000076293945,61.0,62.0,0.5179529888397242
2025-12-17,BROS,62.75,65.38999938964844,62.61000061035156,63.0099983215332,0.5566067299644893
2024-01-18,CCJ,48.09246994102615,48.36142166487398,46.27953947646401,47.624298095703125,0.63546871223147
2024-01-24,CCJ,47.60437246671207,48.62041098475743,47.0565095657735,47.25572967529297,0.8438941423548303
2024-01-25,CCJ,47.61433345877969,47.62429674449892,45.39299572840913,45.8014030456543,0.690755476118815
2024-02-01,CCJ,49.71614014405577,51.130626576422934,49.16827720611902,50.363616943359375,0.505513998726547
2024-02-29,CCJ,40.98020125191241,41.63763749339143,40.02393104610293,40.3725700378418,0.6890434439986989
2024-03-04,CCJ,42.06596772574399,42.62379391448623,41.01008366130048,41.13957977294922,0.5843766505108755
2024-03-08,CCJ,44.18769831186245,44.297271659866446,40.54191456854191,41.069854736328125,0.5048079087234202
2024-03-21,CCJ,42.27515276048678,42.83297897085478,41.836863180834904,42.4743766784668,0.7917231589571875
2024-03-25,CCJ,43.251344961386714,44.02831784683805,41.767134590237575,41.80698013305664,0.5800310459991399
2024-04-09,CCJ,49.17823490619069,49.30773102132424,46.75767326115345,47.71394729614258,0.5159239593544735
2024-04-12,CCJ,50.90151395872632,52.43553314539743,48.969050746866394,49.39738082885742,0.7074583413628953
2024-04-17,CCJ,48.40126693802252,49.467110541442054,47.79363569123789,48.22196578979492,0.6491183724467466
2024-04-29,CCJ,49.467108240987486,50.40345568272466,48.23192303284819,49.2280387878418,0.6054330518271359
2024-05-01,CCJ,47.48483784900819,48.01278180122257,46.44888031611014,46.73775100708008,0.6188414591904144
2024-05-03,CCJ,48.749905948531634,48.89932483868138,47.335423334603,48.22196578979492,0.5292639502172508
2024-05-10,CCJ,52.5351472489927,52.963473533120634,50.303846257883876,50.71225357055664,0.5439764817640962
2024-06-12,CCJ,51.39957166167798,52.435532963356465,50.90151378201102,52.23630905151367,0.5982269511995445
2024-06-24,CCJ,51.65856600194476,52.017168297967,50.06477844183263,50.24407958984375,0.5226689113583254
2024-06-28,CCJ,52.10681647803448,52.116775963630765,48.62041133780753,49.00889587402344,0.6143611230793509
2024-07-18,CCJ,48.14227568733715,48.14227568733715,45.97074306341709,46.26957702636719,0.6170956301594042
2024-07-22,CCJ,46.94693660976537,47.68406014073115,46.45883821773664,47.425071716308594,0.5628828495202255
2024-07-26,CCJ,45.25353859746582,45.51252701920789,44.506451788746766,45.014469146728516,0.6121978252516316
2024-08-07,CCJ,39.486027142114594,40.36261005320722,37.93208902685945,37.961971282958984,0.7867923177471011
2024-08-09,CCJ,39.446182591520085,39.675292560304406,38.798709627194164,39.39637756347656,0.5195977618110269
2024-08-12,CCJ,39.77490501316538,40.631565226703216,38.24088573775486,38.938167572021484,0.5122551381049527
2024-08-14,CCJ,39.63544880148154,40.3227673391231,39.42626539435762,39.695213317871094,0.6135808662690803
2024-08-23,CCJ,42.48434169998507,43.32107914978164,41.687445995508085,42.444496154785156,0.5186252783083506
2024-08-26,CCJ,43.370879872974946,44.27734503688497,41.97631632855339,42.16558074951172,0.5227655401901068
2024-09-10,CCJ,37.09535362835571,37.56352546493966,36.716828564834074,37.553565979003906,0.6466366797301109
2024-09-19,CCJ,41.298958108450236,41.48822253298996,40.541911809931456,40.92043685913086,0.6825752126439103
2024-09-23,CCJ,45.26349859602654,46.64810268911277,44.69571291895465,45.84124755859375,0.5288961409832593
2024-09-26,CCJ,48.15223654796839,49.08858400525389,47.454954747918286,47.87332534790039,0.7358152638311979
2024-10-24,CCJ,54.696718934115225,54.99555291691522,52.97343904009227,53.64083480834961,0.5137290838572336
2024-11-01,CCJ,52.83398115401921,53.46153135084481,52.05700827242357,52.296077728271484,0.5187457323051399
2024-11-05,CCJ,51.38961404895418,51.77809860127212,50.76206003373584,51.06089401245117,0.5066989154085351
2024-11-06,CCJ,52.39568968219826,52.39568968219826,50.582759225962185,51.01108932495117,0.5789546031475631
2024-11-13,CCJ,55.42387962175643,55.782481899088516,52.17654395457813,52.77421188354492,0.6644723392837303
2024-11-20,CCJ,58.1432767866341,59.00990024774948,56.46980197880595,57.38623046875,0.5143163974535195
2024-11-25,CCJ,60.26500093086227,60.54391211590304,57.67510158436396,57.88428497314453,0.5776498397524911
2024-12-02,CCJ,59.98320786356265,60.93136251715182,58.05695807285845,58.71567916870117,0.57289292932617
2024-12-04,CCJ,59.93330326997613,60.592020530852885,58.65579192943554,59.49415969848633,0.5157758010585708
2024-12-06,CCJ,61.38048880477591,62.42844760827864,60.55209989259711,60.94134521484375,0.5553771145311093
2024-12-09,CCJ,61.550155244917114,61.77971163775715,57.218592794927375,57.40822219848633,0.5911088419419401
2024-12-19,CCJ,52.497779557586576,53.186441099677,51.65941179868646,52.80717849731445,0.6985302483050451
2024-12-31,CCJ,51.49972542819374,51.69933753442233,50.75118288529974,51.29013442993164,0.6210235745150597
2025-01-06,CCJ,54.07471439960692,56.05086628507588,53.8451618066129,54.7034912109375,0.5403937038145606
2025-01-07,CCJ,55.49195146297801,55.49195146297801,51.2102910775666,51.479766845703125,0.5838779387590463
2025-01-28,CCJ,48.006525848168,48.57541786378312,46.44955982955155,48.50555419921875,0.6430644881531543
2025-01-30,CCJ,51.010678734940214,51.53964756956683,49.87289470189509,50.20225143432617,0.5365161720432637
2025-01-31,CCJ,50.691300484849364,51.230252014238324,48.565438657115656,49.34392166137695,0.611245291455338
2025-02-06,CCJ,50.63141581643619,50.75118155411823,48.08637199880883,48.60536193847656,0.6532336098858977
2025-02-20,CCJ,48.4057523895955,48.715151352811155,45.99045688136372,46.449562072753906,0.6668850486355999
2025-02-26,CCJ,44.58319271949971,45.42156053284944,43.984360198800324,44.63309860229492,0.6704824858070425
2025-02-27,CCJ,45.55130627472254,46.16012145880412,43.10606664679935,43.395503997802734,0.8443313232297717
2025-03-03,CCJ,44.553252296629765,44.663039147274596,40.62091010881052,41.030113220214844,0.6941874421323102
2025-03-07,CCJ,42.267700591283905,42.267700591283905,40.6408708780742,41.748714447021484,0.5540686927524169
2025-03-12,CCJ,43.43542991210488,43.754807765281186,42.06809324023856,42.517215728759766,0.7576081980273575
2025-03-24,CCJ,45.271852803079184,46.120199480448285,44.97243655267151,45.65111541748047,0.5006838690978769
2025-04-01,CCJ,41.76867114676029,42.20781852905313,40.42129613194253,41.71876907348633,0.5845963003963404
2025-04-08,CCJ,38.71461904986713,38.89426955461746,35.94001892499208,36.60871887207031,0.9339818394111068
2025-04-14,CCJ,41.85849788264446,41.95830584000803,40.45123804573444,41.2297248840332,0.5955683107233408
2025-04-23,CCJ,41.519159254619154,42.49725821950011,41.21974299123805,41.88844299316406,0.7220698608291369
2025-05-01,CCJ,45.91060783443794,46.43957666289511,44.4334843870736,45.42155838012695,0.5820129534183676
2025-05-08,CCJ,50.31203832920197,50.87095145442924,49.054488556545834,49.14431381225586,0.5675489508503945
2025-05-12,CCJ,52.348075278839104,52.49778150119131,50.60147603374055,51.06058120727539,0.7989953775385836
2025-05-20,CCJ,51.59953155370681,52.507762987894125,51.35999627327666,52.29817199707031,0.555720217523341
2025-05-29,CCJ,60.77167364497577,61.06111101025464,58.39629756292605,59.035057067871094,0.8310998135753431
2025-06-17,CCJ,69.6443939320844,69.78412125815909,68.42676356380355,69.11542510986328,0.6449767261871059
2025-07-31,CCJ,79.7946348939407,79.90442174667561,73.71647288222717,74.78439331054688,0.6772748607938899
2025-08-22,CCJ,73.49689847750712,75.43313100960833,72.6086285789711,74.76443481445312,0.6141516607104183
2025-08-29,CCJ,80.83261142503659,82.85866534340084,76.12178249970988,77.23960876464844,0.5785217380864957
2025-09-03,CCJ,75.85231026218345,77.51906314702711,75.27343554058089,77.02003479003906,0.6099983220892972
2025-09-05,CCJ,76.88030577302106,77.63883099108521,74.48496818910202,75.70259857177734,0.6240615977320453
2025-09-24,CCJ,87.6094162077248,88.9567912344258,82.78880050271816,82.92852783203125,0.5029403624676867
2025-10-08,CCJ,87.00059870612763,88.30805813089697,84.97454487015939,86.04246520996094,0.5118636637029861
2025-10-10,CCJ,87.24013837081519,91.40203291404276,86.18219310826436,86.48161315917969,0.5203519337148511
2025-10-15,CCJ,95.8134463630947,97.59996882882146,90.104560632296,93.27838134765625,0.6880306682647185
2025-10-16,CCJ,94.06684337287061,95.78350210421307,90.22432662538054,90.9529037475586,0.7292779485944619
2025-10-28,CCJ,100.33464087094845,109.94593196052375,97.8095585869828,106.7022476196289,0.5343693190894017
2025-10-31,CCJ,105.7640707893628,106.5325711057423,100.5542135442244,102.0113754272461,0.6223988108850207
2025-11-03,CCJ,103.07929262275421,103.44857633535044,100.17495164548266,100.65401458740234,0.6066820600126464
2025-11-10,CCJ,96.05297529020713,96.77157733713372,93.31830204679724,94.0568618774414,0.6016830004854009
2025-11-12,CCJ,92.8492113584256,93.83728533567674,90.54370287331695,92.39010620117188,0.522041486014815
2025-11-20,CCJ,87.37986964403613,89.69536095005128,81.55121438881756,81.82069396972656,0.8631344994863528
2025-12-15,CCJ,92.41999816894531,93.48999786376953,89.44000244140625,89.77999877929688,0.6293591599628238
2025-12-17,CCJ,88.20999908447266,88.23999786376953,84.29000091552734,84.8499984741211,0.6128958094679569
2025-12-19,CCJ,88.26000213623047,91.68000030517578,87.94000244140625,89.98999786376953,0.5667596670624848
2026-01-05,CCJ,100.16999816894531,100.88999938964844,96.43000030517578,100.16999816894531,0.5182756672256329
2026-01-12,CCJ,108.5,111.12000274658203,107.08000183105469,109.79000091552734,0.636020394732345
2024-01-25,CEG,116.43471398538904,119.09127694132772,115.58540165462061,119.0517807006836,0.5400061618879713
2024-02-07,CEG,130.3199893102612,132.13711791654242,129.18427262947245,130.853271484375,0.5611314531256706
2024-02-22,CEG,130.7544915516278,132.3938642466345,130.0138127511409,131.73219299316406,0.5221424919908418
2024-03-05,CEG,175.18537935764587,183.273595658308,173.2398615022349,174.57308959960938,0.56301442327577
2024-03-07,CEG,179.84391101418944,180.1407678072806,174.36201797666277,177.69667053222656,0.6455259884728416
2024-03-21,CEG,175.59892731177644,175.9452476914551,170.5622962818757,172.30384826660156,0.7185161136009137
2024-04-01,CEG,184.07903492609032,186.82987885312704,181.47661185531777,184.02955627441406,0.5284189518540539
2024-04-04,CEG,191.41133450533323,193.44972820256032,181.04124588611876,181.18966674804688,0.6262812591225959
2024-04-15,CEG,192.05451020525342,193.94448302579,182.8421496773308,183.4556427001953,0.562798523654003
2024-04-17,CEG,185.94921885246683,187.0574682095808,180.71470347956415,183.4556427001953,0.6240783096857868
2024-05-10,CEG,218.20735200537894,218.20735200537894,209.6381681179571,212.67596435546875,0.5307146059162918
2024-05-13,CEG,214.7242479086407,216.38168463920925,210.36049344034217,211.35000610351562,0.5054874747942087
2024-05-23,CEG,221.4331402673441,225.6583635230584,218.42502844585854,218.8406219482422,0.7184643097415797
2024-06-10,CEG,197.73927772770656,212.84250880684806,196.35382931246752,212.70376586914062,0.5205567211997492
2024-06-12,CEG,219.28416678033454,219.7796794177147,210.24600599166533,216.17234802246094,0.6601876289333726
2024-06-20,CEG,221.81130785560492,225.7258550830388,217.3219489711842,220.31484985351562,0.7588567539573248
2024-07-01,CEG,206.3215662515001,211.67309699459983,201.31688530143012,203.20974731445312,0.6008588714229297
2024-07-16,CEG,212.21816416233875,213.08035136288964,202.2286269930263,203.04127502441406,0.5153630927650548
2024-07-18,CEG,188.66147712283603,191.1093107665056,176.47187831454764,185.59921264648438,0.5748403047467544
2024-07-22,CEG,190.5147331018831,195.053631361957,186.91730597097228,188.7110595703125,0.6041988574140613
2024-07-25,CEG,175.11416933200044,175.2529122705895,164.38136340521433,168.9004364013672,0.7360489952537899
2024-07-26,CEG,174.95560845806367,175.48086580513032,169.90138825129435,173.4690704345703,0.6167871037415197
2024-07-29,CEG,174.4700147132314,175.560133517759,169.59219087687828,171.1302490234375,0.6270299208635304
2024-08-06,CEG,172.08162601379138,182.18017586040136,166.87874338451246,179.4152069091797,0.521373902190008
2024-08-07,CEG,188.3840100938145,188.3840100938145,175.31238296493322,178.04762268066406,0.8186730058098156
2024-08-13,CEG,187.9902451561268,189.489490490015,185.73643825090036,188.05975341796875,0.5167570109500222
2024-08-28,CEG,195.784289829434,196.04243090783655,191.03836633025313,192.388671875,0.510183641724654
2024-09-10,CEG,175.58928593743371,179.91323597230993,172.62059545751157,178.9650421142578,0.6439621348645451
2024-09-19,CEG,203.64783867929194,207.1526732549107,201.0266589795371,207.013671875,0.6145415740511316
2024-09-23,CEG,257.7096719926482,269.91206874364866,250.31278384371723,255.2870635986328,0.543489458990324
2024-10-03,CEG,270.2099408805344,277.51749001697397,266.0895307002198,275.3927307128906,0.5173881559285887
2024-10-17,CEG,282.9683041432111,282.9683041432111,268.61139445911016,269.2666931152344,0.5814511043818812
2024-10-24,CEG,265.88102665310106,265.89093476255727,260.69823700671975,262.6144714355469,0.5811612741666254
2024-11-05,CEG,228.70790761584703,235.17149425703872,225.3817827357328,232.0836639404297,0.5930826511782573
2024-11-06,CEG,237.11753353009053,240.27485702393557,232.09359197539658,233.31483459472656,0.5654545255553627
2024-11-08,CEG,241.51593482762416,246.23207332888302,235.14170313445064,237.66358947753906,0.5286535164679713
2024-11-13,CEG,229.3532462910697,231.11063255010856,224.00167115027855,224.34918212890625,0.677578849565089
2024-11-14,CEG,226.573219779456,229.88940617055007,223.51517446341262,223.77333068847656,0.5801859428962511
2024-11-25,CEG,252.08769871733733,254.1859440749535,241.64619640360146,247.54315185546875,0.5423064499911995
2024-12-03,CEG,250.0699731109839,252.76388009955724,245.20623107135646,246.13104248046875,0.5438970542896231
2024-12-04,CEG,251.27224702381784,256.2245130797362,249.60161402214302,252.78378295898438,0.5384624804342921
2024-12-12,CEG,241.60642154736598,246.74761648681283,237.58892080408975,237.68836975097656,0.5936595674677664
2024-12-13,CEG,240.6418283909152,242.06385427741546,235.18240887043223,237.73809814453125,0.5246183480415544
2024-12-19,CEG,227.58497198240593,232.48749860129467,223.72658344709393,223.91552734375,0.6922064978867514
2025-01-06,CEG,256.4433093176448,266.32793423014255,250.10878740717138,262.8076477050781,0.5260421177425769
2025-01-17,CEG,318.3763207034995,318.3763207034995,309.30713511806823,314.59747314453125,0.5603126086488933
2025-01-21,CEG,324.1837819315276,328.4995991903815,316.55649984420086,321.8369445800781,0.5295710867182934
2025-01-28,CEG,279.9814137926878,282.7857102649756,257.6465516580516,277.2467346191406,0.5706889758887728
2025-01-31,CEG,310.2617689472107,310.2617689472107,296.28508019680055,298.3087463378906,0.604217237024942
2025-02-05,CEG,308.7999404251047,316.5962577264625,301.1627353561282,312.08154296875,0.6268631256148208
2025-02-18,CEG,322.0358064111168,327.73389413837026,314.0555216713586,323.7860107421875,0.5113437106430645
2025-02-24,CEG,288.3943120194499,288.3943120194499,261.18672370276107,266.2284851074219,0.7047277473263351
2025-02-26,CEG,271.2304543587468,278.39035383556296,266.5566268742198,268.635009765625,0.5144463908766593
2025-02-27,CEG,274.8501671785426,279.0367035724869,247.40391339397715,248.3486328125,0.8197698919901969
2025-03-12,CEG,218.6059482714576,223.49773578184352,209.22089836888617,214.55105590820312,0.7573847455267244
2025-03-13,CEG,215.965795254019,215.965795254019,202.96420725018328,209.0913848876953,0.5059763616633909
2025-04-08,CEG,188.2390357475635,192.58286077215504,181.31482326169072,184.25387573242188,0.9432101199966128
2025-04-14,CEG,214.17245838397025,216.40415341369678,203.11363351646563,205.93313598632812,0.6576294029627097
2025-04-17,CEG,207.57704105249982,208.04529859906378,202.84864621651602,205.91322326660156,0.726124743459126
2025-04-23,CEG,212.4588342896259,216.53365658363333,207.49731453797168,209.02163696289062,0.7397967974494563
2025-05-01,CEG,231.3385465327917,243.07484210375176,229.4555589466782,239.7223358154297,0.5288987426626531
2025-05-08,CEG,270.7418207103821,272.9635584643568,264.08661048269846,269.58612060546875,0.5652263970663022
2025-05-09,CEG,271.0606048003549,273.9299246237372,265.0728926745379,270.3631896972656,0.547807955799609
2025-05-12,CEG,285.29759850724275,290.9067162430133,282.3984212746553,284.22161865234375,0.7697748958577173
2025-05-29,CEG,313.14273248316795,313.76127129450384,299.3951015279091,302.65740966796875,0.848581285513036
2025-06-03,CEG,341.19669384940596,341.19669384940596,308.77303142219637,312.29473876953125,0.6299534593007485
2025-06-11,CEG,296.13274713957253,297.7689094720891,289.11926149096473,291.503662109375,0.5195443468547882
2025-07-08,CEG,319.9317375989255,319.9317375989255,307.0271231758494,312.10516357421875,0.6377859241566342
2025-07-21,CEG,323.65797790986136,324.8751134495845,315.90620950558355,317.1333312988281,0.562173065605377
2025-07-28,CEG,329.3096717179561,331.2201821973492,321.74249626097924,327.8880310058594,0.5440531999410364
2025-07-29,CEG,331.22018702958565,338.4431717269413,327.9279503609638,329.74365234375,0.5514095523576236
2025-07-31,CEG,348.6591116096612,353.1784697999191,343.4663206705278,347.02294921875,0.6207330323674087
2025-08-04,CEG,344.31934215175085,356.16145628924016,343.7666273458294,354.0564270019531,0.5182574992294325
2025-08-08,CEG,337.91440833871303,341.39623151263163,331.46959051377036,334.9763488769531,0.5804021506522907
2025-09-05,CEG,310.69349209493316,312.63127109138946,292.8190126033643,301.2343444824219,0.6207193131383102
2025-10-08,CEG,368.387275757002,376.0674581631687,363.29311516684686,370.57476806640625,0.5033562996821024
2025-10-15,CEG,396.5200182404685,412.22700132789134,395.24648566205065,403.4870300292969,0.5958412875328732
2025-10-16,CEG,406.43364094763524,411.21815960648325,394.26760790711205,396.0755310058594,0.7150862112501496
2025-10-20,CEG,395.48619926873897,398.0432627085093,367.7080758957444,369.575927734375,0.6083223732903481
2025-10-22,CEG,360.5862467249354,362.5240256694891,343.0763396198956,349.6587829589844,0.5068215851585346
2025-10-27,CEG,392.29986298492736,395.1795543433272,383.7097134850452,390.7016906738281,0.5836980433727698
2025-10-28,CEG,396.5749612352367,400.54041242291726,375.06963806684644,384.5088195800781,0.5148299265013002
2025-10-31,CEG,387.5552939660353,388.02475649504044,371.72046704539184,376.5679016113281,0.5806760746039956
2025-11-03,CEG,380.48341181230194,384.53973133978286,374.73000403523076,377.2770690917969,0.5933832979695813
2025-11-05,CEG,364.5117464355063,370.55483082047084,356.6507711191979,362.83367919921875,0.5127122011092458
2025-11-10,CEG,366.7791602982924,378.3458749226003,352.26581450787614,360.5163269042969,0.5895755576934933
2025-11-12,CEG,354.2235439914304,354.58311674404507,345.80321339243386,353.6142272949219,0.5422698838814272
2025-11-20,CEG,368.25,379.20001220703125,345.0,345.7799987792969,0.8292197604327983
2025-12-08,CEG,362.7650146484375,364.25,354.0,357.6700134277344,0.5133224438215206
2025-12-15,CEG,356.6499938964844,360.9599914550781,350.6700134277344,357.1400146484375,0.6834138314729696
2025-12-17,CEG,368.5150146484375,372.0,334.17999267578125,340.9700012207031,0.5734837362234452
2025-12-18,CEG,351.989990234375,371.239990234375,348.7799987792969,361.04998779296875,0.5279884099829351
2025-12-22,CEG,363.2749938964844,363.95001220703125,355.3999938964844,357.80999755859375,0.5027049240891263
2026-01-02,CEG,358.0,373.2300109863281,358.0,366.25,0.5359295914099218
2024-01-10,CELH,58.70000076293945,60.209999084472656,58.04999923706055,59.790000915527344,0.5654880510547383
2024-01-12,CELH,59.61000061035156,62.04999923706055,59.41999816894531,60.349998474121094,0.5163788747156529
2024-01-18,CELH,60.40999984741211,61.4900016784668,58.560001373291016,59.58000183105469,0.64413747693679
2024-01-22,CELH,54.0099983215332,54.66999816894531,52.029998779296875,52.65999984741211,0.5616706418853129
2024-02-02,CELH,51.56999969482422,53.790000915527344,50.900001525878906,53.349998474121094,0.5684869639803802
2024-02-14,CELH,61.22999954223633,63.939998626708984,60.5,62.560001373291016,0.5031243410432387
2024-02-15,CELH,63.18000030517578,64.0999984741211,62.20000076293945,63.38999938964844,0.5422615920066335
2024-02-22,CELH,62.16999816894531,64.88999938964844,62.16999816894531,64.12999725341797,0.5750495312509042
2024-03-06,CELH,87.81999969482422,88.73999786376953,84.3499984741211,87.48999786376953,0.5438662236742258
2024-03-08,CELH,90.05999755859375,91.06999969482422,87.55000305175781,88.88999938964844,0.5352119159478588
2024-03-13,CELH,92.58000183105469,96.62999725341797,92.5,96.11000061035156,0.5019931640730232
2024-03-21,CELH,91.62000274658203,93.7300033569336,90.51000213623047,90.94999694824219,0.7831953960006146
2024-03-26,CELH,93.02999877929688,94.66999816894531,90.91999816894531,91.22000122070312,0.5054441615333504
2024-04-01,CELH,83.93000030517578,85.48999786376953,81.41999816894531,82.52999877929688,0.5213326310873513
2024-04-04,CELH,78.55000305175781,80.97000122070312,78.20999908447266,79.47000122070312,0.5460833647526587
2024-04-17,CELH,73.02999877929688,73.7300033569336,70.7699966430664,70.97000122070312,0.6303209183543603
2024-04-23,CELH,70.23999786376953,72.83999633789062,69.94999694824219,72.02999877929688,0.6192497039942527
2024-04-29,CELH,73.5999984741211,76.29000091552734,72.36000061035156,73.7300033569336,0.627413930245936
2024-05-03,CELH,75.68000030517578,77.16999816894531,74.12999725341797,75.97000122070312,0.5085905160519931
2024-05-10,CELH,83.4800033569336,88.41000366210938,81.2699966430664,82.80999755859375,0.5074710463960816
2024-05-13,CELH,83.31999969482422,87.8499984741211,83.30000305175781,86.58000183105469,0.5094531034354952
2024-05-15,CELH,92.62000274658203,94.3499984741211,91.55000305175781,93.87000274658203,0.5158834920704923
2024-06-12,CELH,66.48999786376953,67.76000213623047,61.209999084472656,61.689998626708984,0.7309709738562102
2024-06-18,CELH,59.02000045776367,63.529998779296875,59.0,63.279998779296875,0.5342346479183663
2024-07-01,CELH,57.68000030517578,61.25,56.970001220703125,57.84000015258789,0.5247404252708779
2024-07-11,CELH,57.310001373291016,59.5,56.5099983215332,58.52000045776367,0.6090746074722114
2024-07-26,CELH,46.900001525878906,48.2599983215332,46.59000015258789,48.02000045776367,0.68135231341007
2024-07-29,CELH,48.470001220703125,48.63999938964844,45.84000015258789,46.880001068115234,0.6414727506398005
2024-07-30,CELH,47.279998779296875,47.279998779296875,45.61000061035156,46.310001373291016,0.6249523648296875
2024-08-06,CELH,43.599998474121094,44.279998779296875,40.209999084472656,40.380001068115234,0.559792550060328
2024-08-22,CELH,41.5,41.5,39.27000045776367,39.33000183105469,0.53784764230482
2024-08-23,CELH,39.91999816894531,40.709999084472656,39.189998626708984,39.540000915527344,0.5234212752623287
2024-08-29,CELH,38.58000183105469,38.68000030517578,37.58000183105469,37.630001068115234,0.6010760167682343
2024-08-30,CELH,38.2400016784668,38.70000076293945,37.33000183105469,38.029998779296875,0.7241331401363525
2024-09-10,CELH,33.70000076293945,33.9900016784668,32.209999084472656,32.5,0.6948872858643688
2024-09-19,CELH,35.70000076293945,35.9900016784668,33.560001373291016,34.06999969482422,0.7692501318871958
2024-09-24,CELH,33.099998474121094,33.22999954223633,31.299999237060547,31.6299991607666,0.5162265748468339
2024-09-25,CELH,31.829999923706055,32.11000061035156,30.959999084472656,31.020000457763672,0.6496660564353827
2024-09-26,CELH,31.6299991607666,32.150001525878906,30.860000610351562,31.31999969482422,0.7275193964798508
2024-09-27,CELH,31.899999618530273,32.70000076293945,31.510000228881836,32.529998779296875,0.5801239494886223
2024-09-30,CELH,32.900001525878906,33.060001373291016,31.209999084472656,31.360000610351562,0.5707252198042565
2024-10-01,CELH,31.610000610351562,31.979999542236328,30.530000686645508,31.200000762939453,0.6077353637530529
2024-10-10,CELH,33.529998779296875,35.15999984741211,32.25,34.90999984741211,0.7734818590292907
2024-10-24,CELH,30.799999237060547,31.709999084472656,30.3799991607666,31.700000762939453,0.6695269128599632
2024-11-05,CELH,31.34000015258789,32.09000015258789,31.1299991607666,31.729999542236328,0.5018525831213525
2024-11-13,CELH,27.329999923706055,28.309999465942383,26.790000915527344,27.040000915527344,0.674348218712245
2024-11-25,CELH,30.34000015258789,31.110000610351562,29.700000762939453,29.75,0.5197142914210019
2024-11-29,CELH,28.559999465942383,29.100000381469727,28.40999984741211,28.450000762939453,0.5110311201768061
2024-12-02,CELH,28.790000915527344,29.780000686645508,28.270000457763672,28.639999389648438,0.574674061330186
2024-12-09,CELH,28.510000228881836,31.389999389648438,28.25,30.559999465942383,0.5590217907626325
2024-12-12,CELH,30.1200008392334,32.119998931884766,30.1200008392334,31.989999771118164,0.5722593377846048
2024-12-19,CELH,27.450000762939453,28.280000686645508,26.719999313354492,27.940000534057617,0.6943070522367134
2024-12-31,CELH,26.049999237060547,27.149999618530273,25.950000762939453,26.34000015258789,0.6372009305559352
2025-01-06,CELH,29.399999618530273,29.65999984741211,28.299999237060547,28.93000030517578,0.572044166554284
2025-01-07,CELH,29.1200008392334,30.270000457763672,28.700000762939453,29.200000762939453,0.6028395852293672
2025-01-14,CELH,27.270000457763672,27.6299991607666,26.34000015258789,26.8700008392334,0.5195111096264954
2025-01-17,CELH,27.940000534057617,28.3700008392334,26.959999084472656,27.229999542236328,0.5443057149094833
2025-02-06,CELH,22.81999969482422,22.950000762939453,21.860000610351562,21.959999084472656,0.5686971137619418
2025-02-14,CELH,23.059999465942383,23.389999389648438,22.31999969482422,22.34000015258789,0.5327663512864855
2025-02-18,CELH,22.479999542236328,23.229999542236328,22.25,22.739999771118164,0.5050699331879672
2025-02-19,CELH,24.09000015258789,26.219999313354492,23.989999771118164,26.09000015258789,0.7283787803332624
2025-02-21,CELH,34.11000061035156,34.439998626708984,30.1200008392334,32.619998931884766,0.8269526436206249
2025-02-26,CELH,27.139999389648438,27.84000015258789,26.709999084472656,27.209999084472656,0.5919136658545361
2025-03-03,CELH,26.200000762939453,27.5,25.520000457763672,25.649999618530273,0.6469462702849126
2025-03-24,CELH,33.369998931884766,35.060001373291016,33.20000076293945,34.880001068115234,0.5171667977191311
2025-03-31,CELH,34.380001068115234,36.75,34.279998779296875,35.619998931884766,0.6354637750655543
2025-04-01,CELH,36.04999923706055,37.279998779296875,35.52000045776367,35.72999954223633,0.6112309995942435
2025-04-08,CELH,35.95000076293945,36.689998626708984,33.290000915527344,33.88999938964844,0.9198591535683057
2025-04-14,CELH,38.02000045776367,38.220001220703125,36.75,37.34000015258789,0.6097044018749657
2025-04-17,CELH,37.08000183105469,37.720001220703125,36.81999969482422,37.2400016784668,0.806271211911445
2025-04-23,CELH,39.150001525878906,39.15999984741211,36.869998931884766,37.27000045776367,0.6717624368982801
2025-04-28,CELH,37.04999923706055,37.709999084472656,35.34000015258789,35.93000030517578,0.5478950142720236
2025-05-08,CELH,36.400001525878906,36.970001220703125,34.779998779296875,35.2400016784668,0.5961000416160903
2025-05-12,CELH,37.7400016784668,37.97999954223633,35.90999984741211,37.31999969482422,0.8193359014287647
2025-05-20,CELH,37.75,38.95000076293945,37.5099983215332,38.08000183105469,0.6717643970982922
2025-05-29,CELH,35.150001525878906,36.380001068115234,34.099998474121094,36.34000015258789,0.8193380120807234
2025-06-20,CELH,44.36000061035156,44.45000076293945,42.959999084472656,43.369998931884766,0.5169871040900306
2025-08-07,CELH,51.0099983215332,53.06999969482422,49.77000045776367,50.119998931884766,0.6477294937219884
2025-08-08,CELH,51.150001525878906,53.849998474121094,50.66999816894531,51.95000076293945,0.6792668700715435
2025-08-15,CELH,57.08000183105469,57.790000915527344,56.15999984741211,57.29999923706055,0.5461748660223145
2025-09-05,CELH,61.189998626708984,61.189998626708984,57.70000076293945,58.369998931884766,0.5587456003167035
2025-09-19,CELH,55.84000015258789,55.84000015258789,53.7599983215332,54.72999954223633,0.5066861512413866
2025-09-24,CELH,51.34000015258789,52.91999816894531,51.099998474121094,51.880001068115234,0.5957213620196267
2025-09-29,CELH,55.529998779296875,57.0099983215332,54.810001373291016,56.900001525878906,0.5229869069957538
2025-10-20,CELH,65.5,66.0,64.02999877929688,64.44999694824219,0.575155401423247
2025-10-21,CELH,65.0,65.5,63.20000076293945,63.400001525878906,0.5276029499760012
2025-10-27,CELH,63.970001220703125,64.13999938964844,61.54999923706055,62.220001220703125,0.578262696092864
2025-10-31,CELH,60.709999084472656,60.81999969482422,59.150001525878906,60.22999954223633,0.5316853051861073
2025-11-12,CELH,44.2599983215332,46.529998779296875,43.5099983215332,44.90999984741211,0.5661254958143932
2025-11-13,CELH,45.27000045776367,45.869998931884766,43.88999938964844,44.0099983215332,0.7425299915785405
2025-11-20,CELH,42.040000915527344,42.59000015258789,39.15999984741211,39.209999084472656,0.9075621713444305
2025-12-12,CELH,44.209999084472656,44.709999084472656,43.2400016784668,43.84000015258789,0.6014976081684268
2025-12-15,CELH,44.7400016784668,45.560001373291016,43.58000183105469,43.810001373291016,0.6843603638405165
2025-12-18,CELH,41.970001220703125,42.2400016784668,41.040000915527344,41.66999816894531,0.5102249371552936
2026-01-05,CELH,48.369998931884766,48.779998779296875,47.790000915527344,48.09000015258789,0.5013311467047248
2024-01-02,CIFR,4.690000057220459,4.769999980926514,4.090000152587891,4.130000114440918,0.8770602928513092
2024-01-11,CIFR,4.0,4.119999885559082,3.309999942779541,3.509999990463257,0.7640313800456321
2024-01-18,CIFR,2.880000114440918,2.890000104904175,2.5999999046325684,2.630000114440918,0.7854865437547237
2024-01-24,CIFR,2.799999952316284,2.859999895095825,2.2149999141693115,2.2850000858306885,0.8932723338410246
2024-01-30,CIFR,3.190000057220459,3.2100000381469727,3.009999990463257,3.0799999237060547,0.746582253138399
2024-02-14,CIFR,3.9600000381469727,4.059999942779541,3.680000066757202,4.019999980926514,0.5045380659426216
2024-02-22,CIFR,3.2300000190734863,3.430000066757202,3.1500000953674316,3.244999885559082,0.5609056194005327
2024-02-27,CIFR,3.5999999046325684,3.680000066757202,3.240000009536743,3.450000047683716,0.6785348427524044
2024-02-28,CIFR,3.569999933242798,3.7200000286102295,3.1600000858306885,3.2699999809265137,0.8133379758248892
2024-02-29,CIFR,3.299999952316284,3.309999942779541,2.9200000762939453,2.9600000381469727,0.5753976293371789
2024-03-01,CIFR,3.0,3.0899999141693115,2.825000047683716,3.0899999141693115,0.5521808991791923
2024-03-05,CIFR,3.0799999237060547,3.190000057220459,2.809999942779541,2.8499999046325684,0.8473786257371052
2024-03-08,CIFR,3.549999952316284,3.799999952316284,3.2799999713897705,3.509999990463257,0.5093302564613359
2024-03-11,CIFR,3.6600000858306885,3.700000047683716,3.1500000953674316,3.1600000858306885,0.7404381057198334
2024-03-12,CIFR,3.200000047683716,3.240000009536743,3.0450000762939453,3.134999990463257,0.5184274341837487
2024-03-20,CIFR,4.300000190734863,4.710000038146973,4.119999885559082,4.550000190734863,0.5114552263280823
2024-04-04,CIFR,4.440000057220459,4.590000152587891,4.150000095367432,4.159999847412109,0.5876786830212888
2024-04-08,CIFR,4.320000171661377,4.550000190734863,3.9100000858306885,4.289999961853027,0.6166270099242345
2024-04-18,CIFR,3.490000009536743,3.8350000381469727,3.4100000858306885,3.680000066757202,0.5135675467704933
2024-04-26,CIFR,4.480000019073486,4.619999885559082,4.390999794006348,4.5,0.5241407888443654
2024-05-03,CIFR,4.099999904632568,4.400000095367432,4.065000057220459,4.139999866485596,0.5091349958498311
2024-05-10,CIFR,4.050000190734863,4.090000152587891,3.6700000762939453,3.7200000286102295,0.5828793744524766
2024-05-13,CIFR,3.8399999141693115,3.990000009536743,3.7049999237060547,3.7200000286102295,0.5827443391570438
2024-05-15,CIFR,3.890000104904175,4.190000057220459,3.700000047683716,4.159999847412109,0.5408558156155229
2024-05-17,CIFR,4.130000114440918,4.175000190734863,3.8299999237060547,3.8499999046325684,0.5269688781020369
2024-05-23,CIFR,4.210000038146973,4.260000228881836,3.869999885559082,3.9000000953674316,0.7516164385672782
2024-05-31,CIFR,3.819999933242798,3.859999895095825,3.569999933242798,3.7100000381469727,0.533040804160365
2024-06-03,CIFR,3.7799999713897705,3.880000114440918,3.630000114440918,3.640000104904175,0.5433177955127033
2024-06-14,CIFR,5.099999904632568,5.230000019073486,4.840000152587891,4.949999809265137,0.5991522998096026
2024-06-20,CIFR,5.3379998207092285,5.889999866485596,5.105000019073486,5.239999771118164,0.8889134180581636
2024-06-26,CIFR,4.329999923706055,4.550000190734863,4.179999828338623,4.210000038146973,0.5313261388243954
2024-06-28,CIFR,4.21999979019165,4.309999942779541,4.059999942779541,4.150000095367432,0.511539100983248
2024-07-08,CIFR,4.75,4.864999771118164,4.585000038146973,4.619999885559082,0.67430334283386
2024-07-09,CIFR,4.699999809265137,4.78000020980835,4.309999942779541,4.369999885559082,0.7030921217695912
2024-07-10,CIFR,4.460000038146973,4.5,4.315000057220459,4.429999828338623,0.578545208417948
2024-07-11,CIFR,4.610000133514404,4.715000152587891,4.340000152587891,4.360000133514404,0.7145770224607018
2024-07-18,CIFR,7.074999809265137,7.099999904632568,5.889999866485596,6.0,0.7679239964508985
2024-07-19,CIFR,6.090000152587891,6.389999866485596,5.901000022888184,6.190000057220459,0.5909651781238758
2024-07-22,CIFR,6.300000190734863,6.519999980926514,5.954999923706055,6.460000038146973,0.6084128199443408
2024-07-24,CIFR,6.25,6.309000015258789,5.690000057220459,5.71999979019165,0.8233674440079133
2024-07-26,CIFR,5.880000114440918,6.010000228881836,5.610000133514404,5.820000171661377,0.7054540836884089
2024-07-29,CIFR,6.03000020980835,6.179999828338623,5.460000038146973,5.570000171661377,0.6821772329087615
2024-08-06,CIFR,4.210000038146973,4.230000019073486,3.9049999713897705,3.9700000286102295,0.79576356957858
2024-08-07,CIFR,4.179999828338623,4.420000076293945,3.8499999046325684,3.880000114440918,0.868800112848035
2024-08-14,CIFR,4.0,4.119999885559082,3.6500000953674316,3.6500000953674316,0.665416263448909
2024-08-20,CIFR,4.130000114440918,4.209000110626221,3.869999885559082,3.950000047683716,0.6638427267488775
2024-08-22,CIFR,4.079999923706055,4.079999923706055,3.759999990463257,3.7899999618530273,0.5513140546502096
2024-08-29,CIFR,3.640000104904175,3.8399999141693115,3.555000066757202,3.5899999141693115,0.5603438483992254
2024-08-30,CIFR,3.609999895095825,3.6700000762939453,3.490000009536743,3.509999990463257,0.7007361497245927
2024-09-05,CIFR,2.990000009536743,3.049999952316284,2.864000082015991,2.890000104904175,0.5465035077667625
2024-09-06,CIFR,2.9700000286102295,2.9800000190734863,2.6549999713897705,2.700000047683716,0.7172156887393308
2024-09-10,CIFR,2.9800000190734863,3.119999885559082,2.8299999237060547,3.109999895095825,0.5582256746386307
2024-09-17,CIFR,3.130000114440918,3.140000104904175,2.9700000286102295,2.9800000190734863,0.553714880340559
2024-09-18,CIFR,3.0299999713897705,3.1449999809265137,2.8499999046325684,2.9000000953674316,0.5373592294504482
2024-09-19,CIFR,3.0999999046325684,3.109999895095825,2.9100000858306885,2.930000066757202,0.8163129473052534
2024-09-26,CIFR,4.010000228881836,4.230000019073486,3.809999942779541,4.139999866485596,0.7160345817590162
2024-10-15,CIFR,4.449999809265137,4.599999904632568,4.159999847412109,4.380000114440918,0.5279434867879493
2024-10-24,CIFR,5.269999980926514,5.590000152587891,5.25,5.585000038146973,0.5154707393909109
2024-10-29,CIFR,5.809999942779541,5.849999904632568,5.329999923706055,5.389999866485596,0.6478715425368681
2024-11-01,CIFR,5.090000152587891,5.320000171661377,4.869999885559082,5.25,0.6163105363645226
2024-11-13,CIFR,7.400000095367432,7.747000217437744,6.619999885559082,6.619999885559082,0.7317559727684383
2024-11-14,CIFR,6.730000019073486,7.025000095367432,6.329999923706055,6.420000076293945,0.5384461724320622
2024-11-15,CIFR,6.590000152587891,6.670000076293945,6.269999980926514,6.630000114440918,0.5683854333880626
2024-12-04,CIFR,6.340000152587891,6.914999961853027,6.21999979019165,6.849999904632568,0.5003208669076293
2024-12-05,CIFR,7.2230000495910645,7.534999847412109,6.863999843597412,6.889999866485596,0.5352548754800256
2024-12-10,CIFR,6.519999980926514,6.579999923706055,6.119999885559082,6.130000114440918,0.5311263238925047
2024-12-17,CIFR,7.460000038146973,7.559999942779541,7.079999923706055,7.230000019073486,0.6899042573010749
2024-12-19,CIFR,6.534999847412109,6.630000114440918,5.699999809265137,5.739999771118164,0.7227970024998264
2024-12-31,CIFR,4.839000225067139,4.869999885559082,4.510000228881836,4.639999866485596,0.7916967153933104
2025-01-06,CIFR,5.739999771118164,5.96999979019165,5.5,5.849999904632568,0.5358469054062419
2025-01-14,CIFR,5.099999904632568,5.244999885559082,4.880000114440918,4.949999809265137,0.6550706025089681
2025-01-15,CIFR,5.25,5.409999847412109,5.070000171661377,5.239999771118164,0.5637108333607793
2025-01-17,CIFR,5.5,5.710000038146973,5.349999904632568,5.429999828338623,0.5997726288516119
2025-01-28,CIFR,4.699999809265137,4.75,4.260000228881836,4.489999771118164,0.6355886295929879
2025-01-30,CIFR,4.599999904632568,4.875,4.59499979019165,4.699999809265137,0.518139363742775
2025-01-31,CIFR,5.599999904632568,6.289999961853027,5.5,5.730000019073486,0.7854216214227152
2025-02-05,CIFR,5.889999866485596,6.050000190734863,5.650000095367432,5.710000038146973,0.6081509832452812
2025-02-06,CIFR,5.809999942779541,6.369999885559082,5.710000038146973,5.889999866485596,0.6501259274050821
2025-02-10,CIFR,6.079999923706055,6.150000095367432,5.90500020980835,5.960000038146973,0.524354916653817
2025-02-21,CIFR,6.179999828338623,6.434999942779541,5.46999979019165,5.489999771118164,0.761499526514397
2025-02-24,CIFR,5.610000133514404,5.619999885559082,4.75,4.965000152587891,0.6826517219606272
2025-02-27,CIFR,4.5279998779296875,4.880000114440918,3.940000057220459,3.9700000286102295,0.9290041382607461
2025-03-03,CIFR,4.510000228881836,4.599999904632568,3.809999942779541,3.8499999046325684,0.858889450119855
2025-03-12,CIFR,3.3299999237060547,3.430000066757202,3.069999933242798,3.200000047683716,0.5588212552630695
2025-04-08,CIFR,2.380000114440918,2.3889999389648438,2.0899999141693115,2.109999895095825,0.9800020804728302
2025-04-14,CIFR,2.5199999809265137,2.5399999618530273,2.390000104904175,2.440000057220459,0.7119569260948896
2025-04-15,CIFR,2.4600000381469727,2.509999990463257,2.200000047683716,2.319999933242798,0.5014173943122961
2025-04-17,CIFR,2.3399999141693115,2.380000114440918,2.25,2.369999885559082,0.708312367361763
2025-04-23,CIFR,2.9200000762939453,2.990000009536743,2.809999942779541,2.859999895095825,0.8376928083752728
2025-05-12,CIFR,3.180000066757202,3.3299999237060547,3.0999999046325684,3.1500000953674316,0.7002992064834569
2025-05-22,CIFR,3.6500000953674316,3.700000047683716,3.5,3.569999933242798,0.537388573316646
2025-05-29,CIFR,3.390000104904175,3.4200000762939453,3.234999895095825,3.25,0.8102139235581064
2025-06-10,CIFR,4.199999809265137,4.204999923706055,3.9800000190734863,4.059999942779541,0.5463360894713932
2025-06-20,CIFR,3.9549999237060547,4.03000020980835,3.744999885559082,3.7899999618530273,0.6170665736206129
2025-07-08,CIFR,5.940000057220459,6.21999979019165,5.840000152587891,6.03000020980835,0.6487752929160299
2025-07-09,CIFR,6.139999866485596,6.380000114440918,5.980000019073486,6.260000228881836,0.6342423219377015
2025-07-11,CIFR,6.409999847412109,6.46999979019165,5.860000133514404,5.869999885559082,0.7587669511379659
2025-07-21,CIFR,6.414999961853027,6.840000152587891,6.21999979019165,6.25,0.5907488018661624
2025-07-28,CIFR,6.590000152587891,6.635000228881836,6.079999923706055,6.159999847412109,0.6929547896711464
2025-07-31,CIFR,5.610000133514404,5.739999771118164,5.420000076293945,5.460000038146973,0.7882944310779152
2025-08-08,CIFR,4.960000038146973,4.980000019073486,4.550000190734863,4.75,0.6237944097083885
2025-08-11,CIFR,4.934999942779541,5.099999904632568,4.739999771118164,4.760000228881836,0.5489495759999665
2025-08-13,CIFR,4.840000152587891,4.949999809265137,4.710000038146973,4.900000095367432,0.5426465726438596
2025-08-14,CIFR,4.989999771118164,5.329999923706055,4.909999847412109,5.320000171661377,0.5226315610189107
2025-08-28,CIFR,7.28000020980835,7.309999942779541,7.0,7.019999980926514,0.5852246995024447
2025-08-29,CIFR,7.25,8.710000038146973,6.949999809265137,7.639999866485596,0.5583105491709263
2025-09-03,CIFR,8.694999694824219,8.729999542236328,8.0,8.109999656677246,0.773209744282184
2025-09-05,CIFR,7.78000020980835,7.860000133514404,7.083000183105469,7.519999980926514,0.6001337253468292
2025-09-18,CIFR,12.640000343322754,12.6899995803833,11.420000076293945,11.850000381469727,0.7699521586259401
2025-09-23,CIFR,14.34000015258789,14.734000205993652,13.449999809265137,14.149999618530273,0.7247934963577358
2025-09-24,CIFR,14.805000305175781,15.539999961853027,13.869999885559082,14.140000343322754,0.6824843651124728
2025-09-30,CIFR,12.720000267028809,12.760000228881836,12.140000343322754,12.59000015258789,0.5502675136202609
2025-10-01,CIFR,12.880000114440918,13.699999809265137,12.40999984741211,12.600000381469727,0.5800350670047629
2025-10-10,CIFR,18.780000686645508,20.200000762939453,16.809999465942383,16.969999313354492,0.7361890093768666
2025-10-15,CIFR,21.510000228881836,22.0,19.75,21.030000686645508,0.7400796300885968
2025-10-20,CIFR,20.0,20.989999771118164,19.15999984741211,19.90999984741211,0.7753339295386755
2025-10-27,CIFR,20.90999984741211,21.110000610351562,19.649999618530273,20.540000915527344,0.6478193577710821
2025-10-31,CIFR,20.030000686645508,20.270000457763672,18.579999923706055,18.649999618530273,0.635566262740845
2025-11-03,CIFR,22.940000534057617,25.110000610351562,21.020000457763672,22.760000228881836,0.7097764091152714
2025-11-10,CIFR,21.868000030517578,22.1200008392334,19.549999237060547,19.649999618530273,0.6631783625179984
2025-11-19,CIFR,14.899999618530273,15.699999809265137,14.260000228881836,14.619999885559082,0.6599689910410066
2025-11-20,CIFR,16.799999237060547,17.55500030517578,14.300000190734863,14.5600004196167,0.9324980511099914
2025-12-17,CIFR,15.65999984741211,16.0,14.305000305175781,14.390000343322754,0.6598462255572255
2025-12-18,CIFR,15.399999618530273,15.979999542236328,14.829999923706055,15.149999618530273,0.660397281811151
2025-12-19,CIFR,15.529999732971191,16.5,15.420000076293945,16.209999084472656,0.5597112877876703
2025-12-22,CIFR,16.649999618530273,17.239999771118164,16.264999389648438,16.34000015258789,0.5918371079438189
2026-01-02,CIFR,14.970000267028809,16.434999465942383,14.779999732971191,16.200000762939453,0.5778779702091159
2026-01-05,CIFR,16.719999313354492,18.309999465942383,16.639999389648438,18.15999984741211,0.5116235539773493
2024-01-11,CRWD,284.0,287.760009765625,280.3500061035156,284.5199890136719,0.5159262300120201
2024-01-18,CRWD,281.6700134277344,284.4599914550781,279.1700134277344,283.1099853515625,0.5122043208687851
2024-01-22,CRWD,300.4800109863281,302.0,295.3699951171875,298.6600036621094,0.667130076744609
2024-01-24,CRWD,300.5799865722656,307.54998779296875,298.5400085449219,300.2799987792969,0.7238671488424655
2024-01-25,CRWD,305.6099853515625,306.29998779296875,290.7900085449219,293.4599914550781,0.7043605210289036
2024-02-15,CRWD,337.5,338.4530029296875,327.1130065917969,331.3800048828125,0.5011584923911083
2024-02-22,CRWD,304.92999267578125,313.6600036621094,297.0,310.9100036621094,0.5320183867209123
2024-03-06,CRWD,360.04998779296875,365.0,324.010009765625,329.57000732421875,0.547352030760056
2024-04-04,CRWD,324.29998779296875,325.989990234375,308.8800048828125,309.19000244140625,0.5199771703580824
2024-04-17,CRWD,304.0,304.79998779296875,291.7099914550781,293.69000244140625,0.5452892457616413
2024-04-24,CRWD,303.6000061035156,304.82000732421875,294.739990234375,297.6199951171875,0.6429975152277835
2024-05-23,CRWD,350.0,350.4100036621094,341.2749938964844,342.3500061035156,0.610406701838905
2024-06-03,CRWD,319.3699951171875,319.4800109863281,305.1099853515625,308.69000244140625,0.5293486347942151
2024-06-05,CRWD,334.6099853515625,342.5899963378906,316.3900146484375,342.17999267578125,0.5055392733227879
2024-06-28,CRWD,389.3299865722656,393.2900085449219,381.7820129394531,383.19000244140625,0.5237326518169426
2024-07-23,CRWD,269.0199890136719,277.0,258.7699890136719,268.8800048828125,0.5335055149220881
2024-07-26,CRWD,259.95001220703125,260.5400085449219,251.25999450683594,256.1600036621094,0.5989294890581511
2024-07-29,CRWD,259.510009765625,265.5,257.45001220703125,258.80999755859375,0.5717259307350558
2024-08-07,CRWD,238.3699951171875,243.5,230.10000610351562,230.6699981689453,0.5400954443769919
2024-08-09,CRWD,242.17999267578125,246.00999450683594,238.8000030517578,240.89999389648438,0.5610686115479178
2024-08-13,CRWD,242.0,248.97000122070312,240.0050048828125,248.11000061035156,0.5432787181038993
2024-08-14,CRWD,250.0,258.9599914550781,249.25599670410156,256.2200012207031,0.6026668355508682
2024-08-30,CRWD,277.7799987792969,284.1099853515625,273.3500061035156,277.2799987792969,0.5283617953135338
2024-09-09,CRWD,249.11500549316406,249.5,244.1699981689453,246.5800018310547,0.5468686916511405
2024-09-10,CRWD,248.75,250.3300018310547,243.5500030517578,247.74000549316406,0.5514419839199973
2024-09-19,CRWD,276.0,283.989990234375,273.75,277.3800048828125,0.5014611170601347
2024-10-17,CRWD,310.0,313.739990234375,306.239990234375,310.3399963378906,0.5003267120397715
2024-11-25,CRWD,375.0,377.4200134277344,360.7799987792969,363.67999267578125,0.5373221919573423
2024-12-19,CRWD,364.92999267578125,365.0,349.75,351.0299987792969,0.5211295638805539
2024-12-31,CRWD,351.8599853515625,351.8599853515625,339.7200012207031,342.1600036621094,0.5147392482980949
2025-01-02,CRWD,346.5199890136719,350.5,341.0369873046875,347.3399963378906,0.5366667325693361
2025-01-03,CRWD,349.2300109863281,359.69000244140625,348.0,359.0199890136719,0.5168406874887899
2025-01-14,CRWD,344.9949951171875,351.97198486328125,343.25,348.0400085449219,0.5366667325693361
2025-02-26,CRWD,384.69000244140625,401.70001220703125,381.74700927734375,394.55999755859375,0.568610301458518
2025-02-27,CRWD,401.6400146484375,406.5299987792969,380.0,380.239990234375,0.6724207032394178
2025-03-03,CRWD,399.0,404.6000061035156,378.3399963378906,382.7300109863281,0.5971416907561057
2025-03-12,CRWD,343.5899963378906,347.7300109863281,336.760009765625,346.760009765625,0.5755186556505059
2025-03-19,CRWD,366.2200012207031,381.260009765625,362.2560119628906,375.04998779296875,0.526011158194293
2025-04-01,CRWD,358.94000244140625,363.1700134277344,351.25,362.3800048828125,0.5091068324353992
2025-04-08,CRWD,342.7099914550781,351.05999755859375,318.3800048828125,325.0400085449219,0.9090152703284382
2025-04-15,CRWD,383.3999938964844,400.0199890136719,379.6700134277344,392.79998779296875,0.5380797140285039
2025-04-17,CRWD,383.79998779296875,384.94000244140625,373.10101318359375,375.6199951171875,0.5230083433352642
2025-04-23,CRWD,382.5,396.30499267578125,382.5,385.75,0.5907963331997401
2025-05-01,CRWD,431.510009765625,439.6300048828125,427.75,431.8800048828125,0.586538649758037
2025-05-08,CRWD,427.4849853515625,432.906005859375,424.7200012207031,428.6300048828125,0.5208893141803709
2025-05-27,CRWD,464.0,474.2300109863281,459.6000061035156,472.2200012207031,0.5164125879772551
2025-05-29,CRWD,472.0,472.489990234375,453.42498779296875,458.80999755859375,0.5296345389457869
2025-07-24,CRWD,463.9800109863281,468.5,460.1199951171875,462.0299987792969,0.5249135614992818
2025-07-28,CRWD,471.0,476.57000732421875,468.0,472.17999267578125,0.5349984683846422
2025-07-31,CRWD,465.760009765625,467.8999938964844,453.760009765625,454.57000732421875,0.6636631338252702
2025-08-04,CRWD,452.8999938964844,457.489990234375,448.0,454.8599853515625,0.5331165223875777
2025-08-06,CRWD,445.0,451.8999938964844,442.010009765625,451.69000244140625,0.5034425592281492
2025-08-08,CRWD,431.0,434.5,420.4200134277344,424.489990234375,0.52186005707215
2025-08-27,CRWD,421.6000061035156,427.4150085449219,419.9800109863281,422.6099853515625,0.5012494654706087
2025-10-03,CRWD,499.8399963378906,501.8699951171875,486.29998779296875,489.8800048828125,0.5133207893448335
2025-10-06,CRWD,495.510009765625,503.5,494.3800048828125,495.95001220703125,0.5220643902088553
2025-10-24,CRWD,528.7999877929688,535.52001953125,521.8699951171875,527.3200073242188,0.5179310085637733
2025-10-27,CRWD,532.5399780273438,534.3400268554688,525.239990234375,529.7000122070312,0.5029896711538347
2025-11-03,CRWD,549.3200073242188,555.8099975585938,545.0999755859375,551.9199829101562,0.5524723135320506
2025-11-20,CRWD,532.5599975585938,539.3200073242188,500.1300048828125,501.30999755859375,0.5265488023101447
2025-11-24,CRWD,498.1600036621094,509.19000244140625,494.0299987792969,506.82000732421875,0.5376480297767835
2025-12-15,CRWD,509.010009765625,509.010009765625,487.42999267578125,487.4700012207031,0.515577422723736
2026-01-02,CRWD,474.0,474.0,449.4549865722656,453.5799865722656,0.5274520135277149
2026-01-05,CRWD,458.6300048828125,466.489990234375,455.0050048828125,456.54998779296875,0.5224195130014179
2024-01-18,DDOG,128.2100067138672,128.63999938964844,123.91999816894531,126.91999816894531,0.5115242415478646
2024-01-22,DDOG,133.39999389648438,136.0749969482422,131.7899932861328,132.97999572753906,0.6601493724501062
2024-01-24,DDOG,130.4949951171875,130.4949951171875,122.22000122070312,122.58000183105469,0.6742020162154004
2024-01-25,DDOG,123.61000061035156,123.68900299072266,119.33999633789062,122.19000244140625,0.6590100579365618
2024-02-22,DDOG,130.1999969482422,132.52000427246094,129.75999450683594,131.1199951171875,0.5004934888962398
2024-03-06,DDOG,126.75,127.0,122.19000244140625,124.58999633789062,0.5369046875605388
2024-03-18,DDOG,121.52999877929688,122.8499984741211,120.55999755859375,120.87000274658203,0.5030623309184278
2024-03-20,DDOG,122.63999938964844,124.08000183105469,121.2300033569336,123.44000244140625,0.5007577209893609
2024-03-21,DDOG,125.01000213623047,127.45999908447266,122.37999725341797,122.86000061035156,0.5057932780046981
2024-03-26,DDOG,123.56999969482422,124.29000091552734,122.37000274658203,123.44999694824219,0.5667495615300352
2024-04-04,DDOG,122.58999633789062,125.55500030517578,120.55999755859375,120.72000122070312,0.5205419407074362
2024-04-11,DDOG,127.79000091552734,131.3300018310547,127.0,130.8000030517578,0.5079365393886486
2024-05-01,DDOG,127.0199966430664,129.6199951171875,123.38999938964844,126.41999816894531,0.5169089527371785
2024-05-08,DDOG,114.0999984741211,117.75,113.37000274658203,117.27999877929688,0.5054706444292529
2024-05-09,DDOG,118.11000061035156,118.31999969482422,115.75,115.87000274658203,0.5027675499868258
2024-05-23,DDOG,124.54000091552734,125.44000244140625,122.01000213623047,122.12000274658203,0.6116373979882989
2024-06-03,DDOG,111.0,111.43800354003906,108.29000091552734,109.33999633789062,0.5334159157113048
2024-06-05,DDOG,110.0,110.63999938964844,108.06800079345703,110.4800033569336,0.5124823975906153
2024-06-13,DDOG,120.41999816894531,121.2699966430664,118.81999969482422,119.54000091552734,0.6573876717258245
2024-06-28,DDOG,129.88999938964844,131.12899780273438,128.3000030517578,129.69000244140625,0.5185476159131055
2024-07-25,DDOG,118.2699966430664,121.98999786376953,116.51000213623047,120.30999755859375,0.554084491589187
2024-07-26,DDOG,121.43000030517578,121.45999908447266,117.5199966430664,118.30999755859375,0.5427332731809223
2024-07-29,DDOG,119.0,119.94999694824219,117.41000366210938,117.91999816894531,0.55468836471909
2024-08-07,DDOG,108.69999694824219,111.25,107.2699966430664,108.04000091552734,0.5422438011998899
2024-08-12,DDOG,113.05000305175781,113.19999694824219,110.0999984741211,112.16000366210938,0.5465104069673462
2024-08-30,DDOG,117.22000122070312,117.97000122070312,114.66000366210938,116.26000213623047,0.5008540218771476
2024-09-09,DDOG,108.2699966430664,109.0199966430664,106.73999786376953,107.69999694824219,0.5646872699330765
2024-09-10,DDOG,108.45999908447266,110.19999694824219,107.0199966430664,108.12000274658203,0.551298491545775
2024-10-04,DDOG,119.55000305175781,122.81999969482422,118.37000274658203,122.69000244140625,0.5082122115868329
2024-10-14,DDOG,131.27999877929688,131.27999877929688,128.5540008544922,129.1199951171875,0.5088837363683933
2024-10-17,DDOG,127.33000183105469,127.91000366210938,124.76000213623047,126.22000122070312,0.5003267120397715
2024-11-18,DDOG,126.91500091552734,127.56999969482422,124.81900024414062,125.97000122070312,0.5130965904995678
2024-11-25,DDOG,155.6999969482422,157.14999389648438,153.33999633789062,156.6300048828125,0.511914060483081
2024-12-11,DDOG,156.08999633789062,159.53500366210938,153.50999450683594,156.47999572753906,0.5190421424335059
2025-01-02,DDOG,145.0,145.72000122070312,141.63999938964844,143.6300048828125,0.5308165854211565
2025-01-03,DDOG,144.6300048828125,146.22999572753906,144.1300048828125,144.8300018310547,0.5371992504363095
2025-01-06,DDOG,147.19000244140625,147.63999938964844,144.8300018310547,146.0399932861328,0.5037763955183371
2025-01-14,DDOG,139.5,141.0500030517578,138.02000427246094,139.16000366210938,0.5658645137852064
2025-01-17,DDOG,139.4199981689453,140.86000061035156,137.9199981689453,138.39999389648438,0.5144931148467151
2025-01-22,DDOG,139.99000549316406,140.39999389648438,138.58999633789062,140.1199951171875,0.5099033780660375
2025-01-28,DDOG,143.39999389648438,153.4199981689453,143.39999389648438,151.88999938964844,0.5196578197679304
2025-01-31,DDOG,145.74000549316406,146.00999450683594,141.82000732421875,142.7100067138672,0.5187553831012823
2025-02-26,DDOG,115.83999633789062,117.62999725341797,112.8499984741211,113.37000274658203,0.5731728413693217
2025-02-27,DDOG,116.78500366210938,118.0,113.30999755859375,113.52999877929688,0.6934325802307262
2025-03-12,DDOG,104.41999816894531,104.70999908447266,101.05000305175781,102.02999877929688,0.5691347030092891
2025-04-08,DDOG,91.0,92.5,85.73999786376953,87.0,0.9178780574653398
2025-04-14,DDOG,94.0999984741211,95.87999725341797,90.5,91.87999725341797,0.5375710774619539
2025-04-23,DDOG,95.23999786376953,97.26000213623047,93.91999816894531,94.58000183105469,0.5715589159439022
2025-05-01,DDOG,106.66000366210938,106.80000305175781,103.5,106.31999969482422,0.5817200237450095
2025-05-08,DDOG,107.375,110.18000030517578,106.37999725341797,109.22000122070312,0.5000330201989867
2025-06-06,DDOG,122.63999938964844,123.1500015258789,121.54000091552734,122.16000366210938,0.5368679346036024
2025-07-24,DDOG,145.0,147.86000061035156,144.71499633789062,146.55999755859375,0.6138492686245551
2025-07-25,DDOG,147.46499633789062,150.39999389648438,146.55499267578125,149.83999633789062,0.5842468152735446
2025-07-28,DDOG,150.89999389648438,151.64999389648438,149.66000366210938,150.77000427246094,0.5244483205222235
2025-08-04,DDOG,137.1999969482422,139.13999938964844,136.14999389648438,139.1300048828125,0.5233490034743878
2025-08-07,DDOG,147.75,149.0,131.1999969482422,136.3800048828125,0.5048286274838124
2025-10-06,DDOG,153.11000061035156,159.67999267578125,153.00999450683594,157.36000061035156,0.5310006388856273
2025-10-27,DDOG,158.27499389648438,159.30999755859375,156.52999877929688,157.6199951171875,0.5038151184816821
2025-11-26,DDOG,159.92999267578125,161.72000122070312,157.05999755859375,158.39999389648438,0.5002182750345491
2025-12-08,DDOG,152.8350067138672,156.10000610351562,152.52000427246094,154.27999877929688,0.5263177445396287
2025-12-22,DDOG,142.17999267578125,143.41000366210938,140.6269989013672,141.83999633789062,0.5363313805717632
2026-01-02,DDOG,137.25,137.35000610351562,132.27000427246094,133.77000427246094,0.5274520135277149
2024-01-18,DOCN,34.90999984741211,35.119998931884766,33.56999969482422,34.4900016784668,0.5286403025161199
2024-01-22,DOCN,35.5099983215332,36.650001525878906,34.599998474121094,34.849998474121094,0.6798798922096433
2024-01-24,DOCN,34.650001525878906,34.95000076293945,32.58000183105469,32.650001525878906,0.6968520712662156
2024-01-25,DOCN,33.099998474121094,33.349998474121094,32.63999938964844,33.13999938964844,0.6827878580276862
2024-02-01,DOCN,34.040000915527344,34.900001525878906,33.65999984741211,34.63999938964844,0.5016810580774307
2024-02-22,DOCN,38.5,39.68000030517578,36.70000076293945,38.959999084472656,0.5214611034741661
2024-02-27,DOCN,36.54999923706055,38.43000030517578,36.349998474121094,37.540000915527344,0.5091085607099199
2024-03-06,DOCN,38.79999923706055,39.7400016784668,37.970001220703125,39.11000061035156,0.5231853033763423
2024-03-21,DOCN,40.0,41.13999938964844,39.810001373291016,39.83000183105469,0.504529852993855
2024-04-04,DOCN,37.13999938964844,38.06999969482422,36.599998474121094,36.77000045776367,0.5312457274069604
2024-04-08,DOCN,37.70000076293945,37.86000061035156,37.099998474121094,37.47999954223633,0.5024893461003328
2024-04-11,DOCN,36.279998779296875,37.11000061035156,36.040000915527344,36.47999954223633,0.5127800612733321
2024-04-17,DOCN,33.77000045776367,34.20000076293945,33.08000183105469,33.22999954223633,0.5594515974375541
2024-04-24,DOCN,33.02000045776367,33.41999816894531,32.56999969482422,33.02000045776367,0.6842984214975714
2024-04-29,DOCN,33.810001373291016,34.189998626708984,33.5099983215332,34.040000915527344,0.5075075686844386
2024-05-01,DOCN,35.68000030517578,36.59000015258789,34.834999084472656,35.529998779296875,0.5369354468353643
2024-05-03,DOCN,36.0,36.45000076293945,33.939998626708984,34.2400016784668,0.5062658304755278
2024-05-10,DOCN,33.810001373291016,35.97999954223633,33.5,35.90999984741211,0.5039558256134987
2024-05-23,DOCN,38.15999984741211,38.25,36.20100021362305,36.36000061035156,0.6111285296661251
2024-05-28,DOCN,36.650001525878906,37.41999816894531,36.150001525878906,37.33000183105469,0.5403568481101111
2024-06-20,DOCN,34.970001220703125,34.970001220703125,33.7400016784668,33.77000045776367,0.5466031561896095
2024-07-18,DOCN,34.310001373291016,34.439998626708984,32.81999969482422,33.380001068115234,0.5129201811568408
2024-07-26,DOCN,32.91999816894531,32.93000030517578,31.649999618530273,32.18000030517578,0.550163251869915
2024-07-29,DOCN,32.56999969482422,32.810001373291016,32.005001068115234,32.470001220703125,0.5553605862418357
2024-08-07,DOCN,28.639999389648438,29.059999465942383,27.610000610351562,27.700000762939453,0.5455677738951916
2024-08-09,DOCN,30.31999969482422,33.90999984741211,29.56999969482422,32.56999969482422,0.5676151464835093
2024-08-30,DOCN,37.79999923706055,37.970001220703125,36.9900016784668,37.43000030517578,0.511128884304526
2024-09-09,DOCN,36.91999816894531,39.400001525878906,36.779998779296875,38.880001068115234,0.5379175690448186
2024-10-04,DOCN,40.70000076293945,42.939998626708984,40.5,42.900001525878906,0.5497982408747436
2024-11-06,DOCN,36.95000076293945,38.84000015258789,36.584999084472656,38.81999969482422,0.5494616311396915
2024-11-07,DOCN,39.29999923706055,39.810001373291016,38.20000076293945,38.77000045776367,0.5008450793492537
2024-12-19,DOCN,35.720001220703125,36.005001068115234,34.58000183105469,35.45000076293945,0.5484529491066961
2024-12-31,DOCN,34.43000030517578,34.7599983215332,33.9900016784668,34.06999969482422,0.527480232915365
2025-01-02,DOCN,34.68000030517578,34.83000183105469,33.79999923706055,34.2599983215332,0.549336050061052
2025-01-03,DOCN,34.5,35.999000549316406,34.20000076293945,35.720001220703125,0.549336050061052
2025-01-06,DOCN,36.06999969482422,36.638999938964844,35.439998626708984,35.599998474121094,0.5103324379037117
2025-01-14,DOCN,33.79999923706055,34.220001220703125,32.9900016784668,33.560001373291016,0.5486621225298587
2025-01-15,DOCN,34.56999969482422,34.97999954223633,33.91999816894531,34.2400016784668,0.5007542984566656
2025-01-16,DOCN,35.849998474121094,37.0,35.11000061035156,35.27000045776367,0.5108623175843034
2025-01-17,DOCN,35.70000076293945,36.349998474121094,34.90999984741211,36.130001068115234,0.5097546941289074
2025-01-22,DOCN,37.5,38.724998474121094,37.23500061035156,38.27000045776367,0.5162549929337977
2025-01-28,DOCN,40.5,42.814998626708984,39.619998931884766,41.970001220703125,0.5191231857279286
2025-01-31,DOCN,42.060001373291016,42.650001525878906,40.861000061035156,41.47999954223633,0.5150996836803118
2025-02-04,DOCN,40.58000183105469,41.20500183105469,40.31999969482422,40.81999969482422,0.5024613705971989
2025-02-10,DOCN,45.45000076293945,46.15999984741211,45.02000045776367,45.93000030517578,0.5586054185443383
2025-02-25,DOCN,45.0,45.0,40.400001525878906,40.83000183105469,0.5999481188891683
2025-02-26,DOCN,41.40999984741211,44.0099983215332,39.720001220703125,43.939998626708984,0.5705274731409457
2025-03-03,DOCN,43.220001220703125,43.244998931884766,39.95000076293945,40.349998474121094,0.5875725727304572
2025-03-12,DOCN,37.2599983215332,37.849998474121094,35.880001068115234,36.099998474121094,0.5632655954448531
2025-04-08,DOCN,29.690000534057617,29.868000030517578,25.450000762939453,25.90999984741211,0.9132255799745467
2025-04-14,DOCN,28.649999618530273,28.690000534057617,27.014999389648438,27.59000015258789,0.5330176118612117
2025-04-22,DOCN,26.18000030517578,27.1299991607666,26.049999237060547,26.68000030517578,0.5103585018195257
2025-04-23,DOCN,28.489999771118164,29.889999389648438,27.920000076293945,28.25,0.604933588794726
2025-05-01,DOCN,31.639999389648438,32.15999984741211,31.360000610351562,31.479999542236328,0.5230726516150063
2025-05-08,DOCN,28.799999237060547,30.385000228881836,28.6200008392334,29.889999389648438,0.5314478773341502
2025-05-27,DOCN,28.90999984741211,29.065000534057617,28.200000762939453,28.81999969482422,0.5099491825119011
2025-05-29,DOCN,28.950000762939453,28.950000762939453,27.81999969482422,27.920000076293945,0.5401705103406791
2025-06-06,DOCN,28.5,28.8799991607666,28.020000457763672,28.6299991607666,0.5516647139197705
2025-06-16,DOCN,27.350000381469727,28.15999984741211,27.1299991607666,28.149999618530273,0.5264983473843067
2025-07-21,DOCN,29.709999084472656,30.3700008392334,28.969999313354492,29.139999389648438,0.5009946474830979
2025-07-28,DOCN,29.06999969482422,29.739999771118164,28.4950008392334,29.149999618530273,0.5245929949158425
2025-07-29,DOCN,29.420000076293945,29.729999542236328,28.239999771118164,28.459999084472656,0.7468631293984973
2025-07-31,DOCN,28.25,28.68000030517578,27.68400001525879,27.860000610351562,0.7008413126691556
2025-08-04,DOCN,26.25,27.1299991607666,26.200000762939453,27.010000228881836,0.5484529491066961
2025-08-05,DOCN,30.989999771118164,35.279998779296875,29.510000228881836,34.810001373291016,0.525172916610914
2025-08-06,DOCN,35.56999969482422,37.0,34.91999816894531,36.470001220703125,0.5479065972850524
2025-08-07,DOCN,37.29999923706055,37.400001525878906,33.45000076293945,34.33000183105469,0.5157794972947141
2025-10-06,DOCN,37.900001525878906,40.91999816894531,37.540000915527344,38.38999938964844,0.5222091291241748
2025-10-07,DOCN,39.0,39.59000015258789,37.7400016784668,38.290000915527344,0.5042541822496422
2025-10-09,DOCN,38.880001068115234,40.540000915527344,38.45000076293945,39.540000915527344,0.5377406538726276
2025-10-10,DOCN,39.79999923706055,40.400001525878906,37.090999603271484,37.290000915527344,0.5222329780353996
2025-10-16,DOCN,44.0,44.86000061035156,42.13999938964844,43.08000183105469,0.5000748487997544
2025-10-27,DOCN,40.0,40.95000076293945,39.709999084472656,40.380001068115234,0.5038151184816821
2025-10-31,DOCN,39.0,41.04999923706055,38.84000015258789,40.65999984741211,0.507720390412177
2025-11-03,DOCN,40.9900016784668,41.79999923706055,39.915000915527344,41.43000030517578,0.5632145085046265
2025-11-19,DOCN,44.29999923706055,45.93600082397461,43.869998931884766,44.09000015258789,0.5287281084077198
2025-11-20,DOCN,45.18000030517578,46.099998474121094,42.84000015258789,43.18000030517578,0.5323578289017958
2025-11-24,DOCN,44.34000015258789,45.70000076293945,44.119998931884766,45.150001525878906,0.5061200840920171
2025-12-22,DOCN,48.400001525878906,49.43000030517578,47.880001068115234,49.209999084472656,0.521001087122554
2026-01-02,DOCN,48.63999938964844,49.78900146484375,47.20000076293945,48.970001220703125,0.5122401494666556
2024-01-18,DUOL,205.1999969482422,207.19000244140625,196.00999450683594,199.80999755859375,0.5334159157113048
2024-01-22,DUOL,199.8000030517578,203.50999450683594,192.3300018310547,196.63999938964844,0.6857286368222064
2024-01-23,DUOL,199.0,199.0,190.10000610351562,192.5500030517578,0.5182441654155089
2024-01-24,DUOL,196.0,196.6699981689453,189.6199951171875,190.57000732421875,0.7003167922509623
2024-01-25,DUOL,193.0,193.0,187.22999572753906,191.97000122070312,0.6903071773916861
2024-02-01,DUOL,182.0,182.0800018310547,174.7100067138672,181.44000244140625,0.500806960187821
2024-02-22,DUOL,178.86000061035156,179.75999450683594,175.0,177.02999877929688,0.5126587268379558
2024-02-29,DUOL,240.61000061035156,240.77000427246094,221.9499969482422,239.0,0.5267604715182433
2024-03-06,DUOL,215.07000732421875,217.74000549316406,207.11000061035156,212.25999450683594,0.5402011915476304
2024-03-21,DUOL,237.39999389648438,245.5850067138672,235.38999938964844,235.6199951171875,0.504529852993855
2024-04-04,DUOL,221.42999267578125,225.8699951171875,214.56399536132812,216.17999267578125,0.521383343290685
2024-04-18,DUOL,208.8800048828125,217.7899932861328,204.94000244140625,205.05999755859375,0.5373947113414409
2024-04-24,DUOL,223.1999969482422,229.83999633789062,215.24000549316406,216.3800048828125,0.6552121022543193
2024-05-10,DUOL,202.2100067138672,205.25,186.91000366210938,188.1199951171875,0.5141166203272471
2024-05-23,DUOL,179.13999938964844,180.0,171.92999267578125,175.77999877929688,0.6314349774493118
2024-07-10,DUOL,189.1999969482422,190.4600067138672,184.8179931640625,188.10000610351562,0.5189361047474622
2024-07-11,DUOL,189.74000549316406,194.47500610351562,188.42999267578125,192.57000732421875,0.5439675321072956
2024-07-18,DUOL,182.11000061035156,183.09500122070312,175.0500030517578,178.57000732421875,0.5332609066024995
2024-07-26,DUOL,175.8800048828125,179.4499969482422,168.75,173.27999877929688,0.6198177329849782
2024-07-29,DUOL,174.9600067138672,175.27000427246094,169.67300415039062,169.9199981689453,0.5632484381457085
2024-08-07,DUOL,169.74000549316406,171.57000732421875,161.0850067138672,161.39999389648438,0.5372616988874332
2024-08-14,DUOL,193.5500030517578,197.69000244140625,192.7100067138672,197.07000732421875,0.5182650402494023
2024-08-30,DUOL,209.7100067138672,214.44000244140625,207.97000122070312,212.57000732421875,0.5610186906421459
2024-09-26,DUOL,292.0,293.7300109863281,277.5799865722656,277.9599914550781,0.6075736429314034
2024-10-04,DUOL,287.94000244140625,291.54998779296875,279.4599914550781,283.489990234375,0.556520948284839
2024-11-06,DUOL,310.0,319.44000244140625,304.0,318.8500061035156,0.5088924749554932
2024-12-19,DUOL,345.1600036621094,345.739990234375,332.8680114746094,335.2200012207031,0.5266997317449242
2025-01-02,DUOL,327.29998779296875,328.95001220703125,319.0400085449219,325.8800048828125,0.5380501501290212
2025-01-03,DUOL,328.3399963378906,341.9679870605469,326.5799865722656,340.05999755859375,0.5373434677797585
2025-01-14,DUOL,320.0,325.0,311.7799987792969,312.5199890136719,0.5452892457616413
2025-01-16,DUOL,327.6700134277344,355.7799987792969,327.3999938964844,341.79998779296875,0.5003774354925992
2025-01-17,DUOL,351.80999755859375,356.0,340.5400085449219,351.1300048828125,0.5095774123182005
2025-02-10,DUOL,398.0799865722656,403.6300048828125,394.0,401.45001220703125,0.5129911809250516
2025-02-24,DUOL,390.260009765625,397.29998779296875,372.010009765625,389.8999938964844,0.513810671372105
2025-02-26,DUOL,388.75,400.9129943847656,383.7799987792969,386.55999755859375,0.5498538769941417
2025-02-27,DUOL,391.32000732421875,412.8800048828125,372.8399963378906,375.7799987792969,0.6724207032394178
2025-03-12,DUOL,294.6600036621094,295.5,280.2200012207031,291.0199890136719,0.5852768757323733
2025-03-17,DUOL,286.7900085449219,301.8550109863281,285.0,294.17999267578125,0.5444617016657542
2025-04-08,DUOL,317.80999755859375,319.947998046875,288.7650146484375,293.2699890136719,0.9004156934540283
2025-04-17,DUOL,329.2699890136719,332.9100036621094,320.5400085449219,326.5,0.5230083433352642
2025-04-23,DUOL,364.45001220703125,378.5199890136719,362.135009765625,370.0,0.5747803314438897
2025-05-01,DUOL,396.17999267578125,406.0,390.0,400.0,0.5720611741516203
2025-05-08,DUOL,505.07000732421875,509.0050048828125,492.75,503.57000732421875,0.6020235265620011
2025-05-29,DUOL,530.469970703125,531.6900024414062,512.5399780273438,513.3900146484375,0.5259859671731438
2025-06-16,DUOL,482.57000732421875,489.0,471.7900085449219,474.8999938964844,0.5076217098916705
2025-06-24,DUOL,454.6499938964844,455.7550048828125,417.2799987792969,422.7900085449219,0.5361403345576135
2025-07-29,DUOL,342.5,342.75,331.2200012207031,333.7099914550781,0.7314714544479303
2025-08-04,DUOL,343.2900085449219,352.8699951171875,341.25201416015625,352.3599853515625,0.5275965972384921
2025-08-05,DUOL,354.6000061035156,356.4700012207031,338.5,340.30999755859375,0.5082748740239872
2025-08-06,DUOL,343.79998779296875,347.25,334.010009765625,343.6099853515625,0.5188740450360224
2025-08-07,DUOL,446.0,468.0,378.0,390.8399963378906,0.5293697312824562
2025-08-08,DUOL,404.5,415.760009765625,362.5799865722656,370.3399963378906,0.5506928716914159
2025-10-03,DUOL,315.54998779296875,330.3299865722656,315.3399963378906,322.6300048828125,0.5134657084700301
2025-10-10,DUOL,340.45001220703125,347.6000061035156,323.10699462890625,325.0,0.5364787356422676
2025-10-24,DUOL,318.0,322.0899963378906,311.1199951171875,312.0,0.508370559967695
2025-10-27,DUOL,317.3500061035156,318.8399963378906,305.1600036621094,306.7300109863281,0.5143991732189934
2025-10-31,DUOL,267.05499267578125,270.864990234375,259.7099914550781,270.6400146484375,0.5170601298151588
2025-11-03,DUOL,278.82000732421875,279.9800109863281,260.3999938964844,264.92999267578125,0.5938123482782564
2025-11-10,DUOL,202.7899932861328,203.77200317382812,190.10000610351562,192.8000030517578,0.5570932685494387
2025-11-20,DUOL,176.10000610351562,177.6300048828125,166.27000427246094,168.00999450683594,0.551473363265165
2025-11-24,DUOL,175.0,175.0,167.8800048828125,172.47000122070312,0.5253518822609013
2025-11-26,DUOL,178.25999450683594,191.97000122070312,177.82000732421875,188.42999267578125,0.5161375545075908
2025-11-28,DUOL,192.35000610351562,194.1999969482422,187.33299255371094,191.41000366210938,0.5019002864750678
2025-12-15,DUOL,197.75,197.75,185.5800018310547,185.97000122070312,0.5134901447749445
2025-12-19,DUOL,186.51600646972656,188.3000030517578,182.14700317382812,185.9600067138672,0.5109093286219811
2026-01-02,DUOL,176.72999572753906,179.4499969482422,174.00900268554688,176.47999572753906,0.5275965972384921
2026-01-06,DUOL,189.0,191.80999755859375,178.5500030517578,178.94000244140625,0.5100902080915191
2024-01-02,EOSE,1.1100000143051147,1.1399999856948853,1.0399999618530273,1.0499999523162842,0.8066296406511984
2024-01-04,EOSE,1.0,1.0199999809265137,0.9399999976158142,0.949999988079071,0.5789739118207079
2024-01-05,EOSE,0.9649999737739563,1.0099999904632568,0.921999990940094,0.9409999847412109,0.5735085016805987
2024-01-10,EOSE,0.9639999866485596,0.9639999866485596,0.9110000133514404,0.9259999990463257,0.6404013273950224
2024-01-12,EOSE,0.890999972820282,0.8980000019073486,0.7879999876022339,0.7889999747276306,0.5965097454716488
2024-01-16,EOSE,0.800000011920929,0.8100000023841858,0.7599999904632568,0.7720000147819519,0.6298541564188673
2024-01-18,EOSE,0.9200000166893005,0.949999988079071,0.8309999704360962,0.8880000114440918,0.7219633088911647
2024-01-24,EOSE,1.100000023841858,1.100000023841858,0.9700000286102295,0.9909999966621399,0.8609740078862512
2024-02-07,EOSE,1.2000000476837158,1.2300000190734863,1.1299999952316284,1.1399999856948853,0.7022558181431294
2024-02-09,EOSE,1.25,1.25,1.149999976158142,1.159999966621399,0.5099232368057955
2024-02-14,EOSE,1.0499999523162842,1.0499999523162842,0.9850000143051147,1.0199999809265137,0.5581052446550968
2024-02-21,EOSE,0.9800000190734863,0.9800000190734863,0.9210000038146973,0.9279999732971191,0.6351742325840081
2024-02-26,EOSE,0.9779999852180481,1.0199999809265137,0.949999988079071,0.9769999980926514,0.5683810985122715
2024-02-29,EOSE,1.0,1.0299999713897705,0.9399999976158142,0.9520000219345093,0.634994746244082
2024-03-04,EOSE,1.0499999523162842,1.0700000524520874,1.0,1.0099999904632568,0.5516464062444904
2024-03-05,EOSE,1.0399999618530273,1.2200000286102295,1.0299999713897705,1.0800000429153442,0.5575590117356489
2024-03-06,EOSE,1.100000023841858,1.1699999570846558,1.0700000524520874,1.1100000143051147,0.5069606583775441
2024-03-08,EOSE,1.100000023841858,1.159999966621399,1.0199999809265137,1.0399999618530273,0.5157779815286132
2024-03-11,EOSE,1.0499999523162842,1.100000023841858,0.9369999766349792,0.9559999704360962,0.6355557871119127
2024-03-12,EOSE,0.972000002861023,1.0199999809265137,0.9300000071525574,1.0,0.5565136222672655
2024-03-22,EOSE,1.059999942779541,1.059999942779541,0.9909999966621399,1.0,0.5146082008860196
2024-04-01,EOSE,1.0950000286102295,1.1200000047683716,0.9760000109672546,0.9940000176429749,0.6739051882005153
2024-04-05,EOSE,1.0,1.0099999904632568,0.9559999704360962,1.0099999904632568,0.5797228794695062
2024-04-11,EOSE,0.9200000166893005,0.9589999914169312,0.8999999761581421,0.9210000038146973,0.6031523821739395
2024-04-17,EOSE,0.8299999833106995,0.8410000205039978,0.7950000166893005,0.8240000009536743,0.5357155064870383
2024-04-18,EOSE,0.8399999737739563,0.8399999737739563,0.7609999775886536,0.7699999809265137,0.6946280975324356
2024-04-24,EOSE,0.7900000214576721,0.7900000214576721,0.7009999752044678,0.7599999904632568,0.6064792832036939
2024-05-03,EOSE,0.7310000061988831,0.7599999904632568,0.699999988079071,0.7440000176429749,0.5090076795733134
2024-05-06,EOSE,0.7599999904632568,0.777999997138977,0.7120000123977661,0.7300000190734863,0.5020930327986972
2024-05-13,EOSE,0.7379999756813049,0.753000020980835,0.7020000219345093,0.7200000286102295,0.5361632702485049
2024-05-16,EOSE,0.7400000095367432,0.7749999761581421,0.7020000219345093,0.7059999704360962,0.5249595323320035
2024-05-17,EOSE,0.7329999804496765,0.781000018119812,0.6909999847412109,0.7139999866485596,0.5814128849345985
2024-05-22,EOSE,0.7070000171661377,0.7490000128746033,0.6919999718666077,0.7279999852180481,0.5578019388083094
2024-05-24,EOSE,0.699999988079071,0.7200000286102295,0.6899999976158142,0.7089999914169312,0.5176665614369139
2024-06-03,EOSE,0.7310000061988831,0.7670000195503235,0.699999988079071,0.7369999885559082,0.5267414946924085
2024-06-18,EOSE,0.7900000214576721,0.8190000057220459,0.7599999904632568,0.7879999876022339,0.5251578744952616
2024-06-26,EOSE,1.340000033378601,1.4900000095367432,1.2799999713897705,1.2799999713897705,0.5903894871085688
2024-06-28,EOSE,1.3680000305175781,1.409999966621399,1.2699999809265137,1.2699999809265137,0.6536567863129482
2024-07-02,EOSE,1.5099999904632568,1.6200000047683716,1.399999976158142,1.5499999523162842,0.6911273009595147
2024-07-08,EOSE,2.0399999618530273,2.0799999237060547,1.840000033378601,1.940000057220459,0.782707062263921
2024-07-11,EOSE,2.125,2.2200000286102295,2.0799999237060547,2.119999885559082,0.8800481659159481
2024-07-15,EOSE,2.4000000953674316,2.4100000858306885,2.0299999713897705,2.059999942779541,0.7846729454303808
2024-07-22,EOSE,1.909999966621399,1.9500000476837158,1.7999999523162842,1.8700000047683716,0.6155022502947198
2024-08-01,EOSE,2.049999952316284,2.049999952316284,1.75,1.8200000524520874,0.6681491134112539
2024-08-12,EOSE,1.5800000429153442,1.7079999446868896,1.5399999618530273,1.6799999475479126,0.5328563140659719
2024-08-14,EOSE,1.809999942779541,1.8300000429153442,1.715000033378601,1.7999999523162842,0.6192154692948225
2024-08-16,EOSE,1.9049999713897705,2.0299999713897705,1.8799999952316284,1.9299999475479126,0.5367819658545075
2024-08-20,EOSE,1.9900000095367432,2.0199999809265137,1.8200000524520874,1.8899999856948853,0.6605116806573981
2024-09-19,EOSE,2.5299999713897705,2.5399999618530273,2.369999885559082,2.4000000953674316,0.6916149650073258
2024-09-26,EOSE,2.5,2.619999885559082,2.4609999656677246,2.5899999141693115,0.7179485538872725
2024-10-02,EOSE,2.9200000762939453,2.997999906539917,2.809999942779541,2.9600000381469727,0.5435570647022439
2024-10-09,EOSE,3.180000066757202,3.2300000190734863,2.9200000762939453,2.9700000286102295,0.5189684094806416
2024-10-16,EOSE,3.5199999809265137,3.6600000858306885,3.359999895095825,3.450000047683716,0.506876576364739
2024-10-24,EOSE,3.0899999141693115,3.2200000286102295,3.009999990463257,3.130000114440918,0.5667366900230767
2024-10-25,EOSE,3.1700000762939453,3.4049999713897705,3.0999999046325684,3.3399999141693115,0.5462031867950153
2024-10-29,EOSE,3.4749999046325684,3.5799999237060547,3.3499999046325684,3.450000047683716,0.6199169266241304
2024-11-01,EOSE,3.380000114440918,3.5,3.130000114440918,3.1500000953674316,0.7153238071293418
2024-11-05,EOSE,2.990000009536743,3.200000047683716,2.9200000762939453,3.180000066757202,0.5322381770599819
2024-11-08,EOSE,2.7799999713897705,2.799999952316284,2.5910000801086426,2.6700000762939453,0.5482464979786178
2024-11-18,EOSE,2.2100000381469727,2.2200000286102295,2.059999942779541,2.1500000953674316,0.5514037038324973
2024-11-25,EOSE,2.7300000190734863,2.8499999046325684,2.5899999141693115,2.7899999618530273,0.5017978306370343
2024-11-27,EOSE,2.7300000190734863,2.8499999046325684,2.640000104904175,2.700000047683716,0.5134016654301782
2024-12-02,EOSE,2.9700000286102295,2.9800000190734863,2.819999933242798,2.890000104904175,0.5612884956996553
2024-12-03,EOSE,3.299999952316284,3.444999933242798,2.9000000953674316,2.930000066757202,0.7534580484159906
2024-12-18,EOSE,4.329999923706055,4.599999904632568,4.0,4.039999961853027,0.7373293659385785
2024-12-19,EOSE,4.239999771118164,4.5,4.019999980926514,4.320000171661377,0.7059076852551937
2024-12-27,EOSE,5.300000190734863,5.420000076293945,5.065000057220459,5.170000076293945,0.796907268396345
2025-01-06,EOSE,5.789999961853027,6.010000228881836,5.480000019073486,5.519999980926514,0.665480813353185
2025-01-07,EOSE,5.559999942779541,5.699999809265137,5.355000019073486,5.389999866485596,0.5639415893601409
2025-01-14,EOSE,4.869999885559082,4.949999809265137,4.460000038146973,4.599999904632568,0.5421912966094213
2025-01-21,EOSE,6.079999923706055,6.139999866485596,5.099999904632568,5.739999771118164,0.5089417195066179
2025-01-28,EOSE,5.885000228881836,5.989999771118164,5.264999866485596,5.679999828338623,0.5424767405170173
2025-01-31,EOSE,5.860000133514404,6.198999881744385,5.730000019073486,5.739999771118164,0.5472894213416479
2025-02-05,EOSE,5.96999979019165,6.079999923706055,5.329999923706055,5.389999866485596,0.722125930177753
2025-02-06,EOSE,5.510000228881836,5.630000114440918,5.340000152587891,5.460000038146973,0.6238945913839603
2025-02-13,EOSE,5.005000114440918,5.28000020980835,4.909999847412109,5.230000019073486,0.5065967829513157
2025-02-19,EOSE,5.019999980926514,5.110000133514404,4.78000020980835,4.820000171661377,0.620611364641663
2025-02-21,EOSE,4.784999847412109,4.829999923706055,4.46999979019165,4.480000019073486,0.8097421660569397
2025-02-26,EOSE,4.119999885559082,4.46999979019165,4.099999904632568,4.28000020980835,0.6147877254063885
2025-02-27,EOSE,4.309999942779541,4.34499979019165,4.070000171661377,4.070000171661377,0.8868127921798334
2025-03-03,EOSE,4.449999809265137,4.480000019073486,3.9000000953674316,3.984999895095825,0.7242508595006112
2025-03-12,EOSE,4.119999885559082,4.176000118255615,4.0,4.110000133514404,0.7694804438539155
2025-03-24,EOSE,4.5,4.579999923706055,4.340000152587891,4.349999904632568,0.5410784121385585
2025-04-08,EOSE,3.7799999713897705,3.799999952316284,3.140000104904175,3.299999952316284,0.9810857389669211
2025-04-14,EOSE,4.320000171661377,4.420000076293945,4.110000133514404,4.21999979019165,0.6383994732838203
2025-04-17,EOSE,4.960000038146973,5.204999923706055,4.715000152587891,4.739999771118164,0.7762229989285501
2025-04-22,EOSE,4.679999828338623,4.895999908447266,4.610000133514404,4.650000095367432,0.5057857104383412
2025-04-23,EOSE,4.869999885559082,5.090000152587891,4.769999980926514,4.860000133514404,0.640663217538302
2025-04-28,EOSE,5.300000190734863,5.578999996185303,5.179999828338623,5.480000019073486,0.5027573942636696
2025-05-01,EOSE,5.329999923706055,5.375999927520752,5.119999885559082,5.139999866485596,0.5153557253515287
2025-05-12,EOSE,6.460000038146973,6.730000019073486,6.239999771118164,6.329999923706055,0.7132789384079125
2025-06-03,EOSE,4.179999828338623,4.179999828338623,3.809999942779541,3.859999895095825,0.5386716586801348
2025-06-09,EOSE,3.940000057220459,4.349999904632568,3.9200000762939453,4.179999828338623,0.5129980734207634
2025-06-10,EOSE,4.239999771118164,4.329999923706055,4.034999847412109,4.070000171661377,0.5602123355512106
2025-06-20,EOSE,4.789999961853027,4.864999771118164,4.480000019073486,4.489999771118164,0.6684115109883628
2025-06-25,EOSE,4.420000076293945,4.440000057220459,4.199999809265137,4.210000038146973,0.5578433180594384
2025-06-27,EOSE,4.590000152587891,4.599999904632568,4.28000020980835,4.409999847412109,0.6052419337647993
2025-07-07,EOSE,5.204999923706055,5.480000019073486,5.079999923706055,5.150000095367432,0.7850655532307421
2025-07-09,EOSE,4.840000152587891,4.861000061035156,4.559999942779541,4.659999847412109,0.6271119794972386
2025-07-28,EOSE,6.449999809265137,6.539999961853027,6.045000076293945,6.179999828338623,0.671412315661956
2025-07-29,EOSE,6.289999961853027,6.309999942779541,5.789999961853027,5.954999923706055,0.6830951494141355
2025-08-07,EOSE,6.565000057220459,6.909999847412109,6.510000228881836,6.559999942779541,0.5231590100441066
2025-08-08,EOSE,6.599999904632568,6.690000057220459,6.195000171661377,6.369999885559082,0.5765266068192905
2025-08-26,EOSE,6.34499979019165,6.940000057220459,6.309999942779541,6.920000076293945,0.5027799878245468
2025-08-28,EOSE,7.269000053405762,7.340000152587891,6.864999771118164,7.130000114440918,0.5350206087900239
2025-09-03,EOSE,7.670000076293945,8.085000038146973,7.550000190734863,7.619999885559082,0.6600771547000179
2025-09-05,EOSE,7.539999961853027,7.619999885559082,7.0,7.210000038146973,0.6585441822254234
2025-09-10,EOSE,7.050000190734863,7.369999885559082,6.800000190734863,6.869999885559082,0.5321904442449937
2025-09-22,EOSE,10.460000038146973,10.479999542236328,9.850000381469727,10.239999771118164,0.5489706264737014
2025-09-23,EOSE,10.300000190734863,10.604999542236328,9.930000305175781,10.15999984741211,0.5606034655763927
2025-09-24,EOSE,10.270000457763672,11.354999542236328,10.210000038146973,10.649999618530273,0.5028756538038316
2025-10-02,EOSE,12.954999923706055,13.126999855041504,12.180000305175781,12.359999656677246,0.6148376933644656
2025-10-03,EOSE,12.470000267028809,13.505000114440918,12.293000221252441,12.600000381469727,0.5337195893814023
2025-10-06,EOSE,14.4350004196167,15.1899995803833,13.550000190734863,13.859999656677246,0.5657031509914164
2025-10-07,EOSE,14.199999809265137,14.5600004196167,13.569999694824219,13.65999984741211,0.6913194606820424
2025-10-09,EOSE,15.050000190734863,15.09000015258789,14.380000114440918,14.640000343322754,0.5596026684642329
2025-10-15,EOSE,18.280000686645508,19.045000076293945,16.940000534057617,18.280000686645508,0.6676074546527573
2025-10-20,EOSE,16.198999404907227,16.198999404907227,14.59000015258789,15.010000228881836,0.6761777873501787
2025-10-21,EOSE,17.024999618530273,17.329999923706055,15.640000343322754,16.299999237060547,0.5479358158604264
2025-10-27,EOSE,16.239999771118164,16.950000762939453,15.234999656677246,15.380000114440918,0.6993364727848905
2025-10-31,EOSE,14.649999618530273,16.290000915527344,14.529999732971191,16.030000686645508,0.5359729919214644
2025-11-05,EOSE,14.399999618530273,15.380000114440918,13.890000343322754,14.859999656677246,0.5442840779292835
2025-11-06,EOSE,15.800000190734863,16.110000610351562,14.520000457763672,15.289999961853027,0.8402292736984456
2025-11-12,EOSE,19.05500030517578,19.649999618530273,16.040000915527344,17.270000457763672,0.6156686799426017
2025-11-20,EOSE,13.34000015258789,14.239999771118164,12.569999694824219,12.880000114440918,0.887992178522539
2025-11-21,EOSE,12.979999542236328,13.239999771118164,11.579999923706055,12.359999656677246,0.7959501476275344
2025-11-26,EOSE,13.5,14.359999656677246,13.319999694824219,14.210000038146973,0.5021048131775413
2025-12-08,EOSE,15.119999885559082,15.449999809265137,14.329999923706055,15.430000305175781,0.5604474057711503
2025-12-15,EOSE,15.09000015258789,15.100000381469727,13.510000228881836,13.630000114440918,0.6801795840526574
2025-12-17,EOSE,13.449999809265137,13.630000114440918,12.204999923706055,12.270000457763672,0.5667054543389904
2025-12-18,EOSE,12.699999809265137,13.15999984741211,12.220000267028809,12.3100004196167,0.518419195503515
2025-12-19,EOSE,12.449999809265137,13.289999961853027,12.449999809265137,13.069999694824219,0.5063331376320971
2025-12-22,EOSE,13.4350004196167,13.491999626159668,12.755000114440918,12.890000343322754,0.5478531905621539
2026-01-02,EOSE,11.6899995803833,13.119999885559082,11.630000114440918,12.970000267028809,0.5757802652873123
2026-01-05,EOSE,13.284000396728516,13.760000228881836,12.899999618530273,13.460000038146973,0.5085238579737311
2026-01-07,EOSE,14.329999923706055,15.039999961853027,13.829999923706055,13.979999542236328,0.504408716986438
2026-01-13,EOSE,16.584999084472656,17.760000228881836,16.200000762939453,16.81999969482422,0.5681325591159597
2024-01-04,FUBO,2.9600000381469727,3.0199999809265137,2.881999969482422,2.9700000286102295,0.537303632668715
2024-01-18,FUBO,2.609999895095825,2.6489999294281006,2.4200000762939453,2.5199999809265137,0.6931296669604937
2024-01-24,FUBO,2.880000114440918,2.9549999237060547,2.680000066757202,2.700000047683716,0.8660943226015035
2024-01-25,FUBO,2.740000009536743,2.8299999237060547,2.625,2.680000066757202,0.7819998940102626
2024-01-26,FUBO,2.7300000190734863,2.799999952316284,2.6700000762939453,2.6700000762939453,0.6050700196839095
2024-02-29,FUBO,2.130000114440918,2.1700000762939453,2.049999952316284,2.069999933242798,0.7506620624034471
2024-03-01,FUBO,2.3299999237060547,2.434999942779541,1.850000023841858,1.899999976158142,0.851293824207864
2024-03-04,FUBO,1.9500000476837158,1.9700000286102295,1.850000023841858,1.850000023841858,0.6616917246138259
2024-03-08,FUBO,1.690000057220459,1.7899999618530273,1.649999976158142,1.6799999475479126,0.5316478851456248
2024-03-12,FUBO,1.6299999952316284,1.6299999952316284,1.5099999904632568,1.5399999618530273,0.6594025384557881
2024-03-14,FUBO,1.6299999952316284,1.6399999856948853,1.5299999713897705,1.5499999523162842,0.6171285742458578
2024-03-21,FUBO,1.6399999856948853,1.659999966621399,1.559999942779541,1.590000033378601,0.8095382773755634
2024-03-25,FUBO,1.5199999809265137,1.5700000524520874,1.5,1.5399999618530273,0.5438840860308286
2024-03-26,FUBO,1.559999942779541,1.5800000429153442,1.4900000095367432,1.5,0.6543297225356708
2024-03-27,FUBO,1.5399999618530273,1.559999942779541,1.5099999904632568,1.559999942779541,0.5948227060296024
2024-04-01,FUBO,1.590000033378601,1.590000033378601,1.5099999904632568,1.5800000429153442,0.5191863908134063
2024-04-04,FUBO,1.600000023841858,1.6699999570846558,1.5499999523162842,1.559999942779541,0.5719223155739986
2024-04-11,FUBO,1.5299999713897705,1.5499999523162842,1.4600000381469727,1.4900000095367432,0.6052491951323201
2024-04-17,FUBO,1.4299999475479126,1.4800000190734863,1.3799999952316284,1.3899999856948853,0.617128171055759
2024-04-18,FUBO,1.399999976158142,1.4800000190734863,1.3600000143051147,1.399999976158142,0.6955070069563895
2024-04-29,FUBO,1.409999966621399,1.4600000381469727,1.3799999952316284,1.399999976158142,0.6591929770158982
2024-05-03,FUBO,1.6299999952316284,1.690000057220459,1.3600000143051147,1.3700000047683716,0.5902775737540029
2024-05-06,FUBO,1.4299999475479126,1.4600000381469727,1.3700000047683716,1.409999966621399,0.5442610685594008
2024-05-14,FUBO,1.559999942779541,1.6200000047683716,1.440000057220459,1.4600000381469727,0.5288533402929428
2024-05-15,FUBO,1.5,1.5,1.3600000143051147,1.3799999952316284,0.6025829710187741
2024-05-16,FUBO,1.409999966621399,1.440000057220459,1.3200000524520874,1.3300000429153442,0.5720191792476207
2024-05-17,FUBO,1.340000033378601,1.340000033378601,1.2899999618530273,1.3200000524520874,0.5232746004444294
2024-05-20,FUBO,1.340000033378601,1.3450000286102295,1.2899999618530273,1.2999999523162842,0.5622554873139751
2024-05-23,FUBO,1.25,1.2599999904632568,1.2000000476837158,1.2200000286102295,0.8543383368718298
2024-05-24,FUBO,1.2300000190734863,1.2799999713897705,1.215000033378601,1.25,0.5125218708932436
2024-06-03,FUBO,1.2699999809265137,1.2999999523162842,1.2400000095367432,1.2799999713897705,0.5409374594295342
2024-06-12,FUBO,1.2899999618530273,1.340000033378601,1.2300000190734863,1.25,0.6641853754051661
2024-06-14,FUBO,1.2100000381469727,1.2100000381469727,1.159999966621399,1.1799999475479126,0.5762362831396044
2024-07-17,FUBO,1.440000057220459,1.5800000429153442,1.4049999713897705,1.4500000476837158,0.6762414686144489
2024-07-22,FUBO,1.4500000476837158,1.4600000381469727,1.3300000429153442,1.4500000476837158,0.6239146339022061
2024-07-26,FUBO,1.4800000190734863,1.5,1.440000057220459,1.4800000190734863,0.616542553044201
2024-07-29,FUBO,1.4900000095367432,1.5099999904632568,1.4199999570846558,1.440000057220459,0.6417914727943619
2024-07-30,FUBO,1.4500000476837158,1.4600000381469727,1.399999976158142,1.4500000476837158,0.623356557876098
2024-08-06,FUBO,1.4500000476837158,1.5099999904632568,1.2300000190734863,1.3300000429153442,0.6414490792714277
2024-08-07,FUBO,1.340000033378601,1.3700000047683716,1.2400000095367432,1.2400000095367432,0.7839706046320848
2024-08-09,FUBO,1.2899999618530273,1.2899999618530273,1.2200000286102295,1.2599999904632568,0.6194924275886721
2024-08-14,FUBO,1.2899999618530273,1.350000023841858,1.25,1.2899999618530273,0.6242515375078996
2024-08-19,FUBO,1.7400000095367432,2.180000066757202,1.7300000190734863,1.7999999523162842,0.5027430761211555
2024-08-22,FUBO,2.049999952316284,2.109999895095825,1.9700000286102295,1.9800000190734863,0.5188030110194182
2024-08-26,FUBO,2.0899999141693115,2.0899999141693115,1.899999976158142,1.9600000381469727,0.5879829007279136
2024-09-04,FUBO,1.690000057220459,1.7699999809265137,1.6549999713897705,1.7300000190734863,0.5301832127485976
2024-09-10,FUBO,1.6799999475479126,1.7300000190734863,1.6100000143051147,1.7100000381469727,0.6224990214390249
2024-09-19,FUBO,1.6699999570846558,1.6799999475479126,1.5499999523162842,1.559999942779541,0.7049573861822518
2024-09-23,FUBO,1.4900000095367432,1.4900000095367432,1.3799999952316284,1.3799999952316284,0.5191898868928481
2024-09-24,FUBO,1.3899999856948853,1.440000057220459,1.3650000095367432,1.4299999475479126,0.5209681894531928
2024-09-26,FUBO,1.4199999570846558,1.440000057220459,1.3899999856948853,1.4199999570846558,0.7813593684544828
2024-10-04,FUBO,1.4900000095367432,1.5099999904632568,1.4299999475479126,1.5,0.6143290470806191
2024-10-24,FUBO,1.590000033378601,1.6699999570846558,1.559999942779541,1.600000023841858,0.5537869851527127
2024-10-29,FUBO,1.809999942779541,1.8270000219345093,1.7400000095367432,1.7899999618530273,0.5607503755537058
2024-10-31,FUBO,1.840000033378601,1.850000023841858,1.7200000286102295,1.7400000095367432,0.7482704095791977
2024-11-01,FUBO,1.75,1.75,1.5,1.5199999809265137,0.7779669585256619
2024-11-08,FUBO,1.4500000476837158,1.4700000286102295,1.3899999856948853,1.4199999570846558,0.5176257052893992
2024-11-13,FUBO,1.5499999523162842,1.6299999952316284,1.5299999713897705,1.5399999618530273,0.732083735814509
2024-11-14,FUBO,1.559999942779541,1.6299999952316284,1.5,1.5700000524520874,0.5447997564918863
2024-11-27,FUBO,1.4800000190734863,1.5299999713897705,1.4600000381469727,1.5,0.5384936123499614
2024-12-02,FUBO,1.6299999952316284,1.7999999523162842,1.6200000047683716,1.7000000476837158,0.5700290938883219
2024-12-19,FUBO,1.409999966621399,1.4199999570846558,1.309999942779541,1.3200000524520874,0.628062917127468
2025-01-07,FUBO,5.429999828338623,6.449999809265137,5.059999942779541,5.460000038146973,0.5849849551710447
2025-01-10,FUBO,5.699999809265137,5.989999771118164,4.989999771118164,5.110000133514404,0.6505569330540552
2025-01-15,FUBO,4.050000190734863,4.269999980926514,3.9100000858306885,3.930000066757202,0.6197856981143385
2025-01-16,FUBO,4.0,4.130000114440918,3.859999895095825,3.990000009536743,0.6655255765092141
2025-01-17,FUBO,4.070000171661377,4.300000190734863,3.7799999713897705,3.819999933242798,0.7450612799139058
2025-01-31,FUBO,4.150000095367432,4.269999980926514,3.9100000858306885,4.039999961853027,0.6258521155822439
2025-02-10,FUBO,4.010000228881836,4.079999923706055,3.809999942779541,3.8499999046325684,0.5630328282216954
2025-02-14,FUBO,3.930000066757202,4.079999923706055,3.869999885559082,4.059999942779541,0.5508449068832009
2025-02-21,FUBO,4.159999847412109,4.190000057220459,3.75,3.759999990463257,0.8347901159032131
2025-02-24,FUBO,3.819999933242798,4.289999961853027,3.7300000190734863,4.010000228881836,0.6008746424771192
2025-02-26,FUBO,3.859999895095825,3.9200000762939453,3.5,3.5999999046325684,0.623738293346488
2025-02-27,FUBO,3.6500000953674316,3.7899999618530273,3.450000047683716,3.5199999809265137,0.8824751108504624
2025-03-12,FUBO,3.1500000953674316,3.194999933242798,3.0399999618530273,3.0999999046325684,0.7333917265448624
2025-04-08,FUBO,2.880000114440918,2.890000104904175,2.5199999809265137,2.609999895095825,0.9508567610908145
2025-04-14,FUBO,2.940000057220459,2.9800000190734863,2.859999895095825,2.880000114440918,0.6316208596268229
2025-04-23,FUBO,3.049999952316284,3.1050000190734863,2.819999933242798,2.9200000762939453,0.6934821904249001
2025-05-01,FUBO,3.0799999237060547,3.0799999237060547,2.9000000953674316,2.930000066757202,0.585183960189554
2025-05-08,FUBO,2.630000114440918,2.7300000190734863,2.5950000286102295,2.700000047683716,0.5727073526191941
2025-05-09,FUBO,2.7300000190734863,2.869999885559082,2.6700000762939453,2.690000057220459,0.5929232828647885
2025-05-12,FUBO,2.8499999046325684,2.930000066757202,2.809999942779541,2.8399999141693115,0.8883402698149335
2025-05-29,FUBO,3.8399999141693115,3.9100000858306885,3.609999895095825,3.619999885559082,0.8455751068485247
2025-06-09,FUBO,3.4600000381469727,3.494999885559082,3.3399999141693115,3.3399999141693115,0.504000396326931
2025-06-10,FUBO,3.380000114440918,3.4000000953674316,3.2699999809265137,3.2799999713897705,0.5043350567806513
2025-06-11,FUBO,3.299999952316284,3.4200000762939453,3.2699999809265137,3.369999885559082,0.5257717035918358
2025-06-20,FUBO,3.190000057220459,3.234999895095825,3.0799999237060547,3.119999885559082,0.6586516504549499
2025-06-25,FUBO,3.4800000190734863,3.549999952316284,3.359999895095825,3.380000114440918,0.5417480988646293
2025-06-27,FUBO,3.4700000286102295,3.630000114440918,3.430000066757202,3.5299999713897705,0.5391410601151226
2025-07-08,FUBO,3.700000047683716,3.759999990463257,3.5899999141693115,3.609999895095825,0.64332759884285
2025-07-15,FUBO,3.4600000381469727,3.4700000286102295,3.3510000705718994,3.4000000953674316,0.5660740957736878
2025-07-21,FUBO,3.4000000953674316,3.4800000190734863,3.309999942779541,3.319999933242798,0.5696224788709211
2025-07-29,FUBO,3.809999942779541,4.199999809265137,3.5,3.5399999618530273,0.7001913440505894
2025-07-30,FUBO,3.984999895095825,4.349999904632568,3.859999895095825,4.159999847412109,0.525642833900837
2025-07-31,FUBO,4.400000095367432,4.400000095367432,3.930000066757202,3.9800000190734863,0.7304701989493755
2025-08-04,FUBO,3.859999895095825,4.070000171661377,3.819999933242798,3.9600000381469727,0.5034446037661475
2025-08-05,FUBO,4.0,4.090000152587891,3.859999895095825,3.9200000762939453,0.6125202604673357
2025-08-07,FUBO,3.799999952316284,3.869999885559082,3.619999885559082,3.700000047683716,0.5327050220140681
2025-08-13,FUBO,3.6600000858306885,3.869999885559082,3.619999885559082,3.759999990463257,0.5170265344460321
2025-08-19,FUBO,3.799999952316284,3.799999952316284,3.4700000286102295,3.4800000190734863,0.6372625231127211
2025-08-28,FUBO,3.450000047683716,3.515000104904175,3.4000000953674316,3.4800000190734863,0.5108440590455929
2025-08-29,FUBO,3.549999952316284,3.809999942779541,3.5199999809265137,3.5299999713897705,0.5858263205575743
2025-09-03,FUBO,3.799999952316284,3.809999942779541,3.625,3.7100000381469727,0.7087815323055576
2025-09-10,FUBO,4.119999885559082,4.159999847412109,3.9200000762939453,3.930000066757202,0.5308344529697845
2025-09-11,FUBO,3.950000047683716,4.170000076293945,3.9000000953674316,4.159999847412109,0.5059051819741034
2025-10-02,FUBO,3.940000057220459,4.010000228881836,3.75,3.950000047683716,0.5140230374487799
2025-10-07,FUBO,3.940000057220459,4.03000020980835,3.809999942779541,3.869999885559082,0.5085608694233964
2025-10-08,FUBO,3.9000000953674316,3.9200000762939453,3.759999990463257,3.880000114440918,0.5565694704278308
2025-10-15,FUBO,3.9100000858306885,3.9600000381469727,3.809999942779541,3.869999885559082,0.5404456343664915
2025-10-20,FUBO,3.700000047683716,3.740000009536743,3.630000114440918,3.6500000953674316,0.6873996744714646
2025-10-27,FUBO,3.6700000762939453,3.680000066757202,3.5199999809265137,3.5799999237060547,0.5969724285280943
2025-10-29,FUBO,4.300000190734863,4.389999866485596,3.6600000858306885,3.690000057220459,0.7012143971214329
2025-11-03,FUBO,3.930000066757202,4.050000190734863,3.2249999046325684,3.4600000381469727,0.6198401485801677
2025-11-10,FUBO,3.930000066757202,4.019999980926514,3.8499999046325684,3.940000057220459,0.6225137553274299
2025-11-12,FUBO,3.890000104904175,3.950000047683716,3.799999952316284,3.930000066757202,0.5564520913870035
2025-11-20,FUBO,3.509999990463257,3.5199999809265137,3.2200000286102295,3.240000009536743,0.8939015219733055
2025-12-12,FUBO,2.759999990463257,2.799999952316284,2.6600000858306885,2.6600000858306885,0.6561206246826742
2025-12-22,FUBO,2.75,2.7899999618530273,2.619999885559082,2.6500000953674316,0.5319137357013504
2026-01-02,FUBO,2.5399999618530273,2.609999895095825,2.490000009536743,2.5899999141693115,0.5497288183286088
2024-01-25,GLD,187.33999633789062,187.63999938964844,186.4600067138672,187.13999938964844,0.7254663124404944
2024-02-29,GLD,189.63999938964844,189.9199981689453,189.22999572753906,189.30999755859375,0.5130836514982808
2024-03-01,GLD,190.27000427246094,193.39999389648438,189.44000244140625,192.88999938964844,0.5223036263945187
2024-03-21,GLD,203.8800048828125,203.9199981689453,200.60000610351562,201.97000122070312,0.708493479536866
2024-04-09,GLD,217.80999755859375,218.86000061035156,216.4499969482422,217.6699981689453,0.5261295418350275
2024-04-11,GLD,216.85000610351562,219.83999633789062,215.88999938964844,219.8000030517578,0.6528745637116363
2024-04-12,GLD,221.8699951171875,225.08999633789062,216.02000427246094,216.88999938964844,0.6733781658324265
2024-04-18,GLD,221.30999755859375,221.4600067138672,219.30999755859375,220.33999633789062,0.6506290465711734
2024-05-31,GLD,217.77000427246094,217.9600067138672,214.64999389648438,215.3000030517578,0.592007039532007
2024-06-12,GLD,216.47000122070312,216.5500030517578,214.1999969482422,214.72000122070312,0.722496221988767
2024-07-10,GLD,220.13999938964844,220.7100067138672,219.16000366210938,219.36000061035156,0.6480774135338948
2024-07-11,GLD,222.64999389648438,224.14999389648438,221.47999572753906,223.25,0.5990428566717166
2024-07-26,GLD,219.9600067138672,221.0399932861328,219.6999969482422,220.6300048828125,0.5415758105694639
2024-08-02,GLD,227.9499969482422,228.75999450683594,222.8699951171875,225.33999633789062,0.5202025512681396
2024-08-07,GLD,221.94000244140625,222.30999755859375,220.35000610351562,220.5500030517578,0.8242030047840299
2024-08-26,GLD,233.4499969482422,233.5,232.05999755859375,232.75999450683594,0.5134768529802348
2024-09-19,GLD,238.24000549316406,239.52000427246094,237.38999938964844,239.1699981689453,0.6532817679655686
2024-10-24,GLD,253.27000427246094,253.32000732421875,251.39999389648438,252.8000030517578,0.5553250248918221
2024-11-13,GLD,241.30999755859375,241.47000122070312,237.58999633789062,237.6300048828125,0.7520154061906926
2024-11-21,GLD,246.22999572753906,246.80999755859375,245.69000244140625,246.66000366210938,0.5190220782839257
2025-01-07,GLD,245.52000427246094,245.77000427246094,243.80999755859375,244.55999755859375,0.549510104640816
2025-01-10,GLD,248.00999450683594,249.0399932861328,247.5500030517578,248.2100067138672,0.5244030090467209
2025-03-03,GLD,265.07000732421875,266.8800048828125,265.07000732421875,266.739990234375,0.6291001702526617
2025-03-18,GLD,279.8999938964844,280.2099914550781,278.9700012207031,279.9599914550781,0.5231552502115918
2025-03-27,GLD,280.54998779296875,282.07000732421875,279.5899963378906,281.9700012207031,0.536404544129642
2025-03-28,GLD,283.82000732421875,284.6400146484375,282.8599853515625,284.05999755859375,0.548380503112363
2025-04-08,GLD,277.8699951171875,278.32000732421875,274.239990234375,275.20001220703125,0.9253397507787745
2025-04-10,GLD,288.80999755859375,292.8599853515625,287.2300109863281,292.3500061035156,0.815003062664131
2025-04-16,GLD,304.6499938964844,308.05999755859375,303.79998779296875,307.4700012207031,0.6485619629193541
2025-04-21,GLD,315.0199890136719,316.4100036621094,313.95001220703125,315.5899963378906,0.5515139937439172
2025-04-22,GLD,317.489990234375,317.6300048828125,310.3599853515625,311.1099853515625,0.5986405774350546
2025-05-05,GLD,305.9200134277344,307.6499938964844,304.67999267578125,306.8800048828125,0.6166336987311626
2025-05-19,GLD,297.8500061035156,298.5799865722656,296.4800109863281,298.0299987792969,0.5088334422372152
2025-05-29,GLD,305.739990234375,306.8900146484375,304.4599914550781,305.6099853515625,0.7442392483250867
2025-07-11,GLD,308.8599853515625,310.2799987792969,308.5199890136719,309.1400146484375,0.5853704499751998
2025-07-31,GLD,304.5899963378906,304.6099853515625,302.8599853515625,302.9599914550781,0.7084809887841362
2025-08-01,GLD,308.6099853515625,309.54998779296875,307.45001220703125,309.1099853515625,0.5287724915600587
2025-09-03,GLD,327.760009765625,329.45001220703125,326.7300109863281,328.1400146484375,0.7279641587136595
2025-09-05,GLD,329.5299987792969,331.44000244140625,328.92999267578125,331.04998779296875,0.6466479616745446
2025-09-08,GLD,333.6600036621094,335.6700134277344,333.2300109863281,334.82000732421875,0.5771293555741519
2025-10-07,GLD,366.510009765625,367.2699890136719,364.54998779296875,366.260009765625,0.5365952347676518
2025-10-10,GLD,367.5400085449219,370.30999755859375,365.44000244140625,369.1199951171875,0.7275175543194965
2025-10-15,GLD,385.92999267578125,387.760009765625,384.5899963378906,387.3900146484375,0.5948637052399258
2025-10-16,GLD,391.1499938964844,396.8699951171875,390.3999938964844,396.45001220703125,0.6282003235611956
2025-10-20,GLD,397.45001220703125,403.29998779296875,394.20001220703125,403.1499938964844,0.5217252074995584
2025-11-07,GLD,367.94000244140625,370.4200134277344,366.4200134277344,368.30999755859375,0.531408054851731
2025-12-15,GLD,397.760009765625,398.7099914550781,394.07000732421875,395.79998779296875,0.6178068077242473
2025-12-30,GLD,403.6000061035156,403.79998779296875,398.55999755859375,398.8900146484375,0.5116813462360872
2024-01-24,GLW,29.095996226547218,29.248530790332477,28.895793475106924,28.95299530029297,0.6666220290222757
2024-01-25,GLW,29.17226349163871,29.62033354520542,29.086462572264487,29.38199806213379,0.6510761435585816
2024-03-06,GLW,31.4650208013773,31.888143216581113,31.4073207895106,31.55156898498535,0.540057102517349
2024-03-21,GLW,31.59964655817558,32.06123559046476,31.561179888388928,31.859291076660156,0.5100690201148373
2024-03-27,GLW,31.25345382015586,31.77274285634896,31.138057479351904,31.753509521484375,0.5047322256467245
2024-04-04,GLW,31.70542993255293,31.724663268578617,31.032277845188915,31.128440856933594,0.5198323770091151
2024-04-15,GLW,30.609149995282255,30.8110963312302,30.06101282286758,30.089862823486328,0.5240581284076731
2024-06-17,GLW,37.20904381726418,37.935782925442105,36.73423930684465,37.548187255859375,0.5037639674062014
2024-07-08,GLW,39.63151171146917,42.228393362295286,39.55399109078224,41.71482849121094,0.5222331544086435
2024-07-09,GLW,42.19931751272197,43.65279575331896,42.19931751272197,43.28458023071289,0.5094221648273008
2024-07-12,GLW,44.07915842945302,44.69930864818604,43.81753186285249,44.20512390136719,0.5011584923911083
2024-07-26,GLW,41.90862228442063,41.90862228442063,41.29816039303513,41.521026611328125,0.5327383505100873
2024-08-01,GLW,38.98228937033469,39.205155609770955,38.236170031498496,38.79818344116211,0.5315790853998773
2024-08-30,GLW,40.86407924397991,40.8933433287799,40.08367263871163,40.82505798339844,0.507265929729587
2024-09-06,GLW,40.65921796936218,41.11770841894266,39.35203567847616,39.64468765258789,0.5160843657754565
2024-10-17,GLW,45.35141981665516,45.409947981196396,44.92219342990262,45.38068389892578,0.5003267120397715
2024-12-11,GLW,47.77208472835147,47.77208472835147,46.69260198436343,46.741668701171875,0.5161101216639574
2024-12-19,GLW,45.97621056666907,46.62390091772319,45.8191948374302,46.18229675292969,0.5297270475615855
2025-01-03,GLW,46.172482049013,46.64352924575735,45.8878898644538,46.61408996582031,0.5665330483274377
2025-01-14,GLW,46.02528099657924,46.663155758433156,45.98602612840507,46.54539489746094,0.5507784602678263
2025-01-22,GLW,51.079226694905216,53.31670548588811,51.04978741592854,53.00267028808594,0.5195767831905802
2025-01-28,GLW,48.93988902850711,51.020352260510904,48.144998483490575,50.2745246887207,0.5121476897284803
2025-01-31,GLW,49.48944526105141,51.47177128676697,49.302990242624126,51.108673095703125,0.5180758437238893
2025-02-26,GLW,49.401117531893895,49.92123139578826,48.84174880261694,49.0772705078125,0.5582898552417244
2025-03-03,GLW,49.81334384338004,49.94164972264655,47.3261307216858,47.62222671508789,0.6170185783864698
2025-03-12,GLW,45.30280551007999,45.64825022194984,44.296076080404326,44.80931091308594,0.5533219757648923
2025-03-19,GLW,47.335996926481954,48.77700012695197,46.95107177506124,48.125587463378906,0.5453369961822155
2025-04-08,GLW,40.21981129127015,41.31536994357774,38.058306223923495,38.67023849487305,0.9153605567469991
2025-04-14,GLW,42.05561182214908,42.05561182214908,40.83174351655361,41.06862258911133,0.5559166677214389
2025-04-17,GLW,41.098227377015625,41.493024540865036,40.762650917263066,40.97978973388672,0.534269476934597
2025-04-23,GLW,42.82546047258671,43.85193013670005,42.18391975631461,42.410926818847656,0.5483673847147389
2025-05-01,GLW,44.08880683415722,44.700742863957764,44.019717889674105,44.1973762512207,0.5378686044408274
2025-05-29,GLW,49.43828813261091,49.536985544496716,48.816483895548544,49.30997848510742,0.5288118732402795
2025-06-06,GLW,50.92784317942735,51.156129679229494,50.32238586912,50.33230972290039,0.5266579786817136
2025-07-29,GLW,58.43153430257024,62.51092356712944,57.49853679964067,61.51837158203125,0.7125285121070666
2025-07-31,GLW,62.61017759086873,63.43399372428272,61.895538989325885,62.768985748291016,0.7289827134342066
2025-08-04,GLW,62.51092056759528,63.06675101564193,62.183380397098,63.01712417602539,0.5821253688086454
2025-08-06,GLW,63.42406918979589,63.71191015524659,62.679655249945164,63.50347137451172,0.538301293842203
2025-08-07,GLW,65.99478259139185,66.00471023204739,63.74169280713142,64.27767181396484,0.5734502796052299
2025-09-18,GLW,77.1866910056295,79.37921625076923,76.92758039939258,79.34931945800781,0.5279203996041764
2025-10-02,GLW,83.51510324283299,84.06322881334621,81.63152939549207,82.23944854736328,0.5038447987879999
2025-10-06,GLW,83.82405161490252,85.8072840775787,83.52506848432719,85.04986572265625,0.5825920120048671
2025-10-27,GLW,88.32868005726347,89.46480376790535,87.8503161809178,89.06616973876953,0.5029896711538347
2025-11-03,GLW,89.35518247743536,89.58439627805858,86.89357863201094,87.20252227783203,0.5524723135320506
2025-11-20,GLW,84.25,84.58999633789062,77.48999786376953,78.02999877929688,0.5453993638792035
2025-11-21,GLW,78.55999755859375,80.05999755859375,77.38999938964844,79.45999908447266,0.541028744768797
2025-11-24,GLW,80.05000305175781,82.75,80.0199966430664,82.5999984741211,0.5167323625399319
2025-12-15,GLW,89.22000122070312,91.05999755859375,87.94999694824219,88.11000061035156,0.5344197026980642
2025-12-22,GLW,89.80000305175781,89.9800033569336,87.7300033569336,88.4000015258789,0.521001087122554
2026-01-02,GLW,88.91000366210938,90.72000122070312,88.13999938964844,90.66999816894531,0.5063652723858558
2024-01-11,GOOG,143.8163351688196,145.56819504189795,141.15627852084506,142.60044860839844,0.5874344180294818
2024-01-24,GOOG,149.17119260178288,150.4416778578756,148.72454555650256,149.2307586669922,0.7538390225742172
2024-01-25,GOOG,150.61041176967234,153.60791916668836,150.0942785499404,152.4962615966797,0.634084519000669
2024-02-01,GOOG,142.62032911698014,143.54339863638106,141.20096660878144,141.6476287841797,0.5493514130874703
2024-02-06,GOOG,144.87343857858662,145.6476308233524,143.44415592818876,144.32752990722656,0.5368048301913493
2024-02-22,GOOG,145.03220673282843,145.11161299130265,142.9379139943057,144.23817443847656,0.5805569233321612
2024-02-29,GOOG,137.32006326598392,138.9081430226155,136.545871166272,138.73941040039062,0.5074059450956938
2024-04-15,GOOG,159.0868054595389,159.63271405177463,154.98754611125517,155.1662139892578,0.5144579171690686
2024-04-17,GOOG,156.01981749893014,157.49971523593211,154.97266346333592,155.71212768554688,0.6371651625040233
2024-04-26,GOOG,174.67988432899114,175.1066760133104,170.12404212346385,172.39700317382812,0.5344498780928489
2024-06-12,GOOG,178.61491956248847,180.9302079610102,176.65735845220254,178.42611694335938,0.5194753480866542
2024-07-09,GOOG,190.53912131842858,191.6421124055697,189.02871569404806,189.23739624023438,0.7420060295340782
2024-07-18,GOOG,182.3809532461557,182.88774234184083,177.08462510298332,178.08824157714844,0.5377412236062611
2024-07-22,GOOG,181.19849926480467,183.13618234002132,180.7513288023117,182.1921844482422,0.5676705865964884
2024-07-29,GOOG,169.42330521607508,171.0728260788631,168.6482320708963,170.04933166503906,0.663838543225997
2024-08-07,GOOG,162.20917537275696,163.7493752825507,159.22811981197012,159.73489379882812,0.7908632761210094
2024-08-22,GOOG,167.97253171361726,168.35013692400975,163.9878597056695,164.44496154785156,0.5450454997162039
2024-08-30,GOOG,163.18297313639766,164.23627694740046,162.37809060770428,164.06735229492188,0.5157704847104291
2024-09-10,GOOG,150.69171904726548,151.5374693511312,148.79426929811413,149.25892639160156,0.659439983021513
2024-09-17,GOOG,159.28845740813813,160.78094720498908,158.61186932111355,159.47750854492188,0.5267395064702295
2024-09-19,GOOG,163.9947900867692,164.16393711256978,161.70829153371122,162.42269897460938,0.6091293564135982
2024-09-26,GOOG,164.2037392619377,164.67138731664284,162.68140076296737,163.00975036621094,0.6663389198839378
2024-10-30,GOOG,181.4967298616468,182.86981027924938,174.8650910747521,175.25811767578125,0.6453330995029329
2024-11-06,GOOG,174.4720433903764,177.74556395719833,174.1635827810619,177.43711853027344,0.5422329785259229
2024-12-19,GOOG,192.53045879108183,193.8453471258527,188.78504554591882,188.96434020996094,0.6247034629328017
2025-02-24,GOOG,183.08722953293318,184.37222024540685,180.1785550709263,180.4873504638672,0.6223903802966019
2025-02-27,GOOG,175.25770137508286,175.90517457404238,169.09369511454358,169.5499267578125,0.8352006288899035
2025-03-03,GOOG,173.05628188737933,174.3213611642928,166.9899021667699,168.00595092773438,0.7002941260760008
2025-03-12,GOOG,168.00786255811997,169.06495238328628,165.02605910169666,168.53640747070312,0.7651289513740959
2025-03-19,GOOG,163.4653498695458,167.67178157574858,162.60273243314677,165.82386779785156,0.5015383992727274
2025-03-25,GOOG,170.71041022012366,172.43567542515706,170.08214878915635,172.3159942626953,0.5457033529162482
2025-04-08,GOOG,153.15372459087558,154.0163572830598,144.81168040387425,146.17791748046875,0.9276119047353961
2025-04-14,GOOG,161.86477655429636,163.58005976204655,159.48133300190094,161.02708435058594,0.6557818869025032
2025-04-17,GOOG,156.1804006573908,156.63914551785228,150.48605717451858,152.93931579589844,0.7256818655862118
2025-04-23,GOOG,157.47685003131366,159.5810628232613,155.92113161014544,157.28736877441406,0.725664949522069
2025-05-01,GOOG,162.07419641613544,163.49029939480852,160.4885463727588,162.34344482421875,0.5861220513694448
2025-05-07,GOOG,165.61446287344089,166.53193740752073,149.07994142713306,152.380859375,0.5214237818234797
2025-05-08,GOOG,155.49230101963664,156.97821934560366,153.67730129276063,155.32276916503906,0.570524295058175
2025-05-12,GOOG,158.66356342699288,159.99988389080556,157.45687600004305,159.14224243164062,0.8741303019446938
2025-05-29,GOOG,174.51996262584905,174.91885931079202,171.3087940961788,172.48556518554688,0.7812053167941594
2025-06-11,GOOG,180.9500888768485,181.46929001096765,177.72508182642224,178.51385498046875,0.5133003118217083
2025-06-20,GOOG,174.5949374560243,175.09416523737374,166.01321067580938,167.470947265625,0.5657264593177853
2025-07-08,GOOG,178.50388486434102,178.51386393532042,173.65139020434393,174.8894805908203,0.6406521504893112
2025-07-09,GOOG,175.8380260632261,180.00158431757495,173.61147421778338,177.38563537597656,0.5759849098293222
2025-07-21,GOOG,186.8110491071922,190.96461283004993,186.7611232800799,190.8547821044922,0.5342602835173518
2025-09-03,GOOG,226.13021268624902,231.44200361883648,224.77231250489172,230.7430877685547,0.5330537023397426
2025-09-18,GOOG,251.6957867895291,253.97429899966014,249.9469277971752,252.1654815673828,0.5575641594899391
2025-10-20,GOOG,255.06359074677613,257.71187214774994,254.4340118637041,256.8524169921875,0.522027069515952
2025-11-20,GOOG,304.5413108694683,306.68993354598797,288.98148512013125,289.79095458984375,0.8464128875794578
2025-11-21,GOOG,296.6764341573702,303.7618077764989,294.1680609326802,299.4546203613281,0.5555279610483206
2025-12-15,GOOG,312.625,312.70001220703125,305.739990234375,309.32000732421875,0.6085159218103592
2025-12-22,GOOG,311.2250061035156,311.70001220703125,306.5899963378906,311.3299865722656,0.5072068251161614
2024-01-18,GRAB,3.009999990463257,3.0899999141693115,2.9800000190734863,3.0,0.5366142737535763
2024-01-23,GRAB,3.069999933242798,3.1500000953674316,3.069999933242798,3.130000114440918,0.5127975466333993
2024-01-24,GRAB,3.190000057220459,3.2200000286102295,3.1500000953674316,3.1700000762939453,0.6890399346072172
2024-01-25,GRAB,3.2200000286102295,3.2200000286102295,3.1500000953674316,3.1600000858306885,0.670592936104508
2024-02-23,GRAB,3.200000047683716,3.234999895095825,3.0799999237060547,3.1600000858306885,0.5054391155896002
2024-02-29,GRAB,3.119999885559082,3.130000114440918,3.0399999618530273,3.069999933242798,0.508332251229188
2024-03-06,GRAB,3.1500000953674316,3.1700000762939453,3.0899999141693115,3.0999999046325684,0.5369046875605388
2024-03-07,GRAB,3.130000114440918,3.200000047683716,3.115000009536743,3.200000047683716,0.5265365590322095
2024-03-18,GRAB,3.2100000381469727,3.2200000286102295,3.1500000953674316,3.1700000762939453,0.5586310150255058
2024-03-21,GRAB,3.2200000286102295,3.2699999809265137,3.2100000381469727,3.25,0.5043848413373854
2024-03-26,GRAB,3.190000057220459,3.200000047683716,3.1500000953674316,3.1600000858306885,0.5590525002717877
2024-04-04,GRAB,3.25,3.2799999713897705,3.1500000953674316,3.1600000858306885,0.5198323770091151
2024-04-18,GRAB,3.259999990463257,3.4200000762939453,3.2300000190734863,3.390000104904175,0.5057013764090544
2024-04-19,GRAB,3.4200000762939453,3.424999952316284,3.3499999046325684,3.369999885559082,0.5373343511843279
2024-04-24,GRAB,3.569999933242798,3.569999933242798,3.4100000858306885,3.4800000190734863,0.6687296107880213
2024-06-25,GRAB,3.569999933242798,3.569999933242798,3.490000009536743,3.5199999809265137,0.5050929774192461
2024-06-28,GRAB,3.569999933242798,3.5799999237060547,3.509999990463257,3.549999952316284,0.5348844258647475
2024-07-03,GRAB,3.5299999713897705,3.569999933242798,3.515000104904175,3.5399999618530273,0.5190541106788936
2024-07-05,GRAB,3.559999942779541,3.569999933242798,3.5199999809265137,3.549999952316284,0.5098738431229055
2024-08-13,GRAB,3.2799999713897705,3.380000114440918,3.2799999713897705,3.369999885559082,0.5048499204118815
2024-08-23,GRAB,3.2300000190734863,3.2699999809265137,3.2200000286102295,3.2300000190734863,0.500014571287624
2024-08-30,GRAB,3.2200000286102295,3.25,3.200000047683716,3.2200000286102295,0.5093543956978139
2024-09-05,GRAB,3.3499999046325684,3.369999885559082,3.319999933242798,3.3399999141693115,0.5167640939934885
2024-09-09,GRAB,3.319999933242798,3.3499999046325684,3.299999952316284,3.3499999046325684,0.5327933767104406
2024-09-26,GRAB,3.8299999237060547,3.859999895095825,3.7799999713897705,3.799999952316284,0.5915070917375667
2024-09-30,GRAB,3.880000114440918,3.880000114440918,3.75,3.799999952316284,0.5013370064169329
2024-10-17,GRAB,3.630000114440918,3.640000104904175,3.6019999980926514,3.619999885559082,0.5115930598149481
2024-11-18,GRAB,4.760000228881836,4.994999885559082,4.699999809265137,4.989999771118164,0.5526569935571525
2024-11-25,GRAB,5.210000038146973,5.210000038146973,5.019999980926514,5.139999866485596,0.5159681215124272
2024-12-11,GRAB,5.510000228881836,5.519999980926514,5.369999885559082,5.400000095367432,0.5169347058177415
2025-01-06,GRAB,4.989999771118164,5.0,4.830999851226807,4.869999885559082,0.5043685501621943
2025-01-16,GRAB,4.539999961853027,4.570000171661377,4.440000057220459,4.449999809265137,0.5272990389881532
2025-01-17,GRAB,4.5,4.630000114440918,4.4710001945495605,4.5,0.5034766805482429
2025-01-21,GRAB,4.677999973297119,4.677999973297119,4.539999961853027,4.610000133514404,0.5019127712028845
2025-01-22,GRAB,4.65500020980835,4.679999828338623,4.570000171661377,4.659999847412109,0.5204485283146552
2025-01-28,GRAB,4.489999771118164,4.579999923706055,4.400000095367432,4.559999942779541,0.5180932748757714
2025-01-31,GRAB,4.690000057220459,4.710000038146973,4.550000190734863,4.579999923706055,0.5159681215124272
2025-02-21,GRAB,5.010000228881836,5.289999961853027,4.800000190734863,4.900000095367432,0.5017357302867813
2025-02-26,GRAB,4.699999809265137,4.889999866485596,4.630000114440918,4.869999885559082,0.5530339732364089
2025-03-03,GRAB,4.880000114440918,5.0,4.710000038146973,4.730000019073486,0.593072405159414
2025-03-12,GRAB,4.460000038146973,4.5,4.179999828338623,4.21999979019165,0.5447372442199755
2025-03-17,GRAB,4.489999771118164,4.510000228881836,4.400000095367432,4.449999809265137,0.6143921494086966
2025-03-18,GRAB,4.635000228881836,4.679999828338623,4.5,4.599999904632568,0.5295164521537902
2025-04-08,GRAB,3.7899999618530273,3.950000047683716,3.630000114440918,3.7300000190734863,0.9168912567917228
2025-04-11,GRAB,4.03000020980835,4.070000171661377,3.930000066757202,4.050000190734863,0.5405541876195441
2025-04-14,GRAB,4.105000019073486,4.159999847412109,3.9600000381469727,3.9800000190734863,0.5002695172323397
2025-04-15,GRAB,4.010000228881836,4.090000152587891,3.984999895095825,4.059999942779541,0.5485877469918662
2025-04-17,GRAB,4.079999923706055,4.170000076293945,4.059999942779541,4.110000133514404,0.533562024812361
2025-04-22,GRAB,4.130000114440918,4.329999923706055,4.130000114440918,4.239999771118164,0.5510295655668593
2025-04-23,GRAB,4.489999771118164,4.599999904632568,4.320000171661377,4.380000114440918,0.5907963331997401
2025-05-01,GRAB,4.929999828338623,4.940000057220459,4.75,4.769999980926514,0.5720611741516203
2025-05-29,GRAB,5.03000020980835,5.039999961853027,4.849999904632568,4.889999866485596,0.5289564124542768
2025-06-06,GRAB,5.28000020980835,5.289999961853027,5.050000190734863,5.170000076293945,0.5271182678531956
2025-06-16,GRAB,4.659999847412109,4.764999866485596,4.659999847412109,4.710000038146973,0.508332251229188
2025-06-24,GRAB,4.630000114440918,4.800000190734863,4.630000114440918,4.739999771118164,0.5065872529397185
2025-07-17,GRAB,5.170000076293945,5.309999942779541,5.159999847412109,5.25,0.5097029026727442
2025-07-22,GRAB,5.425000190734863,5.5,5.210000038146973,5.46999979019165,0.5560027026426683
2025-07-29,GRAB,5.400000095367432,5.429999828338623,5.269999980926514,5.309999942779541,0.7570206051839988
2025-08-04,GRAB,4.869999885559082,5.0,4.840000152587891,4.960000038146973,0.5235239013462046
2025-08-07,GRAB,4.835000038146973,4.960000038146973,4.769999980926514,4.949999809265137,0.5090810657475018
2025-09-05,GRAB,5.090000152587891,5.179999828338623,5.059999942779541,5.159999847412109,0.5186105624029468
2025-10-03,GRAB,6.119999885559082,6.21999979019165,6.059999942779541,6.159999847412109,0.5134657084700301
2025-10-06,GRAB,6.275000095367432,6.445000171661377,6.139999866485596,6.389999866485596,0.5222091291241748
2025-10-07,GRAB,6.550000190734863,6.599999904632568,6.239999771118164,6.269999980926514,0.5535965320330384
2025-10-20,GRAB,5.789999961853027,5.809000015258789,5.650000095367432,5.670000076293945,0.502508629440347
2025-10-24,GRAB,5.84499979019165,5.914999961853027,5.769999980926514,5.849999904632568,0.5265365590322095
2025-10-27,GRAB,6.0,6.130000114440918,5.909999847412109,6.119999885559082,0.5094994771252394
2025-11-10,GRAB,5.775000095367432,6.0,5.730000019073486,5.900000095367432,0.5123899651011846
2025-11-20,GRAB,5.409999847412109,5.409999847412109,4.960000038146973,4.980000019073486,0.5462913188226877
2025-11-24,GRAB,5.170000076293945,5.369999885559082,5.105000019073486,5.25,0.5084608592173798
2025-11-26,GRAB,5.289999961853027,5.360000133514404,5.210000038146973,5.320000171661377,0.5161997805906946
2025-12-19,GRAB,4.96999979019165,5.03000020980835,4.909999847412109,4.929999828338623,0.5109093286219811
2025-12-22,GRAB,5.019999980926514,5.28000020980835,5.010000228881836,5.179999828338623,0.5154098354536877
2026-01-02,GRAB,5.045000076293945,5.130000114440918,5.010000228881836,5.079999923706055,0.5142130480448156
2026-01-09,GRAB,4.940000057220459,4.96999979019165,4.829999923706055,4.849999904632568,0.5119025985281715
2024-01-18,HIMS,8.470000267028809,8.550000190734863,8.140000343322754,8.420000076293945,0.634967654235706
2024-01-24,HIMS,8.899999618530273,8.970000267028809,8.625,8.9399995803833,0.8603672818931112
2024-02-22,HIMS,9.479999542236328,9.520000457763672,9.25,9.449999809265137,0.5374481044117482
2024-03-11,HIMS,14.34000015258789,14.930000305175781,14.180000305175781,14.470000267028809,0.5341014070819607
2024-03-22,HIMS,16.860000610351562,16.8799991607666,16.25,16.329999923706055,0.5524023800196268
2024-03-25,HIMS,16.459999084472656,17.15999984741211,16.18000030517578,16.309999465942383,0.5472522508377915
2024-04-17,HIMS,12.800000190734863,12.880000114440918,12.350000381469727,12.40999984741211,0.5463349919200967
2024-04-23,HIMS,12.0,12.5600004196167,11.90999984741211,12.329999923706055,0.5803071328171154
2024-04-24,HIMS,12.460000038146973,12.600000381469727,12.145000457763672,12.34000015258789,0.5633728498311581
2024-05-07,HIMS,13.635000228881836,13.635000228881836,12.069999694824219,12.350000381469727,0.7177411468586798
2024-05-15,HIMS,14.0,14.069999694824219,13.5,13.84000015258789,0.5513328389466138
2024-05-23,HIMS,16.729999542236328,16.739999771118164,15.65999984741211,15.829999923706055,0.7575056214374815
2024-06-03,HIMS,19.979999542236328,21.170000076293945,19.700000762939453,20.489999771118164,0.5025385397246641
2024-06-12,HIMS,22.75,24.350000381469727,22.670000076293945,23.68000030517578,0.5313835508593261
2024-06-17,HIMS,24.170000076293945,25.5,23.209999084472656,24.149999618530273,0.6814732480507424
2024-06-28,HIMS,20.200000762939453,20.450000762939453,19.474000930786133,20.190000534057617,0.5121079593531513
2024-07-01,HIMS,20.399999618530273,21.479999542236328,20.190000534057617,21.420000076293945,0.5034361558208621
2024-07-10,HIMS,21.209999084472656,21.31999969482422,19.829999923706055,20.209999084472656,0.5635221602291434
2024-07-11,HIMS,20.93000030517578,21.360000610351562,20.6200008392334,21.049999237060547,0.7140074608155981
2024-07-18,HIMS,22.40999984741211,22.65999984741211,20.219999313354492,20.3700008392334,0.5735913992063334
2024-07-19,HIMS,20.729999542236328,21.114999771118164,19.040000915527344,19.420000076293945,0.5622536154998576
2024-07-22,HIMS,20.010000228881836,20.600000381469727,19.799999237060547,20.34000015258789,0.5895782872896633
2024-07-26,HIMS,23.719999313354492,24.239999771118164,21.360000610351562,21.770000457763672,0.6446171493461086
2024-08-09,HIMS,16.049999237060547,16.440000534057617,15.800000190734863,15.960000038146973,0.715254620154897
2024-08-14,HIMS,16.100000381469727,16.200000762939453,15.40999984741211,15.430000305175781,0.6291530619121786
2024-08-20,HIMS,16.709999084472656,16.93000030517578,16.020000457763672,16.530000686645508,0.5998001544999911
2024-08-22,HIMS,17.290000915527344,17.610000610351562,16.329999923706055,16.459999084472656,0.6061454753916631
2024-08-29,HIMS,14.739999771118164,14.984999656677246,14.574999809265137,14.729999542236328,0.5917989763049617
2024-08-30,HIMS,14.8100004196167,14.9399995803833,14.369999885559082,14.729999542236328,0.6544698813068666
2024-09-09,HIMS,13.960000038146973,14.1899995803833,13.699999809265137,13.970000267028809,0.5085456152959629
2024-09-19,HIMS,17.1200008392334,17.190000534057617,16.6299991607666,16.920000076293945,0.7188243918906752
2024-09-26,HIMS,17.549999237060547,18.079999923706055,17.25,17.709999084472656,0.7245739582308701
2024-10-07,HIMS,18.75,19.989999771118164,18.610000610351562,19.440000534057617,0.6145498542677023
2024-10-14,HIMS,20.0,21.190000534057617,19.700000762939453,20.5,0.5128896683034296
2024-10-24,HIMS,21.6200008392334,21.969999313354492,21.15999984741211,21.520000457763672,0.5574414931515407
2024-11-05,HIMS,22.079999923706055,22.280000686645508,19.540000915527344,20.639999389648438,0.6086655258361784
2024-11-13,HIMS,29.1200008392334,30.440000534057617,27.510000228881836,27.600000381469727,0.6754686624049943
2024-11-15,HIMS,21.334999084472656,21.3799991607666,19.149999618530273,19.31999969482422,0.7233757121698978
2024-11-27,HIMS,31.489999771118164,35.02000045776367,30.030000686645508,30.34000015258789,0.5540432198977381
2024-12-02,HIMS,33.560001373291016,33.9900016784668,30.71500015258789,30.850000381469727,0.6686943248146014
2024-12-17,HIMS,32.20000076293945,33.13999938964844,30.15999984741211,31.1200008392334,0.6521787557660188
2024-12-18,HIMS,31.34000015258789,31.625,28.190000534057617,28.549999237060547,0.7272153692111052
2024-12-31,HIMS,25.600000381469727,25.700000762939453,24.110000610351562,24.18000030517578,0.6454715364408906
2025-01-06,HIMS,27.350000381469727,28.200000762939453,26.360000610351562,26.899999618530273,0.5445181158538498
2025-01-07,HIMS,27.68000030517578,28.809999465942383,26.260000228881836,27.670000076293945,0.5679541537448358
2025-01-28,HIMS,31.0,32.72999954223633,30.350000381469727,31.540000915527344,0.500036328810378
2025-02-14,HIMS,60.02000045776367,64.83999633789062,58.624000549316406,60.470001220703125,0.6402289190397663
2025-02-27,HIMS,43.209999084472656,45.79999923706055,40.459999084472656,41.34000015258789,0.8038229766992571
2025-03-12,HIMS,36.150001525878906,37.279998779296875,32.77000045776367,33.93000030517578,0.8009807859281446
2025-03-26,HIMS,37.779998779296875,37.94499969482422,33.25,33.36000061035156,0.749589537416845
2025-04-08,HIMS,29.799999237060547,29.899999618530273,25.1200008392334,26.100000381469727,0.9794413231400573
2025-04-14,HIMS,28.719999313354492,29.0,27.200000762939453,28.309999465942383,0.7158709186594624
2025-04-23,HIMS,27.0,29.0,26.420000076293945,26.709999084472656,0.8325401215272054
2025-04-28,HIMS,29.93000030517578,30.8700008392334,27.700000762939453,28.479999542236328,0.7714609985580362
2025-04-29,HIMS,37.939998626708984,37.939998626708984,32.95000076293945,35.040000915527344,0.8015084078827679
2025-05-05,HIMS,42.279998779296875,43.099998474121094,39.79999923706055,41.880001068115234,0.7138669515959647
2025-05-12,HIMS,56.09000015258789,58.599998474121094,54.20000076293945,55.209999084472656,0.8467401043490439
2025-05-28,HIMS,53.849998474121094,54.09000015258789,51.40999984741211,53.34000015258789,0.5070426880723344
2025-05-29,HIMS,54.0,55.0,52.11000061035156,52.400001525878906,0.8484505223669405
2025-06-02,HIMS,56.93000030517578,58.77000045776367,55.66999816894531,56.77000045776367,0.6718571132202845
2025-06-03,HIMS,61.91999816894531,67.37000274658203,54.27000045776367,54.72999954223633,0.5908734773135671
2025-06-20,HIMS,62.869998931884766,64.5999984741211,61.52000045776367,64.22000122070312,0.6172101142705813
2025-06-25,HIMS,43.70000076293945,46.52000045776367,41.20000076293945,41.40999984741211,0.5112559046058921
2025-07-02,HIMS,48.20000076293945,48.20000076293945,46.70000076293945,47.459999084472656,0.6527746877863795
2025-07-08,HIMS,48.900001525878906,50.81700134277344,48.29999923706055,48.959999084472656,0.7307165377670648
2025-07-09,HIMS,50.5,52.33000183105469,48.68000030517578,51.2400016784668,0.6148373738247618
2025-07-15,HIMS,53.0,53.236000061035156,50.20000076293945,50.459999084472656,0.5822224127906265
2025-07-18,HIMS,50.66999816894531,51.06999969482422,48.5,50.380001068115234,0.5109257747155885
2025-07-25,HIMS,58.15999984741211,59.939998626708984,54.29999923706055,57.650001525878906,0.5066691817098703
2025-07-28,HIMS,58.7400016784668,59.81999969482422,56.529998779296875,58.68000030517578,0.5912395852920971
2025-07-31,HIMS,66.29000091552734,70.43000030517578,65.87999725341797,66.18000030517578,0.5946378558886255
2025-08-07,HIMS,51.7599983215332,53.529998779296875,50.25,51.04999923706055,0.5477486782316172
2025-08-08,HIMS,52.05500030517578,52.709999084472656,50.422000885009766,51.939998626708984,0.6171057406411172
2025-08-13,HIMS,48.59000015258789,48.650001525878906,46.7599983215332,48.33000183105469,0.5853010804289891
2025-08-26,HIMS,43.5,46.29100036621094,43.099998474121094,45.349998474121094,0.5120491361340324
2025-08-28,HIMS,44.45000076293945,45.099998474121094,43.79999923706055,44.119998931884766,0.5107891576699949
2025-09-03,HIMS,43.0,45.66999816894531,42.5,44.459999084472656,0.5494546117139005
2025-09-05,HIMS,48.83000183105469,49.15999984741211,46.856998443603516,48.40999984741211,0.6084574791971381
2025-09-08,HIMS,49.119998931884766,51.584999084472656,49.09000015258789,49.63999938964844,0.5030384792378311
2025-09-10,HIMS,50.0,51.415000915527344,47.52000045776367,47.779998779296875,0.5241425990423402
2025-10-08,HIMS,58.369998931884766,60.130001068115234,57.040000915527344,58.16999816894531,0.5424616949849222
2025-10-09,HIMS,59.10499954223633,59.9900016784668,56.25,58.25,0.5098636102601173
2025-10-15,HIMS,55.29999923706055,65.29900360107422,54.435001373291016,62.7599983215332,0.5064176455722793
2025-10-20,HIMS,51.369998931884766,52.40999984741211,50.220001220703125,51.36000061035156,0.7476400825139408
2025-10-27,HIMS,50.13999938964844,50.189998626708984,48.15999984741211,48.22999954223633,0.7065885179685366
2025-10-28,HIMS,49.13999938964844,49.16999816894531,47.119998931884766,47.119998931884766,0.61476070118415
2025-10-31,HIMS,45.3650016784668,47.24100112915039,45.0,45.459999084472656,0.5929370227451699
2025-11-03,HIMS,46.900001525878906,47.150001525878906,44.0099983215332,44.38999938964844,0.6413788020516012
2025-11-04,HIMS,45.75,48.34000015258789,42.400001525878906,42.790000915527344,0.6635516678425023
2025-11-05,HIMS,44.099998474121094,46.81999969482422,43.68000030517578,43.72999954223633,0.5333751172071365
2025-11-06,HIMS,44.0,44.0,39.84000015258789,41.52000045776367,0.6980909893070931
2025-11-10,HIMS,42.494998931884766,42.70000076293945,40.220001220703125,41.04999923706055,0.6627187539590637
2025-11-19,HIMS,36.599998474121094,36.599998474121094,34.43000030517578,35.83000183105469,0.5812947972320176
2025-11-20,HIMS,36.779998779296875,37.220001220703125,33.470001220703125,33.619998931884766,0.876912956475518
2025-11-26,HIMS,37.75,38.790000915527344,37.36000061035156,38.400001525878906,0.5095663263915259
2025-12-15,HIMS,37.81999969482422,38.029998779296875,35.68000030517578,36.25,0.6604406838864258
2025-12-18,HIMS,35.599998474121094,36.029998779296875,34.310001373291016,34.77000045776367,0.5072729463409904
2025-12-19,HIMS,34.970001220703125,35.86000061035156,34.599998474121094,35.560001373291016,0.5538083190791163
2025-12-22,HIMS,35.970001220703125,36.27000045776367,34.78499984741211,35.04999923706055,0.5042975620162383
2026-01-02,HIMS,33.0,33.72999954223633,32.04999923706055,33.40999984741211,0.5482663307890071
2026-01-05,HIMS,33.959999084472656,35.83000183105469,33.189998626708984,34.709999084472656,0.5399578020527649
2024-01-11,HOOD,12.529999732971191,12.579999923706055,11.630000114440918,11.710000038146973,0.6299762370468535
2024-01-18,HOOD,10.760000228881836,10.824999809265137,10.529999732971191,10.670000076293945,0.6917683857794618
2024-01-23,HOOD,11.15999984741211,11.300000190734863,10.873000144958496,10.949999809265137,0.5106598932745644
2024-01-24,HOOD,11.100000381469727,11.225000381469727,10.729999542236328,10.8100004196167,0.880522659597149
2024-01-26,HOOD,10.760000228881836,11.010000228881836,10.710000038146973,10.789999961853027,0.5222787780096766
2024-02-07,HOOD,10.84000015258789,11.079999923706055,10.640000343322754,11.0,0.6541168574524601
2024-02-14,HOOD,13.64799976348877,13.899999618530273,12.765000343322754,13.380000114440918,0.5777976036803177
2024-02-22,HOOD,13.710000038146973,14.09000015258789,13.595000267028809,13.970000267028809,0.585354818292315
2024-03-04,HOOD,17.06999969482422,17.219999313354492,16.540000915527344,16.6299991607666,0.5359044080105746
2024-03-07,HOOD,16.6200008392334,16.6200008392334,16.1299991607666,16.360000610351562,0.5671126557409291
2024-03-08,HOOD,16.579999923706055,17.6200008392334,16.56999969482422,17.0,0.5023941696833172
2024-03-14,HOOD,19.1200008392334,19.229999542236328,17.7450008392334,18.049999237060547,0.5083213596161719
2024-03-21,HOOD,18.65999984741211,19.415000915527344,18.399999618530273,19.09000015258789,0.6878761093313795
2024-04-09,HOOD,18.65999984741211,18.75,18.0,18.299999237060547,0.524996334604823
2024-04-15,HOOD,18.079999923706055,18.260000228881836,16.975000381469727,17.190000534057617,0.5536874268811013
2024-04-18,HOOD,17.187000274658203,17.594999313354492,16.889999389648438,17.079999923706055,0.6882765286408393
2024-05-03,HOOD,17.8799991607666,18.135000228881836,17.6299991607666,17.950000762939453,0.528098652715771
2024-05-09,HOOD,19.04199981689453,19.469999313354492,17.040000915527344,17.299999237060547,0.5012579197367263
2024-05-10,HOOD,17.420000076293945,17.690000534057617,16.219999313354492,16.229999542236328,0.5715273246119341
2024-05-15,HOOD,18.350000381469727,18.579999923706055,17.56999969482422,18.520000457763672,0.5472295586022502
2024-05-23,HOOD,19.920000076293945,19.940000534057617,19.114999771118164,19.239999771118164,0.7823237162874273
2024-05-29,HOOD,20.75,21.139999389648438,20.270000457763672,21.084999084472656,0.6799415446838448
2024-06-03,HOOD,21.899999618530273,22.399999618530273,20.729999542236328,21.280000686645508,0.5590909831128396
2024-06-12,HOOD,24.0,24.280000686645508,23.530000686645508,23.700000762939453,0.5961771040181787
2024-06-20,HOOD,22.0,22.06999969482422,21.18000030517578,21.729999542236328,0.7317648694437785
2024-06-26,HOOD,22.68000030517578,23.329999923706055,22.219999313354492,22.309999465942383,0.5642315704261858
2024-06-27,HOOD,22.440000534057617,22.791000366210938,22.270000457763672,22.59000015258789,0.5599856008337629
2024-07-09,HOOD,22.25,23.270000457763672,22.149999618530273,22.600000381469727,0.5899872054022773
2024-07-11,HOOD,22.649999618530273,22.979999542236328,21.979999542236328,22.040000915527344,0.613027379813909
2024-07-26,HOOD,21.59000015258789,21.985000610351562,21.125,21.200000762939453,0.6041770926956388
2024-07-29,HOOD,21.559999465942383,21.84000015258789,20.950000762939453,21.18000030517578,0.6307986008924071
2024-07-30,HOOD,21.299999237060547,21.350000381469727,20.290000915527344,20.399999618530273,0.6356362497338502
2024-08-01,HOOD,20.889999389648438,21.299999237060547,19.829999923706055,20.239999771118164,0.6864508966151767
2024-08-07,HOOD,17.600000381469727,17.639999389648438,16.860000610351562,17.1200008392334,0.7648540936439285
2024-08-12,HOOD,18.360000610351562,18.790000915527344,18.106000900268555,18.540000915527344,0.5170789053100049
2024-08-14,HOOD,18.729999542236328,19.059999465942383,18.56999969482422,18.649999618530273,0.6151304233594078
2024-08-30,HOOD,20.3799991607666,20.399999618530273,19.834999084472656,20.1200008392334,0.5294965854390213
2024-09-19,HOOD,23.93600082397461,24.059999465942383,22.739999771118164,22.809999465942383,0.7111997618030181
2024-09-26,HOOD,22.780000686645508,22.8799991607666,22.190000534057617,22.43000030517578,0.7504476916375089
2024-10-24,HOOD,26.950000762939453,27.329999923706055,26.690000534057617,27.219999313354492,0.5215879954050494
2024-11-13,HOOD,33.630001068115234,34.099998474121094,31.822999954223633,31.90999984741211,0.6799589794199851
2024-11-14,HOOD,32.849998474121094,33.0,31.591999053955078,32.220001220703125,0.5167929491304307
2024-11-20,HOOD,37.0,38.11000061035156,35.720001220703125,36.08000183105469,0.5222400207650739
2024-11-25,HOOD,39.220001220703125,39.7400016784668,37.29999923706055,37.849998474121094,0.5173972254237396
2024-11-27,HOOD,37.5099983215332,38.290000915527344,37.040000915527344,37.650001525878906,0.5338754699035383
2024-12-02,HOOD,37.92499923706055,38.790000915527344,37.52000045776367,37.619998931884766,0.5651810283808002
2024-12-05,HOOD,42.709999084472656,42.7599983215332,38.790000915527344,38.91999816894531,0.6025893484256039
2024-12-19,HOOD,38.47999954223633,38.68000030517578,36.209999084472656,36.939998626708984,0.6487306057859618
2024-12-31,HOOD,38.95000076293945,39.099998474121094,37.029998779296875,37.2599983215332,0.6232514526793461
2025-01-06,HOOD,42.11000061035156,43.119998931884766,41.459999084472656,42.709999084472656,0.591335135729936
2025-01-14,HOOD,41.79999923706055,43.77000045776367,41.279998779296875,41.7599983215332,0.5946728811686139
2025-01-17,HOOD,47.7400016784668,49.27000045776367,46.970001220703125,48.150001525878906,0.6262190297705279
2025-01-21,HOOD,49.93000030517578,50.63999938964844,48.150001525878906,50.0,0.5336201675101309
2025-02-06,HOOD,54.79999923706055,54.880001068115234,52.15999984741211,53.16999816894531,0.5911749907892309
2025-02-19,HOOD,61.09000015258789,61.9109992980957,58.650001525878906,59.22999954223633,0.5705927173361285
2025-02-21,HOOD,57.869998931884766,57.869998931884766,51.439998626708984,51.599998474121094,0.7801940003427986
2025-02-24,HOOD,52.2400016784668,52.560001373291016,47.970001220703125,49.93000030517578,0.6510678729839325
2025-02-26,HOOD,47.310001373291016,50.52000045776367,46.540000915527344,48.849998474121094,0.5142216565197362
2025-02-27,HOOD,51.7599983215332,52.93000030517578,48.41999816894531,48.779998779296875,0.8286843545639297
2025-03-03,HOOD,54.720001220703125,54.84000015258789,46.68000030517578,46.88999938964844,0.7913357436169954
2025-03-12,HOOD,38.9900016784668,39.67100143432617,36.85100173950195,38.91999816894531,0.7982136435159009
2025-03-25,HOOD,48.75,49.880001068115234,47.20000076293945,48.150001525878906,0.511806739319687
2025-04-08,HOOD,37.1349983215332,37.849998474121094,33.084999084472656,34.16999816894531,0.9608215324798238
2025-04-14,HOOD,45.0099983215332,45.09000015258789,42.5099983215332,44.13999938964844,0.6702395396516686
2025-04-17,HOOD,41.029998779296875,41.75,40.119998931884766,41.18000030517578,0.720567205688673
2025-04-23,HOOD,45.29999923706055,47.220001220703125,44.27000045776367,44.65999984741211,0.6989802459609394
2025-04-28,HOOD,50.52000045776367,51.06999969482422,47.7400016784668,48.93000030517578,0.5512300406203883
2025-05-01,HOOD,51.125,51.29999923706055,46.529998779296875,46.619998931884766,0.5943384039966881
2025-05-08,HOOD,51.729000091552734,54.84000015258789,51.61000061035156,54.06999969482422,0.5426803543553005
2025-05-09,HOOD,54.939998626708984,56.314998626708984,53.742000579833984,54.650001525878906,0.5217111894159929
2025-05-12,HOOD,59.18000030517578,59.33000183105469,55.888999938964844,57.43000030517578,0.7125053113615935
2025-05-22,HOOD,64.88999938964844,65.875,63.75,64.7699966430664,0.5173696348072628
2025-05-29,HOOD,66.32499694824219,66.53500366210938,63.630001068115234,63.95000076293945,0.8671524752662556
2025-07-01,HOOD,95.01200103759766,99.18000030517578,89.69999694824219,92.33000183105469,0.5505795594730118
2025-07-08,HOOD,95.4000015258789,98.04000091552734,90.69999694824219,91.2699966430664,0.6849074360737616
2025-07-09,HOOD,92.91000366210938,94.6500015258789,91.74099731445312,94.54000091552734,0.5385011443213913
2025-07-24,HOOD,103.0,103.04000091552734,100.31999969482422,101.93000030517578,0.5377138237680095
2025-07-28,HOOD,105.83999633789062,107.12999725341797,104.66000366210938,106.7699966430664,0.650006136387708
2025-08-11,HOOD,116.22000122070312,117.47000122070312,113.38999938964844,113.62000274658203,0.5822159730539025
2025-08-13,HOOD,115.6500015258789,116.4000015258789,107.27999877929688,108.62000274658203,0.5640872723181475
2025-08-19,HOOD,116.12000274658203,117.45999908447266,106.5,107.5,0.6306570085408905
2025-08-28,HOOD,104.0,105.4000015258789,102.76000213623047,103.69000244140625,0.5146830998474093
2025-09-03,HOOD,101.58999633789062,102.69000244140625,99.41000366210938,100.81999969482422,0.6569379118743779
2025-09-05,HOOD,104.9800033569336,106.02999877929688,95.66000366210938,101.25,0.6893845874148885
2025-09-08,HOOD,110.62999725341797,117.30000305175781,110.12000274658203,117.27999877929688,0.5469220217174461
2025-09-10,HOOD,120.83000183105469,123.44000244140625,116.69000244140625,117.45999908447266,0.5551336412980866
2025-09-18,HOOD,120.08000183105469,124.36000061035156,119.85900115966797,120.91000366210938,0.5321233671418794
2025-09-24,HOOD,127.51499938964844,130.07000732421875,125.0,126.80000305175781,0.5262153447691792
2025-10-07,HOOD,146.3300018310547,147.1199951171875,141.25999450683594,145.0,0.5094689841710298
2025-10-08,HOOD,146.11000061035156,151.35000610351562,144.5500030517578,150.8699951171875,0.5167906693994233
2025-10-16,HOOD,135.3800048828125,137.47999572753906,130.57000732421875,131.44000244140625,0.6389370091626467
2025-10-27,HOOD,144.99000549316406,149.1999969482422,143.17999267578125,145.86000061035156,0.6067844433721311
2025-10-31,HOOD,143.60000610351562,150.47000122070312,143.3000030517578,146.77999877929688,0.5999973133482639
2025-11-03,HOOD,148.7899932861328,149.41200256347656,142.5,147.0800018310547,0.5795581524920862
2025-11-05,HOOD,139.63499450683594,144.77000427246094,135.50999450683594,142.47999572753906,0.5125155533694233
2025-11-10,HOOD,135.4499969482422,138.99000549316406,131.64999389648438,135.8800048828125,0.6008293593616275
2025-11-12,HOOD,133.3300018310547,133.83999633789062,128.3300018310547,132.97999572753906,0.519533719681439
2025-11-20,HOOD,121.62999725341797,122.62999725341797,105.23500061035156,106.20999908447266,0.8580712558025819
2025-11-21,HOOD,107.83999633789062,109.98999786376953,102.0999984741211,107.30000305175781,0.6982209174815115
2025-11-26,HOOD,121.33000183105469,128.89999389648438,120.86000061035156,128.1999969482422,0.5333495473296783
2025-12-12,HOOD,125.33999633789062,125.6500015258789,117.83499908447266,119.5,0.5301722037947318
2025-12-15,HOOD,120.4000015258789,120.66000366210938,114.10099792480469,115.26000213623047,0.6566799049446176
2025-12-16,HOOD,116.69499969482422,120.69999694824219,115.76000213623047,119.4000015258789,0.6095680731459492
2025-12-17,HOOD,120.97000122070312,124.69999694824219,115.58999633789062,115.80000305175781,0.6144112650606316
2025-12-18,HOOD,121.87000274658203,124.25,117.05000305175781,117.16000366210938,0.5759030338904475
2025-12-19,HOOD,119.47000122070312,122.95999908447266,118.19999694824219,121.3499984741211,0.5819165405520881
2025-12-22,HOOD,123.51000213623047,124.55000305175781,121.06999969482422,122.37000274658203,0.5209743665608652
2026-01-02,HOOD,115.47799682617188,116.02999877929688,110.41000366210938,115.20999908447266,0.5570975505650647
2026-01-05,HOOD,117.91999816894531,123.41999816894531,117.55000305175781,123.23999786376953,0.5368892818718612
2024-01-22,IBM,162.58962667637957,164.12312623212924,162.1944766733693,162.59902954101562,0.6976037794803014
2024-01-25,IBM,174.01095504247104,185.24413247231544,173.8886460405397,179.15713500976562,0.7064267391214446
2024-03-06,IBM,183.7050982759031,188.10073394523118,183.1924392593793,186.23045349121094,0.5372831684929155
2024-03-07,IBM,187.57858076727518,188.67036243037094,186.21147067638978,186.59121704101562,0.5179310085637733
2024-03-27,IBM,180.00253107612397,181.29368900992014,179.0531506685208,181.14178466796875,0.5082255767299655
2024-04-04,IBM,182.2810260687079,183.4962317502544,177.85691018843065,178.42654418945312,0.5046710038256318
2024-04-15,IBM,176.17654116430674,177.98984685638985,171.72394443225244,172.07521057128906,0.5210547711138007
2024-04-16,IBM,176.1954952793107,176.3094307718,173.60369098589177,174.44863891601562,0.5361181007719337
2024-04-19,IBM,173.195438059387,173.54671861481447,171.42960464009596,172.3884735107422,0.5288627427537942
2024-04-24,IBM,173.89801348196326,174.9613149392727,172.2176060467257,174.78094482421875,0.6663692265834712
2024-05-23,IBM,168.16478123162946,168.23190459329675,163.41870017344394,163.63922119140625,0.6119083572398412
2024-06-20,IBM,166.90872232036045,167.10048033246957,164.16654031962435,166.75531005859375,0.5262399436797072
2024-07-19,IBM,178.65409394802012,179.29649138613254,174.45452438790028,175.7009735107422,0.5167640939934885
2024-07-25,IBM,179.10474802167624,188.17503366497743,177.66654075377767,184.07135009765625,0.54996443221276
2024-09-09,IBM,195.3145108810524,198.3224748342411,194.82123413195208,196.8523406982422,0.5508542424536101
2024-09-11,IBM,200.9435260240678,203.2260965698973,196.3783849324089,203.00364685058594,0.5318385026607769
2024-11-06,IBM,206.47586128748588,207.29797926498014,203.46789769615015,206.59193420410156,0.5026141934605305
2024-11-18,IBM,201.78631894704748,203.17055181382537,200.19736877715158,202.84886169433594,0.5146415015549833
2024-12-19,IBM,218.76757321853398,220.50273949808087,217.36383985205362,218.28016662597656,0.5162673736595526
2025-01-02,IBM,216.23307474879277,216.886197818685,212.11936178663174,214.40042114257812,0.5371992504363095
2025-03-03,IBM,249.97830402606652,251.20493852906753,243.6096122960016,245.5133514404297,0.6089538699443823
2025-03-12,IBM,245.6703793850625,248.3984134899128,240.9404692627916,244.96383666992188,0.5014375050605939
2025-03-19,IBM,243.68811181046814,248.91848298019778,242.02969961353372,247.57408142089844,0.5153745570936079
2025-04-08,IBM,228.21289791186288,228.69374403656894,213.21851866297897,216.89842224121094,0.9132567659940504
2025-04-23,IBM,241.40167208931354,244.67923591345573,239.10541587529048,240.89138793945312,0.587684600489185
2025-05-08,IBM,250.2334362373966,251.72501299792287,248.5161479494929,249.38951110839844,0.5004561115674683
2025-10-07,IBM,293.9293866614242,299.38930376184527,291.68179964845746,292.25860595703125,0.5867918237146236
2025-11-20,IBM,294.6400146484375,300.7099914550781,290.1600036621094,290.3999938964844,0.5356923617220058
2025-11-21,IBM,293.4800109863281,300.4800109863281,291.8900146484375,297.44000244140625,0.5322503047496504
2025-11-24,IBM,299.17999267578125,307.17999267578125,297.510009765625,304.1199951171875,0.5158775272139262
2026-01-05,IBM,295.7699890136719,299.19000244140625,294.25,294.9700012207031,0.5160166559191015
2024-01-18,IONQ,11.390000343322754,11.399999618530273,10.470000267028809,10.720000267028809,0.5319130086580637
2024-01-22,IONQ,11.180000305175781,11.864999771118164,11.149999618530273,11.720000267028809,0.6924287251803595
2024-01-23,IONQ,12.100000381469727,12.119999885559082,11.541999816894531,11.75,0.5521678044205713
2024-01-24,IONQ,12.050000190734863,12.100000381469727,11.0600004196167,11.069999694824219,0.6878314161827185
2024-01-25,IONQ,11.449999809265137,11.989999771118164,11.15999984741211,11.279999732971191,0.6895222553436425
2024-02-01,IONQ,10.470000267028809,10.479999542236328,9.9350004196167,10.239999771118164,0.5137615580615534
2024-02-29,IONQ,11.710000038146973,11.720000267028809,10.199999809265137,10.359999656677246,0.5205372536040268
2024-03-06,IONQ,9.890000343322754,10.154999732971191,9.3100004196167,9.920000076293945,0.5586136342677119
2024-03-07,IONQ,10.399999618530273,11.319999694824219,10.175000190734863,10.899999618530273,0.5297405004455816
2024-03-12,IONQ,10.010000228881836,10.25,9.609999656677246,9.869999885559082,0.5054875534374076
2024-03-18,IONQ,9.390000343322754,9.675000190734863,9.069999694824219,9.539999961853027,0.5026090188601464
2024-03-21,IONQ,9.739999771118164,9.789999961853027,9.329999923706055,9.420000076293945,0.5151133349387781
2024-03-27,IONQ,9.229999542236328,9.5600004196167,9.145000457763672,9.550000190734863,0.5090810657475018
2024-04-04,IONQ,9.470000267028809,9.720000267028809,9.09000015258789,9.119999885559082,0.5305377181361453
2024-04-05,IONQ,9.220000267028809,9.369999885559082,9.027999877929688,9.210000038146973,0.5036630776788864
2024-04-08,IONQ,9.270000457763672,9.359999656677246,8.319999694824219,8.369999885559082,0.5024893461003328
2024-04-24,IONQ,8.15999984741211,8.369999885559082,8.010000228881836,8.199999809265137,0.6807329351403785
2024-05-23,IONQ,8.6899995803833,8.739999771118164,8.270000457763672,8.319999694824219,0.6226930890945455
2024-06-03,IONQ,8.289999961853027,8.319999694824219,7.769999980926514,7.78000020980835,0.508370559967695
2024-06-05,IONQ,7.880000114440918,7.96999979019165,7.699999809265137,7.929999828338623,0.5090810657475018
2024-06-13,IONQ,8.0,8.130000114440918,7.590000152587891,7.710000038146973,0.6669908330355915
2024-06-25,IONQ,6.829999923706055,6.840000152587891,6.579999923706055,6.590000152587891,0.5138696461406953
2024-06-28,IONQ,7.179999828338623,7.190000057220459,6.840000152587891,7.03000020980835,0.5385738205329644
2024-07-18,IONQ,8.630000114440918,8.84000015258789,8.079999923706055,8.210000038146973,0.5122401494666556
2024-07-26,IONQ,8.119999885559082,8.270000457763672,7.820000171661377,8.210000038146973,0.5809894525865281
2024-07-29,IONQ,8.34000015258789,8.4399995803833,7.800000190734863,7.889999866485596,0.5448794148738871
2024-07-30,IONQ,7.940000057220459,8.0,7.610000133514404,7.800000190734863,0.543031132378793
2024-08-09,IONQ,7.199999809265137,7.519999980926514,6.940000057220459,7.119999885559082,0.5550851880864329
2024-08-14,IONQ,7.380000114440918,7.440000057220459,7.059999942779541,7.309999942779541,0.5099891679543669
2024-08-30,IONQ,7.440000057220459,7.539999961853027,7.329999923706055,7.420000076293945,0.5074109216718671
2024-09-09,IONQ,6.949999809265137,7.0,6.550000190734863,6.619999885559082,0.5427881325128664
2024-09-10,IONQ,6.699999809265137,6.96999979019165,6.539999961853027,6.900000095367432,0.5570604158337917
2024-09-19,IONQ,8.130000114440918,8.178999900817871,7.639999866485596,7.71999979019165,0.522426871524828
2024-09-26,IONQ,7.789999961853027,8.09000015258789,7.585000038146973,8.0600004196167,0.5174263254725552
2024-10-24,IONQ,15.289999961853027,16.139999389648438,14.579999923706055,15.710000038146973,0.6095235889429397
2024-10-28,IONQ,17.520000457763672,18.200000762939453,16.549999237060547,17.809999465942383,0.5831389847388837
2024-11-06,IONQ,16.729999542236328,16.829999923706055,15.850000381469727,16.450000762939453,0.5009957876717418
2024-11-14,IONQ,27.899999618530273,28.049999237060547,24.8700008392334,26.15999984741211,0.5126088942019391
2024-11-25,IONQ,33.93000030517578,35.2400016784668,30.461000442504883,30.8799991607666,0.5126771510210191
2024-12-19,IONQ,40.709999084472656,42.400001525878906,36.540000915527344,37.7599983215332,0.5816560076348735
2024-12-23,IONQ,45.33000183105469,45.5,41.29999923706055,41.31999969482422,0.5386871025154387
2024-12-24,IONQ,41.9900016784668,45.400001525878906,39.84000015258789,44.58000183105469,0.5154486149206884
2025-01-06,IONQ,48.29999923706055,51.65999984741211,47.13399887084961,51.06999969482422,0.5132467740508548
2025-01-10,IONQ,31.989999771118164,33.97999954223633,28.510000228881836,32.33000183105469,0.6356576844328806
2025-01-14,IONQ,28.200000762939453,30.200000762939453,26.625,29.510000228881836,0.6569620263582012
2025-01-15,IONQ,32.779998779296875,40.5,32.40999984741211,39.38999938964844,0.5906389246975937
2025-01-21,IONQ,39.189998626708984,45.560001373291016,38.79999923706055,45.310001373291016,0.5393279700342372
2025-01-24,IONQ,41.689998626708984,44.22999954223633,40.5099983215332,40.7599983215332,0.5230142272749101
2025-01-28,IONQ,40.0099983215332,40.36000061035156,35.75,38.86000061035156,0.5746576959165863
2025-01-29,IONQ,39.2599983215332,40.599998474121094,38.38999938964844,39.540000915527344,0.5512954127024895
2025-01-30,IONQ,40.45000076293945,41.67900085449219,38.23099899291992,38.810001373291016,0.6337548513005912
2025-02-04,IONQ,41.88999938964844,44.59000015258789,41.43000030517578,41.86000061035156,0.5058856950041013
2025-02-06,IONQ,42.66999816894531,44.34000015258789,40.650001525878906,41.27000045776367,0.6007563901548508
2025-02-07,IONQ,41.65999984741211,43.970001220703125,40.04999923706055,40.56999969482422,0.6007563901548508
2025-02-12,IONQ,38.0,39.33000183105469,37.5099983215332,38.0,0.5042988433427803
2025-02-13,IONQ,38.58000183105469,38.849998474121094,36.52000045776367,38.650001525878906,0.506500847120137
2025-02-20,IONQ,35.63999938964844,35.70899963378906,32.84000015258789,33.75,0.5425472828553782
2025-02-21,IONQ,34.810001373291016,35.5,31.360000610351562,31.739999771118164,0.5426557748239889
2025-02-26,IONQ,30.780000686645508,31.07200050354004,29.549999237060547,29.93000030517578,0.6039265037192073
2025-03-03,IONQ,25.31999969482422,25.579999923706055,22.649999618530273,23.110000610351562,0.7072202986621948
2025-03-05,IONQ,22.90999984741211,23.200000762939453,21.65999984741211,22.6299991607666,0.5268728423796304
2025-03-12,IONQ,20.270000457763672,22.190000534057617,19.59000015258789,21.81999969482422,0.5853038953891821
2025-03-19,IONQ,23.59000015258789,24.118999481201172,22.18000030517578,23.299999237060547,0.5698564996362964
2025-04-01,IONQ,24.309999465942383,24.6200008392334,22.219999313354492,23.190000534057617,0.5481987288725859
2025-04-08,IONQ,24.049999237060547,24.599000930786133,20.649999618530273,21.280000686645508,0.8991584565818992
2025-04-11,IONQ,26.239999771118164,27.25,25.371000289916992,26.09000015258789,0.532710157073254
2025-04-14,IONQ,27.700000762939453,28.25,24.75,25.350000381469727,0.5027872248978913
2025-04-15,IONQ,25.59000015258789,26.075000762939453,24.665000915527344,25.399999618530273,0.560352960843676
2025-04-17,IONQ,24.93000030517578,25.8700008392334,24.479999542236328,25.739999771118164,0.5345630055007907
2025-04-22,IONQ,24.489999771118164,25.93000030517578,23.93000030517578,25.559999465942383,0.5020198706067368
2025-04-23,IONQ,27.09000015258789,27.84000015258789,26.270000457763672,26.799999237060547,0.6057701076581609
2025-05-01,IONQ,28.334999084472656,28.459999084472656,27.15999984741211,27.3799991607666,0.5393189206642595
2025-05-27,IONQ,46.54999923706055,48.08000183105469,43.599998474121094,48.040000915527344,0.5735745912311541
2025-05-29,IONQ,48.0,48.81999969482422,42.939998626708984,43.20000076293945,0.5758603870540446
2025-06-06,IONQ,37.66999816894531,39.95000076293945,36.79999923706055,39.02000045776367,0.5543643442174128
2025-07-25,IONQ,44.2400016784668,44.25,42.939998626708984,43.16999816894531,0.5079410604497475
2025-07-28,IONQ,43.91999816894531,44.529998779296875,41.435001373291016,42.34000015258789,0.5245929949158425
2025-07-29,IONQ,43.0099983215332,44.209999084472656,40.349998474121094,40.529998779296875,0.765215160428882
2025-07-30,IONQ,40.974998474121094,41.86000061035156,39.22999954223633,39.880001068115234,0.5042335729325809
2025-07-31,IONQ,41.119998931884766,42.275001525878906,39.619998931884766,39.869998931884766,0.7023277504206168
2025-08-04,IONQ,38.9900016784668,40.69599914550781,38.41999816894531,39.86000061035156,0.529419822638128
2025-08-20,IONQ,37.380001068115234,37.40999984741211,34.77000045776367,36.790000915527344,0.5038047473699727
2025-08-21,IONQ,37.25,37.37699890136719,36.45000076293945,37.16999816894531,0.510733940469165
2025-09-15,IONQ,56.880001068115234,59.88999938964844,55.95000076293945,59.11000061035156,0.5408424793114692
2025-09-17,IONQ,63.310001373291016,66.38999938964844,61.08000183105469,65.44000244140625,0.5237907826563206
2025-09-18,IONQ,68.56999969482422,70.43000030517578,65.41999816894531,66.80999755859375,0.567795355258747
2025-09-23,IONQ,74.08000183105469,76.12899780273438,71.44999694824219,75.13999938964844,0.5719132377146526
2025-10-07,IONQ,80.95999908447266,82.97000122070312,75.4800033569336,79.2300033569336,0.5364629286299896
2025-10-09,IONQ,74.87000274658203,78.0,73.6500015258789,77.5,0.5228202297123851
2025-10-20,IONQ,65.30999755859375,65.5,58.689998626708984,59.939998626708984,0.5313686010948171
2025-10-23,IONQ,61.099998474121094,62.93000030517578,57.0,59.369998931884766,0.5361889300972499
2025-10-24,IONQ,62.0099983215332,64.11000061035156,59.91999816894531,60.29999923706055,0.5798766874995427
2025-10-27,IONQ,63.0,65.5,62.279998779296875,62.79999923706055,0.5324680690448947
2025-10-29,IONQ,58.849998474121094,62.099998474121094,57.91999816894531,61.11000061035156,0.5039863642596504
2025-10-31,IONQ,61.0,62.970001220703125,59.959999084472656,62.380001068115234,0.5264323694422617
2025-11-05,IONQ,55.0,56.40999984741211,53.099998474121094,55.40999984741211,0.5300098178356535
2025-11-06,IONQ,57.279998779296875,58.9900016784668,54.099998474121094,57.43000030517578,0.509751260218673
2025-11-12,IONQ,54.7599983215332,55.599998474121094,49.88999938964844,50.709999084472656,0.510544227648951
2025-11-20,IONQ,48.56999969482422,49.56999969482422,40.689998626708984,41.0,0.5588919621141757
2025-11-21,IONQ,42.560001373291016,42.7599983215332,38.0,41.709999084472656,0.6224877838572919
2025-11-24,IONQ,42.75,47.334999084472656,42.4900016784668,46.7599983215332,0.5692719462359191
2025-11-26,IONQ,47.400001525878906,48.25,46.0099983215332,46.900001525878906,0.5130387845958561
2025-11-28,IONQ,47.70000076293945,49.849998474121094,47.56999969482422,49.29999923706055,0.5119989930555711
2025-12-15,IONQ,50.779998779296875,51.0,45.18000030517578,46.06999969482422,0.5134901447749445
2025-12-16,IONQ,46.939998626708984,49.900001525878906,46.900001525878906,49.66999816894531,0.5159305704353855
2025-12-19,IONQ,47.13999938964844,49.439998626708984,46.880001068115234,48.47999954223633,0.5105300182863336
2025-12-22,IONQ,49.880001068115234,55.599998474121094,49.66999816894531,53.86000061035156,0.521001087122554
2026-01-02,IONQ,46.0099983215332,47.09000015258789,43.79999923706055,46.77000045776367,0.5242028138132037
2024-01-02,IREN,7.860000133514404,7.889999866485596,6.75,6.800000190734863,0.8624958002428063
2024-01-04,IREN,6.75,7.130000114440918,6.563000202178955,6.739999771118164,0.5143566169447581
2024-01-05,IREN,6.789999961853027,6.800000190734863,6.119999885559082,6.190000057220459,0.6269727344577153
2024-01-11,IREN,7.0,7.139999866485596,5.760000228881836,6.039999961853027,0.7474139689046845
2024-01-18,IREN,4.809999942779541,4.875,4.295000076293945,4.329999923706055,0.6709901615261995
2024-01-24,IREN,4.25,4.449999809265137,3.9800000190734863,4.0,0.818585603728123
2024-01-26,IREN,4.300000190734863,4.360000133514404,4.190000057220459,4.269999980926514,0.6203361517965506
2024-02-01,IREN,3.950000047683716,3.9600000381469727,3.640000104904175,3.75,0.6643940740750105
2024-02-07,IREN,3.869999885559082,4.179999828338623,3.759999990463257,4.119999885559082,0.6520101988553082
2024-02-14,IREN,8.15999984741211,8.369999885559082,7.699999809265137,8.300000190734863,0.5531084300596363
2024-02-15,IREN,8.449999809265137,8.694000244140625,7.409999847412109,7.739999771118164,0.6506176577441426
2024-02-20,IREN,7.159999847412109,7.329999923706055,6.461999893188477,6.869999885559082,0.781327085369599
2024-02-22,IREN,6.760000228881836,7.0,6.5,6.630000114440918,0.6046499009792272
2024-02-27,IREN,7.320000171661377,7.329999923706055,6.690000057220459,6.769999980926514,0.5411510267235039
2024-02-28,IREN,6.989999771118164,6.989999771118164,5.940000057220459,6.050000190734863,0.7405119058306715
2024-02-29,IREN,6.244999885559082,6.300000190734863,5.550000190734863,5.900000095367432,0.5160603193116994
2024-03-01,IREN,5.949999809265137,6.010000228881836,5.552999973297119,5.989999771118164,0.6191568493944805
2024-03-04,IREN,6.099999904632568,6.210000038146973,5.460000038146973,5.699999809265137,0.6686336374386642
2024-03-11,IREN,5.679999828338623,5.78000020980835,5.070000171661377,5.079999923706055,0.8661123550879507
2024-03-12,IREN,5.130000114440918,5.14900016784668,4.815000057220459,4.929999828338623,0.6942045346752928
2024-03-18,IREN,4.650000095367432,4.679999828338623,4.440000057220459,4.610000133514404,0.5573097372095409
2024-03-21,IREN,5.699999809265137,6.139999866485596,5.474999904632568,5.650000095367432,0.8150573223532424
2024-03-25,IREN,5.150000095367432,5.829999923706055,5.139999866485596,5.579999923706055,0.5789682138098856
2024-03-27,IREN,5.909999847412109,5.940000057220459,5.28000020980835,5.369999885559082,0.5113054619439978
2024-04-04,IREN,5.920000076293945,6.349999904632568,5.710000038146973,5.760000228881836,0.6523766744897522
2024-04-08,IREN,6.079999923706055,6.329999923706055,5.295000076293945,5.409999847412109,0.6214747368475506
2024-04-18,IREN,4.550000190734863,4.920000076293945,4.440000057220459,4.679999828338623,0.6474163040193014
2024-05-03,IREN,4.769999980926514,4.989999771118164,4.679999828338623,4.730000019073486,0.5113570323072579
2024-05-10,IREN,5.150000095367432,5.255000114440918,4.764999866485596,4.789999961853027,0.5455071049628094
2024-05-13,IREN,4.929999828338623,5.070000171661377,4.800000190734863,4.849999904632568,0.5848666908874682
2024-05-15,IREN,5.059999942779541,5.230000019073486,4.840000152587891,5.199999809265137,0.5681501457448973
2024-05-30,IREN,7.800000190734863,7.960000038146973,7.28000020980835,7.409999847412109,0.5099939975198354
2024-05-31,IREN,7.539999961853027,7.920000076293945,7.349999904632568,7.789999961853027,0.5128369831360127
2024-06-03,IREN,8.244999885559082,9.09000015258789,7.960000038146973,8.0,0.6104291434209875
2024-06-04,IREN,8.25,9.390000343322754,8.022000312805176,8.890000343322754,0.520037618615995
2024-06-12,IREN,13.010000228881836,13.6899995803833,12.34000015258789,13.550000190734863,0.5432130752557316
2024-06-13,IREN,13.630000114440918,14.949999809265137,12.9399995803833,13.699999809265137,0.6822697639198292
2024-06-20,IREN,14.050000190734863,14.3100004196167,13.289999961853027,13.899999618530273,0.845479820316805
2024-07-08,IREN,15.418000221252441,15.75,14.229999542236328,14.630000114440918,0.728873382994999
2024-07-09,IREN,14.760000228881836,15.140000343322754,12.640000343322754,12.819999694824219,0.781671209074553
2024-07-10,IREN,13.550000190734863,13.859999656677246,12.8100004196167,12.899999618530273,0.7008460293219552
2024-07-11,IREN,13.229999542236328,13.90999984741211,10.234999656677246,11.199999809265137,0.7497288025037513
2024-07-15,IREN,12.949999809265137,13.140000343322754,11.850000381469727,11.994999885559082,0.5698411209939052
2024-07-18,IREN,11.539999961853027,11.59000015258789,10.109999656677246,10.229999542236328,0.6098159934596122
2024-07-22,IREN,11.5,12.029999732971191,10.84000015258789,11.579999923706055,0.629495382752755
2024-07-24,IREN,11.239999771118164,11.489999771118164,10.175000190734863,10.204999923706055,0.7048628691049217
2024-07-26,IREN,9.899999618530273,10.180000305175781,9.470000267028809,9.539999961853027,0.771196231201982
2024-07-29,IREN,9.84000015258789,10.34000015258789,9.420000076293945,9.720000267028809,0.7518267911874646
2024-08-06,IREN,8.625,8.65999984741211,7.659999847412109,7.920000076293945,0.6325086030400268
2024-08-14,IREN,7.429999828338623,7.590000152587891,7.239999771118164,7.25,0.6765527282517697
2024-08-19,IREN,8.0600004196167,8.3100004196167,7.78000020980835,8.119999885559082,0.5353769734265916
2024-08-20,IREN,8.359999656677246,8.550000190734863,7.829999923706055,8.130000114440918,0.6501137146756363
2024-08-29,IREN,8.279999732971191,9.199999809265137,8.239999771118164,8.520000457763672,0.6395111397255588
2024-09-06,IREN,6.909999847412109,7.010000228881836,6.304999828338623,6.440000057220459,0.6102282290359959
2024-09-19,IREN,8.199999809265137,8.300000190734863,7.71999979019165,7.789999961853027,0.761235325533959
2024-09-26,IREN,9.100000381469727,9.40999984741211,8.75,9.130000114440918,0.6999451798609807
2024-10-07,IREN,8.729999542236328,9.0,8.234999656677246,8.350000381469727,0.6205672937122853
2024-10-14,IREN,8.109999656677246,8.65999984741211,7.888999938964844,8.529999732971191,0.5081762700579785
2024-10-18,IREN,9.220000267028809,9.670000076293945,9.130000114440918,9.489999771118164,0.5023357370393211
2024-10-24,IREN,8.829999923706055,9.414999961853027,8.829999923706055,9.239999771118164,0.5822269965979028
2024-10-25,IREN,9.3100004196167,9.6899995803833,8.979999542236328,9.25,0.5328013713116564
2024-10-29,IREN,11.335000038146973,11.350000381469727,10.390000343322754,10.550000190734863,0.6754145596833708
2024-11-01,IREN,9.260000228881836,9.640000343322754,8.895000457763672,9.050000190734863,0.5775475412900835
2024-11-05,IREN,8.699999809265137,9.095000267028809,8.520000457763672,8.9399995803833,0.5326133387611964
2024-11-15,IREN,10.699999809265137,10.824999809265137,10.119999885559082,10.670000076293945,0.5760692372395902
2024-12-05,IREN,15.010000228881836,15.4399995803833,13.829999923706055,14.149999618530273,0.5070912630425066
2024-12-12,IREN,14.199999809265137,14.920000076293945,13.300000190734863,13.430000305175781,0.550969600230881
2024-12-17,IREN,14.100000381469727,14.289999961853027,13.300000190734863,13.729999542236328,0.6310559009997123
2024-12-19,IREN,12.65999984741211,12.84000015258789,11.324999809265137,11.414999961853027,0.6385487742738647
2024-12-24,IREN,11.880000114440918,11.9399995803833,11.4399995803833,11.8100004196167,0.6285852496904512
2024-12-31,IREN,10.180000305175781,10.279999732971191,9.770000457763672,9.819999694824219,0.7796310572398737
2025-01-02,IREN,10.3100004196167,11.020000457763672,10.109999656677246,10.460000038146973,0.5037093331021049
2025-01-06,IREN,11.720000267028809,12.020000457763672,11.34000015258789,11.770000457763672,0.5610715810445064
2025-01-14,IREN,11.149999618530273,11.399999618530273,10.725000381469727,10.970000267028809,0.6852906054282644
2025-01-15,IREN,11.649999618530273,11.949999809265137,11.289999961853027,11.550000190734863,0.5345708556798645
2025-01-17,IREN,12.029999732971191,12.600000381469727,11.800000190734863,11.989999771118164,0.5453467509584979
2025-01-28,IREN,10.380000114440918,10.399999618530273,9.390000343322754,10.079999923706055,0.5547483345110801
2025-01-30,IREN,10.25,10.739999771118164,10.0649995803833,10.300000190734863,0.5464432677407294
2025-01-31,IREN,10.739999771118164,10.8100004196167,10.09000015258789,10.220000267028809,0.6393279687755483
2025-02-05,IREN,10.75,11.175000190734863,10.75,11.069999694824219,0.6168998425024445
2025-02-06,IREN,11.220000267028809,11.989999771118164,11.220000267028809,11.59000015258789,0.6512886509678086
2025-02-19,IREN,13.109999656677246,13.619999885559082,12.970000267028809,13.0,0.613954068481711
2025-02-20,IREN,13.300000190734863,13.300000190734863,12.09000015258789,12.359999656677246,0.6302137355418375
2025-02-21,IREN,12.5600004196167,12.739999771118164,10.819999694824219,10.880000114440918,0.769396199804773
2025-02-24,IREN,10.96500015258789,11.010000228881836,10.020000457763672,10.15999984741211,0.705329861844745
2025-02-27,IREN,8.770000457763672,8.890000343322754,7.800000190734863,7.860000133514404,0.8356871663564719
2025-03-03,IREN,8.90999984741211,8.960000038146973,7.480000019073486,7.570000171661377,0.8902404897098425
2025-03-12,IREN,7.329999923706055,7.400000095367432,6.684999942779541,7.039999961853027,0.760172609045901
2025-03-13,IREN,7.159999847412109,7.264999866485596,6.724999904632568,6.75,0.5639139120962193
2025-04-08,IREN,6.175000190734863,6.199999809265137,5.190000057220459,5.300000190734863,0.9737450353326574
2025-04-14,IREN,5.889999866485596,5.929999828338623,5.59499979019165,5.75,0.7102596693377639
2025-04-23,IREN,6.480000019073486,6.550000190734863,5.989999771118164,6.099999904632568,0.8328963349092126
2025-05-01,IREN,6.400000095367432,6.519999980926514,6.230000019073486,6.369999885559082,0.610753889293248
2025-05-08,IREN,6.869999885559082,7.090000152587891,6.760000228881836,6.889999866485596,0.5305362666111083
2025-05-12,IREN,7.445000171661377,7.760000228881836,7.290999889373779,7.510000228881836,0.7338540076616615
2025-05-22,IREN,9.350000381469727,9.670000076293945,9.1899995803833,9.279999732971191,0.5061277965942238
2025-05-29,IREN,9.039999961853027,9.048999786376953,8.5600004196167,8.600000381469727,0.8602203344486828
2025-06-09,IREN,10.279999732971191,10.399999618530273,9.869999885559082,10.34000015258789,0.574529036476506
2025-06-10,IREN,10.569999694824219,10.600000381469727,10.210000038146973,10.489999771118164,0.5569883539129046
2025-06-20,IREN,10.244999885559082,10.899999618530273,10.1899995803833,10.470000267028809,0.6168270223073541
2025-07-08,IREN,17.459999084472656,18.299999237060547,16.809999465942383,16.889999389648438,0.8085927310705414
2025-07-09,IREN,17.3700008392334,17.3799991607666,16.55500030517578,16.959999084472656,0.6330426608803833
2025-07-11,IREN,17.614999771118164,17.91699981689453,16.219999313354492,16.229999542236328,0.7629801573871651
2025-07-21,IREN,18.469999313354492,21.540000915527344,18.09000015258789,18.149999618530273,0.5630622912044339
2025-07-24,IREN,19.125,19.360000610351562,17.920000076293945,18.139999389648438,0.5521719558027121
2025-07-28,IREN,17.84000015258789,17.84000015258789,16.34000015258789,16.579999923706055,0.6829156268799733
2025-07-31,IREN,16.75,17.094999313354492,16.079999923706055,16.110000610351562,0.7155223873402008
2025-08-07,IREN,18.700000762939453,18.959999084472656,17.600000381469727,18.56999969482422,0.5667885553115463
2025-08-08,IREN,18.815000534057617,19.059999465942383,18.1299991607666,18.450000762939453,0.6470309711412765
2025-08-11,IREN,19.06999969482422,19.84000015258789,17.940000534057617,17.969999313354492,0.5830867097817893
2025-08-13,IREN,17.959999084472656,18.424999237060547,17.610000610351562,17.729999542236328,0.5407271044100702
2025-08-19,IREN,20.899999618530273,20.920000076293945,18.549999237060547,18.729999542236328,0.6762830933126329
2025-08-29,IREN,27.5,29.5,25.6200008392334,26.479999542236328,0.662455906298291
2025-09-03,IREN,30.0,30.014999389648438,27.610000610351562,28.209999084472656,0.7563004301542409
2025-09-05,IREN,27.155000686645508,27.299999237060547,25.309999465942383,26.149999618530273,0.5856782818804743
2025-09-16,IREN,37.459999084472656,37.66999816894531,35.7599983215332,36.45000076293945,0.539339945168803
2025-09-18,IREN,38.380001068115234,38.5,36.029998779296875,36.31999969482422,0.5258202962641599
2025-09-22,IREN,41.3849983215332,42.93000030517578,39.64500045776367,41.900001525878906,0.5119939956556222
2025-09-23,IREN,43.02000045776367,44.25,40.58000183105469,41.77000045776367,0.6287353435115528
2025-09-24,IREN,43.3849983215332,49.29999923706055,43.31999969482422,47.13999938964844,0.5369431340169439
2025-10-07,IREN,60.224998474121094,63.400001525878906,55.459999084472656,61.68000030517578,0.5535365988848541
2025-10-10,IREN,67.87999725341797,70.05000305175781,58.02000045776367,59.77000045776367,0.7297421537378356
2025-10-15,IREN,71.38500213623047,74.1500015258789,66.54000091552734,67.9800033569336,0.633890743060821
2025-10-16,IREN,68.94000244140625,68.94000244140625,61.099998474121094,61.83000183105469,0.7036264068424629
2025-10-20,IREN,63.61000061035156,63.70000076293945,57.43000030517578,59.220001220703125,0.6721150219072621
2025-10-27,IREN,64.98999786376953,66.4800033569336,62.560001373291016,64.98999786376953,0.678951089071239
2025-10-31,IREN,61.79999923706055,63.18000030517578,59.459999084472656,60.75,0.6571063553174612
2025-11-03,IREN,73.06999969482422,75.7300033569336,64.37999725341797,67.75,0.6909801048046841
2025-11-10,IREN,65.8499984741211,68.30000305175781,59.779998779296875,60.16999816894531,0.6194357264391596
2025-11-12,IREN,58.310001373291016,58.45000076293945,53.540000915527344,55.70000076293945,0.5630403596004533
2025-11-19,IREN,49.529998779296875,52.31999969482422,45.52000045776367,45.83000183105469,0.6137524259525887
2025-11-20,IREN,48.970001220703125,54.060001373291016,43.20000076293945,43.470001220703125,0.9270997920501926
2025-12-08,IREN,45.31999969482422,46.560001373291016,43.619998931884766,46.34000015258789,0.5678454833187544
2025-12-15,IREN,40.34000015258789,40.369998931884766,35.36000061035156,35.47999954223633,0.7455645646103279
2025-12-17,IREN,37.16999816894531,37.38999938964844,33.611000061035156,33.779998779296875,0.6490683137830487
2025-12-18,IREN,35.65999984741211,36.92499923706055,35.06999969482422,35.79999923706055,0.5861393267470956
2025-12-19,IREN,36.900001525878906,40.36000061035156,36.689998626708984,39.91999816894531,0.5812297079245347
2025-12-22,IREN,42.0620002746582,43.52000045776367,41.0099983215332,42.040000915527344,0.5667431207182176
2025-12-26,IREN,42.529998779296875,42.63999938964844,39.529998779296875,40.29999923706055,0.5680418501812694
2025-12-30,IREN,39.619998931884766,39.900001525878906,38.119998931884766,38.29999923706055,0.6736296756106451
2026-01-02,IREN,39.0099983215332,42.75,38.06999969482422,42.70000076293945,0.5765625171335516
2026-01-05,IREN,44.79999923706055,48.29999923706055,44.16999816894531,48.2400016784668,0.5507334496487758
2026-01-12,IREN,46.724998474121094,51.625,45.849998474121094,50.33000183105469,0.5804560885694193
2024-01-24,KTOS,18.219999313354492,18.270000457763672,17.34000015258789,17.389999389648438,0.8028563942057715
2024-01-31,KTOS,17.389999389648438,17.479999542236328,16.93000030517578,16.93000030517578,0.6683538356502023
2024-02-01,KTOS,17.079999923706055,17.239999771118164,16.709999084472656,17.239999771118164,0.5171628202791897
2024-02-15,KTOS,21.09000015258789,21.09000015258789,20.450000762939453,20.700000762939453,0.671161283711797
2024-02-26,KTOS,18.219999313354492,18.6299991607666,18.020000457763672,18.559999465942383,0.5391919368212087
2024-03-08,KTOS,18.780000686645508,18.799999237060547,18.389999389648438,18.489999771118164,0.5017335514578819
2024-03-21,KTOS,17.639999389648438,17.8799991607666,17.450000762939453,17.770000457763672,0.7975857263182835
2024-04-01,KTOS,18.559999465942383,18.889999389648438,18.350000381469727,18.360000610351562,0.5103279359064142
2024-04-04,KTOS,18.3700008392334,18.600000381469727,17.600000381469727,17.639999389648438,0.5662393340825239
2024-04-17,KTOS,17.799999237060547,17.899999618530273,17.3799991607666,17.75,0.696962549660475
2024-04-29,KTOS,19.0,19.139999389648438,18.600000381469727,18.65999984741211,0.6606798519610739
2024-05-03,KTOS,18.43000030517578,18.559999465942383,17.989999771118164,18.540000915527344,0.5130079207071909
2024-05-08,KTOS,19.110000610351562,20.049999237060547,18.559999465942383,19.84000015258789,0.5139868761569193
2024-05-15,KTOS,20.229999542236328,20.520000457763672,20.1299991607666,20.309999465942383,0.5356142815325763
2024-06-12,KTOS,20.729999542236328,20.780000686645508,20.360000610351562,20.459999084472656,0.7139779551843376
2024-06-28,KTOS,20.15999984741211,20.489999771118164,19.780000686645508,20.010000228881836,0.6647284966797288
2024-07-08,KTOS,20.809999465942383,21.280000686645508,20.75,20.780000686645508,0.5310015308883432
2024-07-22,KTOS,21.1200008392334,21.520000457763672,20.809999465942383,21.399999618530273,0.5145651360653418
2024-08-07,KTOS,20.559999465942383,20.81999969482422,20.020000457763672,20.06999969482422,0.8046140651012763
2024-08-09,KTOS,19.899999618530273,20.200000762939453,19.649999618530273,19.729999542236328,0.5643668052562414
2024-08-12,KTOS,19.969999313354492,20.049999237060547,19.360000610351562,19.6200008392334,0.5074668580740274
2024-08-14,KTOS,19.950000762939453,20.309999465942383,19.690000534057617,19.84000015258789,0.5659050822428374
2024-08-22,KTOS,21.290000915527344,21.700000762939453,21.200000762939453,21.649999618530273,0.5288677552860789
2024-09-10,KTOS,21.489999771118164,21.489999771118164,20.899999618530273,21.219999313354492,0.6585567938150262
2024-09-19,KTOS,23.979999542236328,24.079999923706055,22.3799991607666,22.799999237060547,0.739741577079463
2024-09-26,KTOS,23.350000381469727,23.56999969482422,23.149999618530273,23.190000534057617,0.6808203008481547
2024-10-25,KTOS,24.170000076293945,24.43000030517578,23.950000762939453,23.950000762939453,0.5021055680043636
2024-11-06,KTOS,24.719999313354492,24.920000076293945,23.889999389648438,24.270000457763672,0.592625552885767
2024-11-13,KTOS,27.579999923706055,28.6200008392334,27.530000686645508,27.729999542236328,0.5228396740288944
2024-11-15,KTOS,25.530000686645508,25.530000686645508,24.3700008392334,24.420000076293945,0.6318687621031173
2024-11-19,KTOS,24.639999389648438,25.079999923706055,24.3799991607666,25.049999237060547,0.5055956585462242
2024-12-03,KTOS,27.049999237060547,27.079999923706055,26.030000686645508,26.360000610351562,0.5158442837325904
2024-12-09,KTOS,28.299999237060547,28.3700008392334,26.84000015258789,27.229999542236328,0.5129697691891729
2024-12-19,KTOS,26.020000457763672,26.3700008392334,25.260000228881836,25.600000381469727,0.5515466734382886
2024-12-27,KTOS,26.920000076293945,27.270000457763672,26.350000381469727,26.520000457763672,0.7194778376840211
2024-12-31,KTOS,26.65999984741211,26.850000381469727,26.25,26.3799991607666,0.650646575769225
2025-01-07,KTOS,29.8799991607666,30.389999389648438,28.360000610351562,28.610000610351562,0.7100376360354617
2025-01-13,KTOS,29.700000762939453,31.190000534057617,29.3700008392334,30.889999389648438,0.535535013401625
2025-01-17,KTOS,33.84000015258789,34.529998779296875,33.20000076293945,33.619998931884766,0.5566970788546501
2025-02-05,KTOS,34.599998474121094,34.779998779296875,34.15999984741211,34.279998779296875,0.5881286349849785
2025-02-21,KTOS,27.030000686645508,27.219999313354492,25.190000534057617,25.290000915527344,0.8181661027805479
2025-02-24,KTOS,25.559999465942383,25.559999465942383,23.899999618530273,24.389999389648438,0.6182783242007514
2025-02-25,KTOS,24.559999465942383,25.219999313354492,24.329999923706055,25.110000610351562,0.536717964984493
2025-03-03,KTOS,26.770000457763672,26.799999237060547,25.899999618530273,26.010000228881836,0.6989484587989593
2025-03-10,KTOS,27.670000076293945,30.049999237060547,27.399999618530273,29.18000030517578,0.6004600507659166
2025-03-12,KTOS,29.479999542236328,30.010000228881836,29.1299991607666,29.600000381469727,0.6943795081637296
2025-03-24,KTOS,30.969999313354492,32.59000015258789,30.950000762939453,32.529998779296875,0.5488554732378421
2025-04-08,KTOS,29.43000030517578,30.84000015258789,28.270000457763672,28.920000076293945,0.9304722758247409
2025-04-14,KTOS,33.599998474121094,33.599998474121094,32.36000061035156,32.9900016784668,0.6235318792678014
2025-04-17,KTOS,33.470001220703125,33.939998626708984,32.88999938964844,33.09000015258789,0.7864667203271039
2025-04-23,KTOS,33.15999984741211,33.849998474121094,32.47999954223633,32.959999084472656,0.6722437567562611
2025-05-01,KTOS,34.38999938964844,35.15999984741211,33.599998474121094,34.93000030517578,0.5355628990653923
2025-05-08,KTOS,36.599998474121094,36.75,33.459999084472656,34.220001220703125,0.5842742386254106
2025-05-12,KTOS,34.43000030517578,34.66999816894531,32.849998474121094,33.93000030517578,0.833728811382211
2025-05-29,KTOS,37.529998779296875,37.84000015258789,36.04999923706055,36.43000030517578,0.7895631216311647
2025-06-02,KTOS,37.70000076293945,38.56999969482422,37.29999923706055,38.040000915527344,0.5648990456108686
2025-06-05,KTOS,40.66999816894531,40.939998626708984,39.959999084472656,40.36000061035156,0.5139706019767386
2025-06-06,KTOS,40.93000030517578,41.470001220703125,40.15999984741211,40.470001220703125,0.5340444324597403
2025-06-13,KTOS,41.650001525878906,42.72999954223633,40.77000045776367,41.7599983215332,0.5436322361279176
2025-06-20,KTOS,42.459999084472656,43.7400016784668,40.83000183105469,43.11000061035156,0.526191670436503
2025-06-30,KTOS,46.38999938964844,47.09000015258789,45.40999984741211,46.45000076293945,0.503572420812155
2025-07-07,KTOS,45.41999816894531,46.25,43.880001068115234,44.779998779296875,0.782317908697185
2025-07-21,KTOS,60.0099983215332,61.43000030517578,58.4900016784668,58.779998779296875,0.583353687245325
2025-07-28,KTOS,61.189998626708984,61.290000915527344,57.349998474121094,59.36000061035156,0.7031237935509198
2025-07-29,KTOS,60.599998474121094,60.72999954223633,56.619998931884766,57.09000015258789,0.6971513209040385
2025-08-05,KTOS,61.09000015258789,62.79999923706055,57.900001525878906,59.400001525878906,0.5921121846307248
2025-08-08,KTOS,60.06999969482422,66.12999725341797,60.04999923706055,63.880001068115234,0.5727612414081164
2025-08-11,KTOS,65.94999694824219,68.68000030517578,64.58999633789062,65.41000366210938,0.5419542433606709
2025-08-14,KTOS,70.19999694824219,72.69999694824219,68.75,69.12000274658203,0.5126674679002224
2025-09-05,KTOS,64.5,65.29000091552734,61.400001525878906,64.80999755859375,0.5983574661178557
2025-09-10,KTOS,65.3499984741211,66.75,64.19000244140625,65.66000366210938,0.5178614686889199
2025-09-11,KTOS,66.08999633789062,69.13999938964844,65.5999984741211,67.66999816894531,0.5044213593024397
2025-09-24,KTOS,84.37000274658203,85.0,80.8499984741211,81.18000030517578,0.5535700564910087
2025-09-26,KTOS,85.0,86.83999633789062,84.43000030517578,86.27999877929688,0.5128372455940025
2025-09-29,KTOS,88.94999694824219,89.66999816894531,87.80000305175781,88.08000183105469,0.5010469205230712
2025-10-02,KTOS,95.0,96.4000015258789,92.52999877929688,95.02999877929688,0.5513029311479705
2025-10-03,KTOS,95.69000244140625,98.12000274658203,93.86000061035156,96.19000244140625,0.5215268898428806
2025-10-06,KTOS,98.3499984741211,103.0,98.0199966430664,100.25,0.5094151592992275
2025-10-07,KTOS,101.1500015258789,104.70999908447266,100.0,103.69000244140625,0.607689615007627
2025-10-09,KTOS,107.63999938964844,112.56999969482422,96.80000305175781,98.55000305175781,0.5709285363017587
2025-10-15,KTOS,97.94999694824219,98.48999786376953,89.16000366210938,90.58000183105469,0.5696136617170909
2025-10-16,KTOS,91.98999786376953,92.58999633789062,88.48999786376953,88.62000274658203,0.6631499777958227
2025-10-20,KTOS,87.27999877929688,88.72000122070312,85.19999694824219,86.6500015258789,0.736345856885005
2025-10-27,KTOS,93.06999969482422,94.5999984741211,88.26000213623047,90.68000030517578,0.6944916677769554
2025-10-31,KTOS,89.5,92.1500015258789,87.91000366210938,90.5999984741211,0.5955429209753405
2025-11-06,KTOS,77.94999694824219,79.47000122070312,70.2699966430664,72.41000366210938,0.6774626957305937
2025-11-10,KTOS,81.43000030517578,82.0,77.05000305175781,79.18000030517578,0.6400233028922362
2025-11-20,KTOS,74.4800033569336,74.4800033569336,66.91000366210938,67.30999755859375,0.8844672081226832
2025-11-26,KTOS,75.80000305175781,77.16999816894531,75.30999755859375,75.7699966430664,0.5114550497514614
2025-12-01,KTOS,76.5999984741211,76.5999984741211,72.93000030517578,73.20999908447266,0.8156330804938662
2025-12-08,KTOS,77.58999633789062,78.06999969482422,75.1500015258789,77.02999877929688,0.5114869533953798
2025-12-22,KTOS,77.0,81.87000274658203,76.80999755859375,81.52999877929688,0.5084716086048601
2025-12-30,KTOS,78.19000244140625,78.19000244140625,75.80000305175781,75.9800033569336,0.593497596175381
2025-12-31,KTOS,76.80000305175781,76.97000122070312,74.87999725341797,75.91000366210938,0.5136899108513737
2026-01-02,KTOS,76.55000305175781,79.7300033569336,74.33000183105469,79.29000091552734,0.5097961607347172
2026-01-05,KTOS,84.91000366210938,90.11000061035156,82.12999725341797,89.93000030517578,0.5139519955006422
2026-01-08,KTOS,99.52999877929688,109.80000305175781,98.7699966430664,104.04000091552734,0.5767915322198233
2026-01-12,KTOS,116.8499984741211,119.62999725341797,114.5,117.86000061035156,0.7271275172877515
2026-01-13,KTOS,118.91000366210938,121.56999969482422,117.19999694824219,119.72000122070312,0.5556247069118081
2024-01-05,LEU,50.90999984741211,51.279998779296875,50.040000915527344,50.130001068115234,0.5787890541065955
2024-01-10,LEU,51.290000915527344,52.349998474121094,49.369998931884766,49.58000183105469,0.5734154943074897
2024-01-18,LEU,56.470001220703125,57.0,52.630001068115234,54.9900016784668,0.6475187001389042
2024-01-22,LEU,55.0,56.959999084472656,53.52000045776367,54.189998626708984,0.500893393548808
2024-01-24,LEU,55.849998474121094,56.9900016784668,54.36000061035156,54.41999816894531,0.861758893523891
2024-01-25,LEU,54.9900016784668,54.9900016784668,52.29999923706055,52.56999969482422,0.7005804391362757
2024-02-01,LEU,51.29999923706055,54.97999954223633,50.29999923706055,51.58000183105469,0.5729336350846354
2024-02-06,LEU,48.5,48.7599983215332,47.15999984741211,47.5,0.5150533021454282
2024-02-09,LEU,53.36000061035156,53.400001525878906,45.68000030517578,45.689998626708984,0.8459771343347996
2024-02-12,LEU,46.0,48.59000015258789,46.0,46.97999954223633,0.5343254907698254
2024-02-14,LEU,46.2400016784668,46.34000015258789,43.790000915527344,44.81999969482422,0.5714613919134887
2024-03-04,LEU,44.040000915527344,44.20000076293945,40.93000030517578,41.38999938964844,0.886289766210691
2024-03-08,LEU,42.22999954223633,42.25,39.25,40.04999923706055,0.6057579693134694
2024-03-11,LEU,40.470001220703125,40.47999954223633,39.0,39.369998931884766,0.6300640063913684
2024-03-14,LEU,38.880001068115234,39.810001373291016,38.09000015258789,38.5099983215332,0.6612590012326266
2024-04-02,LEU,43.900001525878906,44.959999084472656,43.08000183105469,44.709999084472656,0.6462279370757058
2024-04-04,LEU,47.810001373291016,47.81999969482422,44.38999938964844,45.47999954223633,0.5906325962015848
2024-04-11,LEU,43.63999938964844,44.59000015258789,42.40999984741211,44.18000030517578,0.5808467631481484
2024-04-12,LEU,44.43000030517578,45.56999969482422,42.91999816894531,43.40999984741211,0.7329866190724946
2024-04-15,LEU,44.4900016784668,44.54999923706055,41.66999816894531,41.86000061035156,0.5361296193144981
2024-05-01,LEU,44.029998779296875,45.0,41.310001373291016,43.060001373291016,0.5179386261136391
2024-05-03,LEU,46.310001373291016,46.310001373291016,43.900001525878906,45.04999923706055,0.5653296136507916
2024-05-13,LEU,44.310001373291016,44.40999984741211,43.22999954223633,43.38999938964844,0.5374869252408541
2024-05-15,LEU,43.66999816894531,44.040000915527344,42.5,43.20000076293945,0.5462261275270255
2024-05-23,LEU,47.86000061035156,47.91999816894531,45.810001373291016,45.93000030517578,0.8024730147799796
2024-05-28,LEU,50.40999984741211,51.84000015258789,49.20000076293945,50.970001220703125,0.5513808767417054
2024-06-03,LEU,50.2599983215332,50.459999084472656,46.63999938964844,47.09000015258789,0.5309029626703032
2024-06-10,LEU,44.189998626708984,45.25,43.959999084472656,44.70000076293945,0.5586555846276311
2024-06-12,LEU,42.84000015258789,42.970001220703125,41.900001525878906,42.59000015258789,0.7509392475093992
2024-06-20,LEU,42.380001068115234,44.2400016784668,42.290000915527344,42.630001068115234,0.6004642771658294
2024-06-28,LEU,43.25,43.7400016784668,41.77000045776367,42.75,0.672503276447842
2024-07-01,LEU,43.459999084472656,43.459999084472656,41.290000915527344,41.900001525878906,0.7183798709626084
2024-07-08,LEU,41.790000915527344,42.11000061035156,38.689998626708984,39.220001220703125,0.606662502416063
2024-07-24,LEU,43.86000061035156,43.86000061035156,42.310001373291016,42.54999923706055,0.8075115421529152
2024-07-26,LEU,42.06999969482422,42.849998474121094,41.4900016784668,42.689998626708984,0.622514722204436
2024-08-01,LEU,43.91999816894531,43.91999816894531,39.5,40.72999954223633,0.6506142627535452
2024-08-07,LEU,43.790000915527344,43.790000915527344,39.9900016784668,42.29999923706055,0.7072721528106031
2024-08-12,LEU,40.849998474121094,40.849998474121094,38.369998931884766,39.16999816894531,0.5293671707972043
2024-08-14,LEU,38.02000045776367,38.349998474121094,36.70000076293945,36.849998474121094,0.6213391262131291
2024-08-20,LEU,39.29999923706055,39.7400016784668,38.529998779296875,38.7599983215332,0.5886068591123556
2024-08-26,LEU,40.18000030517578,40.349998474121094,38.29999923706055,38.599998474121094,0.543421307982097
2024-08-29,LEU,38.47999954223633,39.63999938964844,38.15999984741211,39.349998474121094,0.5062647786774295
2024-09-10,LEU,37.08000183105469,37.08000183105469,35.560001373291016,36.31999969482422,0.6803265801328031
2024-09-16,LEU,39.75,40.11000061035156,39.119998931884766,39.86000061035156,0.5812905082744518
2024-09-19,LEU,41.119998931884766,41.5,40.34000015258789,41.45000076293945,0.6736523012453302
2024-09-26,LEU,56.400001525878906,57.380001068115234,54.599998474121094,54.790000915527344,0.7718999770475401
2024-10-03,LEU,67.01000213623047,67.01000213623047,62.7599983215332,64.87000274658203,0.7231839981741455
2024-10-07,LEU,69.5,69.5,63.959999084472656,64.66000366210938,0.6467252878163651
2024-10-15,LEU,59.599998474121094,64.37999725341797,58.970001220703125,61.29999923706055,0.5531306731661744
2024-10-17,LEU,84.0,90.19999694824219,79.33999633789062,81.05000305175781,0.5031676915725958
2024-10-21,LEU,104.0,104.5,92.1500015258789,94.4800033569336,0.7060334208670741
2024-10-22,LEU,95.0,99.9000015258789,87.19000244140625,93.36000061035156,0.8330148441031685
2024-10-30,LEU,106.16000366210938,108.7300033569336,99.8499984741211,103.29000091552734,0.6231446616115035
2024-11-01,LEU,106.30000305175781,118.36000061035156,102.7699966430664,109.52999877929688,0.5547771296473297
2024-11-11,LEU,95.0,95.0,87.66999816894531,91.58999633789062,0.5618823327657602
2024-11-13,LEU,93.48999786376953,95.0,80.30000305175781,81.5999984741211,0.7425988949029507
2024-11-14,LEU,82.36000061035156,83.37999725341797,78.38999938964844,79.33999633789062,0.6237048410668604
2024-11-22,LEU,83.91999816894531,87.8499984741211,78.5,86.8499984741211,0.5780411000873575
2024-11-25,LEU,88.41999816894531,88.7699966430664,81.80000305175781,83.16999816894531,0.5240315148073101
2024-11-27,LEU,82.30000305175781,86.3499984741211,82.08999633789062,82.48999786376953,0.5128642237853596
2024-12-02,LEU,92.81999969482422,92.81999969482422,82.0999984741211,82.47000122070312,0.6345058721077832
2024-12-06,LEU,79.7300033569336,81.94999694824219,76.62999725341797,78.29000091552734,0.5224031194335386
2024-12-11,LEU,76.0,79.33999633789062,74.3499984741211,75.11000061035156,0.5921742505302448
2024-12-12,LEU,75.61000061035156,78.0,73.5999984741211,74.54000091552734,0.6035730498580242
2024-12-18,LEU,73.0,74.6500015258789,68.0,69.31999969482422,0.7878453060527468
2024-12-19,LEU,70.0,71.41999816894531,67.0,68.2300033569336,0.6348320747773631
2024-12-27,LEU,73.30000305175781,74.7699966430664,68.76000213623047,70.70999908447266,0.8088646198439817
2024-12-31,LEU,68.79000091552734,69.87999725341797,65.11000061035156,66.61000061035156,0.6317101843944852
2025-01-06,LEU,83.80000305175781,84.23999786376953,80.5,81.58000183105469,0.5896319634093578
2025-01-14,LEU,72.02999877929688,72.75,68.5999984741211,69.86000061035156,0.5620938379475715
2025-01-17,LEU,75.22000122070312,79.12000274658203,74.12999725341797,77.83000183105469,0.5489968979360565
2025-01-22,LEU,94.38999938964844,94.38999938964844,88.63999938964844,90.80999755859375,0.5787909424687165
2025-01-31,LEU,86.91000366210938,87.45999908447266,82.13999938964844,82.30000305175781,0.6012450187532009
2025-02-06,LEU,85.23999786376953,85.54000091552734,78.83999633789062,81.80999755859375,0.6188402852546849
2025-02-25,LEU,92.3499984741211,93.66999816894531,85.5,87.62999725341797,0.5021374660232095
2025-02-26,LEU,90.36000061035156,95.5,88.86000061035156,93.5,0.6784060739316936
2025-02-27,LEU,96.5,98.0,89.33000183105469,89.5199966430664,0.8329765077545631
2025-03-03,LEU,92.66000366210938,93.33000183105469,82.62000274658203,84.0,0.6967132688920853
2025-03-12,LEU,77.0,78.5999984741211,73.0999984741211,74.23999786376953,0.7513851735450194
2025-03-26,LEU,74.2300033569336,74.36000061035156,69.18000030517578,69.98999786376953,0.6953311829359334
2025-04-01,LEU,64.66000366210938,68.19000244140625,60.650001525878906,64.91000366210938,0.628459960061191
2025-04-08,LEU,63.65999984741211,64.30000305175781,53.75,55.45000076293945,0.9799193573199235
2025-04-14,LEU,67.18000030517578,67.18000030517578,61.40999984741211,64.87000274658203,0.7198453692271352
2025-04-23,LEU,67.61000061035156,68.87999725341797,65.93000030517578,67.2699966430664,0.7379053936110084
2025-04-28,LEU,72.0,72.52999877929688,67.69999694824219,70.37000274658203,0.6502124300173547
2025-05-01,LEU,70.87999725341797,72.05000305175781,69.5,71.08999633789062,0.514567558543919
2025-05-09,LEU,90.83999633789062,94.05999755859375,88.47000122070312,93.5999984741211,0.5550453351775787
2025-05-12,LEU,99.8499984741211,101.52999877929688,92.0999984741211,94.70999908447266,0.8575559585837039
2025-05-20,LEU,96.4800033569336,97.0,92.98999786376953,95.08999633789062,0.5769252938344336
2025-05-28,LEU,130.5500030517578,136.0,126.5,127.73999786376953,0.6207915428585322
2025-05-29,LEU,129.60000610351562,130.0,122.38999938964844,123.5,0.8777834814701883
2025-06-03,LEU,135.47000122070312,139.0,130.2100067138672,131.4499969482422,0.6745759079707068
2025-06-05,LEU,144.3800048828125,146.8300018310547,130.80999755859375,136.33999633789062,0.5665413412946455
2025-06-09,LEU,149.33999633789062,152.72000122070312,144.14999389648438,146.0800018310547,0.6246817076708417
2025-06-10,LEU,147.58999633789062,149.38999938964844,140.64999389648438,145.9199981689453,0.5323473819579599
2025-06-17,LEU,175.0,176.47000122070312,168.5800018310547,173.02999877929688,0.702333469977402
2025-06-20,LEU,193.19000244140625,211.30999755859375,188.47999572753906,190.0399932861328,0.6493931866190267
2025-06-24,LEU,198.10000610351562,203.4600067138672,184.8800048828125,192.17999267578125,0.5758316298941987
2025-06-25,LEU,195.6999969482422,195.6999969482422,177.0,181.17999267578125,0.6460343251354783
2025-07-08,LEU,185.5,188.5,171.13999938964844,173.85000610351562,0.6786493073641187
2025-07-09,LEU,180.14999389648438,180.14999389648438,172.05999755859375,179.3699951171875,0.5767738022472789
2025-07-24,LEU,235.0,246.58999633789062,232.72999572753906,242.3300018310547,0.510187554428005
2025-07-25,LEU,245.0,246.0,239.0,241.0,0.5225464992417301
2025-07-28,LEU,246.0,246.1199951171875,227.57000732421875,239.39999389648438,0.681426015906981
2025-08-05,LEU,212.7899932861328,218.9600067138672,206.1199951171875,213.8000030517578,0.607413958316196
2025-08-07,LEU,235.0,237.8300018310547,222.22000122070312,234.94000244140625,0.5226549629138543
2025-08-14,LEU,188.61000061035156,192.64999389648438,182.47000122070312,189.0800018310547,0.7494072508251068
2025-08-19,LEU,178.7100067138672,179.0,164.75999450683594,166.5800018310547,0.6094831288790162
2025-08-21,LEU,177.07000732421875,179.94000244140625,173.82000732421875,177.27999877929688,0.5217396994787411
2025-08-22,LEU,178.92999267578125,191.99000549316406,174.32000732421875,186.47000122070312,0.5857511411498905
2025-08-25,LEU,192.0,193.10000610351562,184.41000366210938,185.27999877929688,0.6018721376569892
2025-08-26,LEU,194.25,211.52000427246094,192.16000366210938,208.6699981689453,0.5392881148366658
2025-08-28,LEU,206.05999755859375,215.2899932861328,202.0,209.3800048828125,0.5325935557119176
2025-08-29,LEU,211.69000244140625,212.0,195.0,201.72999572753906,0.5900477349622494
2025-09-03,LEU,207.5,209.9499969482422,197.8800048828125,201.5399932861328,0.6128849843982035
2025-09-05,LEU,201.0,205.39999389648438,191.67999267578125,205.38999938964844,0.6079294103623233
2025-09-23,LEU,310.0,312.0,295.04998779296875,302.5899963378906,0.6198642192947316
2025-09-26,LEU,316.1499938964844,338.0,297.0,305.3500061035156,0.534535369615391
2025-10-08,LEU,378.8800048828125,386.0,359.010009765625,364.2200012207031,0.5785284700577746
2025-10-10,LEU,380.9800109863281,423.239990234375,362.6499938964844,363.7099914550781,0.6592690485461626
2025-10-15,LEU,430.0,460.5,412.1600036621094,436.0,0.5881520565180826
2025-10-16,LEU,454.0,464.25,406.010009765625,415.42999267578125,0.7966020248860367
2025-10-20,LEU,400.0,408.989990234375,372.6000061035156,399.8699951171875,0.6546162200212289
2025-10-27,LEU,391.1499938964844,391.79998779296875,350.6000061035156,359.7300109863281,0.6817954638165499
2025-10-28,LEU,374.0,382.2699890136719,354.1000061035156,363.70001220703125,0.5767582917069505
2025-10-31,LEU,386.0,390.0,360.17999267578125,367.4599914550781,0.6396158395838314
2025-11-05,LEU,331.0,338.8599853515625,321.0,325.7300109863281,0.5258793967457711
2025-11-10,LEU,308.989990234375,317.1700134277344,280.4800109863281,290.20001220703125,0.6679281215005223
2025-11-20,LEU,282.9599914550781,286.0,239.63999938964844,241.30999755859375,0.9187025976317145
2025-11-26,LEU,254.0,258.32000732421875,250.35000610351562,254.22000122070312,0.5885176456341831
2025-12-05,LEU,287.0,287.17999267578125,259.0,266.2300109863281,0.5398040922739137
2025-12-08,LEU,269.260009765625,269.5299987792969,258.0,268.5,0.5392384213686088
2025-12-18,LEU,227.61000061035156,237.97000122070312,220.5,229.67999267578125,0.510286114427317
2025-12-19,LEU,235.1999969482422,265.8800048828125,234.74000549316406,261.7699890136719,0.5372335450768214
2025-12-22,LEU,270.25,281.3299865722656,259.0,261.1600036621094,0.5040299033378683
2026-01-02,LEU,247.85000610351562,272.70001220703125,246.11000061035156,272.5,0.5813448485839582
2026-01-05,LEU,280.67999267578125,305.760009765625,276.0,300.4100036621094,0.5369024976902671
2026-01-12,LEU,308.4800109863281,315.8699951171875,296.0,309.260009765625,0.6650214059336655
2024-01-18,LRCX,76.11161796349094,77.33682040108066,75.70747306716709,77.06804656982422,0.5119475066820062
2024-01-24,LRCX,83.3804281603594,84.22796413227677,82.24841688840007,83.19993591308594,0.6914436516739154
2024-01-25,LRCX,86.02898370007645,88.29399423428661,84.82242399565513,84.91070556640625,0.6672411927253291
2024-03-06,LRCX,95.80706519390645,97.09897282438705,95.3725051924938,96.31519317626953,0.5372831684929155
2024-03-07,LRCX,97.01657527369024,98.81955213835901,96.90278813222487,97.56198120117188,0.5179310085637733
2024-03-18,LRCX,90.67821760182605,91.91097722888009,90.43835579649758,90.96035766601562,0.5168151980142174
2024-03-21,LRCX,96.64440398452437,98.72848909262196,95.94643388939218,96.5923080444336,0.5005062045266676
2024-04-04,LRCX,97.57732514216302,98.48664899834657,92.80064672312722,93.55072021484375,0.5191529487624212
2024-04-15,LRCX,95.93463457719632,96.46057405920392,92.16067903766638,93.01396942138672,0.5238571988215123
2024-04-19,LRCX,87.97777720028024,88.44374563326289,84.73466600724758,85.55060577392578,0.5612318072370841
2024-04-24,LRCX,89.19676694522013,90.03432960495158,86.73223733768356,86.98979949951172,0.632340209949798
2024-04-25,LRCX,89.3923841088124,89.7010671652659,87.15494383373863,88.61970520019531,0.5298238529285656
2024-05-23,LRCX,97.4426565430044,97.58421410567702,93.63134254527759,94.1897201538086,0.6130682187920581
2024-06-03,LRCX,93.0926115259261,93.6254286072408,89.58407843418055,91.97782897949219,0.5115242415478646
2024-07-18,LRCX,96.93146480424613,96.93146480424613,92.12320775803816,93.8211669921875,0.5477787881124156
2024-07-19,LRCX,94.50469969709398,95.23942665859009,90.16721899079734,90.3257827758789,0.555903089419674
2024-07-26,LRCX,89.4383871112767,89.49354103680628,87.56117741950891,88.11271667480469,0.6292570241671145
2024-07-29,LRCX,89.5457393282073,91.72630306197021,87.73353467615019,87.88619232177734,0.5772850538797364
2024-07-30,LRCX,88.64062888644094,89.13997482285752,84.0618459126667,84.19480895996094,0.5597098124468909
2024-08-07,LRCX,78.59369762637242,79.11273058087744,73.21320728305292,73.67512512207031,0.5146919462615563
2024-08-30,LRCX,81.11503005609075,81.13275595536487,79.09106899327446,80.86092376708984,0.5127421428352548
2024-09-09,LRCX,73.16692644543024,73.2920071315582,71.20797023763673,72.32188415527344,0.5727006694904136
2024-09-10,LRCX,72.73848834207253,72.90691068804682,70.57960301149667,72.05103302001953,0.5424778611605612
2024-09-13,LRCX,74.43744478943177,76.08812516229413,74.26114759306941,75.80940246582031,0.5084968015765483
2024-09-19,LRCX,78.61640843327916,79.0955364201663,77.36276933957262,77.95155334472656,0.5021718299167425
2024-10-16,LRCX,76.21582679508975,76.56158729482496,72.97554404840515,73.24227142333984,0.5160449406948541
2024-10-17,LRCX,75.53417854968427,75.67248274823478,72.1457106111693,72.25437927246094,0.5365803482316224
2024-10-18,LRCX,73.3311916029236,73.3311916029236,71.57273834807825,71.95801544189453,0.5119591367894181
2024-10-24,LRCX,75.25757569642902,76.54183767701876,73.54852006413782,75.64285278320312,0.5213822783272201
2024-12-23,LRCX,71.69343352863866,73.31855017975822,71.34661123605076,73.13027954101562,0.5160707809287356
2025-01-02,LRCX,72.05016210841808,73.24918055546837,71.08896356520495,71.7826156616211,0.5373434677797585
2025-01-03,LRCX,72.5158897459694,74.59683067492563,72.30779640908953,74.42837524414062,0.5365224862277628
2025-01-07,LRCX,78.14434114982026,79.41272385976914,76.19221781397565,76.81649780273438,0.5093058945793729
2025-01-14,LRCX,74.3590224093865,74.44820204190682,72.92217643968061,74.37883758544922,0.5267994655743031
2025-01-17,LRCX,80.67121653534089,81.0675805297467,78.87763695197265,79.5712890625,0.5104348792112996
2025-02-26,LRCX,80.94867025006462,82.17741520275405,79.91810728452704,80.56221008300781,0.561508388354834
2025-03-03,LRCX,77.23270218998624,79.02627414313784,73.87346681554827,75.09230041503906,0.6178271271852903
2025-03-12,LRCX,74.85178965445682,77.18749763811708,74.71264206176751,76.1240005493164,0.5392633595784544
2025-04-08,LRCX,64.25664949557151,65.70776546186056,58.38260804544057,59.883419036865234,0.9202379632501647
2025-04-14,LRCX,68.22236598970099,68.93798643300839,66.50289625289635,67.44711303710938,0.5312052702999978
2025-04-23,LRCX,66.40350498989827,67.59620837069266,65.93636340114358,66.3239974975586,0.5595340312179626
2025-05-01,LRCX,71.74083047245158,73.08261505627686,70.9655774943736,71.29357147216797,0.5194831254016451
2025-05-08,LRCX,75.63697825980579,75.95503095948875,74.36476746107391,74.44428253173828,0.5000330201989867
2025-05-29,LRCX,85.32765381808859,85.73516285904871,83.10128496928074,83.64794158935547,0.5284550116590919
2025-06-06,LRCX,85.73516670919975,87.04713507332194,85.33759892974385,85.82461547851562,0.5232335670280043
2025-07-28,LRCX,98.62257083017688,99.17058013163845,97.56639348942913,98.26387023925781,0.5051677963771506
2025-07-29,LRCX,99.03108984929537,99.8580944414175,97.67600036880535,98.58271789550781,0.7452374845331896
2025-07-30,LRCX,99.16061762586885,100.28654192128272,97.59628739413104,98.73217010498047,0.5077960731840893
2025-08-04,LRCX,97.07816208599507,98.45317590746605,96.29101401368234,98.05462646484375,0.5442308857040952
2025-09-16,LRCX,119.54673710902661,120.5331599382248,118.24146255128218,120.03496551513672,0.5044705396436752
2025-09-18,LRCX,126.09301861751881,128.23524867583086,124.58846924664026,125.86384582519531,0.5157842162405527
2025-09-22,LRCX,129.3312831781452,132.15106560958984,128.69359488576933,131.7226104736328,0.5562500855014302
2025-10-02,LRCX,146.728441692449,147.1078220001818,143.47380530447163,146.7484130859375,0.5410737231576405
2025-10-06,LRCX,149.65361346739465,153.44737071247764,148.87489671906346,148.90484619140625,0.611554721274613
2025-10-13,LRCX,137.86303467324433,138.6717009377608,136.35552195999205,137.58349609375,0.5018680835253737
2025-10-24,LRCX,149.6636146837047,152.95819391876722,147.75675026407123,151.43069458007812,0.502788315152844
2025-10-27,LRCX,155.8833749461289,157.98990765757836,155.48403846101573,156.64212036132812,0.5063485208277287
2025-11-03,LRCX,159.72704534918736,161.9733472411579,158.73866703258486,160.97499084472656,0.5526157351505232
2025-11-19,LRCX,146.5287729098994,150.15279627843742,145.27083409790086,148.55543518066406,0.5442367452806094
2025-11-20,LRCX,153.2077787096926,154.1162714493302,138.072692141938,139.36056518554688,0.5453993638792035
2025-11-24,LRCX,145.36070055810933,152.3092526966946,144.19261014335382,150.13284301757812,0.5369412616893445
2025-12-15,LRCX,163.39999389648438,166.8699951171875,162.16000366210938,164.3000030517578,0.5134901447749445
2025-12-19,LRCX,166.0800018310547,173.5800018310547,166.0800018310547,172.27000427246094,0.5092188903411548
2025-12-22,LRCX,175.67999267578125,175.9600067138672,171.49000549316406,175.25999450683594,0.521001087122554
2025-12-26,LRCX,178.42999267578125,179.8000030517578,177.8000030517578,178.07000732421875,0.5596190683334881
2026-01-02,LRCX,177.85000610351562,185.77999877929688,177.5,185.05999755859375,0.5161315893780956
2026-01-06,LRCX,197.7899932861328,210.4499969482422,197.14999389648438,206.9600067138672,0.5099014690284718
2024-01-02,LTBR,3.259999990463257,3.390000104904175,3.240000009536743,3.3399999141693115,0.6656876936373657
2024-01-03,LTBR,3.359999895095825,3.359999895095825,3.180000066757202,3.240000009536743,0.7413314614677408
2024-01-10,LTBR,3.4000000953674316,3.5899999141693115,3.4000000953674316,3.5199999809265137,0.5650280884338352
2024-01-12,LTBR,3.5399999618530273,3.7300000190734863,3.490000009536743,3.569999933242798,0.5114121696242585
2024-01-16,LTBR,3.5999999046325684,3.640000104904175,3.430000066757202,3.5,0.6174701967257171
2024-01-18,LTBR,3.3299999237060547,3.369999885559082,3.059999942779541,3.0899999141693115,0.6927625525905003
2024-01-25,LTBR,3.190000057220459,3.190000057220459,3.0899999141693115,3.0999999046325684,0.71858165566636
2024-01-26,LTBR,3.140000104904175,3.1700000762939453,3.049999952316284,3.049999952316284,0.6026871201648145
2024-02-02,LTBR,3.25,3.25,3.0199999809265137,3.130000114440918,0.5584168313370756
2024-02-05,LTBR,3.1500000953674316,3.2200000286102295,2.9800000190734863,3.0399999618530273,0.6272892867678987
2024-02-22,LTBR,2.9800000190734863,2.990000009536743,2.8399999141693115,2.8499999046325684,0.6174060922165714
2024-02-23,LTBR,3.0,3.0,2.8299999237060547,2.880000114440918,0.5389351753940258
2024-02-26,LTBR,2.9100000858306885,3.009999990463257,2.880000114440918,2.9800000190734863,0.5104616255244201
2024-03-04,LTBR,2.880000114440918,2.880000114440918,2.75,2.7899999618530273,0.5719700764225027
2024-03-19,LTBR,3.2300000190734863,3.2799999713897705,3.0,3.0199999809265137,0.6548396727041214
2024-03-21,LTBR,3.0999999046325684,3.140000104904175,2.9000000953674316,2.9600000381469727,0.809522847380081
2024-04-09,LTBR,2.740000009536743,2.7699999809265137,2.690000057220459,2.7300000190734863,0.5908023300790596
2024-04-11,LTBR,2.759999990463257,2.859999895095825,2.6600000858306885,2.799999952316284,0.6106563236198003
2024-04-12,LTBR,2.8299999237060547,2.940000057220459,2.7699999809265137,2.809999942779541,0.7456961026129572
2024-04-17,LTBR,2.630000114440918,2.640000104904175,2.5,2.5199999809265137,0.6276697485541589
2024-04-29,LTBR,2.5899999141693115,2.740000009536743,2.569999933242798,2.680000066757202,0.5979307032147649
2024-05-03,LTBR,2.5899999141693115,2.6500000953674316,2.509999990463257,2.559999942779541,0.510268663635532
2024-05-15,LTBR,2.430000066757202,2.4600000381469727,2.299999952316284,2.359999895095825,0.572564433624355
2024-05-31,LTBR,2.809999942779541,2.809999942779541,2.6700000762939453,2.700000047683716,0.5278563766220817
2024-06-03,LTBR,2.7200000286102295,2.7899999618530273,2.6600000858306885,2.690000057220459,0.5333072135713928
2024-06-07,LTBR,2.440000057220459,2.440000057220459,2.2100000381469727,2.430000066757202,0.6169488707137989
2024-06-12,LTBR,2.4600000381469727,2.7300000190734863,2.4000000953674316,2.549999952316284,0.7283801790065928
2024-06-14,LTBR,2.440000057220459,2.5,2.3499999046325684,2.450000047683716,0.620121201073948
2024-06-17,LTBR,2.4700000286102295,2.5399999618530273,2.4000000953674316,2.450000047683716,0.5815430606824971
2024-06-18,LTBR,2.4800000190734863,2.640000104904175,2.450000047683716,2.490000009536743,0.6565803030299519
2024-06-27,LTBR,4.199999809265137,4.449999809265137,3.240000009536743,3.640000104904175,0.8061165088448723
2024-07-02,LTBR,4.059999942779541,4.099999904632568,3.5,3.609999895095825,0.7363289319068429
2024-07-08,LTBR,4.010000228881836,4.650000095367432,3.690000057220459,4.079999923706055,0.7124288408265559
2024-07-10,LTBR,4.059999942779541,4.21999979019165,3.619999885559082,3.740000009536743,0.8272812662842765
2024-07-11,LTBR,3.7699999809265137,3.8499999046325684,3.619999885559082,3.7300000190734863,0.7762661403541606
2024-07-15,LTBR,4.039999961853027,4.349999904632568,3.799999952316284,3.9100000858306885,0.5340166866011232
2024-07-17,LTBR,4.190000057220459,4.199999809265137,3.549999952316284,3.6600000858306885,0.9249412395387487
2024-07-18,LTBR,3.690000057220459,3.8299999237060547,3.259999990463257,3.3299999237060547,0.5443637522432797
2024-07-26,LTBR,3.069999933242798,3.2300000190734863,3.009999990463257,3.0899999141693115,0.5747200956710291
2024-07-29,LTBR,3.1500000953674316,3.4100000858306885,3.0299999713897705,3.0799999237060547,0.6144716560922335
2024-08-16,LTBR,2.5799999237060547,2.690000057220459,2.5199999809265137,2.609999895095825,0.5421991213948307
2024-08-26,LTBR,2.7100000381469727,2.859999895095825,2.700000047683716,2.740000009536743,0.5098749864253731
2024-08-30,LTBR,2.5799999237060547,2.609999895095825,2.4700000286102295,2.490000009536743,0.7303434549346076
2024-09-10,LTBR,2.440000057220459,2.5799999237060547,2.3499999046325684,2.5299999713897705,0.621282807523159
2024-09-16,LTBR,2.630000114440918,2.630000114440918,2.4200000762939453,2.490000009536743,0.6007388686717862
2024-09-19,LTBR,2.4200000762939453,2.509999990463257,2.390000104904175,2.4800000190734863,0.6912517191872458
2024-09-26,LTBR,2.9000000953674316,3.0399999618530273,2.7100000381469727,2.799999952316284,0.739783393538883
2024-10-09,LTBR,3.2300000190734863,3.2300000190734863,2.9200000762939453,2.9700000286102295,0.5446236103291278
2024-10-17,LTBR,5.039999961853027,5.380000114440918,4.349999904632568,4.449999809265137,0.8012132131482693
2024-10-21,LTBR,9.3100004196167,9.779999732971191,7.869999885559082,8.829999923706055,0.6712972226655575
2024-11-01,LTBR,10.350000381469727,11.119999885559082,7.0,7.239999771118164,0.8886596938339838
2024-11-13,LTBR,8.75,9.199999809265137,7.300000190734863,7.360000133514404,0.7932821822560022
2024-11-14,LTBR,7.409999847412109,7.760000228881836,7.289999961853027,7.329999923706055,0.672325085667892
2024-11-18,LTBR,6.550000190734863,6.989999771118164,6.460000038146973,6.610000133514404,0.5118293108964252
2024-11-22,LTBR,6.920000076293945,7.289999961853027,6.099999904632568,6.300000190734863,0.5567628819770308
2024-11-25,LTBR,6.389999866485596,6.630000114440918,6.059999942779541,6.269999980926514,0.5711587594968696
2024-11-26,LTBR,6.329999923706055,6.340000152587891,5.699999809265137,5.789999961853027,0.5361184681168727
2024-12-02,LTBR,6.650000095367432,6.78000020980835,5.699999809265137,5.710000038146973,0.644954344289436
2024-12-04,LTBR,6.010000228881836,6.039999961853027,5.599999904632568,5.820000171661377,0.5743618575498295
2024-12-09,LTBR,5.940000057220459,6.190000057220459,5.429999828338623,5.489999771118164,0.680555707435804
2024-12-17,LTBR,4.71999979019165,4.800000190734863,4.429999828338623,4.760000228881836,0.6073950296519408
2024-12-18,LTBR,4.900000095367432,5.5,4.460000038146973,4.489999771118164,0.8059625960015568
2024-12-19,LTBR,4.599999904632568,4.849999904632568,4.480000019073486,4.53000020980835,0.7540875491056307
2024-12-27,LTBR,5.739999771118164,5.739999771118164,5.050000190734863,5.309999942779541,0.7886395378013563
2025-01-06,LTBR,6.949999809265137,7.110000133514404,6.119999885559082,6.369999885559082,0.6758017573542502
2025-01-14,LTBR,5.349999904632568,5.489999771118164,5.010000228881836,5.070000171661377,0.5360034878753804
2025-01-17,LTBR,5.539999961853027,6.090000152587891,5.5,5.690000057220459,0.5877301497947468
2025-01-31,LTBR,8.9399995803833,9.960000038146973,8.399999618530273,9.050000190734863,0.5034936973655587
2025-02-04,LTBR,9.380000114440918,9.819999694824219,8.699999809265137,9.579999923706055,0.5037159369892681
2025-02-05,LTBR,9.75,10.479999542236328,9.15999984741211,9.470000267028809,0.7669937286079545
2025-02-06,LTBR,9.6899995803833,9.890000343322754,8.550000190734863,8.960000038146973,0.55545494972552
2025-02-14,LTBR,15.300000190734863,16.899999618530273,13.380000114440918,13.5600004196167,0.7262081735265474
2025-02-18,LTBR,14.430000305175781,15.579999923706055,12.829999923706055,13.479999542236328,0.8328389821736686
2025-02-19,LTBR,13.550000190734863,14.380000114440918,12.649999618530273,12.970000267028809,0.5787431969072819
2025-02-21,LTBR,12.850000381469727,13.729999542236328,11.260000228881836,11.319999694824219,0.822348884052952
2025-02-26,LTBR,10.010000228881836,10.4399995803833,9.520000457763672,9.859999656677246,0.825610694630313
2025-02-27,LTBR,10.350000381469727,12.100000381469727,9.699999809265137,9.989999771118164,0.8487006855713695
2025-03-03,LTBR,11.550000190734863,11.859999656677246,9.539999961853027,9.569999694824219,0.8445731721863124
2025-03-07,LTBR,9.319999694824219,9.619999885559082,8.699999809265137,9.300000190734863,0.5961971135384484
2025-03-12,LTBR,8.859999656677246,9.130000114440918,8.390000343322754,8.630000114440918,0.7800738173861659
2025-03-26,LTBR,8.510000228881836,8.739999771118164,7.800000190734863,7.980000019073486,0.7083536201811874
2025-03-27,LTBR,8.100000381469727,8.100000381469727,7.659999847412109,7.730000019073486,0.6644627894466
2025-04-08,LTBR,7.480000019073486,7.550000190734863,6.550000190734863,6.730000019073486,0.982844303315064
2025-04-14,LTBR,8.300000190734863,8.4399995803833,7.570000171661377,7.599999904632568,0.6404431166444883
2025-04-17,LTBR,7.420000076293945,7.650000095367432,7.300000190734863,7.5,0.7626564707793444
2025-04-23,LTBR,8.350000381469727,8.609999656677246,8.229999542236328,8.34000015258789,0.7685833789206452
2025-05-01,LTBR,9.130000114440918,9.529999732971191,8.9399995803833,9.34000015258789,0.5099506729634906
2025-05-08,LTBR,9.65999984741211,9.920000076293945,9.390000343322754,9.710000038146973,0.544971059983143
2025-05-09,LTBR,9.8100004196167,10.050000190734863,9.420000076293945,9.539999961853027,0.6134823415154061
2025-05-12,LTBR,10.149999618530273,11.079999923706055,9.550000190734863,10.930000305175781,0.6729180089454136
2025-05-20,LTBR,10.329999923706055,10.449999809265137,9.890000343322754,10.010000228881836,0.6110847681552256
2025-05-29,LTBR,17.049999237060547,17.139999389648438,14.220000267028809,14.949999809265137,0.8736395098763126
2025-06-03,LTBR,15.729999542236328,16.440000534057617,14.069999694824219,14.819999694824219,0.6870738141878924
2025-06-05,LTBR,15.699999809265137,16.739999771118164,14.350000381469727,14.6899995803833,0.5886900730275885
2025-06-09,LTBR,16.260000228881836,16.299999237060547,15.25,15.729999542236328,0.5601937109980692
2025-06-10,LTBR,16.139999389648438,16.649999618530273,13.170000076293945,13.430000305175781,0.6564126259729632
2025-06-16,LTBR,13.619999885559082,14.289999961853027,13.25,13.430000305175781,0.5578697334068908
2025-06-17,LTBR,13.600000381469727,13.869999885559082,12.930000305175781,13.029999732971191,0.676668873974092
2025-06-20,LTBR,13.220000267028809,13.460000038146973,12.760000228881836,13.329999923706055,0.6296742880755463
2025-06-26,LTBR,14.069999694824219,14.09000015258789,13.350000381469727,13.5600004196167,0.5120795781386401
2025-06-27,LTBR,13.979999542236328,14.100000381469727,12.899999618530273,13.300000190734863,0.59149012588535
2025-06-30,LTBR,13.380000114440918,13.859999656677246,13.050000190734863,13.369999885559082,0.5093477219361778
2025-07-08,LTBR,13.140000343322754,13.289999961853027,11.800000190734863,12.119999885559082,0.7038939109277748
2025-07-09,LTBR,12.25,12.25,11.649999618530273,12.119999885559082,0.7161568897039787
2025-07-28,LTBR,15.170000076293945,15.329999923706055,14.260000228881836,14.989999771118164,0.6086961697357081
2025-08-05,LTBR,14.260000228881836,14.960000038146973,13.770000457763672,14.270000457763672,0.5913507570547988
2025-08-07,LTBR,14.75,14.869999885559082,13.479999542236328,14.069999694824219,0.5402924100582093
2025-08-11,LTBR,14.0,14.399999618530273,13.430000305175781,13.5,0.5021348726444157
2025-08-22,LTBR,14.380000114440918,15.600000381469727,13.979999542236328,15.350000381469727,0.535874282883816
2025-09-03,LTBR,15.260000228881836,15.34000015258789,14.329999923706055,14.489999771118164,0.626052321349604
2025-09-05,LTBR,14.300000190734863,14.5,13.670000076293945,14.229999542236328,0.6589747627194095
2025-09-10,LTBR,14.720000267028809,14.890000343322754,13.789999961853027,13.800000190734863,0.5370235207920174
2025-09-18,LTBR,15.0600004196167,15.859999656677246,14.899999618530273,15.140000343322754,0.5169694259763506
2025-10-08,LTBR,23.34000015258789,23.600000381469727,22.440000534057617,23.09000015258789,0.51584779291952
2025-10-10,LTBR,24.229999542236328,25.979999542236328,22.049999237060547,22.079999923706055,0.654848519580076
2025-10-16,LTBR,27.770000457763672,31.34000015258789,26.020000457763672,26.40999984741211,0.6874116747546687
2025-10-20,LTBR,24.850000381469727,26.649999618530273,23.959999084472656,26.079999923706055,0.5853195712911131
2025-10-27,LTBR,26.0,26.09000015258789,23.350000381469727,23.790000915527344,0.686206230662395
2025-10-28,LTBR,24.280000686645508,26.200000762939453,23.690000534057617,24.420000076293945,0.5592762487019612
2025-11-03,LTBR,27.260000228881836,27.350000381469727,24.329999923706055,24.780000686645508,0.6235273589647927
2025-11-05,LTBR,23.09000015258789,23.670000076293945,22.40999984741211,23.190000534057617,0.6104397992282568
2025-11-10,LTBR,20.309999465942383,20.989999771118164,19.479999542236328,20.549999237060547,0.5768189815020628
2025-11-12,LTBR,20.489999771118164,20.850000381469727,19.639999389648438,20.15999984741211,0.567930532239791
2025-11-20,LTBR,17.559999465942383,17.799999237060547,14.430000305175781,14.529999732971191,0.9076935632139886
2025-11-26,LTBR,15.220000267028809,15.5,15.029999732971191,15.170000076293945,0.51968281963644
2025-12-05,LTBR,17.8799991607666,17.90999984741211,16.940000534057617,17.139999389648438,0.671863455429842
2025-12-08,LTBR,17.43000030517578,17.90999984741211,16.700000762939453,16.940000534057617,0.555940988645932
2025-12-15,LTBR,15.6899995803833,15.739999771118164,14.4399995803833,14.489999771118164,0.7274051359719277
2025-12-18,LTBR,13.5600004196167,14.119999885559082,13.25,13.510000228881836,0.5061765544007997
2025-12-22,LTBR,14.489999771118164,14.979999542236328,14.010000228881836,14.779999732971191,0.5407132861838309
2026-01-02,LTBR,12.880000114440918,14.130000114440918,12.770000457763672,14.109999656677246,0.5701559067279091
2026-01-05,LTBR,15.010000228881836,15.9399995803833,14.789999961853027,15.609999656677246,0.5949605376323082
2026-01-12,LTBR,16.65999984741211,16.90999984741211,16.149999618530273,16.510000228881836,0.6644937776548934
2026-01-14,LTBR,16.459999084472656,18.010000228881836,16.049999237060547,18.010000228881836,0.684170607080391
2024-01-04,LUMN,1.7999999523162842,1.7999999523162842,1.7000000476837158,1.75,0.502352509837595
2024-01-12,LUMN,1.6200000047683716,1.649999976158142,1.5800000429153442,1.590000033378601,0.5237054863609164
2024-01-24,LUMN,1.3899999856948853,1.4299999475479126,1.3200000524520874,1.350000023841858,0.9022390499013411
2024-01-25,LUMN,1.3799999952316284,1.7100000381469727,1.350000023841858,1.3799999952316284,0.724836890968516
2024-01-26,LUMN,1.399999976158142,1.5700000524520874,1.399999976158142,1.399999976158142,0.7089943263587298
2024-02-07,LUMN,1.5199999809265137,1.5199999809265137,1.399999976158142,1.4500000476837158,0.7768661292307277
2024-02-21,LUMN,1.559999942779541,1.590000033378601,1.5099999904632568,1.5499999523162842,0.5543016370813193
2024-02-28,LUMN,1.5700000524520874,1.6299999952316284,1.5399999618530273,1.6100000143051147,0.6403667879656697
2024-03-06,LUMN,1.7699999809265137,1.7799999713897705,1.6200000047683716,1.7100000381469727,0.5120258854301292
2024-03-07,LUMN,1.7200000286102295,1.7799999713897705,1.6799999475479126,1.7300000190734863,0.6202372196664836
2024-03-08,LUMN,1.75,1.8300000429153442,1.7300000190734863,1.8200000524520874,0.5049413210074136
2024-03-21,LUMN,1.7899999618530273,1.7999999523162842,1.7000000476837158,1.7100000381469727,0.7859135725059583
2024-03-22,LUMN,1.7200000286102295,1.7999999523162842,1.6100000143051147,1.6100000143051147,0.632878324133053
2024-03-25,LUMN,1.6299999952316284,1.7300000190734863,1.600000023841858,1.6100000143051147,0.5665884899222631
2024-04-09,LUMN,1.3799999952316284,1.4800000190734863,1.3700000047683716,1.4600000381469727,0.5391957994658895
2024-04-11,LUMN,1.409999966621399,1.4600000381469727,1.3700000047683716,1.440000057220459,0.5930945963563699
2024-04-15,LUMN,1.3899999856948853,1.4199999570846558,1.350000023841858,1.3700000047683716,0.5330823469049103
2024-04-23,LUMN,1.3899999856948853,1.4299999475479126,1.3600000143051147,1.3600000143051147,0.6548719911651952
2024-04-24,LUMN,1.3700000047683716,1.3799999952316284,1.2799999713897705,1.2899999618530273,0.55582480149624
2024-04-26,LUMN,1.2300000190734863,1.2599999904632568,1.2100000381469727,1.2100000381469727,0.5429214304897356
2024-04-29,LUMN,1.2400000095367432,1.2899999618530273,1.2200000286102295,1.2200000286102295,0.6748705189181949
2024-05-03,LUMN,1.3799999952316284,1.440000057220459,1.309999942779541,1.3200000524520874,0.5415594910307732
2024-05-06,LUMN,1.3300000429153442,1.3700000047683716,1.2899999618530273,1.3200000524520874,0.5119102301698506
2024-05-15,LUMN,1.350000023841858,1.3600000143051147,1.2699999809265137,1.2999999523162842,0.5478200188270883
2024-06-11,LUMN,1.2300000190734863,1.2400000095367432,1.2000000476837158,1.2300000190734863,0.5380909246600193
2024-06-12,LUMN,1.25,1.2899999618530273,1.2300000190734863,1.2300000190734863,0.6792744483856927
2024-06-17,LUMN,1.1399999856948853,1.149999976158142,1.059999942779541,1.0800000429153442,0.7024206717206412
2024-06-18,LUMN,1.090000033378601,1.090000033378601,1.0299999713897705,1.0700000524520874,0.6057231610841513
2024-06-21,LUMN,1.159999966621399,1.159999966621399,1.0499999523162842,1.0700000524520874,0.8170111577156478
2024-07-22,LUMN,1.3899999856948853,1.440000057220459,1.3899999856948853,1.4299999475479126,0.6111483793024701
2024-07-24,LUMN,1.6200000047683716,1.6799999475479126,1.4700000286102295,1.5199999809265137,0.8068135025491997
2024-07-26,LUMN,1.690000057220459,1.7699999809265137,1.6799999475479126,1.7699999809265137,0.5233500032269521
2024-08-01,LUMN,3.2699999809265137,4.199999809265137,3.140000104904175,3.319999933242798,0.5599544468318489
2024-08-07,LUMN,7.21999979019165,7.829999923706055,6.099999904632568,6.630000114440918,0.7153070310601821
2024-08-19,LUMN,6.070000171661377,6.420000076293945,5.590000152587891,5.760000228881836,0.7438294553695521
2024-08-20,LUMN,5.789999961853027,6.28000020980835,5.590000152587891,6.150000095367432,0.5478412861362845
2024-08-30,LUMN,5.230000019073486,5.380000114440918,5.130000114440918,5.25,0.6917346658316876
2024-09-05,LUMN,5.420000076293945,5.630000114440918,5.28000020980835,5.5,0.5106211615421374
2024-09-09,LUMN,5.869999885559082,5.900000095367432,5.429999828338623,5.679999828338623,0.6120659525400669
2024-09-10,LUMN,5.789999961853027,5.789999961853027,5.289999961853027,5.360000133514404,0.6649970922103315
2024-09-17,LUMN,6.349999904632568,6.380000114440918,6.130000114440918,6.320000171661377,0.5431396767254895
2024-09-18,LUMN,6.369999885559082,6.559999942779541,6.21999979019165,6.380000114440918,0.5532715075303056
2024-09-19,LUMN,6.539999961853027,6.769999980926514,6.449999809265137,6.699999809265137,0.6674587959802141
2024-09-26,LUMN,7.21999979019165,7.409999847412109,6.929999828338623,6.940000057220459,0.7380440284316426
2024-10-01,LUMN,7.150000095367432,7.239999771118164,6.46999979019165,6.710000038146973,0.5839094061396369
2024-10-15,LUMN,6.119999885559082,6.420000076293945,6.119999885559082,6.179999828338623,0.5639753653324855
2024-10-21,LUMN,7.510000228881836,7.78000020980835,6.210000038146973,6.570000171661377,0.7586038241373897
2024-10-24,LUMN,6.199999809265137,6.440000057220459,6.139999866485596,6.28000020980835,0.5341916086467452
2024-10-28,LUMN,6.519999980926514,6.579999923706055,6.340000152587891,6.409999847412109,0.503019436545296
2024-11-01,LUMN,6.5,7.059999942779541,6.480000019073486,7.0,0.5886229574187704
2024-11-13,LUMN,9.430000305175781,9.430000305175781,8.779999732971191,8.890000343322754,0.7399862281389963
2024-11-27,LUMN,7.699999809265137,7.730000019073486,7.28000020980835,7.369999885559082,0.5164066801744205
2024-12-19,LUMN,5.880000114440918,6.260000228881836,5.75,6.059999942779541,0.6319211269357917
2025-01-17,LUMN,5.659999847412109,5.730000019073486,5.53000020980835,5.659999847412109,0.5107928245213291
2025-01-21,LUMN,5.78000020980835,5.96999979019165,5.46999979019165,5.480000019073486,0.5219503234538678
2025-01-28,LUMN,5.039999961853027,5.21999979019165,4.760000228881836,5.079999923706055,0.5719091775289425
2025-01-30,LUMN,5.079999923706055,5.099999904632568,4.889999866485596,5.0,0.5104374016825031
2025-01-31,LUMN,5.059999942779541,5.110000133514404,4.829999923706055,4.940000057220459,0.6775533286134475
2025-02-05,LUMN,5.489999771118164,5.510000228881836,4.75,4.96999979019165,0.7047347623060988
2025-02-19,LUMN,4.960000038146973,4.980000019073486,4.849999904632568,4.880000114440918,0.6151290920002593
2025-02-21,LUMN,4.860000133514404,5.050000190734863,4.659999847412109,4.659999847412109,0.7934605640545215
2025-02-26,LUMN,4.889999866485596,5.150000095367432,4.639999866485596,4.710000038146973,0.740634522634348
2025-03-03,LUMN,4.760000228881836,5.119999885559082,4.659999847412109,4.789999961853027,0.676496592707568
2025-03-12,LUMN,5.0,5.050000190734863,4.829999923706055,4.980000019073486,0.7493705676735063
2025-03-13,LUMN,5.010000228881836,5.070000171661377,4.610000133514404,4.650000095367432,0.5144618821825939
2025-03-24,LUMN,5.050000190734863,5.130000114440918,4.849999904632568,4.860000133514404,0.560629484550641
2025-04-08,LUMN,3.619999885559082,3.6700000762939453,3.1700000762939453,3.240000009536743,0.9678521421333268
2025-04-14,LUMN,3.559999942779541,3.5899999141693115,3.4200000762939453,3.4700000286102295,0.729820204715035
2025-04-23,LUMN,3.3499999046325684,3.440000057220459,3.25,3.2799999713897705,0.7651167069544826
2025-05-01,LUMN,3.6700000762939453,3.75,3.5,3.5199999809265137,0.6452623953306975
2025-05-05,LUMN,3.9600000381469727,4.260000228881836,3.8399999141693115,4.230000019073486,0.5126806598193266
2025-05-08,LUMN,4.300000190734863,4.329999923706055,4.110000133514404,4.159999847412109,0.5107401300732276
2025-05-12,LUMN,4.599999904632568,4.739999771118164,4.360000133514404,4.400000095367432,0.7540512874602798
2025-05-22,LUMN,4.360000133514404,4.460000038146973,3.7100000381469727,3.8399999141693115,0.7064747130500034
2025-05-29,LUMN,4.0,4.010000228881836,3.859999895095825,3.9000000953674316,0.8223467012507295
2025-06-06,LUMN,3.990000009536743,4.090000152587891,3.9200000762939453,3.940000057220459,0.5182803648877982
2025-06-09,LUMN,3.9800000190734863,4.260000228881836,3.9200000762939453,4.199999809265137,0.5125790541437564
2025-06-11,LUMN,4.380000114440918,4.380000114440918,4.119999885559082,4.150000095367432,0.5360215256220966
2025-06-20,LUMN,4.010000228881836,4.059999942779541,3.9100000858306885,3.940000057220459,0.599446206784079
2025-07-08,LUMN,4.440000057220459,4.539999961853027,4.409999847412109,4.519999980926514,0.6635187476480461
2025-07-15,LUMN,4.710000038146973,4.710000038146973,4.53000020980835,4.53000020980835,0.5159793565772374
2025-08-04,LUMN,3.8399999141693115,3.8499999046325684,3.6600000858306885,3.75,0.5587831395553954
2025-08-08,LUMN,3.799999952316284,3.9000000953674316,3.7100000381469727,3.759999990463257,0.5975356411719208
2025-08-14,LUMN,4.380000114440918,4.380000114440918,4.119999885559082,4.340000152587891,0.5417461731810885
2025-08-15,LUMN,4.429999828338623,4.539999961853027,4.369999885559082,4.429999828338623,0.5119571210465703
2025-08-22,LUMN,4.340000152587891,4.610000133514404,4.329999923706055,4.610000133514404,0.5485016108888908
2025-10-15,LUMN,7.059999942779541,7.429999828338623,6.929999828338623,7.269999980926514,0.6551269439630771
2025-10-16,LUMN,7.309999942779541,7.460000038146973,6.980000019073486,7.019999980926514,0.6558852365034115
2025-10-20,LUMN,7.0,7.170000076293945,6.900000095367432,7.159999847412109,0.6401819926559759
2025-11-06,LUMN,10.960000038146973,11.430000305175781,10.600000381469727,10.9399995803833,0.6193822130661055
2025-11-10,LUMN,10.899999618530273,11.390000343322754,10.399999618530273,10.489999771118164,0.6124024789818365
2025-11-12,LUMN,9.369999885559082,9.630000114440918,8.520000457763672,8.550000190734863,0.5608588771860197
2025-11-19,LUMN,7.699999809265137,7.989999771118164,7.480000019073486,7.679999828338623,0.6086109793551147
2025-11-20,LUMN,8.09000015258789,8.15999984741211,7.409999847412109,7.480000019073486,0.9201066960567976
2025-12-08,LUMN,8.350000381469727,8.460000038146973,8.130000114440918,8.369999885559082,0.5533608795160238
2025-12-18,LUMN,7.920000076293945,8.079999923706055,7.630000114440918,7.840000152587891,0.5161716451343642
2025-12-22,LUMN,8.369999885559082,8.369999885559082,7.75,7.769999980926514,0.5139696364470955
2025-12-30,LUMN,7.590000152587891,7.820000171661377,7.590000152587891,7.820000171661377,0.5490033621091092
2026-01-02,LUMN,7.900000095367432,7.989999771118164,7.650000095367432,7.690000057220459,0.5562431423355966
2024-07-26,MCD,244.23667171133116,245.3472862439535,242.16032783568852,243.3675079345703,0.6102219901740077
2024-07-29,MCD,244.86442741679892,254.8888414782729,241.6581498278436,252.46484375,0.5658572934642607
2024-08-01,MCD,257.6798526151998,259.56303596182966,253.41125064626337,259.5437316894531,0.5393831742466471
2024-09-10,MCD,284.4250161352961,287.7470931903039,282.70571297635195,282.9291076660156,0.6018237428765271
2024-09-19,MCD,285.8238118266543,286.6300307760168,282.5697370122129,285.4352722167969,0.6656969330955319
2024-11-01,MCD,286.07634977687997,288.3784771397278,284.8815616831434,286.75628662109375,0.6198353798055579
2024-11-06,MCD,291.6810644008885,291.7296207240517,284.33755786124885,285.5809020996094,0.6591593500748125
2025-01-07,MCD,287.0838574086551,288.2076394400083,281.70921916810624,282.74505615234375,0.631092057998139
2025-02-06,MCD,284.94381237431253,290.3770814200096,283.70277010340476,287.6506652832031,0.5735574531153412
2025-03-03,MCD,302.82562783337033,304.18196441744425,297.2430520328172,299.0711669921875,0.6472000914250282
2025-04-08,MCD,298.56988787616507,302.96322439810405,289.86185955425316,294.6876220703125,0.932008865833527
2025-08-01,MCD,299.98652980826387,300.1842265723713,297.8910768316064,299.38360595703125,0.5134154425425166
2025-11-04,MCD,296.43116642417056,297.9619888055633,294.651865630357,297.4252014160156,0.5363161903598741
2025-11-21,MCD,304.44308546749676,308.68763428955646,304.3337561796558,307.5047302246094,0.6592198983273024
2024-01-18,MGK,260.0106268920224,261.70614583183607,259.1083250472826,261.4880065917969,0.5913736952078926
2024-01-24,MGK,268.74608029635976,270.5705039533041,268.0123226585371,268.2403869628906,0.7456827354297403
2024-02-07,MGK,274.95305291517593,277.27327489908384,274.7646585638391,277.2434997558594,0.5433469693333619
2024-03-21,MGK,289.23551632211746,289.23551632211746,286.37690370462235,286.545654296875,0.7012293341076203
2024-04-04,MGK,285.30493385855834,286.40667437700296,279.1211986188721,279.1311340332031,0.5209519576222251
2024-04-05,MGK,280.7092910241973,284.65973857515144,280.39166070744943,283.4090881347656,0.6401795000238617
2024-04-23,MGK,270.21783340423457,273.12609283537876,269.75132328040445,272.7786865234375,0.5320492889056658
2024-04-24,MGK,275.3296164549663,275.4487202721443,271.815902393716,272.7191467285156,0.5876009966985309
2024-04-26,MGK,274.63480764806735,277.00703948249907,273.40402779878394,275.8556823730469,0.515654650451483
2024-04-29,MGK,277.4933705869447,277.4933705869447,274.80347856757317,276.5504150390625,0.7281976637305764
2024-05-23,MGK,294.69464314363313,295.04204942822065,289.970020662289,291.1511535644531,0.6303325305880095
2024-06-13,MGK,310.03984343350277,310.3177927337699,307.47902043940036,309.27557373046875,0.5254926583659209
2024-07-15,MGK,324.35183162144597,326.0607257001342,321.7686154112652,323.3086242675781,0.5845599163639018
2024-07-18,MGK,315.976276641051,316.08558206769607,308.6041789630922,310.978759765625,0.561727540653807
2024-07-22,MGK,312.6975558594621,314.7243601707456,311.1873522700714,313.9394836425781,0.580756905692412
2024-07-29,MGK,302.40444378588217,303.88481200647203,300.04975355134576,301.3612365722656,0.6422926528467627
2024-08-01,MGK,307.4615636510188,309.766588853896,297.6155567167694,300.0596923828125,0.6788217922868374
2024-08-07,MGK,290.65088030621314,293.03537582261225,284.1531050096085,284.49090576171875,0.7560153896181457
2024-08-30,MGK,311.42581674840307,312.9161300581185,308.9618211609595,312.637939453125,0.5273348801701828
2024-09-19,MGK,317.1685074159397,319.46358761698326,316.38360053871804,318.25146484375,0.5434135654126662
2024-09-26,MGK,323.6446517779876,323.77396728236323,318.73084474622516,320.87939453125,0.6509622556812837
2024-10-24,MGK,324.81839770481605,325.6838098720517,323.27662900111204,325.41522216796875,0.527438637790435
2024-11-06,MGK,329.2547275402263,331.8608293287405,327.852200855528,331.5325622558594,0.5157338107777097
2024-12-19,MGK,347.24881592891677,347.7461645537489,343.5187012426761,343.6778564453125,0.5144474221729137
2025-01-06,MGK,350.62658076905717,353.3160581786767,349.1822261604641,350.9054870605469,0.5262898730143405
2025-01-16,MGK,345.4468480296325,345.80545919345275,340.7851156895048,340.8448791503906,0.5117584824366268
2025-02-27,MGK,343.0263273610721,343.2056177388651,330.98350394324166,331.14288330078125,0.7747831753167856
2025-03-12,MGK,313.9701433028782,315.4443490829011,308.6908049652347,312.4560546875,0.8519800678605571
2025-04-08,MGK,288.60852912190103,291.6099958429838,268.5057438154341,272.8932800292969,0.8004523891884912
2025-04-14,MGK,306.8366301301697,307.35517371016886,298.03170536605404,300.8935546875,0.5768680255771536
2025-04-17,MGK,294.4020110220995,294.4818009995596,289.9746106328251,291.6797790527344,0.7282228361704707
2025-04-23,MGK,301.9405781310598,304.6927544120244,297.62288096581585,298.540283203125,0.7078859535260978
2025-05-01,MGK,321.2855212500525,323.81829013137224,319.16156189836926,319.5803527832031,0.5770765330211747
2025-05-12,MGK,334.79705584429854,336.23297119140625,331.4665392681064,336.23297119140625,0.8520388124409677
2025-05-29,MGK,348.8969348190591,348.8969348190591,342.9638103106187,344.36981201171875,0.8076115523757533
2025-06-20,MGK,351.37986622377235,351.6889839352174,346.21457560502273,347.18182373046875,0.5695737975747643
2025-07-15,MGK,372.64195100088267,373.12110299685645,370.8451843261719,370.8451843261719,0.5180629134195837
2025-07-31,MGK,386.73668105079616,386.73668105079616,379.1203301730528,379.8689880371094,0.5378233502352601
2025-09-03,MGK,383.0632634353675,384.95985721385506,381.5859009901739,383.93170166015625,0.5870030057494666
2025-09-05,MGK,390.5299134266625,390.5299134266625,383.7919924042334,386.27752685546875,0.5703485838097982
2025-10-27,MGK,416.64318494260215,419.39056825143575,416.06371975297486,419.1707763671875,0.5547111657015756
2025-11-20,MGK,410.9885547486271,412.8967409398313,393.82490975712415,394.45428466796875,0.796814144394193
2025-12-15,MGK,411.8877105793517,411.9476510497182,406.51282482052636,407.4819030761719,0.6515155722095386
2025-12-19,MGK,409.28019569509235,412.72689458620596,409.2002547447743,412.6269836425781,0.5582364646075834
2024-01-12,MP,17.729999542236328,18.420000076293945,17.559999465942383,17.790000915527344,0.5193337201117807
2024-01-18,MP,16.1299991607666,16.270000457763672,15.640000343322754,15.859999656677246,0.6537332953106798
2024-01-23,MP,16.389999389648438,16.6200008392334,15.895000457763672,16.15999984741211,0.5032796556797102
2024-01-24,MP,16.600000381469727,16.600000381469727,15.914999961853027,16.040000915527344,0.8864669750824727
2024-01-25,MP,16.264999389648438,16.264999389648438,15.460000038146973,15.800000190734863,0.7629508009180401
2024-02-01,MP,16.100000381469727,16.309999465942383,15.869999885559082,16.15999984741211,0.5387661219673586
2024-02-07,MP,16.899999618530273,16.950000762939453,16.184999465942383,16.549999237060547,0.6567329925177998
2024-02-29,MP,15.550000190734863,15.75,15.15999984741211,15.210000038146973,0.5933642973170179
2024-03-01,MP,15.350000381469727,15.614999771118164,14.90999984741211,15.470000267028809,0.5464567358280876
2024-03-05,MP,15.710000038146973,15.720000267028809,14.039999961853027,14.270000457763672,0.6378725060214901
2024-03-06,MP,14.59000015258789,14.899999618530273,14.4399995803833,14.739999771118164,0.5504767043510848
2024-03-08,MP,15.5,15.539999961853027,14.979999542236328,15.239999771118164,0.5586600656354264
2024-03-21,MP,14.0,14.515000343322754,13.920000076293945,14.220000267028809,0.7958467840634745
2024-04-01,MP,14.739999771118164,15.359999656677246,14.470000267028809,15.079999923706055,0.526708416389982
2024-04-12,MP,17.649999618530273,17.649999618530273,16.670000076293945,16.84000015258789,0.8214314611499098
2024-04-15,MP,16.989999771118164,17.18000030517578,16.399999618530273,16.5,0.5529510072624942
2024-04-17,MP,16.56999969482422,17.190000534057617,16.40999984741211,16.780000686645508,0.668985576077051
2024-04-18,MP,16.940000534057617,17.0,16.2549991607666,16.459999084472656,0.5906123588065795
2024-04-26,MP,16.149999618530273,16.350000381469727,15.880000114440918,16.0,0.5163336212038172
2024-04-29,MP,16.270000457763672,16.6299991607666,16.149999618530273,16.420000076293945,0.6269099901427404
2024-05-10,MP,16.459999084472656,16.530000686645508,16.0,16.1299991607666,0.5570007232048537
2024-05-13,MP,16.229999542236328,17.229999542236328,16.229999542236328,16.350000381469727,0.5182846347605051
2024-05-15,MP,18.850000381469727,19.229999542236328,17.780000686645508,17.93000030517578,0.5970807816029591
2024-05-28,MP,17.40999984741211,17.440000534057617,16.520000457763672,16.700000762939453,0.5278741185203296
2024-05-31,MP,16.100000381469727,16.260000228881836,15.864999771118164,16.219999313354492,0.5559707103275173
2024-06-03,MP,16.479999542236328,16.559999465942383,15.920000076293945,16.1299991607666,0.5338342972324855
2024-06-12,MP,15.079999923706055,15.430000305175781,14.579999923706055,14.640000343322754,0.7074790934446027
2024-06-20,MP,13.470000267028809,13.6899995803833,13.34000015258789,13.670000076293945,0.5970272250743994
2024-06-28,MP,13.029999732971191,13.180000305175781,12.6899995803833,12.729999542236328,0.7047570911696318
2024-07-01,MP,13.25,13.336999893188477,12.680000305175781,12.800000190734863,0.6094538524217731
2024-07-05,MP,14.239999771118164,14.289999961853027,13.850000381469727,14.069999694824219,0.6090143884090842
2024-07-22,MP,14.369999885559082,14.489999771118164,13.819999694824219,14.239999771118164,0.5633456551267746
2024-08-07,MP,11.239999771118164,11.239999771118164,10.361000061035156,10.489999771118164,0.7674841647661784
2024-08-09,MP,11.40999984741211,11.449999809265137,11.069999694824219,11.140000343322754,0.5445312084090808
2024-08-12,MP,11.239999771118164,11.3100004196167,11.09000015258789,11.140000343322754,0.5003234993886339
2024-08-14,MP,11.609999656677246,11.6850004196167,11.270000457763672,11.600000381469727,0.6166353691830354
2024-08-26,MP,13.119999885559082,13.149999618530273,12.720000267028809,12.899999618530273,0.5255530157938232
2024-08-30,MP,13.020000457763672,13.140000343322754,12.670000076293945,12.899999618530273,0.5080090257214349
2024-09-06,MP,13.880000114440918,14.5,13.649999618530273,13.90999984741211,0.5445820812166312
2024-09-13,MP,13.880000114440918,14.128000259399414,13.670000076293945,13.800000190734863,0.5463139379981312
2024-09-18,MP,14.3100004196167,14.725000381469727,14.085000038146973,14.119999885559082,0.5137761993803052
2024-09-19,MP,14.779999732971191,14.779999732971191,14.199999809265137,14.199999809265137,0.6835743994689939
2024-09-26,MP,16.799999237060547,17.079999923706055,16.280000686645508,16.899999618530273,0.7162535339570034
2024-10-18,MP,18.489999771118164,18.780000686645508,18.385000228881836,18.579999923706055,0.5161631380303303
2024-10-22,MP,18.239999771118164,18.434999465942383,17.899999618530273,18.299999237060547,0.5880409415957395
2024-11-01,MP,18.200000762939453,18.420000076293945,18.014999389648438,18.229999542236328,0.5648413351193352
2024-11-13,MP,20.0,20.100000381469727,18.75,19.1200008392334,0.6832151755314837
2024-11-15,MP,18.729999542236328,18.729999542236328,18.020000457763672,18.280000686645508,0.6469649722319796
2024-12-09,MP,20.3700008392334,21.1299991607666,20.149999618530273,20.520000457763672,0.5276704040220929
2024-12-19,MP,16.950000762939453,17.200000762939453,15.970000267028809,16.18000030517578,0.7059510834105085
2024-12-24,MP,16.420000076293945,16.559999465942383,16.25,16.540000915527344,0.5031097632452354
2025-01-06,MP,19.25,21.139999389648438,18.799999237060547,20.459999084472656,0.568179165519404
2025-01-07,MP,20.719999313354492,21.1299991607666,20.299999237060547,20.579999923706055,0.6594358766755362
2025-01-10,MP,19.5,20.059999465942383,19.200000762939453,19.75,0.6268079264977532
2025-01-14,MP,19.84000015258789,20.100000381469727,19.229999542236328,19.389999389648438,0.5683481860327427
2025-01-17,MP,21.440000534057617,21.520000457763672,20.898000717163086,20.940000534057617,0.5385104573397653
2025-01-21,MP,21.200000762939453,21.350000381469727,19.719999313354492,20.8700008392334,0.5054657783424577
2025-01-22,MP,21.5,21.899999618530273,21.030000686645508,21.079999923706055,0.5678770405830679
2025-02-03,MP,22.350000381469727,23.670000076293945,21.809999465942383,22.229999542236328,0.8796180817822591
2025-02-06,MP,24.200000762939453,24.799999237060547,23.674999237060547,24.110000610351562,0.6763575406101101
2025-02-14,MP,24.68000030517578,24.690000534057617,23.514999389648438,23.719999313354492,0.5507076690286414
2025-02-21,MP,24.56999969482422,24.700000762939453,23.479999542236328,24.299999237060547,0.7910182292591039
2025-02-24,MP,24.440000534057617,24.84000015258789,23.540000915527344,24.270000457763672,0.6645408877298475
2025-02-26,MP,24.110000610351562,25.350000381469727,23.770000457763672,23.770000457763672,0.6245953834696528
2025-03-03,MP,24.139999389648438,24.6299991607666,22.25,22.530000686645508,0.7041902539086162
2025-03-12,MP,24.530000686645508,24.729999542236328,23.16200065612793,24.34000015258789,0.7372219844838485
2025-03-24,MP,26.219999313354492,26.920000076293945,26.059999465942383,26.459999084472656,0.5190081790685854
2025-03-25,MP,26.6200008392334,27.260000228881836,26.559999465942383,26.93000030517578,0.5161437073442323
2025-04-04,MP,26.100000381469727,26.450000762939453,22.1200008392334,23.059999465942383,0.8900862690333131
2025-04-08,MP,26.0,26.104999542236328,21.56999969482422,21.940000534057617,0.9610132940825882
2025-04-15,MP,29.280000686645508,29.719999313354492,24.850000381469727,25.06999969482422,0.6444085458296147
2025-04-28,MP,24.770000457763672,25.670000076293945,24.18000030517578,24.850000381469727,0.5629064719081721
2025-05-12,MP,22.56999969482422,22.579999923706055,20.75,21.139999389648438,0.8184755444136542
2025-05-14,MP,22.145000457763672,22.40999984741211,20.86400032043457,21.079999923706055,0.6269701221203695
2025-05-22,MP,19.799999237060547,20.770000457763672,19.229999542236328,20.079999923706055,0.5048290249531316
2025-05-29,MP,19.75,20.139999389648438,19.600000381469727,19.770000457763672,0.8603601396434172
2025-06-02,MP,22.8700008392334,22.8700008392334,20.104999542236328,20.5,0.8255427393329615
2025-06-03,MP,20.700000762939453,22.770000457763672,20.600000381469727,22.0,0.5295362262366818
2025-06-06,MP,27.09000015258789,27.1200008392334,25.049999237060547,25.700000762939453,0.6200591261501978
2025-06-10,MP,28.479999542236328,28.53499984741211,26.479999542236328,27.229999542236328,0.5054006254283334
2025-06-20,MP,38.63999938964844,38.7599983215332,36.70000076293945,37.7400016784668,0.6877387199910739
2025-06-24,MP,36.79999923706055,37.15999984741211,34.709999084472656,34.90999984741211,0.5032555893285405
2025-07-08,MP,31.25,32.459999084472656,30.594999313354492,31.190000534057617,0.7096325588997295
2025-07-09,MP,31.549999237060547,31.66900062561035,29.579999923706055,30.030000686645508,0.6748902720945922
2025-07-10,MP,48.099998474121094,48.1150016784668,42.86000061035156,45.22999954223633,0.6138167449905283
2025-07-16,MP,61.08000183105469,61.130001068115234,56.72999954223633,58.54999923706055,0.7612241362602812
2025-07-21,MP,63.71500015258789,65.05000305175781,58.79999923706055,59.0099983215332,0.7047338431198721
2025-07-28,MP,62.66999816894531,64.2699966430664,61.25,64.11000061035156,0.6723324370854861
2025-07-29,MP,65.04000091552734,65.83999633789062,60.220001220703125,60.2599983215332,0.7600365840374852
2025-08-06,MP,69.6500015258789,70.94999694824219,66.66500091552734,67.51000213623047,0.5010534886079662
2025-08-07,MP,71.0,72.3499984741211,68.5719985961914,71.06999969482422,0.5718724062030824
2025-08-08,MP,76.94000244140625,79.36000061035156,71.63999938964844,74.31999969482422,0.6410786821445257
2025-08-11,MP,74.93000030517578,82.5,72.54000091552734,72.69000244140625,0.5593119551065803
2025-08-13,MP,75.54000091552734,77.55999755859375,72.83999633789062,75.4000015258789,0.5590438253203179
2025-08-25,MP,68.48999786376953,72.9000015258789,68.16000366210938,72.30999755859375,0.5843779375817353
2025-09-03,MP,68.30999755859375,68.77999877929688,65.41000366210938,65.98999786376953,0.6343370062297095
2025-09-05,MP,64.69999694824219,64.9800033569336,61.4010009765625,63.04999923706055,0.6798458638386866
2025-09-10,MP,63.959999084472656,64.69999694824219,61.595001220703125,62.439998626708984,0.5841670456679249
2025-09-15,MP,66.01000213623047,67.33999633789062,64.41000366210938,65.94000244140625,0.6079285663744498
2025-09-18,MP,68.06999969482422,72.1500015258789,66.3759994506836,72.12999725341797,0.5079050976224229
2025-09-24,MP,76.41999816894531,77.16999816894531,70.58000183105469,71.2300033569336,0.5820673928420711
2025-09-29,MP,69.31999969482422,69.5,66.16999816894531,68.18000030517578,0.5266523561743022
2025-10-07,MP,75.9000015258789,79.52999877929688,72.19999694824219,73.7699966430664,0.5139617976442699
2025-10-08,MP,75.23999786376953,75.97000122070312,69.61000061035156,70.58999633789062,0.5480601301601626
2025-10-09,MP,73.6500015258789,78.31999969482422,71.5199966430664,72.29000091552734,0.5193524710924912
2025-10-10,MP,74.41000366210938,84.91999816894531,73.43000030517578,78.33999633789062,0.5211471008232799
2025-10-14,MP,97.79000091552734,100.2509994506836,88.5999984741211,98.6500015258789,0.6874399083183429
2025-10-16,MP,91.93000030517578,91.98999786376953,83.33000183105469,83.83999633789062,0.6875659954212427
2025-10-20,MP,83.5,83.98999786376953,78.052001953125,82.9000015258789,0.6134899624736687
2025-10-23,MP,70.875,71.45999908447266,68.0999984741211,68.44999694824219,0.5038484741813641
2025-10-29,MP,65.44000244140625,65.5999984741211,63.29999923706055,64.29000091552734,0.5280388305410579
2025-10-30,MP,66.97000122070312,67.0999984741211,62.880001068115234,64.91999816894531,0.7952710689742927
2025-11-06,MP,56.38999938964844,56.45000076293945,51.84000015258789,51.95000076293945,0.7835305173061783
2025-11-10,MP,61.54999923706055,65.94999694824219,60.41999816894531,64.18000030517578,0.6211235322051022
2025-11-13,MP,60.15999984741211,61.19900131225586,56.689998626708984,57.540000915527344,0.7138587667970496
2025-11-20,MP,64.25,65.23999786376953,56.599998474121094,56.68000030517578,0.8456830303010286
2025-11-26,MP,58.77000045776367,61.034000396728516,58.720001220703125,60.150001525878906,0.5010341809220257
2025-12-05,MP,63.63999938964844,63.88999938964844,61.84000015258789,62.09000015258789,0.5313579328000844
2025-12-15,MP,57.06999969482422,57.81999969482422,53.040000915527344,53.2599983215332,0.7168844501698086
2025-12-17,MP,54.130001068115234,55.75699996948242,52.02000045776367,52.029998779296875,0.6103899758306951
2025-12-18,MP,53.439998626708984,55.11000061035156,51.40999984741211,52.040000915527344,0.5159190291381465
2025-12-22,MP,54.540000915527344,55.25,53.7599983215332,54.38999938964844,0.530060628349049
2025-12-31,MP,50.869998931884766,51.22999954223633,49.7599983215332,50.52000045776367,0.5318572832343087
2026-01-02,MP,51.47999954223633,55.25,50.90999984741211,54.970001220703125,0.5586098145470573
2026-01-05,MP,57.22999954223633,58.79999923706055,56.41999816894531,58.619998931884766,0.5603385909949672
2026-01-07,MP,60.400001525878906,64.08000183105469,59.81999969482422,62.5,0.5101515158602618
2026-01-12,MP,63.369998931884766,67.0,62.22999954223633,65.33999633789062,0.6328813506323966
2024-01-05,MRVL,58.179853138719366,60.763418523773,58.1500440081203,59.54119110107422,0.5363539725756807
2024-01-22,MRVL,71.6839440788192,72.0913557760111,68.49423799604625,69.66677856445312,0.7115240654536027
2024-01-24,MRVL,71.29641084902454,72.77698924427864,70.64057959807526,71.82305908203125,0.7017901797311327
2024-01-25,MRVL,72.99560581023105,73.0651629868429,69.46805245182476,69.55747985839844,0.7236941906456168
2024-02-22,MRVL,68.42468183987575,69.95494718614464,67.79866729960517,69.42829895019531,0.501173949456172
2024-03-06,MRVL,81.12389588465125,81.98839873571362,79.275653638355,80.85560607910156,0.5225062615396019
2024-03-21,MRVL,67.57011916933888,68.12657654829063,66.02991489110191,66.16902923583984,0.5190335927177854
2024-03-27,MRVL,71.09767716435377,72.30995818179404,69.90525879373756,71.85286712646484,0.5009975095167863
2024-04-04,MRVL,74.5457186199931,75.80769389828461,69.97480143459595,70.43189239501953,0.5199771703580824
2024-04-15,MRVL,70.76958675538364,71.38618029073612,67.32856324906227,67.50757598876953,0.5129201811568408
2024-04-24,MRVL,64.41464637579608,65.29977051312714,63.231180280727635,64.49420928955078,0.6653491758974944
2024-05-23,MRVL,75.44380142671031,75.83166111920232,72.77850470616673,74.60840606689453,0.6154241115238706
2024-06-03,MRVL,69.81484167979283,70.76958127600096,66.7318514791247,67.83576202392578,0.5286403025161199
2024-06-05,MRVL,67.07992541700813,69.5164877857998,66.65228435391637,69.41703796386719,0.5265667335005119
2024-06-13,MRVL,74.1807563867834,75.28466694997299,71.25689193262387,72.47019958496094,0.662305447178822
2024-06-18,MRVL,72.1519568078094,73.72328235707843,71.61491861215956,72.73871612548828,0.5247920343467694
2024-06-28,MRVL,68.92972784397372,71.90332865418225,68.87005946234271,69.51649475097656,0.5350287401947792
2024-07-18,MRVL,69.41507470064137,69.60419190837749,65.69250172894543,67.89220428466797,0.5444047916119684
2024-07-26,MRVL,65.60293559855836,65.99111802036107,64.36870716599849,65.413818359375,0.5875184318622032
2024-07-30,MRVL,64.57771131128027,65.16496635882643,61.999782166920404,62.50740432739258,0.5142903862630692
2024-08-07,MRVL,60.06882217061518,61.23337300527395,55.768949759569736,55.88839340209961,0.5146919462615563
2024-08-15,MRVL,66.45891792749443,69.47480765879808,65.64273857810468,69.00699615478516,0.5004938423804665
2024-08-23,MRVL,70.13173441712694,72.24186032570981,69.68383395058275,71.50530242919922,0.5087196915452288
2024-08-30,MRVL,77.93519594244243,78.63193153879108,72.3712363315926,75.8847885131836,0.5188476492861579
2024-09-09,MRVL,67.52392304148559,68.70838114305266,67.19546631566186,68.60884857177734,0.5635286430084656
2024-09-11,MRVL,72.53049145717542,74.79986741094424,70.619431227927,74.54107666015625,0.5349490267567664
2024-09-19,MRVL,74.48136543827813,75.66581601016516,73.16751568225934,74.5311279296875,0.5021415706800215
2024-10-17,MRVL,83.80734788593183,83.86712294630117,79.5836109596822,79.6035385131836,0.5253254472727668
2024-12-11,MRVL,109.46855876417554,111.55054732892994,108.0639702263487,110.93292236328125,0.501284677619045
2024-12-19,MRVL,107.30688262638064,109.95667726836503,106.26090645709462,108.6915512084961,0.5331745942905937
2024-12-23,MRVL,112.21797162092929,113.98118005741685,110.89307054936745,113.32371520996094,0.5054881347754635
2025-01-03,MRVL,114.6685425466659,117.87619474906984,114.2999587966541,117.72676849365234,0.5261209088033492
2025-01-06,MRVL,121.8210085780158,122.93671602079371,117.36815018424441,118.5535888671875,0.5029600432264274
2025-01-14,MRVL,116.35132568888689,117.30812856864073,113.50084711620649,114.81645202636719,0.5267994655743031
2025-01-22,MRVL,124.3844979620877,126.02899842231288,123.82635723724174,124.79312896728516,0.5044363223571586
2025-01-28,MRVL,102.95608594523887,104.70025966335477,99.71690618302364,103.53414916992188,0.5609709753893384
2025-01-29,MRVL,104.261721100713,106.90289994017006,102.7667150712838,106.43446350097656,0.5283302754392126
2025-01-30,MRVL,110.99920771139058,111.62710745337827,108.67696338316104,109.9626693725586,0.5030915406458847
2025-01-31,MRVL,112.0756143032353,115.40449831006211,110.82977596014022,112.4842529296875,0.5140530677336907
2025-02-10,MRVL,111.41780667635132,113.16198021680016,110.6304359941838,112.42444610595703,0.5293184791435922
2025-02-26,MRVL,95.53087947809402,96.32821903298424,93.64717257375928,94.58404541015625,0.6017943307659008
2025-02-27,MRVL,97.67373314841736,97.73353095992391,86.9894215302371,87.35819244384766,0.6934325802307262
2025-03-12,MRVL,69.48788244580497,71.09252288170563,68.40150742833465,69.61744689941406,0.5540025205574297
2025-04-08,MRVL,54.059416233112486,56.06272251130456,48.37839292490096,49.86343002319336,0.9220325613395656
2025-04-14,MRVL,55.72729651694818,55.90690136303103,51.22720662220133,52.14518356323242,0.5330176118612117
2025-04-22,MRVL,49.99991118442632,51.3569239343782,49.670634352607166,50.5087890625,0.5212603063353151
2025-04-23,MRVL,54.72949215640594,55.827077722726735,53.24276784160562,53.6518669128418,0.589686973782769
2025-05-01,MRVL,60.01785557289955,61.64427181991781,59.139787814457115,60.816097259521484,0.5262789442701218
2025-05-08,MRVL,57.93244688507242,58.90031326249113,56.565453955835636,57.50339126586914,0.5240969304813569
2025-05-29,MRVL,67.21201489069142,67.44150533196341,63.190869767335464,63.589988708496094,0.5421654717160376
2025-06-06,MRVL,66.82287126682598,69.62669539248476,66.16431760182867,68.19983673095703,0.5297724901794709
2025-07-24,MRVL,73.56832072689508,74.01770421975506,72.29008856908513,73.93781280517578,0.5304604389654671
2025-07-28,MRVL,75.04628359366147,76.47431029043125,74.55696199821116,75.80523681640625,0.5245929949158425
2025-07-29,MRVL,76.29454913483475,78.6512923145285,75.86514234483468,76.23462677001953,0.757520913116662
2025-07-30,MRVL,82.99529390392082,85.15230875472018,80.45879864520026,81.62718200683594,0.5137355544875951
2025-07-31,MRVL,82.6357914468956,83.13510136500372,79.51011410233,80.25907897949219,0.7011075678825954
2025-08-04,MRVL,75.59551357402717,76.78387353887577,74.71673091883963,76.42436981201172,0.5331745942905937
2025-10-06,MRVL,88.7273686465294,90.12543790511855,88.12819828395249,88.79727172851562,0.522443345143063
2025-10-10,MRVL,92.90315539383766,94.5919427162903,85.29862640633827,85.54844665527344,0.5364787356422676
2025-10-24,MRVL,83.81968354606965,85.72831382470642,82.64053171723398,84.06950378417969,0.508370559967695
2025-10-27,MRVL,85.9781388833241,89.31573379212576,85.13873887177955,88.6462173461914,0.5052235859912886
2025-10-31,MRVL,93.33284790837628,97.49984789255234,90.89459980302976,93.67259979248047,0.5003471727524758
2025-11-10,MRVL,93.10300945199434,94.40207780869815,92.13370565684122,93.16297149658203,0.5070585951346535
2025-11-19,MRVL,79.03312810191288,81.83111786195671,78.7233534414748,81.26152801513672,0.5600025327888779
2025-11-20,MRVL,83.34004009560961,84.37929329001902,76.02530320226312,76.62487030029297,0.5429154848687321
2025-11-24,MRVL,78.43355951047583,84.51918445107198,77.94391398042144,83.72975158691406,0.5219565842219566
2025-12-15,MRVL,84.8089791191092,85.7882702055234,83.60983737439273,84.19941711425781,0.5234729431046328
2025-12-17,MRVL,86.43780222255383,87.11731357388402,81.12162787058548,81.64125061035156,0.5087387832492738
2025-12-22,MRVL,86.51774782956932,87.28719081854531,84.38927449358442,84.73902893066406,0.5138312075601426
2025-12-26,MRVL,87.03737163233146,87.13729820531906,85.90818687214485,86.27791595458984,0.5693614135746489
2026-01-02,MRVL,86.6776331541274,90.01523571049772,86.5377344218631,89.32572937011719,0.5136477880418939
2026-01-06,MRVL,92.63334455447546,94.13226603674146,86.7076079896275,88.16656494140625,0.5121993275951977
2024-01-24,MSFT,395.641052600286,399.670963497878,394.56706921313554,396.64605712890625,0.6878469185340633
2024-03-21,MSFT,424.29864595105556,425.27592645181124,421.66302217216105,423.8445739746094,0.5043848413373854
2024-04-04,MSFT,419.52086856783245,423.1535341879721,412.19637211672654,412.50238037109375,0.5198323770091151
2024-04-15,MSFT,421.1101986920762,421.32736877280126,408.10966683089106,408.3169860839844,0.512095212169091
2024-04-17,MSFT,411.8805452142036,413.4895740933759,405.0495831926222,406.5401611328125,0.5365224862277628
2024-05-01,MSFT,387.5576027140766,396.55038446355206,385.287212788776,389.8576354980469,0.5604042779177145
2024-05-23,MSFT,428.1691242148773,428.792143449846,420.7028525285379,422.26531982421875,0.6017148589290401
2024-07-29,MSFT,426.7945502371275,427.35823721785147,419.9908622622184,421.99835205078125,0.5746593892078603
2024-08-01,MSFT,416.12417291556886,422.7201972162586,408.50954056683383,412.4849548339844,0.5755431597879768
2024-08-30,MSFT,411.73253163556785,413.604928025177,408.2948214180594,413.2582092285156,0.507265929729587
2024-09-09,MSFT,403.45027169819457,404.8471540629301,398.4076421561328,401.9444274902344,0.5467249388388258
2024-09-10,MSFT,404.4013853254675,412.45570379102855,403.90603822449737,410.3455505371094,0.551298491545775
2024-12-19,MSFT,438.38612742715867,439.9347015317489,433.12495005824394,433.8297424316406,0.5173533545155283
2025-01-02,MSFT,422.4139505741353,422.9500047735069,411.81216477472935,415.51483154296875,0.5451454086414104
2025-01-03,MSFT,417.99651176266025,420.9249216883709,416.46781065088146,420.2499084472656,0.5485184689568648
2025-01-06,MSFT,424.8658449852562,431.1395722098291,422.36430932720185,424.7169494628906,0.5102177229868288
2025-01-22,MSFT,434.3558409675422,443.9947282693763,432.8072669314077,442.9325866699219,0.5124913153293174
2025-01-31,MSFT,415.911907348454,417.60937689111034,411.87170384291437,412.0205993652344,0.5223849988567564
2025-02-10,MSFT,410.6804647918203,412.4176498447071,407.91091729068654,409.2013854980469,0.5089360896429022
2025-03-12,MSFT,380.9079867475423,383.1658713736677,376.92931616803475,381.22625732421875,0.5452243968290433
2025-04-08,MSFT,366.2963320079612,371.65757505461033,348.38235725741856,352.66937255859375,0.9084557013608707
2025-04-17,MSFT,371.75704543823275,372.3240133010547,364.9336397230584,365.8188781738281,0.51372350575105
2025-04-22,MSFT,361.44235434917846,365.80892977570767,357.94110461161955,364.864013671875,0.5017249488438131
2025-04-23,MSFT,374.05472426245655,378.3616523034824,371.0309260243866,372.3936462402344,0.587684600489185
2025-05-01,MSFT,428.81116623183453,434.65981700987567,422.6342884776108,423.1316223144531,0.5950506832795665
2025-05-29,MSFT,459.93167902845283,460.10109634693043,453.71356774793736,457.0717468261719,0.5288118732402795
2025-06-06,MSFT,468.4417517005521,471.6803564462113,467.13634729745564,468.7307434082031,0.5185667300516067
2025-06-24,MSFT,487.23560408546166,490.1254297173699,485.0931183138473,488.3915100097656,0.5556466468990279
2025-07-24,MSFT,506.98612743645725,511.86894085644093,505.5212803694045,509.0887451171875,0.5358769578082299
2025-07-29,MSFT,513.7224399565682,515.8050777848653,509.7663282358281,510.7727966308594,0.7597164650462124
2025-07-31,MSFT,553.2831833968122,553.5024436401114,530.0350289229713,531.62939453125,0.6693462499520645
2025-08-04,MSFT,526.4177481275262,536.3627358241171,526.2782244119826,533.7619018554688,0.533707638468006
2025-09-08,MSFT,497.1794589519428,500.26371328397477,494.10522614671714,497.2693176269531,0.5306227751658299
2025-10-31,MSFT,527.8919782690999,528.3311587204174,514.137692119172,516.8426513671875,0.5104494272839402
2025-11-20,MSFT,492.7099914550781,493.57000732421875,475.5,478.42999267578125,0.5461475348556224
2025-11-24,MSFT,475.0,476.8999938964844,468.0199890136719,474.0,0.538112618293841
2025-11-26,MSFT,486.30999755859375,488.30999755859375,481.20001220703125,485.5,0.5043535085075711
2024-01-22,MU,87.6074018157127,89.2747912728711,87.34935894614789,88.57012176513672,0.6571406219022653
2024-01-24,MU,87.7463555497901,87.90515057514502,85.95986418876848,87.41883087158203,0.6660168588392958
2024-01-25,MU,88.48079826358428,89.3641168850353,87.8356759652339,88.5304183959961,0.6504575505267725
2024-02-14,MU,81.5631382113439,82.55563198000365,80.87831508788817,81.21576690673828,0.5084126736497337
2024-03-06,MU,94.33651562262062,95.70615400532901,93.85018832775593,94.84268188476562,0.5191529487624212
2024-03-18,MU,96.0932312965088,96.35128175605364,92.98672901414814,93.0760498046875,0.5095915568027586
2024-03-21,MU,112.51900287730285,112.64802432016259,107.96345328667394,109.02542114257812,0.5050177655588785
2024-03-26,MU,118.10674460294204,121.54077173064141,117.28297305436767,117.90824890136719,0.5488673456060081
2024-04-01,MU,118.4194289312762,126.54586340775684,118.22074164096426,123.48603820800781,0.5328581896378776
2024-04-04,MU,129.32752936438908,129.68517256707688,122.84029883971486,123.27741241455078,0.6230045418715975
2024-04-15,MU,122.82042880521095,123.96289975621787,119.82020805836903,120.57523345947266,0.5129201811568408
2024-05-23,MU,130.9071218854963,131.08593589766156,123.84368038646794,125.44313049316406,0.6139274767848266
2024-06-03,MU,127.29096470987679,127.99630689210272,124.33047545921546,127.33069610595703,0.5292298478168371
2024-06-13,MU,141.85496832003116,143.27561220121248,139.34153661219642,142.2026824951172,0.6649818515778174
2024-06-20,MU,155.98184681415353,156.3792365916521,141.97418686275248,143.2458038330078,0.6517732237393836
2024-06-25,MU,139.15278022607362,140.20583655218454,136.84796511627906,140.19589233398438,0.5011067295136482
2024-07-09,MU,131.00172347872,134.4420790215249,130.13666951462415,130.3951873779297,0.508868132100348
2024-07-10,MU,132.34407884205433,135.72476283653046,131.9463414960329,135.61538696289062,0.5102626815400447
2024-07-18,MU,119.81561656227593,120.94914129050287,113.44201871213419,116.7829360961914,0.5328095588734106
2024-07-26,MU,109.37525783461598,110.00167703486771,107.16786505363811,108.78861236572266,0.5989294890581511
2024-07-29,MU,109.9121894897216,110.39940441288188,106.53149825684092,107.23746490478516,0.5717259307350558
2024-07-30,MU,108.38094313184868,108.6295232766465,101.58973175531693,101.9775161743164,0.5685190206886227
2024-08-07,MU,92.84964519356706,93.04851384442235,86.08827037181742,86.30702209472656,0.5146919462615563
2024-08-30,MU,96.369551094754,97.85109425630708,94.45051202607473,95.69341278076172,0.5220986712843689
2024-09-09,MU,87.35106533342477,87.46044120899029,84.52719840153348,85.78003692626953,0.5576664751669844
2024-09-10,MU,86.47604878236498,86.69480049015701,84.38797740209509,86.35672760009766,0.5599696098642206
2024-09-11,MU,87.69906495067474,90.31413271732914,85.59111034851706,90.1351547241211,0.5619103465835873
2024-09-13,MU,87.5896914555699,90.95049968705491,87.37094731223937,90.70191955566406,0.5160039405209897
2024-09-19,MU,88.842533558341,89.87662777005166,87.08258964289345,88.74310302734375,0.5095445152611522
2024-09-23,MU,92.15362952986989,94.26159184177675,92.0541989913787,93.03857421875,0.5001696999197677
2024-09-26,MU,112.45764894722011,114.14799837763395,106.9192839713798,109.25593566894531,0.5041783423025954
2024-10-17,MU,110.83230095051469,113.61953636547736,110.50381147796855,111.53907012939453,0.5004717351290362
2024-12-11,MU,99.04629538540479,102.19188991943741,97.85177023769444,101.59461975097656,0.5211278145238252
2025-01-02,MU,84.70240913085375,87.36368552942879,84.46318763553033,87.04473114013672,0.5545116776496449
2025-01-03,MU,87.66269741233285,89.90534750922625,87.22413989775922,89.57643127441406,0.5452892457616413
2025-01-06,MU,95.25781177828836,101.18837253152586,95.16810942145153,98.93576049804688,0.5022795994558965
2025-01-07,MU,103.07220273488886,106.39131911922841,100.82955262425479,101.57710266113281,0.5125184846510284
2025-01-14,MU,96.73297675814872,97.09180138029205,95.0684262481335,97.04196166992188,0.5267994655743031
2025-01-28,MU,92.30748159841373,93.14473401166885,87.75241022432294,87.96172332763672,0.5390025891525132
2025-01-29,MU,89.58639143542192,90.15452914502396,87.47332158436204,88.71923828125,0.5167246724334403
2025-02-10,MU,92.88558330489352,95.94555438471924,92.86564437939244,95.61663055419922,0.508370559967695
2025-02-26,MU,95.68639510519405,99.39424413223576,95.18802846402117,97.39080810546875,0.5425431335676418
2025-03-03,MU,95.49702936978461,95.88575480675875,89.09800244862443,90.24424743652344,0.6057811793303371
2025-03-12,MU,92.16793283232356,96.6731641668204,91.93868081898718,95.32757568359375,0.5447372442199755
2025-04-01,MU,88.35570106399089,88.71499290573567,86.08019114252313,88.53534698486328,0.529170709265247
2025-04-08,MU,71.4590315276293,72.82633699616683,63.39494150948836,65.41096496582031,0.917323670253557
2025-04-14,MU,74.52298814551438,74.63277218706051,69.83224453433434,70.88017272949219,0.5330176118612117
2025-04-17,MU,70.30131355686281,70.34123571483532,66.86808411495812,68.66454315185547,0.5428529282544613
2025-04-22,MU,67.40702823491193,70.26139807916097,67.30722663767833,70.07176971435547,0.5103585018195257
2025-04-23,MU,73.54492093765633,75.25155336138306,72.35726138318108,72.78641510009766,0.6016759381331794
2025-05-01,MU,79.24367803770987,79.7327111889632,77.48714101064607,77.61688232421875,0.5262789442701218
2025-05-29,MU,98.3958821083202,99.43383536197545,95.92076925407326,96.60941314697266,0.5273816942589435
2025-06-06,MU,107.8672169746937,110.83137094084064,107.82729481183956,108.34626770019531,0.5368243810695239
2025-06-11,MU,115.37240572570109,117.02914118019079,114.5041234509223,115.80155944824219,0.5309511446605325
2025-06-16,MU,117.57805516112904,120.7218550154939,117.08902199714417,119.60405731201172,0.5489809229691706
2025-06-20,MU,122.52828360614531,123.91555394010966,120.14298971479863,123.35665130615234,0.5023148178278096
2025-06-24,MU,124.86367477955537,127.84779332856152,124.71396858778488,127.65816497802734,0.5789844066729785
2025-07-24,MU,110.94566654590871,112.61395315229545,110.13650284147651,111.61498260498047,0.5647688954473002
2025-07-29,MU,111.93465313395623,113.42311711886428,110.55606889768958,111.84474182128906,0.7531945139632384
2025-08-04,MU,105.91085907678975,107.76894499230718,105.35143798275553,107.6590576171875,0.5275965972384921
2025-08-05,MU,109.18748180299747,110.52609865271732,106.72002337839712,108.94772338867188,0.5082748740239872
2025-08-07,MU,114.022504592307,115.16133047575278,110.67595457967106,111.75484466552734,0.5009975095167863
2025-09-18,MU,162.82222041878873,170.27453241390646,162.4326225020797,168.7161407470703,0.5287446237122662
2025-09-22,MU,164.2107878236834,167.08781271136408,161.42365138623745,164.45053100585938,0.5408580604401853
2025-09-23,MU,165.50943375923583,168.8160390909545,165.0599000593962,166.2386932373047,0.6130821068892185
2025-10-02,MU,184.76959785278888,185.98832788839937,181.0234583264217,183.5608367919922,0.5060412771702325
2025-10-03,MU,185.13521330677412,191.77253126367356,184.84532187608136,187.754150390625,0.5536949598459228
2025-10-06,MU,194.93124102646516,200.91882749602368,189.3534926417827,190.8828887939453,0.6215429138530915
2025-10-07,MU,194.77132560130494,195.22114084061838,183.16601311335563,185.61502075195312,0.5465578203528719
2025-10-27,MU,224.71921308799338,224.88914260699457,215.65288373524083,220.01112365722656,0.5001552818554448
2025-11-03,MU,233.78556365841868,237.52404367708658,231.7064017363582,234.605224609375,0.5528478088063221
2025-11-10,MU,247.8598683435185,256.96618989035056,247.70991976927402,253.1977081298828,0.5095915568027586
2025-11-20,MU,230.14703356948263,230.50688881000934,199.5194067459256,201.28868103027344,0.5545742237857771
2025-11-21,MU,204.44740539337903,211.91439007520125,192.5122245685346,207.2862548828125,0.5675981483817333
2025-11-24,MU,213.32382808036323,226.0186967328067,212.27424902289934,223.83956909179688,0.5374415924741489
2025-12-15,MU,247.0102186437451,250.00900725651238,235.90470420435855,237.4040985107422,0.5134901447749445
2025-12-19,MU,251.6483311790547,268.2716200619119,251.6483311790547,265.8126220703125,0.5092188903411548
2025-12-22,MU,277.03807341876205,279.8769228912229,268.181665962978,276.4783020019531,0.5242086386355335
2026-01-02,MU,295.1300048828125,315.6000061035156,294.8599853515625,315.4200134277344,0.5161315893780956
2026-01-05,MU,325.1300048828125,325.5299987792969,309.54998779296875,312.1499938964844,0.5081119385857521
2026-01-06,MU,318.2799987792969,344.54998779296875,318.05999755859375,343.42999267578125,0.5100902080915191
2026-01-08,MU,342.8999938964844,343.6600036621094,321.3599853515625,327.0199890136719,0.5130802749376874
2024-01-18,NET,78.76000213623047,79.68299865722656,76.62999725341797,77.95999908447266,0.5286403025161199
2024-01-22,NET,83.87999725341797,87.16999816894531,83.54000091552734,84.68000030517578,0.6680724945990639
2024-01-24,NET,85.37000274658203,86.23999786376953,82.30000305175781,82.33000183105469,0.6872466836634036
2024-01-25,NET,83.02999877929688,83.60600280761719,81.26000213623047,81.86000061035156,0.669991405760176
2024-02-22,NET,99.45999908447266,99.93000030517578,97.4000015258789,99.47000122070312,0.5004934888962398
2024-03-06,NET,98.7300033569336,99.36000061035156,95.76499938964844,97.48999786376953,0.5199771703580824
2024-03-21,NET,100.0,100.9000015258789,96.31999969482422,96.41000366210938,0.504529852993855
2024-04-24,NET,89.48999786376953,89.9000015258789,87.16999816894531,87.68000030517578,0.638416823496568
2024-04-29,NET,88.9000015258789,91.0199966430664,88.5,89.6500015258789,0.5075238418481026
2024-05-07,NET,74.73999786376953,75.08999633789062,73.01000213623047,74.12999725341797,0.5177927265533653
2024-05-23,NET,76.04000091552734,76.3499984741211,73.47000122070312,73.62000274658203,0.6265511619173388
2024-05-31,NET,68.48999786376953,68.8550033569336,66.37999725341797,67.69000244140625,0.5159827904248152
2024-06-03,NET,68.55999755859375,68.7699966430664,66.23999786376953,67.43000030517578,0.5306367386875054
2024-06-05,NET,69.0199966430664,69.87999725341797,68.16000366210938,69.8499984741211,0.5181624248303566
2024-06-13,NET,76.04000091552734,76.55999755859375,73.5,73.51000213623047,0.6575183135703999
2024-06-17,NET,77.02999877929688,77.94000244140625,75.0199966430664,77.68000030517578,0.5247920343467694
2024-06-20,NET,80.0,80.0979995727539,77.47000122070312,78.44999694824219,0.5426034681712225
2024-07-11,NET,83.86000061035156,84.5,81.87000274658203,82.0199966430664,0.5012783635560184
2024-07-26,NET,79.08999633789062,79.2249984741211,77.22000122070312,78.05999755859375,0.5427332731809223
2024-07-29,NET,78.61000061035156,78.97000122070312,77.16000366210938,77.37000274658203,0.55468836471909
2024-08-07,NET,78.75,79.9800033569336,76.18000030517578,76.37000274658203,0.516848548598411
2024-08-09,NET,77.51000213623047,78.9000015258789,76.87000274658203,77.70999908447266,0.5263123492215936
2024-08-14,NET,82.30000305175781,83.36000061035156,80.69999694824219,81.45999908447266,0.5000829965304838
2024-08-30,NET,82.0999984741211,83.69000244140625,81.66000366210938,82.13999938964844,0.5074109216718671
2024-09-09,NET,77.01000213623047,77.70999908447266,76.08999633789062,76.23999786376953,0.5614812386290567
2024-09-10,NET,76.6500015258789,77.20999908447266,74.87999725341797,76.80999755859375,0.5316964758018041
2024-09-26,NET,84.80999755859375,84.80999755859375,81.18000030517578,82.36000061035156,0.5032146363396863
2024-10-17,NET,92.05000305175781,92.16000366210938,90.16999816894531,90.4000015258789,0.5004717351290362
2024-12-02,NET,106.02999877929688,108.61699676513672,104.61000061035156,105.05000305175781,0.5721798856935079
2024-12-19,NET,110.37000274658203,111.12999725341797,107.0,108.58000183105469,0.5331745942905937
2025-01-02,NET,114.5,114.75,110.68000030517578,112.54000091552734,0.5293251486256522
2025-01-03,NET,113.4000015258789,114.80000305175781,112.05999755859375,114.7300033569336,0.5469864706424838
2025-01-06,NET,116.36499786376953,117.08000183105469,112.51499938964844,113.98999786376953,0.5172488105904998
2025-01-14,NET,112.45999908447266,113.9000015258789,111.31999969482422,112.0,0.5267994655743031
2025-01-28,NET,128.8300018310547,140.25,125.6709976196289,139.97999572753906,0.5095944505892589
2025-01-30,NET,137.25,139.5970001220703,135.8300018310547,137.25999450683594,0.5290102516870477
2025-01-31,NET,138.72999572753906,142.41000366210938,138.1300048828125,138.39999389648438,0.5378228327303285
2025-02-04,NET,139.52000427246094,141.6699981689453,137.99400329589844,140.13999938964844,0.5001624049247638
2025-02-26,NET,145.27000427246094,146.8800048828125,144.0500030517578,144.9199981689453,0.5498538769941417
2025-02-27,NET,148.0,150.69000244140625,140.64999389648438,140.72000122070312,0.6724207032394178
2025-03-12,NET,124.97000122070312,126.0,116.0,119.4000015258789,0.6054908538320444
2025-04-01,NET,114.16500091552734,115.7300033569336,111.33999633789062,115.66000366210938,0.5331956640560545
2025-04-08,NET,103.58999633789062,105.26499938964844,95.79000091552734,97.44999694824219,0.9132255799745467
2025-04-14,NET,110.0,111.69000244140625,106.0999984741211,107.12000274658203,0.5351128425086618
2025-04-23,NET,113.18000030517578,118.0,112.12000274658203,112.80000305175781,0.5483673847147389
2025-05-01,NET,125.69999694824219,125.9800033569336,122.5,122.61000061035156,0.563663867578795
2025-05-14,NET,152.0,154.6199951171875,150.4499969482422,154.49000549316406,0.5569320073341831
2025-05-27,NET,160.0,162.8000030517578,159.2760009765625,161.75999450683594,0.5604699363289362
2025-05-29,NET,164.80999755859375,165.49000549316406,159.75999450683594,164.16000366210938,0.6088161041802728
2025-06-06,NET,178.38999938964844,181.80999755859375,176.14999389648438,179.6699981689453,0.5952127386779881
2025-06-16,NET,174.11500549316406,179.47000122070312,173.8040008544922,179.27000427246094,0.5173277409380043
2025-07-24,NET,190.1999969482422,192.6199951171875,186.72000122070312,191.5800018310547,0.5304604389654671
2025-07-28,NET,200.91000366210938,202.33999633789062,198.6199951171875,199.41000366210938,0.5244483205222235
2025-07-31,NET,204.77000427246094,210.97999572753906,203.0,207.67999267578125,0.6789617114768245
2025-08-04,NET,204.57000732421875,211.75,202.7100067138672,208.8000030517578,0.53385199971972
2025-10-06,NET,219.5,225.37100219726562,219.21499633789062,221.02999877929688,0.5242936545683606
2025-10-10,NET,222.1199951171875,226.9499969482422,213.14999389648438,213.82000732421875,0.5218425683368095
2025-10-20,NET,212.41000366210938,213.4499969482422,208.8000030517578,213.0399932861328,0.5148040877935014
2025-10-27,NET,222.44000244140625,225.44000244140625,219.2899932861328,225.11000061035156,0.5038151184816821
2025-10-31,NET,236.5,254.3000030517578,234.0,253.3000030517578,0.5140863483454644
2025-11-03,NET,254.91000366210938,260.0,245.1199951171875,248.11000061035156,0.5259913549758262
2025-11-17,NET,213.44000244140625,213.6999969482422,201.38999938964844,202.25,0.5558900671783962
2025-11-20,NET,204.47000122070312,204.47000122070312,189.7899932861328,191.38999938964844,0.5710960991944283
2025-11-24,NET,187.86500549316406,194.16000366210938,187.4600067138672,193.99000549316406,0.5253518822609013
2025-12-22,NET,198.60000610351562,203.6999969482422,197.5,202.05999755859375,0.5224070155651768
2026-01-02,NET,198.89999389648438,200.3000030517578,193.13999938964844,196.02000427246094,0.5135028717652228
2024-01-10,NLR,71.93595042162028,72.87534138645776,71.77131687215898,72.11995697021484,0.521223619801335
2024-01-18,NLR,74.43453527727434,74.54106460653162,73.11745210521548,74.1246337890625,0.5929063379659136
2024-01-24,NLR,74.12463453974313,74.29895459041731,72.79786485468767,72.8172378540039,0.8042801660623824
2024-01-25,NLR,73.33051325041345,73.33051325041345,72.05216864461089,72.34269714355469,0.6947203431606344
2024-01-31,NLR,74.07620449709312,74.29894964259012,73.21429080077814,73.38861083984375,0.5666029969862679
2024-02-29,NLR,71.92626891396765,72.07153686301203,70.39613436478658,70.7738265991211,0.7051659678679303
2024-03-05,NLR,72.38143846960571,73.23367316453233,71.66479261230046,71.79068756103516,0.5818631421570787
2024-03-12,NLR,72.3233247549218,72.42016757882783,70.91908533669971,71.59699249267578,0.5527320839112498
2024-03-13,NLR,72.10058960879273,72.73007913442784,70.52202993317782,70.8028793334961,0.5267385702148125
2024-04-01,NLR,74.15368143250811,75.87750881864241,74.06652510762065,75.81940460205078,0.5011011319187569
2024-04-04,NLR,78.65694386624675,78.65694386624675,75.99372554094289,76.30362701416016,0.5731112315481924
2024-04-17,NLR,74.27957986345075,74.93812144083256,73.46609123831486,73.74694061279297,0.6243095330981717
2024-04-29,NLR,76.02278196012249,76.89438221191446,75.72256696897418,76.82659149169922,0.566077686831492
2024-05-03,NLR,78.38578566188953,78.74410487460268,78.00809344984172,78.51168060302734,0.50818789828911
2024-05-10,NLR,82.55976900853032,82.74377555015563,80.4969879970231,80.90373229980469,0.5196251630480393
2024-05-13,NLR,81.46543058429799,81.99806981919195,80.58414387784885,80.66162109375,0.5301783374691419
2024-05-15,NLR,82.19177339705607,82.9084192644406,81.73660393107032,82.56946563720703,0.5075349291940885
2024-05-31,NLR,84.46761363179225,84.87435798588555,83.08273961688268,84.04149627685547,0.5335203637087681
2024-06-12,NLR,79.39297326653903,79.57697244210813,78.64726789796953,79.44139099121094,0.6656254466698543
2024-06-28,NLR,78.97653774499624,79.24770063076164,76.83627199241678,77.44639587402344,0.6172021052998572
2024-07-01,NLR,77.94030854667265,78.35673939983658,77.37860974219389,77.64977264404297,0.7019915356180014
2024-07-11,NLR,82.58882620926961,82.86967559430538,82.1336567710611,82.57913970947266,0.5253774464521723
2024-07-18,NLR,78.6763143813569,78.6763143813569,76.83627103687311,77.0687026977539,0.5401086498620319
2024-08-07,NLR,70.6188707478922,71.31615097855482,69.48579406738281,69.48579406738281,0.7216675825265357
2024-09-10,NLR,68.63356820790989,69.34052756470139,68.44956164636712,69.33084106445312,0.6121656819813059
2024-09-19,NLR,73.58230361517693,73.7953548722691,72.68165131464755,73.70819854736328,0.65974999402654
2024-09-26,NLR,82.62756574160444,83.29579385099368,81.53322768864392,81.83344268798828,0.6132935890510648
2024-10-17,NLR,92.4185244913429,93.07706608892266,91.16923201702387,91.58566284179688,0.6682159260602429
2024-10-21,NLR,94.42320193864126,94.80089415530507,92.34104780278022,93.61939239501953,0.5251501323067348
2024-10-24,NLR,90.2879545173553,90.8593324064768,88.92244618387986,89.77467346191406,0.5811299898212668
2024-11-01,NLR,89.17423918438963,89.73593793527316,87.05334650801163,87.24703216552734,0.5294760588804072
2024-11-05,NLR,84.90340968481495,84.94214829767816,83.77033296594676,84.46761322021484,0.5275918761436574
2024-11-06,NLR,86.23985573995347,86.43354139266269,83.98338168158435,85.47478485107422,0.5321947225330247
2024-11-13,NLR,87.98304987936874,88.44790579576572,85.5038380282758,85.7459487915039,0.5999883340479377
2024-11-25,NLR,94.46194268791909,94.46194268791909,90.355745933306,91.14018249511719,0.5001578203040112
2024-12-13,NLR,85.07772423606596,85.32952150904508,83.59600748606644,83.78001403808594,0.5296290802583927
2024-12-18,NLR,82.80187846359196,83.39262929869193,78.928106371728,79.29611206054688,0.6419516723130465
2024-12-19,NLR,80.24519713150916,80.70036657791948,79.33485823868853,80.07087707519531,0.6334393961066905
2024-12-31,NLR,80.61082493796316,80.61082493796316,78.79605637585782,79.36194610595703,0.6674799775179922
2025-01-06,NLR,86.91372666246131,88.20162619448051,86.23074501368929,87.14788818359375,0.574460542030922
2025-01-07,NLR,87.6064636823817,87.6064636823817,84.29890320366059,84.77698516845703,0.7179803669787261
2025-01-10,NLR,83.2939532099963,83.50859694094888,81.74261536539186,82.43534851074219,0.5667086878369124
2025-01-14,NLR,81.74261001868089,82.35729424159751,81.27428698050304,81.71334075927734,0.5426149447883317
2025-01-28,NLR,84.79650125014253,84.79650125014253,81.7718819847447,84.17205810546875,0.5441924809991978
2025-02-06,NLR,90.2505610048937,90.2505610048937,87.0210568255649,87.56743621826172,0.5519529810741266
2025-02-26,NLR,79.82051563599524,81.35233557156569,79.45951817947343,80.08395385742188,0.6632233359659627
2025-02-27,NLR,81.12793426016127,81.12793426016127,76.63004106000896,76.8056640625,0.8306992236470343
2025-03-03,NLR,78.50335439305616,78.50335439305616,73.42981216193965,74.02497863769531,0.6911927834997366
2025-03-12,NLR,74.59086257177066,75.26408532305427,73.605429419842,74.16156768798828,0.7627897623577038
2025-04-08,NLR,69.17583732892834,69.17583732892834,64.54134903216189,65.26335144042969,0.9229134686550647
2025-04-14,NLR,73.66397153666406,73.69324079791254,71.81993363940082,72.41510009765625,0.6628155923162885
2025-04-17,NLR,72.610229376379,73.39077770369913,71.97603479091394,73.00050354003906,0.691370959714826
2025-04-23,NLR,73.6737325974397,74.87381700696226,73.48835067895199,73.9469223022461,0.7334112844803793
2025-04-29,NLR,78.0545341330427,78.0545341330427,76.991044678533,77.7520751953125,0.5143555789102189
2025-05-01,NLR,77.97648058578577,78.9424108396171,77.60572421525681,78.03502655029297,0.6278934625734212
2025-05-08,NLR,82.44510322728145,82.8744055551157,81.16696258887023,81.23526000976562,0.5425508716681876
2025-05-09,NLR,81.81091387326774,82.65975968203774,80.99134477006449,82.42559814453125,0.5562718373215034
2025-05-12,NLR,84.66966138353804,84.66966138353804,82.513405601418,82.81586456298828,0.8466198263667545
2025-05-27,NLR,96.38759936149626,97.64622969118045,95.45094579044633,97.59744262695312,0.6165270842534581
2025-05-29,NLR,98.09504074990662,98.09504074990662,94.32890872564657,94.89480590820312,0.8444784414935574
2025-06-05,NLR,96.76810992748688,96.91446366917751,94.58258503485109,95.23628997802734,0.6609364111581951
2025-06-06,NLR,96.05586114896128,97.23644256591797,94.65088455164822,97.23644256591797,0.5257353751677982
2025-06-10,NLR,100.20250835595475,100.20250835595475,95.85096883492976,96.9242172241211,0.5233985740275862
2025-06-17,NLR,108.73972569575481,108.73972569575481,104.3979449801975,105.37362670898438,0.5637710215766225
2025-06-20,NLR,107.93966648316044,107.93966648316044,104.18329333325087,104.44673156738281,0.5129131411657836
2025-07-18,NLR,113.7644908145149,114.92555448163543,112.35951415321232,114.28160095214844,0.5318848838789796
2025-07-21,NLR,116.07685938182192,116.10612864340332,111.31552766161802,111.94972229003906,0.6074812755963388
2025-07-23,NLR,113.5205700878647,115.54023101197221,112.6912420893989,114.98409271240234,0.5063485705254402
2025-08-08,NLR,117.17937555647221,118.86730824299728,114.82798643245027,115.14995574951172,0.5543380008684702
2025-08-22,NLR,109.58857232710966,112.98394804484548,108.55435206863272,112.35951232910156,0.5802095839533459
2025-09-03,NLR,116.31101503563562,117.41353268131894,115.2182488474122,116.59396362304688,0.5918915652478739
2025-09-05,NLR,116.33053309686669,116.79885614724586,113.23761643110878,115.89147186279297,0.5907757905169071
2025-09-24,NLR,137.70771341723338,138.4004539691701,132.35121556842353,132.4683074951172,0.5074191815967625
2025-10-15,NLR,161.7290003519172,164.03160986078956,152.8990924883915,159.12393188476562,0.5925287583553551
2025-10-16,NLR,162.40221175131992,163.5047368076322,153.18202290436565,153.64059448242188,0.6155572203257571
2025-10-20,NLR,151.18187583828816,151.18187583828816,144.4106424850887,147.54258728027344,0.5753930785882765
2025-10-27,NLR,146.25467949437805,146.25467949437805,139.58102030242546,142.5763702392578,0.6003198567846776
2025-10-28,NLR,147.8450436737213,152.05999567441506,145.37657021610315,149.59152221679688,0.5368697313511054
2025-11-10,NLR,138.43948453151438,138.54681012077882,134.01964734332702,136.2539520263672,0.6156480134233195
2025-11-12,NLR,133.87329202722577,135.3270482257818,131.63897260678814,133.39520263671875,0.542351572664445
2025-11-20,NLR,130.03885503198163,130.54621368160568,119.59906387997835,119.63809204101562,0.8513472566167322
2025-12-15,NLR,127.66795797470088,128.57533482078594,123.42373657226562,123.42373657226562,0.6350242798373213
2025-12-19,NLR,123.45300350347134,128.1948171300022,123.27738050086424,127.02400207519531,0.5543940137735619
2024-01-05,NVDA,48.43501923291163,49.51941421396134,48.27910404671196,49.069664001464844,0.5985802419284717
2024-01-18,NVDA,57.22811763397988,57.567928484455464,56.0757597125632,57.07520294189453,0.5365991739114851
2024-01-22,NVDA,60.01556144622368,60.297405908795795,59.03710651176245,59.62078094482422,0.6935680253635482
2024-01-24,NVDA,60.27042173718701,62.81400277309229,59.90462440869122,61.32783126831055,0.7319708144687557
2024-01-25,NVDA,62.31528094129938,62.68407876992676,60.81611616664833,61.58269119262695,0.7127859154374401
2024-02-01,NVDA,62.06541944015991,63.15581535659614,61.615673062934434,62.991905212402344,0.5073479750232224
2024-02-02,NVDA,63.93837399186544,66.56291110918288,63.654531745686434,66.12316131591797,0.513998670495084
2024-02-14,NVDA,73.16125433620005,74.19467532641171,71.89795802434332,73.8588638305664,0.5358342759618463
2024-02-22,NVDA,74.9832259524774,78.53124465919488,74.17867388920303,78.49427032470703,0.5050050511931163
2024-02-26,NVDA,79.65562156391138,80.60110162092384,78.46128722131758,79.04796600341797,0.5222695828100437
2024-03-06,NVDA,87.97712182383515,89.67824984643924,86.9856232402923,88.65476989746094,0.6129868485263178
2024-03-07,NVDA,90.11201372188047,92.71968420903526,89.55629754335479,92.62173461914062,0.5816571097640119
2024-03-08,NVDA,95.08948806655721,97.35033567284756,86.46188588221935,87.48336791992188,0.5424253386706013
2024-03-21,NVDA,92.2529387505123,92.60076087628697,90.3589007516049,91.38837432861328,0.504529852993855
2024-04-04,NVDA,90.35988689456467,90.58777505707383,85.83619439258581,85.8611831665039,0.5192977575336251
2024-04-08,NVDA,88.65475649731144,88.7846950725735,86.68776556126254,87.08856201171875,0.5018088962199482
2024-04-15,NVDA,89.05256658600005,90.56679344486741,85.88518380835967,85.95714569091797,0.5136477880418939
2024-04-17,NVDA,88.2949386437983,88.72972195798647,83.90717836732355,83.99214172363281,0.5275254375810302
2024-04-18,NVDA,84.9266740115763,86.14605313921993,82.35998267211264,84.62782287597656,0.5221520551632914
2024-04-22,NVDA,78.0641671154843,80.03216479233348,76.36104131725212,79.47744750976562,0.503405910199046
2024-04-24,NVDA,83.90719166390734,84.03912814064545,79.14262401880819,79.6363754272461,0.6647158818670951
2024-05-23,NVDA,101.97598526792865,106.26579699236947,101.46824101677741,103.74608612060547,0.6064852906433202
2024-05-28,NVDA,110.1877929460902,114.88039879120554,109.82697694894155,113.84292602539062,0.5107909952786033
2024-06-03,NVDA,113.56306583418551,114.94136047363281,111.94588702357191,114.94136047363281,0.5212849851003644
2024-06-05,NVDA,118.31065299358036,122.38656920554564,117.40811349296057,122.37757873535156,0.5374664039759399
2024-06-13,NVDA,129.33464307228707,129.74447132445016,127.10560139337456,129.55455017089844,0.7330878396381023
2024-06-17,NVDA,132.9331153831068,133.67278906643185,129.52457044327446,130.92396545410156,0.5423604347680935
2024-06-20,NVDA,139.74020619139688,140.69978702792184,129.46460449105635,130.72406005859375,0.6121068434801636
2024-07-11,NVDA,135.69192330087128,136.09174607157163,126.99564839391957,127.34549713134766,0.5247920343467694
2024-07-18,NVDA,121.79786974825338,122.34763750285344,116.51013195140489,121.03819274902344,0.5447949014291411
2024-07-26,NVDA,116.14029297278634,116.15028320368103,111.53226465502331,113.01162719726562,0.6159613710772133
2024-08-07,NVDA,107.76386930019544,108.75345120343057,98.64777632103673,98.86768341064453,0.5238105963762872
2024-08-23,NVDA,125.8061585348479,129.54456407840786,125.16643293270377,129.3146514892578,0.5087196915452288
2024-08-30,NVDA,119.47886679934984,121.69791835838595,117.1698574006327,119.31893920898438,0.5292873334487482
2024-09-06,NVDA,107.99378096807179,108.10373451971928,100.90681013303441,102.7860107421875,0.5478141565785742
2024-09-09,NVDA,104.83512996607128,106.50442134190934,103.64564422957986,106.42445373535156,0.5699668440523921
2024-09-10,NVDA,107.76386463370491,109.35318822314704,104.90508784485718,108.05374145507812,0.5566129469164446
2024-09-11,NVDA,109.34319126914343,117.13985668962943,107.37403301447969,116.85997772216797,0.544793199224363
2024-09-19,NVDA,117.30982462581498,119.6190390017094,117.20986038538442,117.82965087890625,0.5014611170601347
2024-10-08,NVDA,130.2153933149511,133.43429200303964,129.3756845929013,132.84449768066406,0.5007493560426269
2024-10-17,NVDA,139.29229632563835,140.8417687676179,136.82314065604464,136.88311767578125,0.5004717351290362
2024-11-26,NVDA,137.65285491316135,139.25231324946176,135.62355111044974,136.8731231689453,0.502396156167991
2024-12-11,NVDA,137.32243273699547,140.13166176303284,135.173026862483,139.2718963623047,0.5093378883892856
2024-12-19,NVDA,131.72394769790225,133.99333094415113,129.51456085077075,130.6442413330078,0.5456870544437661
2024-12-23,NVDA,136.2427181368804,139.75175245255647,135.08303180440205,139.6317901611328,0.5075768212267291
2025-01-02,NVDA,135.96282022937498,138.8420377745335,134.59319964236553,138.27218627929688,0.5282037866880762
2025-01-03,NVDA,139.9717090810043,144.86037131104774,139.69178686675932,144.4304962158203,0.5267994655743031
2025-01-06,NVDA,148.54936300568127,152.11839407781596,147.77958455274808,149.38912963867188,0.5054311599596536
2025-01-07,NVDA,152.98814312185272,153.08812187242287,139.97169998670535,140.10166931152344,0.5099861037757807
2025-01-14,NVDA,136.01278831507346,136.3426998783518,130.01442953826418,131.7239532470703,0.5282037866880762
2025-01-28,NVDA,121.77668294561497,128.96471894622445,116.21820602712087,128.95472717285156,0.5578021966846742
2025-02-26,NVDA,129.95446947322534,133.69343728770713,128.4548795357506,131.24411010742188,0.5393505685587283
2025-02-27,NVDA,134.96308744670299,134.9730792207777,119.97718824289691,120.11714935302734,0.6790834462951005
2025-03-12,NVDA,114.09929300935045,116.7388133095112,112.85951254411586,115.718994140625,0.572789410398488
2025-03-17,NVDA,122.71772499646224,122.86769930249316,118.00858060635532,119.50830841064453,0.5102763346461274
2025-03-19,NVDA,117.24871784817985,120.42814113812437,115.65901001721268,117.49867248535156,0.5351559343939438
2025-04-08,NVDA,103.79115551332612,105.83078615825814,94.44285411172834,96.28252410888672,0.9144848007216523
2025-04-11,NVDA,108.4803070767672,111.52975654810143,107.46049556472005,110.90986633300781,0.5405541876195441
2025-04-22,NVDA,98.76206678289148,99.7918785816798,97.26233908492571,98.8720474243164,0.5017249488438131
2025-04-23,NVDA,104.5010295750129,104.78098517141211,102.00148324580945,102.69136047363281,0.6016759381331794
2025-05-01,NVDA,113.05947899879722,114.9191420385801,111.27980327057723,111.5897445678711,0.5262789442701218
2025-05-29,NVDA,142.22419152756274,143.46397204605128,137.88498259688382,139.1647491455078,0.5405965599540715
2025-06-06,NVDA,142.4841247816278,143.24399658328852,141.4843063108272,141.69427490234375,0.528198066767969
2025-06-16,NVDA,143.33393622751285,146.16360555156524,143.18394388862185,144.6737823486328,0.5073878032289064
2025-07-24,NVDA,172.42067791171223,173.81052153075,171.28080627636527,173.7205352783203,0.5449189369733524
2025-07-29,NVDA,177.94006357342778,179.35990260986108,175.00039060425894,175.49032592773438,0.7879915216207692
2025-07-31,NVDA,182.87950237318685,183.2794667127293,175.9102820488597,177.85006713867188,0.7219566981155667
2025-08-04,NVDA,175.14037394842856,180.17980241597786,174.500446281802,179.97982788085938,0.5302507555170516
2025-10-09,NVDA,192.21928773885006,195.28912405123697,191.04935474353755,192.5592803955078,0.5305366187048919
2025-11-03,NVDA,208.06841462190084,211.32822759164594,205.5485506791992,206.8684844970703,0.546122319047496
2025-11-10,NVDA,195.09914200543773,199.9288750287355,193.7792081445882,199.03892517089844,0.5095915568027586
2025-11-19,NVDA,184.7796984316032,187.8495347223247,182.8198161698128,186.50961303710938,0.5385903834729426
2025-11-20,NVDA,195.9390891568929,195.9890894251709,179.83999453744622,180.62994384765625,0.5529279260127556
2025-11-26,NVDA,181.61988829154,182.8998157763143,178.2300777211247,180.2499542236328,0.5284581517458236
2025-12-15,NVDA,177.94000244140625,178.4199981689453,175.02999877929688,176.2899932861328,0.5254505533719821
2025-12-19,NVDA,176.6699981689453,181.4499969482422,176.33999633789062,180.99000549316406,0.5081878635066126
2025-12-22,NVDA,183.9199981689453,184.16000366210938,182.35000610351562,183.69000244140625,0.521001087122554
2025-12-26,NVDA,189.9199981689453,192.69000244140625,188.0,190.52999877929688,0.5560751324179389
2026-01-02,NVDA,189.83999633789062,192.92999267578125,188.25999450683594,188.85000610351562,0.5056849087418638
2024-01-10,NVO,103.7972840355747,104.70212412495184,103.65289239388841,104.60586547851562,0.517868581742483
2024-01-24,NVO,102.66140886042778,103.02719463483787,101.27526092529297,101.27526092529297,0.7911430225054054
2024-02-22,NVO,118.46732180216428,120.20000678880801,118.4095680839641,119.86309051513672,0.5297129122363927
2024-04-01,NVO,125.17811630123434,125.17811630123434,123.27780654841446,123.6656265258789,0.5058864951699287
2024-04-12,NVO,122.88028458964071,123.19053908097236,120.56306973940265,120.71820068359375,0.6544854919243407
2024-04-15,NVO,121.97861482213558,122.21131125464463,119.75835295870654,120.12678527832031,0.522136930105692
2024-04-17,NVO,121.1448022585019,121.39688635733926,119.50627410868641,120.73759460449219,0.6209779813100892
2024-05-23,NVO,132.3042865539216,133.04113637119198,130.88874253268196,131.44139099121094,0.778273101537522
2024-06-20,NVO,137.2004729357886,139.21713074093202,136.5217935768703,136.69631958007812,0.7509233713291604
2024-07-29,NVO,124.11161574733852,125.58533025630923,123.50080424516386,124.15040588378906,0.6376814129676694
2024-07-30,NVO,127.10751027134852,127.66014390169316,123.70439370715525,125.29444885253906,0.5645480208866005
2024-08-09,NVO,126.46761062534551,130.5493919049497,126.24461913829025,129.40533447265625,0.5147583422098598
2024-09-06,NVO,130.17190660001515,130.56118558130834,127.06749025249752,127.6221923828125,0.5489238204627134
2024-09-19,NVO,131.047771613093,131.57327966974879,130.0454023785744,131.26187133789062,0.5952244232432876
2024-09-24,NVO,120.98513726322943,123.26237102990778,120.44988794795064,122.0750961303711,0.5013378563809068
2024-11-01,NVO,109.85202029297538,109.98826423492143,108.7912628271472,108.93724060058594,0.6981713057136576
2025-01-10,NVO,84.88033795328049,84.93872608649001,83.53735149156397,83.94609069824219,0.5938336058929866
2025-01-24,NVO,87.55657222484446,87.55657222484446,84.24777512440944,85.61022186279297,0.5327347314072824
2025-01-30,NVO,82.33062600283051,84.15046642280649,81.68833418825773,83.05077362060547,0.5201793262078476
2025-02-06,NVO,84.39375442828455,86.56393096376557,84.3450926984493,84.83168029785156,0.506705563954022
2025-02-18,NVO,79.89767981116553,80.46212319056589,78.88557674543509,80.12151336669922,0.5118929277196723
2025-02-19,NVO,80.71515158866583,81.38663741224372,80.3453402694256,81.16281127929688,0.5419112845319816
2025-02-21,NVO,86.01895182122499,86.83642281670507,83.44003616159387,85.71726989746094,0.6690856316508541
2025-02-24,NVO,86.47634611300859,88.675724073918,85.75619856686097,88.1599349975586,0.5758367887176118
2025-02-25,NVO,89.80460926495873,91.28383977617594,86.61259569039437,88.51028442382812,0.505682939408793
2025-02-28,NVO,87.44952111031688,88.28645234800886,86.98239376322056,88.21833038330078,0.5028255221881173
2025-03-13,NVO,73.98078104774748,75.26537211218015,73.37741712982097,73.8542709350586,0.5476849757543234
2025-03-18,NVO,80.00473297667365,80.35507664561132,78.05838256023667,78.80773162841797,0.6615438672015118
2025-03-25,NVO,73.84453257515706,74.00997800435951,71.23642270430345,71.62569427490234,0.5494716782309537
2025-04-01,NVO,69.20022571027027,69.21999953346638,66.88629608850188,67.2719497680664,0.5682333869716961
2025-04-08,NVO,64.1966024448416,64.32515869889576,60.152180443763655,60.913597106933594,0.9336503092827622
2025-04-14,NVO,65.73922403563286,66.00621213598109,64.60203684950754,65.32389831542969,0.6356503381967952
2025-04-23,NVO,61.08170358930862,61.734349125165146,60.21150828410308,60.616939544677734,0.7092229462244596
2025-04-29,NVO,64.53281364016473,64.6811437075631,63.44507238654451,64.43392944335938,0.6108533212616867
2025-04-30,NVO,65.7293303163481,65.8974342067434,64.6712535585943,65.70954895019531,0.5411265453678782
2025-05-01,NVO,68.0432566643416,68.06303803178437,63.46485087089204,64.86902618408203,0.6389351525568739
2025-05-09,NVO,66.25342212060522,66.68852163530052,64.85913006363012,65.03712463378906,0.5442071645366064
2025-05-15,NVO,64.4734764808599,65.56122526864154,64.05815833155086,65.41289520263672,0.592551256848625
2025-05-19,NVO,64.64159277317489,66.28309167241503,64.14716421223565,66.27320098876953,0.5247838677051485
2025-05-20,NVO,68.66623639946431,69.21999393675657,66.89618136347015,67.44004821777344,0.7023515938255398
2025-05-29,NVO,68.48824386867682,68.72556745682049,67.53894197172126,68.6860122680664,0.7958252607814054
2025-06-30,NVO,68.65635057036819,68.7750161414834,67.77626833164521,68.25091552734375,0.6321104162098392
2025-07-15,NVO,68.71568015882195,68.71568015882195,65.96665853221923,66.47097778320312,0.70793926687316
2025-07-18,NVO,64.93824144081616,65.05690700421478,63.44507270938183,63.5933952331543,0.550525568387369
2025-07-21,NVO,64.02849796937289,64.60203690469208,63.40552070510752,64.19660186767578,0.5463636161708147
2025-08-08,NVO,50.13505554328699,50.72836829226701,49.55162970550744,50.51082229614258,0.615320120127448
2025-08-13,NVO,49.71973439616453,50.66904009077665,49.68018297853986,50.332828521728516,0.5360939325418717
2025-08-15,NVO,50.8668076240841,52.16221177691161,50.79758792918856,51.82600021362305,0.5200538195654788
2025-08-18,NVO,54.599998474121094,54.9900016784668,53.75,53.75,0.6709177576385863
2025-08-19,NVO,54.56999969482422,55.47999954223633,54.02000045776367,54.779998779296875,0.6132503540696239
2025-08-22,NVO,56.709999084472656,57.5099983215332,56.63999938964844,56.97999954223633,0.5565854776472721
2025-08-25,NVO,57.43000030517578,58.34000015258789,56.25,56.34000015258789,0.5275741283698214
2025-09-03,NVO,56.68000030517578,57.349998474121094,56.470001220703125,56.7400016784668,0.5685606566092647
2025-09-15,NVO,56.5,56.97999954223633,55.54999923706055,55.619998931884766,0.5628791377545123
2025-10-16,NVO,57.08000183105469,57.54999923706055,55.970001220703125,56.09000015258789,0.6533947745757862
2025-11-12,NVO,49.47999954223633,50.43000030517578,49.31999969482422,50.2599983215332,0.5191541439823855
2025-11-20,NVO,49.5,49.529998779296875,47.47999954223633,47.599998474121094,0.8594717036010932
2024-01-18,NVTS,6.239999771118164,6.304999828338623,6.019999980926514,6.150000095367432,0.5495598591284556
2024-01-23,NVTS,6.599999904632568,6.675000190734863,6.425000190734863,6.519999980926514,0.5127975466333993
2024-01-25,NVTS,6.539999961853027,6.614999771118164,6.300000190734863,6.329999923706055,0.6903071773916861
2024-02-01,NVTS,5.809999942779541,6.019999980926514,5.610000133514404,5.679999828338623,0.5217739893313326
2024-02-22,NVTS,6.210000038146973,6.260000228881836,5.860000133514404,5.880000114440918,0.5061786023628617
2024-02-27,NVTS,5.809999942779541,5.840000152587891,5.619999885559082,5.730000019073486,0.5184626758533052
2024-02-29,NVTS,5.949999809265137,6.210000038146973,5.920000076293945,6.139999866485596,0.5324821515710838
2024-03-01,NVTS,7.320000171661377,7.400000095367432,5.554999828338623,5.659999847412109,0.5057275601511769
2024-03-06,NVTS,5.510000228881836,5.659999847412109,5.190000057220459,5.349999904632568,0.5578514504622752
2024-03-08,NVTS,5.420000076293945,5.454999923706055,4.840000152587891,4.849999904632568,0.5015120772070951
2024-03-11,NVTS,5.010000228881836,5.239999771118164,4.880000114440918,5.139999866485596,0.552023240024418
2024-03-12,NVTS,5.215000152587891,5.239999771118164,4.994999885559082,5.210000038146973,0.5193911870711595
2024-03-21,NVTS,4.789999961853027,4.929999828338623,4.449999809265137,4.460000038146973,0.5244441886012813
2024-03-26,NVTS,4.53000020980835,4.639999866485596,4.269999980926514,4.289999961853027,0.500806960187821
2024-03-27,NVTS,4.369999885559082,4.650000095367432,4.369999885559082,4.579999923706055,0.5177096815356523
2024-04-04,NVTS,4.71999979019165,4.820000171661377,4.480000019073486,4.519999980926514,0.5220927221423304
2024-04-05,NVTS,4.550000190734863,4.619999885559082,4.449999809265137,4.579999923706055,0.5036630776788864
2024-04-11,NVTS,4.349999904632568,4.389999866485596,4.230000019073486,4.369999885559082,0.5161801214013108
2024-04-24,NVTS,3.880000114440918,4.199999809265137,3.8499999046325684,4.130000114440918,0.6729954362215694
2024-05-23,NVTS,3.819999933242798,3.8399999141693115,3.549999952316284,3.609999895095825,0.6314349774493118
2024-06-03,NVTS,4.03000020980835,4.159999847412109,4.0,4.110000133514404,0.5009975095167863
2024-06-05,NVTS,4.199999809265137,4.579999923706055,4.119999885559082,4.570000171661377,0.5034687509639877
2024-06-28,NVTS,4.070000171661377,4.109000205993652,3.865000009536743,3.930000066757202,0.5441503104751019
2024-07-03,NVTS,4.039999961853027,4.110000133514404,4.005000114440918,4.03000020980835,0.5239779061114272
2024-07-11,NVTS,4.630000114440918,4.659999847412109,4.511000156402588,4.570000171661377,0.5891737887337719
2024-07-18,NVTS,4.619999885559082,4.650000095367432,4.114999771118164,4.170000076293945,0.5331745942905937
2024-07-26,NVTS,4.059999942779541,4.085000038146973,3.805000066757202,3.8299999237060547,0.5959258570353065
2024-07-29,NVTS,3.9000000953674316,3.9800000190734863,3.799999952316284,3.880000114440918,0.5861435097920272
2024-07-30,NVTS,3.9000000953674316,3.9000000953674316,3.5299999713897705,3.5799999237060547,0.5645957162020028
2024-07-31,NVTS,3.700000047683716,3.8550000190734863,3.619999885559082,3.7100000381469727,0.5082964900453307
2024-08-07,NVTS,3.3299999237060547,3.390000104904175,3.0999999046325684,3.190000057220459,0.5662829465278982
2024-08-12,NVTS,3.049999952316284,3.049999952316284,2.869999885559082,2.869999885559082,0.5636147051659669
2024-08-14,NVTS,3.119999885559082,3.180000066757202,2.869999885559082,2.930000066757202,0.5272794527660412
2024-08-15,NVTS,3.0,3.1700000762939453,3.0,3.140000104904175,0.508595996302749
2024-08-23,NVTS,3.0299999713897705,3.2149999141693115,3.0299999713897705,3.0899999141693115,0.5100483435182046
2024-08-30,NVTS,3.180000066757202,3.187999963760376,2.9700000286102295,3.0199999809265137,0.5290400156624181
2024-09-09,NVTS,2.369999885559082,2.4200000762939453,2.2699999809265137,2.2699999809265137,0.5978993191733937
2024-09-11,NVTS,2.319999933242798,2.5,2.240000009536743,2.4700000286102295,0.5619103465835873
2024-09-13,NVTS,2.359999895095825,2.559999942779541,2.359999895095825,2.559999942779541,0.507844870485881
2024-09-18,NVTS,2.3499999046325684,2.4800000190734863,2.25,2.2850000858306885,0.5437806456498503
2024-09-19,NVTS,2.4000000953674316,2.4200000762939453,2.309999942779541,2.4000000953674316,0.5676600630051607
2024-09-23,NVTS,2.25,2.359999895095825,2.1700000762939453,2.180000066757202,0.5454156266534272
2024-09-26,NVTS,2.2799999713897705,2.5,2.2750000953674316,2.440000057220459,0.5150442433578538
2024-10-17,NVTS,2.6500000953674316,2.700000047683716,2.549999952316284,2.559999942779541,0.50115219578641
2024-11-25,NVTS,2.609999895095825,2.819999933242798,2.5399999618530273,2.7799999713897705,0.5252683855501088
2024-12-10,NVTS,4.5,4.547999858856201,4.03000020980835,4.349999904632568,0.5692335885965633
2024-12-11,NVTS,4.449999809265137,4.53000020980835,4.050000190734863,4.079999923706055,0.6826330248435015
2024-12-13,NVTS,3.75,3.7799999713897705,3.4200000762939453,3.440000057220459,0.5112571149987507
2024-12-19,NVTS,3.319999933242798,3.440000057220459,2.7799999713897705,2.809999942779541,0.5589052533221553
2024-12-23,NVTS,3.25,3.950000047683716,3.2300000190734863,3.859999895095825,0.5194910130455707
2024-12-24,NVTS,4.119999885559082,4.144999980926514,3.7799999713897705,3.9800000190734863,0.5569589473156115
2025-01-02,NVTS,3.6600000858306885,3.7200000286102295,3.369999885559082,3.490000009536743,0.5498818782845526
2025-01-03,NVTS,3.5199999809265137,4.0,3.4600000381469727,3.990000009536743,0.5589522656877618
2025-01-06,NVTS,4.099999904632568,4.550000190734863,4.064000129699707,4.25,0.5132467740508548
2025-01-14,NVTS,3.119999885559082,3.240000009536743,2.9549999237060547,3.0899999141693115,0.6147962450075415
2025-01-17,NVTS,3.4000000953674316,3.509999990463257,3.259999990463257,3.259999990463257,0.5244294670738087
2025-01-21,NVTS,3.3399999141693115,3.5999999046325684,3.25,3.559999942779541,0.5026215378105003
2025-01-28,NVTS,3.140000104904175,3.190000057220459,2.9100000858306885,2.9800000190734863,0.5766134890271657
2025-01-29,NVTS,3.0,3.0999999046325684,2.9000000953674316,2.9800000190734863,0.5262941600260026
2025-01-30,NVTS,3.0299999713897705,3.0799999237060547,2.950000047683716,3.0299999713897705,0.5085332969078386
2025-02-10,NVTS,2.990000009536743,3.0399999618530273,2.9000000953674316,2.9100000858306885,0.5218613244855324
2025-02-14,NVTS,2.9200000762939453,3.059999942779541,2.9149999618530273,3.0,0.5188704468037605
2025-02-26,NVTS,2.430000066757202,2.690000057220459,2.4200000762939453,2.5999999046325684,0.6243170800623437
2025-02-27,NVTS,2.6500000953674316,2.7049999237060547,2.369999885559082,2.380000114440918,0.7251854854196235
2025-03-03,NVTS,2.509999990463257,2.5199999809265137,2.259999990463257,2.2899999618530273,0.6338339581072181
2025-03-12,NVTS,2.640000104904175,2.640000104904175,2.440000057220459,2.440000057220459,0.5524145769354006
2025-03-17,NVTS,2.5199999809265137,2.690000057220459,2.5,2.6500000953674316,0.5317361720470002
2025-04-08,NVTS,1.850000023841858,1.8700000047683716,1.590000033378601,1.6299999952316284,0.9171125460823996
2025-04-11,NVTS,1.784999966621399,1.850000023841858,1.7109999656677246,1.7999999523162842,0.5992546054904432
2025-04-14,NVTS,1.8200000524520874,1.8420000076293945,1.7000000476837158,1.7400000095367432,0.524911653722021
2025-04-22,NVTS,1.840000033378601,1.8700000047683716,1.7699999809265137,1.7999999523162842,0.502747974889334
2025-04-23,NVTS,1.8899999856948853,1.9800000190734863,1.8300000429153442,1.8600000143051147,0.6051199085143205
2025-05-28,NVTS,7.03000020980835,7.110000133514404,6.130000114440918,6.159999847412109,0.5839122620116978
2025-05-29,NVTS,6.534999847412109,7.019999980926514,5.21999979019165,5.389999866485596,0.7076222685437492
2025-06-05,NVTS,6.829999923706055,6.840000152587891,5.880000114440918,6.050000190734863,0.5204061231860443
2025-06-06,NVTS,6.40500020980835,6.599999904632568,6.0,6.179999828338623,0.5176281526883214
2025-06-11,NVTS,8.524999618530273,9.170000076293945,7.650000095367432,7.960000038146973,0.5356036027925777
2025-06-16,NVTS,7.550000190734863,7.989999771118164,7.039999961853027,7.190000057220459,0.5275831416549689
2025-06-20,NVTS,7.110000133514404,7.46999979019165,6.679999828338623,7.010000228881836,0.5118079645049458
2025-06-24,NVTS,6.804999828338623,7.385000228881836,6.670000076293945,7.349999904632568,0.5236030508461954
2025-07-22,NVTS,8.789999961853027,8.84000015258789,7.800000190734863,8.619999885559082,0.6460757938866792
2025-07-28,NVTS,8.880000114440918,9.479999542236328,8.329999923706055,8.5600004196167,0.5239141335530754
2025-07-31,NVTS,7.550000190734863,7.784999847412109,7.309999942779541,7.329999923706055,0.702390859595691
2025-08-04,NVTS,8.050000190734863,8.279999732971191,7.809999942779541,8.050000190734863,0.5257237925803789
2025-08-07,NVTS,6.5,6.960000038146973,6.46999979019165,6.789999961853027,0.5379357831960729
2025-08-08,NVTS,6.900000095367432,7.0,6.53000020980835,6.659999847412109,0.513211531508904
2025-08-26,NVTS,6.284999847412109,6.339000225067139,6.050000190734863,6.090000152587891,0.5044254581072332
2025-08-28,NVTS,6.139999866485596,6.289999961853027,6.03000020980835,6.039999961853027,0.5032341938866027
2025-09-05,NVTS,5.650000095367432,5.789999961853027,5.440000057220459,5.599999904632568,0.5170300402991098
2025-09-08,NVTS,5.659999847412109,5.824999809265137,5.510000228881836,5.610000133514404,0.5157327336541204
2025-10-06,NVTS,8.03499984741211,8.239999771118164,7.663000106811523,8.130000114440918,0.5237858557955593
2025-10-13,NVTS,8.600000381469727,10.40999984741211,8.5,9.970000267028809,0.5018680835253737
2025-10-14,NVTS,12.449999809265137,13.329999923706055,10.920000076293945,12.569999694824219,0.530331568745268
2025-10-24,NVTS,14.149999618530273,14.864999771118164,13.800000190734863,14.069999694824219,0.5181312691494483
2025-10-27,NVTS,14.774999618530273,15.140000343322754,13.239999771118164,13.90999984741211,0.5143986765019236
2025-10-29,NVTS,13.175000190734863,13.949999809265137,12.890000343322754,13.569999694824219,0.5157397614594755
2025-10-31,NVTS,13.100000381469727,13.5600004196167,12.680000305175781,13.460000038146973,0.56376801999784
2025-11-05,NVTS,10.5600004196167,10.6899995803833,9.619999885559082,9.859999656677246,0.5524020362551779
2025-11-10,NVTS,8.399999618530273,9.720000267028809,8.350000381469727,9.600000381469727,0.5820874570999051
2025-11-12,NVTS,9.270000457763672,9.3149995803833,8.520000457763672,8.640000343322754,0.5631284777707171
2025-11-20,NVTS,8.489999771118164,8.640000343322754,7.5,7.550000190734863,0.6044579413446537
2025-11-24,NVTS,7.670000076293945,8.3149995803833,7.570000171661377,8.289999961853027,0.5798828585877255
2025-11-26,NVTS,8.350000381469727,8.649999618530273,8.199999809265137,8.34000015258789,0.5727872625133237
2025-11-28,NVTS,8.529999732971191,9.100000381469727,8.470000267028809,8.739999771118164,0.5142178762671146
2025-12-15,NVTS,8.75,8.75,7.940000057220459,7.960000038146973,0.5301748894773979
2025-12-19,NVTS,7.449999809265137,7.920000076293945,7.389999866485596,7.809999942779541,0.5296123947370726
2025-12-22,NVTS,8.0600004196167,8.130000114440918,7.820000171661377,7.900000095367432,0.5641237587437554
2025-12-30,NVTS,7.255000114440918,7.5,7.21999979019165,7.239999771118164,0.5091457095378252
2026-01-02,NVTS,7.5,8.425000190734863,7.489999771118164,8.380000114440918,0.5307997575262254
2026-01-05,NVTS,8.6899995803833,9.135000228881836,8.520000457763672,9.050000190734863,0.5110902792718153
2024-01-18,OKLO,10.699999809265137,10.699999809265137,10.604000091552734,10.635000228881836,0.6466354996753713
2024-01-24,OKLO,10.850000381469727,10.850000381469727,10.720000267028809,10.789999961853027,0.7650022852880966
2024-01-25,OKLO,10.890000343322754,10.890000343322754,10.75,10.779999732971191,0.5895783839980124
2024-01-31,OKLO,11.319999694824219,11.399999618530273,11.09000015258789,11.119999885559082,0.5600009127787434
2024-02-09,OKLO,10.699999809265137,10.699999809265137,10.609999656677246,10.609999656677246,0.5078902673234093
2024-03-08,OKLO,10.84000015258789,10.84000015258789,10.75,10.760000228881836,0.55678631893241
2024-03-26,OKLO,10.920000076293945,11.140000343322754,10.880000114440918,11.050000190734863,0.5032228733020092
2024-04-04,OKLO,13.244999885559082,13.699999809265137,12.65999984741211,12.899999618530273,0.6873165327088018
2024-04-05,OKLO,13.15999984741211,13.15999984741211,12.930000305175781,13.100000381469727,0.6249731812201155
2024-04-09,OKLO,16.600000381469727,16.989999771118164,13.899999618530273,14.15999984741211,0.6990394007620528
2024-04-15,OKLO,12.850000381469727,12.850000381469727,12.369999885559082,12.5,0.5481339756292437
2024-04-17,OKLO,12.949999809265137,13.0,12.649999618530273,12.699999809265137,0.6674610239669512
2024-04-24,OKLO,13.1899995803833,13.600000381469727,12.930000305175781,13.399999618530273,0.5262791082165631
2024-04-29,OKLO,12.949999809265137,15.420000076293945,12.819999694824219,14.420000076293945,0.632475436506456
2024-05-03,OKLO,13.600000381469727,14.890000343322754,13.470000267028809,14.829999923706055,0.5142826880150586
2024-05-08,OKLO,14.510000228881836,16.110000610351562,13.880000114440918,15.170000076293945,0.6352983988690268
2024-05-13,OKLO,9.149999618530273,10.850000381469727,8.600000381469727,9.770000457763672,0.6308144257489501
2024-05-23,OKLO,7.199999809265137,8.15999984741211,7.050000190734863,7.590000152587891,0.5367553690087287
2024-05-24,OKLO,8.0600004196167,10.1899995803833,7.849999904632568,10.149999618530273,0.5699840147746761
2024-05-28,OKLO,11.600000381469727,12.420000076293945,10.390000343322754,10.789999961853027,0.6466114296691865
2024-05-30,OKLO,11.199999809265137,11.685999870300293,10.239999771118164,10.279999732971191,0.5389642117591201
2024-05-31,OKLO,10.399999618530273,10.59000015258789,9.86400032043457,10.069999694824219,0.6041721124130002
2024-06-05,OKLO,8.680000305175781,9.1850004196167,8.380000114440918,9.09000015258789,0.6904415975103547
2024-06-11,OKLO,9.25,9.760000228881836,8.970000267028809,9.449999809265137,0.6575321055087359
2024-06-12,OKLO,9.579999923706055,10.75,9.520000457763672,10.199999809265137,0.7077352742046024
2024-06-20,OKLO,10.079999923706055,10.649999618530273,9.220000267028809,9.34000015258789,0.7078948726058883
2024-06-26,OKLO,9.5,10.0,8.8100004196167,8.9399995803833,0.5942709748333632
2024-06-27,OKLO,9.0,9.0,8.3149995803833,8.5600004196167,0.5964542498213262
2024-07-01,OKLO,8.65999984741211,8.65999984741211,7.739999771118164,8.0,0.5693555724509197
2024-07-03,OKLO,8.149999618530273,8.649999618530273,7.880000114440918,8.25,0.5696266254956189
2024-07-10,OKLO,7.880000114440918,8.140000343322754,7.5,7.78000020980835,0.5246686043595351
2024-07-15,OKLO,8.930000305175781,9.0600004196167,8.529999732971191,8.720000267028809,0.5987723712447559
2024-07-18,OKLO,9.069999694824219,9.289999961853027,8.369999885559082,8.470000267028809,0.5741138957833714
2024-07-22,OKLO,8.720000267028809,9.170000076293945,8.60200023651123,9.010000228881836,0.6056828440835256
2024-07-26,OKLO,8.789999961853027,9.300000190734863,8.789999961853027,9.199999809265137,0.6661463252984623
2024-07-29,OKLO,9.430000305175781,9.430000305175781,8.729999542236328,8.789999961853027,0.5637984445487683
2024-08-06,OKLO,7.789999961853027,8.069999694824219,7.630000114440918,7.880000114440918,0.5957650274201446
2024-08-07,OKLO,7.949999809265137,7.989999771118164,7.429999828338623,7.460000038146973,0.8243434098472332
2024-08-19,OKLO,7.630000114440918,7.630000114440918,7.179999828338623,7.269999980926514,0.5285918378265583
2024-08-29,OKLO,6.5,6.53000020980835,6.400000095367432,6.440000057220459,0.5519808013846554
2024-09-16,OKLO,6.349999904632568,6.46999979019165,6.159999847412109,6.210000038146973,0.6042943908897854
2024-09-17,OKLO,6.340000152587891,6.489999771118164,6.230000019073486,6.300000190734863,0.5837730793019618
2024-09-19,OKLO,6.570000171661377,6.809999942779541,6.421999931335449,6.610000133514404,0.6963807724023298
2024-09-20,OKLO,7.159999847412109,8.4399995803833,7.0,8.40999984741211,0.5926711597718132
2024-09-23,OKLO,8.460000038146973,8.649999618530273,7.949999809265137,8.3100004196167,0.6086609233554201
2024-09-26,OKLO,8.520000457763672,8.760000228881836,8.079999923706055,8.579999923706055,0.6791301670708628
2024-09-27,OKLO,8.850000381469727,8.859999656677246,8.35200023651123,8.84000015258789,0.5140510582262321
2024-10-01,OKLO,8.140000343322754,8.710000038146973,7.900000095367432,8.600000381469727,0.5518867795363884
2024-10-03,OKLO,10.220000267028809,10.220000267028809,9.220000267028809,9.40999984741211,0.66846913306458
2024-10-21,OKLO,19.3700008392334,22.93000030517578,18.549999237060547,22.309999465942383,0.6069847816708299
2024-10-22,OKLO,22.46500015258789,22.5,18.399999618530273,20.829999923706055,0.6072384990317753
2024-10-24,OKLO,18.989999771118164,19.440000534057617,17.600000381469727,18.059999465942383,0.6603181464215634
2024-10-25,OKLO,18.360000610351562,20.149999618530273,18.110000610351562,19.110000610351562,0.5567392274975071
2024-10-30,OKLO,26.399999618530273,28.1200008392334,22.639999389648438,22.889999389648438,0.7379604762413939
2024-10-31,OKLO,23.059999465942383,23.59000015258789,21.530000686645508,22.459999084472656,0.81230904543781
2024-11-01,OKLO,23.649999618530273,24.799999237060547,21.309999465942383,21.670000076293945,0.6585447730768244
2024-11-05,OKLO,21.739999771118164,21.799999237060547,19.950000762939453,20.579999923706055,0.5468021092225154
2024-11-13,OKLO,25.479999542236328,25.649999618530273,22.440000534057617,23.079999923706055,0.8161873168911906
2024-11-14,OKLO,23.5,24.600000381469727,22.81999969482422,23.8799991607666,0.5214587916393737
2024-11-18,OKLO,19.5,22.149999618530273,17.889999389648438,20.670000076293945,0.5621244955884771
2024-11-25,OKLO,25.75,26.049999237060547,21.899999618530273,22.90999984741211,0.5038536657207456
2024-11-27,OKLO,22.399999618530273,23.0,21.010000228881836,21.950000762939453,0.6044403726449569
2024-12-02,OKLO,23.989999771118164,24.200000762939453,22.15999984741211,22.229999542236328,0.6694533168353034
2024-12-04,OKLO,21.059999465942383,21.200000762939453,20.049999237060547,20.34000015258789,0.6326297375821083
2024-12-06,OKLO,20.239999771118164,21.959999084472656,19.75,21.90999984741211,0.6199513946325546
2024-12-09,OKLO,22.260000228881836,22.649999618530273,20.06999969482422,20.09000015258789,0.610578963436036
2024-12-12,OKLO,19.450000762939453,20.290000915527344,18.360000610351562,18.3700008392334,0.6397166046806441
2024-12-18,OKLO,21.40999984741211,22.940000534057617,18.030000686645508,18.3799991607666,0.862387165977309
2025-01-06,OKLO,27.459999084472656,31.65999984741211,27.170000076293945,30.0,0.6070890816309533
2025-01-14,OKLO,24.059999465942383,24.299999237060547,22.35099983215332,22.809999465942383,0.6219415099572334
2025-01-17,OKLO,24.989999771118164,26.799999237060547,24.231000900268555,26.049999237060547,0.5732276516428296
2025-01-22,OKLO,32.43000030517578,34.95000076293945,32.029998779296875,34.16999816894531,0.5432612067784458
2025-01-24,OKLO,39.54999923706055,43.70000076293945,38.83000183105469,41.81999969482422,0.5791486155851127
2025-01-28,OKLO,33.04999923706055,34.15999984741211,30.0,34.119998931884766,0.5909968124927034
2025-01-31,OKLO,42.400001525878906,45.22999954223633,40.369998931884766,41.61000061035156,0.577094113027698
2025-02-06,OKLO,51.22999954223633,52.9900016784668,46.529998779296875,47.7599983215332,0.6595494480602362
2025-02-07,OKLO,49.39500045776367,59.13999938964844,48.84000015258789,55.4900016784668,0.5114110489458565
2025-02-13,OKLO,55.40999984741211,55.54999923706055,50.79999923706055,55.029998779296875,0.5238141903003195
2025-02-14,OKLO,55.380001068115234,57.5,51.70000076293945,52.619998931884766,0.6289446363607256
2025-02-21,OKLO,43.560001373291016,43.689998626708984,37.83000183105469,38.790000915527344,0.8307143880280398
2025-02-26,OKLO,34.5,36.47999954223633,33.56999969482422,35.189998626708984,0.8909090052247287
2025-02-27,OKLO,38.45000076293945,38.676998138427734,32.310001373291016,32.38999938964844,0.9127235908556581
2025-03-03,OKLO,34.75,35.06999969482422,29.25,29.3799991607666,0.7985246347713775
2025-03-12,OKLO,27.469999313354492,28.010000228881836,25.15999984741211,26.190000534057617,0.7632590778463464
2025-04-01,OKLO,22.8799991607666,24.079999923706055,21.729999542236328,22.530000686645508,0.5481439781770494
2025-04-08,OKLO,23.8799991607666,24.020000457763672,19.90999984741211,20.229999542236328,0.9805402364952598
2025-04-14,OKLO,23.924999237060547,24.3700008392334,22.309999465942383,22.549999237060547,0.8105263023814806
2025-04-17,OKLO,21.959999084472656,22.18899917602539,21.030000686645508,21.979999542236328,0.7453246288935725
2025-04-23,OKLO,22.18000030517578,24.239999771118164,22.110000610351562,23.3700008392334,0.750094765248634
2025-04-28,OKLO,24.059999465942383,25.25,23.020000457763672,24.489999771118164,0.5780646235572131
2025-05-01,OKLO,24.75,26.93000030517578,24.440000534057617,26.309999465942383,0.5596035958761634
2025-05-08,OKLO,28.200000762939453,28.40999984741211,26.440000534057617,26.950000762939453,0.5085786006829688
2025-05-12,OKLO,29.729999542236328,30.2450008392334,28.15999984741211,28.850000381469727,0.718367245814469
2025-05-14,OKLO,34.54999923706055,39.369998931884766,34.099998474121094,37.0099983215332,0.5495329569244651
2025-05-20,OKLO,41.33000183105469,41.33000183105469,36.849998474121094,37.56999969482422,0.607243340536833
2025-05-27,OKLO,49.52000045776367,54.47999954223633,46.119998931884766,53.900001525878906,0.50746671163414
2025-05-29,OKLO,55.724998474121094,56.0,51.72999954223633,52.93000030517578,0.8923272039654534
2025-06-03,OKLO,56.0,58.689998626708984,49.33000183105469,49.77000045776367,0.6897939569426828
2025-06-09,OKLO,51.70000076293945,54.7400016784668,48.7599983215332,54.2599983215332,0.5405275420286317
2025-06-11,OKLO,53.560001373291016,68.91000366210938,53.36000061035156,68.02999877929688,0.5175959364835246
2025-06-16,OKLO,67.0,73.55000305175781,64.8010025024414,65.44999694824219,0.5036850069870825
2025-06-17,OKLO,68.26000213623047,69.4000015258789,61.790000915527344,62.77000045776367,0.795707010052281
2025-06-18,OKLO,63.26499938964844,63.959999084472656,59.619998931884766,62.02000045776367,0.5241703613927668
2025-06-20,OKLO,63.0,63.95000076293945,57.529998779296875,57.95000076293945,0.6638202486285041
2025-06-25,OKLO,63.099998474121094,64.77999877929688,55.3489990234375,55.56999969482422,0.5196715579489173
2025-06-27,OKLO,59.54999923706055,62.099998474121094,54.04999923706055,55.2599983215332,0.6566507744516963
2025-07-08,OKLO,57.314998626708984,57.59000015258789,53.25,53.52000045776367,0.6892486760937873
2025-07-09,OKLO,53.9900016784668,55.400001525878906,51.52000045776367,53.93000030517578,0.6057033707010527
2025-07-21,OKLO,69.56999969482422,70.9800033569336,62.43000030517578,62.5099983215332,0.6712579214962398
2025-07-22,OKLO,63.0,63.97999954223633,58.880001068115234,61.31999969482422,0.5009110394152194
2025-07-28,OKLO,77.5,77.54499816894531,72.27999877929688,75.5,0.6377905571672358
2025-07-31,OKLO,76.86000061035156,80.41999816894531,75.5,76.58999633789062,0.6389043895175819
2025-08-05,OKLO,77.0,85.19999694824219,76.69999694824219,84.08999633789062,0.5798226768148319
2025-08-07,OKLO,83.68499755859375,83.94999694824219,76.5999984741211,79.31999969482422,0.5524544718931643
2025-08-08,OKLO,79.7300033569336,80.80000305175781,74.29000091552734,75.31999969482422,0.566144276519209
2025-08-15,OKLO,74.26000213623047,74.53299713134766,68.77200317382812,71.05999755859375,0.5115763851140068
2025-08-19,OKLO,69.41000366210938,70.04000091552734,65.02400207519531,65.41000366210938,0.6441910158503921
2025-08-25,OKLO,71.34500122070312,71.9469985961914,67.84600067138672,71.19000244140625,0.5286117267661727
2025-08-26,OKLO,73.8499984741211,78.69999694824219,72.70999908447266,74.30999755859375,0.5704007263369129
2025-08-28,OKLO,74.33999633789062,79.79000091552734,74.08000183105469,77.88999938964844,0.5167322840511797
2025-09-03,OKLO,74.63999938964844,76.5999984741211,71.6520004272461,72.2300033569336,0.6303370321906594
2025-09-05,OKLO,71.22000122070312,71.87999725341797,66.19999694824219,69.79000091552734,0.6318576557568703
2025-09-08,OKLO,70.5,71.92900085449219,69.61000061035156,70.72000122070312,0.5084115489838921
2025-09-10,OKLO,75.44000244140625,76.69999694824219,73.30000305175781,73.75,0.5183843543358905
2025-09-11,OKLO,74.18000030517578,80.87999725341797,73.12999725341797,79.97000122070312,0.5718545112589895
2025-10-01,OKLO,112.5999984741211,116.67500305175781,109.19999694824219,115.93000030517578,0.6709441836152938
2025-10-08,OKLO,135.85000610351562,138.35000610351562,130.5800018310547,134.77000427246094,0.5615503585946496
2025-10-15,OKLO,185.9600067138672,193.83999633789062,164.0,171.55999755859375,0.7115390750018218
2025-10-16,OKLO,174.85000610351562,176.35000610351562,157.1999969482422,162.13999938964844,0.6764222969495569
2025-10-20,OKLO,167.19000244140625,170.0,154.1199951171875,159.0500030517578,0.6283490516448298
2025-10-24,OKLO,133.52999877929688,138.66000366210938,130.97999572753906,136.0500030517578,0.5547954262760466
2025-10-27,OKLO,144.8000030517578,145.0,129.6699981689453,137.42999267578125,0.7508418608139529
2025-10-31,OKLO,140.5800018310547,141.6999969482422,130.11000061035156,132.77000427246094,0.5911042310011617
2025-11-05,OKLO,116.37000274658203,123.44000244140625,114.32099914550781,121.2300033569336,0.5639986091049769
2025-11-10,OKLO,116.98999786376953,117.44000244140625,107.5,111.5199966430664,0.6484646610396138
2025-11-12,OKLO,108.5999984741211,116.9800033569336,106.95999908447266,111.16999816894531,0.6264249394439508
2025-11-20,OKLO,106.11000061035156,109.69999694824219,87.75,88.0,0.8651907962176285
2025-11-21,OKLO,89.44999694824219,89.92500305175781,79.01000213623047,88.16999816894531,0.7510514442740767
2025-12-08,OKLO,108.13999938964844,109.16999816894531,100.5999984741211,104.61000061035156,0.5349932783461692
2025-12-15,OKLO,89.3499984741211,89.5999984741211,82.0,82.33000183105469,0.7014920637635852
2025-12-17,OKLO,84.29000091552734,85.58000183105469,75.0,75.94000244140625,0.5459170599065284
2025-12-18,OKLO,80.50499725341797,81.0,76.06999969482422,77.72000122070312,0.6690197383132896
2025-12-19,OKLO,78.69999694824219,85.26000213623047,78.52999877929688,83.2300033569336,0.5893377615206056
2026-01-02,OKLO,73.98999786376953,77.91999816894531,72.12999725341797,77.80000305175781,0.5506520853222916
2026-01-05,OKLO,81.6500015258789,90.8499984741211,80.4000015258789,89.33999633789062,0.5890645984874647
2026-01-09,OKLO,114.3499984741211,115.72000122070312,104.02999877929688,105.30999755859375,0.5690924951516015
2024-01-18,ON,74.01000213623047,74.55999755859375,71.93000030517578,73.22000122070312,0.5334159157113048
2024-01-22,ON,74.5,76.62000274658203,74.36000061035156,75.19000244140625,0.6827878580276862
2024-01-23,ON,75.9800033569336,77.06999969482422,75.29000091552734,76.75,0.5061679856136218
2024-01-25,ON,75.86000061035156,75.95999908447266,72.30999755859375,72.69000244140625,0.681661059286132
2024-03-06,ON,78.80999755859375,79.38999938964844,77.05999755859375,77.62000274658203,0.5199771703580824
2024-03-18,ON,75.48999786376953,75.72000122070312,73.7300033569336,73.81999969482422,0.5169600557581623
2024-03-21,ON,76.83000183105469,77.41000366210938,75.16999816894531,75.77999877929688,0.514433466540087
2024-03-27,ON,73.91999816894531,75.7699966430664,73.0,75.61000061035156,0.5090810657475018
2024-04-04,ON,71.38999938964844,72.54000091552734,68.80000305175781,69.0999984741211,0.5312457274069604
2024-04-09,ON,69.83000183105469,71.9800033569336,69.63999938964844,70.94000244140625,0.5046606187299612
2024-04-11,ON,69.63999938964844,70.7699966430664,69.05999755859375,70.5999984741211,0.5127800612733321
2024-04-15,ON,67.8499984741211,67.94999694824219,64.87999725341797,65.63999938964844,0.5456870544437661
2024-04-17,ON,65.27999877929688,65.87000274658203,64.11000061035156,64.47000122070312,0.5486621225298587
2024-04-24,ON,67.16999816894531,67.44999694824219,64.33000183105469,65.52999877929688,0.6399787231796858
2024-07-05,ON,73.1500015258789,74.66999816894531,72.7699966430664,73.37999725341797,0.52502584527879
2024-07-18,ON,76.29000091552734,77.94999694824219,74.95999908447266,75.43000030517578,0.5331745942905937
2024-07-26,ON,69.1500015258789,70.77999877929688,68.66000366210938,70.16999816894531,0.610731895764517
2024-07-29,ON,75.9000015258789,80.08000183105469,75.5,78.2699966430664,0.5490965780835532
2024-08-07,ON,70.08000183105469,71.20999908447266,66.18000030517578,66.38999938964844,0.5205099542422615
2024-08-30,ON,78.12000274658203,78.47000122070312,76.66000366210938,77.87000274658203,0.5074109216718671
2024-09-09,ON,68.80000305175781,70.23999786376953,68.58999633789062,69.38999938964844,0.5642277650446507
2024-09-19,ON,73.81999969482422,74.98999786376953,72.62000274658203,73.3499984741211,0.5014611170601347
2024-09-23,ON,69.9800033569336,70.77999877929688,69.5,69.73999786376953,0.5100758364420187
2024-09-26,ON,72.36000061035156,73.91000366210938,70.08999633789062,73.31999969482422,0.5003471727524758
2024-10-17,ON,70.79000091552734,71.30000305175781,68.80000305175781,69.23999786376953,0.5235242092720855
2024-10-23,ON,69.36000061035156,69.68000030517578,66.47000122070312,67.97000122070312,0.509902368236777
2024-10-24,ON,69.52999877929688,70.13999938964844,68.36000061035156,70.08000183105469,0.5048880101256997
2024-12-11,ON,67.0,68.52999877929688,66.44000244140625,67.97000122070312,0.5093378883892856
2024-12-19,ON,66.12999725341797,66.97000122070312,64.75,64.80000305175781,0.5450798052629499
2025-01-02,ON,63.810001373291016,64.08999633789062,61.65999984741211,61.709999084472656,0.5459640418894801
2025-01-06,ON,64.37999725341797,67.0,64.33000183105469,64.51000213623047,0.5096522472202726
2025-01-17,ON,54.58000183105469,55.08000183105469,54.369998931884766,54.630001068115234,0.5087079571627795
2025-02-04,ON,50.68000030517578,51.33000183105469,50.16999816894531,50.58000183105469,0.5164567688477696
2025-03-03,ON,47.59000015258789,48.0099983215332,44.66999816894531,44.90999984741211,0.6216762610707307
2025-03-05,ON,45.529998779296875,46.56999969482422,45.02000045776367,46.4900016784668,0.5161139789979573
2025-03-12,ON,43.2599983215332,43.68000030517578,42.52000045776367,42.849998474121094,0.5456949040210335
2025-04-08,ON,35.810001373291016,36.650001525878906,31.040000915527344,31.950000762939453,0.914396810259907
2025-04-14,ON,35.86000061035156,36.36000061035156,34.810001373291016,35.619998931884766,0.5661485138249251
2025-04-15,ON,35.83000183105469,36.68000030517578,35.060001373291016,35.849998474121094,0.5623288054204584
2025-04-22,ON,35.09000015258789,36.099998474121094,34.72999954223633,35.45000076293945,0.5017249488438131
2025-04-23,ON,37.0,37.779998779296875,36.27000045776367,36.619998931884766,0.5928441645840644
2025-05-01,ON,40.22999954223633,40.7400016784668,39.5,39.599998474121094,0.5230726516150063
2025-05-29,ON,43.72999954223633,44.11000061035156,42.61000061035156,42.939998626708984,0.5289564124542768
2025-06-06,ON,50.34000015258789,51.29999923706055,50.04999923706055,50.16999816894531,0.5297724901794709
2025-06-11,ON,54.290000915527344,54.439998626708984,51.130001068115234,51.779998779296875,0.5195452001253426
2025-07-21,ON,61.27000045776367,63.029998779296875,60.52000045776367,60.54999923706055,0.5151410123909806
2025-07-28,ON,57.459999084472656,59.279998779296875,57.349998474121094,58.65999984741211,0.5110431634124352
2025-07-29,ON,59.5,60.369998931884766,58.27000045776367,58.380001068115234,0.7192894651733718
2025-08-05,ON,48.40999984741211,48.88999938964844,47.15999984741211,47.2400016784668,0.537819095143472
2025-08-07,ON,47.970001220703125,48.68000030517578,47.279998779296875,47.59000015258789,0.5177096815356523
2025-08-22,ON,49.33000183105469,52.33000183105469,49.33000183105469,51.849998474121094,0.5180932748757714
2025-09-05,ON,48.34000015258789,50.08000183105469,47.939998626708984,49.11000061035156,0.5090810657475018
2025-10-06,ON,50.130001068115234,50.70000076293945,48.84000015258789,50.349998474121094,0.5228882076714176
2025-10-13,ON,47.900001525878906,50.65999984741211,47.599998474121094,50.11000061035156,0.5138437013152399
2025-10-24,ON,52.5,52.619998931884766,50.66999816894531,50.709999084472656,0.5180758437238893
2025-10-27,ON,51.84000015258789,54.68000030517578,51.61000061035156,52.68000030517578,0.5031346888960557
2025-11-19,ON,47.15999984741211,47.72999954223633,45.959999084472656,46.119998931884766,0.5537568099726181
2025-11-20,ON,46.4900016784668,47.150001525878906,44.689998626708984,44.900001525878906,0.5636548624536473
2025-11-21,ON,45.16999816894531,47.65999984741211,44.560001373291016,46.70000076293945,0.5500414687191385
2025-11-24,ON,47.189998626708984,47.97999954223633,46.68000030517578,47.38999938964844,0.5369412616893445
2025-12-30,ON,54.34000015258789,54.66999816894531,54.099998474121094,54.2400016784668,0.5721944235247542
2026-01-02,ON,55.25,57.33000183105469,55.16999816894531,56.70000076293945,0.5063652723858558
2026-01-06,ON,61.0,62.77000045776367,60.209999084472656,61.7599983215332,0.5067478587745704
2024-01-02,ONDS,1.5700000524520874,1.9850000143051147,1.4800000190734863,1.8200000524520874,0.5394651677107376
2024-01-16,ONDS,1.6100000143051147,1.6100000143051147,1.350000023841858,1.4199999570846558,0.5683119538931193
2024-01-23,ONDS,1.2949999570846558,1.4299999475479126,1.2799999713897705,1.3600000143051147,0.5378613934657995
2024-01-24,ONDS,1.409999966621399,1.437999963760376,1.2999999523162842,1.3550000190734863,0.7216578122156492
2024-01-29,ONDS,1.4199999570846558,1.5399999618530273,1.3899999856948853,1.5099999904632568,0.6054337986256324
2024-02-01,ONDS,1.378000020980835,1.399999976158142,1.3450000286102295,1.3799999952316284,0.5078956179978933
2024-02-15,ONDS,1.6100000143051147,1.656999945640564,1.5,1.590000033378601,0.5128786786560758
2024-02-22,ONDS,1.340000033378601,1.340000033378601,1.2699999809265137,1.2899999618530273,0.5374894128984277
2024-02-26,ONDS,1.2999999523162842,1.4600000381469727,1.25,1.399999976158142,0.5011502137704361
2024-02-27,ONDS,1.409999966621399,1.4299999475479126,1.2699999809265137,1.2999999523162842,0.5295182902484967
2024-02-29,ONDS,1.2999999523162842,1.4700000286102295,1.2300000190734863,1.2699999809265137,0.573916249462475
2024-03-01,ONDS,1.2799999713897705,1.2899999618530273,1.2300000190734863,1.2699999809265137,0.5508655047092877
2024-03-06,ONDS,1.2899999618530273,1.2899999618530273,1.1950000524520874,1.25,0.5962011974481098
2024-03-12,ONDS,1.1299999952316284,1.1399999856948853,1.059999942779541,1.0800000429153442,0.5622516856457667
2024-03-18,ONDS,0.949999988079071,1.0,0.9290000200271606,0.9300000071525574,0.530379886603117
2024-03-19,ONDS,0.949999988079071,0.9850000143051147,0.9049999713897705,0.9629999995231628,0.5328838264837881
2024-03-20,ONDS,0.9800000190734863,1.0499999523162842,0.9570000171661377,1.0199999809265137,0.542377268052445
2024-03-21,ONDS,1.0299999713897705,1.0700000524520874,0.9750000238418579,0.9750000238418579,0.5345097376590968
2024-03-27,ONDS,0.9879999756813049,0.9879999756813049,0.9399999976158142,0.9700000286102295,0.5311805080103472
2024-03-28,ONDS,1.0,1.0199999809265137,0.9599999785423279,0.9700000286102295,0.5107320408908351
2024-04-01,ONDS,0.9800000190734863,1.340000033378601,0.9800000190734863,1.25,0.5324964721061474
2024-04-04,ONDS,1.0199999809265137,1.2100000381469727,1.0199999809265137,1.059999942779541,0.5828580214094279
2024-04-09,ONDS,1.0199999809265137,1.0299999713897705,0.9900000095367432,1.0199999809265137,0.5063938565160249
2024-04-11,ONDS,0.9800000190734863,0.9900000095367432,0.9210000038146973,0.925000011920929,0.528476338723607
2024-04-12,ONDS,0.949999988079071,0.9900000095367432,0.902999997138977,0.9610000252723694,0.5230912141239079
2024-04-15,ONDS,1.0199999809265137,1.0199999809265137,0.921999990940094,0.9440000057220459,0.5309939333070666
2024-04-16,ONDS,0.9599999785423279,0.9700000286102295,0.9100000262260437,0.9150000214576721,0.670869095954601
2024-04-17,ONDS,0.9200000166893005,0.9380000233650208,0.8700000047683716,0.8999999761581421,0.620282454561789
2024-04-29,ONDS,0.8100000023841858,0.8479999899864197,0.7799999713897705,0.8479999899864197,0.6375221886990303
2024-05-01,ONDS,0.8600000143051147,0.8999999761581421,0.8299999833106995,0.8330000042915344,0.6593767145532952
2024-05-06,ONDS,0.8429999947547913,0.8880000114440918,0.8140000104904175,0.8309999704360962,0.5506581192979958
2024-05-07,ONDS,0.8399999737739563,0.8700000047683716,0.8100000023841858,0.8209999799728394,0.5330698184367677
2024-05-08,ONDS,0.8299999833106995,0.8399999737739563,0.7850000262260437,0.8100000023841858,0.5180265291705634
2024-05-23,ONDS,0.7919999957084656,0.8199999928474426,0.6899999976158142,0.7200000286102295,0.6359557189559361
2024-05-31,ONDS,0.75,0.7730000019073486,0.7200000286102295,0.7239999771118164,0.6196236777044838
2024-06-03,ONDS,0.75,0.75,0.6620000004768372,0.6830000281333923,0.5271659511928984
2024-07-11,ONDS,0.699999988079071,0.746999979019165,0.699999988079071,0.7310000061988831,0.5446950249948216
2024-07-18,ONDS,0.8799999952316284,0.8799999952316284,0.824999988079071,0.8349999785423279,0.5286407789104403
2024-07-19,ONDS,0.8600000143051147,0.8700000047683716,0.8370000123977661,0.8429999947547913,0.5323898667818474
2024-07-22,ONDS,0.9160000085830688,1.149999976158142,0.8610000014305115,1.1299999952316284,0.5250819882027925
2024-07-29,ONDS,1.0800000429153442,1.0800000429153442,0.9800000190734863,1.0099999904632568,0.5578979737123665
2024-08-09,ONDS,0.8600000143051147,0.8600000143051147,0.7519999742507935,0.7900000214576721,0.7486169456952935
2024-08-12,ONDS,0.800000011920929,0.8199999928474426,0.7599999904632568,0.7699999809265137,0.6093643219318596
2024-08-14,ONDS,0.7260000109672546,0.7289999723434448,0.5370000004768372,0.5879999995231628,0.6387179356786813
2024-08-15,ONDS,0.6100000143051147,0.6899999976158142,0.6100000143051147,0.6610000133514404,0.635174390056346
2024-08-16,ONDS,0.6679999828338623,0.7129999995231628,0.6499999761581421,0.7099999785423279,0.5520957561287285
2024-08-19,ONDS,0.7200000286102295,0.75,0.6779999732971191,0.7390000224113464,0.6221486947597737
2024-08-21,ONDS,0.7900000214576721,0.8999999761581421,0.7829999923706055,0.8519999980926514,0.568589621303891
2024-08-28,ONDS,0.8740000128746033,0.8740000128746033,0.7889999747276306,0.8069999814033508,0.6313690796356611
2024-08-30,ONDS,0.8539999723434448,0.8849999904632568,0.800000011920929,0.871999979019165,0.537036088907282
2024-09-05,ONDS,0.8199999928474426,0.8700000047683716,0.7870000004768372,0.7960000038146973,0.5386527327360717
2024-09-09,ONDS,0.800000011920929,0.9800000190734863,0.7900000214576721,0.8889999985694885,0.5933363171936115
2024-09-10,ONDS,0.9200000166893005,0.9440000057220459,0.8709999918937683,0.9390000104904175,0.5960755743643964
2024-09-17,ONDS,0.75,0.7599999904632568,0.7300000190734863,0.7409999966621399,0.5243336506087931
2024-09-18,ONDS,0.75,0.8429999947547913,0.7409999966621399,0.7699999809265137,0.5184383437559389
2024-09-19,ONDS,0.7889999747276306,0.8320000171661377,0.75,0.7710000276565552,0.5712598275116055
2024-09-26,ONDS,0.7289999723434448,0.7289999723434448,0.6899999976158142,0.699999988079071,0.553495636329797
2024-10-01,ONDS,0.7990000247955322,0.8080000281333923,0.7300000190734863,0.7799999713897705,0.5383416306185025
2024-10-02,ONDS,0.7990000247955322,0.800000011920929,0.7310000061988831,0.7630000114440918,0.5007289450836722
2024-10-04,ONDS,0.7480000257492065,0.7699999809265137,0.7300000190734863,0.7409999966621399,0.5185534157561692
2024-10-07,ONDS,0.7599999904632568,0.828000009059906,0.7400000095367432,0.824999988079071,0.5901987517416054
2024-10-08,ONDS,0.8489999771118164,0.9829999804496765,0.8040000200271606,0.9229999780654907,0.5371326146719021
2024-10-21,ONDS,0.9309999942779541,0.9639999866485596,0.8700000047683716,0.9150000214576721,0.6039172419277655
2024-10-22,ONDS,0.9200000166893005,0.9399999976158142,0.8610000014305115,0.9010000228881836,0.5500778690460972
2024-10-23,ONDS,0.9100000262260437,0.9100000262260437,0.8100000023841858,0.8560000061988831,0.5962910571344298
2024-11-05,ONDS,0.7599999904632568,0.7799999713897705,0.7300000190734863,0.7419999837875366,0.6480853254520673
2024-11-18,ONDS,0.7390000224113464,0.7400000095367432,0.6600000262260437,0.675000011920929,0.5669219485387721
2024-11-20,ONDS,0.6800000071525574,0.722000002861023,0.6700000166893005,0.7110000252723694,0.5229161543361464
2024-11-21,ONDS,0.7200000286102295,0.8640000224113464,0.7200000286102295,0.8109999895095825,0.5010816096932464
2024-11-25,ONDS,0.9399999976158142,0.949999988079071,0.800000011920929,0.8640000224113464,0.6007741595313218
2024-11-26,ONDS,0.8899999856948853,0.9150000214576721,0.8180000185966492,0.8349999785423279,0.5753198287853545
2024-11-27,ONDS,0.8399999737739563,0.8899999856948853,0.7860000133514404,0.8669999837875366,0.5188652084769455
2024-11-29,ONDS,1.1200000047683716,1.2000000476837158,0.9399999976158142,0.984000027179718,0.5259760106484495
2024-12-02,ONDS,1.2100000381469727,1.25,0.7710000276565552,0.8199999928474426,0.5840506121103388
2024-12-11,ONDS,0.8999999761581421,1.0800000429153442,0.8669999837875366,1.0499999523162842,0.5982914350261496
2024-12-19,ONDS,1.559999942779541,1.559999942779541,1.2450000047683716,1.3600000143051147,0.6002685984273538
2024-12-23,ONDS,1.600000023841858,1.9500000476837158,1.5199999809265137,1.9500000476837158,0.5563049071934678
2024-12-24,ONDS,2.059999942779541,2.200000047683716,1.7999999523162842,2.0199999809265137,0.5985783867267108
2024-12-26,ONDS,2.1700000762939453,2.6700000762939453,2.130000114440918,2.509999990463257,0.5473674523099487
2024-12-27,ONDS,2.890000104904175,3.0999999046325684,2.3399999141693115,2.5899999141693115,0.6295242830755213
2024-12-30,ONDS,2.740000009536743,3.140000104904175,2.549999952316284,2.7899999618530273,0.746141110749271
2025-01-03,ONDS,3.2300000190734863,3.4000000953674316,2.759999990463257,2.799999952316284,0.5215959339721817
2025-01-06,ONDS,3.049999952316284,3.130000114440918,2.630000114440918,2.690000057220459,0.6405262937855752
2025-01-14,ONDS,1.899999976158142,2.130000114440918,1.899999976158142,1.9900000095367432,0.6082917102611982
2025-01-15,ONDS,2.059999942779541,2.257999897003174,1.9989999532699585,2.2100000381469727,0.536271499540872
2025-01-16,ONDS,2.2699999809265137,2.2699999809265137,2.005000114440918,2.200000047683716,0.5605439788888613
2025-01-21,ONDS,2.0999999046325684,2.140000104904175,1.940000057220459,2.009999990463257,0.6765282469446476
2025-01-22,ONDS,2.069999933242798,2.4600000381469727,1.9900000095367432,2.369999885559082,0.5903917164032979
2025-01-30,ONDS,1.7400000095367432,1.7699999809265137,1.6799999475479126,1.690000057220459,0.5451982205197313
2025-02-04,ONDS,1.6200000047683716,1.7000000476837158,1.6200000047683716,1.690000057220459,0.710125790891818
2025-02-05,ONDS,1.7200000286102295,1.7200000286102295,1.6100000143051147,1.6399999856948853,0.6750230813589502
2025-02-06,ONDS,1.6799999475479126,1.850000023841858,1.6799999475479126,1.7599999904632568,0.5448402376801355
2025-02-07,ONDS,1.7799999713897705,1.9199999570846558,1.7599999904632568,1.909999966621399,0.5332820084063916
2025-02-10,ONDS,2.0,2.119999885559082,1.8209999799728394,2.0999999046325684,0.526769876964298
2025-02-21,ONDS,1.399999976158142,1.4500000476837158,1.2400000095367432,1.25,0.5669146580101848
2025-02-25,ONDS,1.1699999570846558,1.2100000381469727,1.0,1.0399999618530273,0.6969836528906029
2025-02-26,ONDS,1.059999942779541,1.1399999856948853,1.0299999713897705,1.0800000429153442,0.6718460570754871
2025-03-03,ONDS,0.9940000176429749,1.0,0.8389999866485596,0.8519999980926514,0.6683005509788035
2025-03-24,ONDS,0.7099999785423279,0.8199999928474426,0.6909999847412109,0.8119999766349792,0.5303880061927393
2025-03-26,ONDS,0.8999999761581421,0.9729999899864197,0.8090000152587891,0.8450000286102295,0.5225366821195712
2025-04-01,ONDS,1.149999976158142,1.149999976158142,1.0099999904632568,1.100000023841858,0.5943101951680697
2025-04-08,ONDS,0.8809999823570251,0.8999999761581421,0.7200000286102295,0.75,0.917579470853806
2025-04-11,ONDS,0.7850000262260437,0.8299999833106995,0.75,0.8140000104904175,0.6143302180636301
2025-04-14,ONDS,0.9200000166893005,0.9649999737739563,0.8550000190734863,0.9139999747276306,0.5535816008002045
2025-04-15,ONDS,0.9259999990463257,0.9390000104904175,0.8500000238418579,0.8740000128746033,0.6320579848248129
2025-04-17,ONDS,0.8820000290870667,0.9190000295639038,0.8510000109672546,0.8880000114440918,0.5918411415548789
2025-04-22,ONDS,0.8199999928474426,0.8299999833106995,0.7699999809265137,0.8199999928474426,0.5759617937138015
2025-04-23,ONDS,0.8730000257492065,0.8999999761581421,0.8309999704360962,0.8420000076293945,0.6598610938483473
2025-04-24,ONDS,0.8600000143051147,0.8790000081062317,0.7829999923706055,0.8009999990463257,0.5507589376705898
2025-04-28,ONDS,0.75,0.7789999842643738,0.7279999852180481,0.7509999871253967,0.5699227198318655
2025-04-29,ONDS,0.7599999904632568,0.8289999961853027,0.7310000061988831,0.8069999814033508,0.529860143353991
2025-05-06,ONDS,0.7789999842643738,0.7789999842643738,0.7350000143051147,0.7570000290870667,0.5143194553812409
2025-05-29,ONDS,1.100000023841858,1.100000023841858,1.0,1.0700000524520874,0.5689600024873901
2025-06-03,ONDS,1.590000033378601,1.659999966621399,1.399999976158142,1.4199999570846558,0.5728552743753297
2025-06-05,ONDS,1.8849999904632568,1.8849999904632568,1.5,1.5800000429153442,0.5558644115607029
2025-06-06,ONDS,1.659999966621399,1.8700000047683716,1.5800000429153442,1.7000000476837158,0.5764684299046657
2025-06-16,ONDS,1.8450000286102295,1.899999976158142,1.6649999618530273,1.690000057220459,0.5497651369200809
2025-06-18,ONDS,1.5700000524520874,1.6100000143051147,1.4600000381469727,1.5499999523162842,0.5034202230509821
2025-06-24,ONDS,1.5399999618530273,1.600000023841858,1.465000033378601,1.590000033378601,0.5071510400940282
2025-07-17,ONDS,2.4800000190734863,2.640000104904175,2.2799999713897705,2.4000000953674316,0.5414589072602661
2025-07-31,ONDS,2.1700000762939453,2.2200000286102295,2.0299999713897705,2.119999885559082,0.7029526627461745
2025-08-04,ONDS,2.2750000953674316,2.6700000762939453,2.25,2.6700000762939453,0.5533618181370141
2025-08-05,ONDS,2.75,3.0899999141693115,2.6600000858306885,3.069999933242798,0.5430385426352711
2025-08-11,ONDS,3.609999895095825,3.759999990463257,3.309999942779541,3.430000066757202,0.5335669741169344
2025-08-12,ONDS,3.940000057220459,4.389999866485596,3.859999895095825,4.289999961853027,0.5026925682799486
2025-08-21,ONDS,3.640000104904175,3.890000104904175,3.509999990463257,3.799999952316284,0.5162597361270718
2025-08-25,ONDS,4.679999828338623,4.980000019073486,4.53000020980835,4.849999904632568,0.512642700885419
2025-08-28,ONDS,5.25,6.010000228881836,5.199999809265137,5.699999809265137,0.5102323709850559
2025-08-29,ONDS,6.0,6.188000202178955,5.539999961853027,5.860000133514404,0.5614089548297947
2025-09-03,ONDS,5.619999885559082,5.677999973297119,5.010000228881836,5.03000020980835,0.5058836816539657
2025-09-05,ONDS,5.449999809265137,5.679999828338623,5.03000020980835,5.630000114440918,0.5112853907320063
2025-09-10,ONDS,5.610000133514404,6.0,5.385000228881836,5.559999942779541,0.5242278200968528
2025-09-23,ONDS,7.514999866485596,8.119999885559082,7.230000019073486,7.880000114440918,0.5413468327391097
2025-09-24,ONDS,7.989999771118164,8.069999694824219,7.25,7.349999904632568,0.5024308246453311
2025-10-06,ONDS,10.5600004196167,11.630000114440918,10.270000457763672,10.65999984741211,0.590520177908844
2025-10-07,ONDS,11.0,11.545000076293945,10.449999809265137,11.09000015258789,0.584630814052142
2025-10-08,ONDS,11.265000343322754,11.699999809265137,10.713000297546387,11.260000228881836,0.5017224220088112
2025-10-13,ONDS,10.029999732971191,11.21500015258789,9.682999610900879,10.8100004196167,0.501846816210737
2025-10-20,ONDS,8.0600004196167,8.1899995803833,7.329999923706055,7.769999980926514,0.5784458007990526
2025-10-23,ONDS,6.849999904632568,7.300000190734863,6.650000095367432,7.059999942779541,0.5646343452727985
2025-10-24,ONDS,7.670000076293945,8.170000076293945,7.40500020980835,7.460000038146973,0.5926571511203277
2025-10-27,ONDS,8.1850004196167,8.3149995803833,7.519999980926514,7.53000020980835,0.5465913297316902
2025-11-03,ONDS,6.574999809265137,6.690000057220459,5.78000020980835,6.150000095367432,0.5766190524729714
2025-11-10,ONDS,6.369999885559082,6.389999866485596,5.769999980926514,5.880000114440918,0.6182892169196581
2025-11-12,ONDS,5.985000133514404,6.164999961853027,5.480000019073486,5.510000228881836,0.6085566059658539
2025-11-13,ONDS,6.320000171661377,7.340000152587891,6.309999942779541,6.559999942779541,0.5656269770907945
2025-11-17,ONDS,7.510000228881836,7.514999866485596,5.980000019073486,6.255000114440918,0.5716659460377932
2025-11-20,ONDS,7.920000076293945,7.96999979019165,6.25,6.269999980926514,0.5927740631922429
2025-11-21,ONDS,6.559999942779541,6.849999904632568,5.929999828338623,6.735000133514404,0.5849111291126198
2025-11-24,ONDS,6.784999847412109,8.800000190734863,6.670000076293945,8.720000267028809,0.5863798106267745
2025-11-26,ONDS,8.609999656677246,8.680000305175781,7.684999942779541,8.239999771118164,0.5155651221532741
2025-12-08,ONDS,9.295000076293945,9.75,8.970000267028809,9.020000457763672,0.5018626226091535
2025-12-17,ONDS,8.140000343322754,8.5600004196167,7.28000020980835,7.369999885559082,0.5330965925257978
2025-12-19,ONDS,7.989999771118164,9.239999771118164,7.860000133514404,9.220000267028809,0.5232157697695345
2025-12-22,ONDS,9.300000190734863,9.65999984741211,9.154999732971191,9.270000457763672,0.5511841149551414
2026-01-02,ONDS,10.135000228881836,11.0600004196167,9.90999984741211,11.020000457763672,0.5677612532854238
2026-01-05,ONDS,11.300000190734863,12.539999961853027,10.989999771118164,12.529999732971191,0.5253236918476104
2026-01-13,ONDS,13.5,14.5,12.960000038146973,13.890000343322754,0.5065107304217354
2024-01-10,OPEN,3.740000009536743,3.799999952316284,3.5950000286102295,3.680000066757202,0.5390272139026261
2024-01-12,OPEN,3.6500000953674316,3.7699999809265137,3.490000009536743,3.509999990463257,0.5230291710844539
2024-01-18,OPEN,3.190000057220459,3.2300000190734863,2.9000000953674316,3.009999990463257,0.6891609329935021
2024-01-19,OPEN,3.049999952316284,3.1700000762939453,2.9200000762939453,3.1500000953674316,0.5572591060833234
2024-01-22,OPEN,3.315000057220459,3.5999999046325684,3.299999952316284,3.490000009536743,0.5202481655797815
2024-01-24,OPEN,3.5199999809265137,3.5250000953674316,3.190000057220459,3.2200000286102295,0.8658245905708573
2024-01-25,OPEN,3.319999933242798,3.4649999141693115,3.2799999713897705,3.380000114440918,0.7019253082611128
2024-01-26,OPEN,3.4100000858306885,3.490000009536743,3.3299999237060547,3.3499999046325684,0.5968982834926122
2024-02-07,OPEN,3.299999952316284,3.309999942779541,3.140000104904175,3.2149999141693115,0.7004547433932936
2024-02-22,OPEN,2.9700000286102295,3.069999933242798,2.880000114440918,2.9700000286102295,0.6039356711752341
2024-02-29,OPEN,3.1700000762939453,3.319999933242798,3.0299999713897705,3.0799999237060547,0.5880108296370793
2024-03-08,OPEN,3.049999952316284,3.240000009536743,3.0199999809265137,3.059999942779541,0.5230226567424265
2024-03-21,OPEN,3.0999999046325684,3.180000066757202,3.0199999809265137,3.130000114440918,0.8353477697618035
2024-03-26,OPEN,2.9700000286102295,3.0299999713897705,2.9000000953674316,2.9100000858306885,0.5196974106457215
2024-03-27,OPEN,2.9700000286102295,2.9700000286102295,2.859999895095825,2.950000047683716,0.517581443517419
2024-04-04,OPEN,2.930000066757202,3.009999990463257,2.740000009536743,2.759999990463257,0.5516948753596926
2024-04-09,OPEN,2.7300000190734863,2.7699999809265137,2.680000066757202,2.740000009536743,0.5958392724792918
2024-04-11,OPEN,2.5,2.509999990463257,2.380000114440918,2.4600000381469727,0.6319619391929245
2024-04-15,OPEN,2.369999885559082,2.375,2.1600000858306885,2.190000057220459,0.5611350421258533
2024-04-18,OPEN,2.180000066757202,2.2699999809265137,2.109999895095825,2.1549999713897705,0.5936890347414762
2024-04-29,OPEN,2.180000066757202,2.2699999809265137,2.0999999046325684,2.125,0.6595583573738024
2024-05-03,OPEN,2.380000114440918,2.5999999046325684,2.200000047683716,2.2100000381469727,0.5520473179087249
2024-05-10,OPEN,2.319999933242798,2.3499999046325684,2.240000009536743,2.319999933242798,0.5277028864483079
2024-05-13,OPEN,2.369999885559082,2.509999990463257,2.3499999046325684,2.4800000190734863,0.5472776275980397
2024-05-23,OPEN,2.2300000190734863,2.2300000190734863,2.0899999141693115,2.119999885559082,0.8107452237156952
2024-05-31,OPEN,2.180000066757202,2.2300000190734863,2.109999895095825,2.180000066757202,0.5356151974897813
2024-06-03,OPEN,2.2100000381469727,2.259999990463257,2.130000114440918,2.180000066757202,0.525132734303659
2024-06-12,OPEN,2.319000005722046,2.5380001068115234,2.2100000381469727,2.2300000190734863,0.625384622656126
2024-06-21,OPEN,1.8600000143051147,1.9199999570846558,1.7999999523162842,1.8899999856948853,0.5984215337875295
2024-06-28,OPEN,1.909999966621399,1.9299999475479126,1.7899999618530273,1.840000033378601,0.6784662387018877
2024-07-05,OPEN,1.809999942779541,1.8200000524520874,1.7100000381469727,1.7599999904632568,0.687514680068769
2024-07-08,OPEN,1.7799999713897705,1.840000033378601,1.7649999856948853,1.809999942779541,0.6420832831285636
2024-07-09,OPEN,1.8200000524520874,1.940000057220459,1.75,1.899999976158142,0.5328915427877522
2024-07-11,OPEN,2.059999942779541,2.0999999046325684,1.9800000190734863,2.059999942779541,0.6290522724853731
2024-07-18,OPEN,2.759999990463257,2.880000114440918,2.4700000286102295,2.569999933242798,0.6013918215438183
2024-07-22,OPEN,2.5299999713897705,2.5299999713897705,2.369999885559082,2.5199999809265137,0.5586423291784411
2024-07-26,OPEN,2.609999895095825,2.609999895095825,2.4200000762939453,2.5199999809265137,0.6296641417398413
2024-07-30,OPEN,2.509999990463257,2.5199999809265137,2.2799999713897705,2.3399999141693115,0.5954806163555123
2024-08-06,OPEN,1.7899999618530273,1.7999999523162842,1.690000057220459,1.715000033378601,0.813895478143828
2024-08-07,OPEN,1.7699999809265137,1.7799999713897705,1.600000023841858,1.600000023841858,0.8025083426470374
2024-08-14,OPEN,1.809999942779541,1.8700000047683716,1.7100000381469727,1.7599999904632568,0.6136441894970472
2024-08-20,OPEN,1.9900000095367432,2.0899999141693115,1.8899999856948853,1.9450000524520874,0.5271488476896709
2024-08-26,OPEN,2.3399999141693115,2.549999952316284,2.25,2.5,0.5809340930525535
2024-08-30,OPEN,2.130000114440918,2.25,2.0899999141693115,2.1500000953674316,0.6257408116472306
2024-09-06,OPEN,2.0799999237060547,2.0799999237060547,1.8799999952316284,1.8899999856948853,0.5345418914063002
2024-09-10,OPEN,1.9900000095367432,2.0199999809265137,1.809999942779541,1.9600000381469727,0.6707582803629605
2024-09-19,OPEN,2.3399999141693115,2.380000114440918,2.1600000858306885,2.190000057220459,0.7120293470039778
2024-09-26,OPEN,2.069999933242798,2.130000114440918,2.0299999713897705,2.0899999141693115,0.7442774430091919
2024-10-15,OPEN,1.9500000476837158,1.9600000381469727,1.8530000448226929,1.8899999856948853,0.6154993229939038
2024-10-24,OPEN,1.75,1.7899999618530273,1.7100000381469727,1.7699999809265137,0.6267969255788228
2024-10-25,OPEN,1.7999999523162842,1.840000033378601,1.75,1.75,0.5981486462456856
2024-11-01,OPEN,1.7799999713897705,1.8300000429153442,1.75,1.8200000524520874,0.5967339035590618
2024-11-06,OPEN,1.9500000476837158,1.9700000286102295,1.774999976158142,1.7799999713897705,0.5016564297937961
2024-11-13,OPEN,1.7999999523162842,1.9199999570846558,1.7699999809265137,1.809999942779541,0.6876140282630959
2024-11-25,OPEN,2.119999885559082,2.4000000953674316,2.0999999046325684,2.2799999713897705,0.5531467286779929
2024-11-29,OPEN,2.390000104904175,2.4800000190734863,2.259999990463257,2.3399999141693115,0.6904373049272253
2024-12-19,OPEN,1.7599999904632568,1.7999999523162842,1.659999966621399,1.6649999618530273,0.6668442739311388
2024-12-27,OPEN,1.7200000286102295,1.7200000286102295,1.6299999952316284,1.6699999570846558,0.7527475805925936
2025-01-06,OPEN,1.7200000286102295,1.8300000429153442,1.7000000476837158,1.7200000286102295,0.5681221226461431
2025-01-15,OPEN,1.4600000381469727,1.600000023841858,1.4299999475479126,1.5099999904632568,0.536941991207377
2025-01-30,OPEN,1.4900000095367432,1.5299999713897705,1.409999966621399,1.4299999475479126,0.5183415639208988
2025-02-05,OPEN,1.3300000429153442,1.409999966621399,1.3300000429153442,1.3799999952316284,0.5748961565563104
2025-02-06,OPEN,1.399999976158142,1.4299999475479126,1.3600000143051147,1.3899999856948853,0.6323266185500891
2025-02-14,OPEN,1.5299999713897705,1.5800000429153442,1.4600000381469727,1.5499999523162842,0.5479401693124895
2025-02-21,OPEN,1.4900000095367432,1.5,1.3600000143051147,1.3899999856948853,0.764220196365859
2025-02-26,OPEN,1.5,1.590000033378601,1.4500000476837158,1.5399999618530273,0.6179595891841524
2025-02-27,OPEN,1.5499999523162842,1.590000033378601,1.4199999570846558,1.4299999475479126,0.8391328894909079
2025-03-12,OPEN,1.149999976158142,1.2400000095367432,1.1200000047683716,1.2100000381469727,0.7698891010100696
2025-03-25,OPEN,1.2400000095367432,1.25,1.2000000476837158,1.2000000476837158,0.5017782458060006
2025-03-26,OPEN,1.2100000381469727,1.2300000190734863,1.159999966621399,1.2000000476837158,0.6676001995401708
2025-04-08,OPEN,1.0700000524520874,1.0800000429153442,0.9399999976158142,0.968999981880188,0.958795251568234
2025-04-14,OPEN,1.0299999713897705,1.0399999618530273,0.949999988079071,0.953000009059906,0.5980767240746038
2025-04-23,OPEN,1.0299999713897705,1.0700000524520874,0.8199999928474426,0.8410000205039978,0.7542978036172452
2025-04-24,OPEN,0.8619999885559082,0.8650000095367432,0.7269999980926514,0.7770000100135803,0.5124012085687363
2025-04-28,OPEN,0.7689999938011169,0.8379999995231628,0.7519999742507935,0.7770000100135803,0.5066523957235988
2025-05-07,OPEN,0.800000011920929,0.9200000166893005,0.7649999856948853,0.871999979019165,0.7503524395414779
2025-05-08,OPEN,0.8999999761581421,0.9120000004768372,0.8700000047683716,0.871999979019165,0.6303925614927348
2025-05-12,OPEN,0.7039999961853027,0.7260000109672546,0.6710000038146973,0.7070000171661377,0.8569941228089861
2025-05-14,OPEN,0.7200000286102295,0.7749999761581421,0.7170000076293945,0.75,0.5386672824659309
2025-05-22,OPEN,0.6990000009536743,0.7039999961853027,0.6710000038146973,0.6800000071525574,0.5289339287843919
2025-05-29,OPEN,0.6840000152587891,0.7110000252723694,0.6819999814033508,0.6859999895095825,0.8220631750142345
2025-06-11,OPEN,0.6200000047683716,0.6600000262260437,0.6010000109672546,0.6079999804496765,0.5129506607168934
2025-06-26,OPEN,0.5170000195503235,0.5400000214576721,0.5080000162124634,0.5379999876022339,0.5694294076517062
2025-07-08,OPEN,0.6480000019073486,0.765999972820282,0.6449999809265137,0.7319999933242798,0.5784700918449216
2025-07-11,OPEN,0.8999999761581421,0.8999999761581421,0.7250000238418579,0.7789999842643738,0.6082661070801427
2025-07-15,OPEN,1.0299999713897705,1.1100000143051147,0.949999988079071,1.0399999618530273,0.5036364230598186
2025-07-16,OPEN,1.1950000524520874,1.4900000095367432,1.1299999952316284,1.4900000095367432,0.6377224578535696
2025-07-17,OPEN,1.909999966621399,2.0199999809265137,1.5399999618530273,1.649999976158142,0.5780751320600376
2025-07-18,OPEN,1.8450000286102295,2.309999942779541,1.7599999904632568,2.25,0.5084528634899378
2025-07-21,OPEN,2.7799999713897705,4.96999979019165,2.615000009536743,3.2100000381469727,0.8592407503410013
2025-07-24,OPEN,2.4649999141693115,2.9100000858306885,2.359999895095825,2.4200000762939453,0.5910936924951503
2025-07-25,OPEN,2.549999952316284,2.569999933242798,2.259999990463257,2.5399999618530273,0.626692821472747
2025-07-28,OPEN,2.6449999809265137,2.75,2.2799999713897705,2.3399999141693115,0.8381417056284333
2025-07-31,OPEN,2.0999999046325684,2.0999999046325684,1.8200000524520874,1.840000033378601,0.6533263071351019
2025-08-01,OPEN,1.9550000429153442,2.200000047683716,1.8700000047683716,2.0999999046325684,0.5981837196392523
2025-08-04,OPEN,2.2799999713897705,2.569999933242798,2.140000104904175,2.4600000381469727,0.5755294541651277
2025-08-07,OPEN,1.9249999523162842,1.9299999475479126,1.7000000476837158,1.850000023841858,0.5691827984673374
2025-08-12,OPEN,2.390000104904175,2.6700000762939453,2.2200000286102295,2.4700000286102295,0.5520019986824821
2025-08-13,OPEN,2.484999895095825,2.5999999046325684,2.3499999046325684,2.4200000762939453,0.565523573618595
2025-08-15,OPEN,3.4100000858306885,3.5299999713897705,3.0999999046325684,3.1700000762939453,0.8247155578517571
2025-08-18,OPEN,3.2899999618530273,3.950000047683716,3.2899999618530273,3.7799999713897705,0.6639908542041512
2025-08-19,OPEN,4.025000095367432,4.099999904632568,3.5199999809265137,3.619999885559082,0.6783582252667827
2025-08-27,OPEN,4.90500020980835,4.96999979019165,3.9600000381469727,4.019999980926514,0.5415586281468217
2025-08-29,OPEN,4.519999980926514,4.929999828338623,4.210000038146973,4.449999809265137,0.6561211580192956
2025-09-03,OPEN,5.21999979019165,5.400000095367432,4.920000076293945,5.130000114440918,0.7426038041471437
2025-09-05,OPEN,6.409999847412109,6.849999904632568,5.900000095367432,6.650000095367432,0.6432887904887942
2025-09-08,OPEN,7.0,7.320000171661377,5.980000019073486,6.039999961853027,0.6082759154390711
2025-09-11,OPEN,7.610000133514404,10.699999809265137,7.420000076293945,10.520000457763672,0.6882171394921258
2025-09-15,OPEN,9.760000228881836,10.5,9.300000190734863,9.494999885559082,0.6192934410451926
2025-09-16,OPEN,9.800000190734863,9.819999694824219,8.8100004196167,8.920000076293945,0.6204721294268633
2025-09-17,OPEN,9.010000228881836,10.869999885559082,8.765000343322754,10.210000038146973,0.6784212997394732
2025-09-19,OPEN,10.039999961853027,10.279999732971191,9.350000381469727,9.569999694824219,0.5791124520525006
2025-09-24,OPEN,7.599999904632568,8.479999542236328,7.309999942779541,8.229999542236328,0.6186979437559477
2025-10-01,OPEN,8.100000381469727,8.800000190734863,7.860000133514404,8.0600004196167,0.8163320758713873
2025-10-02,OPEN,8.119999885559082,8.329999923706055,7.829999923706055,8.010000228881836,0.5961396763813577
2025-10-06,OPEN,8.305000305175781,9.6899995803833,8.050000190734863,9.279999732971191,0.5447029302922086
2025-10-09,OPEN,8.640000343322754,8.699999809265137,8.119999885559082,8.140000343322754,0.5630023082364687
2025-10-10,OPEN,8.220000267028809,8.220000267028809,7.449999809265137,7.570000171661377,0.6762657922091843
2025-10-27,OPEN,8.149999618530273,8.479999542236328,7.849999904632568,8.15999984741211,0.6234202647517029
2025-10-31,OPEN,7.420000076293945,8.020000457763672,7.361999988555908,7.769999980926514,0.5717723518238016
2025-11-05,OPEN,7.139999866485596,7.519999980926514,6.980000019073486,7.230000019073486,0.5753659678712808
2025-11-06,OPEN,7.360000133514404,7.369999885559082,6.519999980926514,6.559999942779541,0.6451756384267271
2025-11-10,OPEN,6.840000152587891,8.119999885559082,6.690000057220459,7.96999979019165,0.5934042195912675
2025-11-20,OPEN,6.954999923706055,6.96999979019165,6.139999866485596,6.159999847412109,0.9131795455048158
2025-11-21,OPEN,6.230000019073486,7.03000020980835,6.230000019073486,6.75,0.8271171280226022
2025-12-08,OPEN,7.275000095367432,7.420000076293945,6.949999809265137,7.050000190734863,0.5869727430895335
2025-12-11,OPEN,7.050000190734863,7.170000076293945,6.730000019073486,7.050000190734863,0.6939063549200292
2025-12-15,OPEN,6.664999961853027,6.664999961853027,6.25,6.46999979019165,0.71239274162352
2025-12-18,OPEN,6.420000076293945,6.585000038146973,6.239999771118164,6.28000020980835,0.5949207794650321
2025-12-19,OPEN,6.320000171661377,6.426000118255615,6.210000038146973,6.360000133514404,0.5727911273759108
2025-12-22,OPEN,6.570000171661377,6.800000190734863,6.369999885559082,6.420000076293945,0.5227700300272692
2026-01-02,OPEN,5.920000076293945,6.150000095367432,5.849999904632568,6.070000171661377,0.5671998170470653
2026-01-08,OPEN,6.264999866485596,6.71999979019165,6.170000076293945,6.429999828338623,0.5011476483574545
2024-01-24,ORCL,111.08250536286852,113.04128700907178,110.9943637754257,111.95416259765625,0.683672481755045
2024-01-25,ORCL,112.52221026011621,113.78562530950117,111.99333832278118,112.62994384765625,0.663260005121222
2024-02-22,ORCL,109.19227900118581,109.58403681849278,107.3999995028725,108.72217559814453,0.505914919598808
2024-02-23,ORCL,109.69177190733505,111.03354002153594,109.40774767270163,109.6427993774414,0.5025036524664954
2024-03-14,ORCL,124.60790105617187,125.1661535414402,122.36509511440009,122.94293212890625,0.5122539132774124
2024-03-18,ORCL,124.5785124694952,126.29244644789242,124.26510769804607,125.16615295410156,0.5069136002646855
2024-03-21,ORCL,127.8301090538452,130.03373865816815,126.29245811222196,126.3512191772461,0.5014055019430643
2024-04-04,ORCL,124.97025749337456,125.35221928592513,121.4738328346867,121.63053894042969,0.5198323770091151
2024-04-15,ORCL,120.04813267583138,120.33307348690015,117.35594388667023,117.78826141357422,0.5233490034743878
2024-05-23,ORCL,124.34188782852522,124.48926454762332,121.01103904400138,121.9248046875,0.6130682187920581
2024-07-25,ORCL,138.09335672869994,138.9998693794615,135.67931236700184,135.7975616455078,0.536227880920155
2024-07-26,ORCL,136.8321478043984,137.90616402928214,136.34934793019855,136.9700927734375,0.5425893057596456
2024-07-30,ORCL,137.02923900018985,137.5219018023163,132.97955016531546,133.6791229248047,0.5317593125310798
2024-08-30,ORCL,138.27072499673534,139.64032679851607,138.0441043484205,139.2166290283203,0.5109839320357569
2024-09-06,ORCL,141.67995961862513,141.82776747768298,137.35438089067088,139.72901916503906,0.5358220699176383
2024-09-10,ORCL,151.96674259074953,158.16444819873252,150.8730307208039,153.60238647460938,0.55377641182949
2024-10-04,ORCL,166.2342782734079,168.39212857417763,165.70219406290337,168.35272216796875,0.5437261980856097
2024-12-19,ORCL,165.46251616143596,168.86952998064243,165.31437595357735,166.6870574951172,0.5274520135277149
2025-01-02,ORCL,166.4204391926,166.58831938023684,162.84552997483283,163.96145629882812,0.5491924347444428
2025-01-06,ORCL,165.22551380740236,165.95629971148745,163.13193131013514,163.62570190429688,0.5142986357856479
2025-01-14,ORCL,154.85087101622338,155.67254668422243,152.80164407541847,154.74197387695312,0.5601565696111755
2025-01-16,ORCL,158.54344129552004,159.8799047459006,156.8209058594168,157.93955993652344,0.5423746798182948
2025-01-17,ORCL,160.1471938776931,161.5232493630412,158.92952185756127,159.41461181640625,0.5181110338786171
2025-01-28,ORCL,161.35495000678574,164.16645655121013,155.17754194213123,162.3548126220703,0.5415198252007085
2025-02-26,ORCL,169.2647945361062,172.12580263718152,167.433362040779,170.73985290527344,0.5407501134954954
2025-03-03,ORCL,165.27523650520249,165.4435293359391,159.5136277441643,160.3946990966797,0.5981950957611362
2025-03-12,ORCL,144.7630860488538,150.70289690620683,143.5553232994011,149.3763427734375,0.5253514609541046
2025-04-08,ORCL,131.21041567631937,131.65591357684,120.47916097983055,123.2510757446289,0.9217752463643686
2025-04-14,ORCL,135.91417483639714,135.91417483639714,132.00961508777254,133.76815795898438,0.5260487449766467
2025-04-17,ORCL,130.05237495730861,130.4497939265495,127.6083127264074,127.78713989257812,0.5264531356102544
2025-04-23,ORCL,134.0364302005353,134.99020548901547,130.1418149259407,130.5491485595703,0.5715589159439022
2025-05-01,ORCL,145.61097613270562,147.67750930698875,144.39887479817432,144.54791259765625,0.5410627007610038
2025-05-29,ORCL,163.93157702073114,164.24951220447275,160.44431074897528,161.8451690673828,0.5272371037122873
2025-06-06,ORCL,172.8732832218649,173.6581609982845,171.54196387452913,172.89315795898438,0.5232335670280043
2025-06-18,ORCL,209.7231084896463,213.32960771302697,208.21296198176958,209.50453186035156,0.5413473366840167
2025-06-20,ORCL,211.96848525571826,212.41556830591662,203.31487908328734,203.84144592285156,0.5240993743526
2025-07-03,ORCL,231.7098222518725,236.44893912147006,229.7028981953161,235.7832794189453,0.5066238993068013
2025-07-17,ORCL,242.27801994963468,250.50198165300165,240.95382246871634,247.66441345214844,0.563937009954653
2025-07-31,ORCL,254.6537623629589,259.7314956191338,252.2144577915635,252.66249084472656,0.685795431256572
2025-08-04,ORCL,244.82684699922362,251.80626396120294,244.82684699922362,251.42791748046875,0.5177755057504249
2025-09-05,ORCL,231.53511813906258,233.5960764324474,224.90417978396877,231.78402709960938,0.5091406635685162
2025-09-08,ORCL,238.84305903550808,241.3620162631575,234.28304548554544,237.439208984375,0.5047907838862369
2025-10-06,ORCL,291.103974049413,295.38519545304104,289.5308526107433,290.3174133300781,0.5856009997653028
2025-10-07,ORCL,291.94030071153065,291.94030071153065,269.8172742768502,282.9994812011719,0.610318231966669
2025-10-09,ORCL,290.78132268148715,300.17650045161645,286.50265508657935,296.17706298828125,0.548249924333834
2025-10-10,ORCL,299.488330685771,306.90871805933205,291.2401449439206,292.1876220703125,0.5371555086236995
2025-10-27,ORCL,285.81449478798436,286.2433538320221,279.07230709721875,280.6581115722656,0.5052235859912886
2025-10-31,ORCL,258.82583033285937,265.1092086621758,256.03319406873595,261.9176330566406,0.5379742952104365
2025-11-03,ORCL,264.54069731398414,264.91970033156497,254.5570936929479,257.1701965332031,0.5644301837188701
2025-11-10,ORCL,245.30156492467935,246.58817244149967,236.44498684654965,240.195068359375,0.5170306043929863
2025-11-20,ORCL,230.55057060239145,233.38307953921628,209.74556555267446,210.13453674316406,0.5462913188226877
2025-11-26,ORCL,208.94767119960986,209.44635299244902,201.706817046267,204.41964721679688,0.5484204709615823
2025-12-19,ORCL,187.8933191010791,194.60557155014874,187.62402668062938,191.46388244628906,0.5148013290399711
2025-12-22,ORCL,196.30110985738344,198.27588551211926,192.32162363901878,197.85699462890625,0.5322672291191665
2026-01-02,ORCL,196.94938516426626,198.06642749147284,193.69798540839838,195.19403076171875,0.5635000620175094
2024-01-19,OSCR,11.180000305175781,11.25,10.65999984741211,10.729999542236328,0.5139660812882225
2024-01-24,OSCR,11.380000114440918,12.039999961853027,11.380000114440918,11.6899995803833,0.7672879744872346
2024-01-25,OSCR,11.789999961853027,12.069999694824219,11.524999618530273,11.890000343322754,0.6016432849054799
2024-02-08,OSCR,17.43000030517578,17.549999237060547,15.90999984741211,16.68000030517578,0.5362063381094156
2024-03-01,OSCR,16.3799991607666,16.80500030517578,16.18000030517578,16.579999923706055,0.5279968137751753
2024-03-04,OSCR,16.81999969482422,17.299999237060547,15.248000144958496,15.350000381469727,0.5688091956458536
2024-03-15,OSCR,14.010000228881836,14.1899995803833,13.729999542236328,13.850000381469727,0.684674852903003
2024-03-18,OSCR,14.029999732971191,14.079999923706055,13.734999656677246,13.829999923706055,0.6216609952893334
2024-03-21,OSCR,14.279999732971191,14.359999656677246,13.739999771118164,13.760000228881836,0.8618573624965955
2024-03-22,OSCR,14.029999732971191,14.069999694824219,13.319999694824219,13.5,0.5580933332151726
2024-03-26,OSCR,13.640000343322754,14.34000015258789,13.604999542236328,13.960000038146973,0.5070883664035575
2024-04-04,OSCR,14.239999771118164,14.399999618530273,13.84000015258789,13.979999542236328,0.571020198637394
2024-04-17,OSCR,15.850000381469727,16.038999557495117,15.270000457763672,15.539999961853027,0.6091894979019609
2024-04-22,OSCR,16.139999389648438,16.360000610351562,15.470000267028809,16.18000030517578,0.5562538273023299
2024-04-26,OSCR,18.049999237060547,18.200000762939453,17.520000457763672,17.559999465942383,0.6131240176226198
2024-04-29,OSCR,17.729999542236328,17.84000015258789,17.239999771118164,17.399999618530273,0.6622705032171968
2024-05-03,OSCR,18.329999923706055,18.690000534057617,17.860000610351562,18.020000457763672,0.6090974367467925
2024-05-06,OSCR,18.280000686645508,19.040000915527344,18.040000915527344,18.969999313354492,0.5295785190271889
2024-05-07,OSCR,20.600000381469727,20.600000381469727,18.350000381469727,19.770000457763672,0.5122194096356012
2024-05-13,OSCR,21.8700008392334,22.010000228881836,21.43000030517578,21.950000762939453,0.5619375212834986
2024-05-15,OSCR,23.0,23.34000015258789,22.639999389648438,22.649999618530273,0.5774871869731001
2024-05-23,OSCR,22.420000076293945,22.489999771118164,20.829999923706055,20.959999084472656,0.8003515237125632
2024-06-10,OSCR,19.799999237060547,20.700000762939453,19.750999450683594,20.510000228881836,0.5321701430453536
2024-06-11,OSCR,20.81999969482422,21.170000076293945,19.950000762939453,20.010000228881836,0.6187802281974678
2024-06-12,OSCR,20.600000381469727,20.940000534057617,18.790000915527344,19.059999465942383,0.6587583892329371
2024-06-20,OSCR,19.420000076293945,19.420000076293945,18.020000457763672,18.040000915527344,0.7043428012707642
2024-06-25,OSCR,17.889999389648438,18.059999465942383,17.440000534057617,17.639999389648438,0.6408038642587102
2024-06-26,OSCR,17.799999237060547,17.93000030517578,17.329999923706055,17.920000076293945,0.5379179209299769
2024-06-28,OSCR,17.799999237060547,17.799999237060547,15.149999618530273,15.819999694824219,0.7185756718601558
2024-07-08,OSCR,16.8799991607666,17.049999237060547,16.0,16.1299991607666,0.7079488580505833
2024-07-09,OSCR,16.25,16.360000610351562,15.545000076293945,15.75,0.5802043135720936
2024-07-12,OSCR,16.68000030517578,16.93000030517578,16.280000686645508,16.520000457763672,0.5677367148480812
2024-07-18,OSCR,15.739999771118164,15.84000015258789,14.680000305175781,14.960000038146973,0.5915435046017852
2024-07-19,OSCR,15.170000076293945,15.979999542236328,15.100000381469727,15.25,0.56004303830415
2024-07-22,OSCR,15.5,16.190000534057617,15.289999961853027,15.34000015258789,0.6253929070369261
2024-07-26,OSCR,15.739999771118164,15.850000381469727,15.289999961853027,15.819999694824219,0.6387461104783357
2024-07-29,OSCR,16.0,17.350000381469727,16.0,16.899999618530273,0.6213914052010168
2024-08-13,OSCR,18.149999618530273,18.6299991607666,17.950000762939453,18.280000686645508,0.5464428523992807
2024-08-14,OSCR,18.3799991607666,19.18000030517578,17.760000228881836,18.200000762939453,0.5722555272512356
2024-08-26,OSCR,17.989999771118164,18.690000534057617,17.6299991607666,18.100000381469727,0.5480913767491712
2024-08-30,OSCR,17.940000534057617,18.469999313354492,17.829999923706055,18.299999237060547,0.5620913467117357
2024-09-10,OSCR,18.0,18.299999237060547,16.889999389648438,17.420000076293945,0.6534741557479746
2024-09-17,OSCR,22.110000610351562,22.34000015258789,21.670000076293945,21.93000030517578,0.5295267444980154
2024-09-19,OSCR,23.239999771118164,23.56999969482422,22.864999771118164,23.270000457763672,0.6675854927370252
2024-09-26,OSCR,21.709999084472656,21.889999389648438,20.309999465942383,20.479999542236328,0.7391944751619173
2024-10-18,OSCR,16.989999771118164,17.110000610351562,16.15999984741211,16.350000381469727,0.6817402975172657
2024-10-25,OSCR,17.510000228881836,17.84000015258789,16.030000686645508,16.190000534057617,0.5837079462497428
2024-10-28,OSCR,16.309999465942383,16.59000015258789,15.329999923706055,15.350000381469727,0.6820095953276519
2024-11-11,OSCR,13.729999542236328,13.920000076293945,13.149999618530273,13.800000190734863,0.5051116022926765
2024-11-14,OSCR,14.960000038146973,16.799999237060547,14.8100004196167,15.4399995803833,0.5318690610741426
2024-11-15,OSCR,15.529999732971191,15.699999809265137,14.229999542236328,14.869999885559082,0.6916176222890487
2024-11-20,OSCR,18.209999084472656,18.40999984741211,16.760000228881836,17.0,0.5326640585941081
2024-11-21,OSCR,17.09000015258789,17.209999084472656,15.989999771118164,16.309999465942383,0.6391629770581777
2024-11-25,OSCR,16.850000381469727,17.139999389648438,15.90999984741211,16.850000381469727,0.6396187187025925
2024-11-29,OSCR,16.920000076293945,17.3799991607666,16.780000686645508,17.329999923706055,0.503525905117763
2024-12-02,OSCR,17.540000915527344,18.81999969482422,17.329999923706055,18.43000030517578,0.5305615773435614
2024-12-06,OSCR,16.540000915527344,16.783000946044922,15.1899995803833,15.609999656677246,0.5278260372466673
2024-12-09,OSCR,15.850000381469727,17.0,15.831999778747559,16.549999237060547,0.5248809296453565
2024-12-11,OSCR,15.149999618530273,15.350000381469727,14.050000190734863,14.359999656677246,0.5123873884080684
2024-12-12,OSCR,14.5,15.0,13.630000114440918,13.640000343322754,0.619320074562318
2024-12-18,OSCR,13.800000190734863,14.1899995803833,13.225000381469727,13.380000114440918,0.7676588619008803
2024-12-27,OSCR,14.300000190734863,14.399999618530273,13.5600004196167,13.800000190734863,0.8205833931588531
2024-12-31,OSCR,13.729999542236328,14.0,13.170000076293945,13.4399995803833,0.6159474152697283
2025-01-06,OSCR,15.234999656677246,15.234999656677246,14.65999984741211,14.720000267028809,0.5314413462640494
2025-01-17,OSCR,15.210000038146973,16.100000381469727,15.09000015258789,15.899999618530273,0.5489968979360565
2025-01-21,OSCR,16.09000015258789,16.149999618530273,15.295000076293945,15.649999618530273,0.5001807541881729
2025-01-28,OSCR,16.510000228881836,16.719999313354492,16.149999618530273,16.280000686645508,0.5054452793477456
2025-02-10,OSCR,14.890000343322754,15.199999809265137,14.510000228881836,14.720000267028809,0.5200692555908474
2025-02-14,OSCR,13.5600004196167,13.800000190734863,13.229999542236328,13.460000038146973,0.5603014912353912
2025-02-18,OSCR,15.119999885559082,16.700000762939453,14.711000442504883,15.850000381469727,0.6250305656630231
2025-02-19,OSCR,16.149999618530273,16.31999969482422,15.399999618530273,15.989999771118164,0.6363408291928501
2025-02-20,OSCR,16.75,16.8799991607666,15.739999771118164,16.06999969482422,0.7330417730042299
2025-02-21,OSCR,16.59000015258789,16.649999618530273,14.760000228881836,14.819999694824219,0.7849528225446275
2025-02-26,OSCR,15.789999961853027,15.899999618530273,15.199999809265137,15.670000076293945,0.6049492874373166
2025-02-27,OSCR,15.75,15.847000122070312,14.75,14.789999961853027,0.8562615099473381
2025-03-03,OSCR,14.779999732971191,15.40999984741211,14.369999885559082,15.09000015258789,0.6792107476619722
2025-03-12,OSCR,14.920000076293945,15.09000015258789,13.791000366210938,14.1899995803833,0.7367706084334774
2025-04-08,OSCR,13.5,13.539999961853027,11.579999923706055,11.720000267028809,0.9642754478224163
2025-04-14,OSCR,12.8100004196167,12.958999633789062,12.270000457763672,12.420000076293945,0.6293459038703716
2025-04-23,OSCR,12.0,12.470000267028809,11.920000076293945,12.010000228881836,0.7415412545353257
2025-04-28,OSCR,12.399999618530273,12.670000076293945,12.274999618530273,12.619999885559082,0.5664587530269882
2025-04-29,OSCR,13.050000190734863,13.569999694824219,12.755000114440918,13.149999618530273,0.5475995621250703
2025-05-01,OSCR,13.15999984741211,13.279999732971191,12.930000305175781,13.050000190734863,0.5063403283074911
2025-05-08,OSCR,17.56999969482422,18.270000457763672,16.969999313354492,17.059999465942383,0.7137942820041124
2025-05-12,OSCR,17.799999237060547,17.799999237060547,16.260000228881836,16.81999969482422,0.8261814812263159
2025-05-29,OSCR,14.180000305175781,14.1899995803833,13.770000457763672,13.800000190734863,0.8094241460955517
2025-06-02,OSCR,13.949999809265137,14.4399995803833,13.569999694824219,14.260000228881836,0.6011692721416335
2025-06-03,OSCR,14.800000190734863,15.057999610900879,14.149999618530273,14.25,0.5658823068113442
2025-06-05,OSCR,14.404999732971191,16.72800064086914,14.25,15.649999618530273,0.5189516367578737
2025-06-09,OSCR,15.5,15.5,14.6899995803833,14.760000228881836,0.6084843498067174
2025-06-11,OSCR,14.899999618530273,14.989999771118164,14.074999809265137,14.149999618530273,0.5236087289203227
2025-06-17,OSCR,15.880000114440918,16.540000915527344,15.359999656677246,16.110000610351562,0.6972373985602598
2025-06-20,OSCR,21.549999237060547,22.780000686645508,20.309999465942383,21.219999313354492,0.76896878287739
2025-07-01,OSCR,21.549999237060547,22.09000015258789,20.235000610351562,20.450000762939453,0.5739347252239355
2025-07-03,OSCR,17.360000610351562,17.3799991607666,16.209999084472656,16.469999313354492,0.555550636063431
2025-07-08,OSCR,17.010000228881836,17.459999084472656,16.295000076293945,16.549999237060547,0.678619690736927
2025-07-09,OSCR,16.71500015258789,17.200000762939453,15.960000038146973,16.079999923706055,0.6470803623980054
2025-07-18,OSCR,13.9399995803833,13.970000267028809,13.050000190734863,13.420000076293945,0.7177248658032782
2025-07-21,OSCR,13.550000190734863,14.449999809265137,13.470000267028809,13.619999885559082,0.5565126885099094
2025-07-25,OSCR,14.279999732971191,14.579999923706055,14.109999656677246,14.449999809265137,0.5246849291023135
2025-07-31,OSCR,14.199999809265137,14.619999885559082,13.979999542236328,14.050000190734863,0.765822548189684
2025-08-07,OSCR,14.470000267028809,15.239999771118164,14.385000228881836,15.15999984741211,0.5500324557082757
2025-08-13,OSCR,15.140000343322754,15.369999885559082,14.930000305175781,14.930000305175781,0.5647826525984609
2025-08-15,OSCR,15.210000038146973,15.979999542236328,15.149999618530273,15.640000343322754,0.5872739043732208
2025-09-05,OSCR,18.790000915527344,19.450000762939453,18.229999542236328,19.43000030517578,0.6388434220848014
2025-09-24,OSCR,17.959999084472656,18.979999542236328,17.6200008392334,18.440000534057617,0.5126584042322174
2025-09-29,OSCR,18.700000762939453,19.520000457763672,18.260000228881836,19.1299991607666,0.5376264792240323
2025-09-30,OSCR,19.5,19.739999771118164,18.46500015258789,18.93000030517578,0.6255257171210548
2025-10-07,OSCR,23.549999237060547,23.799999237060547,22.40999984741211,22.469999313354492,0.6850470992317388
2025-10-08,OSCR,22.780000686645508,22.8799991607666,21.350000381469727,21.799999237060547,0.602830632109982
2025-10-10,OSCR,20.969999313354492,21.184999465942383,18.665000915527344,18.770000457763672,0.6367647763366511
2025-10-20,OSCR,19.59000015258789,20.690000534057617,19.399999618530273,20.18000030517578,0.6181584663854478
2025-10-27,OSCR,19.6200008392334,19.780000686645508,19.229999542236328,19.670000076293945,0.6427828230614292
2025-10-28,OSCR,19.809999465942383,20.139999389648438,19.389999389648438,19.540000915527344,0.5942806266990565
2025-11-06,OSCR,18.6299991607666,19.09000015258789,16.43000030517578,16.559999465942383,0.7553228679498505
2025-11-17,OSCR,14.149999618530273,14.739999771118164,14.010000228881836,14.25,0.645007650921909
2025-11-20,OSCR,14.289999961853027,14.4399995803833,13.0,13.029999732971191,0.8944806045457746
2025-11-24,OSCR,16.25,16.950000762939453,15.529999732971191,16.489999771118164,0.5199760936112473
2025-12-05,OSCR,17.290000915527344,17.3700008392334,16.600000381469727,16.770000457763672,0.5193290610166251
2025-12-08,OSCR,17.020000457763672,17.030000686645508,16.503999710083008,16.729999542236328,0.5718689714857622
2025-12-18,OSCR,15.5,15.869999885559082,14.614999771118164,14.800000190734863,0.5100066166063766
2026-01-02,OSCR,14.449999809265137,15.085000038146973,14.260000228881836,14.970000267028809,0.5253748692127784
2026-01-05,OSCR,15.649999618530273,16.959999084472656,15.399999618530273,16.56999969482422,0.6027679779594967
2026-01-08,OSCR,17.649999618530273,17.700000762939453,16.790000915527344,16.899999618530273,0.6270283526603878
2026-01-13,OSCR,17.895000457763672,18.170000076293945,17.18000030517578,17.3799991607666,0.539488301519698
2024-01-18,PANW,168.2050018310547,169.2949981689453,166.27999877929688,167.88499450683594,0.5085460024303656
2024-01-22,PANW,173.14500427246094,175.3000030517578,171.22500610351562,172.8249969482422,0.702439926215196
2024-01-24,PANW,173.91000366210938,173.9949951171875,169.9199981689453,170.1199951171875,0.7264837233197935
2024-01-25,PANW,172.22999572753906,172.22999572753906,168.28500366210938,170.09500122070312,0.670608884566078
2024-02-22,PANW,137.06500244140625,138.40499877929688,132.5,133.91000366210938,0.6001908954119349
2024-02-23,PANW,138.47500610351562,142.16000366210938,135.80999755859375,141.0449981689453,0.5369273976088493
2024-02-26,PANW,144.25999450683594,156.94000244140625,143.39500427246094,151.38999938964844,0.5168262543752012
2024-02-27,PANW,158.6999969482422,163.78500366210938,153.77499389648438,157.375,0.5216716196016475
2024-03-06,PANW,149.49000549316406,150.0,138.40499877929688,139.42999267578125,0.54740104745538
2024-03-14,PANW,146.17999267578125,146.3699951171875,141.67999267578125,143.7899932861328,0.5106879601375042
2024-03-21,PANW,141.91000366210938,145.07000732421875,140.78500366210938,143.81500244140625,0.5683580901647585
2024-04-04,PANW,135.8350067138672,136.69500732421875,132.5,132.60000610351562,0.5346338723337202
2024-04-09,PANW,135.48500061035156,139.7550048828125,134.8249969482422,139.56500244140625,0.504515607759648
2024-04-17,PANW,139.0,140.44000244140625,137.8000030517578,138.6649932861328,0.5273808516007916
2024-06-03,PANW,148.2100067138672,148.5,145.56500244140625,147.24000549316406,0.5033964853081573
2024-06-05,PANW,148.11500549316406,148.47500610351562,145.25,147.7050018310547,0.5025246012627631
2024-06-20,PANW,159.74000549316406,160.5500030517578,154.625,155.52000427246094,0.5243426525037409
2024-07-19,PANW,165.97999572753906,168.4499969482422,163.01499938964844,165.44500732421875,0.5110842660753507
2024-07-25,PANW,163.27999877929688,164.4250030517578,159.36500549316406,160.06500244140625,0.5453459172889286
2024-07-26,PANW,161.61500549316406,164.5800018310547,160.63499450683594,163.40499877929688,0.5425893057596456
2024-07-30,PANW,162.6199951171875,163.4149932861328,157.5050048828125,158.7550048828125,0.5513104761925507
2024-08-07,PANW,155.5749969482422,157.38999938964844,152.0850067138672,152.10499572753906,0.5441095184669805
2024-08-14,PANW,167.9949951171875,172.1649932861328,167.7550048828125,169.9550018310547,0.5174406071039638
2024-09-09,PANW,169.4199981689453,172.46499633789062,168.8249969482422,172.02499389648438,0.5427881325128664
2024-09-10,PANW,173.5,174.05499267578125,170.03500366210938,173.7899932861328,0.5335686333024441
2024-09-19,PANW,168.9499969482422,169.58999633789062,166.1999969482422,166.8000030517578,0.503668629817275
2024-11-25,PANW,193.97999572753906,198.0800018310547,191.5850067138672,193.19000244140625,0.5110994632365776
2024-12-02,PANW,195.1199951171875,196.15499877929688,193.25999450683594,195.0850067138672,0.5655028522503147
2024-12-19,PANW,194.44000244140625,195.3000030517578,188.5,189.36000061035156,0.5194773879580542
2024-12-31,PANW,185.3800048828125,185.80999755859375,181.25999450683594,181.9600067138672,0.5239416789413188
2025-01-02,PANW,184.5,184.6300048828125,178.82000732421875,180.74000549316406,0.5485184689568648
2025-01-16,PANW,176.0,178.9499969482422,173.5800018310547,177.1699981689453,0.5389942963082924
2025-01-22,PANW,185.27999877929688,188.97000122070312,182.57000732421875,187.6999969482422,0.5036108902615681
2025-02-26,PANW,189.3699951171875,192.30999755859375,188.4499969482422,189.5500030517578,0.5498538769941417
2025-02-27,PANW,191.3800048828125,193.39999389648438,186.6999969482422,187.5,0.6642822860008185
2025-03-03,PANW,191.5,193.66000366210938,182.25999450683594,183.67999267578125,0.5779176557181107
2025-03-12,PANW,183.63999938964844,184.16000366210938,178.0,179.47999572753906,0.532498818267884
2025-03-17,PANW,183.5,186.16000366210938,182.00999450683594,185.0,0.5130173715577699
2025-04-08,PANW,157.72000122070312,161.5,150.1199951171875,152.52999877929688,0.9217752463643686
2025-04-17,PANW,171.13999938964844,171.3699951171875,167.1300048828125,167.69000244140625,0.5151745114371217
2025-04-23,PANW,168.74000549316406,172.52000427246094,167.3300018310547,168.32000732421875,0.5907963331997401
2025-05-01,PANW,188.63999938964844,189.16000366210938,186.02999877929688,186.27000427246094,0.5828059275142573
2025-05-29,PANW,189.0,189.14999389648438,182.88999938964844,185.82000732421875,0.5308934693758195
2025-06-06,PANW,199.0,200.8800048828125,198.1999969482422,199.60000610351562,0.5303059968740276
2025-07-29,PANW,206.0,210.38999938964844,193.10000610351562,193.83999633789062,0.7452374845331896
2025-08-04,PANW,174.47999572753906,174.47999572753906,170.0500030517578,171.0,0.5536304776795521
2025-10-06,PANW,209.3699951171875,213.85000610351562,209.1300048828125,212.5800018310547,0.5220643902088553
2025-10-27,PANW,219.7899932861328,221.08999633789062,218.0,220.2899932861328,0.5029896711538347
2025-11-24,PANW,185.4199981689453,186.5800018310547,181.9199981689453,183.88999938964844,0.5460783124443065
2025-11-28,PANW,187.22999572753906,190.9199981689453,186.9499969482422,190.1300048828125,0.5017552652313014
2025-12-22,PANW,188.49000549316406,190.52000427246094,186.64999389648438,189.49000549316406,0.5161447040453921
2026-01-05,PANW,183.0,185.83999633789062,181.00999450683594,182.1199951171875,0.5153368623914789
2024-01-22,PLTR,17.459999084472656,18.350000381469727,17.43000030517578,17.600000381469727,0.6727855196269978
2024-01-24,PLTR,17.510000228881836,17.649999618530273,16.735000610351562,16.75,0.6872466836634036
2024-01-25,PLTR,16.920000076293945,17.0,16.309999465942383,16.459999084472656,0.669991405760176
2024-02-09,PLTR,25.040000915527344,25.110000610351562,23.56999969482422,24.3799991607666,0.5302002680040693
2024-02-22,PLTR,23.770000457763672,23.950000762939453,23.049999237060547,23.59000015258789,0.5004934888962398
2024-03-06,PLTR,25.75,26.75,24.530000686645508,26.15999984741211,0.5264887306569654
2024-03-07,PLTR,27.010000228881836,27.5,26.3799991607666,26.459999084472656,0.5219641747535388
2024-03-21,PLTR,25.299999237060547,25.329999923706055,24.440000534057617,24.489999771118164,0.5077434898145508
2024-04-04,PLTR,23.81999969482422,24.100000381469727,22.399999618530273,22.479999542236328,0.5337385600363675
2024-04-11,PLTR,22.649999618530273,22.90999984741211,22.25,22.84000015258789,0.5127800612733321
2024-04-17,PLTR,22.010000228881836,22.110000610351562,21.219999313354492,21.309999465942383,0.5452892457616413
2024-04-24,PLTR,22.049999237060547,22.25,21.299999237060547,21.59000015258789,0.6647158818670951
2024-05-23,PLTR,21.389999389648438,21.520000457763672,20.6299991607666,20.719999313354492,0.6226930890945455
2024-06-18,PLTR,25.149999618530273,26.024999618530273,24.829999923706055,25.81999969482422,0.509500469578238
2024-06-20,PLTR,26.440000534057617,26.56999969482422,25.155000686645508,25.559999465942383,0.5354110086764674
2024-07-05,PLTR,26.0,27.25,25.975000381469727,27.229999542236328,0.5407170816116728
2024-07-18,PLTR,28.420000076293945,29.829999923706055,28.149999618530273,28.639999389648438,0.5122401494666556
2024-07-26,PLTR,27.0,27.34000015258789,26.770000457763672,27.18000030517578,0.5434086863015792
2024-07-29,PLTR,27.559999465942383,27.799999237060547,26.729999542236328,27.079999923706055,0.546276293015167
2024-07-30,PLTR,27.25,27.440000534057617,25.889999389648438,26.3700008392334,0.5521271295895367
2024-08-12,PLTR,30.219999313354492,31.200000762939453,29.270000457763672,29.3799991607666,0.5567919640249149
2024-08-14,PLTR,30.6200008392334,31.3700008392334,30.329999923706055,31.0,0.5000829965304838
2024-09-06,PLTR,30.600000381469727,31.040000915527344,29.5,30.329999923706055,0.5267972025075438
2024-09-09,PLTR,32.70000076293945,34.70000076293945,32.470001220703125,34.599998474121094,0.5247154019909102
2024-09-10,PLTR,34.810001373291016,35.20000076293945,33.709999084472656,34.7599983215332,0.5538077437362873
2024-11-06,PLTR,53.439998626708984,55.689998626708984,51.61000061035156,55.529998779296875,0.605614097993248
2024-11-11,PLTR,60.132999420166016,62.08000183105469,58.689998626708984,60.2400016784668,0.5051119350133716
2024-11-13,PLTR,61.52000045776367,63.38999938964844,59.849998474121094,60.70000076293945,0.5051343140779141
2024-11-15,PLTR,61.0099983215332,66.0,60.90999984741211,65.7699966430664,0.5100574452274359
2024-11-25,PLTR,66.9000015258789,67.87999725341797,64.08000183105469,64.6500015258789,0.5003170482408109
2024-12-02,PLTR,67.44000244140625,67.87999725341797,65.95999908447266,66.38999938964844,0.5580093208292742
2024-12-09,PLTR,80.58000183105469,80.91000366210938,71.05000305175781,72.45999908447266,0.5209027304310015
2024-12-11,PLTR,72.9800033569336,73.0,68.06999969482422,72.51000213623047,0.501284677619045
2024-12-19,PLTR,73.98999786376953,76.58999633789062,73.37000274658203,74.20999908447266,0.5363731687614222
2025-01-02,PLTR,76.19999694824219,76.52999877929688,72.41999816894531,75.19000244140625,0.5267994655743031
2025-01-14,PLTR,67.18000030517578,68.2300033569336,65.19000244140625,65.91000366210938,0.565192395711077
2025-01-16,PLTR,69.08000183105469,71.43000030517578,68.36000061035156,69.23999786376953,0.5095556517179305
2025-02-10,PLTR,112.02999877929688,116.76000213623047,108.72000122070312,116.6500015258789,0.518415908670001
2025-02-18,PLTR,120.94000244140625,125.0,118.43000030517578,124.62000274658203,0.5428496311149505
2025-02-26,PLTR,89.16000366210938,91.69000244140625,87.58999633789062,89.30999755859375,0.5606376764597215
2025-02-27,PLTR,91.91000366210938,93.62000274658203,84.16999816894531,84.7699966430664,0.6864283465482677
2025-03-03,PLTR,88.55000305175781,90.4800033569336,82.52999877929688,83.41999816894531,0.6164005854239193
2025-03-05,PLTR,86.3499984741211,90.30000305175781,82.5,90.12999725341797,0.5127138928510466
2025-03-12,PLTR,83.4800033569336,84.55000305175781,79.86000061035156,83.6500015258789,0.5677931707661984
2025-03-17,PLTR,88.44000244140625,88.81999969482422,84.5,87.3499984741211,0.5208536410126644
2025-03-19,PLTR,84.55000305175781,87.98999786376953,82.86000061035156,86.0999984741211,0.5351559343939438
2025-04-08,PLTR,83.29000091552734,86.11399841308594,75.22000122070312,77.31999969482422,0.9093104288190041
2025-04-15,PLTR,93.52999877929688,98.98999786376953,93.05000305175781,98.4000015258789,0.5380797140285039
2025-04-17,PLTR,94.70999908447266,95.11000061035156,92.2699966430664,93.77999877929688,0.5230083433352642
2025-04-23,PLTR,98.86000061035156,103.76000213623047,97.83000183105469,100.81999969482422,0.5914541939078745
2025-05-01,PLTR,120.04000091552734,120.19000244140625,116.0,116.19999694824219,0.5720611741516203
2025-05-29,PLTR,125.3499984741211,126.47000122070312,121.52999877929688,122.31999969482422,0.5289564124542768
2025-06-06,PLTR,123.7300033569336,128.1300048828125,121.91999816894531,127.72000122070312,0.5534675103536569
2025-07-28,PLTR,159.8800048828125,160.27999877929688,153.0399932861328,157.8800048828125,0.5239141335530754
2025-07-29,PLTR,158.71499633789062,160.13999938964844,154.91000366210938,156.24000549316406,0.7544550242005076
2025-07-30,PLTR,157.36500549316406,159.3800048828125,156.55999755859375,158.61000061035156,0.5072607552495698
2025-07-31,PLTR,159.99000549316406,160.88999938964844,156.72999572753906,158.35000610351562,0.7075029098616876
2025-08-04,PLTR,158.52999877929688,161.39999389648438,157.92999267578125,160.66000366210938,0.5122401494666556
2025-08-05,PLTR,171.80999755859375,176.3300018310547,169.22000122070312,173.27000427246094,0.5125184846510284
2025-08-07,PLTR,181.00999450683594,184.47999572753906,178.1699981689453,182.1999969482422,0.5712486196918686
2025-08-08,PLTR,184.73500061035156,187.99000549316406,184.41000366210938,186.9600067138672,0.5388768234606667
2025-08-21,PLTR,157.1699981689453,157.97000122070312,153.80999755859375,156.17999267578125,0.5087100707132437
2025-09-05,PLTR,157.82000732421875,158.97000122070312,148.0399932861328,153.11000061035156,0.5076902730414513
2025-09-08,PLTR,154.91000366210938,158.3000030517578,154.83999633789062,156.10000610351562,0.5064220847408949
2025-10-06,PLTR,179.17999267578125,182.9499969482422,177.8300018310547,179.52999877929688,0.526991689536677
2025-10-27,PLTR,188.97000122070312,192.8300018310547,187.52000427246094,189.17999267578125,0.5038151184816821
2025-11-03,PLTR,205.0449981689453,207.52000427246094,201.82000732421875,207.17999267578125,0.5582312430913384
2025-11-10,PLTR,184.30999755859375,194.92999267578125,183.52000427246094,193.61000061035156,0.510999542160381
2025-11-20,PLTR,172.07000732421875,174.57000732421875,154.39500427246094,155.7449951171875,0.5461041353137938
2025-11-26,PLTR,166.85000610351562,168.33900451660156,163.8800048828125,165.77000427246094,0.5161997805906946
2025-12-15,PLTR,185.0800018310547,187.77999877929688,180.02999877929688,183.25,0.5134901447749445
2025-12-22,PLTR,195.0399932861328,198.8800048828125,192.42999267578125,193.97999572753906,0.5216803099742615
2026-01-02,PLTR,181.3000030517578,181.35000610351562,166.35000610351562,167.86000061035156,0.5234937084404839
2026-01-05,PLTR,174.8800048828125,175.82000732421875,171.7899932861328,174.0399932861328,0.5257708545386047
2026-01-06,PLTR,175.75999450683594,180.19000244140625,174.77000427246094,179.7100067138672,0.5024893461003328
2024-01-18,POWI,76.2058299996304,76.54542668804513,75.25495186941657,75.87593078613281,0.5207029539485184
2024-01-22,POWI,80.68853485921521,81.24159448187275,79.6697373109577,79.92201232910156,0.6577536107731172
2024-01-25,POWI,78.76737884819323,78.76737884819323,75.96326852619595,76.06029510498047,0.6521854840131911
2024-02-14,POWI,71.0245253446518,73.65399185500334,70.78195523431809,73.01360321044922,0.5085576550659281
2024-02-22,POWI,71.49997204540726,71.79105175231567,70.09306088606547,70.16098022460938,0.5092574471816274
2024-02-29,POWI,69.75752530568462,70.85706233060081,68.65798085703202,69.53372192382812,0.5017755734681248
2024-03-06,POWI,70.60406455633526,71.74253158633435,69.91320426303707,70.95436096191406,0.5303932333647243
2024-03-18,POWI,69.19316795091468,69.19316795091468,67.67522149966572,67.75305938720703,0.5183495052911223
2024-04-04,POWI,68.58014965139444,68.67745257411714,65.94319367606514,66.30322265625,0.5212385835622376
2024-04-08,POWI,67.55844613203408,68.29796166069713,67.42222056408782,67.66548156738281,0.5023443263069913
2024-04-15,POWI,66.78001344367031,67.66548713187488,64.88258043142807,65.36910247802734,0.5233490034743878
2024-04-24,POWI,64.3182157894788,65.48587320482683,63.85115876232967,65.14530181884766,0.632340209949798
2024-05-23,POWI,76.87047664647741,76.87047664647741,73.36751970176502,74.1751480102539,0.6119083572398412
2024-06-03,POWI,75.39623044686674,75.39623044686674,73.3083954353927,74.08889770507812,0.5115242415478646
2024-06-05,POWI,72.20594588740802,73.89377150938543,71.5912979051876,73.81572723388672,0.5018138924034181
2024-06-28,POWI,68.69369580292528,70.23517620931867,68.1278320438661,68.47905731201172,0.5354365956578814
2024-07-03,POWI,69.32784200004616,69.6790672504241,68.4400279929502,68.95710754394531,0.5253672407134639
2024-07-11,POWI,71.73762829606154,72.80106227871451,71.17176461514237,72.44007873535156,0.5019588188770682
2024-07-26,POWI,71.06445624123525,72.58643490668754,70.33273816242473,71.18153381347656,0.6026200632289807
2024-07-29,POWI,72.01081292252805,73.10351460149519,71.15226638839607,71.37666320800781,0.5448794148738871
2024-08-12,POWI,60.48869675707792,61.22041486301031,58.605741866741695,58.93745422363281,0.5744293686530866
2024-08-13,POWI,59.72770459605406,59.90331722003916,58.761835164136016,59.68867874145508,0.519396837434154
2024-08-14,POWI,60.02039219458071,60.02039219458071,57.91304438870876,58.19597625732422,0.5305700199870313
2024-08-15,POWI,60.186246348885305,63.66922763391679,60.098440035452406,63.5716667175293,0.5065784946069313
2024-08-30,POWI,65.52511765249164,66.41562090576517,65.19240707384311,65.66211700439453,0.513093897764927
2024-09-17,POWI,58.34241063167512,59.379697389451465,57.48127071162389,57.77484130859375,0.5051581093546778
2024-09-19,POWI,60.583336408032395,60.73012356562305,59.49712189412845,60.14297866821289,0.5014611170601347
2024-09-23,POWI,58.8610553904817,59.56562407079471,58.303270140963946,59.28184127807617,0.5107560035964708
2024-09-26,POWI,61.70869288406461,63.02976606546738,61.03347645814129,62.02183532714844,0.5003471727524758
2024-11-06,POWI,64.09640594994,68.04004622071214,64.09640594994,65.00647735595703,0.5077873245416749
2025-01-02,POWI,61.24182761358811,62.37084268858472,59.189961200225966,59.64156723022461,0.5373434677797585
2025-01-06,POWI,61.713070021523215,63.980919841740494,61.713070021523215,62.174495697021484,0.5004740665763032
2025-01-14,POWI,59.828099444446615,60.61350579848368,59.29795502409517,60.50551223754883,0.5509219834776092
2025-01-17,POWI,60.86876019275809,61.359637291086784,60.662592710282844,61.084747314453125,0.5069648479013202
2025-02-26,POWI,63.44096208781479,64.25581241964046,62.213765534932755,63.17588424682617,0.5607911581597292
2025-03-03,POWI,60.67650869627809,60.79472782626691,57.346639176959606,57.563377380371094,0.5875725727304572
2025-04-03,POWI,51.18933537643311,51.18933537643311,44.184789337503474,44.23405075073242,0.5746315527220139
2025-04-08,POWI,43.95820113428271,44.332566077880124,40.17515534531221,41.50513458251953,0.9217752463643686
2025-04-14,POWI,45.879279780817015,46.440825317540025,43.93849735080908,45.307884216308594,0.5019118618164143
2025-04-15,POWI,45.7118034779308,45.928537914531745,44.64782007634745,44.88426208496094,0.5571714693963342
2025-04-22,POWI,45.938391302884014,46.44082539942592,44.76603881408925,45.554176330566406,0.5017249488438131
2025-04-23,POWI,47.23881305986251,48.62789998679778,46.2437911340166,46.46052932739258,0.5914834410277391
2025-05-27,POWI,50.18446405802945,50.97260158216757,49.76084145414659,50.42090606689453,0.5053449753542438
2025-05-29,POWI,50.263280976161,50.263280976161,49.15989366723835,49.888916015625,0.5401705103406791
2025-06-06,POWI,54.05374249425391,55.49807659812439,53.77674794659866,54.152671813964844,0.5304504847244059
2025-07-21,POWI,54.17245650884419,54.953981190183036,53.7272877569274,53.737178802490234,0.5265341410565307
2025-07-28,POWI,51.73885450314297,52.856731399978194,51.67950067905292,51.91692352294922,0.5213671338752943
2025-07-29,POWI,52.381878052621786,52.44123187230884,50.16591028928908,50.19559097290039,0.7489956853715344
2025-08-04,POWI,47.41573801391286,48.87985798279612,47.40584319505069,48.84028625488281,0.5536304776795521
2025-08-22,POWI,45.358054597274815,47.484987854428184,44.764493758601574,46.91120910644531,0.5214908569345442
2025-09-11,POWI,44.69996079772855,45.35585158487998,44.123573762206405,45.335975646972656,0.5011827252526816
2025-10-06,POWI,38.747255715318765,39.0652631395407,38.0913649289926,38.79694366455078,0.5375350786353953
2025-10-07,POWI,39.17457249714424,39.31370405303543,37.36590397097877,37.4752197265625,0.5625305267164018
2025-10-13,POWI,35.4777372486363,42.97079510910709,35.428049300256546,42.88135528564453,0.5334574232722399
2025-10-15,POWI,48.17817012165476,50.09615452585418,47.30364781209993,48.52599334716797,0.544436708014187
2025-10-27,POWI,43.169544865329534,44.17325881359084,42.53353005781008,42.772037506103516,0.5038151184816821
2025-11-10,POWI,36.1833136538241,36.1833136538241,34.68271647959293,35.45785903930664,0.520240260540258
2025-11-12,POWI,35.85537156234452,36.501322456643855,35.189540940065136,35.437984466552734,0.5111418341879781
2025-11-20,POWI,32.04921466832521,32.07902667816935,30.667869278319515,30.727495193481445,0.551473363265165
2025-12-15,POWI,36.91999816894531,37.209999084472656,35.7400016784668,36.34000015258789,0.5134901447749445
2026-01-02,POWI,36.36000061035156,37.720001220703125,36.060001373291016,37.29999923706055,0.5070932613342124
2024-01-22,QBTS,0.7229999899864197,0.800000011920929,0.7229999899864197,0.7829999923706055,0.7154297684185763
2024-01-23,QBTS,0.8149999976158142,0.8429999947547913,0.7900000214576721,0.8109999895095825,0.5741713754006708
2024-01-24,QBTS,0.8669999837875366,0.8669999837875366,0.75,0.7549999952316284,0.6904932078495739
2024-01-25,QBTS,0.7699999809265137,0.7749999761581421,0.7099999785423279,0.7179999947547913,0.691520116284136
2024-02-01,QBTS,0.8899999856948853,0.921999990940094,0.8450000286102295,0.9200000166893005,0.5288091143494467
2024-02-14,QBTS,1.5800000429153442,2.0799999237060547,1.5099999904632568,1.850000023841858,0.5180252877606306
2024-02-15,QBTS,2.0199999809265137,2.0799999237060547,1.600000023841858,1.9800000190734863,0.6331202270336119
2024-02-22,QBTS,1.9900000095367432,2.005000114440918,1.850000023841858,1.8899999856948853,0.5324829155211819
2024-02-23,QBTS,1.9199999570846558,1.940000057220459,1.6699999570846558,1.7899999618530273,0.5103513601582357
2024-02-27,QBTS,1.940000057220459,2.109999895095825,1.7100000381469727,1.8799999952316284,0.5048716689153951
2024-02-29,QBTS,2.0199999809265137,2.049999952316284,1.8300000429153442,1.850000023841858,0.56120390373081
2024-03-06,QBTS,1.4900000095367432,1.7000000476837158,1.440000057220459,1.600000023841858,0.6139101786001978
2024-03-07,QBTS,1.6699999570846558,1.899999976158142,1.5800000429153442,1.840000033378601,0.5632427744275319
2024-03-08,QBTS,1.8700000047683716,2.0199999809265137,1.7599999904632568,1.8700000047683716,0.5485002182767397
2024-03-12,QBTS,1.8899999856948853,2.240000009536743,1.8200000524520874,2.2100000381469727,0.5011150186086258
2024-03-14,QBTS,2.2200000286102295,2.2300000190734863,2.009999990463257,2.059999942779541,0.5566237427238286
2024-03-18,QBTS,2.140000104904175,2.4200000762939453,2.0999999046325684,2.3499999046325684,0.5104821044769677
2024-03-20,QBTS,2.200000047683716,2.299999952316284,1.9199999570846558,2.049999952316284,0.5145710160925663
2024-03-21,QBTS,2.130000114440918,2.174999952316284,1.850000023841858,1.899999976158142,0.5334918718873318
2024-03-25,QBTS,2.0399999618530273,2.1600000858306885,1.9700000286102295,2.0799999237060547,0.5325536856893738
2024-03-27,QBTS,2.0,2.119999885559082,1.940000057220459,2.0999999046325684,0.5221742091092262
2024-04-08,QBTS,1.9600000381469727,1.9800000190734863,1.809999942779541,1.850000023841858,0.53145987326024
2024-04-09,QBTS,1.8899999856948853,1.9299999475479126,1.8300000429153442,1.8700000047683716,0.5169756413103943
2024-04-11,QBTS,1.840000033378601,1.840000033378601,1.6399999856948853,1.7100000381469727,0.528476338723607
2024-04-18,QBTS,1.7000000476837158,1.7799999713897705,1.6519999504089355,1.6699999570846558,0.5553827292924085
2024-04-24,QBTS,1.590000033378601,1.6399999856948853,1.4600000381469727,1.5199999809265137,0.6983624344178422
2024-04-29,QBTS,1.4600000381469727,1.5199999809265137,1.3799999952316284,1.440000057220459,0.5404598870310647
2024-05-03,QBTS,1.4700000286102295,1.5199999809265137,1.3700000047683716,1.399999976158142,0.5209770999030222
2024-05-06,QBTS,1.440000057220459,1.5299999713897705,1.3700000047683716,1.409999966621399,0.5424101834003092
2024-05-07,QBTS,1.4500000476837158,1.4500000476837158,1.350000023841858,1.3799999952316284,0.5439062428264667
2024-05-08,QBTS,1.3899999856948853,1.4049999713897705,1.2999999523162842,1.3600000143051147,0.5192417103816757
2024-05-10,QBTS,1.4049999713897705,1.4199999570846558,1.2599999904632568,1.2999999523162842,0.5255323851905374
2024-05-14,QBTS,1.409999966621399,1.5010000467300415,1.3300000429153442,1.399999976158142,0.5066697656105021
2024-05-15,QBTS,1.4299999475479126,1.4299999475479126,1.3049999475479126,1.3300000429153442,0.5131723062913737
2024-05-23,QBTS,1.2699999809265137,1.2699999809265137,1.149999976158142,1.1699999570846558,0.642671513529913
2024-05-28,QBTS,1.2699999809265137,1.4199999570846558,1.25,1.399999976158142,0.5086069012803143
2024-05-30,QBTS,1.4800000190734863,1.4900000095367432,1.3300000429153442,1.3700000047683716,0.5110356688931977
2024-06-03,QBTS,1.3700000047683716,1.409999966621399,1.2899999618530273,1.3200000524520874,0.5112853907320063
2024-06-17,QBTS,1.1799999475479126,1.2200000286102295,1.149999976158142,1.190000057220459,0.6180360288743015
2024-06-18,QBTS,1.2200000286102295,1.2400000095367432,1.159999966621399,1.159999966621399,0.544264022329972
2024-06-20,QBTS,1.190000057220459,1.2400000095367432,1.1299999952316284,1.1399999856948853,0.5674577807800766
2024-06-25,QBTS,1.159999966621399,1.1699999570846558,1.0700000524520874,1.090000033378601,0.5058586614708048
2024-07-05,QBTS,1.1100000143051147,1.1200000047683716,1.0700000524520874,1.100000023841858,0.5604596335852282
2024-07-10,QBTS,1.1399999856948853,1.2200000286102295,1.100000023841858,1.2200000286102295,0.5138586194619863
2024-07-11,QBTS,1.2599999904632568,1.340000033378601,1.1399999856948853,1.1799999475479126,0.582008583391562
2024-07-12,QBTS,1.2100000381469727,1.2450000047683716,1.149999976158142,1.2100000381469727,0.5128786786560758
2024-07-18,QBTS,1.190000057220459,1.190000057220459,1.059999942779541,1.0700000524520874,0.5684290946426852
2024-07-25,QBTS,0.9950000047683716,1.0499999523162842,0.9800000190734863,1.0299999713897705,0.5762291298801917
2024-07-29,QBTS,1.0199999809265137,1.059999942779541,0.9819999933242798,0.9900000095367432,0.5942264252278958
2024-07-30,QBTS,1.0199999809265137,1.0199999809265137,0.9549999833106995,0.9549999833106995,0.5910674891910497
2024-08-07,QBTS,0.8999999761581421,0.9100000262260437,0.8080000281333923,0.8100000023841858,0.5463073517084315
2024-08-09,QBTS,0.8299999833106995,0.8519999980926514,0.781000018119812,0.8420000076293945,0.597554631275515
2024-08-13,QBTS,0.8999999761581421,0.9800000190734863,0.8849999904632568,0.9480000138282776,0.5032946210730801
2024-08-14,QBTS,0.9900000095367432,0.9980000257492065,0.8899999856948853,0.8989999890327454,0.5207155883260053
2024-08-15,QBTS,0.9290000200271606,0.9480000138282776,0.902999997138977,0.9390000104904175,0.5081816474877932
2024-08-30,QBTS,1.0199999809265137,1.0299999713897705,0.9599999785423279,1.0099999904632568,0.5074109216718671
2024-09-04,QBTS,0.949999988079071,0.968999981880188,0.9100000262260437,0.9290000200271606,0.5162292375284683
2024-09-10,QBTS,0.8510000109672546,0.9399999976158142,0.8500000238418579,0.9359999895095825,0.6073057821682205
2024-09-19,QBTS,0.9950000047683716,1.0099999904632568,0.9599999785423279,0.9599999785423279,0.5014611170601347
2024-09-23,QBTS,0.9399999976158142,0.9480000138282776,0.8999999761581421,0.8999999761581421,0.5100758364420187
2024-10-04,QBTS,0.9300000071525574,1.0099999904632568,0.9279999732971191,1.0,0.5050578368333632
2024-10-17,QBTS,1.0700000524520874,1.0800000429153442,1.0099999904632568,1.0399999618530273,0.5734408423211648
2024-10-24,QBTS,1.25,1.350000023841858,1.100000023841858,1.1399999856948853,0.5066933145227336
2024-10-25,QBTS,1.159999966621399,1.190000057220459,1.0399999618530273,1.0399999618530273,0.517833061583227
2024-10-28,QBTS,1.0700000524520874,1.2000000476837158,1.0399999618530273,1.2000000476837158,0.5196299777528458
2024-10-29,QBTS,1.2400000095367432,1.25,1.1200000047683716,1.1399999856948853,0.5355732816560164
2024-11-04,QBTS,1.0499999523162842,1.0499999523162842,0.9750000238418579,0.9990000128746033,0.5065144094186195
2024-11-06,QBTS,1.149999976158142,1.159999966621399,1.090000033378601,1.1299999952316284,0.5125780568768233
2024-11-18,QBTS,1.659999966621399,1.6699999570846558,1.4149999618530273,1.440000057220459,0.5158383999772396
2024-11-19,QBTS,1.4500000476837158,1.6299999952316284,1.434999942779541,1.4900000095367432,0.5325457055652104
2024-11-21,QBTS,1.809999942779541,2.0399999618530273,1.7100000381469727,1.9700000286102295,0.5202328474527782
2024-11-25,QBTS,3.4200000762939453,3.7699999809265137,2.700000047683716,2.890000104904175,0.7231972715110963
2024-11-27,QBTS,2.890000104904175,2.930000066757202,2.5999999046325684,2.740000009536743,0.525690302149698
2024-12-02,QBTS,3.240000009536743,3.2899999618530273,2.7100000381469727,2.759999990463257,0.5861901486552615
2024-12-09,QBTS,5.260000228881836,5.329999923706055,4.429999828338623,4.650000095367432,0.576538535179059
2024-12-11,QBTS,4.949999809265137,4.980000019073486,3.75,4.119999885559082,0.6504343154777278
2024-12-19,QBTS,9.289999961853027,9.380000114440918,5.909999847412109,6.369999885559082,0.7365836638553827
2024-12-23,QBTS,8.020000457763672,8.510000228881836,7.070000171661377,8.149999618530273,0.593267291708179
2024-12-27,QBTS,10.140000343322754,11.40999984741211,9.109999656677246,9.90999984741211,0.5333901024017391
2025-01-02,QBTS,8.5,9.680000305175781,7.800000190734863,9.609999656677246,0.5867851559645733
2025-01-07,QBTS,10.4399995803833,10.579999923706055,9.050000190734863,9.550000190734863,0.5522535128677811
2025-01-10,QBTS,6.340000152587891,6.760000228881836,5.71999979019165,5.769999980926514,0.6591990436775603
2025-01-14,QBTS,4.139999866485596,4.860000133514404,4.019999980926514,4.730000019073486,0.6342830448161646
2025-01-15,QBTS,5.960000038146973,6.349999904632568,5.300000190734863,5.789999961853027,0.606753822655154
2025-01-16,QBTS,5.985000133514404,6.440000057220459,5.605000019073486,5.809999942779541,0.6408944507024602
2025-01-21,QBTS,5.400000095367432,6.329999923706055,5.380000114440918,6.289999961853027,0.5538983340162471
2025-01-22,QBTS,6.994999885559082,7.110000133514404,6.110000133514404,6.25,0.6280528042074891
2025-01-24,QBTS,6.210000038146973,7.105000019073486,6.079999923706055,6.090000152587891,0.5750993901185876
2025-01-28,QBTS,5.880000114440918,5.929999828338623,5.414999961853027,5.739999771118164,0.5989413756275428
2025-01-30,QBTS,5.670000076293945,6.034999847412109,5.539999961853027,5.639999866485596,0.5647678467525608
2025-01-31,QBTS,5.690000057220459,6.389999866485596,5.659999847412109,5.940000057220459,0.5828133094942944
2025-02-04,QBTS,5.940000057220459,6.260000228881836,5.619999885559082,5.78000020980835,0.5582827972852197
2025-02-05,QBTS,5.849999904632568,6.46999979019165,5.650000095367432,6.260000228881836,0.5111854515797263
2025-02-06,QBTS,6.449999809265137,6.659999847412109,5.920000076293945,5.989999771118164,0.5273228218136398
2025-02-07,QBTS,6.050000190734863,6.340000152587891,5.710000038146973,5.809999942779541,0.5220485603423348
2025-02-12,QBTS,5.380000114440918,6.110000133514404,5.309999942779541,6.039999961853027,0.54099453387115
2025-02-13,QBTS,6.210000038146973,6.639999866485596,6.050000190734863,6.5,0.5326545190000409
2025-02-14,QBTS,6.559999942779541,6.800000190734863,6.324999809265137,6.369999885559082,0.5220485603423348
2025-02-21,QBTS,7.710000038146973,8.218000411987305,7.130000114440918,7.25,0.5442642013277236
2025-02-26,QBTS,6.150000095367432,6.590000152587891,6.050000190734863,6.139999866485596,0.6018757621987021
2025-02-27,QBTS,6.224999904632568,6.320000171661377,5.53000020980835,5.559999942779541,0.7138044472648066
2025-03-03,QBTS,5.579999923706055,5.769999980926514,4.800000190734863,4.900000095367432,0.6573775607127486
2025-03-12,QBTS,5.635000228881836,6.389999866485596,5.335000038146973,5.820000171661377,0.5637542988088493
2025-03-17,QBTS,10.90999984741211,11.949999809265137,10.229999542236328,11.180000305175781,0.6026096275400884
2025-03-19,QBTS,10.9399995803833,11.15999984741211,9.8100004196167,10.600000381469727,0.5710302776861308
2025-04-01,QBTS,7.914999961853027,8.09000015258789,7.199999809265137,7.420000076293945,0.7093594225478375
2025-04-08,QBTS,7.139999866485596,7.139999866485596,5.985000133514404,6.21999979019165,0.9127400606956501
2025-04-11,QBTS,7.28000020980835,7.59499979019165,7.019999980926514,7.25,0.5900877102616693
2025-04-14,QBTS,7.570000171661377,7.769999980926514,6.940000057220459,7.019999980926514,0.5235787087133166
2025-04-17,QBTS,6.510000228881836,6.644999980926514,6.300000190734863,6.420000076293945,0.596231748732269
2025-04-22,QBTS,6.369999885559082,6.369999885559082,6.170000076293945,6.25,0.5962737853500303
2025-04-23,QBTS,6.744999885559082,7.400000095367432,6.679999828338623,7.130000114440918,0.61058424628323
2025-04-24,QBTS,7.199999809265137,7.639999866485596,7.159999847412109,7.349999904632568,0.5151845778349851
2025-05-01,QBTS,7.010000228881836,7.138000011444092,6.840000152587891,6.980000019073486,0.5365277851544966
2025-05-08,QBTS,8.670000076293945,10.890000343322754,7.710000038146973,10.420000076293945,0.5015622532569997
2025-05-21,QBTS,17.299999237060547,17.799999237060547,15.100000381469727,15.359999656677246,0.5072375914418801
2025-05-27,QBTS,19.280000686645508,19.43000030517578,16.920000076293945,17.549999237060547,0.6834464600257565
2025-06-06,QBTS,16.610000610351562,18.790000915527344,16.260000228881836,18.6200008392334,0.5438789764530267
2025-06-16,QBTS,15.5,16.790000915527344,15.460000038146973,16.0,0.5211136662081876
2025-06-18,QBTS,15.739999771118164,16.25,15.1899995803833,15.710000038146973,0.5037871739923281
2025-06-24,QBTS,15.279999732971191,15.359999656677246,14.699999809265137,14.970000267028809,0.5193711401408645
2025-07-28,QBTS,19.299999237060547,19.440000534057617,17.809999465942383,18.350000381469727,0.5239141335530754
2025-07-29,QBTS,18.81999969482422,19.239999771118164,17.639999389648438,17.670000076293945,0.7570206051839988
2025-07-30,QBTS,17.920000076293945,18.46500015258789,16.770000457763672,17.059999465942383,0.5072607552495698
2025-07-31,QBTS,17.610000610351562,18.58799934387207,17.190000534057617,17.190000534057617,0.69281938170249
2025-08-04,QBTS,16.760000228881836,17.420000076293945,16.350000381469727,17.18000030517578,0.522814705220054
2025-09-05,QBTS,15.460000038146973,15.960000038146973,14.899999618530273,15.369999885559082,0.5076902730414513
2025-09-18,QBTS,22.8700008392334,24.850000381469727,22.34000015258789,24.020000457763672,0.5141747343282231
2025-09-23,QBTS,25.8799991607666,27.989999771118164,25.600000381469727,27.520000457763672,0.5012856365302107
2025-09-24,QBTS,28.440000534057617,29.18000030517578,26.360000610351562,27.719999313354492,0.5637519958057273
2025-10-07,QBTS,36.959999084472656,37.900001525878906,33.849998474121094,35.720001220703125,0.5836786633999717
2025-10-09,QBTS,34.70000076293945,36.63999938964844,33.599998474121094,35.06999969482422,0.5089443185224924
2025-10-10,QBTS,35.68000030517578,35.84000015258789,32.4900016784668,33.02000045776367,0.5649189035654004
2025-10-15,QBTS,46.400001525878906,46.75,41.220001220703125,44.779998779296875,0.6160030703499101
2025-10-20,QBTS,39.52000045776367,39.68000030517578,33.52000045776367,34.400001525878906,0.504564437191831
2025-10-23,QBTS,32.599998474121094,33.43000030517578,29.65999984741211,31.059999465942383,0.561168406118241
2025-10-24,QBTS,33.19499969482422,35.189998626708984,32.29999923706055,32.650001525878906,0.6101624170308513
2025-10-27,QBTS,33.9900016784668,37.279998779296875,33.22999954223633,35.040000915527344,0.5341824934097436
2025-11-03,QBTS,37.41999816894531,37.619998931884766,31.959999084472656,33.09000015258789,0.5665975630922196
2025-11-05,QBTS,30.559999465942383,31.6299991607666,29.31999969482422,31.020000457763672,0.563279261733079
2025-11-10,QBTS,30.110000610351562,31.600000381469727,28.5,29.3700008392334,0.5262794662813955
2025-11-19,QBTS,23.15999984741211,24.440000534057617,22.8799991607666,23.440000534057617,0.6186763167009988
2025-11-20,QBTS,23.969999313354492,24.690000534057617,20.354999542236328,20.510000228881836,0.6052582416266987
2025-11-28,QBTS,22.75,22.954999923706055,22.219999313354492,22.670000076293945,0.5281051975521868
2025-12-02,QBTS,21.565000534057617,22.905000686645508,21.420000076293945,22.5,0.5211163879179062
2025-12-03,QBTS,22.860000610351562,25.28499984741211,22.34000015258789,25.079999923706055,0.502219847288917
2025-12-15,QBTS,26.399999618530273,26.6299991607666,23.56999969482422,23.739999771118164,0.5301748894773979
2025-12-17,QBTS,26.0,27.290000915527344,23.770000457763672,23.799999237060547,0.5116535280213851
2025-12-19,QBTS,25.420000076293945,27.059999465942383,25.2450008392334,26.81999969482422,0.5017430487111791
2025-12-22,QBTS,27.65999984741211,32.38999938964844,27.6200008392334,32.189998626708984,0.5181353478150542
2025-12-24,QBTS,29.649999618530273,29.67799949645996,26.940000534057617,27.520000457763672,0.5236492326899943
2026-01-02,QBTS,26.94499969482422,28.350000381469727,25.43000030517578,28.1299991607666,0.5309939333070666
2026-01-05,QBTS,28.655000686645508,31.329999923706055,27.719999313354492,30.639999389648438,0.5246449284180643
2024-01-22,QCOM,146.5162495578175,148.26198210978012,145.67215780644432,146.63134765625,0.6524504418717912
2024-01-24,QCOM,148.4729873668593,149.94056127215646,147.61930900348136,148.07012939453125,0.7238671488424655
2024-01-25,QCOM,151.16831483053315,151.53279699355403,147.3986913931495,148.16604614257812,0.707965756405434
2024-03-06,QCOM,158.89670632016492,163.16749393043014,158.424310643168,161.8563690185547,0.5127471436621202
2024-03-07,QCOM,163.50489906482878,171.20774399281237,163.34099560173334,169.4049530029297,0.5179310085637733
2024-04-04,QCOM,168.710839016804,169.62669491509737,163.32173631813893,163.65914916992188,0.5198323770091151
2024-04-15,QCOM,168.00710020526802,168.1131476208467,162.52158470113702,163.73629760742188,0.5120487111282332
2024-04-24,QCOM,157.98083140210494,159.96679672028424,156.1780402131512,157.7494659423828,0.6588450603277067
2024-05-23,QCOM,198.48108537993977,200.47668603143677,192.25323850933236,194.50914001464844,0.6698705944181941
2024-05-28,QCOM,209.42316862428007,209.61597806791048,203.70628844886215,205.4223175048828,0.5184780196806259
2024-06-03,QCOM,202.85675761581388,204.23133400314225,195.93547208560128,199.32351684570312,0.5115242415478646
2024-06-17,QCOM,210.14592067264195,215.54743452368507,206.57395064447596,215.11183166503906,0.5076901784185875
2024-06-18,QCOM,219.56468171132383,223.25280830624894,218.7709040844424,219.82603454589844,0.5079813555834714
2024-06-25,QCOM,196.64211382888243,196.65178863914528,192.79910194403504,195.70314025878906,0.5168510953583991
2024-07-03,QCOM,196.19682077690481,198.30709629243293,194.02848162929735,197.29067993164062,0.5238332144386768
2024-07-05,QCOM,199.26543206197152,200.1366376355381,197.4552381611661,199.1686248779297,0.5264306982488851
2024-07-11,QCOM,203.3020554972535,203.40853749770812,193.37992414569206,193.45736694335938,0.5083704653489676
2024-07-18,QCOM,187.58152117458886,187.69767798518515,180.9699919085904,185.3357391357422,0.5450798052629499
2024-07-26,QCOM,173.2839536784825,175.50071110431674,171.89002775307438,174.2906951904297,0.582840753194529
2024-07-29,QCOM,175.6943135556455,176.7978474962413,172.16107293787624,172.92579650878906,0.517558319882442
2024-08-07,QCOM,158.34754194458074,159.06387676275148,150.52599643453343,151.12615966796875,0.5146919462615563
2024-08-30,QCOM,166.77894430291613,169.8475583461332,165.3366144637245,169.6926727294922,0.5320674546394663
2024-09-09,QCOM,156.74304360171527,157.9885020971804,154.29105554022627,156.4316864013672,0.5642277650446507
2024-09-26,QCOM,170.19010838284214,171.00743766529396,162.27948930337647,168.00082397460938,0.5007433843114527
2024-11-18,QCOM,158.2122967310765,160.68374910743591,157.62848160114694,160.06101989746094,0.511385815959531
2024-11-25,QCOM,154.6510588463011,155.34189141590633,152.97747129179777,154.5343017578125,0.5090810657475018
2024-12-19,QCOM,150.65755201648741,152.0660259789581,146.77447293998486,147.10702514648438,0.5421665030417246
2024-12-23,QCOM,152.25187711796872,155.21553503239673,151.16617961988203,154.775390625,0.5188714135777461
2025-01-02,QCOM,151.61609196832984,154.06135513427435,149.44469708299496,150.27609252929688,0.5379059636340888
2025-01-03,QCOM,152.0171067831063,154.9709886347396,151.10747612059612,154.3743438720703,0.5280893869817141
2025-01-07,QCOM,158.45306967150353,159.8713194706596,155.76327990856134,157.00547790527344,0.5063709677346964
2025-01-14,QCOM,156.6337847324221,157.48473158157398,153.13216590961508,156.03713989257812,0.5202566382391904
2025-01-16,QCOM,161.72970877841297,162.2089707982772,157.7488132539228,157.89552307128906,0.5025227969812609
2025-03-03,QCOM,155.50896634885146,156.5750975393224,149.1806238911829,150.25653076171875,0.6182683515187827
2025-03-12,QCOM,151.6469291382608,153.26949898849753,149.39498212821925,150.26036071777344,0.51558166975904
2025-04-08,QCOM,128.95053131860624,133.0413777680271,119.71659286742465,122.58806610107422,0.900254746051093
2025-04-14,QCOM,140.37739967721834,140.73141683703176,134.5557958309806,136.87657165527344,0.5312052702999978
2025-04-17,QCOM,135.09666043382038,135.85385173255804,133.4544187135092,134.3886260986328,0.5046419038303144
2025-04-23,QCOM,140.21021699777037,141.48861303959893,137.45675206271892,138.12545776367188,0.5451813919917536
2025-05-08,QCOM,143.2193574412165,145.0484434984206,141.49844370479454,142.68833923339844,0.5006011345870853
2025-05-29,QCOM,147.3692219328876,147.9985840822662,144.7927729784278,145.87448120117188,0.5300293405486912
2025-06-06,QCOM,148.19511127067886,148.97664091391317,147.45314644298384,147.64111328125,0.5239125169790452
2025-07-28,QCOM,158.0483969937154,160.2248392486193,157.45483418399783,159.3245849609375,0.5244483205222235
2025-07-29,QCOM,160.30397172387103,161.847271285264,159.41361994584466,160.3435516357422,0.6996535623081946
2025-08-05,QCOM,146.92882007669022,147.0574170436344,144.1093478038998,145.13821411132812,0.5115314885497857
2025-08-07,QCOM,146.7309544683255,146.7309544683255,143.25854981844248,144.3368682861328,0.505927272334105
2025-10-06,QCOM,169.67302439889434,170.0113074891402,166.8673682398751,167.76278686523438,0.5220643902088553
2025-10-07,QCOM,169.03628180900412,171.10570963895228,164.30048544778083,164.61886596679688,0.5392810843401705
2025-10-13,QCOM,155.1572011863041,161.56446488617567,154.98806722916072,160.9575653076172,0.5074780362979969
2025-11-03,QCOM,182.01994400971313,182.5174021869363,178.17956627430152,179.80128479003906,0.5526157351505232
2025-11-20,QCOM,166.28036382533708,168.02146732676027,158.04245818738647,158.7786865234375,0.5422099127646027
2025-11-21,QCOM,159.93279379545692,164.42981968200175,158.29118798761743,162.46983337402344,0.541028744768797
2025-11-24,QCOM,163.53439153699404,166.09133378008465,162.88770199801493,164.22088623046875,0.5160224028192502
2025-12-15,QCOM,179.72000122070312,180.30999755859375,176.38999938964844,179.25999450683594,0.5133452260298045
2025-12-22,QCOM,177.55999755859375,178.32000732421875,173.89999389648438,174.22000122070312,0.5147072312718018
2026-01-02,QCOM,173.8000030517578,174.67999267578125,172.1999969482422,172.97999572753906,0.507773573388301
2024-01-24,REMX,48.38942673705109,48.8587599816145,47.50822388309163,47.7476806640625,0.8388803173702227
2024-01-25,REMX,48.14038589706923,48.59056577952753,47.172982184817826,47.57526779174805,0.7493078042117911
2024-02-06,REMX,43.322517301329796,44.347391958871036,43.322517301329796,44.20372009277344,0.517188426886797
2024-02-07,REMX,45.16155169498642,45.49678973678183,44.69221478265223,44.950828552246094,0.7526683570982656
2024-02-21,REMX,46.694070252127055,47.36454994035756,46.35883223492198,46.66533660888672,0.5461873413165228
2024-02-23,REMX,46.569555333321425,46.61744596038987,45.391428369098676,46.30136489868164,0.5182312031206205
2024-04-04,REMX,51.780131561074015,52.16326018820992,49.96983537006757,50.32423400878906,0.5752812257498269
2024-04-11,REMX,51.97169740572057,52.40272033619035,51.14796915993666,52.25904846191406,0.5665701873823829
2024-04-15,REMX,50.86061883102109,50.86061883102109,49.213158662075074,49.44303512573242,0.5402285749494042
2024-04-17,REMX,48.944965154447885,49.67291582344731,48.791712958945986,48.83960723876953,0.7086987286159357
2024-04-29,REMX,49.280204799290765,50.42001772767726,48.743820310380436,50.352970123291016,0.5315676092906797
2024-05-15,REMX,53.93524540397381,53.93524540397381,52.067481825176216,52.32609558105469,0.5511497310081229
2024-05-24,REMX,50.630742863748395,51.07134246826172,50.47749066853417,51.07134246826172,0.5100016316619526
2024-06-12,REMX,47.038891062032164,47.527381291929714,45.937388398120845,46.07148361206055,0.7006869244127
2024-07-05,REMX,42.75740313696295,42.75740313696295,41.857046936695895,42.163551330566406,0.5250667179964991
2024-07-26,REMX,40.2000050066316,40.305366573423356,39.70193447059266,40.21916198730469,0.5833337264145755
2024-08-07,REMX,37.45104017081251,37.49893445145511,36.25375623115967,36.36869812011719,0.8352641488479999
2024-08-26,REMX,39.050612664925616,39.318803093039584,38.68663733118484,38.83988952636719,0.5434603696684043
2024-08-30,REMX,38.945249001684545,39.06976754539416,38.150254423739376,38.20772171020508,0.5257332713298081
2024-09-19,REMX,38.40886575633237,38.70579347663384,38.21730325685577,38.35139846801758,0.6470267404780262
2024-11-13,REMX,46.18642215868335,46.89521213934202,45.83202351453373,46.004432678222656,0.6529627954063238
2024-12-19,REMX,39.098501780601566,39.39542949584465,38.638745212813184,38.677059173583984,0.609193019765743
2025-01-06,REMX,39.91152721418516,40.85431831066541,39.91152721418516,40.471309661865234,0.5369380463145248
2025-01-07,REMX,41.10965895071267,41.34535484618825,40.530234567050364,40.707008361816406,0.5061513296922259
2025-01-14,REMX,41.09001627457676,41.09001627457676,40.58915969581525,40.88378143310547,0.5657271212563482
2025-01-17,REMX,42.14083891524723,42.425641569872475,41.92478121224615,42.07209396362305,0.5640147380377512
2025-02-06,REMX,40.785571834469536,41.119477470267846,40.59897894099821,40.84449768066406,0.5562087361709845
2025-02-27,REMX,40.04901693049518,40.107942778624555,39.607086181640625,39.607086181640625,0.8911852430233196
2025-03-03,REMX,39.65618966811591,40.00973726858914,38.43841501607683,38.56608581542969,0.6967547702058411
2025-03-18,REMX,43.56484546381692,43.702335357666016,43.09344993648348,43.702335357666016,0.5108756400989767
2025-03-24,REMX,42.062272635802984,42.23904268325382,41.689083099365234,41.689083099365234,0.5029597679832601
2025-04-08,REMX,35.29577461679408,35.29577461679408,31.779948018514318,32.06475067138672,0.9304440970504474
2025-04-14,REMX,36.218926251393086,37.1518982301119,36.218926251393086,36.94565963745117,0.5991855280767449
2025-04-15,REMX,37.5447252472995,37.5447252472995,36.091254756984625,36.18946075439453,0.5139273902270594
2025-04-16,REMX,36.4251598859186,36.87691346182479,36.09125425452738,36.31713104248047,0.5434572330892539
2025-04-17,REMX,36.739422845360096,36.91619663181079,36.25820448306243,36.49390411376953,0.7103118058134489
2025-04-21,REMX,37.15189810267241,37.15189810267241,35.619859792989864,36.06179428100586,0.7265370780049438
2025-04-23,REMX,36.95548409487856,37.711682310723035,36.54301063790934,36.562652587890625,0.6847310382832238
2025-04-29,REMX,37.56436883724665,37.79024563821301,37.338492036280286,37.65275573730469,0.501010115399931
2025-05-02,REMX,37.4661634168449,37.633114371589926,37.06351280951522,37.51526641845703,0.5229835067901697
2025-05-06,REMX,37.554549372992284,37.77060332391116,37.407236625545,37.74114227294922,0.5501307770836348
2025-05-12,REMX,39.38120442859114,39.58744301755629,38.85088679697427,38.95891189575195,0.8885929183979501
2025-05-29,REMX,36.17964179412287,36.33677363838205,35.98322605221924,36.169822692871094,0.7353800103696799
2025-06-25,REMX,39.282997273498424,39.282997273498424,38.74285681025153,39.253536224365234,0.5351371835213816
2025-07-08,REMX,40.56951774685491,42.37653581422524,40.42220500505156,41.80693054199219,0.5295935940813448
2025-07-16,REMX,46.953004220581754,46.953004220581754,46.196806067376414,46.63874053955078,0.5000582106880787
2025-07-25,REMX,54.28910208612426,54.28910208612426,53.523084823255594,53.93555450439453,0.5780759749801937
2025-08-05,REMX,50.40008817405993,50.69470992171998,49.75191883068032,50.66524887084961,0.5152389628760786
2025-09-29,REMX,65.49458397355284,65.61242817795151,64.04110968065577,64.36519622802734,0.5480516022632429
2025-10-15,REMX,80.24534634363458,80.24534634363458,74.99124665811219,76.49382019042969,0.6742186360251897
2025-10-20,REMX,71.62273201441457,71.67183876281669,69.76661081290965,71.200439453125,0.585505727368944
2025-10-30,REMX,69.60947143307438,70.5522625086363,68.76488635634729,70.27728271484375,0.6882823327258033
2025-11-06,REMX,63.48132768583039,63.73666928491625,61.87072527800446,62.42068862915039,0.6190472992187934
2025-11-10,REMX,66.72217827361752,67.91048813119701,66.33916962087031,67.90066528320312,0.5788656797663059
2025-11-13,REMX,69.39342229683211,70.15943958918312,67.78281242216487,68.1952896118164,0.7416696844289759
2025-11-17,REMX,71.05312080570206,72.99763249447868,70.57190618036374,70.7879638671875,0.5342744085066745
2025-11-20,REMX,73.67525818128911,74.03862860387012,69.1184310913086,69.1184310913086,0.8383275805002709
2025-12-05,REMX,71.19061424292357,72.4869529357679,70.78796739140918,70.8567123413086,0.5075707040644389
2025-12-08,REMX,72.1039391948833,72.55569276126445,71.0924032209606,72.09412384033203,0.5120303930471948
2025-12-17,REMX,71.16115525068112,72.47713967736242,70.159442024218,70.36567687988281,0.5369816705408479
2024-01-22,SHOP,80.91000366210938,82.83000183105469,79.69000244140625,80.26000213623047,0.669991405760176
2024-01-24,SHOP,82.27999877929688,83.36000061035156,80.66999816894531,80.7300033569336,0.6872466836634036
2024-01-25,SHOP,81.2699966430664,81.69999694824219,79.13999938964844,80.48999786376953,0.669991405760176
2024-02-02,SHOP,81.0,83.02999877929688,79.33000183105469,82.93000030517578,0.5094825113849145
2024-02-22,SHOP,78.27999877929688,78.83000183105469,74.87000274658203,75.02999877929688,0.5110796383342189
2024-02-29,SHOP,76.2699966430664,77.13999938964844,75.02999877929688,76.37000274658203,0.5105979500102032
2024-03-06,SHOP,74.18000030517578,74.8499984741211,72.91500091552734,74.01000213623047,0.5312457274069604
2024-04-17,SHOP,69.5,71.0,68.97000122070312,69.41000366210938,0.5693475841095929
2024-04-19,SHOP,71.0,71.62999725341797,68.79000091552734,69.66999816894531,0.5485758038266232
2024-04-24,SHOP,74.4000015258789,74.71600341796875,71.6500015258789,72.26000213623047,0.6632027560839688
2024-05-09,SHOP,63.56999969482422,63.79999923706055,61.61000061035156,62.45000076293945,0.5691962585724682
2024-05-15,SHOP,59.16999816894531,59.66999816894531,58.349998474121094,58.77000045776367,0.5034297550218989
2024-06-11,SHOP,63.869998931884766,64.69000244140625,63.22999954223633,63.81999969482422,0.5091961679316793
2024-07-18,SHOP,65.9000015258789,66.08999633789062,62.720001220703125,63.11000061035156,0.53385199971972
2024-07-26,SHOP,61.41999816894531,61.52000045776367,59.810001373291016,59.939998626708984,0.5991992079082489
2024-08-01,SHOP,61.599998474121094,62.0,57.25,58.16999816894531,0.5299382740842017
2024-08-14,SHOP,70.33999633789062,71.76000213623047,69.94000244140625,71.58999633789062,0.5000829965304838
2024-09-09,SHOP,68.4800033569336,69.48999786376953,67.13999938964844,68.12999725341797,0.5188882264040467
2024-09-19,SHOP,77.4000015258789,79.30999755859375,76.63999938964844,78.68000030517578,0.5124904085758089
2024-10-17,SHOP,82.88999938964844,83.18000030517578,81.13999938964844,81.62999725341797,0.5003267120397715
2024-12-19,SHOP,111.30000305175781,111.44000244140625,105.70999908447266,107.06999969482422,0.5409289465293351
2025-01-02,SHOP,107.5,108.31999969482422,104.91000366210938,107.52999877929688,0.5366667325693361
2025-01-03,SHOP,108.87000274658203,109.69000244140625,107.54000091552734,109.25,0.5366667325693361
2025-01-14,SHOP,103.11000061035156,103.36000061035156,100.75,101.61000061035156,0.5660070149992263
2025-02-04,SHOP,116.30000305175781,120.4800033569336,116.12999725341797,119.19999694824219,0.5031418116854841
2025-02-10,SHOP,121.45999908447266,123.41000366210938,119.13999938964844,119.9000015258789,0.5009975095167863
2025-02-26,SHOP,111.87999725341797,114.80000305175781,110.83999633789062,113.2300033569336,0.5584329025982518
2025-02-27,SHOP,114.8499984741211,115.58999633789062,110.1500015258789,110.83000183105469,0.6654711834185498
2025-03-03,SHOP,112.88999938964844,115.20899963378906,104.80999755859375,106.58000183105469,0.5971416907561057
2025-03-12,SHOP,96.66999816894531,99.13500213623047,95.29000091552734,96.52999877929688,0.5548978788300132
2025-03-19,SHOP,99.625,103.16999816894531,97.6500015258789,101.54000091552734,0.5010856866015978
2025-04-08,SHOP,83.93000030517578,86.36000061035156,75.2300033569336,77.08999633789062,0.9220325613395656
2025-04-14,SHOP,87.05999755859375,88.2699966430664,81.91500091552734,82.7699966430664,0.5842916699702545
2025-04-23,SHOP,91.52999877929688,95.44999694824219,89.91999816894531,90.95999908447266,0.5907963331997401
2025-05-01,SHOP,98.21499633789062,98.88999938964844,95.55000305175781,97.01000213623047,0.5262789442701218
2025-05-09,SHOP,94.47000122070312,94.91000366210938,88.9000015258789,91.7699966430664,0.5010689556922832
2025-05-27,SHOP,104.3550033569336,107.4800033569336,103.9000015258789,106.73999786376953,0.54483012727372
2025-05-29,SHOP,109.69499969482422,110.68000030517578,107.1500015258789,107.69999694824219,0.5289564124542768
2025-06-06,SHOP,106.99099731445312,112.08000183105469,106.66000366210938,111.41000366210938,0.5297724901794709
2025-07-24,SHOP,122.8499984741211,122.8499984741211,120.70999908447266,122.08000183105469,0.521578313521534
2025-07-28,SHOP,126.0999984741211,128.14999389648438,125.80999755859375,126.83999633789062,0.5096351831266485
2025-07-31,SHOP,125.3499984741211,126.58000183105469,122.05000305175781,122.20999908447266,0.6906993248910044
2025-08-04,SHOP,120.2300033569336,125.48999786376953,120.2300033569336,125.20999908447266,0.5345767111350131
2025-10-06,SHOP,166.5500030517578,169.69000244140625,162.80999755859375,164.5,0.526991689536677
2025-10-27,SHOP,174.77999877929688,176.8800048828125,172.63499450683594,175.05999755859375,0.5031346888960557
2025-11-03,SHOP,175.5,178.375,169.72000122070312,172.94000244140625,0.5609891833928748
2025-11-10,SHOP,157.11500549316406,159.6300048828125,155.75,158.8800048828125,0.5180928824749735
2025-11-19,SHOP,141.6999969482422,147.0500030517578,140.61300659179688,146.0,0.5825978967115171
2025-11-20,SHOP,154.48500061035156,154.8699951171875,143.80999755859375,144.55999755859375,0.5461041353137938
2025-11-24,SHOP,149.02000427246094,156.35000610351562,147.0800018310547,155.30999755859375,0.5160224028192502
2025-12-15,SHOP,166.69000244140625,169.38999938964844,159.52000427246094,159.85000610351562,0.5134901447749445
2025-12-22,SHOP,172.7100067138672,172.97999572753906,169.5500030517578,169.6699981689453,0.5216803099742615
2026-01-02,SHOP,162.19000244140625,164.3000030517578,155.14999389648438,157.1999969482422,0.5234937084404839
2026-01-05,SHOP,158.83999633789062,166.9199981689453,158.60000610351562,166.2100067138672,0.5031705067313682
2024-01-02,SIVR,22.90999984741211,23.0,22.639999389648438,22.639999389648438,0.5523610902219483
2024-01-24,SIVR,21.950000762939453,21.969999313354492,21.649999618530273,21.690000534057617,0.8623141674100092
2024-01-25,SIVR,21.93000030517578,22.040000915527344,21.760000228881836,21.90999984741211,0.6766914257598842
2024-02-29,SIVR,21.700000762939453,21.75,21.56999969482422,21.709999084472656,0.5307545112705749
2024-04-11,SIVR,26.899999618530273,27.239999771118164,26.56999969482422,27.219999313354492,0.5320978414302918
2024-04-12,SIVR,28.049999237060547,28.5,26.719999313354492,26.81999969482422,0.6956565118708895
2024-04-15,SIVR,27.440000534057617,27.639999389648438,26.889999389648438,27.639999389648438,0.6614083605533422
2024-04-17,SIVR,27.350000381469727,27.559999465942383,26.90999984741211,27.059999465942383,0.6668079606846148
2024-04-18,SIVR,27.329999923706055,27.3700008392334,26.940000534057617,27.049999237060547,0.6980117188242718
2024-04-26,SIVR,26.3700008392334,26.389999389648438,25.920000076293945,26.049999237060547,0.5090304854978255
2024-05-31,SIVR,30.110000610351562,30.190000534057617,28.8799991607666,29.059999465942383,0.5101129065193343
2024-06-12,SIVR,28.799999237060547,28.860000610351562,28.209999084472656,28.309999465942383,0.7286264275785767
2024-06-20,SIVR,28.770000457763672,29.43000030517578,28.700000762939453,29.329999923706055,0.5773938839335898
2024-06-28,SIVR,28.139999389648438,28.139999389648438,27.799999237060547,27.84000015258789,0.6106849097764699
2024-07-01,SIVR,28.0,28.18000030517578,27.860000610351562,28.110000610351562,0.5039984683648999
2024-07-09,SIVR,29.639999389648438,29.75,29.170000076293945,29.43000030517578,0.6314936400513251
2024-07-10,SIVR,29.600000381469727,29.790000915527344,29.299999237060547,29.459999084472656,0.605002059470377
2024-07-11,SIVR,30.079999923706055,30.260000228881836,29.809999465942383,30.040000915527344,0.5623205963942798
2024-08-02,SIVR,27.68000030517578,27.739999771118164,26.700000762939453,27.280000686645508,0.6390648644667427
2024-08-12,SIVR,26.59000015258789,26.790000915527344,26.299999237060547,26.690000534057617,0.546677500474176
2024-08-26,SIVR,28.700000762939453,28.719999313354492,28.40999984741211,28.6200008392334,0.5099858675325575
2024-09-19,SIVR,29.579999923706055,29.739999771118164,29.260000228881836,29.43000030517578,0.6941366640474314
2024-09-26,SIVR,30.700000762939453,30.84000015258789,30.31999969482422,30.65999984741211,0.6092128535226595
2024-10-24,SIVR,32.650001525878906,32.70000076293945,31.739999771118164,32.150001525878906,0.5030744339737745
2024-11-01,SIVR,31.5,31.6299991607666,30.8799991607666,30.93000030517578,0.5766176801295243
2024-11-13,SIVR,29.579999923706055,29.6200008392334,28.90999984741211,28.920000076293945,0.6949015619016269
2024-11-26,SIVR,29.149999618530273,29.15999984741211,28.920000076293945,29.1200008392334,0.6408446363658602
2025-01-07,SIVR,28.969999313354492,28.989999771118164,28.639999389648438,28.65999984741211,0.5579040114409238
2025-01-10,SIVR,29.260000228881836,29.260000228881836,28.8799991607666,28.90999984741211,0.5958971545147053
2025-02-12,SIVR,30.6299991607666,30.8799991607666,30.489999771118164,30.760000228881836,0.5690088973676927
2025-03-03,SIVR,30.200000762939453,30.3799991607666,30.049999237060547,30.110000610351562,0.7033340525004029
2025-03-04,SIVR,30.440000534057617,30.549999237060547,30.020000457763672,30.399999618530273,0.5005587210427194
2025-03-18,SIVR,32.599998474121094,32.650001525878906,32.310001373291016,32.349998474121094,0.5424818692084946
2025-04-08,SIVR,28.979999542236328,29.1200008392334,28.260000228881836,28.489999771118164,0.9230020083011787
2025-04-16,SIVR,31.290000915527344,31.469999313354492,31.15999984741211,31.200000762939453,0.6288791448945631
2025-04-21,SIVR,31.399999618530273,31.450000762939453,30.989999771118164,31.200000762939453,0.6394410493367813
2025-04-23,SIVR,31.270000457763672,32.11000061035156,31.149999618530273,32.04999923706055,0.703495408501152
2025-05-05,SIVR,31.020000457763672,31.049999237060547,30.670000076293945,30.889999389648438,0.7462305781720597
2025-05-06,SIVR,31.670000076293945,31.709999084472656,31.469999313354492,31.690000534057617,0.6038435511702547
2025-05-09,SIVR,31.1200008392334,31.34000015258789,31.09000015258789,31.229999542236328,0.5441510647006336
2025-05-19,SIVR,30.899999618530273,30.969999313354492,30.739999771118164,30.850000381469727,0.6224552419286995
2025-05-29,SIVR,31.790000915527344,31.860000610351562,31.530000686645508,31.799999237060547,0.7495740765205126
2025-06-06,SIVR,34.529998779296875,34.58000183105469,34.150001525878906,34.290000915527344,0.5467582712881054
2025-08-01,SIVR,35.439998626708984,35.439998626708984,35.040000915527344,35.22999954223633,0.5436368749346729
2025-09-05,SIVR,39.279998779296875,39.459999084472656,38.810001373291016,39.04999923706055,0.53463339217627
2025-09-08,SIVR,39.43000030517578,39.689998626708984,39.209999084472656,39.380001068115234,0.5366499058109458
2025-10-01,SIVR,45.18000030517578,45.54999923706055,45.0,45.040000915527344,0.5056365951258192
2025-10-02,SIVR,45.70000076293945,45.79999923706055,43.720001220703125,44.63999938964844,0.5910707375487165
2025-10-10,SIVR,47.66999816894531,48.310001373291016,47.2599983215332,47.5099983215332,0.6287217154530452
2025-10-15,SIVR,50.15999984741211,50.72999954223633,49.79999923706055,50.66999816894531,0.5054209158389569
2025-10-20,SIVR,50.06999969482422,50.150001525878906,49.38999938964844,49.95000076293945,0.5225837524422241
2025-10-29,SIVR,46.040000915527344,46.11000061035156,45.02000045776367,45.40999984741211,0.5042109836932146
2025-11-03,SIVR,46.470001220703125,46.58000183105469,45.7400016784668,45.91999816894531,0.67836882630202
2025-11-05,SIVR,45.65999984741211,45.970001220703125,45.47999954223633,45.81999969482422,0.5422357153529443
2025-11-07,SIVR,46.220001220703125,46.43000030517578,45.66999816894531,46.09000015258789,0.6833772152281203
2025-11-10,SIVR,47.41999816894531,48.13999938964844,47.2599983215332,48.09000015258789,0.5721252773918786
2025-12-15,SIVR,60.709999084472656,61.06999969482422,59.849998474121094,60.9900016784668,0.5506309092938182
2025-12-19,SIVR,62.75,64.19999694824219,62.66999816894531,63.97999954223633,0.6015665811398119
2026-01-02,SIVR,70.70999908447266,70.7300033569336,67.94999694824219,69.02999877929688,0.5591618795883535
2026-01-05,SIVR,72.98999786376953,74.0999984741211,71.94000244140625,72.51000213623047,0.5133038628566866
2026-01-12,SIVR,79.93000030517578,82.06999969482422,79.83000183105469,81.08000183105469,0.6052843287089809
2026-01-14,SIVR,87.52999877929688,88.98999786376953,85.3499984741211,88.77999877929688,0.6889478877601917
2024-01-04,SMR,2.9000000953674316,2.940000057220459,2.7850000858306885,2.859999895095825,0.5438702805000241
2024-01-11,SMR,2.559999942779541,2.5999999046325684,2.3299999237060547,2.3399999141693115,0.5905479816455529
2024-01-12,SMR,2.4000000953674316,2.5,2.3399999141693115,2.3499999046325684,0.5757229560959598
2024-01-18,SMR,2.069999933242798,2.069999933242798,1.8799999952316284,1.9199999570846558,0.6897687512542642
2024-01-24,SMR,2.5,2.509999990463257,2.25,2.2699999809265137,0.8893043764298785
2024-01-25,SMR,2.390000104904175,2.5299999713897705,2.390000104904175,2.5199999809265137,0.6684802983103273
2024-01-26,SMR,2.559999942779541,2.7799999713897705,2.5199999809265137,2.75,0.5052213869932566
2024-02-20,SMR,2.75,2.8550000190734863,2.5999999046325684,2.6600000858306885,0.6892555518445724
2024-02-22,SMR,2.6700000762939453,2.680000066757202,2.4700000286102295,2.5299999713897705,0.6061421020657384
2024-03-04,SMR,4.099999904632568,4.239999771118164,3.549999952316284,3.9000000953674316,0.6552839715408569
2024-03-05,SMR,4.150000095367432,4.670000076293945,3.9000000953674316,4.480000019073486,0.5450419462947113
2024-03-06,SMR,4.889999866485596,4.889999866485596,4.175000190734863,4.21999979019165,0.623894022028599
2024-03-11,SMR,6.099999904632568,6.534999847412109,5.300000190734863,5.480000019073486,0.6782546556626649
2024-03-14,SMR,7.699999809265137,7.710000038146973,5.300000190734863,7.239999771118164,0.7497645931396378
2024-03-21,SMR,5.0,5.40500020980835,4.510000228881836,4.570000171661377,0.8633819214256259
2024-03-22,SMR,4.599999904632568,4.619999885559082,4.170000076293945,4.25,0.6417772131629205
2024-03-25,SMR,4.309999942779541,4.579999923706055,4.039999961853027,4.070000171661377,0.7005155566591887
2024-04-01,SMR,5.809999942779541,6.440000057220459,5.150000095367432,5.239999771118164,0.5507264744462472
2024-04-05,SMR,6.380000114440918,6.635000228881836,5.989999771118164,6.099999904632568,0.6412098310707134
2024-04-08,SMR,6.25,6.800000190734863,5.650000095367432,5.940000057220459,0.5795240466240663
2024-04-11,SMR,5.53000020980835,5.639999866485596,5.139999866485596,5.320000171661377,0.6623917877313058
2024-04-15,SMR,5.309999942779541,5.429999828338623,4.789999961853027,4.849999904632568,0.6575981382839893
2024-04-17,SMR,5.099999904632568,5.25,4.920000076293945,4.929999828338623,0.7528298619478387
2024-04-18,SMR,5.039999961853027,5.110000133514404,4.840000152587891,4.889999866485596,0.7658482392554662
2024-04-23,SMR,4.960000038146973,5.550000190734863,4.900000095367432,5.480000019073486,0.6329245855549246
2024-04-24,SMR,5.579999923706055,5.630000114440918,5.28000020980835,5.5,0.5916375358394408
2024-05-03,SMR,6.130000114440918,6.300000190734863,5.880000114440918,6.159999847412109,0.5298656813412564
2024-05-10,SMR,5.909999847412109,6.78000020980835,5.824999809265137,6.28000020980835,0.565843909228101
2024-05-13,SMR,6.460000038146973,6.954999923706055,6.03000020980835,6.380000114440918,0.5820816650145162
2024-05-15,SMR,7.679999828338623,7.809999942779541,6.869999885559082,7.010000228881836,0.5245934386896955
2024-05-16,SMR,7.230000019073486,7.249000072479248,5.860000133514404,6.090000152587891,0.5743041031833171
2024-05-23,SMR,7.53000020980835,7.570000171661377,6.630000114440918,6.670000076293945,0.7474342882235817
2024-05-30,SMR,9.029999732971191,9.279999732971191,8.274999618530273,8.710000038146973,0.5187726954715339
2024-05-31,SMR,9.0600004196167,9.628999710083008,8.039999961853027,8.729999542236328,0.6520812478451208
2024-06-04,SMR,7.829999923706055,7.840000152587891,6.610000133514404,6.980000019073486,0.6262450348566173
2024-06-12,SMR,9.170000076293945,9.210000038146973,8.369999885559082,8.449999809265137,0.6987543592558153
2024-06-27,SMR,12.010000228881836,12.199999809265137,10.880000114440918,11.979999542236328,0.5197913397625099
2024-07-02,SMR,11.055000305175781,12.0,10.75,10.930000305175781,0.5841750504264512
2024-07-08,SMR,12.859999656677246,13.739999771118164,12.279999732971191,13.6899995803833,0.6811793752140661
2024-07-10,SMR,13.260000228881836,13.699999809265137,12.770000457763672,13.529999732971191,0.6315783488599417
2024-07-11,SMR,13.8100004196167,14.069999694824219,12.800000190734863,13.0600004196167,0.8501259230590807
2024-07-15,SMR,16.75,16.90999984741211,14.970000267028809,15.8100004196167,0.7524980633292729
2024-07-18,SMR,14.520000457763672,14.520000457763672,12.541000366210938,12.859999656677246,0.5492720755538805
2024-07-22,SMR,11.520000457763672,11.520000457763672,10.319999694824219,11.0600004196167,0.5854918062667716
2024-07-29,SMR,11.170000076293945,11.170000076293945,8.600000381469727,9.5,0.6342427853811324
2024-08-01,SMR,10.3100004196167,10.3100004196167,8.850000381469727,9.109999656677246,0.6732925028359764
2024-08-06,SMR,9.15999984741211,9.399999618530273,8.130000114440918,8.130000114440918,0.7715576532503359
2024-08-07,SMR,8.300000190734863,9.390000343322754,8.300000190734863,8.680000305175781,0.5465944858513059
2024-08-12,SMR,9.5,9.979999542236328,8.819999694824219,9.229999542236328,0.5390652628305245
2024-08-29,SMR,8.130000114440918,8.519000053405762,8.109999656677246,8.140000343322754,0.5976341436556726
2024-08-30,SMR,8.289999961853027,8.600000381469727,8.010000228881836,8.229999542236328,0.7331024269761749
2024-09-10,SMR,7.650000095367432,8.270000457763672,7.369999885559082,8.25,0.5544256973319394
2024-09-19,SMR,9.569999694824219,10.024999618530273,9.199999809265137,9.609999656677246,0.6755397234612386
2024-09-26,SMR,12.260000228881836,12.609999656677246,11.510000228881836,11.890000343322754,0.7280354535365448
2024-10-03,SMR,13.130000114440918,13.199999809265137,11.119999885559082,12.010000228881836,0.6404075994110741
2024-10-30,SMR,22.239999771118164,22.75,20.010000228881836,20.799999237060547,0.6351347239211476
2024-11-01,SMR,19.899999618530273,20.44499969482422,18.709999084472656,19.010000228881836,0.6615973882600334
2024-11-05,SMR,18.670000076293945,19.030000686645508,18.020000457763672,18.81999969482422,0.5255985416190231
2024-11-13,SMR,24.280000686645508,26.670000076293945,23.75,24.979999542236328,0.6835345228365334
2024-11-14,SMR,26.600000381469727,27.540000915527344,24.1299991607666,24.65999984741211,0.5288993670054053
2024-11-25,SMR,31.969999313354492,31.969999313354492,27.290000915527344,28.059999465942383,0.6216050558763146
2024-12-02,SMR,31.469999313354492,31.8700008392334,27.170000076293945,27.219999313354492,0.6365217957345997
2024-12-04,SMR,25.65999984741211,26.850000381469727,24.360000610351562,24.850000381469727,0.6019761393508455
2024-12-09,SMR,26.34000015258789,26.75,23.760000228881836,23.940000534057617,0.5988609816185463
2024-12-12,SMR,22.989999771118164,24.030000686645508,21.600000381469727,21.65999984741211,0.6449779736929596
2024-12-13,SMR,22.06999969482422,22.280000686645508,20.950000762939453,21.1299991607666,0.5815063006790279
2024-12-18,SMR,22.5,23.5,18.709999084472656,19.110000610351562,0.8222281559625874
2024-12-19,SMR,19.809999465942383,20.040000915527344,18.440000534057617,19.010000228881836,0.7175971399727671
2024-12-31,SMR,18.420000076293945,18.44499969482422,17.360000610351562,17.93000030517578,0.6192478359575074
2025-01-06,SMR,22.25,24.100000381469727,21.579999923706055,23.65999984741211,0.6358505396727896
2025-01-14,SMR,19.649999618530273,20.1200008392334,18.829999923706055,19.229999542236328,0.5170631115668121
2025-01-16,SMR,21.239999771118164,22.18000030517578,20.280000686645508,20.280000686645508,0.5404177518248929
2025-01-28,SMR,21.350000381469727,21.649999618530273,19.010000228881836,20.950000762939453,0.6016778024066934
2025-01-31,SMR,23.969999313354492,26.75,23.65999984741211,23.84000015258789,0.6041326981762732
2025-02-06,SMR,25.079999923706055,26.100000381469727,22.979999542236328,23.25,0.6809407103439012
2025-02-18,SMR,23.30500030517578,23.510000228881836,21.711000442504883,22.040000915527344,0.6099122630365179
2025-02-20,SMR,21.65999984741211,21.709999084472656,19.530000686645508,20.780000686645508,0.6789759412889822
2025-02-21,SMR,21.165000915527344,21.437000274658203,18.93000030517578,19.040000915527344,0.8329955905063308
2025-02-26,SMR,18.69499969482422,19.09000015258789,17.674999237060547,17.950000762939453,0.8894670076991068
2025-02-27,SMR,18.350000381469727,18.694000244140625,16.6200008392334,16.709999084472656,0.9256507060789413
2025-03-03,SMR,17.924999237060547,18.200000762939453,15.15999984741211,15.449999809265137,0.849268536360468
2025-03-12,SMR,16.969999313354492,17.549999237060547,15.890999794006348,15.979999542236328,0.7568276255807543
2025-03-13,SMR,16.34000015258789,16.34000015258789,15.09000015258789,15.210000038146973,0.6083912893472647
2025-03-24,SMR,18.979999542236328,19.68000030517578,18.540000915527344,18.8799991607666,0.5465731915310482
2025-04-01,SMR,14.75,14.949999809265137,13.890000343322754,14.640000343322754,0.6739674066572396
2025-04-08,SMR,15.300000190734863,15.34000015258789,13.5600004196167,13.90999984741211,0.9798010015539804
2025-04-14,SMR,15.770000457763672,15.829999923706055,14.8100004196167,15.25,0.726653754662954
2025-04-17,SMR,14.800000190734863,15.0649995803833,14.15999984741211,14.609999656677246,0.733486233872065
2025-04-23,SMR,16.3799991607666,16.600000381469727,15.170000076293945,15.4399995803833,0.7793436700933875
2025-04-28,SMR,16.899999618530273,17.489999771118164,16.299999237060547,16.959999084472656,0.5184962588605544
2025-04-29,SMR,17.110000610351562,17.170000076293945,16.55699920654297,16.889999389648438,0.5230702112816741
2025-05-08,SMR,17.100000381469727,17.25,16.190000534057617,16.93000030517578,0.5032586287313408
2025-05-12,SMR,18.450000762939453,18.639999389648438,17.639999389648438,17.790000915527344,0.721658653577299
2025-05-20,SMR,24.75,24.75,22.75,23.479999542236328,0.6995160685880155
2025-05-29,SMR,35.9900016784668,36.0,32.439998626708984,32.97999954223633,0.9009740120394311
2025-06-03,SMR,34.849998474121094,36.5,31.5,31.790000915527344,0.6027844338980216
2025-06-09,SMR,35.099998474121094,35.529998779296875,33.25,35.2400016784668,0.5037468650374232
2025-06-10,SMR,35.61000061035156,38.38999938964844,33.68000030517578,34.54999923706055,0.5250091836359945
2025-06-16,SMR,41.41999816894531,45.310001373291016,40.61000061035156,42.4900016784668,0.5026888176708166
2025-06-17,SMR,44.0,44.7599983215332,39.0099983215332,39.2400016784668,0.7893708870072019
2025-06-20,SMR,40.59000015258789,40.59000015258789,37.029998779296875,37.20000076293945,0.6824813696500281
2025-06-27,SMR,40.040000915527344,41.04999923706055,37.06999969482422,38.20000076293945,0.5754402513098364
2025-07-02,SMR,36.47999954223633,36.90999984741211,35.0099983215332,35.209999084472656,0.5435667772210399
2025-07-08,SMR,37.0,37.5,34.619998931884766,35.08000183105469,0.7051024137108359
2025-07-09,SMR,35.380001068115234,35.90999984741211,33.630001068115234,35.459999084472656,0.6296844978057445
2025-07-21,SMR,50.77000045776367,50.939998626708984,45.290000915527344,45.439998626708984,0.6820662320543649
2025-07-22,SMR,45.869998931884766,45.869998931884766,42.11600112915039,44.439998626708984,0.5083024774067656
2025-07-28,SMR,53.29999923706055,53.5,49.38999938964844,50.9900016784668,0.6542019992366706
2025-07-31,SMR,50.959999084472656,53.45000076293945,49.880001068115234,50.209999084472656,0.6536581713242706
2025-08-05,SMR,44.5,48.55500030517578,43.70000076293945,45.130001068115234,0.5901345981880594
2025-08-07,SMR,46.5,46.720001220703125,43.34000015258789,44.68000030517578,0.5099983703404246
2025-08-11,SMR,39.97999954223633,40.7400016784668,38.02000045776367,38.25,0.5334235926919371
2025-08-12,SMR,38.689998626708984,39.790000915527344,38.060001373291016,38.16999816894531,0.5154353723368338
2025-08-13,SMR,39.244998931884766,39.5,36.310001373291016,37.29999923706055,0.5745462055198908
2025-08-21,SMR,34.630001068115234,34.77000045776367,33.040000915527344,33.4900016784668,0.5653108471037622
2025-08-25,SMR,36.040000915527344,36.459999084472656,34.29999923706055,35.900001525878906,0.5996803052360065
2025-08-26,SMR,36.150001525878906,38.20000076293945,35.20000076293945,36.02000045776367,0.5234165555771406
2025-09-03,SMR,39.27000045776367,43.11000061035156,38.5,40.41999816894531,0.5824557896592254
2025-09-04,SMR,40.869998931884766,41.08000183105469,35.900001525878906,36.029998779296875,0.6153864157906874
2025-09-05,SMR,37.650001525878906,37.650001525878906,34.5,34.529998779296875,0.7116471129481616
2025-09-08,SMR,34.91999816894531,35.56999969482422,33.81999969482422,33.95000076293945,0.542768095707166
2025-09-10,SMR,36.459999084472656,36.70000076293945,34.310001373291016,34.310001373291016,0.5384808027987064
2025-09-15,SMR,37.790000915527344,39.459999084472656,35.880001068115234,39.09000015258789,0.5230426513390494
2025-09-18,SMR,37.279998779296875,41.029998779296875,36.349998474121094,38.119998931884766,0.5278170220698716
2025-09-26,SMR,38.0,38.849998474121094,36.959999084472656,38.0,0.5225710910110627
2025-10-07,SMR,42.310001373291016,44.20000076293945,39.04999923706055,39.209999084472656,0.5266580625371986
2025-10-08,SMR,39.86000061035156,40.6349983215332,37.922000885009766,38.20000076293945,0.5549021971647565
2025-10-10,SMR,41.02000045776367,44.83000183105469,39.099998474121094,39.2400016784668,0.5400525902323957
2025-10-15,SMR,48.2400016784668,56.15999984741211,47.95000076293945,53.43000030517578,0.5493381609535752
2025-10-16,SMR,56.33000183105469,57.41999816894531,47.5099983215332,47.63999938964844,0.8532666974857707
2025-10-17,SMR,48.0,48.66999816894531,42.66999816894531,44.25,0.6720518951099631
2025-10-20,SMR,46.39500045776367,46.39500045776367,43.40999984741211,44.209999084472656,0.6537140501356951
2025-10-22,SMR,38.720001220703125,38.900001525878906,32.689998626708984,34.720001220703125,0.5610693426592459
2025-10-27,SMR,38.869998931884766,39.59000015258789,36.92499923706055,38.709999084472656,0.6868451242265674
2025-10-31,SMR,43.75,45.540000915527344,42.08000183105469,44.869998931884766,0.6452259880552449
2025-11-05,SMR,38.220001220703125,39.3489990234375,37.209999084472656,37.90999984741211,0.7944675147940653
2025-11-10,SMR,32.060001373291016,32.09000015258789,27.559999465942383,28.43000030517578,0.687772394568469
2025-11-20,SMR,22.6200008392334,22.690000534057617,18.579999923706055,18.700000762939453,0.9370743306068058
2025-12-08,SMR,22.350000381469727,22.959999084472656,20.860000610351562,21.559999465942383,0.6159971622147706
2025-12-15,SMR,18.68000030517578,18.711000442504883,17.3700008392334,17.40999984741211,0.7186297231014603
2025-12-18,SMR,16.479999542236328,16.829999923706055,15.654000282287598,15.789999961853027,0.5962905566764686
2025-12-19,SMR,15.989999771118164,16.604999542236328,15.9399995803833,16.06999969482422,0.5258894063557479
2025-12-22,SMR,16.540000915527344,17.2549991607666,16.155000686645508,16.43000030517578,0.5462859921691913
2025-12-30,SMR,14.630000114440918,14.739999771118164,14.069999694824219,14.3100004196167,0.6375604011421754
2026-01-05,SMR,17.94499969482422,19.549999237060547,17.34000015258789,18.780000686645508,0.5942367681725206
2024-01-18,SNOW,190.77000427246094,191.5399932861328,184.38999938964844,186.61000061035156,0.50754528352283
2024-01-22,SNOW,196.75,202.32000732421875,196.50999450683594,199.0800018310547,0.6500943194565667
2024-01-24,SNOW,209.17999267578125,211.64999389648438,203.48500061035156,203.80999755859375,0.6752745026377724
2024-01-25,SNOW,205.36000061035156,209.47300720214844,202.75,206.00999450683594,0.6504575505267725
2024-02-22,SNOW,224.13999938964844,227.67999267578125,219.51499938964844,225.6199951171875,0.5004934888962398
2024-03-01,SNOW,191.25999450683594,194.1999969482422,186.13999938964844,186.72000122070312,0.5782993896152308
2024-03-06,SNOW,170.0,171.36000061035156,163.3699951171875,167.0,0.560602919995521
2024-03-08,SNOW,169.2899932861328,169.83999633789062,161.6300048828125,162.39999389648438,0.5041099293100642
2024-03-21,SNOW,166.0,168.67999267578125,157.2100067138672,158.38999938964844,0.5192221116549385
2024-03-26,SNOW,159.3800048828125,160.97000122070312,157.63999938964844,158.02000427246094,0.5876441936125432
2024-03-27,SNOW,159.60000610351562,160.6280059814453,157.6999969482422,160.0399932861328,0.5154573019018541
2024-04-05,SNOW,152.47999572753906,155.5500030517578,152.1699981689453,153.86000061035156,0.5070656001420197
2024-04-11,SNOW,154.66000366210938,159.9149932861328,154.3300018310547,159.35000610351562,0.5161801214013108
2024-04-24,SNOW,153.0,155.0800018310547,152.02999877929688,154.99000549316406,0.656993943459309
2024-05-01,SNOW,158.13999938964844,160.2989959716797,154.17999267578125,156.13999938964844,0.5096762905881882
2024-05-23,SNOW,168.25,168.8000030517578,152.35000610351562,154.5800018310547,0.6079923539940704
2024-06-11,SNOW,128.75,130.63699340820312,127.1500015258789,128.47999572753906,0.5026478245141007
2024-07-11,SNOW,139.0,142.10000610351562,136.343994140625,138.17999267578125,0.523968511462865
2024-07-25,SNOW,126.2699966430664,132.99000549316406,125.5,129.58999633789062,0.5323793238202748
2024-07-26,SNOW,130.52999877929688,131.375,128.04400634765625,129.0,0.5427332731809223
2024-07-29,SNOW,130.0,130.57000732421875,128.39999389648438,129.57000732421875,0.5632484381457085
2024-08-07,SNOW,117.51000213623047,121.52999877929688,115.05000305175781,115.0999984741211,0.5291234948121661
2024-08-12,SNOW,125.29000091552734,126.19000244140625,121.94999694824219,123.02999877929688,0.5373959139067814
2024-08-23,SNOW,117.12999725341797,117.30000305175781,113.23999786376953,115.86000061035156,0.5847694043926823
2024-08-30,SNOW,115.37999725341797,115.91999816894531,112.53099822998047,114.2300033569336,0.5193808974461002
2024-09-09,SNOW,109.31999969482422,111.48999786376953,108.63999938964844,109.95999908447266,0.5527225418680337
2024-09-23,SNOW,111.41000366210938,113.94000244140625,109.91000366210938,113.26000213623047,0.5095776920185324
2024-09-26,SNOW,114.87999725341797,115.2750015258789,110.01000213623047,112.48999786376953,0.5174263254725552
2024-11-22,SNOW,175.0,178.6999969482422,166.80999755859375,167.44000244140625,0.6006876691339
2024-11-25,SNOW,174.9600067138672,177.99000549316406,171.14999389648438,171.4199981689453,0.6160941024008326
2024-11-26,SNOW,173.47500610351562,176.8000030517578,170.91000366210938,171.27999877929688,0.5626373805352759
2024-11-29,SNOW,174.88999938964844,178.3699951171875,173.1699981689453,174.8000030517578,0.5224030545332402
2024-12-19,SNOW,164.5,165.75100708007812,160.64999389648438,164.2100067138672,0.5234937084404839
2024-12-31,SNOW,155.9499969482422,156.38999938964844,153.3800048828125,154.41000366210938,0.5154190918517273
2025-01-02,SNOW,157.0,160.33999633789062,154.9600067138672,157.50999450683594,0.5373434677797585
2025-01-03,SNOW,158.8000030517578,162.6750030517578,158.13999938964844,162.22000122070312,0.5373434677797585
2025-01-06,SNOW,165.32000732421875,166.60000610351562,162.4199981689453,163.0800018310547,0.5011545272233571
2025-01-14,SNOW,165.00999450683594,170.1999969482422,162.47999572753906,163.41000366210938,0.5261209088033492
2025-01-22,SNOW,175.64999389648438,177.60000610351562,173.1999969482422,177.49000549316406,0.5044363223571586
2025-01-28,SNOW,179.02999877929688,188.42999267578125,177.0500030517578,188.02000427246094,0.5198026171302667
2025-01-31,SNOW,183.3000030517578,185.8699951171875,180.8719940185547,181.50999450683594,0.5152883238491329
2025-02-26,SNOW,166.0,170.0050048828125,164.8000030517578,166.19000244140625,0.5874097955803051
2025-02-27,SNOW,187.00999450683594,187.9499969482422,173.58999633789062,173.69000244140625,0.670522351246019
2025-03-03,SNOW,178.6999969482422,180.9499969482422,173.05599975585938,173.64999389648438,0.6171556488493404
2025-03-12,SNOW,155.3699951171875,155.84500122070312,151.0,152.3699951171875,0.5852768757323733
2025-04-01,SNOW,148.36000061035156,150.00999450683594,144.7550048828125,149.5399932861328,0.5331956640560545
2025-04-08,SNOW,138.0500030517578,140.17999267578125,130.80299377441406,133.50999450683594,0.9178780574653398
2025-04-23,SNOW,146.30999755859375,151.8300018310547,146.30999755859375,147.38999938964844,0.5483673847147389
2025-05-01,SNOW,168.39500427246094,169.38999938964844,164.38299560546875,165.36000061035156,0.5859285373145863
2025-05-08,SNOW,173.0,176.4199981689453,171.52999877929688,173.97000122070312,0.5000330201989867
2025-05-27,SNOW,202.60000610351562,208.30999755859375,202.0500030517578,206.35000610351562,0.5591755274826085
2025-05-29,SNOW,206.2899932861328,206.7100067138672,201.0800018310547,202.30999755859375,0.5721968597956198
2025-06-05,SNOW,211.22999572753906,214.3699951171875,208.88999938964844,210.10000610351562,0.5203264626123436
2025-06-06,SNOW,211.4499969482422,213.0,209.39999389648438,210.83999633789062,0.5728565601278217
2025-07-24,SNOW,214.50999450683594,217.0,212.11000061035156,215.02000427246094,0.546990333132634
2025-07-29,SNOW,220.36000061035156,220.60000610351562,217.00999450683594,218.75999450683594,0.73422922175079
2025-07-31,SNOW,225.1300048828125,229.27000427246094,220.94000244140625,223.5,0.6714384962349177
2025-08-04,SNOW,207.6999969482422,210.41000366210938,205.64999389648438,208.47999572753906,0.5381458466154423
2025-09-05,SNOW,223.9199981689453,226.5,221.19000244140625,225.5800018310547,0.5187553831012823
2025-10-06,SNOW,240.36000061035156,245.75900268554688,239.5,242.52000427246094,0.5163409516420188
2025-10-27,SNOW,263.1499938964844,267.79998779296875,261.8599853515625,265.9700012207031,0.5088192430200206
2025-11-03,SNOW,277.7300109863281,280.6700134277344,273.6099853515625,277.1400146484375,0.559466860548327
2025-11-17,SNOW,258.8800048828125,260.5,250.48500061035156,252.7899932861328,0.5267972025075438
2025-11-20,SNOW,258.6000061035156,262.25,244.3800048828125,244.66000366210938,0.5422099127646027
2025-11-24,SNOW,237.6999969482422,244.08999633789062,236.0500030517578,241.99000549316406,0.5462221001204136
2024-01-18,SOFI,7.619999885559082,7.630000114440918,7.230000019073486,7.409999847412109,0.6931296669604937
2024-01-24,SOFI,7.889999866485596,7.940000057220459,7.53000020980835,7.559999942779541,0.8493261947534362
2024-01-25,SOFI,7.659999847412109,7.75,7.550000190734863,7.650000095367432,0.7563067694437117
2024-01-26,SOFI,7.690000057220459,7.829999923706055,7.519999980926514,7.619999885559082,0.5835811163648953
2024-01-29,SOFI,8.819999694824219,9.449999809265137,8.619999885559082,9.15999984741211,0.6273524737057836
2024-02-01,SOFI,7.929999828338623,7.960000038146973,7.570000171661377,7.730000019073486,0.5565736962764247
2024-02-15,SOFI,8.5,8.550000190734863,8.34000015258789,8.529999732971191,0.5076071923368535
2024-02-22,SOFI,8.239999771118164,8.350000381469727,8.140000343322754,8.15999984741211,0.6084683964879078
2024-03-04,SOFI,9.050000190734863,9.130000114440918,8.569999694824219,8.579999923706055,0.5116969325189241
2024-03-07,SOFI,7.5,7.578999996185303,7.179999828338623,7.46999979019165,0.5271158358239842
2024-03-11,SOFI,7.804999828338623,7.949999809265137,7.610000133514404,7.679999828338623,0.5926778223601464
2024-03-21,SOFI,7.550000190734863,7.570000171661377,7.360000133514404,7.440000057220459,0.8490190605481254
2024-04-04,SOFI,7.650000095367432,7.710000038146973,7.269999980926514,7.309999942779541,0.5853916431076129
2024-04-09,SOFI,7.820000171661377,7.940000057220459,7.730000019073486,7.889999866485596,0.5022962622952104
2024-05-03,SOFI,7.130000114440918,7.239999771118164,6.880000114440918,6.960000038146973,0.5298298348735114
2024-05-13,SOFI,7.03000020980835,7.320000171661377,7.0,7.110000133514404,0.5599194776897488
2024-05-15,SOFI,7.630000114440918,7.630000114440918,7.210000038146973,7.269999980926514,0.5581007228735823
2024-05-24,SOFI,6.869999885559082,7.0,6.869999885559082,6.920000076293945,0.5015730105903949
2024-05-28,SOFI,6.989999771118164,7.050000190734863,6.869999885559082,6.889999866485596,0.5034385956337589
2024-06-12,SOFI,7.170000076293945,7.427999973297119,7.050000190734863,7.070000171661377,0.6667809935828929
2024-06-28,SOFI,6.599999904632568,6.650000095367432,6.53000020980835,6.610000133514404,0.5812297505638733
2024-07-22,SOFI,7.590000152587891,7.639999866485596,7.329999923706055,7.539999961853027,0.623821581171402
2024-07-26,SOFI,7.480000019073486,7.5,7.289999961853027,7.409999847412109,0.5875714071262238
2024-07-29,SOFI,7.460000038146973,7.519999980926514,7.230000019073486,7.329999923706055,0.5948832001703688
2024-07-30,SOFI,7.579999923706055,7.949999809265137,7.099999904632568,7.420000076293945,0.5879500328169951
2024-08-06,SOFI,6.619999885559082,6.619999885559082,6.389999866485596,6.429999828338623,0.5928684507690933
2024-08-07,SOFI,6.599999904632568,6.75,6.309999942779541,6.320000171661377,0.8397270536219659
2024-08-14,SOFI,6.75,6.78000020980835,6.559999942779541,6.610000133514404,0.6158238383480891
2024-08-26,SOFI,7.610000133514404,7.789999961853027,7.550000190734863,7.670000076293945,0.5216281805128987
2024-08-30,SOFI,8.109999656677246,8.229999542236328,7.809999942779541,7.989999771118164,0.5165715126262141
2024-09-10,SOFI,7.159999847412109,7.169000148773193,6.75,7.050000190734863,0.6831992273902937
2024-09-19,SOFI,8.4399995803833,8.460000038146973,8.130000114440918,8.1899995803833,0.7164179273592259
2024-09-26,SOFI,7.829999923706055,7.869999885559082,7.679999828338623,7.760000228881836,0.7221109365509917
2024-10-24,SOFI,10.90999984741211,11.300000190734863,10.779999732971191,10.930000305175781,0.5874733114303211
2024-11-06,SOFI,12.069999694824219,12.194999694824219,11.630000114440918,11.8100004196167,0.6216289926983114
2024-11-13,SOFI,13.954999923706055,14.279999732971191,13.390000343322754,13.5,0.6794055705173074
2024-11-25,SOFI,16.08799934387207,16.09000015258789,15.520000457763672,15.699999809265137,0.5815538445240674
2024-11-27,SOFI,15.670000076293945,16.15999984741211,15.569999694824219,16.1200008392334,0.5007893583637234
2024-12-17,SOFI,17.149999618530273,17.170000076293945,16.170000076293945,16.65999984741211,0.6241124816297339
2024-12-18,SOFI,16.889999389648438,17.190000534057617,14.932000160217285,15.239999771118164,0.7254115974385215
2024-12-19,SOFI,15.720000267028809,15.989999771118164,14.920000076293945,15.029999732971191,0.6361342257942993
2024-12-31,SOFI,15.789999961853027,15.899999618530273,15.350000381469727,15.399999618530273,0.6169618871719484
2025-01-06,SOFI,15.199999809265137,15.479999542236328,14.890000343322754,15.289999961853027,0.5763246148704246
2025-02-10,SOFI,15.029999732971191,15.399999618530273,15.0,15.130000114440918,0.5150873949093285
2025-02-14,SOFI,15.40999984741211,16.420000076293945,15.239999771118164,16.209999084472656,0.5295231008837228
2025-02-18,SOFI,16.469999313354492,17.110000610351562,16.43000030517578,16.829999923706055,0.5004493574684268
2025-02-24,SOFI,14.800000190734863,14.817000389099121,13.8100004196167,14.359999656677246,0.690456467713932
2025-02-26,SOFI,14.180000305175781,14.734999656677246,14.135000228881836,14.470000267028809,0.5690984265833504
2025-02-27,SOFI,14.729999542236328,14.739999771118164,14.0,14.069999694824219,0.8374444184259966
2025-03-03,SOFI,14.649999618530273,14.904999732971191,13.4399995803833,13.569999694824219,0.7046823590149777
2025-03-12,SOFI,11.859999656677246,12.119999885559082,11.4399995803833,11.920000076293945,0.7602686208682489
2025-04-08,SOFI,10.489999771118164,10.579999923706055,9.239999771118164,9.5,0.9698425626407262
2025-04-14,SOFI,11.119999885559082,11.199999809265137,10.51099967956543,10.819999694824219,0.6458173755461666
2025-04-23,SOFI,12.020000457763672,12.350000381469727,11.640000343322754,11.739999771118164,0.660107821806887
2025-04-28,SOFI,13.239999771118164,13.380000114440918,12.770000457763672,13.199999809265137,0.5488606747071422
2025-04-29,SOFI,14.130000114440918,14.505000114440918,13.229999542236328,13.270000457763672,0.6650471560252615
2025-05-01,SOFI,12.84000015258789,12.920000076293945,12.460000038146973,12.510000228881836,0.5255082108557563
2025-05-08,SOFI,13.319000244140625,13.470000267028809,13.100000381469727,13.260000228881836,0.5346717216273686
2025-05-12,SOFI,14.039999961853027,14.199999809265137,13.680000305175781,14.039999961853027,0.6890809989988202
2025-05-29,SOFI,13.5,13.600000381469727,13.069999694824219,13.170000076293945,0.8313047749118199
2025-06-20,SOFI,15.5649995803833,15.640000343322754,15.0,15.199999809265137,0.5743847338081638
2025-07-08,SOFI,19.799999237060547,20.889999389648438,19.65999984741211,19.950000762939453,0.671307378549276
2025-07-14,SOFI,21.3700008392334,21.440000534057617,20.420000076293945,21.329999923706055,0.502930148164485
2025-07-18,SOFI,22.30500030517578,22.739999771118164,21.350000381469727,21.809999465942383,0.5465590318853263
2025-07-21,SOFI,21.950000762939453,22.040000915527344,21.09000015258789,21.15999984741211,0.5613744434678468
2025-07-24,SOFI,21.75,22.010000228881836,21.3700008392334,21.510000228881836,0.5409631919272145
2025-07-29,SOFI,23.110000610351562,25.110000610351562,22.2549991607666,22.399999618530273,0.5774010134803041
2025-07-31,SOFI,22.674999237060547,23.80500030517578,22.485000610351562,22.579999923706055,0.7144858319525101
2025-08-05,SOFI,22.0,22.1200008392334,21.31999969482422,21.540000915527344,0.6034116889872595
2025-08-07,SOFI,21.790000915527344,22.43000030517578,21.68000030517578,22.079999923706055,0.50259965134908
2025-08-08,SOFI,22.299999237060547,22.584999084472656,21.950000762939453,22.100000381469727,0.6008677344306215
2025-08-13,SOFI,24.18000030517578,24.5,23.09000015258789,23.809999465942383,0.534261738477009
2025-08-19,SOFI,24.610000610351562,24.90999984741211,22.690000534057617,22.75,0.6106034501237401
2025-09-03,SOFI,25.059999465942383,25.110000610351562,24.389999389648438,24.489999771118164,0.6362932677430868
2025-09-05,SOFI,25.770000457763672,25.969999313354492,24.18000030517578,25.600000381469727,0.5975354503999719
2025-09-26,SOFI,28.3700008392334,28.479999542236328,27.559999465942383,27.979999542236328,0.5086325179845634
2025-09-29,SOFI,28.360000610351562,28.6299991607666,27.110000610351562,27.549999237060547,0.511949059679089
2025-10-01,SOFI,26.729999542236328,27.329999923706055,25.639999389648438,25.760000228881836,0.6547492467056022
2025-10-06,SOFI,25.770000457763672,27.139999389648438,25.309999465942383,26.360000610351562,0.5117289786715215
2025-10-07,SOFI,27.100000381469727,28.84000015258789,26.68000030517578,28.139999389648438,0.5019649591632489
2025-10-08,SOFI,28.489999771118164,28.709999084472656,27.645000457763672,28.020000457763672,0.5334406465850977
2025-10-15,SOFI,28.200000762939453,29.09000015258789,27.559999465942383,28.030000686645508,0.5122533206902881
2025-10-20,SOFI,27.200000762939453,28.93000030517578,27.059999465942383,28.68000030517578,0.6261635927866794
2025-10-27,SOFI,30.0,30.200000762939453,29.270000457763672,30.0,0.5971490987652984
2025-10-31,SOFI,29.690000534057617,29.860000610351562,28.489999771118164,29.68000030517578,0.521627967153614
2025-11-05,SOFI,29.520000457763672,30.3700008392334,29.010000228881836,30.06999969482422,0.5459768768118097
2025-11-10,SOFI,29.059999465942383,30.969999313354492,28.84000015258789,30.540000915527344,0.535974245185934
2025-11-12,SOFI,31.18000030517578,32.72999954223633,30.959999084472656,32.209999084472656,0.5148292265052028
2025-11-20,SOFI,27.8799991607666,28.575000762939453,24.7450008392334,24.90999984741211,0.8442885056752572
2025-12-15,SOFI,27.434999465942383,27.479999542236328,25.790000915527344,25.81999969482422,0.6974068102516626
2025-12-19,SOFI,26.6200008392334,27.3700008392334,26.280000686645508,27.239999771118164,0.5723329992883056
2025-12-30,SOFI,27.030000686645508,27.139999389648438,26.540000915527344,26.559999465942383,0.628073972828762
2026-01-02,SOFI,26.65999984741211,27.5049991607666,25.790000915527344,27.459999084472656,0.5484170275006766
2024-01-10,SOUN,1.9299999475479126,1.9299999475479126,1.840000033378601,1.875,0.5186855161345806
2024-01-18,SOUN,1.809999942779541,1.850000023841858,1.7699999809265137,1.809999942779541,0.5143102563451691
2024-01-22,SOUN,1.8700000047683716,1.9800000190734863,1.8700000047683716,1.9800000190734863,0.6798798922096433
2024-01-24,SOUN,1.9500000476837158,1.9600000381469727,1.8799999952316284,1.899999976158142,0.6890399346072172
2024-01-25,SOUN,1.9299999475479126,1.9299999475479126,1.809999942779541,1.8600000143051147,0.6718363510846911
2024-02-01,SOUN,1.7000000476837158,1.7200000286102295,1.649999976158142,1.7100000381469727,0.5217739893313326
2024-02-20,SOUN,4.090000152587891,4.349999904632568,3.6600000858306885,3.990000009536743,0.5896620150909163
2024-02-22,SOUN,4.059999942779541,4.105000019073486,3.8499999046325684,3.9700000286102295,0.5156102608054783
2024-02-27,SOUN,7.119999885559082,7.908999919891357,6.5,6.860000133514404,0.6308074938622393
2024-02-29,SOUN,6.789999961853027,7.579999923706055,6.630000114440918,7.420000076293945,0.6836880402466832
2024-03-06,SOUN,5.21999979019165,5.389999866485596,4.920000076293945,5.039999961853027,0.5842947613335426
2024-03-07,SOUN,5.170000076293945,6.110000133514404,5.079999923706055,5.630000114440918,0.558704579316382
2024-03-12,SOUN,6.179999828338623,7.050000190734863,5.880000114440918,6.929999828338623,0.5050411232201988
2024-03-14,SOUN,9.550000190734863,10.25,7.550000190734863,8.369999885559082,0.5947248351416924
2024-03-18,SOUN,9.0600004196167,9.100000381469727,7.869999885559082,8.239999771118164,0.5505104089168897
2024-03-21,SOUN,8.0,8.420000076293945,6.650000095367432,6.679999828338623,0.528903103220102
2024-03-26,SOUN,6.114999771118164,6.369999885559082,5.760000228881836,5.809999942779541,0.5651752065710948
2024-04-04,SOUN,5.139999866485596,5.800000190734863,5.099999904632568,5.269999980926514,0.6623863512493078
2024-04-05,SOUN,5.329999923706055,5.440000057220459,5.099999904632568,5.179999828338623,0.5611005069215939
2024-04-24,SOUN,4.449999809265137,4.590000152587891,3.930000066757202,4.010000228881836,0.7486397642628496
2024-04-29,SOUN,4.440000057220459,4.705999851226807,4.329999923706055,4.619999885559082,0.5126418167667945
2024-05-07,SOUN,5.25,5.300000190734863,4.800000190734863,4.940000057220459,0.5131656534647903
2024-05-10,SOUN,5.550000190734863,5.96999979019165,5.050000190734863,5.090000152587891,0.5051357697543895
2024-05-13,SOUN,5.199999809265137,5.769999980926514,5.190000057220459,5.519999980926514,0.5149936240371465
2024-05-23,SOUN,5.199999809265137,5.210000038146973,4.860000133514404,4.989999771118164,0.62479166636989
2024-06-05,SOUN,4.980000019073486,5.119999885559082,4.889999866485596,4.980000019073486,0.5610257492804709
2024-06-13,SOUN,4.699999809265137,4.71999979019165,4.510000228881836,4.619999885559082,0.671711669437746
2024-06-28,SOUN,4.050000190734863,4.130000114440918,3.9000000953674316,3.950000047683716,0.5675635182564254
2024-07-11,SOUN,5.514999866485596,6.192999839782715,5.21999979019165,5.369999885559082,0.608019829889489
2024-07-15,SOUN,6.289999961853027,6.449999809265137,5.510000228881836,5.630000114440918,0.5693913204063873
2024-07-18,SOUN,5.690000057220459,5.699999809265137,4.900000095367432,5.0,0.5161315893780956
2024-07-26,SOUN,4.989999771118164,5.21999979019165,4.820000171661377,5.119999885559082,0.5854685097996005
2024-07-29,SOUN,5.199999809265137,5.25,4.760000228881836,4.78000020980835,0.5448794148738871
2024-07-30,SOUN,4.869999885559082,5.139999866485596,4.809999942779541,4.949999809265137,0.55384142796538
2024-08-07,SOUN,4.599999904632568,4.679999828338623,4.25,4.300000190734863,0.5412912788501288
2024-08-13,SOUN,5.300000190734863,5.519999980926514,4.920000076293945,4.989999771118164,0.5297881325624456
2024-08-14,SOUN,5.050000190734863,5.179999828338623,4.880000114440918,4.980000019073486,0.5537398069098896
2024-08-15,SOUN,5.090000152587891,5.159999847412109,4.920000076293945,4.949999809265137,0.5021670446049542
2024-08-30,SOUN,4.900000095367432,4.960000038146973,4.829999923706055,4.889999866485596,0.5074109216718671
2024-09-09,SOUN,4.400000095367432,4.670000076293945,4.400000095367432,4.619999885559082,0.54935508594407
2024-09-10,SOUN,4.699999809265137,4.730000019073486,4.46999979019165,4.599999904632568,0.5428383268310659
2024-09-19,SOUN,5.059999942779541,5.099999904632568,4.960000038146973,5.010000228881836,0.522426871524828
2024-09-26,SOUN,5.0,5.03000020980835,4.849999904632568,4.909999847412109,0.5174263254725552
2024-10-17,SOUN,5.329999923706055,5.630000114440918,5.181000232696533,5.230000019073486,0.5193327297207365
2024-10-24,SOUN,5.059999942779541,5.340000152587891,4.96999979019165,5.28000020980835,0.5000084861962477
2024-11-05,SOUN,5.170000076293945,5.449999809265137,5.159999847412109,5.369999885559082,0.5027067153285135
2024-11-25,SOUN,8.800000190734863,8.869999885559082,7.869999885559082,8.029999732971191,0.5235256519310528
2024-12-16,SOUN,17.649999618530273,19.969999313354492,16.559999465942383,19.690000534057617,0.5021773476037988
2024-12-19,SOUN,22.43000030517578,23.799999237060547,17.850000381469727,18.854999542236328,0.7092303107902268
2024-12-23,SOUN,22.700000762939453,22.850000381469727,19.65999984741211,20.43000030517578,0.5684034696103648
2025-01-02,SOUN,20.475000381469727,20.5,19.010000228881836,20.15999984741211,0.5530461379833629
2025-01-06,SOUN,20.790000915527344,22.850000381469727,19.545000076293945,19.889999389648438,0.5241325651799482
2025-01-07,SOUN,20.149999618530273,20.459999084472656,17.5,17.975000381469727,0.5134087924289882
2025-01-14,SOUN,13.5600004196167,14.40999984741211,12.40999984741211,12.789999961853027,0.6229862167128442
2025-01-15,SOUN,13.40999984741211,14.699999809265137,13.359999656677246,13.890000343322754,0.5531023588886587
2025-01-16,SOUN,14.149999618530273,14.854999542236328,13.369999885559082,13.970000267028809,0.5760674310529508
2025-01-17,SOUN,14.359999656677246,15.350000381469727,13.609999656677246,13.640000343322754,0.5762149628611137
2025-01-21,SOUN,13.850000381469727,16.549999237060547,13.399999618530273,16.520000457763672,0.544523235752106
2025-01-30,SOUN,14.399999618530273,14.680000305175781,13.765000343322754,14.0,0.5573094570158236
2025-01-31,SOUN,14.350000381469727,15.229999542236328,13.9399995803833,14.149999618530273,0.5691191386666979
2025-02-04,SOUN,14.850000381469727,16.020000457763672,14.630000114440918,15.710000038146973,0.5125790941764403
2025-02-10,SOUN,15.720000267028809,15.970000267028809,14.850000381469727,15.329999923706055,0.5106052543581397
2025-02-13,SOUN,14.380000114440918,15.430000305175781,13.986000061035156,15.25,0.5104259755745107
2025-02-19,SOUN,11.5,11.920000076293945,10.960000038146973,11.069999694824219,0.5151692281938057
2025-02-21,SOUN,11.050000190734863,11.399999618530273,10.239999771118164,10.3100004196167,0.5669146580101848
2025-02-26,SOUN,9.420000076293945,10.039999961853027,9.3100004196167,9.569999694824219,0.638533316159713
2025-02-27,SOUN,10.0,10.15999984741211,9.100000381469727,9.210000038146973,0.7419630046511803
2025-03-03,SOUN,11.270000457763672,11.65999984741211,10.12399959564209,10.319999694824219,0.7043939331216389
2025-03-12,SOUN,9.024999618530273,9.579999923706055,8.920000076293945,9.130000114440918,0.5962149275582691
2025-03-17,SOUN,10.404999732971191,10.517999649047852,9.8100004196167,10.079999923706055,0.5320483891378183
2025-03-19,SOUN,9.729999542236328,10.029999732971191,9.484999656677246,9.850000381469727,0.5463075946724504
2025-04-01,SOUN,8.270000457763672,8.279999732971191,7.800000190734863,8.199999809265137,0.5662962454788503
2025-04-08,SOUN,8.10099983215332,8.33899974822998,7.0,7.179999828338623,0.9171125460823996
2025-04-14,SOUN,8.710000038146973,8.869999885559082,8.039999961853027,8.149999618530273,0.5144128366118581
2025-04-17,SOUN,7.840000152587891,7.989999771118164,7.550000190734863,7.820000171661377,0.55590318954924
2025-04-22,SOUN,7.699999809265137,8.25,7.695000171661377,8.140000343322754,0.5235221845729242
2025-04-23,SOUN,8.6899995803833,9.0,8.59000015258789,8.75,0.6051199085143205
2025-05-01,SOUN,9.609999656677246,9.65999984741211,9.119999885559082,9.149999618530273,0.5262789442701218
2025-05-08,SOUN,9.5649995803833,9.869999885559082,9.300000190734863,9.739999771118164,0.5031347632987994
2025-05-29,SOUN,11.359999656677246,11.59000015258789,10.460000038146973,10.529999732971191,0.5321585284577574
2025-06-06,SOUN,9.734999656677246,10.239999771118164,9.6899995803833,10.109999656677246,0.5409840191895702
2025-06-16,SOUN,9.289999961853027,9.75,9.229999542236328,9.720000267028809,0.5076217098916705
2025-06-24,SOUN,9.664999961853027,10.220000267028809,9.619999885559082,9.819999694824219,0.5240485167479115
2025-07-17,SOUN,11.989999771118164,12.779999732971191,11.960000038146973,12.640000343322754,0.5097029026727442
2025-07-21,SOUN,13.0,13.555000305175781,11.680000305175781,11.699999809265137,0.5152859013106595
2025-07-28,SOUN,11.970000267028809,12.239999771118164,11.109999656677246,11.239999771118164,0.5245929949158425
2025-07-31,SOUN,10.670000076293945,10.960000038146973,10.319999694824219,10.329999923706055,0.7137145587624916
2025-08-04,SOUN,10.324999809265137,10.819999694824219,10.1850004196167,10.640000343322754,0.529419822638128
2025-08-07,SOUN,10.9399995803833,11.0600004196167,10.449999809265137,10.720000267028809,0.508370559967695
2025-08-08,SOUN,13.15999984741211,14.246999740600586,12.75,13.550000190734863,0.5057275601511769
2025-08-21,SOUN,12.579999923706055,12.579999923706055,12.010000228881836,12.229999542236328,0.5006218048230702
2025-08-27,SOUN,12.100000381469727,12.329999923706055,11.859999656677246,11.90999984741211,0.5017801753093364
2025-09-03,SOUN,13.614999771118164,13.699999809265137,12.649999618530273,12.739999771118164,0.5092188903411548
2025-09-05,SOUN,13.539999961853027,14.40999984741211,12.8100004196167,14.260000228881836,0.5166954655071807
2025-09-08,SOUN,14.479999542236328,15.529999732971191,14.020000457763672,15.289999961853027,0.5081335226441465
2025-10-06,SOUN,18.18000030517578,18.899999618530273,17.834999084472656,18.25,0.5222091291241748
2025-10-07,SOUN,18.6200008392334,18.795000076293945,17.299999237060547,18.200000762939453,0.5535965320330384
2025-10-10,SOUN,18.739999771118164,19.204999923706055,17.323999404907227,17.360000610351562,0.5364787356422676
2025-10-27,SOUN,18.530000686645508,19.09000015258789,18.15999984741211,18.329999923706055,0.5070288615078083
2025-10-31,SOUN,17.270000457763672,17.674999237060547,16.799999237060547,17.6200008392334,0.507720390412177
2025-11-05,SOUN,15.5600004196167,15.720000267028809,15.010000228881836,15.720000267028809,0.5236221528886971
2025-11-10,SOUN,14.96500015258789,14.97700023651123,14.140000343322754,14.40999984741211,0.5697273353628984
2025-11-12,SOUN,13.664999961853027,13.869999885559082,13.210000038146973,13.239999771118164,0.527833059939979
2025-11-19,SOUN,11.65999984741211,12.010000228881836,11.375,11.630000114440918,0.5727736297298862
2025-11-20,SOUN,12.470000267028809,13.1899995803833,11.25,11.289999961853027,0.5775700037684084
2025-11-24,SOUN,11.390000343322754,11.984999656677246,11.289999961853027,11.949999809265137,0.5735761809405956
2025-11-26,SOUN,12.100000381469727,12.229999542236328,11.779999732971191,11.819999694824219,0.5296123947370726
2025-11-28,SOUN,11.949999809265137,12.140000343322754,11.800000190734863,12.050000190734863,0.5077525283029048
2025-12-17,SOUN,11.229999542236328,11.550000190734863,10.970000267028809,10.989999771118164,0.5208116121700536
2025-12-19,SOUN,10.989999771118164,11.15999984741211,10.8100004196167,11.020000457763672,0.5109093286219811
2025-12-22,SOUN,11.149999618530273,11.524999618530273,11.069999694824219,11.270000457763672,0.5147299911404318
2026-01-02,SOUN,10.289999961853027,10.625,10.140000343322754,10.600000381469727,0.5469573401559507
2026-01-05,SOUN,10.75,11.28499984741211,10.529999732971191,11.0,0.5163801548491503
2026-01-06,SOUN,11.085000038146973,11.281000137329102,10.739999771118164,11.229999542236328,0.5114981341995805
2024-01-11,SPOT,198.27000427246094,200.94000244140625,194.66000366210938,200.82000732421875,0.5293022680766418
2024-01-18,SPOT,200.80999755859375,209.875,200.80999755859375,204.82000732421875,0.6048587624192093
2024-01-24,SPOT,213.0,215.32000732421875,209.17999267578125,211.13999938964844,0.7535027861990499
2024-01-30,SPOT,222.3000030517578,224.0,217.4600067138672,217.6199951171875,0.5476128280899079
2024-02-22,SPOT,247.9600067138672,249.22000122070312,243.99000549316406,248.1199951171875,0.5123986090826969
2024-03-21,SPOT,264.2099914550781,264.6700134277344,258.5,259.6400146484375,0.7834826677188352
2024-04-05,SPOT,298.67999267578125,313.0679931640625,298.67999267578125,310.30999755859375,0.726683283507142
2024-04-15,SPOT,302.7200012207031,304.5899963378906,290.3500061035156,290.5199890136719,0.5439396310061624
2024-04-23,SPOT,301.1300048828125,319.29998779296875,298.5,303.30999755859375,0.6534428870595828
2024-04-26,SPOT,292.6499938964844,294.0,284.8399963378906,289.5899963378906,0.5066924484603755
2024-05-10,SPOT,300.2099914550781,303.656005859375,293.0799865722656,294.6000061035156,0.546054821194189
2024-05-15,SPOT,298.8500061035156,303.07000732421875,295.3900146484375,303.0400085449219,0.5503358464369301
2024-05-23,SPOT,302.9200134277344,305.82000732421875,296.9800109863281,300.510009765625,0.7713044247761467
2024-06-20,SPOT,311.6400146484375,317.29998779296875,310.6499938964844,313.8900146484375,0.6230957034889475
2024-07-08,SPOT,321.94000244140625,322.0,309.010009765625,313.7099914550781,0.5008169117234508
2024-07-16,SPOT,303.7799987792969,304.8699951171875,294.8500061035156,298.5,0.5109137199519903
2024-07-18,SPOT,296.6600036621094,298.32000732421875,288.07000732421875,290.1600036621094,0.5681507832706398
2024-07-22,SPOT,298.0,300.7200012207031,290.1300048828125,295.45001220703125,0.5760178076614819
2024-07-23,SPOT,339.5,343.3999938964844,326.5,330.7900085449219,0.630225289821842
2024-07-24,SPOT,333.6199951171875,346.2300109863281,328.760009765625,336.5199890136719,0.6998014665507606
2024-07-29,SPOT,323.739990234375,328.07000732421875,319.7300109863281,323.739990234375,0.5535671511491332
2024-08-07,SPOT,329.0,335.3630065917969,323.1600036621094,323.3399963378906,0.7921970752393919
2024-09-06,SPOT,331.260009765625,331.9200134277344,319.07000732421875,322.7699890136719,0.5596539756929979
2024-09-10,SPOT,326.5199890136719,328.1499938964844,324.1600036621094,327.0,0.6537447281573291
2024-09-19,SPOT,350.0,368.2900085449219,348.9599914550781,360.2200012207031,0.6246720274341773
2024-09-26,SPOT,386.7200012207031,389.2300109863281,373.0799865722656,379.1600036621094,0.7503770462478289
2024-10-24,SPOT,382.0,383.5899963378906,376.0299987792969,376.8699951171875,0.5435651498812115
2024-11-06,SPOT,386.1000061035156,392.1199951171875,376.0400085449219,391.1600036621094,0.514969246197565
2024-11-13,SPOT,460.260009765625,473.0,445.0,467.3699951171875,0.5455403731975264
2024-11-25,SPOT,483.3500061035156,485.4599914550781,466.8800048828125,481.3800048828125,0.5380290782901305
2024-12-18,SPOT,479.5,482.6700134277344,446.7799987792969,448.6499938964844,0.6049770806666978
2024-12-19,SPOT,453.9200134277344,460.7799987792969,450.010009765625,454.1600036621094,0.5491178523175041
2025-01-06,SPOT,469.44000244140625,474.31298828125,460.6000061035156,468.92999267578125,0.553615138174872
2025-01-07,SPOT,472.0,472.9700012207031,454.7130126953125,463.92999267578125,0.5650341769415457
2025-01-28,SPOT,518.0,536.9949951171875,510.718994140625,530.7999877929688,0.5396460281315227
2025-02-12,SPOT,626.5599975585938,648.27197265625,623.7100219726562,640.5900268554688,0.5430524649893296
2025-02-24,SPOT,612.2999877929688,621.9099731445312,592.97998046875,601.6099853515625,0.6317218832016156
2025-02-26,SPOT,595.6199951171875,608.5289916992188,592.8900146484375,603.1300048828125,0.5981593051120924
2025-02-27,SPOT,611.0,613.0,586.0,590.760009765625,0.7880414037600669
2025-03-12,SPOT,544.4600219726562,552.655029296875,524.14501953125,535.8400268554688,0.7067583420609711
2025-04-08,SPOT,558.0,558.0,507.79998779296875,518.3499755859375,0.9616999210333466
2025-04-14,SPOT,562.0,565.0,539.655029296875,549.1699829101562,0.6671289975281502
2025-04-21,SPOT,584.0,593.8400268554688,555.60498046875,558.8200073242188,0.6919393268493104
2025-04-23,SPOT,610.0,614.0999755859375,587.3599853515625,592.7000122070312,0.7123312003338239
2025-04-28,SPOT,627.5,627.5,595.0,597.72998046875,0.5466055223535141
2025-05-30,SPOT,645.0,669.260009765625,637.2000122070312,665.1400146484375,0.5611379475177158
2025-06-03,SPOT,675.760009765625,678.5700073242188,665.9000244140625,671.0700073242188,0.5424447851208672
2025-06-20,SPOT,714.5,723.7100219726562,706.9099731445312,707.4199829101562,0.5089688007792309
2025-06-30,SPOT,776.989990234375,778.3300170898438,750.280029296875,767.3400268554688,0.5842875566994322
2025-07-23,SPOT,680.0,680.0,665.25,674.4600219726562,0.5025010824169089
2025-07-24,SPOT,694.1500244140625,699.5,678.1900024414062,681.4199829101562,0.5170645657231008
2025-07-31,SPOT,654.8099975585938,662.0,624.4949951171875,626.5399780273438,0.8124749415192709
2025-08-04,SPOT,661.0,677.0,658.5800170898438,658.5900268554688,0.5671379963043703
2025-08-08,SPOT,692.9199829101562,717.27001953125,690.5,705.8900146484375,0.5760473622952673
2025-08-15,SPOT,725.0,748.2999877929688,721.0,732.8099975585938,0.5297776352749907
2025-08-25,SPOT,699.0900268554688,714.7999877929688,694.0999755859375,694.7899780273438,0.5203735474488156
2025-09-03,SPOT,693.6900024414062,711.1749877929688,689.1010131835938,697.3300170898438,0.5915732560932245
2025-09-05,SPOT,711.0,716.5,690.3200073242188,707.1900024414062,0.5576127152601008
2025-12-19,SPOT,571.1900024414062,587.9299926757812,568.0,582.1599731445312,0.5413024291311411
2024-01-18,STX,80.73419726963884,82.249575564311,79.21882624628117,80.0289306640625,0.5115242415478646
2024-01-22,STX,82.90718611340095,84.24147959443837,81.86834795421458,83.01202392578125,0.6446035049147041
2024-01-24,STX,85.8902800223612,86.04276674710074,83.91743439413138,84.98486328125,0.6777282342336187
2024-01-25,STX,86.91959484234968,86.91959484234968,82.44018865625809,86.71945190429688,0.669608345231552
2024-02-22,STX,82.25909824710028,84.25100934135126,81.98270832151931,83.88883972167969,0.5019903306212925
2024-03-06,STX,95.29704432423362,96.50744192429727,88.6065258169553,89.72161102294922,0.5596689301461052
2024-03-07,STX,90.18860280118972,90.52218160668654,87.0530158372439,89.40708923339844,0.5019996272732049
2024-03-18,STX,82.5926836798411,83.05968387434731,81.11542881777379,81.38228607177734,0.5106932188800932
2024-03-21,STX,87.77227814356762,87.88758098567958,84.66878511526276,84.98585510253906,0.5011866650284497
2024-03-27,STX,91.91347406549356,92.55723171725785,89.68432996280733,90.87577056884766,0.5117795695001051
2024-04-04,STX,89.42490971968404,90.53948179552775,87.04203578581173,87.20538330078125,0.5134271399336164
2024-04-15,STX,83.28518206391807,83.68873102381619,80.03756224809707,80.59484100341797,0.5242028138132037
2024-04-17,STX,81.62291647199784,82.92004936643549,80.74856058222203,80.90229034423828,0.5486621225298587
2024-04-24,STX,84.13070653890459,87.43598113872851,80.07598184507151,83.69833374023438,0.6689981614133008
2024-05-01,STX,83.56382138982126,84.34209539651872,81.03682064017214,82.44924926757812,0.5160843657754565
2024-05-23,STX,92.24015858299954,92.97039522434659,89.36726402969818,89.79963684082031,0.6119083572398412
2024-06-05,STX,89.35764619748522,93.85435384774351,89.35764619748522,92.816650390625,0.529173952139051
2024-07-18,STX,102.3031604352034,102.3031604352034,99.12100366424492,100.07855224609375,0.533707638468006
2024-07-24,STX,105.42730676867241,109.84751557380059,103.6476199946538,105.93993377685547,0.5312320240956668
2024-07-26,STX,101.56807783254462,102.28382070554974,99.50788835230311,100.28166961669922,0.5535597837441738
2024-08-14,STX,95.58096888949261,95.74539501525068,93.52078672148649,93.87865447998047,0.5008111167828996
2024-08-30,STX,95.58096476074499,96.32572313186525,94.72013698740177,96.28704071044922,0.5047651467620723
2024-09-09,STX,96.09359247124087,98.05705375368551,94.76850183711372,98.01836395263672,0.5543340486271666
2024-10-17,STX,109.42783372827807,110.3334034137136,109.04807941783488,109.4959945678711,0.5003267120397715
2024-11-18,STX,94.83161934905527,94.9874198057213,93.80919928186482,94.4713363647461,0.5146415015549833
2024-11-25,STX,98.34678307665419,100.67399843830854,98.16177189953522,98.69732666015625,0.5186105624029468
2024-12-20,STX,86.41313829302241,87.31563110250534,85.21636817944479,85.64798736572266,0.5724964044419454
2025-01-02,STX,85.5498890210142,85.87360901092171,84.15692162004395,84.74549865722656,0.5491924347444428
2025-01-03,STX,85.26541120221783,87.48239251288277,85.13788854343571,87.45296478271484,0.5491924347444428
2025-01-06,STX,88.60068494371845,89.84650616639449,87.0605714716983,87.4137191772461,0.5108978820415854
2025-01-07,STX,88.12001898788199,89.15983868159705,87.57067392729022,87.89439392089844,0.5081298898703673
2025-01-17,STX,94.76114431685826,96.06582855541986,93.78018007448051,95.81077575683594,0.5038788750200494
2025-01-22,STX,106.56214319667846,109.77971220566599,103.84487553216627,106.12071228027344,0.5134058478216922
2025-01-28,STX,102.03989829713429,102.04971003522934,96.93888717554422,98.36128234863281,0.5017056696366132
2025-02-26,STX,98.41033355494481,99.42072553800043,97.80213302382711,98.36128234863281,0.5572254200279463
2025-02-27,STX,100.61750331980247,101.86332463042025,98.67519080218295,98.75366973876953,0.6577524339802201
2025-03-03,STX,100.99026716818824,101.89275997173183,97.88061227266257,98.15528106689453,0.607611350701201
2025-03-12,STX,86.3248542053814,87.76687285377832,84.62778275581194,85.07903289794922,0.5456949040210335
2025-03-19,STX,87.46695424023349,88.65374839743467,87.20981273950704,87.9515609741211,0.5437826622695096
2025-04-08,STX,70.20893566092789,71.63309458193935,64.69033493291393,65.80789947509766,0.9178780574653398
2025-04-14,STX,74.10558954158941,74.40229183605413,70.81222576393259,71.87045288085938,0.5019118618164143
2025-04-17,STX,72.68143028548052,75.59897768354699,72.0880332445789,74.94623565673828,0.5523212269639243
2025-04-22,STX,73.87812641546756,75.07482029261166,73.77922815289345,74.53086853027344,0.5017249488438131
2025-04-23,STX,78.2791622991008,80.28682623906421,76.70665217639873,77.23081970214844,0.5907963331997401
2025-05-01,STX,90.98777932241723,92.14490470506536,88.90099377997338,89.0196762084961,0.6067324518105943
2025-05-15,STX,105.78318626114132,106.81174470823052,104.74474327041654,106.24801635742188,0.5264123538908511
2025-05-27,STX,112.61716372389425,116.06876336682103,111.95452957207534,115.76217651367188,0.5591755274826085
2025-06-06,STX,127.48178672051391,128.53013687028294,125.36533997045873,125.57302856445312,0.5854787719359121
2025-06-11,STX,127.63014374429277,127.659812465124,124.32688782511124,125.09830474853516,0.5140737674012728
2025-06-16,STX,127.28398537144484,130.04329706716197,126.20598163238654,129.59823608398438,0.5365772409250139
2025-06-20,STX,130.7158131867697,131.1509745526575,128.88617665044018,129.51913452148438,0.5079163776160505
2025-06-23,STX,130.87405076974397,132.41688457053792,129.47956056867815,131.6157989501953,0.5357582956627559
2025-06-24,STX,132.5256749755855,136.02671974912124,132.37733137578093,134.8102569580078,0.5535988090629125
2025-07-29,STX,150.87732689548588,154.62565089557464,149.13739067099098,151.80197143554688,0.7452374845331896
2025-07-31,STX,147.4471827723705,156.54455832636927,146.05522456904833,156.10708618164062,0.6641199878125101
2025-08-04,STX,155.8883482259861,156.71357700338348,151.5235942055144,153.91973876953125,0.5127752537274584
2025-09-18,STX,215.47372206701192,218.26756033546414,213.86304296187805,215.39418029785156,0.5313043147243813
2025-10-02,STX,262.61100861894903,264.1370038382608,251.2408451772416,254.07342529296875,0.558114807659396
2025-10-06,STX,259.42936280642004,260.5564108369674,241.81558480228145,242.19459533691406,0.6175802480645068
2025-10-07,STX,244.0098103845023,244.09958644494031,222.4264370776422,224.42120361328125,0.5042541822496422
2025-10-16,STX,223.56346732605897,232.39031588387093,221.27946619671843,225.4385528564453,0.5078715281258823
2025-10-24,STX,233.4674813599852,240.2197704659489,229.92676765171913,233.5073699951172,0.5009975095167863
2025-10-27,STX,240.6985156810738,241.36676067154568,227.03436739757265,229.7173309326172,0.5070288615078083
2025-10-31,STX,276.10561154508565,279.6164203175042,242.70325384245572,255.21044921875,0.5213150549564338
2025-11-03,STX,258.0729385377902,268.8546499794622,252.98627742979042,264.8551330566406,0.5625448078473787
2025-11-20,STX,272.4651604451882,274.9785858215551,236.7787874694778,239.8706817626953,0.535557124790781
2025-11-24,STX,242.2843441908905,256.0282997701958,242.2743758368953,252.71697998046875,0.5167021365666077
2025-12-15,STX,291.12621911251284,293.19077936166593,283.4862595639691,284.83270263671875,0.5344197026980642
2025-12-22,STX,300.46170931449115,301.20974676506665,278.2699316140847,282.10986328125,0.573011166590322
2025-12-26,STX,288.760009765625,289.79998779296875,282.54998779296875,286.2200012207031,0.5596190683334881
2026-01-02,STX,281.9700012207031,289.6499938964844,280.4200134277344,287.5400085449219,0.5668884532160721
2024-01-12,TMDX,83.62999725341797,85.19000244140625,81.16000366210938,81.44999694824219,0.5040858183673254
2024-01-18,TMDX,79.91000366210938,80.66000366210938,78.41999816894531,80.2699966430664,0.6297263237042728
2024-01-24,TMDX,85.7699966430664,85.7699966430664,82.4800033569336,83.8499984741211,0.8404972591757216
2024-01-25,TMDX,85.88999938964844,86.97000122070312,84.5999984741211,85.58000183105469,0.6359501376015391
2024-02-07,TMDX,87.63999938964844,90.62999725341797,86.0,88.16000366210938,0.5833746999864958
2024-02-27,TMDX,90.45500183105469,92.62999725341797,82.95500183105469,88.70999908447266,0.7351119986658088
2024-02-29,TMDX,84.5,85.2300033569336,78.08999633789062,81.5999984741211,0.5464810562104614
2024-03-07,TMDX,85.0,87.88999938964844,84.30999755859375,86.75,0.5081072091095635
2024-03-08,TMDX,87.62999725341797,90.20999908447266,83.69999694824219,83.75,0.5364593036005312
2024-03-18,TMDX,76.88999938964844,77.1500015258789,73.88999938964844,74.16000366210938,0.53320045941421
2024-03-21,TMDX,75.4000015258789,77.93399810791016,72.91000366210938,73.9800033569336,0.8210137712208861
2024-03-26,TMDX,72.2699966430664,75.04000091552734,71.08000183105469,74.48999786376953,0.6522511965087314
2024-03-27,TMDX,75.5,77.22000122070312,73.875,74.12000274658203,0.54530731669316
2024-03-28,TMDX,76.08000183105469,78.79000091552734,73.88999938964844,73.94000244140625,0.5725397964403003
2024-04-09,TMDX,91.29000091552734,93.73999786376953,89.30999755859375,93.23500061035156,0.5354751419891813
2024-04-17,TMDX,93.97000122070312,95.69999694824219,86.0,87.86000061035156,0.7364149421675439
2024-04-18,TMDX,88.80000305175781,90.1500015258789,85.83999633789062,87.23999786376953,0.5774136520127078
2024-04-26,TMDX,90.0,92.89900207519531,89.98999786376953,92.08000183105469,0.515809478516681
2024-05-10,TMDX,130.25999450683594,131.5800018310547,128.56500244140625,129.97999572753906,0.5284937307271282
2024-05-15,TMDX,134.66000366210938,137.58999633789062,133.03900146484375,136.13999938964844,0.5081596705538929
2024-05-28,TMDX,141.49000549316406,143.4550018310547,137.17999267578125,142.86000061035156,0.5154957548162404
2024-05-30,TMDX,143.33999633789062,144.22500610351562,134.0,136.4199981689453,0.5250673424262455
2024-05-31,TMDX,139.00999450683594,141.0500030517578,132.32000732421875,136.39999389648438,0.5688190770483357
2024-06-07,TMDX,136.36000061035156,140.38600158691406,134.18099975585938,137.17999267578125,0.5864929295705162
2024-06-12,TMDX,143.10000610351562,143.77000427246094,135.2899932861328,141.8800048828125,0.6947821409942821
2024-06-20,TMDX,147.50999450683594,148.35000610351562,138.0,144.0,0.8066157118120802
2024-07-08,TMDX,153.1999969482422,154.75,148.61000061035156,149.1999969482422,0.7202321987031479
2024-07-09,TMDX,150.49000549316406,151.9600067138672,145.2100067138672,147.77999877929688,0.7513747937469001
2024-07-15,TMDX,144.30999755859375,148.0,142.86000061035156,144.35000610351562,0.5375562136451922
2024-07-22,TMDX,148.41000366210938,150.0,145.1699981689453,149.1699981689453,0.5887416211852452
2024-07-26,TMDX,149.47000122070312,149.47000122070312,137.7100067138672,140.49000549316406,0.6176322462465403
2024-07-29,TMDX,142.22000122070312,142.41000366210938,137.77999877929688,139.0,0.6164346974506876
2024-07-30,TMDX,139.91000366210938,143.1199951171875,136.01100158691406,138.42999267578125,0.5933974121194932
2024-08-01,TMDX,164.83999633789062,171.97999572753906,150.67999267578125,151.50999450683594,0.6913775390489817
2024-08-07,TMDX,157.24000549316406,157.3800048828125,145.6300048828125,145.85000610351562,0.7823646547146371
2024-08-13,TMDX,164.24000549316406,167.88999938964844,160.67999267578125,161.99000549316406,0.5317609324400442
2024-08-14,TMDX,162.8800048828125,166.02000427246094,160.8249969482422,163.0800018310547,0.5081271688611254
2024-08-30,TMDX,167.7899932861328,170.42999267578125,166.47000122070312,168.05999755859375,0.5143946135404157
2024-09-19,TMDX,160.7899932861328,166.11000061035156,157.97000122070312,165.97999572753906,0.6576786670508685
2024-09-26,TMDX,150.10000610351562,150.3000030517578,141.39999389648438,144.55999755859375,0.7318092671283574
2024-09-27,TMDX,155.22000122070312,160.8000030517578,152.19000244140625,159.13999938964844,0.5608377019063491
2024-10-08,TMDX,135.0,139.27099609375,132.5399932861328,138.1199951171875,0.5460790269612035
2024-10-14,TMDX,136.33999633789062,136.33999633789062,133.51800537109375,134.23500061035156,0.5167953652736752
2024-10-24,TMDX,120.91000366210938,123.94000244140625,119.06999969482422,122.0,0.5508044344689961
2024-10-25,TMDX,123.55999755859375,126.55000305175781,120.98999786376953,125.16999816894531,0.5561274936422429
2024-10-28,TMDX,129.2100067138672,134.2100067138672,126.12000274658203,126.23999786376953,0.5402180805725569
2024-11-06,TMDX,84.62000274658203,87.19999694824219,83.12999725341797,86.3499984741211,0.5018473154480193
2024-11-13,TMDX,92.93800354003906,98.87999725341797,92.3010025024414,92.7300033569336,0.7312111631672064
2024-11-15,TMDX,88.93000030517578,88.93000030517578,80.05999755859375,80.4800033569336,0.7158399493374542
2024-11-27,TMDX,81.55000305175781,87.56999969482422,81.4800033569336,87.11000061035156,0.5470336152944687
2024-12-06,TMDX,66.8499984741211,69.56999969482422,66.5999984741211,68.26000213623047,0.5004110378593464
2024-12-10,TMDX,71.38999938964844,72.56999969482422,65.77999877929688,68.98999786376953,0.5321436786866212
2024-12-19,TMDX,61.189998626708984,62.400001525878906,60.165000915527344,60.529998779296875,0.6563602254455281
2024-12-23,TMDX,63.33000183105469,63.7400016784668,61.790000915527344,62.650001525878906,0.5365019009255908
2024-12-31,TMDX,60.02000045776367,62.630001068115234,59.29999923706055,62.349998474121094,0.6435938842529204
2025-01-06,TMDX,71.97000122070312,76.56999969482422,71.74500274658203,75.62999725341797,0.5695260042955264
2025-01-07,TMDX,77.55999755859375,82.37000274658203,77.40499877929688,78.66999816894531,0.599793186415155
2025-01-17,TMDX,58.380001068115234,58.849998474121094,56.029998779296875,57.20000076293945,0.534418110516281
2025-01-21,TMDX,58.220001220703125,58.22999954223633,55.0,56.72999954223633,0.5211032298781842
2025-02-05,TMDX,72.86000061035156,75.2300033569336,72.80999755859375,74.56999969482422,0.5645685943055488
2025-02-06,TMDX,75.12999725341797,76.36000061035156,72.27999877929688,73.5,0.6219476096053628
2025-02-14,TMDX,72.87000274658203,74.21499633789062,71.98999786376953,72.18000030517578,0.5359200873325874
2025-02-18,TMDX,73.48999786376953,75.94999694824219,72.94000244140625,75.0199966430664,0.531685078643435
2025-02-21,TMDX,75.88999938964844,76.78299713134766,71.5009994506836,71.94999694824219,0.8310981010520383
2025-02-27,TMDX,75.0,77.17500305175781,72.05999755859375,72.12000274658203,0.8402446152721187
2025-03-12,TMDX,69.54000091552734,69.66999816894531,66.24800109863281,67.08000183105469,0.7572871546762238
2025-03-26,TMDX,71.79000091552734,73.68000030517578,70.13999938964844,70.31999969482422,0.6978195084001146
2025-04-08,TMDX,72.87000274658203,73.06999969482422,67.18000030517578,67.94999694824219,0.95647704400271
2025-04-22,TMDX,88.58000183105469,92.01000213623047,88.0,91.20999908447266,0.515659235468032
2025-04-23,TMDX,95.0,95.9000015258789,91.38999938964844,92.25,0.7191823899715555
2025-05-08,TMDX,96.94000244140625,98.54499816894531,92.48999786376953,93.19999694824219,0.6063505361653777
2025-05-09,TMDX,114.5999984741211,120.93000030517578,108.83999633789062,111.5,0.582056644768031
2025-05-12,TMDX,114.31999969482422,119.19999694824219,110.08200073242188,118.7300033569336,0.5902442769833466
2025-05-20,TMDX,122.72000122070312,124.83999633789062,120.83000183105469,124.70999908447266,0.5511740916482326
2025-05-29,TMDX,130.22000122070312,130.47999572753906,126.70999908447266,127.69000244140625,0.8484878157772403
2025-06-25,TMDX,133.35000610351562,133.35000610351562,128.0,128.5800018310547,0.5703328502993334
2025-07-15,TMDX,118.44000244140625,120.44999694824219,114.73999786376953,115.68000030517578,0.5789444912844172
2025-07-16,TMDX,117.37000274658203,118.37000274658203,113.04000091552734,113.31999969482422,0.5017437291372494
2025-07-18,TMDX,113.91000366210938,114.62999725341797,109.66000366210938,109.87999725341797,0.5154899498484729
2025-07-23,TMDX,109.05000305175781,111.69999694824219,107.26000213623047,109.97000122070312,0.6137156963254661
2025-07-24,TMDX,111.0,112.25,105.9000015258789,106.79000091552734,0.6370733077472708
2025-07-28,TMDX,109.3499984741211,110.0,105.0,105.23999786376953,0.6926696963034304
2025-07-29,TMDX,105.9000015258789,106.9000015258789,104.70999908447266,104.83000183105469,0.6914604363814684
2025-07-31,TMDX,123.61000061035156,124.5,111.30000305175781,118.97000122070312,0.8768901212627388
2025-08-04,TMDX,125.51000213623047,131.85000610351562,123.09600067138672,128.5,0.5567888210396356
2025-08-07,TMDX,120.17500305175781,120.32499694824219,114.33000183105469,116.05000305175781,0.5531839772825502
2025-08-11,TMDX,125.97000122070312,133.1750030517578,125.0,127.26000213623047,0.5632639554686922
2025-08-13,TMDX,132.08999633789062,133.5399932861328,127.69999694824219,132.0399932861328,0.5252105909799368
2025-08-25,TMDX,120.5,122.8499984741211,114.72000122070312,114.97000122070312,0.6372559698152197
2025-08-28,TMDX,118.37999725341797,118.47000122070312,114.55999755859375,116.7249984741211,0.512653903336906
2025-09-09,TMDX,113.94999694824219,117.95800018310547,106.54000091552734,108.27999877929688,0.6092540977496348
2025-09-23,TMDX,127.01000213623047,128.74000549316406,119.80999755859375,120.52999877929688,0.5510297692097448
2025-09-29,TMDX,115.05000305175781,115.9000015258789,111.5999984741211,112.63999938964844,0.5594315613294311
2025-10-15,TMDX,112.0,113.91000366210938,108.62999725341797,112.61000061035156,0.5233245915879948
2025-10-20,TMDX,119.72000122070312,121.31999969482422,116.0,119.9000015258789,0.5847330444253005
2025-10-27,TMDX,133.10000610351562,133.5500030517578,131.00999450683594,132.4499969482422,0.6114071914206876
2025-11-10,TMDX,122.0,125.56500244140625,120.20999908447266,122.38999938964844,0.5305257475429744
2025-11-20,TMDX,134.91000366210938,137.35000610351562,123.41999816894531,123.81999969482422,0.855667280406364
2025-11-26,TMDX,146.89999389648438,148.5,144.47999572753906,145.75,0.5228558877041926
2025-12-05,TMDX,139.6999969482422,141.89999389648438,136.25,136.50999450683594,0.539584133090378
2025-12-08,TMDX,137.25999450683594,142.9499969482422,136.4499969482422,136.60000610351562,0.5295530414923144
2025-12-15,TMDX,127.79000091552734,129.75,122.54000091552734,123.1500015258789,0.7117571874642864
2025-12-17,TMDX,126.98999786376953,130.00999450683594,121.55000305175781,121.93000030517578,0.608823311111324
2025-12-18,TMDX,123.19999694824219,125.0,120.81999969482422,121.06999969482422,0.5004668067580492
2025-12-22,TMDX,129.5800018310547,133.2899932861328,128.10000610351562,129.35000610351562,0.5063034011316911
2025-12-31,TMDX,123.29000091552734,124.55000305175781,121.48999786376953,121.6500015258789,0.5047445228087447
2026-01-02,TMDX,124.26000213623047,124.26000213623047,120.1709976196289,122.69000244140625,0.5570975505650647
2026-01-05,TMDX,123.4000015258789,129.1999969482422,123.0,126.27999877929688,0.5312976506872893
2024-01-02,TSLA,250.0800018310547,251.25,244.41000366210938,248.4199981689453,0.6676100843132929
2024-01-18,TSLA,216.8800048828125,217.4499969482422,208.74000549316406,211.8800048828125,0.6484311298695298
2024-01-24,TSLA,211.8800048828125,212.72999572753906,206.77000427246094,207.8300018310547,0.8479853002754262
2024-01-26,TSLA,185.5,186.77999877929688,182.10000610351562,183.25,0.6991865145460645
2024-01-30,TSLA,195.3300018310547,196.36000061035156,190.61000061035156,191.58999633789062,0.773012659875988
2024-02-07,TSLA,188.17999267578125,189.7899932861328,182.67999267578125,187.5800018310547,0.7938704306245092
2024-02-08,TSLA,189.0,191.6199951171875,185.5800018310547,189.55999755859375,0.5770103186325748
2024-02-16,TSLA,202.05999755859375,203.1699981689453,197.39999389648438,199.9499969482422,0.5117643119649151
2024-03-26,TSLA,178.5800018310547,184.25,177.3800048828125,177.6699981689453,0.5215414962754937
2024-04-04,TSLA,170.07000732421875,177.19000244140625,168.00999450683594,171.11000061035156,0.5503269933251068
2024-04-23,TSLA,143.3300018310547,147.25999450683594,141.11000061035156,144.67999267578125,0.5800487648377571
2024-04-24,TSLA,162.83999633789062,167.97000122070312,157.50999450683594,162.1300048828125,0.6026544834684903
2024-05-03,TSLA,182.10000610351562,184.77999877929688,178.4199981689453,181.19000244140625,0.519990717529246
2024-05-10,TSLA,173.0500030517578,173.05999755859375,167.75,168.47000122070312,0.5578855378759455
2024-05-13,TSLA,170.0,175.39999389648438,169.0,171.88999938964844,0.548194453248785
2024-05-15,TSLA,179.89999389648438,180.0,173.11000061035156,173.99000549316406,0.5847502664810466
2024-05-23,TSLA,181.8000030517578,181.89999389648438,173.25999450683594,173.74000549316406,0.7879557555003834
2024-06-13,TSLA,188.38999938964844,191.0800018310547,181.22999572753906,182.47000122070312,0.5378718968085227
2024-06-14,TSLA,185.8000030517578,186.0,176.9199981689453,178.00999450683594,0.5886755187972266
2024-06-28,TSLA,199.5500030517578,203.1999969482422,195.25999450683594,197.8800048828125,0.5370263562669715
2024-07-05,TSLA,249.80999755859375,252.3699951171875,242.4600067138672,251.52000427246094,0.5622578051621427
2024-07-15,TSLA,255.97000122070312,265.6000061035156,251.72999572753906,252.63999938964844,0.5043029220601901
2024-07-18,TSLA,251.08999633789062,257.1400146484375,247.1999969482422,249.22999572753906,0.543711185626738
2024-07-22,TSLA,244.2100067138672,253.2100067138672,243.75,251.50999450683594,0.5618746044101038
2024-07-29,TSLA,224.89999389648438,234.27000427246094,224.6999969482422,232.10000610351562,0.6241503951763739
2024-08-06,TSLA,200.75,202.89999389648438,192.6699981689453,200.63999938964844,0.5046300872569657
2024-08-20,TSLA,224.8800048828125,228.22000122070312,219.55999755859375,221.10000610351562,0.5636656598604562
2024-08-30,TSLA,208.6300048828125,214.57000732421875,207.02999877929688,214.11000061035156,0.5837887491344086
2024-09-03,TSLA,215.25999450683594,219.89999389648438,209.63999938964844,210.60000610351562,0.6778231317592067
2024-09-06,TSLA,232.60000610351562,233.60000610351562,210.50999450683594,210.72999572753906,0.5699555821836413
2024-09-10,TSLA,220.07000732421875,226.39999389648438,218.63999938964844,226.1699981689453,0.6591076286161313
2024-09-17,TSLA,229.4499969482422,234.57000732421875,226.5500030517578,227.8699951171875,0.503648248530382
2024-09-18,TSLA,230.08999633789062,235.67999267578125,226.8800048828125,227.1999969482422,0.5254372951718588
2024-09-19,TSLA,234.0,244.24000549316406,232.1300048828125,243.9199981689453,0.6506940260353814
2024-09-26,TSLA,260.6000061035156,261.75,251.52999877929688,254.22000122070312,0.7499759861841467
2024-10-24,TSLA,244.67999267578125,262.1199951171875,242.64999389648438,260.4800109863281,0.5478907955864538
2024-10-29,TSLA,264.510009765625,264.9800109863281,255.50999450683594,259.5199890136719,0.5675430401388174
2024-11-01,TSLA,252.0399932861328,254.0,246.6300048828125,248.97999572753906,0.5690898998321877
2024-11-05,TSLA,247.33999633789062,255.27999877929688,246.2100067138672,251.44000244140625,0.5096027838245256
2024-11-13,TSLA,335.8500061035156,344.6000061035156,322.5,330.239990234375,0.6526478446120785
2024-11-18,TSLA,340.7300109863281,348.54998779296875,330.010009765625,338.739990234375,0.5073629835752951
2024-11-25,TSLA,360.1400146484375,361.92999267578125,338.20001220703125,338.5899963378906,0.5618547964207018
2024-11-27,TSLA,341.79998779296875,342.54998779296875,326.5899963378906,332.8900146484375,0.5523970642472101
2024-12-02,TSLA,352.3800048828125,360.0,351.1499938964844,357.0899963378906,0.5448839593274739
2024-12-09,TSLA,397.6099853515625,404.79998779296875,378.010009765625,389.7900085449219,0.5323595192057641
2024-12-17,TSLA,475.8999938964844,483.989990234375,457.510009765625,479.8599853515625,0.6569198208843664
2024-12-19,TSLA,451.8800048828125,456.3599853515625,420.0199890136719,436.1700134277344,0.7047974315093015
2024-12-26,TSLA,465.1600036621094,465.3299865722656,451.0199890136719,454.1300048828125,0.5238348413809862
2024-12-31,TSLA,423.7900085449219,427.92999267578125,402.5400085449219,403.8399963378906,0.6119743985369143
2025-01-06,TSLA,423.20001220703125,426.42999267578125,401.70001220703125,411.04998779296875,0.5608375621527044
2025-01-14,TSLA,414.3399963378906,422.6400146484375,394.5400085449219,396.3599853515625,0.50433960136896
2025-01-30,TSLA,410.7799987792969,412.5,384.4100036621094,400.2799987792969,0.5999985878851295
2025-02-14,TSLA,360.6199951171875,362.0,347.5,355.8399963378906,0.5298749096471689
2025-03-03,TSLA,300.3399963378906,303.94000244140625,277.29998779296875,284.6499938964844,0.7337488245746534
2025-03-12,TSLA,247.22000122070312,251.83999633789062,241.10000610351562,248.08999633789062,0.6938265808494579
2025-03-25,TSLA,283.6000061035156,288.20001220703125,271.2799987792969,288.1400146484375,0.5154353886575764
2025-03-28,TSLA,275.5799865722656,276.1000061035156,260.57000732421875,263.54998779296875,0.6105711999717477
2025-04-01,TSLA,263.79998779296875,277.45001220703125,259.25,268.4599914550781,0.5526411165486151
2025-04-08,TSLA,245.0,250.44000244140625,217.8000030517578,221.86000061035156,0.9627096440596192
2025-04-14,TSLA,258.3599853515625,261.79998779296875,245.92999267578125,252.35000610351562,0.6256494723104561
2025-04-17,TSLA,243.47000122070312,244.33999633789062,237.67999267578125,241.3699951171875,0.7489933327709465
2025-04-23,TSLA,254.86000061035156,259.45001220703125,244.42999267578125,250.74000549316406,0.6985532488721824
2025-04-28,TSLA,288.9800109863281,294.8599853515625,272.4200134277344,285.8800048828125,0.5434546555378853
2025-05-08,TSLA,279.6300048828125,289.79998779296875,279.4100036621094,284.82000732421875,0.5332218651611488
2025-05-09,TSLA,290.2099914550781,307.0400085449219,290.0,298.260009765625,0.517873670139271
2025-05-12,TSLA,321.989990234375,322.2099914550781,311.5,318.3800048828125,0.691925972513579
2025-05-20,TSLA,347.8699951171875,354.989990234375,341.6300048828125,343.82000732421875,0.5900430385576418
2025-05-29,TSLA,365.2900085449219,367.7099914550781,356.0,358.42999267578125,0.8452209041289205
2025-06-06,TSLA,298.8299865722656,305.5,291.1400146484375,295.1400146484375,0.576456989369406
2025-06-10,TSLA,314.94000244140625,327.8299865722656,310.6700134277344,326.0899963378906,0.5153738428300788
2025-06-20,TSLA,327.95001220703125,332.3599853515625,317.7799987792969,322.1600036621094,0.625042388469696
2025-06-25,TSLA,342.70001220703125,343.0,320.3999938964844,327.54998779296875,0.5304730833386934
2025-07-08,TSLA,297.0,304.04998779296875,294.3500061035156,297.80999755859375,0.6868154923436725
2025-07-15,TSLA,319.67999267578125,321.20001220703125,310.5,310.7799987792969,0.5382406239173064
2025-07-21,TSLA,334.3999938964844,338.0,326.8800048828125,328.489990234375,0.5672976983309732
2025-07-25,TSLA,308.739990234375,323.6300048828125,308.010009765625,316.05999755859375,0.5004339201670556
2025-09-03,TSLA,335.20001220703125,343.3299865722656,328.510009765625,334.0899963378906,0.5972514202426942
2025-09-05,TSLA,348.0,355.8699951171875,344.67999267578125,350.8399963378906,0.5268896286165095
2025-09-18,TSLA,428.8699951171875,432.2200012207031,416.55999755859375,416.8500061035156,0.5334744093911229
2025-09-23,TSLA,439.8800048828125,440.9700012207031,423.7200012207031,425.8500061035156,0.6037457675941111
2025-10-08,TSLA,437.57000732421875,441.3299865722656,425.2300109863281,438.69000244140625,0.5053390449364598
2025-10-15,TSLA,434.8999938964844,440.510009765625,426.3299865722656,435.1499938964844,0.5117433395625853
2025-10-20,TSLA,443.8699951171875,449.79998779296875,440.6099853515625,447.42999267578125,0.5205385235318497
2025-10-27,TSLA,439.9800109863281,460.1600036621094,438.69000244140625,452.4200134277344,0.5488307368459638
2025-11-10,TSLA,439.6000061035156,449.6700134277344,433.3599853515625,445.2300109863281,0.523176291174114
2025-11-12,TSLA,442.1499938964844,442.3299865722656,426.55999755859375,430.6000061035156,0.517322182896802
2025-11-20,TSLA,414.6300048828125,428.94000244140625,394.739990234375,395.2300109863281,0.8546987525645925
2025-11-21,TSLA,402.32000732421875,402.79998779296875,383.760009765625,391.0899963378906,0.7543342128347967
2025-12-15,TSLA,469.44000244140625,481.7699890136719,467.6600036621094,475.30999755859375,0.5895009807822479
2025-12-19,TSLA,488.1199951171875,490.489990234375,474.7200012207031,481.20001220703125,0.5611297948215962
2026-01-02,TSLA,457.79998779296875,458.3399963378906,435.29998779296875,438.07000732421875,0.5356079775317876
2026-01-05,TSLA,447.989990234375,457.54998779296875,444.57000732421875,451.6700134277344,0.5160672994657921
2024-01-22,TSM,111.67311254897534,111.9844504328906,109.47428456845341,109.9704818725586,0.6580152301408798
2024-01-24,TSM,112.20823630471226,115.63295328074751,111.50772415843929,113.36602020263672,0.7238671488424655
2024-01-25,TSM,114.82540195061644,115.62320568926877,113.32709358668514,113.40492248535156,0.7033418961451182
2024-03-06,TSM,135.04293559681105,140.10217794223973,134.85807618114882,137.7379608154297,0.5127471436621202
2024-03-07,TSM,140.97781298752378,147.49646797526492,140.24811413180004,145.1614227294922,0.5085460024303656
2024-03-08,TSM,149.73419514203923,154.11238815608436,141.00699587971508,142.40802001953125,0.5223039837566777
2024-03-12,TSM,140.6080949081475,142.7290789103167,136.76501762219445,140.4913330078125,0.5002241135392598
2024-03-18,TSM,136.9394050288343,138.2679660514557,133.45194166073225,133.4812469482422,0.5035879063850799
2024-03-21,TSM,139.2546301366023,139.303477252205,135.8257623623203,136.22628784179688,0.5077434898145508
2024-04-01,TSM,134.11622722206855,139.65516557456252,133.881784900133,138.21914672851562,0.5035951055965866
2024-04-04,TSM,140.6711410921167,143.35756913380644,136.20677897338626,136.4314727783203,0.5198323770091151
2024-04-11,TSM,143.79713439941406,144.14881277729336,140.7981121793732,143.79713439941406,0.5143456862091205
2024-04-15,TSM,141.66753732922155,142.11689503652772,136.64636070563574,136.9003448486328,0.5063652723858558
2024-04-17,TSM,137.86746928883298,139.2741828543237,134.18461709390914,135.81600952148438,0.5266548567766948
2024-04-24,TSM,132.94398798953398,133.1393615849527,128.4991678900215,129.8961181640625,0.6647158818670951
2024-05-23,TSM,155.50016184864856,157.06317993825397,152.26668289549698,153.45848083496094,0.6111493330762922
2024-07-03,TSM,174.42389965773677,178.833740234375,174.31610295662938,178.833740234375,0.5125802079880657
2024-07-05,TSM,180.45066911914043,181.3718381757692,178.64753796105597,180.30368041992188,0.52434704157874
2024-07-08,TSM,186.19325313482545,188.93715669795296,181.4208308526157,182.89077758789062,0.5215539966179795
2024-07-18,TSM,171.9837744298662,175.10986366242196,161.213958898702,168.42649841308594,0.5684190573483612
2024-07-26,TSM,161.00818207455956,161.29236522091873,156.00056251649167,158.69546508789062,0.5821643774684162
2024-08-07,TSM,158.313263591433,159.39121553980635,151.42411454302533,151.93368530273438,0.5056382061531793
2024-08-09,TSM,162.98770781886967,164.43805113651445,159.96941527188258,163.77166748046875,0.5249074620132833
2024-09-06,TSM,161.5863613076046,162.0959470833484,152.88427092784372,153.6780548095703,0.5267972025075438
2024-09-09,TSM,157.5390983697236,159.83222682028435,157.03932182378057,159.5186309814453,0.549130153130116
2024-09-11,TSM,160.51820137603153,166.96637011408797,158.18588088801226,166.81936645507812,0.544793199224363
2024-09-19,TSM,171.5169500575175,174.86112121825965,169.795682399552,173.3267364501953,0.5014611170601347
2024-10-17,TSM,200.01131029472853,209.10943945477607,198.65396297955834,202.46041870117188,0.5016401490274597
2024-12-11,TSM,191.47382642754764,192.78199174394467,190.08697278291652,191.4049835205078,0.518897327998654
2024-12-19,TSM,195.7622511934336,195.9300042799773,191.37141728621924,192.05224609375,0.5302507555170516
2025-01-03,TSM,201.3864984209529,206.02400895348865,200.99180738367787,205.83653259277344,0.5266548567766948
2025-01-14,TSM,202.46199526591036,203.51776175505717,195.86093660561963,198.77171325683594,0.5383822460548899
2025-01-16,TSM,215.97983759236251,218.9991522142317,210.33588429106794,211.93434143066406,0.5238261959765259
2025-01-22,TSM,218.99916274595938,222.43289178930013,216.39426225516246,220.2325439453125,0.5169347058177415
2025-01-28,TSM,193.04881751289645,200.14322851483442,189.90124136826662,199.70907592773438,0.5892771087708517
2025-01-29,TSM,201.77130095714946,203.70523423081858,197.09431406679644,199.6400146484375,0.5073688751723974
2025-02-26,TSM,188.54943415718668,193.47309698731033,188.54943415718668,192.03250122070312,0.5829903524949994
2025-03-12,TSM,173.26539521795434,175.76175753662878,172.43655161756988,174.81451416015625,0.5561062077422567
2025-03-20,TSM,173.19756634629434,176.98145714469032,172.9003985073058,175.7928009033203,0.5449028271387301
2025-04-08,TSM,150.54369596988454,151.1677469384587,137.66655356545246,140.03396606445312,0.9178780574653398
2025-04-14,TSM,156.8039607420488,157.09121339509744,152.57431090377034,154.36720275878906,0.5312052702999978
2025-04-17,TSM,154.57521898042762,156.01151242107017,150.01868622261412,150.3059539794922,0.5103259966198851
2025-04-23,TSM,157.86384280227716,158.86430730472097,154.52569637745648,156.31858825683594,0.549071359131913
2025-05-01,TSM,171.1669227600258,173.12820614993032,169.3344005017294,171.08767700195312,0.537488851147795
2025-05-29,TSM,197.57498596301218,197.91176912467415,194.22692422232157,195.28680419921875,0.5384724689991833
2025-06-11,TSM,212.9681180404494,215.37514579399922,210.93748877575155,212.07662963867188,0.5140737674012728
2025-07-31,TSM,244.54624195763768,245.96791474584327,238.40227086064644,240.21165466308594,0.6764765530795732
2025-08-04,TSM,236.52329054992316,237.60693359375,235.01214597155982,237.60693359375,0.512095212169091
2025-09-03,TSM,230.1705374030622,231.09510940554702,227.26755910589895,230.04129028320312,0.5196527452925421
2025-10-03,TSM,292.0714993841344,295.26289599037676,289.7078851587937,291.4033203125,0.5039319945583023
2025-10-06,TSM,299.20226606620446,306.4726166357007,299.1324472289469,301.5858154296875,0.5591048174996293
2025-10-07,TSM,305.7944727076512,306.2731913456904,292.49039205071887,293.2383728027344,0.536732855184984
2025-10-13,TSM,297.4370190785133,303.8098294699221,291.5329749279993,302.07452392578125,0.5018680835253737
2025-10-20,TSM,299.1922939479247,302.8324607705417,296.260207032402,296.89849853515625,0.5007493560426269
2025-10-27,TSM,297.8459384772374,299.6710286118209,292.8993008078294,297.447021484375,0.5036701034254009
2025-11-03,TSM,301.7753072434653,309.28503235885796,301.30657144750694,304.0391845703125,0.5531451853836237
2025-12-15,TSM,295.1499938964844,295.79998779296875,287.54998779296875,287.739990234375,0.5342753638825187
2026-01-02,TSM,311.9800109863281,321.5899963378906,311.70001220703125,319.6099853515625,0.5056849087418638
2026-01-05,TSM,330.3999938964844,331.25,321.5,322.25,0.5038541179072139
2026-01-06,TSM,330.2200012207031,333.0799865722656,324.5899963378906,327.42999267578125,0.5063244326948284
2024-01-10,U,36.08000183105469,38.849998474121094,35.5,37.130001068115234,0.5061182792869284
2024-01-18,U,34.959999084472656,35.2599983215332,32.43000030517578,32.869998931884766,0.5285225236289115
2024-01-22,U,34.0,35.5,33.68000030517578,34.220001220703125,0.7011905021096354
2024-01-23,U,34.7400016784668,34.935001373291016,33.724998474121094,34.279998779296875,0.5041192063010346
2024-01-24,U,34.95000076293945,35.14799880981445,33.02000045776367,33.029998779296875,0.6968520712662156
2024-01-25,U,33.22999954223633,33.72999954223633,32.709999084472656,32.880001068115234,0.6918691818656856
2024-02-22,U,31.540000915527344,31.829999923706055,30.850000381469727,31.020000457763672,0.5092574471816274
2024-03-06,U,27.299999237060547,27.34000015258789,26.290000915527344,27.059999465942383,0.5398369085280837
2024-03-21,U,27.610000610351562,28.475000381469727,27.479999542236328,27.56999969482422,0.5066488908592067
2024-04-04,U,25.989999771118164,26.364999771118164,25.280000686645508,25.31999969482422,0.5346338723337202
2024-04-08,U,25.600000381469727,26.350000381469727,25.549999237060547,26.209999084472656,0.5145692113727326
2024-04-11,U,26.18000030517578,26.549999237060547,25.799999237060547,26.049999237060547,0.5029229698821969
2024-04-24,U,23.360000610351562,23.690000534057617,23.010000228881836,23.56999969482422,0.638416823496568
2024-05-03,U,24.889999389648438,25.114999771118164,24.395000457763672,24.739999771118164,0.5094791546566904
2024-05-13,U,21.889999389648438,23.075000762939453,21.604999542236328,22.690000534057617,0.5079992462142247
2024-06-03,U,18.489999771118164,18.530000686645508,17.84000015258789,18.030000686645508,0.5177096815356523
2024-07-11,U,15.8100004196167,17.100000381469727,15.729999542236328,16.520000457763672,0.5537738736092569
2024-07-26,U,16.510000228881836,16.780000686645508,16.239999771118164,16.610000610351562,0.5809894525865281
2024-07-29,U,16.729999542236328,16.926000595092773,16.30500030517578,16.350000381469727,0.5448794148738871
2024-08-09,U,14.800000190734863,16.485000610351562,14.680000305175781,15.539999961853027,0.5722439176755845
2024-08-13,U,15.449999809265137,16.6299991607666,15.210000038146973,16.25,0.5100594682490527
2024-08-30,U,16.850000381469727,16.989999771118164,15.989999771118164,16.3700008392334,0.5035016734494141
2024-09-06,U,17.459999084472656,17.59000015258789,15.6850004196167,15.859999656677246,0.5162292375284683
2024-09-09,U,16.1200008392334,17.299999237060547,16.1200008392334,17.170000076293945,0.5607811403368752
2024-09-10,U,17.309999465942383,17.540000915527344,16.479999542236328,16.75,0.5531350635764894
2024-09-19,U,21.100000381469727,21.170000076293945,20.1299991607666,20.290000915527344,0.5021415706800215
2024-09-26,U,22.59000015258789,22.8799991607666,21.940000534057617,22.34000015258789,0.5206357900328956
2024-11-05,U,20.5,21.670000076293945,20.434999465942383,21.6200008392334,0.5027067153285135
2024-11-25,U,24.559999465942383,24.850000381469727,23.670000076293945,24.020000457763672,0.5219641747535388
2024-12-09,U,27.969999313354492,28.364999771118164,27.065000534057617,27.3799991607666,0.5023262623419095
2024-12-19,U,22.5,23.239999771118164,21.854999542236328,22.260000228881836,0.5280332307253994
2024-12-31,U,22.729999542236328,22.940000534057617,22.25,22.469999313354492,0.5154190918517273
2025-01-02,U,25.18000030517578,26.079999923706055,23.360000610351562,24.510000228881836,0.5333015433669417
2025-01-06,U,24.549999237060547,25.799999237060547,24.53499984741211,24.940000534057617,0.5179284310116499
2025-01-14,U,21.889999389648438,22.549999237060547,21.84000015258789,21.959999084472656,0.5366667325693361
2025-01-22,U,22.68000030517578,23.18000030517578,22.34000015258789,23.059999465942383,0.5001595944649445
2025-01-28,U,22.06999969482422,23.489999771118164,21.579999923706055,23.25,0.509419021348564
2025-02-10,U,21.34000015258789,21.75,20.260000228881836,20.399999618530273,0.5090810657475018
2025-02-21,U,29.329999923706055,30.8799991607666,27.81999969482422,28.34000015258789,0.5499660424166679
2025-02-26,U,25.989999771118164,27.6299991607666,25.950000762939453,26.510000228881836,0.5607911581597292
2025-03-12,U,21.649999618530273,22.270000457763672,21.31999969482422,21.510000228881836,0.5693498957300347
2025-04-01,U,19.799999237060547,20.420000076293945,19.364999771118164,20.190000534057617,0.5400670528087108
2025-04-08,U,18.1200008392334,18.290000915527344,16.3799991607666,16.75,0.9181470536116405
2025-04-14,U,19.719999313354492,19.920000076293945,18.1200008392334,18.15999984741211,0.5428450344398097
2025-04-17,U,19.260000228881836,19.28499984741211,18.850000381469727,19.229999542236328,0.5039312338305532
2025-04-23,U,21.09000015258789,22.08099937438965,20.795000076293945,20.950000762939453,0.5907963331997401
2025-05-01,U,21.940000534057617,22.100000381469727,21.110000610351562,21.190000534057617,0.5262789442701218
2025-05-08,U,21.024999618530273,21.334999084472656,20.299999237060547,20.649999618530273,0.5208893141803709
2025-05-27,U,21.139999389648438,21.889999389648438,20.6299991607666,21.809999465942383,0.5060253498329521
2025-05-29,U,24.780000686645508,24.913999557495117,23.315000534057617,23.770000457763672,0.5396487670070275
2025-06-06,U,25.209999084472656,25.940000534057617,24.950000762939453,25.1299991607666,0.5297724901794709
2025-06-24,U,23.969999313354492,24.559999465942383,23.600000381469727,24.040000915527344,0.5058766411125774
2025-07-17,U,34.849998474121094,38.959999084472656,34.72999954223633,36.52000045776367,0.554471908908578
2025-07-21,U,36.9900016784668,37.20000076293945,35.45000076293945,35.91999816894531,0.500681444423689
2025-07-25,U,33.650001525878906,33.650001525878906,32.41999816894531,32.77000045776367,0.5072607552495698
2025-07-28,U,32.9900016784668,33.900001525878906,32.47999954223633,33.4900016784668,0.5239141335530754
2025-07-31,U,33.5,34.869998931884766,33.060001373291016,33.36000061035156,0.6906993248910044
2025-08-04,U,32.220001220703125,34.599998474121094,32.130001068115234,34.0099983215332,0.5136477880418939
2025-08-07,U,32.779998779296875,33.779998779296875,32.34000015258789,33.56999969482422,0.5201618323172479
2025-09-05,U,42.20500183105469,44.220001220703125,41.25,43.81999969482422,0.5009975095167863
2025-09-10,U,45.869998931884766,46.0,42.73500061035156,43.099998474121094,0.5080613637750594
2025-10-03,U,39.470001220703125,39.720001220703125,37.150001525878906,37.88999938964844,0.5449266751888759
2025-10-06,U,38.5,38.75,36.810001373291016,37.529998779296875,0.5427334208455754
2025-10-13,U,37.0099983215332,37.33000183105469,35.400001525878906,37.13999938964844,0.509311477031669
2025-10-27,U,38.20000076293945,39.47999954223633,37.880001068115234,39.16999816894531,0.5038151184816821
2025-10-31,U,37.400001525878906,37.939998626708984,36.630001068115234,37.900001525878906,0.5003471727524758
2025-11-19,U,39.0099983215332,39.97999954223633,38.19499969482422,39.220001220703125,0.5319304030570571
2025-11-20,U,40.20000076293945,41.31999969482422,37.654998779296875,37.709999084472656,0.5380150386942381
2025-11-24,U,39.31999969482422,41.88999938964844,39.29999923706055,41.59000015258789,0.5061200840920171
2025-12-01,U,42.77000045776367,44.560001373291016,41.22999954223633,43.13999938964844,0.5709567570942101
2025-12-15,U,46.5,47.86000061035156,45.099998474121094,45.220001220703125,0.5191694468581252
2025-12-22,U,47.08000183105469,47.77000045776367,45.90999984741211,46.2400016784668,0.5000326417470384
2026-01-02,U,45.20000076293945,45.7400016784668,43.779998779296875,44.25,0.5234937084404839
2024-01-12,UAMY,0.23999999463558197,0.25,0.23000000417232513,0.25,0.5011921091401489
2024-01-16,UAMY,0.25999999046325684,0.25999999046325684,0.23999999463558197,0.25,0.6691506664869192
2024-01-17,UAMY,0.25999999046325684,0.25999999046325684,0.23999999463558197,0.23999999463558197,0.7145473784414305
2024-01-24,UAMY,0.25,0.25,0.2199999988079071,0.23000000417232513,0.8417804668155148
2024-01-29,UAMY,0.23999999463558197,0.23999999463558197,0.23000000417232513,0.23999999463558197,0.6652287820394597
2024-02-13,UAMY,0.23999999463558197,0.23999999463558197,0.2199999988079071,0.2199999988079071,0.7251977400805801
2024-02-15,UAMY,0.25,0.25,0.2199999988079071,0.2199999988079071,0.7063909738564903
2024-02-21,UAMY,0.2199999988079071,0.23000000417232513,0.2199999988079071,0.2199999988079071,0.6375604698048599
2024-02-22,UAMY,0.23000000417232513,0.23000000417232513,0.2199999988079071,0.2199999988079071,0.6605095145574416
2024-03-11,UAMY,0.2800000011920929,0.2800000011920929,0.17000000178813934,0.23000000417232513,0.7129130204253832
2024-04-09,UAMY,0.25999999046325684,0.2800000011920929,0.25999999046325684,0.25999999046325684,0.5813681235701653
2024-04-11,UAMY,0.25999999046325684,0.25999999046325684,0.23999999463558197,0.25,0.6277310595439767
2024-04-15,UAMY,0.25,0.25,0.23999999463558197,0.23999999463558197,0.5658655124192933
2024-04-16,UAMY,0.25,0.25,0.23000000417232513,0.23999999463558197,0.6130444184926392
2024-04-18,UAMY,0.25999999046325684,0.25999999046325684,0.23999999463558197,0.25,0.7980678754711507
2024-04-23,UAMY,0.23999999463558197,0.25,0.23000000417232513,0.23999999463558197,0.7820236977448694
2024-04-29,UAMY,0.23999999463558197,0.23999999463558197,0.2199999988079071,0.2199999988079071,0.6885426879407844
2024-05-06,UAMY,0.23000000417232513,0.23999999463558197,0.2199999988079071,0.2199999988079071,0.5631463462693662
2024-05-08,UAMY,0.23000000417232513,0.23000000417232513,0.2199999988079071,0.2199999988079071,0.8268067941581916
2024-05-13,UAMY,0.23000000417232513,0.23000000417232513,0.2199999988079071,0.2199999988079071,0.6781530972305448
2024-06-03,UAMY,0.3700000047683716,0.3799999952316284,0.30000001192092896,0.3400000035762787,0.5776975632925541
2024-06-12,UAMY,0.36000001430511475,0.38999998569488525,0.3499999940395355,0.3700000047683716,0.6327430446147155
2024-06-17,UAMY,0.3799999952316284,0.3799999952316284,0.36000001430511475,0.3700000047683716,0.6048341596502311
2024-07-19,UAMY,0.3100000023841858,0.3199999928474426,0.30000001192092896,0.3100000023841858,0.506073374462543
2024-07-29,UAMY,0.3700000047683716,0.3700000047683716,0.3499999940395355,0.36000001430511475,0.6841863520958811
2024-08-01,UAMY,0.38999998569488525,0.38999998569488525,0.36000001430511475,0.3700000047683716,0.5308503247339914
2024-08-02,UAMY,0.3799999952316284,0.3799999952316284,0.33000001311302185,0.3400000035762787,0.666174953794498
2024-08-09,UAMY,0.3499999940395355,0.3700000047683716,0.33000001311302185,0.36000001430511475,0.6128807571639957
2024-08-13,UAMY,0.38999998569488525,0.38999998569488525,0.36000001430511475,0.3700000047683716,0.5305011965490016
2024-08-14,UAMY,0.3799999952316284,0.38999998569488525,0.36000001430511475,0.3799999952316284,0.5242362055082165
2024-08-20,UAMY,0.5899999737739563,0.6299999952316284,0.5899999737739563,0.6299999952316284,0.6090369705988652
2024-08-21,UAMY,0.6499999761581421,0.75,0.6399999856948853,0.7200000286102295,0.5160780000707742
2024-08-22,UAMY,0.7300000190734863,0.7300000190734863,0.5799999833106995,0.6299999952316284,0.8248998468366183
2024-08-26,UAMY,0.6600000262260437,0.6899999976158142,0.6100000143051147,0.6299999952316284,0.7120687405872883
2024-09-04,UAMY,0.7200000286102295,0.7699999809265137,0.7200000286102295,0.7200000286102295,0.5479990343790729
2024-09-06,UAMY,0.7400000095367432,0.75,0.6700000166893005,0.699999988079071,0.5920412072270922
2024-09-17,UAMY,0.699999988079071,0.7099999785423279,0.6499999761581421,0.6700000166893005,0.6298667194665053
2024-09-18,UAMY,0.6800000071525574,0.699999988079071,0.6499999761581421,0.6700000166893005,0.524828291544264
2024-09-19,UAMY,0.699999988079071,0.7099999785423279,0.6700000166893005,0.699999988079071,0.7598873211860283
2024-09-23,UAMY,0.800000011920929,0.8199999928474426,0.7300000190734863,0.7699999809265137,0.6169421761181855
2024-09-24,UAMY,0.800000011920929,0.800000011920929,0.7400000095367432,0.7799999713897705,0.577414981584824
2024-09-26,UAMY,0.7900000214576721,0.7900000214576721,0.7200000286102295,0.7699999809265137,0.7023930679857836
2024-10-10,UAMY,0.6899999976158142,0.7200000286102295,0.6800000071525574,0.6899999976158142,0.6224004451703222
2024-11-06,UAMY,0.6299999952316284,0.6299999952316284,0.5799999833106995,0.6100000143051147,0.6787458585866003
2024-11-29,UAMY,0.800000011920929,0.800000011920929,0.7300000190734863,0.7599999904632568,0.5439549269768313
2024-12-02,UAMY,0.7699999809265137,0.8100000023841858,0.7099999785423279,0.7099999785423279,0.5606821093492401
2024-12-04,UAMY,1.149999976158142,1.2999999523162842,1.059999942779541,1.0700000524520874,0.7426808980601558
2024-12-09,UAMY,2.119999885559082,2.180000066757202,1.4500000476837158,1.6200000047683716,0.8140812474313524
2024-12-12,UAMY,1.600000023841858,1.8600000143051147,1.559999942779541,1.6699999570846558,0.6635441731062682
2024-12-13,UAMY,1.9900000095367432,2.1700000762939453,1.7999999523162842,1.9199999570846558,0.7095922447776918
2024-12-19,UAMY,1.909999966621399,1.9199999570846558,1.649999976158142,1.7599999904632568,0.8928405961881644
2024-12-31,UAMY,1.840000033378601,1.840000033378601,1.7300000190734863,1.7699999809265137,0.6792618568403564
2025-01-06,UAMY,1.940000057220459,1.9500000476837158,1.75,1.7899999618530273,0.6597654555515413
2025-01-17,UAMY,1.8300000429153442,1.850000023841858,1.6299999952316284,1.649999976158142,0.5831944938837159
2025-01-28,UAMY,1.6799999475479126,1.7200000286102295,1.600000023841858,1.6799999475479126,0.5463788057843245
2025-02-20,UAMY,1.75,1.7899999618530273,1.690000057220459,1.7000000476837158,0.5635022381340262
2025-02-24,UAMY,1.6100000143051147,1.6399999856948853,1.4500000476837158,1.5,0.6811924800930199
2025-02-25,UAMY,1.5199999809265137,1.5399999618530273,1.3700000047683716,1.4500000476837158,0.5343534838412419
2025-02-27,UAMY,1.4600000381469727,1.5,1.350000023841858,1.3700000047683716,0.8807152135338858
2025-03-03,UAMY,1.4199999570846558,1.4700000286102295,1.2799999713897705,1.2899999618530273,0.7876694088625632
2025-03-10,UAMY,1.4600000381469727,1.4800000190734863,1.25,1.2999999523162842,0.6837413849586729
2025-03-12,UAMY,1.5,1.5299999713897705,1.440000057220459,1.4700000286102295,0.7533638977803705
2025-03-19,UAMY,1.7200000286102295,1.8200000524520874,1.6799999475479126,1.7999999523162842,0.5783408483021388
2025-03-20,UAMY,1.8200000524520874,1.8300000429153442,1.7200000286102295,1.7899999618530273,0.6607143543701134
2025-03-25,UAMY,2.359999895095825,2.4100000858306885,2.200000047683716,2.2100000381469727,0.8079522463216451
2025-03-28,UAMY,2.4000000953674316,2.4100000858306885,2.1700000762939453,2.2799999713897705,0.6765848682698541
2025-04-08,UAMY,2.140000104904175,2.190000057220459,1.940000057220459,1.9500000476837158,0.9742210390793629
2025-04-15,UAMY,3.200000047683716,3.490000009536743,3.0,3.259999990463257,0.5629062997793038
2025-04-16,UAMY,3.3499999046325684,3.5999999046325684,3.3299999237060547,3.490000009536743,0.5038198913521181
2025-04-17,UAMY,3.509999990463257,3.5399999618530273,3.109999895095825,3.200000047683716,0.8230960762593376
2025-04-23,UAMY,3.3299999237060547,3.5199999809265137,3.2799999713897705,3.440000057220459,0.572658595177893
2025-04-28,UAMY,3.5399999618530273,3.640000104904175,3.190000057220459,3.359999895095825,0.6738286944388805
2025-05-01,UAMY,3.2300000190734863,3.4200000762939453,3.130000114440918,3.2200000286102295,0.5347724971230599
2025-05-05,UAMY,3.450000047683716,3.5199999809265137,3.2300000190734863,3.4100000858306885,0.6782400114235501
2025-05-09,UAMY,3.6500000953674316,3.700000047683716,3.2799999713897705,3.2799999713897705,0.6744314447651648
2025-05-20,UAMY,2.8499999046325684,2.859999895095825,2.559999942779541,2.619999885559082,0.8070657034441707
2025-05-28,UAMY,2.5999999046325684,2.5999999046325684,2.369999885559082,2.4200000762939453,0.6815382961846238
2025-05-29,UAMY,2.450000047683716,2.4700000286102295,2.299999952316284,2.4000000953674316,0.8481562544631552
2025-06-04,UAMY,2.759999990463257,2.799999952316284,2.619999885559082,2.75,0.5426841323686185
2025-06-05,UAMY,3.2799999713897705,3.390000104904175,2.930000066757202,3.0,0.8186603669757132
2025-06-09,UAMY,3.5,3.5,2.9100000858306885,3.049999952316284,0.6595585210195071
2025-06-20,UAMY,2.9200000762939453,3.0399999618530273,2.7200000286102295,2.7300000190734863,0.6079873163159429
2025-06-25,UAMY,2.640000104904175,2.680000066757202,2.4600000381469727,2.5299999713897705,0.5124496310325162
2025-07-01,UAMY,2.2300000190734863,2.240000009536743,1.940000057220459,1.9700000286102295,0.7935336133028532
2025-07-03,UAMY,2.1600000858306885,2.25,2.0999999046325684,2.2200000286102295,0.574324126343453
2025-07-08,UAMY,2.2899999618530273,2.3299999237060547,2.1500000953674316,2.240000009536743,0.6997425771555914
2025-07-09,UAMY,2.259999990463257,2.299999952316284,2.2100000381469727,2.259999990463257,0.6429555054895439
2025-07-14,UAMY,2.8299999237060547,3.1700000762939453,2.819999933242798,2.990000009536743,0.5172358038867847
2025-07-21,UAMY,4.070000171661377,4.119999885559082,3.509999990463257,3.5299999713897705,0.7807630540927782
2025-07-24,UAMY,3.75,3.819999933242798,3.5299999713897705,3.5999999046325684,0.5923753703721413
2025-08-05,UAMY,3.5999999046325684,3.630000114440918,3.2699999809265137,3.440000057220459,0.6208931083714428
2025-08-07,UAMY,3.4800000190734863,3.619999885559082,3.440000057220459,3.5199999809265137,0.5364583490659861
2025-08-08,UAMY,3.700000047683716,3.7899999618530273,3.4800000190734863,3.640000104904175,0.6749360185628649
2025-08-11,UAMY,3.8499999046325684,4.039999961853027,3.690000057220459,3.7899999618530273,0.5120174727221797
2025-08-25,UAMY,4.789999961853027,4.980000019073486,4.550000190734863,4.820000171661377,0.5785313965979049
2025-08-26,UAMY,4.900000095367432,5.130000114440918,4.800000190734863,4.940000057220459,0.5471540512143009
2025-08-29,UAMY,4.599999904632568,4.690000057220459,4.429999828338623,4.550000190734863,0.500900009632285
2025-09-03,UAMY,4.380000114440918,4.539999961853027,4.269999980926514,4.309999942779541,0.5928387874644497
2025-09-05,UAMY,4.650000095367432,4.71999979019165,4.260000228881836,4.510000228881836,0.6188926842887845
2025-09-23,UAMY,7.070000171661377,8.170000076293945,6.989999771118164,7.300000190734863,0.5874465453245058
2025-09-24,UAMY,7.869999885559082,7.96999979019165,6.460000038146973,6.670000076293945,0.7944640758560407
2025-09-26,UAMY,6.460000038146973,7.0,6.019999980926514,6.25,0.51066187635117
2025-10-10,UAMY,12.0,13.930000305175781,11.420000076293945,12.210000038146973,0.6901582667694925
2025-10-14,UAMY,19.5,19.709999084472656,15.420000076293945,17.469999313354492,0.5551188838835727
2025-10-20,UAMY,13.300000190734863,13.84000015258789,11.020000457763672,13.430000305175781,0.8121058237620716
2025-10-30,UAMY,9.25,9.329999923706055,7.889999866485596,8.34000015258789,0.6503505987062062
2025-11-10,UAMY,8.489999771118164,8.600000381469727,7.539999961853027,7.670000076293945,0.6921993951710709
2025-11-11,UAMY,7.900000095367432,8.229999542236328,7.610000133514404,8.069999694824219,0.5372476997588304
2025-11-19,UAMY,7.320000171661377,7.460000038146973,6.730000019073486,6.739999771118164,0.6521162712303299
2025-11-20,UAMY,6.929999828338623,7.059999942779541,5.840000152587891,5.880000114440918,0.9051581518349768
2025-12-05,UAMY,6.489999771118164,6.949999809265137,6.300000190734863,6.360000133514404,0.7391855845730292
2025-12-18,UAMY,4.590000152587891,4.900000095367432,4.360000133514404,4.489999771118164,0.547177943016942
2025-12-19,UAMY,4.519999980926514,4.940000057220459,4.5,4.820000171661377,0.5222008658032885
2025-12-22,UAMY,5.139999866485596,5.789999961853027,5.019999980926514,5.590000152587891,0.6047134412929056
2025-12-23,UAMY,5.630000114440918,6.360000133514404,5.519999980926514,6.03000020980835,0.5827923247030441
2025-12-30,UAMY,5.639999866485596,5.650000095367432,5.070000171661377,5.179999828338623,0.7235141582447261
2026-01-02,UAMY,5.199999809265137,6.150000095367432,5.179999828338623,5.929999828338623,0.5842457552642066
2026-01-05,UAMY,6.400000095367432,7.090000152587891,6.199999809265137,6.869999885559082,0.62633845112589
2026-01-12,UAMY,8.010000228881836,8.949999809265137,7.539999961853027,8.569999694824219,0.6548251473650786
2026-01-14,UAMY,7.900000095367432,8.960000038146973,7.400000095367432,8.779999732971191,0.62330558573091
2024-01-05,UBER,58.11000061035156,58.5099983215332,57.220001220703125,57.58000183105469,0.584576261272779
2024-01-22,UBER,65.44000244140625,65.61000061035156,64.1500015258789,64.55000305175781,0.6688840594798205
2024-01-25,UBER,64.27999877929688,66.02999877929688,63.709999084472656,66.0,0.6552916370478815
2024-02-22,UBER,79.58999633789062,79.72000122070312,77.51000213623047,78.02999877929688,0.501173949456172
2024-03-06,UBER,80.16999816894531,80.98999786376953,78.52999877929688,78.63999938964844,0.5198323770091151
2024-03-18,UBER,77.0,77.0,73.66000366210938,75.69999694824219,0.5168151980142174
2024-03-21,UBER,79.5999984741211,81.2300033569336,79.08999633789062,80.25,0.5037044234124286
2024-04-04,UBER,77.23999786376953,77.66999816894531,74.4800033569336,74.91999816894531,0.5256294656926467
2024-04-11,UBER,74.80000305175781,76.55999755859375,74.70500183105469,76.18000030517578,0.5039869548028679
2024-04-15,UBER,76.37999725341797,76.68000030517578,72.87999725341797,73.4000015258789,0.5135028717652228
2024-04-17,UBER,75.0,75.61499786376953,71.04000091552734,71.94000244140625,0.5365224862277628
2024-06-28,UBER,70.80999755859375,73.26000213623047,70.7699966430664,72.68000030517578,0.5328049545548107
2024-07-18,UBER,69.0,69.34100341796875,65.80999755859375,66.26000213623047,0.5185277296021109
2024-07-19,UBER,66.77999877929688,67.44000244140625,66.0999984741211,67.30999755859375,0.5403792341412796
2024-07-26,UBER,66.0999984741211,66.26000213623047,64.18000030517578,64.4000015258789,0.5438202622818694
2024-07-29,UBER,64.83499908447266,65.25499725341797,63.720001220703125,63.7599983215332,0.5721698707901838
2024-07-30,UBER,64.1500015258789,64.7699966430664,62.61000061035156,63.09000015258789,0.5633779908224015
2024-08-01,UBER,64.86000061035156,65.0,60.7599983215332,61.02000045776367,0.5442247278926005
2024-08-14,UBER,71.5999984741211,72.0,70.61000061035156,71.93000030517578,0.5000829965304838
2024-08-30,UBER,72.88999938964844,73.41899871826172,72.05999755859375,73.12999725341797,0.507265929729587
2024-09-09,UBER,70.94999694824219,71.19000244140625,69.63300323486328,69.80000305175781,0.536271773019106
2024-11-15,UBER,72.0999984741211,73.62999725341797,71.76000213623047,73.25,0.5332411379558933
2024-12-12,UBER,63.165000915527344,63.540000915527344,61.25,61.40999984741211,0.5060762935105009
2024-12-19,UBER,61.849998474121094,62.310001373291016,59.97999954223633,60.209999084472656,0.5484529491066961
2025-01-02,UBER,62.189998626708984,63.38999938964844,61.310001373291016,63.16999816894531,0.5369071671997239
2025-01-03,UBER,63.689998626708984,65.22000122070312,63.439998626708984,64.58999633789062,0.5266548567766948
2025-01-14,UBER,66.16000366210938,66.80999755859375,64.62000274658203,64.83999633789062,0.5266548567766948
2025-01-31,UBER,67.08999633789062,67.87000274658203,66.33300018310547,66.8499984741211,0.5186105624029468
2025-02-10,UBER,77.0999984741211,78.98999786376953,76.80000305175781,78.62999725341797,0.5219641747535388
2025-02-26,UBER,75.33000183105469,76.48999786376953,75.30999755859375,75.87000274658203,0.514369019968549
2025-03-03,UBER,77.05999755859375,77.73999786376953,73.68000030517578,74.44000244140625,0.5875725727304572
2025-03-12,UBER,72.30999755859375,72.41999816894531,69.55000305175781,71.19999694824219,0.5600341594292891
2025-03-17,UBER,72.0199966430664,73.80999755859375,71.7750015258789,72.7300033569336,0.5130173715577699
2025-03-19,UBER,71.91999816894531,73.78500366210938,70.7300033569336,73.0199966430664,0.5175276759343483
2025-04-08,UBER,69.30999755859375,70.06999969482422,63.5,65.06999969482422,0.9144848007216523
2025-04-17,UBER,73.9800033569336,75.91000366210938,73.76000213623047,75.23999786376953,0.5230083433352642
2025-04-23,UBER,76.92500305175781,77.58000183105469,73.2300033569336,73.7699966430664,0.5907963331997401
2025-06-06,UBER,85.4000015258789,86.69000244140625,85.02999877929688,85.5999984741211,0.5508179562303234
2025-06-16,UBER,84.8499984741211,86.0199966430664,84.70999908447266,85.12000274658203,0.5074767197698101
2025-07-17,UBER,91.20500183105469,91.4000015258789,89.9000015258789,90.5,0.5189171121986433
2025-07-24,UBER,91.05000305175781,93.61000061035156,90.87000274658203,90.87000274658203,0.5419141827999936
2025-08-04,UBER,87.69999694824219,88.58999633789062,87.41000366210938,88.43000030517578,0.5240581284076731
2025-08-07,UBER,90.72000122070312,92.73999786376953,89.16000366210938,92.66999816894531,0.5122043208687851
2025-10-09,UBER,99.96499633789062,100.16999816894531,95.83000183105469,96.0,0.5375964537960671
2025-10-20,UBER,93.0,94.5,92.8499984741211,93.69999694824219,0.5023636097012913
2025-10-24,UBER,95.1500015258789,95.26000213623047,93.9000015258789,94.06999969482422,0.5006568821986064
2025-10-27,UBER,94.91000366210938,96.66000366210938,94.52999877929688,96.41999816894531,0.5050785782015449
2025-11-03,UBER,97.66000366210938,100.3499984741211,96.77999877929688,99.72000122070312,0.5531451853836237
2025-11-20,UBER,90.19999694824219,90.54000091552734,82.94000244140625,83.36000061035156,0.5461475348556224
2025-11-21,UBER,83.97000122070312,84.0,81.51000213623047,83.87000274658203,0.570268859407756
2025-11-28,UBER,86.51000213623047,87.62000274658203,86.23999786376953,87.54000091552734,0.5017552652313014
2025-12-22,UBER,81.31999969482422,82.25,80.9000015258789,81.26000213623047,0.5291246144583052
2026-01-06,UBER,81.18000030517578,85.6500015258789,81.08999633789062,85.54000091552734,0.5062462585957155
2024-02-07,UNH,493.922621134291,500.6394442168606,492.65419938158647,499.0923767089844,0.6773032288563601
2024-02-13,UNH,501.6004049328831,506.337735052592,494.11485678550025,496.6516418457031,0.5828036166816769
2024-02-20,UNH,503.7240353445355,504.8386770506512,499.111571133235,500.6971130371094,0.6044790348508278
2024-03-13,UNH,476.10282812650377,478.4953153016137,468.2018648190004,470.77764892578125,0.5449919543671857
2024-04-16,UNH,459.9439479149622,462.8187891370728,449.16817310483134,452.3420715332031,0.5411129855149606
2024-04-17,UNH,461.7094113856217,470.77766377514536,457.8409215717355,462.08563232421875,0.6025713138439165
2024-04-18,UNH,468.9736594414447,484.2835757409321,468.81930257766385,475.77484130859375,0.6197848241780488
2024-06-12,UNH,482.3541841333848,482.3541841333848,470.2181658144366,475.66876220703125,0.5881333907727953
2024-07-24,UNH,542.5284550859759,543.6232047347471,535.7662443355451,542.2862548828125,0.6203378528050585
2024-08-02,UNH,564.1619098902672,573.0845293672452,557.302782168459,571.4279174804688,0.6318423948546984
2024-08-26,UNH,569.7033530183659,573.6173464679189,567.4654253218885,568.8120727539062,0.52875603737744
2024-09-19,UNH,567.5136131016986,568.5928402435735,558.6274204768222,561.0482788085938,0.6375159464864544
2024-10-25,UNH,550.44117416894,555.6329411461995,547.9619839374543,548.8856201171875,0.5147913604429758
2024-11-06,UNH,587.133502034331,588.6890563164364,574.4457713497524,580.1236572265625,0.5624428489803669
2024-12-06,UNH,565.9484193484053,565.9484193484053,529.0326380649753,534.3604736328125,0.5780981642990807
2024-12-18,UNH,476.6906648663276,494.3654097322328,474.3190766313533,487.7093200683594,0.7110439317002278
2025-01-07,UNH,506.3795223126915,507.0139235226228,498.9329328241554,501.8901062011719,0.5855061990334817
2025-01-13,UNH,522.1803659799152,534.2433403571602,520.3260679586654,528.1337890625,0.5793834995241475
2025-01-27,UNH,527.0015885685651,538.6448444653676,527.0015885685651,530.45654296875,0.7052018562993588
2025-02-12,UNH,526.8747164261407,529.3146290882386,512.8794107545283,514.7239990234375,0.6320407116057011
2025-02-27,UNH,454.9657069682821,463.9738466347329,453.8433231694455,457.2982482910156,0.7818783672554194
2025-03-18,UNH,492.2635924694371,495.91951124090633,487.93140724262616,493.7926025390625,0.5099131075500273
2025-04-03,UNH,519.4623384172891,537.6046677709553,518.7762311611419,529.7047729492188,0.788123469369446
2025-04-08,UNH,570.6058145092978,573.3894273451783,536.5853288887181,542.0936889648438,0.8836936630417349
2025-04-15,UNH,580.4758224466136,581.0835020722665,570.449048800578,571.9976806640625,0.5699380886803536
2025-05-14,UNH,315.06478679276836,316.525180128247,301.0096076599364,301.8917541503906,0.6670199265391907
2025-05-20,UNH,314.545305654042,318.19141331963004,306.3709438609061,315.1921691894531,0.6591135348775014
2025-06-04,UNH,297.5105333632695,301.52909753376196,294.23688223345425,294.4132995605469,0.71713237924425
2025-06-09,UNH,298.98076902473423,301.2938762091427,295.1582436454414,297.1675109863281,0.5841698205721274
2025-06-20,UNH,305.5055674545465,305.5944022922722,297.69765095257475,298.11224365234375,0.5751372875649275
2025-07-03,UNH,305.841169621153,308.220069529243,304.25196290538156,304.56781005859375,0.503370466913614
2025-07-21,UNH,280.9664532851321,282.80243368316667,277.5708474830179,278.49871826171875,0.5802566676139537
2025-07-25,UNH,277.3733939616759,282.44707121452234,276.3270768071626,277.4326171875,0.5603016559574354
2025-07-28,UNH,279.84113735419993,281.32177829258194,276.08031178060696,278.47894287109375,0.5415229145320639
2025-08-11,UNH,250.59352538217271,255.0650595765029,248.88585714016565,249.11288452148438,0.5011354893355567
2025-08-13,UNH,260.97778177309374,268.67710247086285,259.49714086015996,268.302001953125,0.5678764218229126
2025-08-20,UNH,302.4455792417313,303.235272473315,291.88369208635527,295.9702453613281,0.5032618047304057
2025-08-22,UNH,302.1494822912276,306.67035959968103,300.64908011781364,303.45245361328125,0.557365842869302
2025-09-11,UNH,344.4958062816796,356.3212032558873,341.376585624283,349.0462951660156,0.5356919928089429
2025-10-20,UNH,356.14547514647154,363.1285236092991,355.1223552828288,362.0458068847656,0.5360034053872803
2025-11-20,UNH,308.7342150670524,312.6479037214223,307.9296271759839,309.4593505859375,0.7433342685664047
2024-01-04,UPST,35.5,35.880001068115234,33.87099838256836,33.95000076293945,0.5143783074334765
2024-01-12,UPST,33.58000183105469,34.4900016784668,31.940000534057617,31.950000762939453,0.5368944146690402
2024-01-18,UPST,31.75,31.8700008392334,30.170000076293945,31.139999389648438,0.6849204127587212
2024-01-24,UPST,36.29999923706055,37.900001525878906,33.47999954223633,33.66999816894531,0.8518233183145221
2024-01-25,UPST,34.310001373291016,35.439998626708984,32.7400016784668,33.22999954223633,0.6898748477356106
2024-01-26,UPST,33.790000915527344,35.117000579833984,32.599998474121094,32.619998931884766,0.6186911689838006
2024-02-01,UPST,32.189998626708984,32.7400016784668,30.65999984741211,32.29999923706055,0.5552855624107514
2024-02-09,UPST,34.5,35.34000015258789,33.0099983215332,33.900001525878906,0.502141366633407
2024-02-15,UPST,26.920000076293945,27.81999969482422,26.270000457763672,27.110000610351562,0.5079199506031854
2024-02-22,UPST,25.110000610351562,25.329999923706055,24.2810001373291,24.469999313354492,0.6281230521821626
2024-02-29,UPST,26.200000762939453,26.6200008392334,25.559999465942383,25.75,0.5566607547148574
2024-03-08,UPST,27.149999618530273,28.969999313354492,26.8799991607666,27.34000015258789,0.5308525757794106
2024-03-11,UPST,27.5,27.739999771118164,26.06999969482422,26.270000457763672,0.6125484936414736
2024-03-12,UPST,26.489999771118164,26.489999771118164,25.15999984741211,25.299999237060547,0.5654386515481089
2024-03-21,UPST,27.010000228881836,27.809999465942383,26.31999969482422,26.34000015258789,0.7839991836103234
2024-03-26,UPST,26.600000381469727,27.780000686645508,26.40999984741211,26.579999923706055,0.5319092401712888
2024-04-04,UPST,26.440000534057617,27.385000228881836,25.079999923706055,25.100000381469727,0.5423417374293154
2024-04-17,UPST,22.739999771118164,23.149999618530273,22.299999237060547,22.440000534057617,0.5154376344239199
2024-05-03,UPST,24.670000076293945,24.979999542236328,23.510000228881836,24.149999618530273,0.5139843345870659
2024-05-13,UPST,26.239999771118164,28.530000686645508,26.059999465942383,27.43000030517578,0.5195902726047749
2024-05-24,UPST,23.350000381469727,23.690000534057617,23.072999954223633,23.350000381469727,0.5298834013859337
2024-05-28,UPST,23.709999084472656,23.799999237060547,23.083999633789062,23.510000228881836,0.5609749116367726
2024-05-31,UPST,24.799999237060547,25.559999465942383,23.809999465942383,24.719999313354492,0.5257066513732256
2024-06-03,UPST,25.479999542236328,25.5,23.707000732421875,24.1200008392334,0.5303520497647474
2024-06-12,UPST,25.920000076293945,27.2189998626709,24.65999984741211,24.979999542236328,0.6581980216868241
2024-06-13,UPST,25.15999984741211,25.239999771118164,22.899999618530273,23.06999969482422,0.5451850713159567
2024-06-28,UPST,23.83799934387207,24.06999969482422,23.15999984741211,23.59000015258789,0.5204818175277094
2024-07-08,UPST,23.40999984741211,24.149999618530273,23.18000030517578,23.219999313354492,0.5314640484010159
2024-07-10,UPST,24.639999389648438,24.844999313354492,23.84000015258789,24.81999969482422,0.6300865025877632
2024-07-11,UPST,26.100000381469727,26.989999771118164,25.530000686645508,26.920000076293945,0.6860754384865302
2024-07-22,UPST,28.149999618530273,28.899999618530273,27.020000457763672,27.649999618530273,0.5919484194354633
2024-07-25,UPST,25.15999984741211,26.316999435424805,24.719999313354492,25.760000228881836,0.6617965189411845
2024-07-26,UPST,26.985000610351562,27.094999313354492,25.97100067138672,26.110000610351562,0.6446675834765655
2024-07-29,UPST,26.309999465942383,27.729999542236328,25.739999771118164,26.049999237060547,0.6067788346350217
2024-07-30,UPST,26.31999969482422,26.979999542236328,24.8700008392334,26.030000686645508,0.621606933485522
2024-08-06,UPST,23.969999313354492,24.56999969482422,23.200000762939453,23.8700008392334,0.5404666480096995
2024-08-07,UPST,30.0,36.400001525878906,28.84000015258789,33.29999923706055,0.6981152848921008
2024-08-09,UPST,34.61000061035156,38.5,32.81999969482422,36.25,0.5017750225810848
2024-08-14,UPST,38.59000015258789,38.91999816894531,36.040000915527344,36.08000183105469,0.618586937811211
2024-08-26,UPST,42.439998626708984,44.150001525878906,41.11000061035156,43.150001525878906,0.531187174693531
2024-09-06,UPST,36.290000915527344,36.845001220703125,33.77000045776367,34.400001525878906,0.5329475391185062
2024-09-19,UPST,40.34000015258789,41.4900016784668,38.369998931884766,40.0,0.6431027818603512
2024-09-23,UPST,40.0,40.34000015258789,38.11000061035156,38.529998779296875,0.5182889352904753
2024-09-25,UPST,38.75,41.70000076293945,38.611000061035156,39.54999923706055,0.5027662479037246
2024-09-26,UPST,40.119998931884766,41.2400016784668,38.2140007019043,40.88999938964844,0.7301695564132225
2024-09-27,UPST,41.709999084472656,42.54999923706055,39.720001220703125,40.849998474121094,0.501948899017006
2024-10-21,UPST,53.810001373291016,54.43000030517578,51.599998474121094,52.540000915527344,0.5293358441085414
2024-10-24,UPST,51.400001525878906,54.470001220703125,50.310001373291016,51.09000015258789,0.5685249609346877
2024-11-05,UPST,48.2599983215332,52.0,48.029998779296875,50.599998474121094,0.5117794855171556
2024-11-06,UPST,53.689998626708984,54.47999954223633,51.90999984741211,53.97999954223633,0.5199091237871464
2024-11-13,UPST,70.20999908447266,72.77899932861328,67.38400268554688,67.80000305175781,0.5840933529439831
2024-11-25,UPST,77.19000244140625,80.87000274658203,73.94000244140625,79.5199966430664,0.5317823559046349
2024-11-27,UPST,80.0,81.97000122070312,76.41000366210938,78.43000030517578,0.5430972833670541
2024-12-06,UPST,74.5,77.94999694824219,74.0,77.16000366210938,0.5081384733998734
2024-12-09,UPST,77.65499877929688,79.19999694824219,74.3499984741211,76.38999938964844,0.5896166947263835
2024-12-11,UPST,76.04000091552734,78.69000244140625,75.02999877929688,78.4000015258789,0.5018588547920629
2024-12-12,UPST,78.87999725341797,85.29000091552734,76.66999816894531,77.08000183105469,0.5838207107414232
2024-12-18,UPST,83.69000244140625,86.98999786376953,72.19999694824219,73.31999969482422,0.7711888460453001
2024-12-19,UPST,75.54499816894531,76.75,66.94999694824219,67.2300033569336,0.6632564205988926
2024-12-31,UPST,64.20999908447266,64.81999969482422,61.209999084472656,61.56999969482422,0.6405546852150558
2025-01-06,UPST,65.08999633789062,65.7699966430664,63.099998474121094,63.52000045776367,0.6041307214879184
2025-01-21,UPST,64.0,65.0999984741211,62.029998779296875,64.01000213623047,0.5086379542997018
2025-01-31,UPST,68.1500015258789,68.69999694824219,63.88999938964844,64.74500274658203,0.5734100476734892
2025-02-06,UPST,65.47000122070312,66.12000274658203,63.45000076293945,65.13999938964844,0.6189093385044983
2025-02-12,UPST,83.44000244140625,90.44000244140625,80.0,88.7699966430664,0.5894017752488014
2025-02-18,UPST,83.30000305175781,89.63999938964844,83.05000305175781,86.88999938964844,0.5450559094916357
2025-02-21,UPST,80.2300033569336,80.3499984741211,71.12000274658203,71.7699966430664,0.7592215569287346
2025-02-24,UPST,72.24500274658203,72.75,67.59700012207031,70.5,0.6108333227154797
2025-02-26,UPST,68.3499984741211,70.73999786376953,67.6500015258789,68.77999877929688,0.5327639791637984
2025-02-27,UPST,70.88999938964844,71.77999877929688,66.31700134277344,66.7300033569336,0.8285270176544939
2025-03-03,UPST,68.08999633789062,69.19000244140625,61.05699920654297,61.689998626708984,0.7102422086733335
2025-03-12,UPST,50.5,51.470001220703125,47.04999923706055,49.65999984741211,0.7720073388593841
2025-04-08,UPST,40.72999954223633,41.349998474121094,34.619998931884766,35.88999938964844,0.9669229456850614
2025-04-14,UPST,40.5099983215332,41.27000045776367,37.79999923706055,39.959999084472656,0.6406010156229264
2025-04-23,UPST,45.0,46.900001525878906,43.459999084472656,43.97999954223633,0.8340654619232254
2025-05-08,UPST,48.029998779296875,50.61000061035156,46.150001525878906,47.93000030517578,0.5427903730740167
2025-05-12,UPST,50.90999984741211,53.9900016784668,50.7400016784668,52.959999084472656,0.6839889337467197
2025-05-29,UPST,47.95000076293945,48.20000076293945,45.970001220703125,46.689998626708984,0.8272859399567635
2025-06-05,UPST,50.95000076293945,53.720001220703125,50.380001068115234,51.380001068115234,0.5169624490686227
2025-06-06,UPST,53.38999938964844,55.2599983215332,52.779998779296875,54.33000183105469,0.534472467470783
2025-06-09,UPST,55.5099983215332,57.77299880981445,54.15999984741211,57.41999816894531,0.5645977545332969
2025-06-10,UPST,58.189998626708984,58.5,55.83000183105469,57.68000030517578,0.5665827391338116
2025-06-20,UPST,59.900001525878906,60.470001220703125,56.709999084472656,58.0099983215332,0.6314894799857435
2025-07-08,UPST,77.6500015258789,80.19999694824219,75.13999938964844,76.06999969482422,0.6611131093619952
2025-07-09,UPST,76.5,78.8499984741211,75.70999908447266,78.41999816894531,0.609317619995034
2025-07-21,UPST,79.08000183105469,79.9000015258789,76.37999725341797,76.68000030517578,0.567659222685186
2025-07-25,UPST,83.50499725341797,84.01000213623047,81.2699966430664,83.52999877929688,0.5279006058337126
2025-07-28,UPST,85.0,85.30000305175781,80.4000015258789,82.30000305175781,0.6598094549355303
2025-07-29,UPST,84.30000305175781,86.60099792480469,80.37000274658203,80.43000030517578,0.6731772532025919
2025-08-05,UPST,83.73999786376953,85.30999755859375,80.03099822998047,82.62000274658203,0.5581935641115977
2025-08-07,UPST,68.69999694824219,71.55999755859375,68.21499633789062,69.52999877929688,0.6097090164693867
2025-08-08,UPST,71.0199966430664,71.55000305175781,68.61000061035156,68.76000213623047,0.6130599655549959
2025-08-13,UPST,64.37999725341797,67.1989974975586,63.50299835205078,66.83000183105469,0.5363004443255763
2025-08-20,UPST,63.310001373291016,64.25,60.540000915527344,63.880001068115234,0.5698970136586041
2025-08-29,UPST,76.05000305175781,76.94999694824219,72.66999816894531,73.27999877929688,0.5593098043932847
2025-09-03,UPST,69.55000305175781,69.73999786376953,64.41000366210938,64.45999908447266,0.6157056324109604
2025-09-05,UPST,67.75,69.63999938964844,65.01000213623047,66.9000015258789,0.685735881449176
2025-09-11,UPST,62.900001525878906,63.880001068115234,61.689998626708984,62.189998626708984,0.5043470253018738
2025-09-15,UPST,64.43000030517578,67.27300262451172,64.26000213623047,66.9800033569336,0.5007344888970799
2025-09-18,UPST,69.0,70.43000030517578,67.12000274658203,68.05000305175781,0.5115246760961086
2025-09-24,UPST,63.22800064086914,64.1500015258789,60.0,60.61000061035156,0.5128089606476381
2025-10-01,UPST,54.685001373291016,54.685001373291016,51.191001892089844,52.130001068115234,0.7914289306568181
2025-10-03,UPST,53.31999969482422,53.59000015258789,51.790000915527344,51.959999084472656,0.5298465021440051
2025-10-06,UPST,52.869998931884766,54.130001068115234,51.87099838256836,52.61000061035156,0.5535647847457188
2025-10-15,UPST,52.04999923706055,52.540000915527344,49.66999816894531,51.06999969482422,0.5338631599430823
2025-10-20,UPST,47.41999816894531,50.869998931884766,47.2599983215332,50.220001220703125,0.6717158385623917
2025-10-24,UPST,53.970001220703125,55.220001220703125,52.459999084472656,52.689998626708984,0.5416292127993374
2025-10-27,UPST,54.5,54.5,52.25,52.7400016784668,0.678382024303654
2025-10-31,UPST,46.209999084472656,47.9900016784668,45.81999969482422,47.52000045776367,0.5416822002099034
2025-11-10,UPST,39.75,40.09000015258789,38.54999923706055,38.77000045776367,0.5748981210679807
2025-11-14,UPST,38.119998931884766,39.900001525878906,37.79999923706055,38.720001220703125,0.7523995235071943
2025-11-19,UPST,38.16999816894531,38.20000076293945,36.625,37.27000045776367,0.5108226766202294
2025-11-20,UPST,38.099998474121094,39.18000030517578,35.52000045776367,35.58000183105469,0.8967274682594897
2025-12-18,UPST,47.13999938964844,49.44499969482422,46.54999923706055,47.029998779296875,0.5246662355272022
2025-12-19,UPST,47.86000061035156,48.91999816894531,47.029998779296875,47.59000015258789,0.5530367404641998
2026-01-02,UPST,44.029998779296875,45.90999984741211,43.060001373291016,45.84000015258789,0.5541445716725937
2024-01-10,UUUU,7.059999942779541,7.210000038146973,6.940000057220459,6.96999979019165,0.5537510807494206
2024-01-12,UUUU,7.320000171661377,7.769999980926514,7.309999942779541,7.659999847412109,0.5563641445149113
2024-01-16,UUUU,7.769999980926514,8.039999961853027,7.599999904632568,7.71999979019165,0.6721779115910587
2024-01-18,UUUU,7.699999809265137,7.820000171661377,7.440000057220459,7.599999904632568,0.691552248061167
2024-01-23,UUUU,7.349999904632568,7.570000171661377,7.25,7.559999942779541,0.5127205669956391
2024-01-24,UUUU,7.599999904632568,7.739999771118164,7.449999809265137,7.480000019073486,0.8829751221971347
2024-02-01,UUUU,7.949999809265137,8.210000038146973,7.849999904632568,7.96999979019165,0.53071371932173
2024-02-26,UUUU,6.079999923706055,6.409999847412109,5.96999979019165,6.320000171661377,0.5302567682315714
2024-03-04,UUUU,6.650000095367432,6.679999828338623,6.28000020980835,6.329999923706055,0.6169918679709976
2024-03-11,UUUU,6.130000114440918,6.190000057220459,6.03000020980835,6.119999885559082,0.5865628347599324
2024-03-21,UUUU,6.329999923706055,6.349999904632568,6.190000057220459,6.239999771118164,0.8225551754693864
2024-04-01,UUUU,6.340000152587891,6.559999942779541,6.289999961853027,6.53000020980835,0.5353878319617267
2024-04-17,UUUU,5.869999885559082,5.960000038146973,5.730000019073486,5.760000228881836,0.7310485712175957
2024-04-18,UUUU,5.900000095367432,5.929999828338623,5.730000019073486,5.849999904632568,0.7616921863787626
2024-04-24,UUUU,5.309999942779541,5.429999828338623,5.210000038146973,5.360000133514404,0.6068280435317213
2024-04-29,UUUU,5.449999809265137,5.690000057220459,5.429999828338623,5.510000228881836,0.6743379248622212
2024-05-01,UUUU,5.480000019073486,5.71999979019165,5.400000095367432,5.429999828338623,0.6160434159878886
2024-05-03,UUUU,5.659999847412109,5.75,5.489999771118164,5.539999961853027,0.5264169486132181
2024-05-13,UUUU,6.150000095367432,6.260000228881836,6.03000020980835,6.03000020980835,0.5417857612422962
2024-05-15,UUUU,6.210000038146973,6.320000171661377,6.130000114440918,6.159999847412109,0.5663123300546253
2024-05-16,UUUU,6.21999979019165,6.260000228881836,6.150000095367432,6.21999979019165,0.5673165344017616
2024-06-12,UUUU,5.949999809265137,6.059999942779541,5.849999904632568,5.940000057220459,0.7021477510013215
2024-06-20,UUUU,6.199999809265137,6.21999979019165,6.03000020980835,6.099999904632568,0.6700393092574468
2024-06-25,UUUU,5.78000020980835,5.789999961853027,5.539999961853027,5.570000171661377,0.6225711192221285
2024-07-08,UUUU,5.940000057220459,6.039999961853027,5.849999904632568,5.889999866485596,0.5102570851769274
2024-07-11,UUUU,6.53000020980835,6.679999828338623,6.460000038146973,6.650000095367432,0.5918928079624932
2024-07-18,UUUU,5.989999771118164,6.03000020980835,5.71999979019165,5.75,0.5473991667430501
2024-07-22,UUUU,5.670000076293945,5.730000019073486,5.590000152587891,5.710000038146973,0.6162103202501478
2024-07-26,UUUU,5.670000076293945,5.710000038146973,5.519999980926514,5.670000076293945,0.5489935655088878
2024-07-29,UUUU,5.71999979019165,5.71999979019165,5.409999847412109,5.5,0.6475343989368139
2024-08-06,UUUU,4.769999980926514,4.820000171661377,4.619999885559082,4.630000114440918,0.5792928708927281
2024-08-07,UUUU,4.699999809265137,4.789999961853027,4.449999809265137,4.449999809265137,0.789631656428709
2024-08-12,UUUU,4.489999771118164,4.699999809265137,4.480000019073486,4.590000152587891,0.5293910703800615
2024-08-23,UUUU,4.809999942779541,5.090000152587891,4.769999980926514,4.909999847412109,0.5347581223664295
2024-08-26,UUUU,4.960000038146973,5.090000152587891,4.869999885559082,4.869999885559082,0.5458808932910735
2024-08-29,UUUU,4.739999771118164,4.869999885559082,4.679999828338623,4.789999961853027,0.5014961854052329
2024-09-16,UUUU,4.760000228881836,4.829999923706055,4.550000190734863,4.670000076293945,0.606868838377442
2024-09-19,UUUU,4.900000095367432,5.019999980926514,4.849999904632568,4.949999809265137,0.6629761111894784
2024-09-26,UUUU,5.690000057220459,5.789999961853027,5.519999980926514,5.559999942779541,0.7363437463691784
2024-10-03,UUUU,5.96999979019165,6.0,5.590000152587891,5.610000133514404,0.5772361812734547
2024-10-07,UUUU,5.699999809265137,5.739999771118164,5.289999961853027,5.400000095367432,0.5027756461671096
2024-10-17,UUUU,6.71999979019165,6.96999979019165,6.539999961853027,6.639999866485596,0.5127717457647636
2024-10-21,UUUU,7.050000190734863,7.090000152587891,6.710000038146973,6.940000057220459,0.504797433467296
2024-10-25,UUUU,6.239999771118164,6.329999923706055,6.110000133514404,6.170000076293945,0.5197893411729912
2024-10-29,UUUU,6.539999961853027,6.559999942779541,6.360000133514404,6.420000076293945,0.5890946127788556
2024-11-06,UUUU,6.099999904632568,6.170000076293945,5.71999979019165,6.050000190734863,0.6037215073461903
2024-11-13,UUUU,6.800000190734863,6.869999885559082,6.340000152587891,6.380000114440918,0.732028254862527
2024-11-15,UUUU,6.75,7.150000095367432,6.550000190734863,6.639999866485596,0.6653958687264007
2024-11-27,UUUU,6.980000019073486,7.099999904632568,6.800000190734863,6.800000190734863,0.5244396400908139
2024-12-02,UUUU,7.360000133514404,7.380000114440918,6.96999979019165,7.03000020980835,0.5321056649121814
2024-12-03,UUUU,7.099999904632568,7.119999885559082,6.769999980926514,6.980000019073486,0.5314600888134257
2024-12-04,UUUU,7.059999942779541,7.199999809265137,6.840000152587891,6.880000114440918,0.5366209751605958
2024-12-09,UUUU,6.829999923706055,6.840000152587891,6.369999885559082,6.369999885559082,0.5915210561876162
2024-12-10,UUUU,6.409999847412109,6.489999771118164,6.300000190734863,6.409999847412109,0.5326327984653685
2024-12-18,UUUU,5.579999923706055,5.78000020980835,5.329999923706055,5.349999904632568,0.7391049624057547
2024-12-19,UUUU,5.409999847412109,5.519999980926514,5.380000114440918,5.409999847412109,0.6388909319350589
2024-12-23,UUUU,5.349999904632568,5.449999809265137,5.300000190734863,5.400000095367432,0.5496342756843019
2025-01-06,UUUU,5.949999809265137,6.050000190734863,5.800000190734863,5.829999923706055,0.5411555949699652
2025-01-07,UUUU,5.860000133514404,5.929999828338623,5.440000057220459,5.449999809265137,0.6544337816394503
2025-01-14,UUUU,5.309999942779541,5.329999923706055,5.119999885559082,5.150000095367432,0.5833036370392842
2025-01-28,UUUU,5.269999980926514,5.320000171661377,5.099999904632568,5.269999980926514,0.551776031946319
2025-01-30,UUUU,5.590000152587891,5.769999980926514,5.489999771118164,5.539999961853027,0.5471318223474977
2025-02-04,UUUU,5.449999809265137,5.5,5.269999980926514,5.409999847412109,0.5179356852282004
2025-02-10,UUUU,5.260000228881836,5.369999885559082,5.050000190734863,5.070000171661377,0.5014660708889208
2025-02-11,UUUU,5.199999809265137,5.210000038146973,4.960000038146973,4.980000019073486,0.5589490406603914
2025-02-21,UUUU,4.909999847412109,4.909999847412109,4.570000171661377,4.639999866485596,0.7849803134274557
2025-02-24,UUUU,4.679999828338623,4.690000057220459,4.519999980926514,4.559999942779541,0.6700351679783543
2025-02-26,UUUU,4.449999809265137,4.610000133514404,4.409999847412109,4.440000057220459,0.6938693666691942
2025-02-28,UUUU,4.110000133514404,4.46999979019165,3.9700000286102295,4.119999885559082,0.6989496807665772
2025-03-03,UUUU,4.150000095367432,4.190000057220459,3.7799999713897705,3.799999952316284,0.7485833415291537
2025-03-12,UUUU,4.239999771118164,4.340000152587891,4.130000114440918,4.159999847412109,0.7611520390639506
2025-03-24,UUUU,4.440000057220459,4.449999809265137,4.269999980926514,4.289999961853027,0.500602890234552
2025-03-27,UUUU,4.21999979019165,4.21999979019165,4.019999980926514,4.019999980926514,0.6391287150943731
2025-04-08,UUUU,3.5899999141693115,3.6500000953674316,3.359999895095825,3.440000057220459,0.9352294765934009
2025-04-14,UUUU,4.300000190734863,4.360000133514404,4.139999866485596,4.25,0.6430471634340192
2025-04-15,UUUU,4.320000171661377,4.389999866485596,4.059999942779541,4.130000114440918,0.5240684274653756
2025-04-17,UUUU,4.909999847412109,5.119999885559082,4.619999885559082,4.949999809265137,0.7157134027022731
2025-04-21,UUUU,5.079999923706055,5.099999904632568,4.360000133514404,4.489999771118164,0.7136719861493327
2025-04-22,UUUU,4.579999923706055,4.650000095367432,4.309999942779541,4.349999904632568,0.5482136629904917
2025-04-23,UUUU,4.449999809265137,4.550000190734863,4.389999866485596,4.480000019073486,0.6697948904655828
2025-05-01,UUUU,4.579999923706055,4.760000228881836,4.429999828338623,4.550000190734863,0.5416133580043165
2025-05-08,UUUU,4.800000190734863,4.900000095367432,4.619999885559082,4.760000228881836,0.5319236321007342
2025-05-09,UUUU,4.869999885559082,4.869999885559082,4.599999904632568,4.760000228881836,0.5519187791882721
2025-05-12,UUUU,4.800000190734863,4.900000095367432,4.639999866485596,4.659999847412109,0.8025004186374045
2025-05-27,UUUU,5.590000152587891,5.599999904632568,5.349999904632568,5.449999809265137,0.5053873849207581
2025-06-02,UUUU,4.949999809265137,5.0,4.820000171661377,4.869999885559082,0.6038312622901378
2025-06-03,UUUU,5.28000020980835,5.739999771118164,5.139999866485596,5.579999923706055,0.537612959485263
2025-06-06,UUUU,5.670000076293945,5.670000076293945,5.28000020980835,5.46999979019165,0.5796299666646773
2025-06-10,UUUU,5.699999809265137,5.699999809265137,5.300000190734863,5.360000133514404,0.5812568393198955
2025-06-11,UUUU,5.400000095367432,5.670000076293945,5.329999923706055,5.409999847412109,0.5361606385995679
2025-06-13,UUUU,5.579999923706055,5.889999866485596,5.239999771118164,5.619999885559082,0.5906700015583057
2025-06-17,UUUU,5.860000133514404,5.909999847412109,5.650000095367432,5.880000114440918,0.5919394230396994
2025-06-25,UUUU,5.699999809265137,5.820000171661377,5.53000020980835,5.610000133514404,0.522672381352404
2025-07-01,UUUU,5.809999942779541,5.820000171661377,5.590000152587891,5.75,0.6373889511309693
2025-07-21,UUUU,9.449999809265137,9.479999542236328,8.930000305175781,9.210000038146973,0.6853623442174528
2025-07-28,UUUU,10.300000190734863,10.40999984741211,9.880000114440918,10.039999961853027,0.744106298631885
2025-08-05,UUUU,9.800000190734863,10.020000457763672,9.550000190734863,9.920000076293945,0.5641320214168473
2025-08-08,UUUU,9.75,10.739999771118164,9.539999961853027,9.550000190734863,0.581750868126839
2025-08-13,UUUU,9.789999961853027,10.149999618530273,9.1899995803833,9.510000228881836,0.5113237411469829
2025-08-19,UUUU,10.449999809265137,10.479999542236328,8.15999984741211,8.470000267028809,0.6878426031822753
2025-08-22,UUUU,9.65999984741211,10.649999618530273,9.470000267028809,10.579999923706055,0.5161684490576467
2025-08-25,UUUU,10.75,11.1899995803833,10.529999732971191,10.930000305175781,0.5491184302172193
2025-08-28,UUUU,11.609999656677246,12.09000015258789,11.289999961853027,11.680000305175781,0.5574762393184035
2025-08-29,UUUU,12.239999771118164,12.5,11.289999961853027,11.5600004196167,0.6843401979770568
2025-09-18,UUUU,14.350000381469727,14.380000114440918,13.630000114440918,14.100000381469727,0.5197455098147804
2025-09-23,UUUU,15.800000190734863,16.770000457763672,15.350000381469727,16.670000076293945,0.5614749145666005
2025-09-24,UUUU,17.329999923706055,18.600000381469727,16.770000457763672,16.8700008392334,0.54720562612723
2025-09-26,UUUU,17.510000228881836,18.780000686645508,16.450000762939453,16.709999084472656,0.5354741500372024
2025-10-08,UUUU,18.0,19.260000228881836,17.40999984741211,18.0,0.5317983797246943
2025-10-10,UUUU,21.239999771118164,22.3700008392334,20.200000762939453,20.34000015258789,0.752726363468395
2025-10-15,UUUU,26.65999984741211,27.329999923706055,23.0,24.989999771118164,0.6884270677448465
2025-10-20,UUUU,22.329999923706055,23.139999389648438,20.780000686645508,22.579999923706055,0.6614342446425259
2025-10-23,UUUU,23.18000030517578,23.40999984741211,20.739999771118164,21.260000228881836,0.5336827537149155
2025-10-28,UUUU,19.709999084472656,20.950000762939453,19.209999084472656,20.030000686645508,0.5004677982477225
2025-10-30,UUUU,21.0,22.25,19.559999465942383,21.81999969482422,0.5976232852660301
2025-10-31,UUUU,22.299999237060547,22.450000762939453,20.010000228881836,20.510000228881836,0.6391712887681401
2025-11-10,UUUU,16.3799991607666,16.920000076293945,16.09000015258789,16.489999771118164,0.5969475762416034
2025-11-12,UUUU,15.899999618530273,16.309999465942383,15.579999923706055,15.819999694824219,0.5402714188486938
2025-11-19,UUUU,15.359999656677246,16.209999084472656,15.109999656677246,15.489999771118164,0.6181027932430879
2025-11-20,UUUU,15.989999771118164,16.059999465942383,13.170000076293945,13.210000038146973,0.8925118731089488
2025-11-26,UUUU,14.75,14.800000190734863,14.319999694824219,14.359999656677246,0.5049699933489131
2025-12-03,UUUU,15.350000381469727,15.489999771118164,14.699999809265137,15.100000381469727,0.5371469231763047
2025-12-05,UUUU,16.600000381469727,16.6299991607666,15.130000114440918,15.609999656677246,0.5159296865126269
2025-12-12,UUUU,16.0,16.020000457763672,14.199999809265137,14.569999694824219,0.5639590979916277
2025-12-15,UUUU,14.760000228881836,15.289999961853027,13.979999542236328,14.020000457763672,0.7245262863942835
2025-12-19,UUUU,14.4399995803833,15.619999885559082,14.300000190734863,15.069999694824219,0.5471125708604498
2025-12-30,UUUU,15.149999618530273,15.220000267028809,14.140000343322754,14.210000038146973,0.6933222951189767
2026-01-02,UUUU,14.65999984741211,17.06999969482422,14.65999984741211,16.68000030517578,0.5556436912281499
2026-01-05,UUUU,17.270000457763672,18.540000915527344,16.829999923706055,18.469999313354492,0.5757205824994741
2026-01-08,UUUU,19.530000686645508,19.56999969482422,18.350000381469727,18.59000015258789,0.5288411186296245
2026-01-12,UUUU,18.31999969482422,19.799999237060547,17.75,19.260000228881836,0.6201228017907285
2026-01-14,UUUU,19.559999465942383,21.3700008392334,18.90999984741211,20.90999984741211,0.5781691791317871
2024-01-10,V,261.10553150926825,261.4996916725353,259.0262892838585,260.7015075683594,0.5148354041822346
2024-02-07,V,275.30529125453626,275.4629612882858,273.0191208738943,275.3151550292969,0.5840058839449701
2024-02-22,V,275.621242859487,280.4390415780476,275.42381036703677,280.13299560546875,0.514928196741954
2024-04-05,V,272.580487484143,274.4167631184586,271.5241198217034,273.60723876953125,0.5737707842930565
2024-04-15,V,274.34768640066903,274.3674206097634,266.89390991862564,267.8219299316406,0.5014822921757086
2024-04-17,V,269.8161990506642,270.5072881155248,268.0391559246897,269.2139892578125,0.6677911153758477
2024-04-23,V,270.5171740579842,271.3859614218447,269.2337272237113,270.6158752441406,0.542475602635806
2024-04-24,V,278.9679970021059,279.3925084236264,270.99097847617935,271.51422119140625,0.5729471900312787
2024-06-12,V,273.7476194367676,274.5685726161433,266.95264569133235,267.3680725097656,0.6130669585218197
2024-07-22,V,264.31182104521275,265.4690275746508,262.12593282859103,264.78656005859375,0.5543972774911312
2024-07-26,V,252.79894384367867,258.34769812586956,252.79894384367867,256.6266784667969,0.5241143276226742
2024-07-30,V,260.35548339525775,261.4137758280651,258.15972505908445,260.2268981933594,0.6112940935851701
2024-08-07,V,256.8244906354326,259.1686051705775,253.51106693125453,253.71876525878906,0.8151173287279925
2024-09-19,V,288.4886138346245,288.87514304111886,280.3420722574041,282.6908874511719,0.676529357361554
2024-09-25,V,271.73964410205133,271.7991054794688,265.83291540139317,267.22039794921875,0.5939762100277194
2024-10-01,V,274.49482688857665,276.56614573335617,271.9081357270118,275.11920166015625,0.5085775121414657
2024-10-31,V,289.4796459580755,293.69166455079244,287.0317186485143,287.2596740722656,0.56722493293643
2024-11-06,V,303.58249704644436,306.2385392543525,300.1137757280294,304.65283203125,0.6230595794394083
2024-12-19,V,309.63082403855225,314.63528822135737,309.0350797449425,312.6593322753906,0.6320524189261462
2025-01-14,V,306.572527233451,307.9725867835767,305.3511909529538,306.9101257324219,0.5267416652826503
2025-01-31,V,344.02654379001,348.77283193492343,339.30010368753335,339.38946533203125,0.5442102174955262
2025-03-12,V,334.1618965690233,334.3508764658664,327.33879955144243,331.0487365722656,0.788569471423175
2025-04-08,V,320.5057803033753,324.5240465967075,302.2943222822846,306.6109619140625,0.9198996332407884
2025-04-14,V,334.5995511231029,337.78231152034897,331.3471601589774,333.37615966796875,0.6239225196716917
2025-04-23,V,335.4250758734188,339.41350508951837,331.4068396748975,332.5705261230469,0.6734766641431105
2025-05-12,V,357.2072393070147,359.94243969691246,349.24033682191566,353.9349365234375,0.8959746861599168
2025-09-26,V,336.56335656214355,338.8288581394381,335.5653334159302,336.70306396484375,0.5100406884698943
2025-12-11,V,332.6000061035156,347.32000732421875,330.05999755859375,345.6300048828125,0.507201231278015
2024-01-24,VOO,437.1243699774609,437.97263920763385,434.61854196603304,434.8525390625,0.7486576910004576
2024-02-22,VOO,451.65223108803946,455.65957975364233,450.7747123059454,454.9185791015625,0.5572759588774879
2024-03-21,VOO,470.567803115898,471.1723154510462,469.19301066557057,469.32952880859375,0.7618077105436614
2024-04-04,VOO,470.69204107780087,470.9659255199938,460.9788599342782,461.1842956542969,0.5506605345656936
2024-04-15,VOO,463.1308791209657,463.2482539155038,452.74279188797806,453.4861755371094,0.5277379201811125
2024-04-17,VOO,454.9534110887034,455.08057706397057,448.7127557780506,449.9452209472656,0.5170274971305625
2024-04-26,VOO,455.16861697624626,458.39657307998345,454.6599829164915,457.007568359375,0.5170520896495859
2024-05-23,VOO,479.2118952591312,479.29013517381793,471.7582970989041,472.8831787109375,0.6794791505365617
2024-07-22,VOO,498.9375468196489,500.9499243530627,497.1411609798102,500.4296569824219,0.562226930664366
2024-08-07,VOO,476.78194819621774,479.5795946405743,467.36800631339264,467.85882568359375,0.765932499186606
2024-09-19,VOO,515.242615680791,516.9310057808678,512.6020047198014,515.2720336914062,0.6562055359046157
2024-09-26,VOO,519.9446641495737,520.1900738768217,515.8414206997265,518.0108642578125,0.6991411766505737
2024-10-17,VOO,530.3776617629871,530.5155338110434,526.9607909364425,527.1084594726562,0.5195550496301501
2024-11-06,VOO,533.3612476397756,535.8131339836445,529.9344606099595,534.9859619140625,0.5009371790962989
2025-01-06,VOO,541.6178373132151,544.7295252495547,539.1877072530673,540.9164428710938,0.5681749510062519
2025-02-10,VOO,548.6908784184669,550.0146226738316,547.5054475004655,549.3922729492188,0.5072588325260752
2025-03-12,VOO,510.6093063124816,511.4489538816328,502.9139538263318,507.517333984375,0.7746021922647255
2025-04-08,VOO,475.49421836531945,478.2796953773555,445.6767151923528,452.75439453125,0.8664303422642728
2025-04-14,VOO,495.6864705183345,495.8946598052031,486.4081619166348,491.1563720703125,0.604127166260418
2025-04-23,VOO,492.35580332247525,496.8066131593746,486.41808273369134,487.776123046875,0.7074297627136334
2025-05-01,VOO,510.63488828843447,513.9160022160769,508.2954965913198,508.8703918457031,0.582111964548298
2025-05-12,VOO,529.8358773001077,531.2434692382812,525.7617562628097,531.2434692382812,0.8858899419370653
2025-05-29,VOO,540.3929684461187,540.5218388879958,534.0388691283658,537.587646484375,0.7855540607338023
2025-07-31,VOO,584.4995637453875,584.8276503765786,576.5548421923058,577.7281494140625,0.6230721105310602
2025-10-27,VOO,625.968475034147,628.5112666277245,625.3900947829738,628.2221069335938,0.5137989553196157
2025-10-31,VOO,628.0625937585746,628.1622872095131,622.737636666961,625.2704467773438,0.5312348299303644
2025-11-10,VOO,620.9327254539305,625.4399891576033,618.9084250490456,624.7020263671875,0.5105418572837657
2025-11-20,VOO,616.9739140162726,619.3771469668188,597.6685634485882,598.2669067382812,0.8123389574325962
2025-12-15,VOO,628.7805367860499,628.7805367860499,622.8074504984702,624.1935424804688,0.6099212642369786
2025-12-18,VOO,621.2917429200417,624.1736019573118,618.818760947447,620.2546997070312,0.5013286136222431
2024-01-24,VST,39.51272563822171,39.542262979469896,38.53302791859692,38.62656784057617,0.7316716940582543
2024-01-25,VST,39.12873165945571,39.9262700534262,39.07949774119331,39.8081169128418,0.639861843345015
2024-03-06,VST,58.35832050694694,60.41617267199304,58.35832050694694,59.96324920654297,0.631650500347776
2024-03-07,VST,60.26848657913672,60.85925982586062,59.648179740704734,60.731258392333984,0.6761536320117977
2024-03-21,VST,67.03703047504324,68.42519478017654,66.55784106564403,67.5508041381836,0.7051501881415193
2024-04-04,VST,73.66662291979391,74.98068872691717,69.52683244287236,69.69479370117188,0.5586573651250188
2024-04-09,VST,74.00255948902037,74.69416916524351,67.6792419456284,68.6968994140625,0.5195453661568801
2024-04-15,VST,69.98131542486637,71.6115466016135,67.3828233097307,67.402587890625,0.5380122386759677
2024-04-17,VST,67.79780664612831,68.66232250798926,66.45410138922601,67.82744598388672,0.676055149513069
2024-04-23,VST,66.57265044322509,68.32144653281797,65.8019976056333,67.62982940673828,0.6101107323720562
2024-04-24,VST,69.16126576053078,70.63341059251346,68.04974541795082,69.61575317382812,0.5108064884628896
2024-04-29,VST,72.43160825424104,77.06541579564575,72.1055679932014,77.02589416503906,0.5974345734063305
2024-05-03,VST,79.63426004535702,82.03514441106576,79.11258659152352,80.51359558105469,0.5794573166109614
2024-05-06,VST,81.32376526507801,82.60819177656924,79.14024622592665,82.24262237548828,0.5137894640138626
2024-05-13,VST,93.39734358350447,94.60272679152013,88.9710270107676,89.08958435058594,0.5077430815042725
2024-05-23,VST,94.84972505051806,96.93444356872921,91.55962340371327,94.97816467285156,0.7496222062681397
2024-06-03,VST,98.6733649792518,98.6733649792518,90.40365121959042,92.13268280029297,0.5201093231145248
2024-06-12,VST,91.76711618559166,93.36770818239106,87.9336087643683,89.47491455078125,0.7110667491067106
2024-06-20,VST,87.44908121143007,89.1033608616161,85.88395082687333,87.35993194580078,0.5757580458339764
2024-07-18,VST,76.7507375152489,77.41442945345811,73.05584210771808,75.8294906616211,0.5677184426743496
2024-07-22,VST,76.55261739910857,78.66257406872307,76.34459488588739,78.4248275756836,0.6007550186618069
2024-07-25,VST,72.85773654967144,73.26387362239092,68.37036741577073,69.71756744384766,0.7422558829849681
2024-07-26,VST,71.40156295179717,71.6194934541621,69.4600119742673,70.45059967041016,0.6704597625213353
2024-07-29,VST,71.27277429191868,72.49120035662155,70.17322145910356,70.5694580078125,0.6351572364317482
2024-07-30,VST,71.25297785817267,72.20394120058315,68.09300048627378,68.35055541992188,0.6372949934793004
2024-08-07,VST,75.95825957462313,76.32477971750717,71.84731940921843,73.25395202636719,0.7986384382413152
2024-08-13,VST,78.28614678378621,81.15885270096804,77.19650179660263,79.69277954101562,0.5191603801247108
2024-08-26,VST,85.49761822699581,87.06274853832228,83.3777612463725,84.0810775756836,0.5425898064112161
2024-09-10,VST,74.70022254051601,76.09694727609597,73.79878410037428,75.3639144897461,0.6991024277882508
2024-09-19,VST,93.44213423046341,94.35347304871485,89.4104428234936,91.86709594726562,0.6969153582852973
2024-09-25,VST,113.3742542606264,119.75887930482392,112.8976381939817,118.23967742919922,0.5344875011420291
2024-09-26,VST,119.15316931294016,121.14898702008718,112.8181952050018,113.35438537597656,0.7725226667468633
2024-10-03,VST,127.49389695586542,134.34521391890343,125.12077096138263,131.51531982421875,0.5790497032579794
2024-10-07,VST,138.87303692131027,142.84977929606816,127.45419009144071,130.34365844726562,0.5879801864915205
2024-10-17,VST,138.49570695641412,138.49570695641412,126.09384907705281,126.37187194824219,0.5600215820908995
2024-11-06,VST,124.28668945331646,126.10377719480788,120.21562414560292,125.2001953125,0.5348564841140178
2024-11-13,VST,144.40370459445123,146.55840440718617,140.31278396049865,141.1170654296875,0.6988621874387546
2024-12-03,VST,154.54167999868503,157.75882144100146,152.8139533655892,153.07212829589844,0.507808970615479
2024-12-04,VST,157.81839089700472,163.09091674003926,155.90200268778327,160.17166137695312,0.5440530377902504
2024-12-11,VST,144.9101218816837,147.362692609053,142.4277640726953,144.96969604492188,0.5110081110131195
2024-12-18,VST,140.25321449030375,140.25321449030375,130.71103058336152,131.95220947265625,0.7715716799469439
2024-12-19,VST,133.66007715912392,138.74394120573766,132.3791871704346,136.23179626464844,0.7005664950862047
2025-01-06,VST,164.26028463655823,165.09570504401873,158.63111418386137,163.05686950683594,0.6165403187562473
2025-01-14,VST,165.77197840135963,174.04666123706357,164.7873812873581,169.58111572265625,0.5319001041161237
2025-01-21,VST,178.32324143330837,187.74165350977495,173.89748646023227,184.3402862548828,0.5613476172681581
2025-01-22,VST,191.93866715246716,193.6095078480325,182.30145226895576,185.84205627441406,0.5714752826490623
2025-01-28,VST,141.405446594808,149.0833919919169,134.18500195843788,148.82481384277344,0.6521995377850175
2025-02-05,VST,171.44094998885842,175.39926434756123,167.75115385546795,170.67514038085938,0.6097678272431208
2025-02-18,VST,167.95004850267705,171.8288117272186,165.97089906200108,168.35781860351562,0.5252355449547129
2025-02-24,VST,150.37632476334394,150.76419960500385,138.25571778886004,141.9822998046875,0.5923375895474771
2025-02-26,VST,142.22099162048562,149.38176578582463,141.78338614123925,147.38272094726562,0.7212355784135819
2025-02-27,VST,148.29771556776467,152.10685325028666,129.06307493830843,129.3017578125,0.8356499512686881
2025-03-12,VST,118.87885666769583,127.13364528317312,117.75501509741353,121.2558364868164,0.7567739322635283
2025-04-01,VST,117.83893957871015,121.83398865140654,115.56744278156845,121.78417205810547,0.6024949347729053
2025-04-08,VST,109.0518239801837,111.97089834720732,99.5274755448598,101.8089370727539,0.9770642389369745
2025-04-14,VST,116.87255024091726,117.7592308354601,110.09791190507373,112.26978302001953,0.701167880703357
2025-04-17,VST,117.39061798014086,119.73185339423347,113.57489808855307,114.9896011352539,0.7237568239644467
2025-04-23,VST,121.54506276448568,125.11171479114564,117.88874999571514,119.55252075195312,0.6958455125226638
2025-05-01,VST,137.15664034428596,140.00597629486137,135.3035754924867,136.78802490234375,0.5360335840687077
2025-05-08,VST,140.6137053619647,142.7457249521028,136.92750525589855,140.3845672607422,0.520006137236507
2025-05-12,VST,144.85779762701844,146.92008589830687,142.47671054003501,145.54522705078125,0.6922892531148505
2025-05-29,VST,165.32121874114262,165.38099257121542,158.18791444925594,159.13436889648438,0.8353818227725931
2025-07-09,VST,192.24469600821118,199.75612355646206,189.3767866188238,196.52410888671875,0.5554101136151964
2025-07-29,VST,196.71365816502907,198.91821451382148,193.53152297478817,197.51168823242188,0.5801308298350033
2025-07-31,VST,209.2227332132458,212.52257350314818,205.22261315315924,208.0256805419922,0.7180831063296044
2025-08-04,VST,210.0307359608172,214.59944240268715,207.77531054915667,213.53207397460938,0.52269334411642
2025-08-11,VST,203.0978707960537,205.70143440532638,198.19997659428128,199.5865478515625,0.5247322437404314
2025-08-25,VST,191.0676120975563,194.18989767641858,188.83314618857756,189.61122131347656,0.5008665417269786
2025-09-30,VST,198.91265269623102,200.22082623010164,190.434468583815,195.64720153808594,0.5403800307683825
2025-10-02,VST,203.7558923532988,204.7145623743023,198.43332714060483,202.36782836914062,0.5187344432707568
2025-10-07,VST,201.28935340204708,203.55119914314005,195.6122560536667,199.34205627441406,0.5101608798120943
2025-10-08,VST,201.29932434271325,206.32231941424692,199.84834455624014,206.2624053955078,0.527459679433643
2025-10-16,VST,214.4909273154308,216.79772375287433,208.39344152716168,210.10704040527344,0.6438424450593155
2025-10-20,VST,203.84578793255267,205.21387556027383,192.53855526997052,193.9695587158203,0.5876439110664737
2025-10-27,VST,203.37643665595962,203.37643665595962,196.22640226010762,199.0225067138672,0.5757126970468578
2025-10-31,VST,191.73267185443876,192.6214320675956,183.26448311404664,188.03782653808594,0.5517509192019344
2025-11-03,VST,190.54431897388326,194.91822525854482,187.58444145552667,192.77120971679688,0.5984653697146186
2025-11-10,VST,194.52876333653407,196.52597853457334,183.90357909246683,188.01783752441406,0.6008543078934853
2025-11-12,VST,180.07891886621343,181.04756950309843,177.04314308539543,178.02178955078125,0.5374748660981534
2025-11-20,VST,184.56267597351712,189.02643821787026,172.8889499307622,173.5480194091797,0.8868572829349434
2025-11-26,VST,173.757728580842,177.5025072140498,172.84400929885834,176.5538330078125,0.5099952581874787
2025-12-15,VST,172.71918039914652,172.75911799936733,166.7474958695247,168.01573181152344,0.7037305644142091
2025-12-18,VST,165.42934474122464,171.68062306101618,162.44350242218374,165.93862915039062,0.516281527678766
2025-12-22,VST,164.0,164.30999755859375,160.85000610351562,161.57000732421875,0.5291268866993745
2026-01-02,VST,163.88999938964844,169.27999877929688,163.88999938964844,165.22999572753906,0.5334159099015188
2026-01-05,VST,169.3699951171875,171.65499877929688,160.19000244140625,162.92999267578125,0.5088397473029279
2026-01-09,VST,174.3300018310547,174.74000549316406,165.8800048828125,166.3699951171875,0.7173665329592401
2024-01-02,WWR,0.5699999928474426,0.6000000238418579,0.5699999928474426,0.5899999737739563,0.5547577630273312
2024-01-05,WWR,0.5899999737739563,0.5899999737739563,0.550000011920929,0.5600000023841858,0.7095228144113959
2024-01-09,WWR,0.5600000023841858,0.5600000023841858,0.5400000214576721,0.550000011920929,0.6482536846859019
2024-02-06,WWR,0.5699999928474426,0.5699999928474426,0.5299999713897705,0.5299999713897705,0.6332535808959954
2024-02-07,WWR,0.5400000214576721,0.5400000214576721,0.5099999904632568,0.5199999809265137,0.6185342587370843
2024-02-09,WWR,0.5299999713897705,0.5299999713897705,0.5,0.5199999809265137,0.5526942809086463
2024-02-15,WWR,0.550000011920929,0.5600000023841858,0.5400000214576721,0.550000011920929,0.5052625514782701
2024-02-20,WWR,0.550000011920929,0.550000011920929,0.5099999904632568,0.5299999713897705,0.5982008022364781
2024-02-21,WWR,0.5400000214576721,0.5400000214576721,0.5,0.5,0.5936164012118017
2024-02-22,WWR,0.5099999904632568,0.5099999904632568,0.5,0.5,0.6026286645092745
2024-02-23,WWR,0.5099999904632568,0.5299999713897705,0.5,0.5,0.6581718076839179
2024-03-11,WWR,0.5099999904632568,0.5199999809265137,0.5,0.5,0.6031117135592475
2024-03-14,WWR,0.5,0.5,0.46000000834465027,0.4699999988079071,0.7624288144007104
2024-03-15,WWR,0.49000000953674316,0.49000000953674316,0.4699999988079071,0.4699999988079071,0.7181626252413065
2024-03-20,WWR,0.5199999809265137,0.5600000023841858,0.5099999904632568,0.5299999713897705,0.6277219417658911
2024-03-22,WWR,0.5099999904632568,0.5299999713897705,0.5,0.5099999904632568,0.5983199826888339
2024-03-26,WWR,0.5,0.5,0.49000000953674316,0.5,0.5198626070567504
2024-04-01,WWR,0.5099999904632568,0.5099999904632568,0.47999998927116394,0.49000000953674316,0.5505218514634681
2024-04-02,WWR,0.5,0.5,0.4699999988079071,0.49000000953674316,0.7257381266506818
2024-04-11,WWR,0.47999998927116394,0.49000000953674316,0.46000000834465027,0.47999998927116394,0.6118733858364603
2024-04-16,WWR,0.47999998927116394,0.47999998927116394,0.44999998807907104,0.46000000834465027,0.5855990288349409
2024-04-23,WWR,0.4399999976158142,0.4399999976158142,0.4099999964237213,0.4300000071525574,0.7830042110254147
2024-04-29,WWR,0.44999998807907104,0.44999998807907104,0.4300000071525574,0.4399999976158142,0.6672564103075818
2024-05-15,WWR,0.5,0.5,0.46000000834465027,0.47999998927116394,0.6022633456912125
2024-05-16,WWR,0.5,0.5,0.4699999988079071,0.47999998927116394,0.5841064708840363
2024-05-23,WWR,0.47999998927116394,0.49000000953674316,0.4699999988079071,0.47999998927116394,0.8019832728659875
2024-05-29,WWR,0.49000000953674316,0.5,0.4699999988079071,0.4699999988079071,0.7848130238156895
2024-05-31,WWR,0.49000000953674316,0.5199999809265137,0.47999998927116394,0.5,0.5224401961621139
2024-06-03,WWR,0.5199999809265137,0.5799999833106995,0.5199999809265137,0.5699999928474426,0.5514057861962507
2024-06-04,WWR,0.6000000238418579,0.6000000238418579,0.5400000214576721,0.5699999928474426,0.7226387934448256
2024-06-11,WWR,0.5299999713897705,0.5299999713897705,0.5099999904632568,0.5099999904632568,0.6539871455368488
2024-06-12,WWR,0.5199999809265137,0.5299999713897705,0.5,0.5099999904632568,0.6952852958428634
2024-06-13,WWR,0.5299999713897705,0.5299999713897705,0.5,0.5099999904632568,0.5478986887923721
2024-06-17,WWR,0.5,0.5099999904632568,0.47999998927116394,0.49000000953674316,0.6163747442851959
2024-06-26,WWR,0.47999998927116394,0.49000000953674316,0.44999998807907104,0.47999998927116394,0.8088212345545507
2024-06-27,WWR,0.5,0.5099999904632568,0.46000000834465027,0.47999998927116394,0.620263093680345
2024-06-28,WWR,0.5199999809265137,0.5199999809265137,0.4699999988079071,0.47999998927116394,0.7441917810354467
2024-07-01,WWR,0.5,0.5,0.4699999988079071,0.47999998927116394,0.6720699350489611
2024-07-10,WWR,0.47999998927116394,0.49000000953674316,0.46000000834465027,0.4699999988079071,0.5996022176578555
2024-07-11,WWR,0.47999998927116394,0.49000000953674316,0.46000000834465027,0.46000000834465027,0.6316360711141688
2024-07-18,WWR,0.5899999737739563,0.5899999737739563,0.5099999904632568,0.5099999904632568,0.7132202918742768
2024-07-19,WWR,0.5199999809265137,0.5299999713897705,0.5099999904632568,0.5199999809265137,0.6082827546312012
2024-07-22,WWR,0.5600000023841858,0.5600000023841858,0.5199999809265137,0.5299999713897705,0.5567564467496535
2024-07-24,WWR,0.5400000214576721,0.5400000214576721,0.5199999809265137,0.5199999809265137,0.786583338373406
2024-07-26,WWR,0.550000011920929,0.550000011920929,0.5099999904632568,0.5199999809265137,0.6445097046591419
2024-07-30,WWR,0.5400000214576721,0.5400000214576721,0.5,0.5099999904632568,0.6773142166694421
2024-08-26,WWR,0.5199999809265137,0.5600000023841858,0.5199999809265137,0.5400000214576721,0.5342672975855088
2024-09-06,WWR,0.5299999713897705,0.5299999713897705,0.5099999904632568,0.5099999904632568,0.5679983482564374
2024-09-16,WWR,0.5299999713897705,0.5400000214576721,0.5099999904632568,0.5099999904632568,0.5559641652691045
2024-09-17,WWR,0.5299999713897705,0.5299999713897705,0.5199999809265137,0.5199999809265137,0.527442483747444
2024-09-18,WWR,0.5400000214576721,0.5400000214576721,0.5199999809265137,0.5199999809265137,0.5078037847015063
2024-10-02,WWR,0.5299999713897705,0.5299999713897705,0.5099999904632568,0.5099999904632568,0.5865922215948312
2024-10-07,WWR,0.5199999809265137,0.5199999809265137,0.5199999809265137,0.5199999809265137,0.5924327376452708
2024-10-09,WWR,0.5299999713897705,0.5299999713897705,0.5099999904632568,0.5199999809265137,0.5584474515990803
2024-10-16,WWR,0.5299999713897705,0.5299999713897705,0.5199999809265137,0.5199999809265137,0.5128477290255722
2024-10-22,WWR,0.6299999952316284,0.6399999856948853,0.550000011920929,0.5899999737739563,0.7401848277218832
2024-10-24,WWR,0.6899999976158142,0.699999988079071,0.6299999952316284,0.6800000071525574,0.5575344571567696
2024-10-29,WWR,0.6299999952316284,0.6299999952316284,0.6000000238418579,0.6200000047683716,0.5769266318579658
2024-11-01,WWR,0.6299999952316284,0.6299999952316284,0.6100000143051147,0.6200000047683716,0.6355882319010354
2024-11-14,WWR,0.5699999928474426,0.6000000238418579,0.550000011920929,0.5600000023841858,0.6205952810581673
2024-11-15,WWR,0.5899999737739563,0.5899999737739563,0.5400000214576721,0.550000011920929,0.8175379252181773
2024-11-26,WWR,0.5600000023841858,0.5699999928474426,0.5600000023841858,0.5699999928474426,0.57594390980211
2024-11-29,WWR,0.6200000047683716,0.6200000047683716,0.5799999833106995,0.5899999737739563,0.6468135160719939
2024-12-02,WWR,0.6000000238418579,0.6000000238418579,0.5699999928474426,0.5799999833106995,0.583280511032412
2024-12-17,WWR,0.5799999833106995,0.5799999833106995,0.550000011920929,0.550000011920929,0.7695145041739418
2024-12-18,WWR,0.5600000023841858,0.5799999833106995,0.5299999713897705,0.5299999713897705,0.7698201442554197
2024-12-19,WWR,0.5400000214576721,0.5400000214576721,0.5,0.5199999809265137,0.6892319960117809
2024-12-26,WWR,0.6000000238418579,0.6000000238418579,0.5600000023841858,0.5799999833106995,0.5588804913284284
2025-01-06,WWR,0.8299999833106995,0.8399999737739563,0.6600000262260437,0.800000011920929,0.5483687486775419
2025-01-07,WWR,0.8299999833106995,0.8399999737739563,0.7799999713897705,0.8100000023841858,0.6937405100065029
2025-01-08,WWR,0.8500000238418579,0.8700000047683716,0.8100000023841858,0.8399999737739563,0.5768981359196785
2025-01-10,WWR,0.8500000238418579,0.8700000047683716,0.7900000214576721,0.8100000023841858,0.751501752883305
2025-01-17,WWR,0.8100000023841858,0.8100000023841858,0.7799999713897705,0.7900000214576721,0.6480619445323237
2025-01-21,WWR,0.800000011920929,0.8100000023841858,0.7599999904632568,0.7900000214576721,0.5125971237105479
2025-01-28,WWR,1.059999942779541,1.0800000429153442,0.8500000238418579,0.9300000071525574,0.6350387846518503
2025-01-31,WWR,0.9900000095367432,0.9900000095367432,0.8999999761581421,0.9399999976158142,0.615453681659403
2025-02-04,WWR,0.9399999976158142,0.9399999976158142,0.8799999952316284,0.8999999761581421,0.5131027559491158
2025-02-05,WWR,0.9100000262260437,0.9100000262260437,0.8799999952316284,0.8999999761581421,0.6016619804458584
2025-02-10,WWR,1.059999942779541,1.059999942779541,0.9399999976158142,0.9599999785423279,0.5195469584727251
2025-02-11,WWR,0.9700000286102295,1.1200000047683716,0.8700000047683716,0.8899999856948853,0.5821025805488782
2025-02-12,WWR,0.9200000166893005,0.9700000286102295,0.8899999856948853,0.9399999976158142,0.618490509975524
2025-02-14,WWR,0.8999999761581421,0.9100000262260437,0.8100000023841858,0.8500000238418579,0.6139368462136376
2025-02-21,WWR,0.8700000047683716,0.8799999952316284,0.8399999737739563,0.8500000238418579,0.7943629698353327
2025-02-25,WWR,0.800000011920929,0.800000011920929,0.7099999785423279,0.75,0.5071165049142837
2025-02-27,WWR,0.7799999713897705,0.7799999713897705,0.7300000190734863,0.75,0.8737839218755815
2025-03-05,WWR,0.699999988079071,0.699999988079071,0.6600000262260437,0.6800000071525574,0.5324939487851302
2025-03-12,WWR,0.6600000262260437,0.6899999976158142,0.6100000143051147,0.6399999856948853,0.7768784652490168
2025-03-26,WWR,0.6100000143051147,0.6100000143051147,0.5600000023841858,0.5600000023841858,0.721694792131994
2025-03-27,WWR,0.5699999928474426,0.5699999928474426,0.550000011920929,0.5600000023841858,0.6969843462463611
2025-03-31,WWR,0.5899999737739563,0.5899999737739563,0.5299999713897705,0.550000011920929,0.6284380390223597
2025-04-01,WWR,0.5699999928474426,0.6100000143051147,0.5400000214576721,0.5699999928474426,0.7259023484856157
2025-04-02,WWR,0.5799999833106995,0.5899999737739563,0.5600000023841858,0.5600000023841858,0.6998211836455571
2025-04-10,WWR,0.5299999713897705,0.5400000214576721,0.5099999904632568,0.5199999809265137,0.7535848152404263
2025-04-11,WWR,0.5400000214576721,0.5400000214576721,0.5199999809265137,0.5400000214576721,0.5442380016460574
2025-04-14,WWR,0.5600000023841858,0.5799999833106995,0.5299999713897705,0.550000011920929,0.7008998269030591
2025-04-15,WWR,0.5600000023841858,0.5699999928474426,0.5199999809265137,0.5400000214576721,0.5280017981060467
2025-04-17,WWR,0.6200000047683716,0.6299999952316284,0.5400000214576721,0.550000011920929,0.8400740764697467
2025-04-28,WWR,0.5199999809265137,0.5199999809265137,0.49000000953674316,0.5099999904632568,0.6326391636833715
2025-05-07,WWR,0.5199999809265137,0.5199999809265137,0.49000000953674316,0.5,0.5285968957934055
2025-05-12,WWR,0.5299999713897705,0.5299999713897705,0.47999998927116394,0.49000000953674316,0.8666850988419811
2025-05-15,WWR,0.47999998927116394,0.49000000953674316,0.44999998807907104,0.47999998927116394,0.6024508474158258
2025-05-22,WWR,0.47999998927116394,0.47999998927116394,0.46000000834465027,0.47999998927116394,0.5301260006846835
2025-05-23,WWR,0.49000000953674316,0.5099999904632568,0.4699999988079071,0.4699999988079071,0.7511801747391711
2025-05-30,WWR,0.49000000953674316,0.49000000953674316,0.4699999988079071,0.4699999988079071,0.6351519303543793
2025-06-02,WWR,0.47999998927116394,0.47999998927116394,0.4699999988079071,0.47999998927116394,0.5587702008245058
2025-06-20,WWR,0.6399999856948853,0.6600000262260437,0.5899999737739563,0.6600000262260437,0.5625750052812554
2025-06-30,WWR,0.6100000143051147,0.6100000143051147,0.5899999737739563,0.6000000238418579,0.5856873513405371
2025-07-08,WWR,0.6100000143051147,0.6200000047683716,0.5899999737739563,0.6000000238418579,0.7425039728694108
2025-07-09,WWR,0.6299999952316284,0.6299999952316284,0.6000000238418579,0.6100000143051147,0.5806376261008267
2025-07-11,WWR,0.6200000047683716,0.6200000047683716,0.5699999928474426,0.5899999737739563,0.7239941992881337
2025-07-14,WWR,0.6000000238418579,0.6200000047683716,0.6000000238418579,0.6100000143051147,0.5508955842234575
2025-07-15,WWR,0.6200000047683716,0.6399999856948853,0.6000000238418579,0.6200000047683716,0.5136648138534298
2025-07-21,WWR,1.0299999713897705,1.0399999618530273,0.9200000166893005,0.9800000190734863,0.8628467381920065
2025-07-31,WWR,0.7799999713897705,0.7900000214576721,0.7099999785423279,0.7099999785423279,0.7674581041440552
2025-08-04,WWR,0.7599999904632568,0.7799999713897705,0.7400000095367432,0.7699999809265137,0.5047938449259365
2025-08-13,WWR,0.7300000190734863,0.7400000095367432,0.7099999785423279,0.7300000190734863,0.5220462812886308
2025-08-22,WWR,0.8299999833106995,0.8500000238418579,0.7300000190734863,0.7400000095367432,0.5682257455969343
2025-08-25,WWR,0.7599999904632568,0.7699999809265137,0.7300000190734863,0.75,0.5859780930702898
2025-08-29,WWR,0.7799999713897705,0.7900000214576721,0.75,0.7900000214576721,0.5969378881217127
2025-09-03,WWR,0.8100000023841858,0.8100000023841858,0.7900000214576721,0.800000011920929,0.6384497149998215
2025-09-05,WWR,0.7799999713897705,0.7900000214576721,0.699999988079071,0.7200000286102295,0.6167083546721466
2025-09-08,WWR,0.7300000190734863,0.7400000095367432,0.6800000071525574,0.7200000286102295,0.5165048402501249
2025-09-10,WWR,0.7099999785423279,0.7099999785423279,0.6899999976158142,0.6899999976158142,0.556255472532787
2025-09-16,WWR,0.6899999976158142,0.7099999785423279,0.6700000166893005,0.6899999976158142,0.5011822451655694
2025-09-26,WWR,1.0700000524520874,1.149999976158142,1.0,1.0099999904632568,0.765031808698487
2025-09-29,WWR,1.0499999523162842,1.059999942779541,0.8700000047683716,0.9800000190734863,0.5790258064598462
2025-10-07,WWR,1.559999942779541,1.600000023841858,1.399999976158142,1.4600000381469727,0.7131399869618997
2025-10-08,WWR,1.5099999904632568,1.559999942779541,1.440000057220459,1.5299999713897705,0.6546509972572179
2025-10-10,WWR,2.1700000762939453,2.2799999713897705,1.8799999952316284,1.9800000190734863,0.7148936503614635
2025-10-16,WWR,2.5,2.5399999618530273,1.9500000476837158,2.0999999046325684,0.8901218187972894
2025-10-31,WWR,1.4600000381469727,1.5099999904632568,1.350000023841858,1.3799999952316284,0.5136661647289718
2025-11-05,WWR,1.1799999475479126,1.2000000476837158,1.1399999856948853,1.1799999475479126,0.5846133299466667
2025-11-20,WWR,1.0399999618530273,1.0499999523162842,0.8500000238418579,0.8799999952316284,0.9040429600530566
2025-11-26,WWR,0.8700000047683716,0.8999999761581421,0.8399999737739563,0.8799999952316284,0.5126369153089508
2025-12-01,WWR,0.9900000095367432,1.0,0.8500000238418579,0.8500000238418579,0.728548776196632
2025-12-03,WWR,0.9200000166893005,0.9200000166893005,0.8799999952316284,0.8899999856948853,0.563208734779246
2025-12-05,WWR,1.100000023841858,1.1799999475479126,1.0299999713897705,1.0399999618530273,0.7380912135840955
2025-12-16,WWR,0.8799999952316284,0.9300000071525574,0.8799999952316284,0.9100000262260437,0.600758590026484
2025-12-18,WWR,0.8500000238418579,0.8899999856948853,0.8500000238418579,0.8600000143051147,0.5065536321100811
2025-12-19,WWR,0.8700000047683716,0.9100000262260437,0.8700000047683716,0.8700000047683716,0.5544795615604631
2025-12-22,WWR,0.8899999856948853,0.9300000071525574,0.8600000143051147,0.8600000143051147,0.5513026458775825
2025-12-24,WWR,0.8700000047683716,0.8799999952316284,0.8500000238418579,0.8600000143051147,0.5563290636677892
2026-01-05,WWR,0.8600000143051147,0.8700000047683716,0.8199999928474426,0.8500000238418579,0.5643561283761842
2026-01-08,WWR,0.9599999785423279,0.9599999785423279,0.8899999856948853,0.9100000262260437,0.5043698325318179
