Feature,Importance
Feature_GapFreq,0.37454146730667687
Feature_Amihud,0.23373065841346696
Feature_Volatility,0.22061138795939242
Feature_DollarVol,0.17111648632046383
