Feature,Importance
Feature_GapFreq,0.5369119563770958
Feature_Volatility,0.23664891575154584
Feature_Amihud,0.13601505861621646
Feature_DollarVol,0.09042406925514206
