Strategy,Total Return,CAGR,Volatility (Ann.),Sharpe Ratio,Max Drawdown,Group,Win Rate
Weak Tail (IBS<=0.2),316.33655664417796,1.645506041608845,0.3385789355847055,2.9147439559549673,-0.19724201511844783,Group A (Final Pool),0.6367292225201072
Strong Tail (IBS>=0.8),0.4724734057202704,0.06753801973015672,0.227789096831489,0.23032433683311415,-0.5017602624339533,Group A (Final Pool),0.5368632707774799
Benchmark (All),10.64636134043257,0.5138414505937239,0.19949330274175742,1.9840612465139345,-0.2743170152545812,Group A (Final Pool),
Weak Tail (IBS<=0.2),38.15348178879151,0.8578908662618838,0.3729043382830593,1.7469738277344897,-0.37890566816221966,Group B (Toxic Pool),0.5361930294906166
Strong Tail (IBS>=0.8),0.1293226077350751,0.020753802549457356,0.6170411369696777,0.23042363504358465,-0.9095121050571499,Group B (Toxic Pool),0.39745308310991956
Benchmark (All),28.398183306674177,0.7701110464153005,0.34550953975662274,1.7091743001756856,-0.5002214286176877,Group B (Toxic Pool),
Weak Tail (IBS<=0.2),0.3254955248424811,0.048744720419537035,0.06504782378736601,0.1610513153790643,-0.08458030003915687,Group C (SPY Benchmark),0.1193029490616622
Strong Tail (IBS>=0.8),-0.07974270221650948,-0.01393794541470783,0.08402362727935277,-0.5905694514058285,-0.2884706766082524,Group C (SPY Benchmark),0.17627345844504022
Benchmark (All),0.6473100661319493,0.08796151055549317,0.13713848626356037,0.3981750164928773,-0.2941353524525706,Group C (SPY Benchmark),
